{"type":"FeatureCollection","features":[{"type":"Feature","id":"0058abd1-4971-4f62-b4db-81c0cd36571c","geometry":{"type":"Point","coordinates":[-97.08568079124774,28.142006541232778]},"properties":{"substrate":"Solid Reef","lease_number":null,"poll_year":2025}},{"type":"Feature","id":"0063c88d-5e32-4d65-aba9-ce4233d1d8f1","geometry":{"type":"Point","coordinates":[-97.09107260085557,28.148161646652763]},"properties":{"substrate":"Mud","lease_number":null,"poll_year":2025}},{"type":"Feature","id":"0068bd34-0c68-42cc-b9a6-c70516f9db65","geometry":{"type":"Point","coordinates":[-97.08675964724272,28.143626006343414]},"properties":{"substrate":"Solid Reef","lease_number":null,"poll_year":2025}},{"type":"Feature","id":"0084fd57-d542-46da-aec6-82b465d91b18","geometry":{"type":"Point","coordinates":[-97.09636098742477,28.13137754763014]},"properties":{"substrate":"Solid Reef","lease_number":null,"poll_year":2025}},{"type":"Feature","id":"008d513e-dbdd-46d7-8cdd-0fc5c047b758","geometry":{"type":"Point","coordinates":[-97.08726006634815,28.14508879607272]},"properties":{"substrate":"Solid Reef","lease_number":null,"poll_year":2025}},{"type":"Feature","id":"00a846f3-b833-48cb-8c44-8a410974e6a2","geometry":{"type":"Point","coordinates":[-97.08621585298378,28.14593577814091]},"properties":{"substrate":"Mud","lease_number":null,"poll_year":2025}},{"type":"Feature","id":"011cf7b2-14af-4396-bddf-91f99a1d6ca5","geometry":{"type":"Point","coordinates":[-97.08702006165707,28.14561344196657]},"properties":{"substrate":"Solid Reef","lease_number":null,"poll_year":2025}},{"type":"Feature","id":"0160d429-51eb-47ff-9d3b-f18aeb436af3","geometry":{"type":"Point","coordinates":[-97.08470159524869,28.143169582215087]},"properties":{"substrate":"Mud","lease_number":null,"poll_year":2025}},{"type":"Feature","id":"016c15a7-8fa5-4f3a-be9c-ca810b50fb6f","geometry":{"type":"Point","coordinates":[-97.08671498121015,28.144254153785454]},"properties":{"substrate":"Solid Reef","lease_number":null,"poll_year":2025}},{"type":"Feature","id":"01c8c2d4-66f1-4e8b-8d92-2ee2bd34fef2","geometry":{"type":"Point","coordinates":[-97.07597579536336,28.14614814717194]},"properties":{"substrate":"Mud","lease_number":null,"poll_year":2025}},{"type":"Feature","id":"01e99bee-6c4e-4908-a5e7-189470903bcc","geometry":{"type":"Point","coordinates":[-97.08774961763527,28.14935706767299]},"properties":{"substrate":"Mud","lease_number":null,"poll_year":2025}},{"type":"Feature","id":"01fbcd82-97a1-4579-8461-08b621690cbf","geometry":{"type":"Point","coordinates":[-97.07536033890096,28.140881332238205]},"properties":{"substrate":"Firm/Hard Bottom","lease_number":null,"poll_year":2025}},{"type":"Feature","id":"028ae24f-6e24-44ec-89fc-f837bbdfac7f","geometry":{"type":"Point","coordinates":[-97.08963557128547,28.148906612428497]},"properties":{"substrate":"Solid Reef","lease_number":null,"poll_year":2025}},{"type":"Feature","id":"0291087b-0fd8-4951-b71a-589416974190","geometry":{"type":"Point","coordinates":[-97.08524868093481,28.143913792988652]},"properties":{"substrate":"Mud","lease_number":null,"poll_year":2025}},{"type":"Feature","id":"02c4fb47-1116-4fc2-b520-cea39f8bde74","geometry":{"type":"Point","coordinates":[-97.0752760886054,28.144031602480315]},"properties":{"substrate":"Solid Reef","lease_number":null,"poll_year":2025}},{"type":"Feature","id":"02df8423-1a4f-4ddd-bfc1-fe2bd7e1c796","geometry":{"type":"Point","coordinates":[-97.08952051506387,28.144387689257616]},"properties":{"substrate":"Solid Reef","lease_number":null,"poll_year":2025}},{"type":"Feature","id":"02e979df-c89e-49d9-bbe8-a1f8e05e0ab8","geometry":{"type":"Point","coordinates":[-97.07523122135022,28.145195045244193]},"properties":{"substrate":"Mud","lease_number":null,"poll_year":2025}},{"type":"Feature","id":"02edfcb4-4653-4a3d-91ad-e21e7e8458b5","geometry":{"type":"Point","coordinates":[-97.0970028345936,28.131435221083173]},"properties":{"substrate":"Solid Reef","lease_number":null,"poll_year":2025}},{"type":"Feature","id":"03921b31-2e05-4608-900c-c52d8cac0070","geometry":{"type":"Point","coordinates":[-97.07640348506676,28.144075178414433]},"properties":{"substrate":"Mud","lease_number":null,"poll_year":2025}},{"type":"Feature","id":"039c336e-ef84-4eb7-83a2-555fbd38e637","geometry":{"type":"Point","coordinates":[-97.0881886584506,28.147137109952126]},"properties":{"substrate":"Solid Reef","lease_number":null,"poll_year":2025}},{"type":"Feature","id":"03abe6ba-fb42-409b-a94c-9c9708652b58","geometry":{"type":"Point","coordinates":[-97.0871146380868,28.14218481824534]},"properties":{"substrate":"Solid Reef","lease_number":null,"poll_year":2025}},{"type":"Feature","id":"03e90290-036e-4911-802b-599ab9de3358","geometry":{"type":"Point","coordinates":[-97.0771250074114,28.14211262236459]},"properties":{"substrate":"Solid Reef","lease_number":null,"poll_year":2025}},{"type":"Feature","id":"041522f5-f335-4a82-81a9-6de277d8e019","geometry":{"type":"Point","coordinates":[-97.08818214296984,28.143105146502993]},"properties":{"substrate":"Solid Reef","lease_number":null,"poll_year":2025}},{"type":"Feature","id":"044ea6ca-2766-43ab-bd12-e6de7e1dbbc6","geometry":{"type":"Point","coordinates":[-97.07699620427101,28.143793527051656]},"properties":{"substrate":"Mud","lease_number":null,"poll_year":2025}},{"type":"Feature","id":"0561422d-e19a-43c3-8068-90faf949d6d3","geometry":{"type":"Point","coordinates":[-97.0775724106437,28.143367409676706]},"properties":{"substrate":"Mud","lease_number":null,"poll_year":2025}},{"type":"Feature","id":"059b6e41-a6cd-485f-a47f-966a4235d892","geometry":{"type":"Point","coordinates":[-97.08538872828761,28.142223759467985]},"properties":{"substrate":"Solid Reef","lease_number":null,"poll_year":2025}},{"type":"Feature","id":"05af083f-683d-4543-bb64-73a1e8675113","geometry":{"type":"Point","coordinates":[-97.08972840139032,28.143880645827537]},"properties":{"substrate":"Mud","lease_number":null,"poll_year":2025}},{"type":"Feature","id":"0601c493-96da-40c0-999e-1eb6d84b9a0d","geometry":{"type":"Point","coordinates":[-97.08914257136597,28.147877439716137]},"properties":{"substrate":"Solid Reef","lease_number":null,"poll_year":2025}},{"type":"Feature","id":"070c994e-0250-43d4-993e-33326950ccd4","geometry":{"type":"Point","coordinates":[-97.08775423138258,28.142457313036928]},"properties":{"substrate":"Solid Reef","lease_number":null,"poll_year":2025}},{"type":"Feature","id":"0728fb7e-bcf1-485a-b158-55c0450b7e7b","geometry":{"type":"Point","coordinates":[-97.0913981179752,28.148903050504984]},"properties":{"substrate":"Solid Reef","lease_number":null,"poll_year":2025}},{"type":"Feature","id":"075b19fd-13fe-4a98-98d3-2f95b7c2f287","geometry":{"type":"Point","coordinates":[-97.09704265241855,28.131701835827215]},"properties":{"substrate":"Solid Reef","lease_number":null,"poll_year":2025}},{"type":"Feature","id":"07ad2161-2bec-4671-bc2c-6c728179c81f","geometry":{"type":"Point","coordinates":[-97.0872612099035,28.14864869147331]},"properties":{"substrate":"Mud","lease_number":null,"poll_year":2025}},{"type":"Feature","id":"07e50b2f-d41a-4975-955b-3faf4cc08362","geometry":{"type":"Point","coordinates":[-97.0856373496189,28.142965574341893]},"properties":{"substrate":"Solid Reef","lease_number":null,"poll_year":2025}},{"type":"Feature","id":"08037559-ab4e-42c2-bad4-9d95f55dac43","geometry":{"type":"Point","coordinates":[-97.07623426941669,28.14302531371733]},"properties":{"substrate":"Solid Reef","lease_number":null,"poll_year":2025}},{"type":"Feature","id":"080f42ed-1990-473d-8488-3d833c770710","geometry":{"type":"Point","coordinates":[-97.07587083620557,28.14127438203445]},"properties":{"substrate":"Solid Reef","lease_number":null,"poll_year":2025}},{"type":"Feature","id":"083b3541-a3f3-4363-8eab-31de7bbb96d3","geometry":{"type":"Point","coordinates":[-97.08861265248493,28.145964702835165]},"properties":{"substrate":"Solid Reef","lease_number":null,"poll_year":2025}},{"type":"Feature","id":"087f76dc-ae57-4fbe-b4dc-8797718ffa75","geometry":{"type":"Point","coordinates":[-97.096407162627,28.13316957157805]},"properties":{"substrate":"Solid Reef","lease_number":null,"poll_year":2025}},{"type":"Feature","id":"08833c8c-b6c1-410c-8400-595fddc8c03d","geometry":{"type":"Point","coordinates":[-97.08640844549251,28.146190107972277]},"properties":{"substrate":"Solid Reef","lease_number":null,"poll_year":2025}},{"type":"Feature","id":"08a5476c-b234-47b9-9851-b10d6825c183","geometry":{"type":"Point","coordinates":[-97.08873018087017,28.143111803391022]},"properties":{"substrate":"Solid Reef","lease_number":null,"poll_year":2025}},{"type":"Feature","id":"08e1751b-1c25-4ecc-8a33-40a711542c4b","geometry":{"type":"Point","coordinates":[-97.08925515272897,28.14870867084372]},"properties":{"substrate":"Solid Reef","lease_number":null,"poll_year":2025}},{"type":"Feature","id":"08e9d77a-74fc-43d6-9820-de2d18d0a8ef","geometry":{"type":"Point","coordinates":[-97.09179707057267,28.148174879008508]},"properties":{"substrate":"Mud","lease_number":null,"poll_year":2025}},{"type":"Feature","id":"08fb58b6-7c28-4777-bf25-1eca308801de","geometry":{"type":"Point","coordinates":[-97.0901441012796,28.14898167259285]},"properties":{"substrate":"Solid Reef","lease_number":null,"poll_year":2025}},{"type":"Feature","id":"09cee6c1-ca1a-4493-b2dc-9481f62464e5","geometry":{"type":"Point","coordinates":[-97.09643242235448,28.132039464337762]},"properties":{"substrate":"Solid Reef","lease_number":null,"poll_year":2025}},{"type":"Feature","id":"09e427b4-7ac7-402f-a491-433330099353","geometry":{"type":"Point","coordinates":[-97.07793555100405,28.141453711411074]},"properties":{"substrate":"Scattered Shell","lease_number":null,"poll_year":2025}},{"type":"Feature","id":"0a1e4792-7901-4461-b4c0-5b929601b859","geometry":{"type":"Point","coordinates":[-97.08768811986923,28.1435321782199]},"properties":{"substrate":"Solid Reef","lease_number":null,"poll_year":2025}},{"type":"Feature","id":"0ad1b1ba-1247-482a-8938-b07f2daa9f1e","geometry":{"type":"Point","coordinates":[-97.09009983140409,28.14665586818765]},"properties":{"substrate":"Solid Reef","lease_number":null,"poll_year":2025}},{"type":"Feature","id":"0b1f10d5-cb7a-43ad-be40-4074cbfbc9c4","geometry":{"type":"Point","coordinates":[-97.07557190293015,28.140205024061533]},"properties":{"substrate":"Mud","lease_number":null,"poll_year":2025}},{"type":"Feature","id":"0b7ceb1a-2d43-4366-adb9-7496f2453260","geometry":{"type":"Point","coordinates":[-97.07666188815317,28.143676998132356]},"properties":{"substrate":"Mud","lease_number":null,"poll_year":2025}},{"type":"Feature","id":"0b8fc227-dcbd-4906-8419-35f9e5174e74","geometry":{"type":"Point","coordinates":[-97.07715959254982,28.141045479619176]},"properties":{"substrate":"Solid Reef","lease_number":null,"poll_year":2025}},{"type":"Feature","id":"0bb4c4bc-98fb-4458-b211-d0c60893033b","geometry":{"type":"Point","coordinates":[-97.0890594834904,28.14479017669769]},"properties":{"substrate":"Solid Reef","lease_number":null,"poll_year":2025}},{"type":"Feature","id":"0c1db3d8-a655-4286-bbf1-c30597f427e8","geometry":{"type":"Point","coordinates":[-97.08876929800921,28.146969220611442]},"properties":{"substrate":"Solid Reef","lease_number":null,"poll_year":2025}},{"type":"Feature","id":"0c42309c-52cf-4bcb-9092-27750923be00","geometry":{"type":"Point","coordinates":[-97.0758629804384,28.142630713051673]},"properties":{"substrate":"Solid Reef","lease_number":null,"poll_year":2025}},{"type":"Feature","id":"0c55c4bb-600a-4df4-824d-c35d81493c1b","geometry":{"type":"Point","coordinates":[-97.08748584891165,28.14203606107621]},"properties":{"substrate":"Solid Reef","lease_number":null,"poll_year":2025}},{"type":"Feature","id":"0c6ecb76-d5f6-4ade-a5f2-d30c9d3eddad","geometry":{"type":"Point","coordinates":[-97.08990395824796,28.145675969607886]},"properties":{"substrate":"Solid Reef","lease_number":null,"poll_year":2025}},{"type":"Feature","id":"0cfffa62-436f-480e-a17e-44b5008ada9e","geometry":{"type":"Point","coordinates":[-97.08951824771611,28.146200555595158]},"properties":{"substrate":"Solid Reef","lease_number":null,"poll_year":2025}},{"type":"Feature","id":"0d24e89d-29d8-49b6-93b8-a865a35f8e54","geometry":{"type":"Point","coordinates":[-97.08614762414132,28.14175839901004]},"properties":{"substrate":"Solid Reef","lease_number":null,"poll_year":2025}},{"type":"Feature","id":"0d4e446b-f6d3-4c14-886c-3c94f5357da0","geometry":{"type":"Point","coordinates":[-97.07853506237015,28.142107827681237]},"properties":{"substrate":"Mud","lease_number":null,"poll_year":2025}},{"type":"Feature","id":"0d525012-a7e7-48b6-a514-bb4c91286754","geometry":{"type":"Point","coordinates":[-97.08625340705424,28.146445463741607]},"properties":{"substrate":"Mud","lease_number":null,"poll_year":2025}},{"type":"Feature","id":"0d82bd0f-fae7-4a6c-8e1d-0770f6ff1adb","geometry":{"type":"Point","coordinates":[-97.0865858438965,28.141116047611824]},"properties":{"substrate":"Solid Reef","lease_number":null,"poll_year":2025}},{"type":"Feature","id":"0d9134fe-e95f-4709-b928-163a64104826","geometry":{"type":"Point","coordinates":[-97.08826245055961,28.141358647257974]},"properties":{"substrate":"Solid Reef","lease_number":null,"poll_year":2025}},{"type":"Feature","id":"0dc99886-835a-4d02-9fa4-73d7951e0096","geometry":{"type":"Point","coordinates":[-97.09581391341675,28.132857632446402]},"properties":{"substrate":"Solid Reef","lease_number":null,"poll_year":2025}},{"type":"Feature","id":"0dd9dc87-6067-4c09-87ca-248a60a3adee","geometry":{"type":"Point","coordinates":[-97.07557363488202,28.147073424350626]},"properties":{"substrate":"Mud","lease_number":null,"poll_year":2025}},{"type":"Feature","id":"0e473e65-9fc9-40b8-91c1-b3d6b5203c19","geometry":{"type":"Point","coordinates":[-97.08463029955784,28.14266380435959]},"properties":{"substrate":"Solid Reef","lease_number":null,"poll_year":2025}},{"type":"Feature","id":"0eaf0c34-af91-4e9d-abac-2718ce366c26","geometry":{"type":"Point","coordinates":[-97.09013216536442,28.146352394529732]},"properties":{"substrate":"Solid Reef","lease_number":null,"poll_year":2025}},{"type":"Feature","id":"0ec67b8f-c46a-4ea3-a530-3cf2c5ac7d6b","geometry":{"type":"Point","coordinates":[-97.08887030368146,28.146344223375543]},"properties":{"substrate":"Solid Reef","lease_number":null,"poll_year":2025}},{"type":"Feature","id":"0f410dc5-24aa-4131-9985-5010f1e5f181","geometry":{"type":"Point","coordinates":[-97.09185963104568,28.148767354357894]},"properties":{"substrate":"Mud","lease_number":null,"poll_year":2025}},{"type":"Feature","id":"0f441ff7-67a6-4a15-bb7a-7e1a20cd4350","geometry":{"type":"Point","coordinates":[-97.0893369335558,28.145928620828393]},"properties":{"substrate":"Solid Reef","lease_number":null,"poll_year":2025}},{"type":"Feature","id":"0f6c8a9a-ecd1-4caf-ba59-4efcd444001b","geometry":{"type":"Point","coordinates":[-97.08639021687874,28.146614113511525]},"properties":{"substrate":"Mud","lease_number":null,"poll_year":2025}},{"type":"Feature","id":"0fa91dd0-294c-4de7-968e-5ac6140a652a","geometry":{"type":"Point","coordinates":[-97.0872764848566,28.14361553629044]},"properties":{"substrate":"Solid Reef","lease_number":null,"poll_year":2025}},{"type":"Feature","id":"0fdd3e4f-7aab-415b-a272-c43c136fa96b","geometry":{"type":"Point","coordinates":[-97.08906059290979,28.146115584470643]},"properties":{"substrate":"Solid Reef","lease_number":null,"poll_year":2025}},{"type":"Feature","id":"0fdf66a9-d8c8-43e3-8647-3cacc2ab30e9","geometry":{"type":"Point","coordinates":[-97.08865055061013,28.148911972343]},"properties":{"substrate":"Solid Reef","lease_number":null,"poll_year":2025}},{"type":"Feature","id":"1013f4bb-6cdb-4d21-9b98-cd798941524a","geometry":{"type":"Point","coordinates":[-97.08922165006044,28.145743246584374]},"properties":{"substrate":"Solid Reef","lease_number":null,"poll_year":2025}},{"type":"Feature","id":"1046315c-32cb-48d2-84cb-23c1d5d70204","geometry":{"type":"Point","coordinates":[-97.09101289792348,28.147321626338933]},"properties":{"substrate":"Solid Reef","lease_number":null,"poll_year":2025}},{"type":"Feature","id":"1054873d-6442-44db-ba55-2c22b740b531","geometry":{"type":"Point","coordinates":[-97.0884009986242,28.14563846332465]},"properties":{"substrate":"Solid Reef","lease_number":null,"poll_year":2025}},{"type":"Feature","id":"108d3fea-ab8b-4012-a726-8a6e06d13527","geometry":{"type":"Point","coordinates":[-97.07643181433755,28.143477455539294]},"properties":{"substrate":"Solid Reef","lease_number":null,"poll_year":2025}},{"type":"Feature","id":"10cef1e6-6d86-469b-86f1-92999617d857","geometry":{"type":"Point","coordinates":[-97.08744179463181,28.146765087697812]},"properties":{"substrate":"Solid Reef","lease_number":null,"poll_year":2025}},{"type":"Feature","id":"10e66007-bd39-4e6e-b591-d2cce1e9f1ad","geometry":{"type":"Point","coordinates":[-97.08833906966683,28.141191821394752]},"properties":{"substrate":"Solid Reef","lease_number":null,"poll_year":2025}},{"type":"Feature","id":"111dfa66-e705-4938-b722-75c591b996e2","geometry":{"type":"Point","coordinates":[-97.0905443663157,28.14771345250757]},"properties":{"substrate":"Solid Reef","lease_number":null,"poll_year":2025}},{"type":"Feature","id":"112e0530-965a-49dc-b3b6-c437844bd399","geometry":{"type":"Point","coordinates":[-97.0769913785213,28.14189894150494]},"properties":{"substrate":"Solid Reef","lease_number":null,"poll_year":2025}},{"type":"Feature","id":"12006485-25d4-4aef-a38e-6d675221de0a","geometry":{"type":"Point","coordinates":[-97.09051458267247,28.14658711217202]},"properties":{"substrate":"Solid Reef","lease_number":null,"poll_year":2025}},{"type":"Feature","id":"12362f3f-b241-4bcc-a908-51e5ad0b35bc","geometry":{"type":"Point","coordinates":[-97.08748648941045,28.142766279938776]},"properties":{"substrate":"Solid Reef","lease_number":null,"poll_year":2025}},{"type":"Feature","id":"12708c36-4cd2-4339-9ffd-a3f369c67d96","geometry":{"type":"Point","coordinates":[-97.09590636712748,28.13201064599812]},"properties":{"substrate":"Solid Reef","lease_number":null,"poll_year":2025}},{"type":"Feature","id":"128fa758-4947-4bd7-89db-8fe87732c003","geometry":{"type":"Point","coordinates":[-97.09708689803956,28.13198146958008]},"properties":{"substrate":"Solid Reef","lease_number":null,"poll_year":2025}},{"type":"Feature","id":"136fef9f-bbe1-474e-a4ba-d9cb34702601","geometry":{"type":"Point","coordinates":[-97.07718977414675,28.141741482505537]},"properties":{"substrate":"Mud","lease_number":null,"poll_year":2025}},{"type":"Feature","id":"137fded0-917d-45d7-a295-00e9f8f69401","geometry":{"type":"Point","coordinates":[-97.07581426480054,28.14084754885344]},"properties":{"substrate":"Solid Reef","lease_number":null,"poll_year":2025}},{"type":"Feature","id":"13bb77de-ad4b-4c50-b06a-14238cbd9943","geometry":{"type":"Point","coordinates":[-97.07665996216522,28.145014328043512]},"properties":{"substrate":"Mud","lease_number":null,"poll_year":2025}},{"type":"Feature","id":"142fc40f-6643-411f-8e84-fb9c5c2c085f","geometry":{"type":"Point","coordinates":[-97.07568363987676,28.14389416386952]},"properties":{"substrate":"Solid Reef","lease_number":null,"poll_year":2025}},{"type":"Feature","id":"1436ea52-3672-47c1-a9e1-41feddb75985","geometry":{"type":"Point","coordinates":[-97.0765383221909,28.144284574420137]},"properties":{"substrate":"Mud","lease_number":null,"poll_year":2025}},{"type":"Feature","id":"14473fad-5350-4d59-9f88-7e100bf5f6fa","geometry":{"type":"Point","coordinates":[-97.0781735326891,28.14229797516832]},"properties":{"substrate":"Buried Shell","lease_number":null,"poll_year":2025}},{"type":"Feature","id":"1487281b-a968-4d3d-b4b4-7c6524ce1b4a","geometry":{"type":"Point","coordinates":[-97.09710011046077,28.133123100530987]},"properties":{"substrate":"Solid Reef","lease_number":null,"poll_year":2025}},{"type":"Feature","id":"14a34e43-e766-4b66-be1e-832181f67176","geometry":{"type":"Point","coordinates":[-97.08851607011717,28.142758419811052]},"properties":{"substrate":"Solid Reef","lease_number":null,"poll_year":2025}},{"type":"Feature","id":"14ab338d-98d7-47f5-acfc-c41f1d0b12d9","geometry":{"type":"Point","coordinates":[-97.08717325405742,28.1416080577997]},"properties":{"substrate":"Solid Reef","lease_number":null,"poll_year":2025}},{"type":"Feature","id":"14dbee6b-55bf-48b0-9dd3-92506bf74b6c","geometry":{"type":"Point","coordinates":[-97.08654246514975,28.14178858509411]},"properties":{"substrate":"Solid Reef","lease_number":null,"poll_year":2025}},{"type":"Feature","id":"153b4afc-08fb-47f2-b1b6-c95b94d6b43f","geometry":{"type":"Point","coordinates":[-97.08648665910934,28.14676595978058]},"properties":{"substrate":"Mud","lease_number":null,"poll_year":2025}},{"type":"Feature","id":"158f3f05-d5e0-447e-95b6-f9fdee0ad2dd","geometry":{"type":"Point","coordinates":[-97.08932629750282,28.14447356633049]},"properties":{"substrate":"Solid Reef","lease_number":null,"poll_year":2025}},{"type":"Feature","id":"15d24fef-616e-4d4f-8dd3-a93d2c1ab872","geometry":{"type":"Point","coordinates":[-97.08838566078904,28.14772953401356]},"properties":{"substrate":"Solid Reef","lease_number":null,"poll_year":2025}},{"type":"Feature","id":"166e39d2-7b85-4bf4-a061-c251718d64cf","geometry":{"type":"Point","coordinates":[-97.08496944951023,28.142334488516745]},"properties":{"substrate":"Solid Reef","lease_number":null,"poll_year":2025}},{"type":"Feature","id":"166e803e-bea1-4847-8ee0-37ef5468950e","geometry":{"type":"Point","coordinates":[-97.08868362837552,28.1485488100047]},"properties":{"substrate":"Solid Reef","lease_number":null,"poll_year":2025}},{"type":"Feature","id":"178cd86a-bc27-4274-916f-bdfa925d1d50","geometry":{"type":"Point","coordinates":[-97.08885578151656,28.142713227431944]},"properties":{"substrate":"Mud","lease_number":null,"poll_year":2025}},{"type":"Feature","id":"17b76dc2-40e0-4107-bff5-56ae22d39f68","geometry":{"type":"Point","coordinates":[-97.07707019131445,28.143990055104144]},"properties":{"substrate":"Mud","lease_number":null,"poll_year":2025}},{"type":"Feature","id":"18634b15-bae3-49ab-b2f6-418153031d9e","geometry":{"type":"Point","coordinates":[-97.08789299144956,28.141588276962974]},"properties":{"substrate":"Solid Reef","lease_number":null,"poll_year":2025}},{"type":"Feature","id":"187c122f-0823-4f84-a20d-d317e3f2b5ac","geometry":{"type":"Point","coordinates":[-97.09041891568795,28.14571262358889]},"properties":{"substrate":"Mud","lease_number":null,"poll_year":2025}},{"type":"Feature","id":"189448e3-712d-47a9-8b43-833b568619a1","geometry":{"type":"Point","coordinates":[-97.08662889924975,28.140714224426436]},"properties":{"substrate":"Solid Reef","lease_number":null,"poll_year":2025}},{"type":"Feature","id":"18ab3ef0-94e6-4746-be6c-a00f71a02a62","geometry":{"type":"Point","coordinates":[-97.08676080517111,28.14458105574658]},"properties":{"substrate":"Solid Reef","lease_number":null,"poll_year":2025}},{"type":"Feature","id":"19084492-d604-4055-95bd-d8f03bdf2c2e","geometry":{"type":"Point","coordinates":[-97.08738115296023,28.141198879216216]},"properties":{"substrate":"Solid Reef","lease_number":null,"poll_year":2025}},{"type":"Feature","id":"1965e5c0-8de5-46d9-a09b-9b78aa982853","geometry":{"type":"Point","coordinates":[-97.07703479948886,28.140869405197197]},"properties":{"substrate":"Solid Reef","lease_number":null,"poll_year":2025}},{"type":"Feature","id":"196e2787-1a65-401c-ab5f-1c62f729ab75","geometry":{"type":"Point","coordinates":[-97.09030146725276,28.145085830469633]},"properties":{"substrate":"Mud","lease_number":null,"poll_year":2025}},{"type":"Feature","id":"199972e5-6d6d-475e-ba4f-b5cb67a53249","geometry":{"type":"Point","coordinates":[-97.07583363247807,28.143352721625217]},"properties":{"substrate":"Solid Reef","lease_number":null,"poll_year":2025}},{"type":"Feature","id":"19a4aff8-75ab-4d0d-811b-8f507962ff20","geometry":{"type":"Point","coordinates":[-97.08480414871816,28.14250768119647]},"properties":{"substrate":"Solid Reef","lease_number":null,"poll_year":2025}},{"type":"Feature","id":"19d7b1a1-66bb-48c1-8352-91b28aa3f803","geometry":{"type":"Point","coordinates":[-97.08807499102446,28.141847579742194]},"properties":{"substrate":"Solid Reef","lease_number":null,"poll_year":2025}},{"type":"Feature","id":"1ad202b8-c0d6-45e5-a993-534341b3de58","geometry":{"type":"Point","coordinates":[-97.08837620781729,28.141788274583366]},"properties":{"substrate":"Solid Reef","lease_number":null,"poll_year":2025}},{"type":"Feature","id":"1adac917-a4c6-4183-859e-1e1014ce6b4f","geometry":{"type":"Point","coordinates":[-97.07732053651274,28.142757027278037]},"properties":{"substrate":"Mud","lease_number":null,"poll_year":2025}},{"type":"Feature","id":"1b19f7db-01e7-4a40-a79d-a602692f1b5e","geometry":{"type":"Point","coordinates":[-97.0876569492272,28.14657509546878]},"properties":{"substrate":"Solid Reef","lease_number":null,"poll_year":2025}},{"type":"Feature","id":"1bea2942-162e-4ec8-8306-53252a06484e","geometry":{"type":"Point","coordinates":[-97.07557359984771,28.141207329590397]},"properties":{"substrate":"Mud","lease_number":null,"poll_year":2025}},{"type":"Feature","id":"1c15a1d1-0b85-4c26-ac97-dd86b8bec311","geometry":{"type":"Point","coordinates":[-97.08988285682194,28.146336483907405]},"properties":{"substrate":"Solid Reef","lease_number":null,"poll_year":2025}},{"type":"Feature","id":"1c8ff794-1626-4e04-8b24-48f6489e7afd","geometry":{"type":"Point","coordinates":[-97.07604614961977,28.14635056798059]},"properties":{"substrate":"Mud","lease_number":null,"poll_year":2025}},{"type":"Feature","id":"1cc9690c-dfe4-4d2c-9e76-95ada46901e8","geometry":{"type":"Point","coordinates":[-97.07723680544345,28.142295398416664]},"properties":{"substrate":"Solid Reef","lease_number":null,"poll_year":2025}},{"type":"Feature","id":"1d3755e4-1497-4e0b-ae5e-65d91d43d781","geometry":{"type":"Point","coordinates":[-97.08784620269799,28.140602857624003]},"properties":{"substrate":"Solid Reef","lease_number":null,"poll_year":2025}},{"type":"Feature","id":"1d4dc14d-f8cb-4dd7-9416-a0476f703bbc","geometry":{"type":"Point","coordinates":[-97.08976315271708,28.14616517862517]},"properties":{"substrate":"Solid Reef","lease_number":null,"poll_year":2025}},{"type":"Feature","id":"1d532ff8-b8a4-45a8-923d-7013ce8777ee","geometry":{"type":"Point","coordinates":[-97.087903537671,28.14341641894448]},"properties":{"substrate":"Solid Reef","lease_number":null,"poll_year":2025}},{"type":"Feature","id":"1d54d170-41fe-4220-9d9f-d0606c5de702","geometry":{"type":"Point","coordinates":[-97.08754037575109,28.149056684388583]},"properties":{"substrate":"Mud","lease_number":null,"poll_year":2025}},{"type":"Feature","id":"1d61527a-d884-4d80-bbeb-68afec8da90f","geometry":{"type":"Point","coordinates":[-97.08563063022059,28.142656952583952]},"properties":{"substrate":"Solid Reef","lease_number":null,"poll_year":2025}},{"type":"Feature","id":"1e6963e2-85d8-4672-b8b0-dbdd3648fc2e","geometry":{"type":"Point","coordinates":[-97.07826343608275,28.142806031280312]},"properties":{"substrate":"Buried Shell","lease_number":null,"poll_year":2025}},{"type":"Feature","id":"1e6de400-59b6-44ae-8fd9-41b2a28cf929","geometry":{"type":"Point","coordinates":[-97.08732920698061,28.143280553463306]},"properties":{"substrate":"Solid Reef","lease_number":null,"poll_year":2025}},{"type":"Feature","id":"1eb92988-380b-45a8-9394-1e0904af4a40","geometry":{"type":"Point","coordinates":[-97.09683203341704,28.132706520623167]},"properties":{"substrate":"Solid Reef","lease_number":null,"poll_year":2025}},{"type":"Feature","id":"1ec6c57c-a7e0-4ed3-bdf8-a4c3fd01c927","geometry":{"type":"Point","coordinates":[-97.08814048359855,28.144179273283115]},"properties":{"substrate":"Solid Reef","lease_number":null,"poll_year":2025}},{"type":"Feature","id":"1fd3b640-03d0-4b19-9601-92e30ec5382a","geometry":{"type":"Point","coordinates":[-97.09614867599727,28.130867052799335]},"properties":{"substrate":"Solid Reef","lease_number":null,"poll_year":2025}},{"type":"Feature","id":"201f4759-59fd-4d60-8a55-e181e6ffab2a","geometry":{"type":"Point","coordinates":[-97.08681707294556,28.14612843133275]},"properties":{"substrate":"Solid Reef","lease_number":null,"poll_year":2025}},{"type":"Feature","id":"203c6d5a-20a0-48f1-a56c-037655f4a04d","geometry":{"type":"Point","coordinates":[-97.07674708437474,28.143256294354764]},"properties":{"substrate":"Mud","lease_number":null,"poll_year":2025}},{"type":"Feature","id":"205504d3-b465-492b-864f-5916cfc402e1","geometry":{"type":"Point","coordinates":[-97.08612156940482,28.144293502979735]},"properties":{"substrate":"Solid Reef","lease_number":null,"poll_year":2025}},{"type":"Feature","id":"2085dda0-86d8-48a2-a75f-d77389bd7b63","geometry":{"type":"Point","coordinates":[-97.08677256501649,28.143133367776546]},"properties":{"substrate":"Solid Reef","lease_number":null,"poll_year":2025}},{"type":"Feature","id":"20acdd65-855a-4bce-ae17-306e197d8352","geometry":{"type":"Point","coordinates":[-97.09079119371137,28.146987997680142]},"properties":{"substrate":"Solid Reef","lease_number":null,"poll_year":2025}},{"type":"Feature","id":"20baf3d7-6f24-4589-9aab-978576dd646b","geometry":{"type":"Point","coordinates":[-97.08851288469114,28.14440571349193]},"properties":{"substrate":"Solid Reef","lease_number":null,"poll_year":2025}},{"type":"Feature","id":"20e135c9-9146-4a32-b968-00bea2361e7c","geometry":{"type":"Point","coordinates":[-97.07540357212063,28.14135470248828]},"properties":{"substrate":"Mud","lease_number":null,"poll_year":2025}},{"type":"Feature","id":"21b1ea74-54ce-4620-8467-6a12a036fdd5","geometry":{"type":"Point","coordinates":[-97.08788903437075,28.147441330691674]},"properties":{"substrate":"Solid Reef","lease_number":null,"poll_year":2025}},{"type":"Feature","id":"21ed9f65-fa78-44e7-aa95-4ce3f4e1f64f","geometry":{"type":"Point","coordinates":[-97.07620936452375,28.141088055522882]},"properties":{"substrate":"Solid Reef","lease_number":null,"poll_year":2025}},{"type":"Feature","id":"222f12d0-3351-4b1b-b52a-d550bdf255d3","geometry":{"type":"Point","coordinates":[-97.08891870940053,28.143447893319344]},"properties":{"substrate":"Solid Reef","lease_number":null,"poll_year":2025}},{"type":"Feature","id":"2233f059-6f77-47ad-b355-6bef3d234c82","geometry":{"type":"Point","coordinates":[-97.09007888628493,28.147756584173678]},"properties":{"substrate":"Solid Reef","lease_number":null,"poll_year":2025}},{"type":"Feature","id":"226da0f2-b918-4b78-9e16-124bcc1c4f8f","geometry":{"type":"Point","coordinates":[-97.0755236112971,28.141928260972115]},"properties":{"substrate":"Scattered Shell","lease_number":null,"poll_year":2025}},{"type":"Feature","id":"22e4e6ce-231b-45d8-a1b8-93cd34653253","geometry":{"type":"Point","coordinates":[-97.09583966452269,28.132612595003096]},"properties":{"substrate":"Solid Reef","lease_number":null,"poll_year":2025}},{"type":"Feature","id":"22e9fbb0-b46b-46d8-bb8a-a3ff2dc84457","geometry":{"type":"Point","coordinates":[-97.07582552428433,28.145717993168343]},"properties":{"substrate":"Mud","lease_number":null,"poll_year":2025}},{"type":"Feature","id":"233270fe-69c4-45bf-b503-627693fe0df7","geometry":{"type":"Point","coordinates":[-97.07533345501945,28.143943888165524]},"properties":{"substrate":"Solid Reef","lease_number":null,"poll_year":2025}},{"type":"Feature","id":"235310ee-8809-493b-9d10-94278990b91d","geometry":{"type":"Point","coordinates":[-97.07605541664024,28.14046403155649]},"properties":{"substrate":"Solid Reef","lease_number":null,"poll_year":2025}},{"type":"Feature","id":"23851dab-eb7b-4fa1-97cd-413431d827fb","geometry":{"type":"Point","coordinates":[-97.08747591983283,28.1446780735215]},"properties":{"substrate":"Solid Reef","lease_number":null,"poll_year":2025}},{"type":"Feature","id":"238eedfd-3bf5-4b17-953c-be4a237a2cd5","geometry":{"type":"Point","coordinates":[-97.07813752551759,28.14149831656751]},"properties":{"substrate":"Solid Reef","lease_number":null,"poll_year":2025}},{"type":"Feature","id":"2395a47f-e98a-4b50-959d-8c7604b74597","geometry":{"type":"Point","coordinates":[-97.0872685221899,28.14289280708316]},"properties":{"substrate":"Solid Reef","lease_number":null,"poll_year":2025}},{"type":"Feature","id":"239de057-e597-40ed-8f77-9a105670d1d1","geometry":{"type":"Point","coordinates":[-97.0898760484904,28.14736451024244]},"properties":{"substrate":"Solid Reef","lease_number":null,"poll_year":2025}},{"type":"Feature","id":"23c221b4-30ce-448f-8313-b49f482e110e","geometry":{"type":"Point","coordinates":[-97.09024116424605,28.149140384291645]},"properties":{"substrate":"Solid Reef","lease_number":null,"poll_year":2025}},{"type":"Feature","id":"241a2670-5e69-4048-a7c3-0668dab3b2bc","geometry":{"type":"Point","coordinates":[-97.09612266168496,28.13139656588291]},"properties":{"substrate":"Solid Reef","lease_number":null,"poll_year":2025}},{"type":"Feature","id":"24274563-ee0d-4017-a43d-5a54dfdd1bbd","geometry":{"type":"Point","coordinates":[-97.08809179221521,28.145589222990957]},"properties":{"substrate":"Solid Reef","lease_number":null,"poll_year":2025}},{"type":"Feature","id":"24609f31-7033-4250-80a0-3398de0feb0b","geometry":{"type":"Point","coordinates":[-97.09007533075302,28.145002482256423]},"properties":{"substrate":"Mud","lease_number":null,"poll_year":2025}},{"type":"Feature","id":"24bcd748-ab67-4417-87ac-34cd8555e900","geometry":{"type":"Point","coordinates":[-97.07764678306438,28.14356013481749]},"properties":{"substrate":"Mud","lease_number":null,"poll_year":2025}},{"type":"Feature","id":"250fdff8-8d58-4544-b95c-5d53891591d7","geometry":{"type":"Point","coordinates":[-97.08777405989584,28.143924855505805]},"properties":{"substrate":"Solid Reef","lease_number":null,"poll_year":2025}},{"type":"Feature","id":"2533a074-4151-4722-aab0-40765e5d48d8","geometry":{"type":"Point","coordinates":[-97.09067098834656,28.14833111113716]},"properties":{"substrate":"Solid Reef","lease_number":null,"poll_year":2025}},{"type":"Feature","id":"255248dd-7e9e-43a4-90a8-2d97daeef24f","geometry":{"type":"Point","coordinates":[-97.09626082976217,28.1317445802203]},"properties":{"substrate":"Solid Reef","lease_number":null,"poll_year":2025}},{"type":"Feature","id":"255ec5cf-6980-4a77-8ae5-d83e19a04164","geometry":{"type":"Point","coordinates":[-97.09142913141207,28.149410951723063]},"properties":{"substrate":"Solid Reef","lease_number":null,"poll_year":2025}},{"type":"Feature","id":"256df6fc-bdff-4b20-a827-a39f2d786016","geometry":{"type":"Point","coordinates":[-97.07650087322332,28.144964859299265]},"properties":{"substrate":"Mud","lease_number":null,"poll_year":2025}},{"type":"Feature","id":"261f838c-ead4-4ce1-adfd-0436448c5020","geometry":{"type":"Point","coordinates":[-97.08806639504547,28.148450050806073]},"properties":{"substrate":"Solid Reef","lease_number":null,"poll_year":2025}},{"type":"Feature","id":"26b699ff-a1c4-42f3-98e5-228e51af56cd","geometry":{"type":"Point","coordinates":[-97.09151187433459,28.148058702576243]},"properties":{"substrate":"Solid Reef","lease_number":null,"poll_year":2025}},{"type":"Feature","id":"26fe44d3-f210-4565-a733-c60a9f8e9aa7","geometry":{"type":"Point","coordinates":[-97.08620863412216,28.141200110968388]},"properties":{"substrate":"Solid Reef","lease_number":null,"poll_year":2025}},{"type":"Feature","id":"2720e9fb-302c-45ae-ad99-d0c173d911a2","geometry":{"type":"Point","coordinates":[-97.08734560303118,28.145223814095996]},"properties":{"substrate":"Solid Reef","lease_number":null,"poll_year":2025}},{"type":"Feature","id":"275aae25-9300-405b-8900-e1e570882e38","geometry":{"type":"Point","coordinates":[-97.07688075638394,28.13970567701582]},"properties":{"substrate":"Firm/Hard Bottom","lease_number":null,"poll_year":2025}},{"type":"Feature","id":"275cb4e6-54c2-46d3-ae5c-fc9c6faf46a6","geometry":{"type":"Point","coordinates":[-97.08838717175536,28.144878059035932]},"properties":{"substrate":"Solid Reef","lease_number":null,"poll_year":2025}},{"type":"Feature","id":"277c5a0a-9641-438d-99c7-6384c7def69c","geometry":{"type":"Point","coordinates":[-97.07721599237664,28.144503365104992]},"properties":{"substrate":"Mud","lease_number":null,"poll_year":2025}},{"type":"Feature","id":"27931ff4-b2c2-4949-b3c4-194609bbdb24","geometry":{"type":"Point","coordinates":[-97.09538947651298,28.132359454491176]},"properties":{"substrate":"Solid Reef","lease_number":null,"poll_year":2025}},{"type":"Feature","id":"283926aa-1167-432d-84b6-e1af98baa4ed","geometry":{"type":"Point","coordinates":[-97.08790184704165,28.14777581813159]},"properties":{"substrate":"Solid Reef","lease_number":null,"poll_year":2025}},{"type":"Feature","id":"2848589a-3f51-41ce-8ac7-8ecbde3fa782","geometry":{"type":"Point","coordinates":[-97.09152706304941,28.149069829506537]},"properties":{"substrate":"Solid Reef","lease_number":null,"poll_year":2025}},{"type":"Feature","id":"284a8abe-3595-43bb-b1ef-7148ac57da17","geometry":{"type":"Point","coordinates":[-97.09040862548638,28.14568216058694]},"properties":{"substrate":"Mud","lease_number":null,"poll_year":2025}},{"type":"Feature","id":"2863bad6-29be-42bb-bd52-e45adcbd0de1","geometry":{"type":"Point","coordinates":[-97.08912633521552,28.148525142973224]},"properties":{"substrate":"Solid Reef","lease_number":null,"poll_year":2025}},{"type":"Feature","id":"2883e796-341b-4c46-9fc5-b1421048b59e","geometry":{"type":"Point","coordinates":[-97.07762205334292,28.140728245868747]},"properties":{"substrate":"Solid Reef","lease_number":null,"poll_year":2025}},{"type":"Feature","id":"2894c42f-acea-48a0-a5bf-74da5ec092c3","geometry":{"type":"Point","coordinates":[-97.08708462357653,28.144135927100873]},"properties":{"substrate":"Solid Reef","lease_number":null,"poll_year":2025}},{"type":"Feature","id":"289ddc27-17c8-464e-abcc-9151a1bf71c9","geometry":{"type":"Point","coordinates":[-97.09055440498899,28.14819380081497]},"properties":{"substrate":"Solid Reef","lease_number":null,"poll_year":2025}},{"type":"Feature","id":"28bb8165-722a-4e46-8ebf-f2800516afcc","geometry":{"type":"Point","coordinates":[-97.07600922886161,28.14523687255411]},"properties":{"substrate":"Mud","lease_number":null,"poll_year":2025}},{"type":"Feature","id":"293427ee-227c-4614-887e-501643d2c528","geometry":{"type":"Point","coordinates":[-97.07590371544329,28.139927551321758]},"properties":{"substrate":"Solid Reef","lease_number":null,"poll_year":2025}},{"type":"Feature","id":"296b3e3f-c255-475f-bd39-5c25dcdcadc7","geometry":{"type":"Point","coordinates":[-97.08853098843908,28.142258959513782]},"properties":{"substrate":"Solid Reef","lease_number":null,"poll_year":2025}},{"type":"Feature","id":"29734af5-8eed-4343-905c-0b35b13b4e85","geometry":{"type":"Point","coordinates":[-97.09041293739973,28.146430578883088]},"properties":{"substrate":"Solid Reef","lease_number":null,"poll_year":2025}},{"type":"Feature","id":"297669f5-73dd-4be0-b959-306bebb23b16","geometry":{"type":"Point","coordinates":[-97.0874817732552,28.147753624188994]},"properties":{"substrate":"Solid Reef","lease_number":null,"poll_year":2025}},{"type":"Feature","id":"29773517-6d48-4f5f-b49e-d85b6724c277","geometry":{"type":"Point","coordinates":[-97.08683266680059,28.140381197799627]},"properties":{"substrate":"Solid Reef","lease_number":null,"poll_year":2025}},{"type":"Feature","id":"297ff60e-b6d4-4c05-ba19-735b8bf185dc","geometry":{"type":"Point","coordinates":[-97.08495731057579,28.143155109590143]},"properties":{"substrate":"Mud","lease_number":null,"poll_year":2025}},{"type":"Feature","id":"29e46ccd-d396-4c89-b286-ab584c0f8cf2","geometry":{"type":"Point","coordinates":[-97.09018701739399,28.149353284778783]},"properties":{"substrate":"Solid Reef","lease_number":null,"poll_year":2025}},{"type":"Feature","id":"29f48b5d-6b6f-4937-9788-6cce64230bd1","geometry":{"type":"Point","coordinates":[-97.0753545807,28.142713168023512]},"properties":{"substrate":"Solid Reef","lease_number":null,"poll_year":2025}},{"type":"Feature","id":"2ab8a32a-7500-4c01-a9fb-32f2c59dbe23","geometry":{"type":"Point","coordinates":[-97.09706574271462,28.131829192789983]},"properties":{"substrate":"Solid Reef","lease_number":null,"poll_year":2025}},{"type":"Feature","id":"2afd9ef8-b356-40a9-ac0b-54314d3b3dae","geometry":{"type":"Point","coordinates":[-97.08752709595625,28.14764077401881]},"properties":{"substrate":"Solid Reef","lease_number":null,"poll_year":2025}},{"type":"Feature","id":"2b064834-6a18-4544-965a-a17f5ee3d97e","geometry":{"type":"Point","coordinates":[-97.08770748125855,28.14858735525521]},"properties":{"substrate":"Solid Reef","lease_number":null,"poll_year":2025}},{"type":"Feature","id":"2b248ef9-59ec-4bc5-84a4-a8ff12dd831a","geometry":{"type":"Point","coordinates":[-97.09514199963537,28.132613406994842]},"properties":{"substrate":"Solid Reef","lease_number":null,"poll_year":2025}},{"type":"Feature","id":"2b263eeb-aa35-47c4-92a2-9a4508dd4908","geometry":{"type":"Point","coordinates":[-97.08575625871475,28.145475522209537]},"properties":{"substrate":"Mud","lease_number":null,"poll_year":2025}},{"type":"Feature","id":"2b9e61fc-0491-4d35-b29d-8d5974edce05","geometry":{"type":"Point","coordinates":[-97.07638106581221,28.14637287072962]},"properties":{"substrate":"Mud","lease_number":null,"poll_year":2025}},{"type":"Feature","id":"2bda667f-5e3f-4cd8-9292-666958ce73a6","geometry":{"type":"Point","coordinates":[-97.08987738967512,28.149259029998024]},"properties":{"substrate":"Solid Reef","lease_number":null,"poll_year":2025}},{"type":"Feature","id":"2c48ca04-17d9-479c-ba6e-be8da8d52a6f","geometry":{"type":"Point","coordinates":[-97.08784666353372,28.146615203418488]},"properties":{"substrate":"Solid Reef","lease_number":null,"poll_year":2025}},{"type":"Feature","id":"2c8981a7-faf9-4152-90d4-1e0177619a41","geometry":{"type":"Point","coordinates":[-97.08719775830171,28.141003528685218]},"properties":{"substrate":"Solid Reef","lease_number":null,"poll_year":2025}},{"type":"Feature","id":"2d114384-8f4d-4c91-8d4e-77049dd61fe6","geometry":{"type":"Point","coordinates":[-97.0881732532418,28.14115263819917]},"properties":{"substrate":"Solid Reef","lease_number":null,"poll_year":2025}},{"type":"Feature","id":"2d51329b-c03c-4a97-ba0f-be48a1a8a56d","geometry":{"type":"Point","coordinates":[-97.09685567617701,28.13030118127192]},"properties":{"substrate":"Solid Reef","lease_number":null,"poll_year":2025}},{"type":"Feature","id":"2d5cf242-efcb-4136-9a06-6741e0fb794d","geometry":{"type":"Point","coordinates":[-97.08645310703348,28.14602848573068]},"properties":{"substrate":"Solid Reef","lease_number":null,"poll_year":2025}},{"type":"Feature","id":"2db2bc37-ea59-422c-a346-56366d9d00f7","geometry":{"type":"Point","coordinates":[-97.08621448215467,28.144211779541862]},"properties":{"substrate":"Solid Reef","lease_number":null,"poll_year":2025}},{"type":"Feature","id":"2dbc898f-f48c-43f9-9dd9-bf9abf90f649","geometry":{"type":"Point","coordinates":[-97.07595193521108,28.141056779277864]},"properties":{"substrate":"Solid Reef","lease_number":null,"poll_year":2025}},{"type":"Feature","id":"2dc360e1-7ae6-401c-84e0-417033e25397","geometry":{"type":"Point","coordinates":[-97.08704556303134,28.143542027269696]},"properties":{"substrate":"Solid Reef","lease_number":null,"poll_year":2025}},{"type":"Feature","id":"2dc5ce59-7966-4b68-9154-86abc8f666c6","geometry":{"type":"Point","coordinates":[-97.08834185444422,28.149091814863173]},"properties":{"substrate":"Solid Reef","lease_number":null,"poll_year":2025}},{"type":"Feature","id":"2e30e66c-8230-43ad-9715-102f3ea4581d","geometry":{"type":"Point","coordinates":[-97.09697159567958,28.132350770515526]},"properties":{"substrate":"Solid Reef","lease_number":null,"poll_year":2025}},{"type":"Feature","id":"2e544d97-3951-476d-bee6-7042996d35a6","geometry":{"type":"Point","coordinates":[-97.07549552097818,28.14736682073395]},"properties":{"substrate":"Mud","lease_number":null,"poll_year":2025}},{"type":"Feature","id":"2e54c0d3-0068-4be6-b3be-4c6ee2fda90f","geometry":{"type":"Point","coordinates":[-97.0783183572826,28.141774238229544]},"properties":{"substrate":"Solid Reef","lease_number":null,"poll_year":2025}},{"type":"Feature","id":"2e5ac470-b07f-4b00-a089-5a3dcbb20f17","geometry":{"type":"Point","coordinates":[-97.0970517945732,28.13046746400552]},"properties":{"substrate":"Solid Reef","lease_number":null,"poll_year":2025}},{"type":"Feature","id":"2e72d49d-5604-46b1-ba55-16e8fb46d09c","geometry":{"type":"Point","coordinates":[-97.08942756099154,28.146064018787097]},"properties":{"substrate":"Solid Reef","lease_number":null,"poll_year":2025}},{"type":"Feature","id":"2ef1f714-9cdd-41cf-a8ed-54934002aee7","geometry":{"type":"Point","coordinates":[-97.09052907159966,28.14913955499971]},"properties":{"substrate":"Solid Reef","lease_number":null,"poll_year":2025}},{"type":"Feature","id":"2f6ecbc1-dd85-4fbc-b1e5-4d93647cda51","geometry":{"type":"Point","coordinates":[-97.08920177573309,28.146834127164524]},"properties":{"substrate":"Solid Reef","lease_number":null,"poll_year":2025}},{"type":"Feature","id":"2f775e22-f99e-4097-9853-4d7720b0f93b","geometry":{"type":"Point","coordinates":[-97.08561750134271,28.141880066113462]},"properties":{"substrate":"Solid Reef","lease_number":null,"poll_year":2025}},{"type":"Feature","id":"2ff36886-f94e-4ec8-9e3e-a3632a29c116","geometry":{"type":"Point","coordinates":[-97.0888626832729,28.1448765279136]},"properties":{"substrate":"Solid Reef","lease_number":null,"poll_year":2025}},{"type":"Feature","id":"2ffb2aa5-52c0-41d3-909a-8565e7626521","geometry":{"type":"Point","coordinates":[-97.0875810829082,28.1433643727363]},"properties":{"substrate":"Solid Reef","lease_number":null,"poll_year":2025}},{"type":"Feature","id":"305e8bbd-b036-4fd5-adc8-c14a7f43e661","geometry":{"type":"Point","coordinates":[-97.08839255176558,28.141987490010123]},"properties":{"substrate":"Solid Reef","lease_number":null,"poll_year":2025}},{"type":"Feature","id":"306f084b-182c-4159-aac0-944c218599cc","geometry":{"type":"Point","coordinates":[-97.08955496006513,28.14588697834534]},"properties":{"substrate":"Solid Reef","lease_number":null,"poll_year":2025}},{"type":"Feature","id":"30deeac0-f06f-4665-b5ae-4287b57d556b","geometry":{"type":"Point","coordinates":[-97.0868101217819,28.14573036561617]},"properties":{"substrate":"Solid Reef","lease_number":null,"poll_year":2025}},{"type":"Feature","id":"3122db14-c52f-480f-a6ff-8a31e6eb581a","geometry":{"type":"Point","coordinates":[-97.07587110031025,28.14687048688687]},"properties":{"substrate":"Mud","lease_number":null,"poll_year":2025}},{"type":"Feature","id":"3124b0b0-5762-4afd-bc67-76acd87087e9","geometry":{"type":"Point","coordinates":[-97.07658597512179,28.141603337553125]},"properties":{"substrate":"Solid Reef","lease_number":null,"poll_year":2025}},{"type":"Feature","id":"317210ad-45d9-4189-be2f-b4cb6b7ce423","geometry":{"type":"Point","coordinates":[-97.08481941019652,28.14356331987621]},"properties":{"substrate":"Mud","lease_number":null,"poll_year":2025}},{"type":"Feature","id":"3192a0e7-2a04-4440-ad16-79340edaffcc","geometry":{"type":"Point","coordinates":[-97.08756878587026,28.148385051940494]},"properties":{"substrate":"Solid Reef","lease_number":null,"poll_year":2025}},{"type":"Feature","id":"31a61459-d4f6-440d-8afb-3321c9fa7f69","geometry":{"type":"Point","coordinates":[-97.08771734835365,28.143102321048378]},"properties":{"substrate":"Solid Reef","lease_number":null,"poll_year":2025}},{"type":"Feature","id":"31a70084-baea-4734-93d8-d55459cfde02","geometry":{"type":"Point","coordinates":[-97.08594699799903,28.14268967713566]},"properties":{"substrate":"Solid Reef","lease_number":null,"poll_year":2025}},{"type":"Feature","id":"31e3051b-119e-4191-ab6b-373169dc81cf","geometry":{"type":"Point","coordinates":[-97.08825090451327,28.1440090109183]},"properties":{"substrate":"Solid Reef","lease_number":null,"poll_year":2025}},{"type":"Feature","id":"31fc0768-3b69-494e-bb99-b6dea86474e7","geometry":{"type":"Point","coordinates":[-97.08935100566471,28.148489487170533]},"properties":{"substrate":"Solid Reef","lease_number":null,"poll_year":2025}},{"type":"Feature","id":"321bc35a-9e40-4042-ba71-99c3c1c1cb04","geometry":{"type":"Point","coordinates":[-97.07836746548422,28.14233607749981]},"properties":{"substrate":"Buried Shell","lease_number":null,"poll_year":2025}},{"type":"Feature","id":"32237648-7264-4fdc-bc53-ca4b0fc6b0a0","geometry":{"type":"Point","coordinates":[-97.09005707249489,28.145197435784]},"properties":{"substrate":"Mud","lease_number":null,"poll_year":2025}},{"type":"Feature","id":"3298b5b8-e0d1-4638-a713-873d789e87d3","geometry":{"type":"Point","coordinates":[-97.08801065548042,28.145453310364207]},"properties":{"substrate":"Solid Reef","lease_number":null,"poll_year":2025}},{"type":"Feature","id":"32c6f704-8977-433a-9c0a-af3b4c958537","geometry":{"type":"Point","coordinates":[-97.09712546001977,28.132218574684046]},"properties":{"substrate":"Solid Reef","lease_number":null,"poll_year":2025}},{"type":"Feature","id":"331806d9-b045-4999-a4f8-7392b04b00e1","geometry":{"type":"Point","coordinates":[-97.09532316018378,28.132673930862474]},"properties":{"substrate":"Solid Reef","lease_number":null,"poll_year":2025}},{"type":"Feature","id":"333897ee-d11f-4bfc-827f-66c65abb0579","geometry":{"type":"Point","coordinates":[-97.08882976091606,28.145185715168033]},"properties":{"substrate":"Solid Reef","lease_number":null,"poll_year":2025}},{"type":"Feature","id":"333afb8c-51e5-4273-a0d4-d80e7cabf84c","geometry":{"type":"Point","coordinates":[-97.07654820096408,28.14350015177152]},"properties":{"substrate":"Solid Reef","lease_number":null,"poll_year":2025}},{"type":"Feature","id":"335d2eac-31a4-4161-82a3-68a1b53504c0","geometry":{"type":"Point","coordinates":[-97.0756860689213,28.144634187330166]},"properties":{"substrate":"Mud","lease_number":null,"poll_year":2025}},{"type":"Feature","id":"335f643f-7b2b-405f-8388-357f5f1b3919","geometry":{"type":"Point","coordinates":[-97.08570140848184,28.143731536942667]},"properties":{"substrate":"Mud","lease_number":null,"poll_year":2025}},{"type":"Feature","id":"338e8159-b8e8-4436-87f5-74aa951aa73d","geometry":{"type":"Point","coordinates":[-97.07632115357266,28.144124447959886]},"properties":{"substrate":"Mud","lease_number":null,"poll_year":2025}},{"type":"Feature","id":"33a217e7-5705-4502-a6f9-e8aa91a39c65","geometry":{"type":"Point","coordinates":[-97.08816401676404,28.14171336621721]},"properties":{"substrate":"Solid Reef","lease_number":null,"poll_year":2025}},{"type":"Feature","id":"33a524b8-adb8-4427-9dd5-0f567a3abc5e","geometry":{"type":"Point","coordinates":[-97.08850828891018,28.142428499083614]},"properties":{"substrate":"Solid Reef","lease_number":null,"poll_year":2025}},{"type":"Feature","id":"33edbcc7-e08b-48fd-9715-a8dd0c9f233f","geometry":{"type":"Point","coordinates":[-97.07753266827721,28.143542672044195]},"properties":{"substrate":"Mud","lease_number":null,"poll_year":2025}},{"type":"Feature","id":"344aaec4-adb4-42fc-aca1-98a94725efec","geometry":{"type":"Point","coordinates":[-97.09021115063409,28.144922151864403]},"properties":{"substrate":"Mud","lease_number":null,"poll_year":2025}},{"type":"Feature","id":"3459831d-11cc-46eb-a429-b91de6a681ac","geometry":{"type":"Point","coordinates":[-97.07619629852795,28.14390254194966]},"properties":{"substrate":"Mud","lease_number":null,"poll_year":2025}},{"type":"Feature","id":"34b34aa4-490d-4cc6-9d23-f8a213fb9408","geometry":{"type":"Point","coordinates":[-97.08748519403983,28.146314685709417]},"properties":{"substrate":"Solid Reef","lease_number":null,"poll_year":2025}},{"type":"Feature","id":"34d52892-9d7b-4b5d-b680-29d8bab11b71","geometry":{"type":"Point","coordinates":[-97.08648573653953,28.14089891980911]},"properties":{"substrate":"Solid Reef","lease_number":null,"poll_year":2025}},{"type":"Feature","id":"34ea099f-4ad7-4023-9859-2f9a6b971909","geometry":{"type":"Point","coordinates":[-97.07623326060862,28.1458281205773]},"properties":{"substrate":"Mud","lease_number":null,"poll_year":2025}},{"type":"Feature","id":"350575c5-a5ba-4c95-996e-8550bd1b90e4","geometry":{"type":"Point","coordinates":[-97.09181623702756,28.147879760493534]},"properties":{"substrate":"Mud","lease_number":null,"poll_year":2025}},{"type":"Feature","id":"35592651-18a6-465e-b871-6b8283b9a76f","geometry":{"type":"Point","coordinates":[-97.08942341796146,28.144616938598553]},"properties":{"substrate":"Solid Reef","lease_number":null,"poll_year":2025}},{"type":"Feature","id":"355db80c-0a6e-4247-ac01-838ab3db5a8d","geometry":{"type":"Point","coordinates":[-97.08653435156609,28.145687249767924]},"properties":{"substrate":"Solid Reef","lease_number":null,"poll_year":2025}},{"type":"Feature","id":"35620583-d1ca-4a1b-97ba-64dcb354b9ef","geometry":{"type":"Point","coordinates":[-97.0897877872171,28.147005512961076]},"properties":{"substrate":"Solid Reef","lease_number":null,"poll_year":2025}},{"type":"Feature","id":"35683473-b477-4843-bc20-62c7e1cb06e2","geometry":{"type":"Point","coordinates":[-97.0875031315994,28.141653291043227]},"properties":{"substrate":"Solid Reef","lease_number":null,"poll_year":2025}},{"type":"Feature","id":"358d9a1e-7c7c-4e25-adb9-c58a46f9ddd7","geometry":{"type":"Point","coordinates":[-97.08566472847214,28.144136346122778]},"properties":{"substrate":"Mud","lease_number":null,"poll_year":2025}},{"type":"Feature","id":"35fe98a2-b7a0-47af-8203-4a78daf49f33","geometry":{"type":"Point","coordinates":[-97.08744965938212,28.14892259157875]},"properties":{"substrate":"Mud","lease_number":null,"poll_year":2025}},{"type":"Feature","id":"36056287-fa1b-4442-9d3d-ddaff2a03c7a","geometry":{"type":"Point","coordinates":[-97.09684391633164,28.13134076278498]},"properties":{"substrate":"Solid Reef","lease_number":null,"poll_year":2025}},{"type":"Feature","id":"361c841b-adf2-443f-b1b3-4c7f85329bfd","geometry":{"type":"Point","coordinates":[-97.0965690614991,28.13146345176844]},"properties":{"substrate":"Solid Reef","lease_number":null,"poll_year":2025}},{"type":"Feature","id":"361e7683-9b15-4aa4-b4bd-f46a085e1b2c","geometry":{"type":"Point","coordinates":[-97.08684263720191,28.140804455595568]},"properties":{"substrate":"Solid Reef","lease_number":null,"poll_year":2025}},{"type":"Feature","id":"362ba11b-0e0c-4683-b97e-cf0405f71cb2","geometry":{"type":"Point","coordinates":[-97.07677499772555,28.144643530920035]},"properties":{"substrate":"Mud","lease_number":null,"poll_year":2025}},{"type":"Feature","id":"3631a949-fe5e-4e4a-a7c8-5afe2d3afb55","geometry":{"type":"Point","coordinates":[-97.07577121483718,28.14231275524982]},"properties":{"substrate":"Solid Reef","lease_number":null,"poll_year":2025}},{"type":"Feature","id":"3661a06a-2b5e-483c-bfa2-736c9e1bfb44","geometry":{"type":"Point","coordinates":[-97.08550246937564,28.144204939746757]},"properties":{"substrate":"Mud","lease_number":null,"poll_year":2025}},{"type":"Feature","id":"3666fb63-e5ce-42f0-ac49-992f18979fb2","geometry":{"type":"Point","coordinates":[-97.08768641037526,28.140241854183536]},"properties":{"substrate":"Solid Reef","lease_number":null,"poll_year":2025}},{"type":"Feature","id":"3703d20c-55d0-4fa9-93c7-35e0d9f3d613","geometry":{"type":"Point","coordinates":[-97.08764923090227,28.149220656867215]},"properties":{"substrate":"Mud","lease_number":null,"poll_year":2025}},{"type":"Feature","id":"373df6c9-e5bc-46ca-880f-8c249a9cf328","geometry":{"type":"Point","coordinates":[-97.09585508051127,28.132405233496566]},"properties":{"substrate":"Solid Reef","lease_number":null,"poll_year":2025}},{"type":"Feature","id":"375d5a81-cc6f-47ef-97bb-58da6ec13376","geometry":{"type":"Point","coordinates":[-97.07578997435527,28.143904310716973]},"properties":{"substrate":"Mud","lease_number":null,"poll_year":2025}},{"type":"Feature","id":"37c378c2-ccb6-485b-ae64-8349e7645572","geometry":{"type":"Point","coordinates":[-97.08951824232622,28.148048098304198]},"properties":{"substrate":"Solid Reef","lease_number":null,"poll_year":2025}},{"type":"Feature","id":"37f6ab68-0d4e-409f-a00f-93aeedf5137d","geometry":{"type":"Point","coordinates":[-97.07588961997816,28.14249328610928]},"properties":{"substrate":"Solid Reef","lease_number":null,"poll_year":2025}},{"type":"Feature","id":"3836a7ef-4563-4ed8-90e0-e53a6a521a08","geometry":{"type":"Point","coordinates":[-97.09713758098789,28.133848556574318]},"properties":{"substrate":"Solid Reef","lease_number":null,"poll_year":2025}},{"type":"Feature","id":"38b56a49-4aa5-429a-942e-6108f8cdd352","geometry":{"type":"Point","coordinates":[-97.09052288041073,28.146135389025957]},"properties":{"substrate":"Mud","lease_number":null,"poll_year":2025}},{"type":"Feature","id":"38ce2d76-4a85-4cb7-8f37-499fcbc6dada","geometry":{"type":"Point","coordinates":[-97.08902717198795,28.143621087367237]},"properties":{"substrate":"Solid Reef","lease_number":null,"poll_year":2025}},{"type":"Feature","id":"392e3f91-7b7f-4653-8452-c40256976499","geometry":{"type":"Point","coordinates":[-97.0760201191378,28.14634467644847]},"properties":{"substrate":"Mud","lease_number":null,"poll_year":2025}},{"type":"Feature","id":"396aec1a-728e-4bfb-b2c3-e42225992971","geometry":{"type":"Point","coordinates":[-97.08911050959516,28.147477150011248]},"properties":{"substrate":"Solid Reef","lease_number":null,"poll_year":2025}},{"type":"Feature","id":"39bdeae1-79e1-4bc2-ac12-2af4a9a310a3","geometry":{"type":"Point","coordinates":[-97.08840598427403,28.142076027352477]},"properties":{"substrate":"Solid Reef","lease_number":null,"poll_year":2025}},{"type":"Feature","id":"39de7318-61e7-4389-8b51-81e746eca1af","geometry":{"type":"Point","coordinates":[-97.07635268443913,28.14193943063033]},"properties":{"substrate":"Solid Reef","lease_number":null,"poll_year":2025}},{"type":"Feature","id":"3a11c53d-af73-4fde-a55c-cf6ce52cecf7","geometry":{"type":"Point","coordinates":[-97.08716609538291,28.143437797915592]},"properties":{"substrate":"Solid Reef","lease_number":null,"poll_year":2025}},{"type":"Feature","id":"3aa6d581-44dd-4fc4-a5b6-eddd357d7ee7","geometry":{"type":"Point","coordinates":[-97.09713208240004,28.132678067660954]},"properties":{"substrate":"Solid Reef","lease_number":null,"poll_year":2025}},{"type":"Feature","id":"3add5478-a06e-4cf4-ba39-dbe02de3659f","geometry":{"type":"Point","coordinates":[-97.0780750836222,28.14137877587876]},"properties":{"substrate":"Firm/Hard Bottom","lease_number":null,"poll_year":2025}},{"type":"Feature","id":"3aebd073-9560-4d43-a4fc-5af93c8d3421","geometry":{"type":"Point","coordinates":[-97.08776650147104,28.147263410151034]},"properties":{"substrate":"Solid Reef","lease_number":null,"poll_year":2025}},{"type":"Feature","id":"3b48ca23-cc8a-4dab-b6a8-70816b40bf6a","geometry":{"type":"Point","coordinates":[-97.08759288138114,28.140243189715832]},"properties":{"substrate":"Solid Reef","lease_number":null,"poll_year":2025}},{"type":"Feature","id":"3b67cc10-dc7c-4538-ab63-61b9c1be6a62","geometry":{"type":"Point","coordinates":[-97.07522800088994,28.143793923895956]},"properties":{"substrate":"Solid Reef","lease_number":null,"poll_year":2025}},{"type":"Feature","id":"3bccf6b7-d5a1-4751-859d-b3c80737b485","geometry":{"type":"Point","coordinates":[-97.08761956134506,28.142967556994524]},"properties":{"substrate":"Solid Reef","lease_number":null,"poll_year":2025}},{"type":"Feature","id":"3c7e0694-0d65-481f-9c6c-7fa76d861466","geometry":{"type":"Point","coordinates":[-97.07786493803282,28.14108346674604]},"properties":{"substrate":"Solid Reef","lease_number":null,"poll_year":2025}},{"type":"Feature","id":"3cf81fc2-2b79-433d-8ef2-b6f95b2ed3fd","geometry":{"type":"Point","coordinates":[-97.09006666201053,28.145917414358035]},"properties":{"substrate":"Solid Reef","lease_number":null,"poll_year":2025}},{"type":"Feature","id":"3cfb8721-4d21-46c0-88eb-21888f751338","geometry":{"type":"Point","coordinates":[-97.0763448071124,28.140879724222508]},"properties":{"substrate":"Solid Reef","lease_number":null,"poll_year":2025}},{"type":"Feature","id":"3d4e0f9c-2a00-4e0d-bdc3-7e9d0def288e","geometry":{"type":"Point","coordinates":[-97.08926949163752,28.14417419195151]},"properties":{"substrate":"Solid Reef","lease_number":null,"poll_year":2025}},{"type":"Feature","id":"3df01afb-4ea4-4f8c-b602-345b1f1ed952","geometry":{"type":"Point","coordinates":[-97.07545527016524,28.1410284584416]},"properties":{"substrate":"Firm/Hard Bottom","lease_number":null,"poll_year":2025}},{"type":"Feature","id":"3dfad307-a420-4f38-a7cd-22bd1dd5aa41","geometry":{"type":"Point","coordinates":[-97.08790135566318,28.14528969568806]},"properties":{"substrate":"Solid Reef","lease_number":null,"poll_year":2025}},{"type":"Feature","id":"3e0a6a38-abe8-4d3f-a300-00458d57feca","geometry":{"type":"Point","coordinates":[-97.07614871207241,28.143683257348016]},"properties":{"substrate":"Solid Reef","lease_number":null,"poll_year":2025}},{"type":"Feature","id":"3e702234-8226-4c12-ab0e-dc9ea898ca34","geometry":{"type":"Point","coordinates":[-97.09675226391813,28.133377859249954]},"properties":{"substrate":"Solid Reef","lease_number":null,"poll_year":2025}},{"type":"Feature","id":"3e7916be-c984-4ee3-bb3f-9f30b08544ee","geometry":{"type":"Point","coordinates":[-97.087805025722,28.14898771368034]},"properties":{"substrate":"Solid Reef","lease_number":null,"poll_year":2025}},{"type":"Feature","id":"3eb01139-9a2b-431c-980c-308570877e69","geometry":{"type":"Point","coordinates":[-97.0956174752203,28.131314978370767]},"properties":{"substrate":"Solid Reef","lease_number":null,"poll_year":2025}},{"type":"Feature","id":"3ec3be18-2fc0-47a7-8ed8-a5d682c929b1","geometry":{"type":"Point","coordinates":[-97.09608687819393,28.131836712284464]},"properties":{"substrate":"Solid Reef","lease_number":null,"poll_year":2025}},{"type":"Feature","id":"3ec4086a-06a0-430f-9e43-676969a8e00d","geometry":{"type":"Point","coordinates":[-97.0761566639593,28.145596078539455]},"properties":{"substrate":"Mud","lease_number":null,"poll_year":2025}},{"type":"Feature","id":"3eea4d5a-06a9-4422-842f-69b91a05e6ad","geometry":{"type":"Point","coordinates":[-97.08690184156904,28.14593081966636]},"properties":{"substrate":"Solid Reef","lease_number":null,"poll_year":2025}},{"type":"Feature","id":"3f58a70c-58e7-4116-973c-a54f352dce9c","geometry":{"type":"Point","coordinates":[-97.08746158002594,28.140702751255755]},"properties":{"substrate":"Solid Reef","lease_number":null,"poll_year":2025}},{"type":"Feature","id":"3f81c925-cdc9-4672-81bf-b00b521e9574","geometry":{"type":"Point","coordinates":[-97.08895370417075,28.144622118921436]},"properties":{"substrate":"Solid Reef","lease_number":null,"poll_year":2025}},{"type":"Feature","id":"3fd4e800-3b95-4e4d-96f0-5a67659de3b4","geometry":{"type":"Point","coordinates":[-97.09148276083452,28.147315270702336]},"properties":{"substrate":"Mud","lease_number":null,"poll_year":2025}},{"type":"Feature","id":"3ffb1f2e-526a-45e7-8538-478fb08555e3","geometry":{"type":"Point","coordinates":[-97.07614077905012,28.145121195914733]},"properties":{"substrate":"Mud","lease_number":null,"poll_year":2025}},{"type":"Feature","id":"40001e6e-d24f-421c-836c-0f4ec99feaf7","geometry":{"type":"Point","coordinates":[-97.07592381524776,28.145982148579662]},"properties":{"substrate":"Mud","lease_number":null,"poll_year":2025}},{"type":"Feature","id":"4034bb62-db7f-4acc-a8aa-2ddb33ee4b92","geometry":{"type":"Point","coordinates":[-97.08718227224455,28.14788024841124]},"properties":{"substrate":"Solid Reef","lease_number":null,"poll_year":2025}},{"type":"Feature","id":"403ba56d-58c7-4267-a058-26cc5a6ae526","geometry":{"type":"Point","coordinates":[-97.09218090452389,28.149113268739672]},"properties":{"substrate":"Mud","lease_number":null,"poll_year":2025}},{"type":"Feature","id":"40537422-ae95-4f57-9d61-59a3150aefe8","geometry":{"type":"Point","coordinates":[-97.08738604428697,28.141909848182927]},"properties":{"substrate":"Solid Reef","lease_number":null,"poll_year":2025}},{"type":"Feature","id":"40c4aafa-ca62-40c3-9172-236dd8e9e7dd","geometry":{"type":"Point","coordinates":[-97.07726381419077,28.143827511493814]},"properties":{"substrate":"Mud","lease_number":null,"poll_year":2025}},{"type":"Feature","id":"410c94de-27de-4e62-b406-19c4fd79a86f","geometry":{"type":"Point","coordinates":[-97.09594965244943,28.13220250590101]},"properties":{"substrate":"Solid Reef","lease_number":null,"poll_year":2025}},{"type":"Feature","id":"41649caa-7106-4274-8248-a0477d86b2d1","geometry":{"type":"Point","coordinates":[-97.07633057959494,28.143175128562316]},"properties":{"substrate":"Solid Reef","lease_number":null,"poll_year":2025}},{"type":"Feature","id":"417613d2-8bfb-4166-a79c-f10872ecdc2a","geometry":{"type":"Point","coordinates":[-97.09079235792798,28.147766841545735]},"properties":{"substrate":"Solid Reef","lease_number":null,"poll_year":2025}},{"type":"Feature","id":"41856283-81f3-4316-973c-c330c2f8b408","geometry":{"type":"Point","coordinates":[-97.0783112821514,28.141537224770595]},"properties":{"substrate":"Firm/Hard Bottom","lease_number":null,"poll_year":2025}},{"type":"Feature","id":"41b695ea-9777-4fe7-8a5f-983ccf5ecec1","geometry":{"type":"Point","coordinates":[-97.07561299905777,28.146490411376025]},"properties":{"substrate":"Mud","lease_number":null,"poll_year":2025}},{"type":"Feature","id":"41dbcf2b-cae4-4a52-8ac0-38865f485afc","geometry":{"type":"Point","coordinates":[-97.08809950694686,28.14583529136204]},"properties":{"substrate":"Solid Reef","lease_number":null,"poll_year":2025}},{"type":"Feature","id":"41eb1c37-8e03-4c4e-a036-d303a1bf4a60","geometry":{"type":"Point","coordinates":[-97.07593150033502,28.14411709329292]},"properties":{"substrate":"Mud","lease_number":null,"poll_year":2025}},{"type":"Feature","id":"426ef701-6726-4eef-a977-7eb42b17bce6","geometry":{"type":"Point","coordinates":[-97.0763369208025,28.141260465223883]},"properties":{"substrate":"Solid Reef","lease_number":null,"poll_year":2025}},{"type":"Feature","id":"4294c844-dfe1-4db0-9614-adecd0bd91fc","geometry":{"type":"Point","coordinates":[-97.0871395528612,28.14370300928206]},"properties":{"substrate":"Solid Reef","lease_number":null,"poll_year":2025}},{"type":"Feature","id":"436030f4-cfed-4ff2-ac0e-0711591c2f0e","geometry":{"type":"Point","coordinates":[-97.08911714634849,28.145580091764025]},"properties":{"substrate":"Solid Reef","lease_number":null,"poll_year":2025}},{"type":"Feature","id":"43a90cdf-ea99-4844-8126-4a17c0586369","geometry":{"type":"Point","coordinates":[-97.09179651002393,28.149457848962818]},"properties":{"substrate":"Solid Reef","lease_number":null,"poll_year":2025}},{"type":"Feature","id":"43cd5572-d5f0-410a-847f-111451cbf791","geometry":{"type":"Point","coordinates":[-97.08886825552261,28.14815078575955]},"properties":{"substrate":"Solid Reef","lease_number":null,"poll_year":2025}},{"type":"Feature","id":"44201df7-768e-4903-8dfc-bf9c90df0ea6","geometry":{"type":"Point","coordinates":[-97.07574826377999,28.14454712223782]},"properties":{"substrate":"Mud","lease_number":null,"poll_year":2025}},{"type":"Feature","id":"442f6733-f80f-4e9b-acdb-5496ce4ecd7f","geometry":{"type":"Point","coordinates":[-97.07771035773536,28.142236754922575]},"properties":{"substrate":"Solid Reef","lease_number":null,"poll_year":2025}},{"type":"Feature","id":"442fedca-f1c4-4047-b931-ee7ef76d6619","geometry":{"type":"Point","coordinates":[-97.07627590812673,28.14044379582637]},"properties":{"substrate":"Solid Reef","lease_number":null,"poll_year":2025}},{"type":"Feature","id":"44625a93-7842-4726-b0c7-bebe3d59ce22","geometry":{"type":"Point","coordinates":[-97.07612808765178,28.139991356031437]},"properties":{"substrate":"Solid Reef","lease_number":null,"poll_year":2025}},{"type":"Feature","id":"448906b9-0fa2-412d-8c10-ae561545a69e","geometry":{"type":"Point","coordinates":[-97.0963695106402,28.132233839391944]},"properties":{"substrate":"Solid Reef","lease_number":null,"poll_year":2025}},{"type":"Feature","id":"44d4d1f1-4db2-49fa-bd1a-62cf5d5d2140","geometry":{"type":"Point","coordinates":[-97.09030022488271,28.148086792644612]},"properties":{"substrate":"Solid Reef","lease_number":null,"poll_year":2025}},{"type":"Feature","id":"458250d7-ee9d-45fa-87f6-7870a9223e03","geometry":{"type":"Point","coordinates":[-97.0899762286109,28.143724821477377]},"properties":{"substrate":"Mud","lease_number":null,"poll_year":2025}},{"type":"Feature","id":"458799ff-de9f-4301-b403-c99c3c87cfe3","geometry":{"type":"Point","coordinates":[-97.09568868107962,28.131548141402998]},"properties":{"substrate":"Solid Reef","lease_number":null,"poll_year":2025}},{"type":"Feature","id":"45893120-6c24-4c86-9f57-bea76e9fd981","geometry":{"type":"Point","coordinates":[-97.09039478065121,28.148223644494532]},"properties":{"substrate":"Solid Reef","lease_number":null,"poll_year":2025}},{"type":"Feature","id":"45aaba36-68ec-441c-b0b2-28812dc530d0","geometry":{"type":"Point","coordinates":[-97.09700873832163,28.13099011861968]},"properties":{"substrate":"Solid Reef","lease_number":null,"poll_year":2025}},{"type":"Feature","id":"45f23df6-507c-45d1-9b9e-2c6decad6547","geometry":{"type":"Point","coordinates":[-97.08821944910528,28.146537761382692]},"properties":{"substrate":"Solid Reef","lease_number":null,"poll_year":2025}},{"type":"Feature","id":"45ffd521-9965-4497-a33d-2aec95adb6b8","geometry":{"type":"Point","coordinates":[-97.07770475314629,28.14161320579117]},"properties":{"substrate":"Solid Reef","lease_number":null,"poll_year":2025}},{"type":"Feature","id":"46064c74-6d0f-481d-9006-93e85361fe08","geometry":{"type":"Point","coordinates":[-97.08782038691336,28.142915521657805]},"properties":{"substrate":"Solid Reef","lease_number":null,"poll_year":2025}},{"type":"Feature","id":"462d48c3-c482-496e-b566-e2f26004c40d","geometry":{"type":"Point","coordinates":[-97.0890852157317,28.146655191748554]},"properties":{"substrate":"Solid Reef","lease_number":null,"poll_year":2025}},{"type":"Feature","id":"46301ae8-ad2f-4f64-b7d2-c5c07d17bc44","geometry":{"type":"Point","coordinates":[-97.08652556065273,28.141486523463712]},"properties":{"substrate":"Solid Reef","lease_number":null,"poll_year":2025}},{"type":"Feature","id":"46491fff-0e03-406f-a569-acbdf36697d2","geometry":{"type":"Point","coordinates":[-97.07544851034272,28.145751708481406]},"properties":{"substrate":"Mud","lease_number":null,"poll_year":2025}},{"type":"Feature","id":"46637f4d-06bc-4f40-a65e-b565d1460275","geometry":{"type":"Point","coordinates":[-97.08913761985214,28.14379391835122]},"properties":{"substrate":"Solid Reef","lease_number":null,"poll_year":2025}},{"type":"Feature","id":"46e9e531-ed20-4fd2-a38d-ccb55cc8808a","geometry":{"type":"Point","coordinates":[-97.07574723431067,28.14180703354952]},"properties":{"substrate":"Solid Reef","lease_number":null,"poll_year":2025}},{"type":"Feature","id":"470163f7-9d34-45b0-9996-6d238866caf9","geometry":{"type":"Point","coordinates":[-97.09014812034219,28.14470845522299]},"properties":{"substrate":"Mud","lease_number":null,"poll_year":2025}},{"type":"Feature","id":"47080f38-77f1-49f5-9fbf-a7ed85716bb8","geometry":{"type":"Point","coordinates":[-97.07620018823313,28.141445838513075]},"properties":{"substrate":"Solid Reef","lease_number":null,"poll_year":2025}},{"type":"Feature","id":"4780efef-8b74-4dcf-bfdb-a85c300e271b","geometry":{"type":"Point","coordinates":[-97.08754356387203,28.14007427643211]},"properties":{"substrate":"Solid Reef","lease_number":null,"poll_year":2025}},{"type":"Feature","id":"478a5a97-04fe-4be9-b5c4-848cee2b8fbc","geometry":{"type":"Point","coordinates":[-97.09018854452998,28.14792273843034]},"properties":{"substrate":"Solid Reef","lease_number":null,"poll_year":2025}},{"type":"Feature","id":"47d420e7-9e2a-499c-a799-7668c054e9cc","geometry":{"type":"Point","coordinates":[-97.07575630999,28.14649527002199]},"properties":{"substrate":"Mud","lease_number":null,"poll_year":2025}},{"type":"Feature","id":"4828c5b2-f0ac-4ff6-9ef2-0909005f3ba1","geometry":{"type":"Point","coordinates":[-97.09137657637469,28.148874845008965]},"properties":{"substrate":"Solid Reef","lease_number":null,"poll_year":2025}},{"type":"Feature","id":"483db1b7-91f3-42ca-8ed9-b3789a42d1c5","geometry":{"type":"Point","coordinates":[-97.08648837399322,28.144611070734037]},"properties":{"substrate":"Solid Reef","lease_number":null,"poll_year":2025}},{"type":"Feature","id":"491227e3-7000-451c-a836-34de10b9ac13","geometry":{"type":"Point","coordinates":[-97.08606539415686,28.144004758118182]},"properties":{"substrate":"Solid Reef","lease_number":null,"poll_year":2025}},{"type":"Feature","id":"49f9fc5e-f82a-4fb6-af2c-97438493acb8","geometry":{"type":"Point","coordinates":[-97.07779599413138,28.141747531922636]},"properties":{"substrate":"Mud","lease_number":null,"poll_year":2025}},{"type":"Feature","id":"4a0c4a97-d5e5-467b-b42e-63556c3ff946","geometry":{"type":"Point","coordinates":[-97.07689796900311,28.14452573556712]},"properties":{"substrate":"Mud","lease_number":null,"poll_year":2025}},{"type":"Feature","id":"4a1e9e10-df69-4f1a-8b8c-bc7260a0ca21","geometry":{"type":"Point","coordinates":[-97.0880586839071,28.14258854411525]},"properties":{"substrate":"Solid Reef","lease_number":null,"poll_year":2025}},{"type":"Feature","id":"4a4126da-9fd8-4ee9-9c8b-b9fea5678a23","geometry":{"type":"Point","coordinates":[-97.08683781774042,28.1417859132759]},"properties":{"substrate":"Solid Reef","lease_number":null,"poll_year":2025}},{"type":"Feature","id":"4a4a8d76-da23-45e1-a0db-90319d8726cc","geometry":{"type":"Point","coordinates":[-97.07665889855993,28.144466174458806]},"properties":{"substrate":"Mud","lease_number":null,"poll_year":2025}},{"type":"Feature","id":"4a5c019c-34f5-4f3a-9713-47b3ad814182","geometry":{"type":"Point","coordinates":[-97.07716411556729,28.143299133151704]},"properties":{"substrate":"Mud","lease_number":null,"poll_year":2025}},{"type":"Feature","id":"4aa562c3-1d79-488e-8eb4-8a468e8061eb","geometry":{"type":"Point","coordinates":[-97.0752136233538,28.143253041165586]},"properties":{"substrate":"Solid Reef","lease_number":null,"poll_year":2025}},{"type":"Feature","id":"4b49c898-f1b3-49b3-84a9-2fe3510f2e0a","geometry":{"type":"Point","coordinates":[-97.07797239001553,28.140768891485603]},"properties":{"substrate":"Solid Reef","lease_number":null,"poll_year":2025}},{"type":"Feature","id":"4b694d16-9a65-45a1-8ce4-6e6610215979","geometry":{"type":"Point","coordinates":[-97.08734289461061,28.140543477316026]},"properties":{"substrate":"Solid Reef","lease_number":null,"poll_year":2025}},{"type":"Feature","id":"4be3de31-3ddc-498a-ab54-0403d8bbf172","geometry":{"type":"Point","coordinates":[-97.07560474354031,28.14608580673894]},"properties":{"substrate":"Mud","lease_number":null,"poll_year":2025}},{"type":"Feature","id":"4c6c243f-f582-459a-8be9-e03df8be4045","geometry":{"type":"Point","coordinates":[-97.09684706133343,28.13205461024248]},"properties":{"substrate":"Solid Reef","lease_number":null,"poll_year":2025}},{"type":"Feature","id":"4cb361be-704f-4e01-8176-dc5f37de6437","geometry":{"type":"Point","coordinates":[-97.07670761868935,28.141773607702554]},"properties":{"substrate":"Solid Reef","lease_number":null,"poll_year":2025}},{"type":"Feature","id":"4ccc9e07-5592-45d5-905e-4355fded179d","geometry":{"type":"Point","coordinates":[-97.07714190741682,28.14075769556515]},"properties":{"substrate":"Solid Reef","lease_number":null,"poll_year":2025}},{"type":"Feature","id":"4cd87500-2922-46df-937c-1e99ace7e9a6","geometry":{"type":"Point","coordinates":[-97.08573086154504,28.1442420837497]},"properties":{"substrate":"Solid Reef","lease_number":null,"poll_year":2025}},{"type":"Feature","id":"4d7f429a-bcd9-4443-8ff7-2547374735d9","geometry":{"type":"Point","coordinates":[-97.08747371087553,28.143484611431404]},"properties":{"substrate":"Solid Reef","lease_number":null,"poll_year":2025}},{"type":"Feature","id":"4daf720b-7fc4-419f-a3b5-2ed0ba4a64b4","geometry":{"type":"Point","coordinates":[-97.07751821977419,28.1419421681905]},"properties":{"substrate":"Solid Reef","lease_number":null,"poll_year":2025}},{"type":"Feature","id":"4dfa618c-6114-4918-8414-d714f7424d17","geometry":{"type":"Point","coordinates":[-97.07724005015824,28.14349518763946]},"properties":{"substrate":"Mud","lease_number":null,"poll_year":2025}},{"type":"Feature","id":"4e000063-c0ea-4b84-ad72-8d536f8d808f","geometry":{"type":"Point","coordinates":[-97.07646452289536,28.141866557322725]},"properties":{"substrate":"Solid Reef","lease_number":null,"poll_year":2025}},{"type":"Feature","id":"4e0efd6c-0c0d-4764-b05c-1b39308ab3e6","geometry":{"type":"Point","coordinates":[-97.08776571364854,28.147560329170393]},"properties":{"substrate":"Solid Reef","lease_number":null,"poll_year":2025}},{"type":"Feature","id":"4e13f9ec-ea52-414f-a00b-4a8954d8d969","geometry":{"type":"Point","coordinates":[-97.08549524692076,28.14186631731075]},"properties":{"substrate":"Solid Reef","lease_number":null,"poll_year":2025}},{"type":"Feature","id":"4e3a47b4-e0e6-4a41-a200-e90a54013f1b","geometry":{"type":"Point","coordinates":[-97.08634165125954,28.141911746890546]},"properties":{"substrate":"Solid Reef","lease_number":null,"poll_year":2025}},{"type":"Feature","id":"4e84223f-9e07-42d6-a6bd-11c13e878cb2","geometry":{"type":"Point","coordinates":[-97.08727774609126,28.141744335720233]},"properties":{"substrate":"Solid Reef","lease_number":null,"poll_year":2025}},{"type":"Feature","id":"4e9be562-65d7-4581-a750-199aa5135134","geometry":{"type":"Point","coordinates":[-97.09185909025987,28.14854766308843]},"properties":{"substrate":"Mud","lease_number":null,"poll_year":2025}},{"type":"Feature","id":"4e9e186e-01e1-4f6f-953d-a8667af3d173","geometry":{"type":"Point","coordinates":[-97.08720245649066,28.145688309584873]},"properties":{"substrate":"Solid Reef","lease_number":null,"poll_year":2025}},{"type":"Feature","id":"4ee59e4c-39bc-4be1-8f71-5d29dfc26a4b","geometry":{"type":"Point","coordinates":[-97.07678751395241,28.145389180981663]},"properties":{"substrate":"Mud","lease_number":null,"poll_year":2025}},{"type":"Feature","id":"4eef8f08-7c5c-4f58-8e57-9f5a0a74bd71","geometry":{"type":"Point","coordinates":[-97.0754483863752,28.14357347071553]},"properties":{"substrate":"Solid Reef","lease_number":null,"poll_year":2025}},{"type":"Feature","id":"4f03f6b8-0300-46a5-a8a0-753954d0431b","geometry":{"type":"Point","coordinates":[-97.09003593693288,28.144795887717194]},"properties":{"substrate":"Mud","lease_number":null,"poll_year":2025}},{"type":"Feature","id":"4f86ec6e-0947-4173-b316-34ce659ef000","geometry":{"type":"Point","coordinates":[-97.07563806025756,28.141664921744017]},"properties":{"substrate":"Solid Reef","lease_number":null,"poll_year":2025}},{"type":"Feature","id":"4fa199da-675f-4405-80e0-2f8b9c6cd4f1","geometry":{"type":"Point","coordinates":[-97.09617680853702,28.13213142503522]},"properties":{"substrate":"Solid Reef","lease_number":null,"poll_year":2025}},{"type":"Feature","id":"4fad9060-4d63-4e3c-adea-7a394934a68e","geometry":{"type":"Point","coordinates":[-97.08848476472782,28.147565990141366]},"properties":{"substrate":"Solid Reef","lease_number":null,"poll_year":2025}},{"type":"Feature","id":"4fcc07b1-1035-4a70-ba85-c051902ac3f7","geometry":{"type":"Point","coordinates":[-97.07714928438193,28.143647407451667]},"properties":{"substrate":"Mud","lease_number":null,"poll_year":2025}},{"type":"Feature","id":"4fd138d8-edc9-4bbc-809c-4444e4c5847a","geometry":{"type":"Point","coordinates":[-97.09530996842382,28.13179587949016]},"properties":{"substrate":"Solid Reef","lease_number":null,"poll_year":2025}},{"type":"Feature","id":"5011cdb1-4c82-4512-820f-005e1d16fa4b","geometry":{"type":"Point","coordinates":[-97.09548236141505,28.13222818474044]},"properties":{"substrate":"Solid Reef","lease_number":null,"poll_year":2025}},{"type":"Feature","id":"502512b9-d3d3-4211-92c8-db382a20b5b3","geometry":{"type":"Point","coordinates":[-97.08792910013072,28.143081692930245]},"properties":{"substrate":"Solid Reef","lease_number":null,"poll_year":2025}},{"type":"Feature","id":"50519842-7d94-4b74-a957-34040135ff07","geometry":{"type":"Point","coordinates":[-97.07550965507086,28.146334139333998]},"properties":{"substrate":"Mud","lease_number":null,"poll_year":2025}},{"type":"Feature","id":"50fd66d1-562f-45c7-afbd-d8e8ead24ec8","geometry":{"type":"Point","coordinates":[-97.07872723446731,28.14250056326056]},"properties":{"substrate":"Mud","lease_number":null,"poll_year":2025}},{"type":"Feature","id":"511568cd-872e-4b47-a342-2df34e89f5db","geometry":{"type":"Point","coordinates":[-97.08785349522147,28.148099560855076]},"properties":{"substrate":"Solid Reef","lease_number":null,"poll_year":2025}},{"type":"Feature","id":"51822d6a-c62f-4daa-bb18-7c7d9c91a5ea","geometry":{"type":"Point","coordinates":[-97.09029028232916,28.147333036226453]},"properties":{"substrate":"Solid Reef","lease_number":null,"poll_year":2025}},{"type":"Feature","id":"51a2c253-51d1-4fb9-b009-9b57fd393fa7","geometry":{"type":"Point","coordinates":[-97.0763740293086,28.142658747511593]},"properties":{"substrate":"Solid Reef","lease_number":null,"poll_year":2025}},{"type":"Feature","id":"52a8fd02-1ef4-4f71-a7bd-9e669a988b25","geometry":{"type":"Point","coordinates":[-97.08967940907134,28.146878653248386]},"properties":{"substrate":"Solid Reef","lease_number":null,"poll_year":2025}},{"type":"Feature","id":"537d9761-ee6f-4f97-8886-16eab2bb553c","geometry":{"type":"Point","coordinates":[-97.08699355596629,28.142014074271135]},"properties":{"substrate":"Solid Reef","lease_number":null,"poll_year":2025}},{"type":"Feature","id":"54d6f990-7bb2-490b-9ff4-1ec93d871072","geometry":{"type":"Point","coordinates":[-97.07535124615364,28.14195270890556]},"properties":{"substrate":"Scattered Shell","lease_number":null,"poll_year":2025}},{"type":"Feature","id":"5545b361-d943-488c-80d0-ff4bc4ad8c75","geometry":{"type":"Point","coordinates":[-97.07695060399055,28.14002244009936]},"properties":{"substrate":"Solid Reef","lease_number":null,"poll_year":2025}},{"type":"Feature","id":"555c3e24-3355-4732-975a-fff5b4eaa1be","geometry":{"type":"Point","coordinates":[-97.08769255395349,28.14498491436959]},"properties":{"substrate":"Solid Reef","lease_number":null,"poll_year":2025}},{"type":"Feature","id":"5560766a-1b30-4585-846d-d488669e768e","geometry":{"type":"Point","coordinates":[-97.08793778414457,28.14495881481647]},"properties":{"substrate":"Solid Reef","lease_number":null,"poll_year":2025}},{"type":"Feature","id":"55899216-7236-47f1-a0dc-89cd5bf04ace","geometry":{"type":"Point","coordinates":[-97.07555608629295,28.143720691442283]},"properties":{"substrate":"Solid Reef","lease_number":null,"poll_year":2025}},{"type":"Feature","id":"55eb83d1-8498-4544-8e92-2281adbc33ee","geometry":{"type":"Point","coordinates":[-97.08848672395344,28.14929695639115]},"properties":{"substrate":"Solid Reef","lease_number":null,"poll_year":2025}},{"type":"Feature","id":"55fbb1e6-7ff6-4e96-bcea-88685d12eb56","geometry":{"type":"Point","coordinates":[-97.08734169625801,28.147534704698867]},"properties":{"substrate":"Solid Reef","lease_number":null,"poll_year":2025}},{"type":"Feature","id":"5623575e-c431-4f56-bb4d-8140e987fb92","geometry":{"type":"Point","coordinates":[-97.078394370027,28.142915555718556]},"properties":{"substrate":"Buried Shell","lease_number":null,"poll_year":2025}},{"type":"Feature","id":"562f20e0-ffe5-485b-a89a-3985adde4e76","geometry":{"type":"Point","coordinates":[-97.07579861165671,28.145387721154997]},"properties":{"substrate":"Mud","lease_number":null,"poll_year":2025}},{"type":"Feature","id":"565644df-b1a0-4aba-8192-5df3e5153d77","geometry":{"type":"Point","coordinates":[-97.08733512598002,28.142146365744523]},"properties":{"substrate":"Solid Reef","lease_number":null,"poll_year":2025}},{"type":"Feature","id":"569e1578-80a1-4388-aba7-5194616334dc","geometry":{"type":"Point","coordinates":[-97.08662467267634,28.145837978128963]},"properties":{"substrate":"Solid Reef","lease_number":null,"poll_year":2025}},{"type":"Feature","id":"56c2d79c-6499-4084-aa16-7e1ea20d7f76","geometry":{"type":"Point","coordinates":[-97.09590456600533,28.13119732838599]},"properties":{"substrate":"Solid Reef","lease_number":null,"poll_year":2025}},{"type":"Feature","id":"56d11db4-5444-4d96-8700-d7b3dfa27d83","geometry":{"type":"Point","coordinates":[-97.07609385195799,28.145431598324542]},"properties":{"substrate":"Mud","lease_number":null,"poll_year":2025}},{"type":"Feature","id":"574cfb8c-f281-43bd-8dda-c9d5ddc0c26e","geometry":{"type":"Point","coordinates":[-97.0871962697933,28.147318870698438]},"properties":{"substrate":"Solid Reef","lease_number":null,"poll_year":2025}},{"type":"Feature","id":"578b0fca-0b39-42d1-a76d-513b771f10c5","geometry":{"type":"Point","coordinates":[-97.09121996229143,28.147631852866926]},"properties":{"substrate":"Solid Reef","lease_number":null,"poll_year":2025}},{"type":"Feature","id":"57b4ef7e-0bb5-48e2-ad62-25a4c2f8a8a8","geometry":{"type":"Point","coordinates":[-97.08961972949544,28.1438387466986]},"properties":{"substrate":"Mud","lease_number":null,"poll_year":2025}},{"type":"Feature","id":"57bcd857-d40d-4a39-8a7b-b916e076aedd","geometry":{"type":"Point","coordinates":[-97.08606798220319,28.143283780512082]},"properties":{"substrate":"Solid Reef","lease_number":null,"poll_year":2025}},{"type":"Feature","id":"5835bb1b-d02a-40cd-a885-c10912f4800f","geometry":{"type":"Point","coordinates":[-97.08692189466113,28.14132524345052]},"properties":{"substrate":"Solid Reef","lease_number":null,"poll_year":2025}},{"type":"Feature","id":"583fe732-663b-47fc-be4d-9697299d7cde","geometry":{"type":"Point","coordinates":[-97.07524016497719,28.143062357531377]},"properties":{"substrate":"Solid Reef","lease_number":null,"poll_year":2025}},{"type":"Feature","id":"58ad19e6-3f32-4eb5-a054-66d3fd37dc17","geometry":{"type":"Point","coordinates":[-97.08935262173391,28.143432649219722]},"properties":{"substrate":"Mud","lease_number":null,"poll_year":2025}},{"type":"Feature","id":"58b5830f-5004-4bc8-9229-bf545df790d5","geometry":{"type":"Point","coordinates":[-97.08706878717639,28.14549464647634]},"properties":{"substrate":"Solid Reef","lease_number":null,"poll_year":2025}},{"type":"Feature","id":"58c9679e-6b56-40c2-9f0d-9aa7a2d03b36","geometry":{"type":"Point","coordinates":[-97.08513401548038,28.14249178901374]},"properties":{"substrate":"Solid Reef","lease_number":null,"poll_year":2025}},{"type":"Feature","id":"598db3dc-c702-4686-9743-d429fde0306a","geometry":{"type":"Point","coordinates":[-97.08832597941651,28.144127288437474]},"properties":{"substrate":"Solid Reef","lease_number":null,"poll_year":2025}},{"type":"Feature","id":"5a7620d8-4acc-4c21-bdb0-397bb0f081bc","geometry":{"type":"Point","coordinates":[-97.09082307581912,28.146325938871282]},"properties":{"substrate":"Mud","lease_number":null,"poll_year":2025}},{"type":"Feature","id":"5a82fd6a-9b5c-4c4a-ba4b-3f242705128d","geometry":{"type":"Point","coordinates":[-97.07569598722034,28.140672229795733]},"properties":{"substrate":"Mud","lease_number":null,"poll_year":2025}},{"type":"Feature","id":"5ada4ee7-26c2-46c6-8438-9f08ddd6561f","geometry":{"type":"Point","coordinates":[-97.08790713003383,28.14188474674193]},"properties":{"substrate":"Solid Reef","lease_number":null,"poll_year":2025}},{"type":"Feature","id":"5b107714-e855-486d-a1ab-57f03adaf505","geometry":{"type":"Point","coordinates":[-97.08555316579869,28.14397084502154]},"properties":{"substrate":"Mud","lease_number":null,"poll_year":2025}},{"type":"Feature","id":"5b356cf8-204b-4342-901a-aef8c254b032","geometry":{"type":"Point","coordinates":[-97.08762482637096,28.14796916741432]},"properties":{"substrate":"Solid Reef","lease_number":null,"poll_year":2025}},{"type":"Feature","id":"5b77eec2-30a1-47a4-b0a2-a4baa1a29c08","geometry":{"type":"Point","coordinates":[-97.08881129514708,28.146623801484964]},"properties":{"substrate":"Solid Reef","lease_number":null,"poll_year":2025}},{"type":"Feature","id":"5b91490e-2f8f-4016-b9fc-56107c4bf0a0","geometry":{"type":"Point","coordinates":[-97.08766344045344,28.145188786116883]},"properties":{"substrate":"Solid Reef","lease_number":null,"poll_year":2025}},{"type":"Feature","id":"5c228e00-03ce-4afa-a141-af58bd8dab58","geometry":{"type":"Point","coordinates":[-97.0851613116886,28.142069871810236]},"properties":{"substrate":"Solid Reef","lease_number":null,"poll_year":2025}},{"type":"Feature","id":"5c2c81e7-aa9c-43bf-a436-419e35573771","geometry":{"type":"Point","coordinates":[-97.07601475799217,28.14188767758044]},"properties":{"substrate":"Solid Reef","lease_number":null,"poll_year":2025}},{"type":"Feature","id":"5c4e54ec-c0ca-4370-8314-50e38d27c878","geometry":{"type":"Point","coordinates":[-97.07606642100248,28.141236550231465]},"properties":{"substrate":"Solid Reef","lease_number":null,"poll_year":2025}},{"type":"Feature","id":"5c74ecbf-b54c-4462-84b1-12e375543573","geometry":{"type":"Point","coordinates":[-97.07593932286451,28.14206107693309]},"properties":{"substrate":"Solid Reef","lease_number":null,"poll_year":2025}},{"type":"Feature","id":"5caaa972-e8e7-4051-8d48-77fc7dc0e3ee","geometry":{"type":"Point","coordinates":[-97.08819361894759,28.14458417265446]},"properties":{"substrate":"Solid Reef","lease_number":null,"poll_year":2025}},{"type":"Feature","id":"5cd55264-5796-4d2e-8b2b-7100064254f2","geometry":{"type":"Point","coordinates":[-97.0853692429308,28.1430015828885]},"properties":{"substrate":"Solid Reef","lease_number":null,"poll_year":2025}},{"type":"Feature","id":"5ce0486a-38b6-484b-9aac-0fea4e86b0b8","geometry":{"type":"Point","coordinates":[-97.0773539466548,28.14247111721177]},"properties":{"substrate":"Solid Reef","lease_number":null,"poll_year":2025}},{"type":"Feature","id":"5cebd8f5-1ba4-4016-992c-c86311b59dda","geometry":{"type":"Point","coordinates":[-97.0878358064952,28.146227567329234]},"properties":{"substrate":"Solid Reef","lease_number":null,"poll_year":2025}},{"type":"Feature","id":"5cf256cc-ba0b-4240-8b2c-d514babd85b5","geometry":{"type":"Point","coordinates":[-97.08517401296841,28.143417337788826]},"properties":{"substrate":"Mud","lease_number":null,"poll_year":2025}},{"type":"Feature","id":"5cf4384c-0346-40f7-9085-25fc3dcbc99a","geometry":{"type":"Point","coordinates":[-97.07733427085515,28.13962067697475]},"properties":{"substrate":"Firm/Hard Bottom","lease_number":null,"poll_year":2025}},{"type":"Feature","id":"5cffde12-dd7a-4c4d-ad72-523716f90a7f","geometry":{"type":"Point","coordinates":[-97.0756294400241,28.145297394835083]},"properties":{"substrate":"Mud","lease_number":null,"poll_year":2025}},{"type":"Feature","id":"5d1f3cbd-242f-4d59-a110-9108bd503b2f","geometry":{"type":"Point","coordinates":[-97.08787791053258,28.14380122868252]},"properties":{"substrate":"Solid Reef","lease_number":null,"poll_year":2025}},{"type":"Feature","id":"5dd8247a-e726-465d-825b-4ef61d1661f3","geometry":{"type":"Point","coordinates":[-97.09036320486898,28.149311920057606]},"properties":{"substrate":"Solid Reef","lease_number":null,"poll_year":2025}},{"type":"Feature","id":"5e5d555c-b492-4e75-89ef-7387a45d6b40","geometry":{"type":"Point","coordinates":[-97.09039078135157,28.14748173138545]},"properties":{"substrate":"Solid Reef","lease_number":null,"poll_year":2025}},{"type":"Feature","id":"5e69930f-bdc2-4862-a4d5-8e3559f8b47c","geometry":{"type":"Point","coordinates":[-97.09008949808337,28.145407234354856]},"properties":{"substrate":"Mud","lease_number":null,"poll_year":2025}},{"type":"Feature","id":"5ea2db65-fee1-405b-a6d1-066fe3708fd4","geometry":{"type":"Point","coordinates":[-97.08756012880586,28.141093631286495]},"properties":{"substrate":"Solid Reef","lease_number":null,"poll_year":2025}},{"type":"Feature","id":"5ea6991c-5aa0-4402-8529-052758df3ab1","geometry":{"type":"Point","coordinates":[-97.08830452495258,28.14624728631854]},"properties":{"substrate":"Solid Reef","lease_number":null,"poll_year":2025}},{"type":"Feature","id":"5ee3b81d-da19-4c30-ada6-05a790716f9c","geometry":{"type":"Point","coordinates":[-97.07519931049639,28.145326644459917]},"properties":{"substrate":"Mud","lease_number":null,"poll_year":2025}},{"type":"Feature","id":"5ee57cdc-9220-430c-9db0-f891f638ac90","geometry":{"type":"Point","coordinates":[-97.07600226781646,28.14685277435548]},"properties":{"substrate":"Mud","lease_number":null,"poll_year":2025}},{"type":"Feature","id":"5ee86d91-26df-460b-afdd-d8d86d493967","geometry":{"type":"Point","coordinates":[-97.07587368386501,28.144727223974986]},"properties":{"substrate":"Mud","lease_number":null,"poll_year":2025}},{"type":"Feature","id":"5f81c3a8-3c48-47c0-9566-13b2b5dc7704","geometry":{"type":"Point","coordinates":[-97.08673418719094,28.1456798587721]},"properties":{"substrate":"Solid Reef","lease_number":null,"poll_year":2025}},{"type":"Feature","id":"5fa188ee-2406-4d13-99d6-dc1199c74b75","geometry":{"type":"Point","coordinates":[-97.07589053895468,28.1461602043195]},"properties":{"substrate":"Mud","lease_number":null,"poll_year":2025}},{"type":"Feature","id":"5fc71a5d-ba2b-4943-b9e5-c34a63dfe3c1","geometry":{"type":"Point","coordinates":[-97.08826535391461,28.147941982655354]},"properties":{"substrate":"Solid Reef","lease_number":null,"poll_year":2025}},{"type":"Feature","id":"6037f584-4199-435c-8ef8-fa5051896556","geometry":{"type":"Point","coordinates":[-97.07539851101232,28.140267024132704]},"properties":{"substrate":"Solid Reef","lease_number":null,"poll_year":2025}},{"type":"Feature","id":"605873c7-3d37-4ef5-b691-41fbdc27a38c","geometry":{"type":"Point","coordinates":[-97.08760338987331,28.14728654122416]},"properties":{"substrate":"Solid Reef","lease_number":null,"poll_year":2025}},{"type":"Feature","id":"605c8fcd-e1d7-43e0-8829-fb00d47baa1c","geometry":{"type":"Point","coordinates":[-97.0865814125072,28.14727336262004]},"properties":{"substrate":"Mud","lease_number":null,"poll_year":2025}},{"type":"Feature","id":"607237cf-b95b-41ad-8ed1-b5b5166a8bbd","geometry":{"type":"Point","coordinates":[-97.09697112765734,28.130803434368477]},"properties":{"substrate":"Solid Reef","lease_number":null,"poll_year":2025}},{"type":"Feature","id":"608ccf28-e3b2-4830-80ea-bb7789652e51","geometry":{"type":"Point","coordinates":[-97.08858031043975,28.14373731693172]},"properties":{"substrate":"Solid Reef","lease_number":null,"poll_year":2025}},{"type":"Feature","id":"60a84d03-99ce-44cc-adba-6c6447e91fbd","geometry":{"type":"Point","coordinates":[-97.09064159547046,28.14676638196051]},"properties":{"substrate":"Solid Reef","lease_number":null,"poll_year":2025}},{"type":"Feature","id":"60c5a241-376f-417d-8f02-1f63630b6256","geometry":{"type":"Point","coordinates":[-97.0895152078172,28.14368598615048]},"properties":{"substrate":"Mud","lease_number":null,"poll_year":2025}},{"type":"Feature","id":"60d1c5be-bab3-4a04-87ce-64e21cb0c1e4","geometry":{"type":"Point","coordinates":[-97.08605465479764,28.143508038776414]},"properties":{"substrate":"Solid Reef","lease_number":null,"poll_year":2025}},{"type":"Feature","id":"60f5af94-3029-4f5a-9c85-36f3ce9fe10e","geometry":{"type":"Point","coordinates":[-97.09232809527983,28.149451858593864]},"properties":{"substrate":"Mud","lease_number":null,"poll_year":2025}},{"type":"Feature","id":"614b2051-e3a0-42c6-830e-c894ed86b8dc","geometry":{"type":"Point","coordinates":[-97.09592899568948,28.131297747299513]},"properties":{"substrate":"Solid Reef","lease_number":null,"poll_year":2025}},{"type":"Feature","id":"61630268-c09a-4ed4-9c9e-9d7f09fcc247","geometry":{"type":"Point","coordinates":[-97.09668427133259,28.13310417606229]},"properties":{"substrate":"Solid Reef","lease_number":null,"poll_year":2025}},{"type":"Feature","id":"61defe47-bc66-48fc-b162-0297e30ae4e8","geometry":{"type":"Point","coordinates":[-97.0774373417542,28.139780933740678]},"properties":{"substrate":"Firm/Hard Bottom","lease_number":null,"poll_year":2025}},{"type":"Feature","id":"61fcb4b5-08e9-4bd1-be8b-3aa534422f74","geometry":{"type":"Point","coordinates":[-97.07541807811585,28.13980465260886]},"properties":{"substrate":"Solid Reef","lease_number":null,"poll_year":2025}},{"type":"Feature","id":"6223ebd0-ca90-47d4-bf69-3fa3cc705d89","geometry":{"type":"Point","coordinates":[-97.07812093004102,28.142594505559952]},"properties":{"substrate":"Buried Shell","lease_number":null,"poll_year":2025}},{"type":"Feature","id":"62449076-d892-4708-a9bb-b7cb57bf52b8","geometry":{"type":"Point","coordinates":[-97.0756182083881,28.140929808750776]},"properties":{"substrate":"Mud","lease_number":null,"poll_year":2025}},{"type":"Feature","id":"628809ef-612c-4b71-85e4-3e3dd643694a","geometry":{"type":"Point","coordinates":[-97.08737407333747,28.14258809815546]},"properties":{"substrate":"Solid Reef","lease_number":null,"poll_year":2025}},{"type":"Feature","id":"62f3238c-cafd-4550-94b3-fa9d511f1613","geometry":{"type":"Point","coordinates":[-97.08840296683299,28.14344212915682]},"properties":{"substrate":"Solid Reef","lease_number":null,"poll_year":2025}},{"type":"Feature","id":"630a2a22-9075-43f1-b976-52dd47ebb16e","geometry":{"type":"Point","coordinates":[-97.08702645317031,28.14174679129083]},"properties":{"substrate":"Solid Reef","lease_number":null,"poll_year":2025}},{"type":"Feature","id":"6314ebd0-20e3-4dfd-a312-62115791b787","geometry":{"type":"Point","coordinates":[-97.08648749633917,28.14278878700695]},"properties":{"substrate":"Solid Reef","lease_number":null,"poll_year":2025}},{"type":"Feature","id":"632dff1c-7506-4c6a-9ce1-bc122eca6dd1","geometry":{"type":"Point","coordinates":[-97.08772448277362,28.141649102311334]},"properties":{"substrate":"Solid Reef","lease_number":null,"poll_year":2025}},{"type":"Feature","id":"635b9295-7b66-441e-bd6b-0ce26a8c3647","geometry":{"type":"Point","coordinates":[-97.08942137159923,28.144244671543944]},"properties":{"substrate":"Solid Reef","lease_number":null,"poll_year":2025}},{"type":"Feature","id":"636ab7b7-e390-44f9-8c33-f42712552907","geometry":{"type":"Point","coordinates":[-97.07653302482568,28.140462382343834]},"properties":{"substrate":"Solid Reef","lease_number":null,"poll_year":2025}},{"type":"Feature","id":"639fcffc-c55b-4124-9e40-70efff4ed226","geometry":{"type":"Point","coordinates":[-97.08532378009258,28.14363514090536]},"properties":{"substrate":"Mud","lease_number":null,"poll_year":2025}},{"type":"Feature","id":"63ebfe97-aa49-4d7e-97fa-660fb3744b4b","geometry":{"type":"Point","coordinates":[-97.08885345577829,28.145904886682377]},"properties":{"substrate":"Solid Reef","lease_number":null,"poll_year":2025}},{"type":"Feature","id":"63f8dbd9-1375-4fa0-86cf-cb88ad325f05","geometry":{"type":"Point","coordinates":[-97.07651052292613,28.142862256146948]},"properties":{"substrate":"Solid Reef","lease_number":null,"poll_year":2025}},{"type":"Feature","id":"6407e36a-be4c-4a93-b7cb-2540e0c2a6b7","geometry":{"type":"Point","coordinates":[-97.08841305671027,28.146396832100343]},"properties":{"substrate":"Solid Reef","lease_number":null,"poll_year":2025}},{"type":"Feature","id":"648f89d4-5167-431d-a4f5-7d9e7f13e1c7","geometry":{"type":"Point","coordinates":[-97.08980233543313,28.145527944427442]},"properties":{"substrate":"Solid Reef","lease_number":null,"poll_year":2025}},{"type":"Feature","id":"64978565-ba19-4568-8650-8acfe70fd4e3","geometry":{"type":"Point","coordinates":[-97.09209442281318,28.1489832266264]},"properties":{"substrate":"Mud","lease_number":null,"poll_year":2025}},{"type":"Feature","id":"64b09f6a-02e3-4f0e-83f3-af10a75ba2a9","geometry":{"type":"Point","coordinates":[-97.09156709736834,28.148439531324293]},"properties":{"substrate":"Mud","lease_number":null,"poll_year":2025}},{"type":"Feature","id":"64f67d29-540c-4fcd-a57a-5c025944c077","geometry":{"type":"Point","coordinates":[-97.08913654995862,28.145024633203906]},"properties":{"substrate":"Solid Reef","lease_number":null,"poll_year":2025}},{"type":"Feature","id":"64fa508e-23a3-4f55-9bd7-0210769c61f8","geometry":{"type":"Point","coordinates":[-97.08713633958743,28.141927546481497]},"properties":{"substrate":"Solid Reef","lease_number":null,"poll_year":2025}},{"type":"Feature","id":"651762ac-60ed-4299-a668-5166d9ac71e6","geometry":{"type":"Point","coordinates":[-97.07548705615325,28.142888597804863]},"properties":{"substrate":"Solid Reef","lease_number":null,"poll_year":2025}},{"type":"Feature","id":"6518a5af-47c7-4878-a5de-f9d9531e1206","geometry":{"type":"Point","coordinates":[-97.0767286931659,28.141077343623852]},"properties":{"substrate":"Mud","lease_number":null,"poll_year":2025}},{"type":"Feature","id":"652c49fd-39e3-4c27-bfa2-762ae0e80fae","geometry":{"type":"Point","coordinates":[-97.0882578889146,28.149430004793533]},"properties":{"substrate":"Solid Reef","lease_number":null,"poll_year":2025}},{"type":"Feature","id":"6547d534-8c6e-4515-850e-331e24727644","geometry":{"type":"Point","coordinates":[-97.08890557423446,28.147827586554076]},"properties":{"substrate":"Solid Reef","lease_number":null,"poll_year":2025}},{"type":"Feature","id":"657626fa-d29b-42c3-b1ad-25d563a8b994","geometry":{"type":"Point","coordinates":[-97.07743081010379,28.14401805197944]},"properties":{"substrate":"Scattered Shell","lease_number":null,"poll_year":2025}},{"type":"Feature","id":"65841442-eb07-4160-93a9-d3de87d92007","geometry":{"type":"Point","coordinates":[-97.0900115880971,28.144725734831656]},"properties":{"substrate":"Mud","lease_number":null,"poll_year":2025}},{"type":"Feature","id":"66573784-2573-40bb-86a3-66c1d4c9fa37","geometry":{"type":"Point","coordinates":[-97.087961835638,28.147072690092315]},"properties":{"substrate":"Solid Reef","lease_number":null,"poll_year":2025}},{"type":"Feature","id":"66605f04-c08f-4b3d-89e5-615c50ca65bc","geometry":{"type":"Point","coordinates":[-97.09205179326136,28.148438737670094]},"properties":{"substrate":"Mud","lease_number":null,"poll_year":2025}},{"type":"Feature","id":"67260fdf-0072-460a-b7a7-b9107bbde4c7","geometry":{"type":"Point","coordinates":[-97.09121431009166,28.146913090574234]},"properties":{"substrate":"Mud","lease_number":null,"poll_year":2025}},{"type":"Feature","id":"678ca2ff-bc54-45e9-a4e0-6b8ee8892ac3","geometry":{"type":"Point","coordinates":[-97.0952768475393,28.13214569080327]},"properties":{"substrate":"Solid Reef","lease_number":null,"poll_year":2025}},{"type":"Feature","id":"67bf89e9-3418-4ec6-aa9e-82cc4a354066","geometry":{"type":"Point","coordinates":[-97.08762476887877,28.148732563573983]},"properties":{"substrate":"Solid Reef","lease_number":null,"poll_year":2025}},{"type":"Feature","id":"683c9af5-0751-413f-8c9c-5deabd6dddf2","geometry":{"type":"Point","coordinates":[-97.08843463065013,28.141628886608068]},"properties":{"substrate":"Mud","lease_number":null,"poll_year":2025}},{"type":"Feature","id":"6884bcb2-cfca-407a-8d47-71db5f162213","geometry":{"type":"Point","coordinates":[-97.09039679287746,28.14674229869175]},"properties":{"substrate":"Mud","lease_number":null,"poll_year":2025}},{"type":"Feature","id":"689c23a0-c901-43ac-a180-565de66f4f83","geometry":{"type":"Point","coordinates":[-97.09002963974272,28.14614725369782]},"properties":{"substrate":"Solid Reef","lease_number":null,"poll_year":2025}},{"type":"Feature","id":"69381142-ecdb-418c-8710-1dc3b7c11c66","geometry":{"type":"Point","coordinates":[-97.08877697052006,28.14399767196588]},"properties":{"substrate":"Solid Reef","lease_number":null,"poll_year":2025}},{"type":"Feature","id":"6a5ffc60-ca5a-4f5c-9713-81c66afa39f2","geometry":{"type":"Point","coordinates":[-97.0873480491437,28.146087803591413]},"properties":{"substrate":"Solid Reef","lease_number":null,"poll_year":2025}},{"type":"Feature","id":"6a961630-20dd-4ccb-9ba6-cea5e35812b5","geometry":{"type":"Point","coordinates":[-97.08868202488273,28.14386618993285]},"properties":{"substrate":"Solid Reef","lease_number":null,"poll_year":2025}},{"type":"Feature","id":"6a9b25d4-be62-4fa3-acdb-76eedac41a2f","geometry":{"type":"Point","coordinates":[-97.08703447512579,28.140427164280823]},"properties":{"substrate":"Solid Reef","lease_number":null,"poll_year":2025}},{"type":"Feature","id":"6aa1c575-f6da-40aa-b569-4442ab348fe0","geometry":{"type":"Point","coordinates":[-97.08847448710264,28.14385115342401]},"properties":{"substrate":"Solid Reef","lease_number":null,"poll_year":2025}},{"type":"Feature","id":"6aa9ed95-5f1f-4c09-bc9c-1f2fd63e858b","geometry":{"type":"Point","coordinates":[-97.08809968481329,28.147281220040174]},"properties":{"substrate":"Solid Reef","lease_number":null,"poll_year":2025}},{"type":"Feature","id":"6af7a801-85ab-428b-8f42-45edcda5efc3","geometry":{"type":"Point","coordinates":[-97.08923508436551,28.14903670849524]},"properties":{"substrate":"Solid Reef","lease_number":null,"poll_year":2025}},{"type":"Feature","id":"6bac920d-0e84-40e2-8b88-1410212113bf","geometry":{"type":"Point","coordinates":[-97.08581984057224,28.142024867664563]},"properties":{"substrate":"Solid Reef","lease_number":null,"poll_year":2025}},{"type":"Feature","id":"6bd2c9f6-24db-4547-a3ca-cb6806ab1ed5","geometry":{"type":"Point","coordinates":[-97.08594777594007,28.141613160640304]},"properties":{"substrate":"Solid Reef","lease_number":null,"poll_year":2025}},{"type":"Feature","id":"6c1d7e16-7f35-4f8f-9d5a-9ea17656431b","geometry":{"type":"Point","coordinates":[-97.09652960479687,28.131629994122754]},"properties":{"substrate":"Solid Reef","lease_number":null,"poll_year":2025}},{"type":"Feature","id":"6c2d5241-37f7-443b-9240-46c204211213","geometry":{"type":"Point","coordinates":[-97.0883357054761,28.14735712490693]},"properties":{"substrate":"Solid Reef","lease_number":null,"poll_year":2025}},{"type":"Feature","id":"6c3f1d80-5cda-4cc0-95b5-f66b78f7179a","geometry":{"type":"Point","coordinates":[-97.09651146960792,28.131049186550822]},"properties":{"substrate":"Solid Reef","lease_number":null,"poll_year":2025}},{"type":"Feature","id":"6c68abb8-7239-4885-9a6f-eacb728e69f6","geometry":{"type":"Point","coordinates":[-97.07849484838815,28.142559862480226]},"properties":{"substrate":"Mud","lease_number":null,"poll_year":2025}},{"type":"Feature","id":"6c7048e2-0b2e-41ff-9753-f2df421ab75b","geometry":{"type":"Point","coordinates":[-97.0864655981075,28.1420294437272]},"properties":{"substrate":"Solid Reef","lease_number":null,"poll_year":2025}},{"type":"Feature","id":"6cf4284c-2ae4-4d2a-8e19-5a169cbe4f88","geometry":{"type":"Point","coordinates":[-97.07685411953915,28.140614785486843]},"properties":{"substrate":"Solid Reef","lease_number":null,"poll_year":2025}},{"type":"Feature","id":"6d1b7a69-25fd-477c-b5be-3afa90c44f1d","geometry":{"type":"Point","coordinates":[-97.08994578560423,28.1479345213206]},"properties":{"substrate":"Solid Reef","lease_number":null,"poll_year":2025}},{"type":"Feature","id":"6d545679-0415-456a-bf39-35b7389e1a5e","geometry":{"type":"Point","coordinates":[-97.08616085363052,28.14686758945214]},"properties":{"substrate":"Mud","lease_number":null,"poll_year":2025}},{"type":"Feature","id":"6d603a4f-c707-41c5-930d-4492da4e557d","geometry":{"type":"Point","coordinates":[-97.08824295621963,28.14103569291767]},"properties":{"substrate":"Solid Reef","lease_number":null,"poll_year":2025}},{"type":"Feature","id":"6d79b45b-4c12-41a3-bb41-f6375922b367","geometry":{"type":"Point","coordinates":[-97.07590272729647,28.14171123462284]},"properties":{"substrate":"Solid Reef","lease_number":null,"poll_year":2025}},{"type":"Feature","id":"6dd54d0d-4163-4027-8946-5663eebccfce","geometry":{"type":"Point","coordinates":[-97.0886983912889,28.147565717667035]},"properties":{"substrate":"Solid Reef","lease_number":null,"poll_year":2025}},{"type":"Feature","id":"6e2ec089-f0a8-46a0-bfc6-34c80d7fc461","geometry":{"type":"Point","coordinates":[-97.09624298832232,28.131929389297625]},"properties":{"substrate":"Solid Reef","lease_number":null,"poll_year":2025}},{"type":"Feature","id":"6e56f468-2f3d-47b3-a062-757f526296af","geometry":{"type":"Point","coordinates":[-97.08997363876792,28.146476896830052]},"properties":{"substrate":"Solid Reef","lease_number":null,"poll_year":2025}},{"type":"Feature","id":"6efbbd02-548f-4c7f-8830-11790e17505a","geometry":{"type":"Point","coordinates":[-97.08764185214052,28.145653512256033]},"properties":{"substrate":"Solid Reef","lease_number":null,"poll_year":2025}},{"type":"Feature","id":"6f0a56eb-5d6a-4c13-84eb-b7b5296d10bf","geometry":{"type":"Point","coordinates":[-97.09573786024815,28.131638415148316]},"properties":{"substrate":"Solid Reef","lease_number":null,"poll_year":2025}},{"type":"Feature","id":"6fe10e6a-6c23-46e1-8071-27179e9fbe68","geometry":{"type":"Point","coordinates":[-97.07571153615959,28.14040500208489]},"properties":{"substrate":"Mud","lease_number":null,"poll_year":2025}},{"type":"Feature","id":"70534780-a02a-4759-a912-ee46f7735b3e","geometry":{"type":"Point","coordinates":[-97.08676674483176,28.140734753192486]},"properties":{"substrate":"Solid Reef","lease_number":null,"poll_year":2025}},{"type":"Feature","id":"705da60e-0ec7-4d29-8fb9-2a3615401d63","geometry":{"type":"Point","coordinates":[-97.0908709820749,28.14706091898846]},"properties":{"substrate":"Mud","lease_number":null,"poll_year":2025}},{"type":"Feature","id":"708e11e8-2c5d-44b9-92af-a80cf78f34e3","geometry":{"type":"Point","coordinates":[-97.07748913232528,28.14268652848813]},"properties":{"substrate":"Solid Reef","lease_number":null,"poll_year":2025}},{"type":"Feature","id":"709f13bf-7f96-4f13-b38c-9e81404146f7","geometry":{"type":"Point","coordinates":[-97.09027045561253,28.147304120614624]},"properties":{"substrate":"Solid Reef","lease_number":null,"poll_year":2025}},{"type":"Feature","id":"70acc900-5484-4b91-ac14-343350a40aeb","geometry":{"type":"Point","coordinates":[-97.08908609518238,28.144097495895135]},"properties":{"substrate":"Solid Reef","lease_number":null,"poll_year":2025}},{"type":"Feature","id":"70bce26f-c00d-44aa-aa6d-d0df0fc86749","geometry":{"type":"Point","coordinates":[-97.09004100432938,28.149194656562333]},"properties":{"substrate":"Solid Reef","lease_number":null,"poll_year":2025}},{"type":"Feature","id":"70be2167-9b50-4372-b50c-e4a542d3cd7a","geometry":{"type":"Point","coordinates":[-97.07559728842176,28.14303291242916]},"properties":{"substrate":"Solid Reef","lease_number":null,"poll_year":2025}},{"type":"Feature","id":"70f76a07-7eec-46aa-8ad0-2885a9c8a733","geometry":{"type":"Point","coordinates":[-97.08860197870271,28.146691055687725]},"properties":{"substrate":"Solid Reef","lease_number":null,"poll_year":2025}},{"type":"Feature","id":"710a15bc-9caa-40eb-a3ff-ee4b7fa052a4","geometry":{"type":"Point","coordinates":[-97.07522813204395,28.141782063576237]},"properties":{"substrate":"Scattered Shell","lease_number":null,"poll_year":2025}},{"type":"Feature","id":"7114c67d-c161-4914-947a-a12d42fc479f","geometry":{"type":"Point","coordinates":[-97.08625685209336,28.145235597283204]},"properties":{"substrate":"Solid Reef","lease_number":null,"poll_year":2025}},{"type":"Feature","id":"713ca397-f4a6-476e-8f8a-d546312cc09e","geometry":{"type":"Point","coordinates":[-97.07710964262677,28.142389344856543]},"properties":{"substrate":"Mud","lease_number":null,"poll_year":2025}},{"type":"Feature","id":"718600db-2c80-4592-a256-6b130442dff1","geometry":{"type":"Point","coordinates":[-97.07807293575034,28.142795379753586]},"properties":{"substrate":"Mud","lease_number":null,"poll_year":2025}},{"type":"Feature","id":"72051ad5-19e4-4749-ad21-4b88288cf904","geometry":{"type":"Point","coordinates":[-97.07687535481415,28.14531940235271]},"properties":{"substrate":"Mud","lease_number":null,"poll_year":2025}},{"type":"Feature","id":"7254a913-4d9c-4614-a2b9-d2dfae67fb84","geometry":{"type":"Point","coordinates":[-97.08511261311874,28.14313483397081]},"properties":{"substrate":"Solid Reef","lease_number":null,"poll_year":2025}},{"type":"Feature","id":"72c4d69e-308a-40db-ad1f-0c00fa0fba39","geometry":{"type":"Point","coordinates":[-97.08795268719513,28.146397825375125]},"properties":{"substrate":"Solid Reef","lease_number":null,"poll_year":2025}},{"type":"Feature","id":"731afb6c-20d0-4bb2-b9cf-ebad79d89110","geometry":{"type":"Point","coordinates":[-97.08849785587645,28.146530465495697]},"properties":{"substrate":"Solid Reef","lease_number":null,"poll_year":2025}},{"type":"Feature","id":"732a2dc3-f621-49ea-bbb0-e7b6a3b46877","geometry":{"type":"Point","coordinates":[-97.07688410081175,28.14273504695783]},"properties":{"substrate":"Mud","lease_number":null,"poll_year":2025}},{"type":"Feature","id":"737aee24-0d2d-4f5a-b178-dcf1643bff1d","geometry":{"type":"Point","coordinates":[-97.07549964244869,28.14418567187931]},"properties":{"substrate":"Solid Reef","lease_number":null,"poll_year":2025}},{"type":"Feature","id":"7385e55f-de79-496b-b610-a0c53c9a1ac5","geometry":{"type":"Point","coordinates":[-97.07674564976521,28.145686271536267]},"properties":{"substrate":"Mud","lease_number":null,"poll_year":2025}},{"type":"Feature","id":"73bb791d-c0df-4b29-bac9-15a66509a006","geometry":{"type":"Point","coordinates":[-97.0876903629625,28.140374920172018]},"properties":{"substrate":"Solid Reef","lease_number":null,"poll_year":2025}},{"type":"Feature","id":"73e9292f-83d3-4db1-b397-c8f7da04fa19","geometry":{"type":"Point","coordinates":[-97.07611342714635,28.142977383917156]},"properties":{"substrate":"Solid Reef","lease_number":null,"poll_year":2025}},{"type":"Feature","id":"73ee09f7-39bf-4483-a6f6-6a68422a2983","geometry":{"type":"Point","coordinates":[-97.09605156631842,28.132512277137337]},"properties":{"substrate":"Solid Reef","lease_number":null,"poll_year":2025}},{"type":"Feature","id":"74a969dd-17b5-448f-9bfe-be7a45ca81fe","geometry":{"type":"Point","coordinates":[-97.07695606125591,28.142645775079444]},"properties":{"substrate":"Solid Reef","lease_number":null,"poll_year":2025}},{"type":"Feature","id":"75541f2d-c3a2-4949-9833-354dc8b73c08","geometry":{"type":"Point","coordinates":[-97.08884919956047,28.14443716222892]},"properties":{"substrate":"Solid Reef","lease_number":null,"poll_year":2025}},{"type":"Feature","id":"75770121-4dad-4bbf-9845-7d1f1d50f234","geometry":{"type":"Point","coordinates":[-97.07599853801142,28.144910038338633]},"properties":{"substrate":"Mud","lease_number":null,"poll_year":2025}},{"type":"Feature","id":"75b0b513-f306-45f0-95cf-9614e39ac449","geometry":{"type":"Point","coordinates":[-97.08886790068807,28.149499677776085]},"properties":{"substrate":"Solid Reef","lease_number":null,"poll_year":2025}},{"type":"Feature","id":"75e1edc1-bee8-4772-a2d7-24cdad501f98","geometry":{"type":"Point","coordinates":[-97.08886814862309,28.144489123953278]},"properties":{"substrate":"Solid Reef","lease_number":null,"poll_year":2025}},{"type":"Feature","id":"7649bb2a-a816-434f-9f4f-8f3115bcb419","geometry":{"type":"Point","coordinates":[-97.09128219577768,28.149145779837344]},"properties":{"substrate":"Solid Reef","lease_number":null,"poll_year":2025}},{"type":"Feature","id":"76ea7d0e-adba-47b3-87f2-0f985fabdf16","geometry":{"type":"Point","coordinates":[-97.08862248903729,28.145580004633995]},"properties":{"substrate":"Solid Reef","lease_number":null,"poll_year":2025}},{"type":"Feature","id":"775f1366-7b9a-4c3a-9ff2-a76c1408b323","geometry":{"type":"Point","coordinates":[-97.07675264674296,28.14252281849236]},"properties":{"substrate":"Solid Reef","lease_number":null,"poll_year":2025}},{"type":"Feature","id":"776cc6fe-a2d2-4f6e-8d54-e6fb7315a4a4","geometry":{"type":"Point","coordinates":[-97.07702207485288,28.145004814185473]},"properties":{"substrate":"Mud","lease_number":null,"poll_year":2025}},{"type":"Feature","id":"77a81ebd-db4b-4563-bb28-5cfaa7c24ab9","geometry":{"type":"Point","coordinates":[-97.09493106802013,28.13188689451889]},"properties":{"substrate":"Solid Reef","lease_number":null,"poll_year":2025}},{"type":"Feature","id":"77bf46b0-2f90-4081-85c0-3ed7e7e24e04","geometry":{"type":"Point","coordinates":[-97.08871026971191,28.14929471485084]},"properties":{"substrate":"Solid Reef","lease_number":null,"poll_year":2025}},{"type":"Feature","id":"77c4d93e-7330-42cd-808e-232b4b475af0","geometry":{"type":"Point","coordinates":[-97.087370729808,28.140069537106775]},"properties":{"substrate":"Solid Reef","lease_number":null,"poll_year":2025}},{"type":"Feature","id":"77d55530-a09f-4dfb-95f7-68c8e96037e2","geometry":{"type":"Point","coordinates":[-97.08714725860972,28.14436846419641]},"properties":{"substrate":"Solid Reef","lease_number":null,"poll_year":2025}},{"type":"Feature","id":"77dc40c2-d7f7-41de-bad3-094f37089c16","geometry":{"type":"Point","coordinates":[-97.08760267571267,28.147012575944025]},"properties":{"substrate":"Solid Reef","lease_number":null,"poll_year":2025}},{"type":"Feature","id":"780a3512-7355-4551-9b47-500c5129b447","geometry":{"type":"Point","coordinates":[-97.08700306732852,28.147070934050614]},"properties":{"substrate":"Solid Reef","lease_number":null,"poll_year":2025}},{"type":"Feature","id":"7822cef6-49bb-45cb-bd1d-ecd7b83caf8d","geometry":{"type":"Point","coordinates":[-97.08851786045952,28.146945604716134]},"properties":{"substrate":"Solid Reef","lease_number":null,"poll_year":2025}},{"type":"Feature","id":"782352c3-3ca1-42cb-ba75-855e49e74c69","geometry":{"type":"Point","coordinates":[-97.08901097985495,28.148371924956127]},"properties":{"substrate":"Solid Reef","lease_number":null,"poll_year":2025}},{"type":"Feature","id":"78820a58-5e1c-41a5-b4da-d10b5f77d9a8","geometry":{"type":"Point","coordinates":[-97.08950403367336,28.14666450981545]},"properties":{"substrate":"Solid Reef","lease_number":null,"poll_year":2025}},{"type":"Feature","id":"78960650-c84e-443b-9511-283f269e518d","geometry":{"type":"Point","coordinates":[-97.0764793819285,28.141087004373777]},"properties":{"substrate":"Solid Reef","lease_number":null,"poll_year":2025}},{"type":"Feature","id":"78d83938-f23b-4840-b58a-f779f623caa7","geometry":{"type":"Point","coordinates":[-97.07803134644762,28.141329796571487]},"properties":{"substrate":"Solid Reef","lease_number":null,"poll_year":2025}},{"type":"Feature","id":"78e439ed-9c71-44c3-be53-bd2b6fda3cc7","geometry":{"type":"Point","coordinates":[-97.07535726127279,28.143241256968174]},"properties":{"substrate":"Solid Reef","lease_number":null,"poll_year":2025}},{"type":"Feature","id":"794191c6-85a3-4739-9aa9-51547383e160","geometry":{"type":"Point","coordinates":[-97.07569989129857,28.14632190081839]},"properties":{"substrate":"Mud","lease_number":null,"poll_year":2025}},{"type":"Feature","id":"79421a71-2148-43b5-8b8a-c696bb3ead39","geometry":{"type":"Point","coordinates":[-97.08711141223661,28.147934488845554]},"properties":{"substrate":"Solid Reef","lease_number":null,"poll_year":2025}},{"type":"Feature","id":"7968d4ad-9550-42f7-b415-c816476643f3","geometry":{"type":"Point","coordinates":[-97.08724522977292,28.142008795599523]},"properties":{"substrate":"Solid Reef","lease_number":null,"poll_year":2025}},{"type":"Feature","id":"7996c297-db63-4137-8c59-059cfe083804","geometry":{"type":"Point","coordinates":[-97.07604360289595,28.14086173583265]},"properties":{"substrate":"Solid Reef","lease_number":null,"poll_year":2025}},{"type":"Feature","id":"7a324896-813a-46f7-aae6-829589a3b8b5","geometry":{"type":"Point","coordinates":[-97.07783490106465,28.14303704882767]},"properties":{"substrate":"Mud","lease_number":null,"poll_year":2025}},{"type":"Feature","id":"7a9b264f-f2f1-40ab-8b0e-fe211bc796d8","geometry":{"type":"Point","coordinates":[-97.08553104658145,28.143239595916654]},"properties":{"substrate":"Solid Reef","lease_number":null,"poll_year":2025}},{"type":"Feature","id":"7a9dc7d1-4074-4533-93be-5b5574fd0cd2","geometry":{"type":"Point","coordinates":[-97.09097525132655,28.148304205279114]},"properties":{"substrate":"Solid Reef","lease_number":null,"poll_year":2025}},{"type":"Feature","id":"7aa62e5d-5b7d-46f1-bbcb-1a2e81204e4b","geometry":{"type":"Point","coordinates":[-97.08688312247514,28.1437964182327]},"properties":{"substrate":"Solid Reef","lease_number":null,"poll_year":2025}},{"type":"Feature","id":"7affa7ee-497d-4add-9c45-557aad2b6853","geometry":{"type":"Point","coordinates":[-97.08828438382558,28.144716927499044]},"properties":{"substrate":"Solid Reef","lease_number":null,"poll_year":2025}},{"type":"Feature","id":"7b1dad3a-960a-4eec-8345-1783dc52d313","geometry":{"type":"Point","coordinates":[-97.07824101054,28.143069010461534]},"properties":{"substrate":"Mud","lease_number":null,"poll_year":2025}},{"type":"Feature","id":"7c31c885-bbef-4562-b467-7a59fbbb4e3d","geometry":{"type":"Point","coordinates":[-97.08698370773583,28.146393060190782]},"properties":{"substrate":"Solid Reef","lease_number":null,"poll_year":2025}},{"type":"Feature","id":"7c55c6e5-bcda-4b02-b1a9-b6ab8215ae50","geometry":{"type":"Point","coordinates":[-97.07695252548694,28.14469013479505]},"properties":{"substrate":"Mud","lease_number":null,"poll_year":2025}},{"type":"Feature","id":"7c7353db-81e7-40a7-8ebb-6d5e9392fe91","geometry":{"type":"Point","coordinates":[-97.08775760006489,28.14532782547067]},"properties":{"substrate":"Solid Reef","lease_number":null,"poll_year":2025}},{"type":"Feature","id":"7c778ed0-e59e-4994-8a9f-081dbaaaaf0e","geometry":{"type":"Point","coordinates":[-97.08695378126045,28.14751110952226]},"properties":{"substrate":"Mud","lease_number":null,"poll_year":2025}},{"type":"Feature","id":"7ca13697-1391-4805-b5d6-cf03d1cb0a53","geometry":{"type":"Point","coordinates":[-97.09009912173502,28.147457504119494]},"properties":{"substrate":"Solid Reef","lease_number":null,"poll_year":2025}},{"type":"Feature","id":"7cf330a9-2df6-4ed3-a04f-cf1d9dcf53c3","geometry":{"type":"Point","coordinates":[-97.09515404334837,28.131761989463183]},"properties":{"substrate":"Solid Reef","lease_number":null,"poll_year":2025}},{"type":"Feature","id":"7cf4be53-65d8-44a2-bec5-e84bd6ec85fa","geometry":{"type":"Point","coordinates":[-97.07750878027718,28.14443431621482]},"properties":{"substrate":"Mud","lease_number":null,"poll_year":2025}},{"type":"Feature","id":"7d5f112f-1d14-469b-8b39-393d3f5d5cd1","geometry":{"type":"Point","coordinates":[-97.07540603170787,28.14492659948371]},"properties":{"substrate":"Mud","lease_number":null,"poll_year":2025}},{"type":"Feature","id":"7d8ebf63-a82d-4d20-83e3-c9a7d2e6befb","geometry":{"type":"Point","coordinates":[-97.07685958758428,28.14168864098716]},"properties":{"substrate":"Solid Reef","lease_number":null,"poll_year":2025}},{"type":"Feature","id":"7e457a80-2c2d-4fe8-9e71-f8bafadc8c28","geometry":{"type":"Point","coordinates":[-97.0966185263319,28.131928032272487]},"properties":{"substrate":"Solid Reef","lease_number":null,"poll_year":2025}},{"type":"Feature","id":"7e8f8751-ea72-4e2a-be0c-3d636a7b8be9","geometry":{"type":"Point","coordinates":[-97.07661271347622,28.146037218499192]},"properties":{"substrate":"Mud","lease_number":null,"poll_year":2025}},{"type":"Feature","id":"7ee18068-bdb1-4433-bb7a-d9a2c0520a3a","geometry":{"type":"Point","coordinates":[-97.07678295590065,28.139534822151628]},"properties":{"substrate":"Firm/Hard Bottom","lease_number":null,"poll_year":2025}},{"type":"Feature","id":"7ee7f0b6-3e91-445f-9fd9-43f7d0f06796","geometry":{"type":"Point","coordinates":[-97.07554963189762,28.140463262399198]},"properties":{"substrate":"Solid Reef","lease_number":null,"poll_year":2025}},{"type":"Feature","id":"7f9bfaba-8d87-4be0-8712-13643dd87a54","geometry":{"type":"Point","coordinates":[-97.0765303235916,28.145698254279335]},"properties":{"substrate":"Mud","lease_number":null,"poll_year":2025}},{"type":"Feature","id":"7fa5e6b5-508a-41c2-b165-e0766588bf30","geometry":{"type":"Point","coordinates":[-97.08531268769545,28.14262708517403]},"properties":{"substrate":"Solid Reef","lease_number":null,"poll_year":2025}},{"type":"Feature","id":"7fd9f5f4-677a-478a-8550-1f8451521873","geometry":{"type":"Point","coordinates":[-97.07698951721203,28.14291938636683]},"properties":{"substrate":"Mud","lease_number":null,"poll_year":2025}},{"type":"Feature","id":"80495cf4-dfe2-4d47-9293-6d82ec32ad2b","geometry":{"type":"Point","coordinates":[-97.08970858365683,28.148712857715378]},"properties":{"substrate":"Solid Reef","lease_number":null,"poll_year":2025}},{"type":"Feature","id":"807f3e79-b78b-41b2-ba1e-9f6de38e25d9","geometry":{"type":"Point","coordinates":[-97.07692451511808,28.140360407562994]},"properties":{"substrate":"Solid Reef","lease_number":null,"poll_year":2025}},{"type":"Feature","id":"80a39020-5941-47d3-b9a1-27bdbe0b27db","geometry":{"type":"Point","coordinates":[-97.07636001469184,28.146184492077545]},"properties":{"substrate":"Mud","lease_number":null,"poll_year":2025}},{"type":"Feature","id":"80fbbe06-6085-411b-b428-217fbd2d864f","geometry":{"type":"Point","coordinates":[-97.09065917190733,28.146079040727695]},"properties":{"substrate":"Mud","lease_number":null,"poll_year":2025}},{"type":"Feature","id":"80fcef3f-a068-4d85-b821-4d80d5d033c8","geometry":{"type":"Point","coordinates":[-97.07558283991875,28.147224457295376]},"properties":{"substrate":"Mud","lease_number":null,"poll_year":2025}},{"type":"Feature","id":"80ffa81c-fc72-4ace-a0eb-2419308bbf6e","geometry":{"type":"Point","coordinates":[-97.07587443305997,28.143265506574842]},"properties":{"substrate":"Solid Reef","lease_number":null,"poll_year":2025}},{"type":"Feature","id":"8107ab17-7f1d-4764-a977-52d9e2c610d9","geometry":{"type":"Point","coordinates":[-97.09678797284899,28.13075194132654]},"properties":{"substrate":"Solid Reef","lease_number":null,"poll_year":2025}},{"type":"Feature","id":"811ba154-f38e-4d0a-8b80-1c65ddd1ac78","geometry":{"type":"Point","coordinates":[-97.08575862667385,28.142490972344174]},"properties":{"substrate":"Solid Reef","lease_number":null,"poll_year":2025}},{"type":"Feature","id":"8126b39b-85e3-4106-b9ef-eb8f4555fda8","geometry":{"type":"Point","coordinates":[-97.0889330842417,28.146788715514177]},"properties":{"substrate":"Solid Reef","lease_number":null,"poll_year":2025}},{"type":"Feature","id":"812cd251-91d8-4e58-a31a-68898ad547f6","geometry":{"type":"Point","coordinates":[-97.09109251920039,28.14672655050431]},"properties":{"substrate":"Mud","lease_number":null,"poll_year":2025}},{"type":"Feature","id":"81389e60-2fbb-4659-a51a-19bef45c3c82","geometry":{"type":"Point","coordinates":[-97.08625573638578,28.140979302330212]},"properties":{"substrate":"Solid Reef","lease_number":null,"poll_year":2025}},{"type":"Feature","id":"816288f8-f623-422b-8856-56522ff18f90","geometry":{"type":"Point","coordinates":[-97.08713605032993,28.1466060302986]},"properties":{"substrate":"Solid Reef","lease_number":null,"poll_year":2025}},{"type":"Feature","id":"817e55c8-4410-4155-88e6-ebc1f647edfe","geometry":{"type":"Point","coordinates":[-97.08840310247861,28.142282489309764]},"properties":{"substrate":"Solid Reef","lease_number":null,"poll_year":2025}},{"type":"Feature","id":"81b3b34c-e2ec-4275-a0cc-b3c9b1b8c8a0","geometry":{"type":"Point","coordinates":[-97.07660408695455,28.144812696806223]},"properties":{"substrate":"Mud","lease_number":null,"poll_year":2025}},{"type":"Feature","id":"81cc32db-140d-47e5-9727-e9ed07f5832b","geometry":{"type":"Point","coordinates":[-97.07777737924208,28.143137044747792]},"properties":{"substrate":"Mud","lease_number":null,"poll_year":2025}},{"type":"Feature","id":"81ea9ec5-1fae-423a-acca-7d5e5d589976","geometry":{"type":"Point","coordinates":[-97.08947832748319,28.14534786621534]},"properties":{"substrate":"Solid Reef","lease_number":null,"poll_year":2025}},{"type":"Feature","id":"81f684bc-a988-4177-8654-1e49324a7158","geometry":{"type":"Point","coordinates":[-97.08715212388529,28.148485529198293]},"properties":{"substrate":"Mud","lease_number":null,"poll_year":2025}},{"type":"Feature","id":"8208c6d9-1139-489b-8789-5d14d63a6ce7","geometry":{"type":"Point","coordinates":[-97.07615146451042,28.140268865836088]},"properties":{"substrate":"Solid Reef","lease_number":null,"poll_year":2025}},{"type":"Feature","id":"825ee4a5-7717-4c36-b694-4aea06ec900d","geometry":{"type":"Point","coordinates":[-97.08644803155212,28.14527468155767]},"properties":{"substrate":"Solid Reef","lease_number":null,"poll_year":2025}},{"type":"Feature","id":"82798df9-6e24-4471-916e-9592c8f429c3","geometry":{"type":"Point","coordinates":[-97.07752280208045,28.141603516572374]},"properties":{"substrate":"Solid Reef","lease_number":null,"poll_year":2025}},{"type":"Feature","id":"828f4159-f92e-4376-a0c7-eadf89aead23","geometry":{"type":"Point","coordinates":[-97.08738776006915,28.147425445577632]},"properties":{"substrate":"Solid Reef","lease_number":null,"poll_year":2025}},{"type":"Feature","id":"829e0009-21e0-423e-b260-4c1ad0c1e9a5","geometry":{"type":"Point","coordinates":[-97.07597060938923,28.143412277807954]},"properties":{"substrate":"Solid Reef","lease_number":null,"poll_year":2025}},{"type":"Feature","id":"82d72f64-90e0-4e55-82ca-8d90a8a58344","geometry":{"type":"Point","coordinates":[-97.07568741998749,28.14374957792162]},"properties":{"substrate":"Solid Reef","lease_number":null,"poll_year":2025}},{"type":"Feature","id":"83163e5c-23ab-4da6-ba74-b0c02830603c","geometry":{"type":"Point","coordinates":[-97.07650144455185,28.145627861981342]},"properties":{"substrate":"Mud","lease_number":null,"poll_year":2025}},{"type":"Feature","id":"83a7fc21-648b-4bb6-a172-8c34a5f127dd","geometry":{"type":"Point","coordinates":[-97.08661385965524,28.14628642883819]},"properties":{"substrate":"Solid Reef","lease_number":null,"poll_year":2025}},{"type":"Feature","id":"83aacbc8-f485-4b84-a2d7-1df82b915497","geometry":{"type":"Point","coordinates":[-97.087457363334,28.14847068501885]},"properties":{"substrate":"Solid Reef","lease_number":null,"poll_year":2025}},{"type":"Feature","id":"83b0797c-a353-4f63-9e99-fb310853309c","geometry":{"type":"Point","coordinates":[-97.08721286616817,28.141320613493466]},"properties":{"substrate":"Solid Reef","lease_number":null,"poll_year":2025}},{"type":"Feature","id":"83dca7a2-b3e0-4b89-8047-3cc3a6c7be51","geometry":{"type":"Point","coordinates":[-97.07782486239137,28.14037194255647]},"properties":{"substrate":"Firm/Hard Bottom","lease_number":null,"poll_year":2025}},{"type":"Feature","id":"83f1bc40-8740-4bc6-8165-dc7b5317a7f4","geometry":{"type":"Point","coordinates":[-97.08945669694947,28.145743313912007]},"properties":{"substrate":"Solid Reef","lease_number":null,"poll_year":2025}},{"type":"Feature","id":"83fb91df-f220-40ae-869f-835a16fa07a7","geometry":{"type":"Point","coordinates":[-97.08875696054712,28.145771461618175]},"properties":{"substrate":"Solid Reef","lease_number":null,"poll_year":2025}},{"type":"Feature","id":"8416fec8-8801-4533-9445-809c4112ebe4","geometry":{"type":"Point","coordinates":[-97.08872380283165,28.14231285743269]},"properties":{"substrate":"Mud","lease_number":null,"poll_year":2025}},{"type":"Feature","id":"843b95ef-9cb0-4cbe-94ef-24148a9aeb65","geometry":{"type":"Point","coordinates":[-97.08752423033049,28.142474866288158]},"properties":{"substrate":"Solid Reef","lease_number":null,"poll_year":2025}},{"type":"Feature","id":"845409a0-a14b-4d4f-a8b8-a5cdc84b61e6","geometry":{"type":"Point","coordinates":[-97.0864199951321,28.145489308569378]},"properties":{"substrate":"Solid Reef","lease_number":null,"poll_year":2025}},{"type":"Feature","id":"8479cbc1-e7ee-4d1e-89d8-501fc0126789","geometry":{"type":"Point","coordinates":[-97.08888353945885,28.147498282627918]},"properties":{"substrate":"Solid Reef","lease_number":null,"poll_year":2025}},{"type":"Feature","id":"84969a74-eb71-413a-9a9a-aa682fa48927","geometry":{"type":"Point","coordinates":[-97.09627946441442,28.130986430140727]},"properties":{"substrate":"Solid Reef","lease_number":null,"poll_year":2025}},{"type":"Feature","id":"84c5177b-d1b2-4ae4-919a-2b920d51b12f","geometry":{"type":"Point","coordinates":[-97.08592884214883,28.143097660275835]},"properties":{"substrate":"Solid Reef","lease_number":null,"poll_year":2025}},{"type":"Feature","id":"84c57c9d-a359-4055-bff9-1a3cc23620d7","geometry":{"type":"Point","coordinates":[-97.08967484922296,28.144960605745048]},"properties":{"substrate":"Solid Reef","lease_number":null,"poll_year":2025}},{"type":"Feature","id":"84fec240-701a-4c44-b3ad-e91ef6092b64","geometry":{"type":"Point","coordinates":[-97.08901649910406,28.145450850918113]},"properties":{"substrate":"Solid Reef","lease_number":null,"poll_year":2025}},{"type":"Feature","id":"850c91ca-c47b-41a1-8481-819453e6d725","geometry":{"type":"Point","coordinates":[-97.09564126350733,28.132780249384794]},"properties":{"substrate":"Solid Reef","lease_number":null,"poll_year":2025}},{"type":"Feature","id":"853bd9f1-bc63-4548-8887-215755b1b831","geometry":{"type":"Point","coordinates":[-97.07789099276931,28.14331771283685]},"properties":{"substrate":"Mud","lease_number":null,"poll_year":2025}},{"type":"Feature","id":"8546114c-80f7-4ebf-84da-3b856ce5371e","geometry":{"type":"Point","coordinates":[-97.08776053486092,28.14819335487851]},"properties":{"substrate":"Solid Reef","lease_number":null,"poll_year":2025}},{"type":"Feature","id":"856b44fa-3449-4d24-9529-83f09b3ced4b","geometry":{"type":"Point","coordinates":[-97.08886423196844,28.14377784813583]},"properties":{"substrate":"Solid Reef","lease_number":null,"poll_year":2025}},{"type":"Feature","id":"85866cf6-6f61-4ff0-b7ff-8db83136e30c","geometry":{"type":"Point","coordinates":[-97.07741618912421,28.14336503097769]},"properties":{"substrate":"Mud","lease_number":null,"poll_year":2025}},{"type":"Feature","id":"85a65753-1db4-4033-acd0-97ee27fa966a","geometry":{"type":"Point","coordinates":[-97.08905377829004,28.144308862603538]},"properties":{"substrate":"Solid Reef","lease_number":null,"poll_year":2025}},{"type":"Feature","id":"85d8fdb1-a35d-4c45-bcc6-b89000adf64a","geometry":{"type":"Point","coordinates":[-97.08842183594554,28.146050761615815]},"properties":{"substrate":"Solid Reef","lease_number":null,"poll_year":2025}},{"type":"Feature","id":"85f1ac8a-27c2-42a5-95e1-355d87ccecaa","geometry":{"type":"Point","coordinates":[-97.07687369742246,28.14127686692438]},"properties":{"substrate":"Mud","lease_number":null,"poll_year":2025}},{"type":"Feature","id":"862aa67a-da2d-44b0-9744-56927ff4d02b","geometry":{"type":"Point","coordinates":[-97.08851758737167,28.147945802034798]},"properties":{"substrate":"Solid Reef","lease_number":null,"poll_year":2025}},{"type":"Feature","id":"86656020-bc82-46c8-9f6d-3fe697a05da8","geometry":{"type":"Point","coordinates":[-97.07636626157633,28.145225180457846]},"properties":{"substrate":"Mud","lease_number":null,"poll_year":2025}},{"type":"Feature","id":"86c0379b-b23f-4da9-8c7e-d8cb97eb2126","geometry":{"type":"Point","coordinates":[-97.08800453705501,28.14623127666981]},"properties":{"substrate":"Solid Reef","lease_number":null,"poll_year":2025}},{"type":"Feature","id":"86daa65e-ac68-4b04-bae3-e93d531e3dcc","geometry":{"type":"Point","coordinates":[-97.08942100598492,28.147913010970708]},"properties":{"substrate":"Solid Reef","lease_number":null,"poll_year":2025}},{"type":"Feature","id":"86df6bdf-63b5-4c17-bf1e-af372122ba93","geometry":{"type":"Point","coordinates":[-97.0868367523385,28.147338549090794]},"properties":{"substrate":"Mud","lease_number":null,"poll_year":2025}},{"type":"Feature","id":"873e32ce-5a01-4b56-b341-1a2dd8a881dd","geometry":{"type":"Point","coordinates":[-97.08735995271954,28.148782483640478]},"properties":{"substrate":"Mud","lease_number":null,"poll_year":2025}},{"type":"Feature","id":"874772b8-e665-4802-b175-205785da7df8","geometry":{"type":"Point","coordinates":[-97.09030919995072,28.145559772246656]},"properties":{"substrate":"Mud","lease_number":null,"poll_year":2025}},{"type":"Feature","id":"875de39e-a03b-44da-9d7a-aaf99bc78923","geometry":{"type":"Point","coordinates":[-97.08772868599084,28.142777691103724]},"properties":{"substrate":"Solid Reef","lease_number":null,"poll_year":2025}},{"type":"Feature","id":"88087dd8-9f83-40ee-b0ab-343e89669b62","geometry":{"type":"Point","coordinates":[-97.09004653615492,28.148091347062284]},"properties":{"substrate":"Solid Reef","lease_number":null,"poll_year":2025}},{"type":"Feature","id":"88423f10-731a-418e-ae29-4c304227cdfd","geometry":{"type":"Point","coordinates":[-97.07560890812996,28.142289826676166]},"properties":{"substrate":"Solid Reef","lease_number":null,"poll_year":2025}},{"type":"Feature","id":"8881cc08-837c-413b-a6d1-008d50264715","geometry":{"type":"Point","coordinates":[-97.09166290269341,28.149054050770825]},"properties":{"substrate":"Mud","lease_number":null,"poll_year":2025}},{"type":"Feature","id":"8916fe2d-4bfc-45cd-aa09-cd52e2b9f48c","geometry":{"type":"Point","coordinates":[-97.08463949111984,28.143429660599693]},"properties":{"substrate":"Mud","lease_number":null,"poll_year":2025}},{"type":"Feature","id":"892a6d95-0857-4ff2-b0a4-211310bc2fb9","geometry":{"type":"Point","coordinates":[-97.07573025705011,28.141444775485663]},"properties":{"substrate":"Solid Reef","lease_number":null,"poll_year":2025}},{"type":"Feature","id":"8934eb0a-c7f6-44b2-99bf-34d6d243d1b8","geometry":{"type":"Point","coordinates":[-97.08528225996014,28.141882894768823]},"properties":{"substrate":"Solid Reef","lease_number":null,"poll_year":2025}},{"type":"Feature","id":"89485401-25e1-4836-be3e-462659ea031e","geometry":{"type":"Point","coordinates":[-97.0762862621087,28.143895340935572]},"properties":{"substrate":"Scattered Shell","lease_number":null,"poll_year":2025}},{"type":"Feature","id":"895ce3c0-fcc5-4b13-83c2-d9c9917d4d0d","geometry":{"type":"Point","coordinates":[-97.07661857139018,28.14231780894569]},"properties":{"substrate":"Solid Reef","lease_number":null,"poll_year":2025}},{"type":"Feature","id":"895fdc63-7b84-487b-b518-fff704dd2ffa","geometry":{"type":"Point","coordinates":[-97.08509723935099,28.142621713063296]},"properties":{"substrate":"Solid Reef","lease_number":null,"poll_year":2025}},{"type":"Feature","id":"89bf6c3d-4fac-40fa-a52f-29a8b441fd95","geometry":{"type":"Point","coordinates":[-97.08698194524123,28.14393941278183]},"properties":{"substrate":"Solid Reef","lease_number":null,"poll_year":2025}},{"type":"Feature","id":"8a24b072-2a9f-4719-ae53-c406798faf3f","geometry":{"type":"Point","coordinates":[-97.09101720624359,28.147691995182356]},"properties":{"substrate":"Mud","lease_number":null,"poll_year":2025}},{"type":"Feature","id":"8b02b3be-68c7-4f27-84fd-480bb38ca246","geometry":{"type":"Point","coordinates":[-97.08995359376068,28.145044907673388]},"properties":{"substrate":"Mud","lease_number":null,"poll_year":2025}},{"type":"Feature","id":"8b2aa13d-e56f-41f4-b0de-1e7deb863388","geometry":{"type":"Point","coordinates":[-97.08860876816964,28.146324334897766]},"properties":{"substrate":"Solid Reef","lease_number":null,"poll_year":2025}},{"type":"Feature","id":"8b2bee09-8d39-4665-bd50-201c2ba29be1","geometry":{"type":"Point","coordinates":[-97.07764803621421,28.143721913660183]},"properties":{"substrate":"Mud","lease_number":null,"poll_year":2025}},{"type":"Feature","id":"8b790e3f-b639-4183-8f7c-99938593d756","geometry":{"type":"Point","coordinates":[-97.08801409602798,28.149077670161496]},"properties":{"substrate":"Solid Reef","lease_number":null,"poll_year":2025}},{"type":"Feature","id":"8bac9dae-d59b-47a7-a458-7fce422f650a","geometry":{"type":"Point","coordinates":[-97.08659650510228,28.146967669716965]},"properties":{"substrate":"Mud","lease_number":null,"poll_year":2025}},{"type":"Feature","id":"8bca61f2-8662-460c-a0e3-e8f0cf02a066","geometry":{"type":"Point","coordinates":[-97.07552981865572,28.14499293116887]},"properties":{"substrate":"Mud","lease_number":null,"poll_year":2025}},{"type":"Feature","id":"8c174a83-7a7b-4338-92b0-4b46ab61d52b","geometry":{"type":"Point","coordinates":[-97.09089105942151,28.147143870351993]},"properties":{"substrate":"Solid Reef","lease_number":null,"poll_year":2025}},{"type":"Feature","id":"8d057acd-b8f5-4123-abc3-4b475f38c470","geometry":{"type":"Point","coordinates":[-97.08965631787697,28.146026122932504]},"properties":{"substrate":"Solid Reef","lease_number":null,"poll_year":2025}},{"type":"Feature","id":"8d057b89-3b30-4e68-a691-6f56102e6eae","geometry":{"type":"Point","coordinates":[-97.0877651998122,28.142157511616475]},"properties":{"substrate":"Solid Reef","lease_number":null,"poll_year":2025}},{"type":"Feature","id":"8d15afbf-2046-408a-b247-08f5f9c5bef2","geometry":{"type":"Point","coordinates":[-97.08876455131126,28.14471409337387]},"properties":{"substrate":"Solid Reef","lease_number":null,"poll_year":2025}},{"type":"Feature","id":"8d6764f4-9306-488e-9005-f42fee185cad","geometry":{"type":"Point","coordinates":[-97.0873554422785,28.143798513348777]},"properties":{"substrate":"Solid Reef","lease_number":null,"poll_year":2025}},{"type":"Feature","id":"8dd43b4a-db2d-437a-860b-62ecfc8e3bb6","geometry":{"type":"Point","coordinates":[-97.09068391690015,28.149347595388033]},"properties":{"substrate":"Solid Reef","lease_number":null,"poll_year":2025}},{"type":"Feature","id":"8de38af4-6678-4784-9268-7ed728586270","geometry":{"type":"Point","coordinates":[-97.07756661471349,28.139988956661973]},"properties":{"substrate":"Firm/Hard Bottom","lease_number":null,"poll_year":2025}},{"type":"Feature","id":"8e0c1688-09aa-4001-a60a-2325be5e7e5f","geometry":{"type":"Point","coordinates":[-97.08995202260725,28.14431135217566]},"properties":{"substrate":"Mud","lease_number":null,"poll_year":2025}},{"type":"Feature","id":"8e492f0e-8b45-4d77-9de9-51ce4f2f3ac3","geometry":{"type":"Point","coordinates":[-97.08833802941773,28.14159011230666]},"properties":{"substrate":"Solid Reef","lease_number":null,"poll_year":2025}},{"type":"Feature","id":"8e50b7f4-0a49-4e07-ad4f-67d625645a81","geometry":{"type":"Point","coordinates":[-97.07668157473265,28.140663662144462]},"properties":{"substrate":"Solid Reef","lease_number":null,"poll_year":2025}},{"type":"Feature","id":"8e5cbae8-6fb0-4c77-9ff2-152218437918","geometry":{"type":"Point","coordinates":[-97.08760513080834,28.144846333986706]},"properties":{"substrate":"Solid Reef","lease_number":null,"poll_year":2025}},{"type":"Feature","id":"8e6132af-1273-42df-a361-99d37a766cde","geometry":{"type":"Point","coordinates":[-97.08545449574619,28.14381935757332]},"properties":{"substrate":"Mud","lease_number":null,"poll_year":2025}},{"type":"Feature","id":"8e983fbb-97e6-4d93-ba7b-8a98be6f289d","geometry":{"type":"Point","coordinates":[-97.07663633647324,28.143847000422742]},"properties":{"substrate":"Mud","lease_number":null,"poll_year":2025}},{"type":"Feature","id":"8e9860de-58fb-4806-9524-3167c4c0633d","geometry":{"type":"Point","coordinates":[-97.08838599496232,28.14215879326098]},"properties":{"substrate":"Solid Reef","lease_number":null,"poll_year":2025}},{"type":"Feature","id":"8eb27e63-ff69-4ee6-9da8-006534b82c9a","geometry":{"type":"Point","coordinates":[-97.08999107506759,28.14537487341193]},"properties":{"substrate":"Mud","lease_number":null,"poll_year":2025}},{"type":"Feature","id":"8eceb127-3522-457b-bbaa-a1eb49addce9","geometry":{"type":"Point","coordinates":[-97.07592715877725,28.144256359786738]},"properties":{"substrate":"Mud","lease_number":null,"poll_year":2025}},{"type":"Feature","id":"8ee4def9-a300-4406-a372-c75456cffd97","geometry":{"type":"Point","coordinates":[-97.07640136055113,28.14481225323199]},"properties":{"substrate":"Mud","lease_number":null,"poll_year":2025}},{"type":"Feature","id":"8ee5b0f8-03b6-4962-a82f-5c5a6d3363e0","geometry":{"type":"Point","coordinates":[-97.08700135244464,28.147784386006055]},"properties":{"substrate":"Mud","lease_number":null,"poll_year":2025}},{"type":"Feature","id":"8ef4b3e6-b2cd-457d-a434-90d06137fd87","geometry":{"type":"Point","coordinates":[-97.0866869079592,28.14160446870134]},"properties":{"substrate":"Solid Reef","lease_number":null,"poll_year":2025}},{"type":"Feature","id":"8ef88928-81e9-4e9a-8b1f-12f045e1e16d","geometry":{"type":"Point","coordinates":[-97.07622700923257,28.14315211066495]},"properties":{"substrate":"Solid Reef","lease_number":null,"poll_year":2025}},{"type":"Feature","id":"8f255608-90df-4ee7-8c08-13f35114fb29","geometry":{"type":"Point","coordinates":[-97.08838827578485,28.148530800724902]},"properties":{"substrate":"Solid Reef","lease_number":null,"poll_year":2025}},{"type":"Feature","id":"8f6215d6-2134-401c-a217-bc52dafb45ec","geometry":{"type":"Point","coordinates":[-97.0886885637197,28.142060091539246]},"properties":{"substrate":"Mud","lease_number":null,"poll_year":2025}},{"type":"Feature","id":"8fa518ed-7721-4ee2-b3db-fa856deaae00","geometry":{"type":"Point","coordinates":[-97.07638615117503,28.139955171411557]},"properties":{"substrate":"Solid Reef","lease_number":null,"poll_year":2025}},{"type":"Feature","id":"8fc45f1b-9dfa-49c1-8dfb-f70e238e96e0","geometry":{"type":"Point","coordinates":[-97.08821316269493,28.14279683407083]},"properties":{"substrate":"Solid Reef","lease_number":null,"poll_year":2025}},{"type":"Feature","id":"8fcc897a-c1e3-4bbc-a98c-5cdc71056934","geometry":{"type":"Point","coordinates":[-97.08881475006766,28.14872411933797]},"properties":{"substrate":"Solid Reef","lease_number":null,"poll_year":2025}},{"type":"Feature","id":"903511cf-2518-461a-b608-953cd509ba1b","geometry":{"type":"Point","coordinates":[-97.07601854888267,28.144410611045377]},"properties":{"substrate":"Mud","lease_number":null,"poll_year":2025}},{"type":"Feature","id":"908e2115-ca0d-4b9c-816e-812d04c5af51","geometry":{"type":"Point","coordinates":[-97.09589815203421,28.13172518098416]},"properties":{"substrate":"Solid Reef","lease_number":null,"poll_year":2025}},{"type":"Feature","id":"909e2eee-9028-4162-b711-bead2fefa496","geometry":{"type":"Point","coordinates":[-97.09119994423364,28.148349557673605]},"properties":{"substrate":"Mud","lease_number":null,"poll_year":2025}},{"type":"Feature","id":"90c6b990-56a8-4dfd-a3b8-558e24ba5a8a","geometry":{"type":"Point","coordinates":[-97.08521671708039,28.142049025661006]},"properties":{"substrate":"Solid Reef","lease_number":null,"poll_year":2025}},{"type":"Feature","id":"90de05f1-8090-4b3b-a20a-a7c32f5bc143","geometry":{"type":"Point","coordinates":[-97.0757790625195,28.13975276861755]},"properties":{"substrate":"Solid Reef","lease_number":null,"poll_year":2025}},{"type":"Feature","id":"913e89e9-9d08-4ffe-9647-ae08742b68f8","geometry":{"type":"Point","coordinates":[-97.08745307118359,28.147080329705176]},"properties":{"substrate":"Solid Reef","lease_number":null,"poll_year":2025}},{"type":"Feature","id":"9145098a-58bd-48cc-8148-13626c5eec48","geometry":{"type":"Point","coordinates":[-97.08932093815385,28.147015943078607]},"properties":{"substrate":"Solid Reef","lease_number":null,"poll_year":2025}},{"type":"Feature","id":"9145711f-b8fa-4187-a3bb-2ffb4095795c","geometry":{"type":"Point","coordinates":[-97.08558060573738,28.14234842103005]},"properties":{"substrate":"Solid Reef","lease_number":null,"poll_year":2025}},{"type":"Feature","id":"9145b0e1-dae5-479e-a3d8-2ad08def455f","geometry":{"type":"Point","coordinates":[-97.07640007685856,28.144284423920986]},"properties":{"substrate":"Mud","lease_number":null,"poll_year":2025}},{"type":"Feature","id":"91640936-7ee4-4952-b4fe-7781cbd8c3a8","geometry":{"type":"Point","coordinates":[-97.0764233414278,28.145429246602486]},"properties":{"substrate":"Mud","lease_number":null,"poll_year":2025}},{"type":"Feature","id":"9168bbf3-ec14-407e-a0be-25de46048ef5","geometry":{"type":"Point","coordinates":[-97.08798146472527,28.14279783926066]},"properties":{"substrate":"Solid Reef","lease_number":null,"poll_year":2025}},{"type":"Feature","id":"9182383f-4fa4-49b3-8e1b-f97efec36f33","geometry":{"type":"Point","coordinates":[-97.0899502277733,28.149064067230704]},"properties":{"substrate":"Solid Reef","lease_number":null,"poll_year":2025}},{"type":"Feature","id":"91f1541f-6678-435f-a045-2dc692dbee0a","geometry":{"type":"Point","coordinates":[-97.08845164743654,28.142350980353907]},"properties":{"substrate":"Solid Reef","lease_number":null,"poll_year":2025}},{"type":"Feature","id":"91f943e2-bcbb-47ba-b5be-e367afacceef","geometry":{"type":"Point","coordinates":[-97.07712748676155,28.14291777204485]},"properties":{"substrate":"Solid Reef","lease_number":null,"poll_year":2025}},{"type":"Feature","id":"92040705-8ac9-4394-8323-038060eb9364","geometry":{"type":"Point","coordinates":[-97.07822711719581,28.141637110401934]},"properties":{"substrate":"Solid Reef","lease_number":null,"poll_year":2025}},{"type":"Feature","id":"9217acc5-716f-44c1-a7b4-c6c415749f1f","geometry":{"type":"Point","coordinates":[-97.07627986520556,28.142303649883367]},"properties":{"substrate":"Solid Reef","lease_number":null,"poll_year":2025}},{"type":"Feature","id":"921ce8b3-84ee-4770-a2c7-006cedcf7430","geometry":{"type":"Point","coordinates":[-97.07615042246469,28.14209827554343]},"properties":{"substrate":"Solid Reef","lease_number":null,"poll_year":2025}},{"type":"Feature","id":"923bef9d-10e9-4333-9d20-ea8ed7303cea","geometry":{"type":"Point","coordinates":[-97.08806039340108,28.144377719886364]},"properties":{"substrate":"Solid Reef","lease_number":null,"poll_year":2025}},{"type":"Feature","id":"92591326-a214-4127-8adb-2ca3c236cc6f","geometry":{"type":"Point","coordinates":[-97.07583346089984,28.147211173337038]},"properties":{"substrate":"Mud","lease_number":null,"poll_year":2025}},{"type":"Feature","id":"92800b77-5ac4-422a-80e7-15236e8e42aa","geometry":{"type":"Point","coordinates":[-97.08698473990009,28.144097453121635]},"properties":{"substrate":"Solid Reef","lease_number":null,"poll_year":2025}},{"type":"Feature","id":"929dbe1a-7aec-4fca-a9e8-b801b1e369a8","geometry":{"type":"Point","coordinates":[-97.09071995281776,28.147234931748013]},"properties":{"substrate":"Mud","lease_number":null,"poll_year":2025}},{"type":"Feature","id":"92b1e701-05cb-4f68-8db8-677267d7221e","geometry":{"type":"Point","coordinates":[-97.07574814250744,28.1411032326256]},"properties":{"substrate":"Solid Reef","lease_number":null,"poll_year":2025}},{"type":"Feature","id":"92e2f4d4-fd7e-4d57-b9c8-87fd4cbbea9c","geometry":{"type":"Point","coordinates":[-97.09694536666991,28.13256567058328]},"properties":{"substrate":"Solid Reef","lease_number":null,"poll_year":2025}},{"type":"Feature","id":"930440f6-0f72-46e1-9a4e-fa2d0e13f17c","geometry":{"type":"Point","coordinates":[-97.07549856536868,28.146833944985662]},"properties":{"substrate":"Mud","lease_number":null,"poll_year":2025}},{"type":"Feature","id":"93a16e44-c740-4176-ba5b-7969cd2fb939","geometry":{"type":"Point","coordinates":[-97.08582934564627,28.14389006156455]},"properties":{"substrate":"Solid Reef","lease_number":null,"poll_year":2025}},{"type":"Feature","id":"94061200-251b-44b0-9d36-c09cd40ec047","geometry":{"type":"Point","coordinates":[-97.08739299365399,28.140851310660672]},"properties":{"substrate":"Solid Reef","lease_number":null,"poll_year":2025}},{"type":"Feature","id":"942e0767-deea-4b76-8fe4-afc155db872a","geometry":{"type":"Point","coordinates":[-97.07733305992613,28.143792661281516]},"properties":{"substrate":"Mud","lease_number":null,"poll_year":2025}},{"type":"Feature","id":"94cff97a-3a7f-49a0-a18f-143250d5e5b3","geometry":{"type":"Point","coordinates":[-97.08725994866884,28.146461894747368]},"properties":{"substrate":"Solid Reef","lease_number":null,"poll_year":2025}},{"type":"Feature","id":"951c6dda-040e-4790-8d23-04d97185b1e7","geometry":{"type":"Point","coordinates":[-97.07647198160717,28.1444484480641]},"properties":{"substrate":"Mud","lease_number":null,"poll_year":2025}},{"type":"Feature","id":"95a49ff9-281d-442e-bbd4-3584e01f3f97","geometry":{"type":"Point","coordinates":[-97.08631591901823,28.14390747833919]},"properties":{"substrate":"Solid Reef","lease_number":null,"poll_year":2025}},{"type":"Feature","id":"95b5b193-dc36-42bc-96e1-0a28d23e2736","geometry":{"type":"Point","coordinates":[-97.08976255713402,28.149080956440503]},"properties":{"substrate":"Solid Reef","lease_number":null,"poll_year":2025}},{"type":"Feature","id":"95c8b37a-315f-4d2e-863f-465f68999f25","geometry":{"type":"Point","coordinates":[-97.09001142550203,28.149446086833823]},"properties":{"substrate":"Solid Reef","lease_number":null,"poll_year":2025}},{"type":"Feature","id":"95ccc347-42ca-4f5e-9852-f7680102c75b","geometry":{"type":"Point","coordinates":[-97.08549997744903,28.142810357002265]},"properties":{"substrate":"Solid Reef","lease_number":null,"poll_year":2025}},{"type":"Feature","id":"965aa242-d404-4986-949b-45b1a174ff4b","geometry":{"type":"Point","coordinates":[-97.08487069321947,28.142967249655662]},"properties":{"substrate":"Solid Reef","lease_number":null,"poll_year":2025}},{"type":"Feature","id":"96a46c86-2716-476a-8e53-011e61d048e6","geometry":{"type":"Point","coordinates":[-97.08933969048539,28.148176423548907]},"properties":{"substrate":"Solid Reef","lease_number":null,"poll_year":2025}},{"type":"Feature","id":"96c25dc6-872f-4d05-aae1-a9f4548a4197","geometry":{"type":"Point","coordinates":[-97.09617528948587,28.13304538177512]},"properties":{"substrate":"Solid Reef","lease_number":null,"poll_year":2025}},{"type":"Feature","id":"9712a100-2bf6-4eec-a738-8b2b76ecdbf9","geometry":{"type":"Point","coordinates":[-97.08813285420683,28.149254177813912]},"properties":{"substrate":"Solid Reef","lease_number":null,"poll_year":2025}},{"type":"Feature","id":"979fa8bc-a83d-4b50-8cab-943bf51ebdd7","geometry":{"type":"Point","coordinates":[-97.0882753099429,28.14543459639383]},"properties":{"substrate":"Solid Reef","lease_number":null,"poll_year":2025}},{"type":"Feature","id":"97a3ae25-db9f-45f4-8030-a78d4169925a","geometry":{"type":"Point","coordinates":[-97.09621512976872,28.132604090874445]},"properties":{"substrate":"Solid Reef","lease_number":null,"poll_year":2025}},{"type":"Feature","id":"97b1c8c5-72e3-4a62-a6dd-4e4a2eec38c0","geometry":{"type":"Point","coordinates":[-97.08769444490716,28.146389201151695]},"properties":{"substrate":"Solid Reef","lease_number":null,"poll_year":2025}},{"type":"Feature","id":"97bc69c0-7ad5-42a4-b828-3ada98ff3cd1","geometry":{"type":"Point","coordinates":[-97.08635225676979,28.14133374609485]},"properties":{"substrate":"Solid Reef","lease_number":null,"poll_year":2025}},{"type":"Feature","id":"981ca5f3-126e-4a16-ace2-15c7bbfb5d09","geometry":{"type":"Point","coordinates":[-97.08738102450116,28.144534375782616]},"properties":{"substrate":"Solid Reef","lease_number":null,"poll_year":2025}},{"type":"Feature","id":"9845b92f-db91-4f48-8be3-2da8ae97b201","geometry":{"type":"Point","coordinates":[-97.0880918452158,28.14099318590805]},"properties":{"substrate":"Solid Reef","lease_number":null,"poll_year":2025}},{"type":"Feature","id":"98659302-3cbc-4c55-b793-c7956277c316","geometry":{"type":"Point","coordinates":[-97.09607910147851,28.13167008548666]},"properties":{"substrate":"Solid Reef","lease_number":null,"poll_year":2025}},{"type":"Feature","id":"99207d03-fa46-43b4-92be-b25a1981795b","geometry":{"type":"Point","coordinates":[-97.08685051632528,28.14434886922093]},"properties":{"substrate":"Solid Reef","lease_number":null,"poll_year":2025}},{"type":"Feature","id":"993cd261-488c-4467-8a8e-3189215469df","geometry":{"type":"Point","coordinates":[-97.08868242014147,28.14683082972744]},"properties":{"substrate":"Solid Reef","lease_number":null,"poll_year":2025}},{"type":"Feature","id":"99447fe2-5098-4ee7-96dc-a23f80bc2019","geometry":{"type":"Point","coordinates":[-97.08746025141762,28.14482132670128]},"properties":{"substrate":"Solid Reef","lease_number":null,"poll_year":2025}},{"type":"Feature","id":"994634ec-c9c6-41ef-b324-94d27c082469","geometry":{"type":"Point","coordinates":[-97.08717912814105,28.140231173885113]},"properties":{"substrate":"Solid Reef","lease_number":null,"poll_year":2025}},{"type":"Feature","id":"996faf78-ec31-4d65-b7a2-97994140f558","geometry":{"type":"Point","coordinates":[-97.0764073433309,28.145516596130747]},"properties":{"substrate":"Mud","lease_number":null,"poll_year":2025}},{"type":"Feature","id":"99be9c59-e8ff-4cf4-98a4-33aaab834bfe","geometry":{"type":"Point","coordinates":[-97.0895001978671,28.14907417636127]},"properties":{"substrate":"Solid Reef","lease_number":null,"poll_year":2025}},{"type":"Feature","id":"9a0c6443-6a21-4e02-8eac-20af10e4e1c2","geometry":{"type":"Point","coordinates":[-97.08736940928453,28.14590549975912]},"properties":{"substrate":"Solid Reef","lease_number":null,"poll_year":2025}},{"type":"Feature","id":"9a15bde0-9ff9-438e-a2f3-f9ea0ba5cb8d","geometry":{"type":"Point","coordinates":[-97.07616688678723,28.14167955537066]},"properties":{"substrate":"Solid Reef","lease_number":null,"poll_year":2025}},{"type":"Feature","id":"9a47216e-8544-4260-ab6f-b5f73ade815c","geometry":{"type":"Point","coordinates":[-97.08983521197591,28.148901804584167]},"properties":{"substrate":"Solid Reef","lease_number":null,"poll_year":2025}},{"type":"Feature","id":"9a7ab8ab-67b2-42c1-8a71-08b92dc8fcbc","geometry":{"type":"Point","coordinates":[-97.08802172002979,28.144020089267684]},"properties":{"substrate":"Solid Reef","lease_number":null,"poll_year":2025}},{"type":"Feature","id":"9ac5a216-3a0d-4eb3-b854-75072affb895","geometry":{"type":"Point","coordinates":[-97.0764191211426,28.140320355096602]},"properties":{"substrate":"Solid Reef","lease_number":null,"poll_year":2025}},{"type":"Feature","id":"9beadf34-125e-499b-8096-ba409e2d370e","geometry":{"type":"Point","coordinates":[-97.09645555217642,28.131844514591243]},"properties":{"substrate":"Solid Reef","lease_number":null,"poll_year":2025}},{"type":"Feature","id":"9bf4ac8b-983a-4ecd-bb60-7ed48e6b7e45","geometry":{"type":"Point","coordinates":[-97.08687648751847,28.14538893226459]},"properties":{"substrate":"Solid Reef","lease_number":null,"poll_year":2025}},{"type":"Feature","id":"9c33a478-8f59-4b44-b419-7eedca722c47","geometry":{"type":"Point","coordinates":[-97.08662688702351,28.141066390125783]},"properties":{"substrate":"Solid Reef","lease_number":null,"poll_year":2025}},{"type":"Feature","id":"9c504bf0-7e7e-49f3-841e-a32b07f75a80","geometry":{"type":"Point","coordinates":[-97.08861136519911,28.147764122352143]},"properties":{"substrate":"Solid Reef","lease_number":null,"poll_year":2025}},{"type":"Feature","id":"9c5fc95a-1a3a-4f22-a6b0-b1041e60c701","geometry":{"type":"Point","coordinates":[-97.09658861063629,28.13213179498825]},"properties":{"substrate":"Solid Reef","lease_number":null,"poll_year":2025}},{"type":"Feature","id":"9c6ecade-f0d2-4230-9d70-ffc5da6dabeb","geometry":{"type":"Point","coordinates":[-97.07569918522275,28.145883629393303]},"properties":{"substrate":"Mud","lease_number":null,"poll_year":2025}},{"type":"Feature","id":"9cafb2e1-747d-4819-8360-48ff4ddeff78","geometry":{"type":"Point","coordinates":[-97.08694588237415,28.14092990697436]},"properties":{"substrate":"Solid Reef","lease_number":null,"poll_year":2025}},{"type":"Feature","id":"9cbd4c51-65f1-4d02-8bb8-137275cf0970","geometry":{"type":"Point","coordinates":[-97.0898256727659,28.14517054735681]},"properties":{"substrate":"Mud","lease_number":null,"poll_year":2025}},{"type":"Feature","id":"9cf30583-0808-41b6-8feb-d648bf876cce","geometry":{"type":"Point","coordinates":[-97.08874672334613,28.142558124583125]},"properties":{"substrate":"Solid Reef","lease_number":null,"poll_year":2025}},{"type":"Feature","id":"9cf9cf96-a822-42c3-8a5e-d589bbe73e91","geometry":{"type":"Point","coordinates":[-97.07751387552148,28.14229187746326]},"properties":{"substrate":"Mud","lease_number":null,"poll_year":2025}},{"type":"Feature","id":"9cfcf4c0-28d8-447e-9c67-31075fcf86dd","geometry":{"type":"Point","coordinates":[-97.0867185403353,28.147454061751453]},"properties":{"substrate":"Mud","lease_number":null,"poll_year":2025}},{"type":"Feature","id":"9d40b03b-6628-44be-b5d8-78d9491ad9e9","geometry":{"type":"Point","coordinates":[-97.07729459406568,28.141577755222983]},"properties":{"substrate":"Solid Reef","lease_number":null,"poll_year":2025}},{"type":"Feature","id":"9d582d25-0039-4b18-b77b-150de74f4850","geometry":{"type":"Point","coordinates":[-97.08557066498042,28.14170691202494]},"properties":{"substrate":"Solid Reef","lease_number":null,"poll_year":2025}},{"type":"Feature","id":"9d5cf4a2-134e-4f7d-8abe-7f9fe7049574","geometry":{"type":"Point","coordinates":[-97.09699945602982,28.13214750333521]},"properties":{"substrate":"Solid Reef","lease_number":null,"poll_year":2025}},{"type":"Feature","id":"9dbbe2d4-2938-4fd5-aee4-4d7621e3cd7b","geometry":{"type":"Point","coordinates":[-97.07602077221301,28.14269890603885]},"properties":{"substrate":"Solid Reef","lease_number":null,"poll_year":2025}},{"type":"Feature","id":"9e79d384-73f0-4480-887b-e1dfe62bcc7d","geometry":{"type":"Point","coordinates":[-97.08850217048476,28.147384836546113]},"properties":{"substrate":"Solid Reef","lease_number":null,"poll_year":2025}},{"type":"Feature","id":"9e7b024e-fba9-4b10-a81b-d23857a00a59","geometry":{"type":"Point","coordinates":[-97.09183277770688,28.14834150944278]},"properties":{"substrate":"Mud","lease_number":null,"poll_year":2025}},{"type":"Feature","id":"9f7c315d-4c53-424d-bf08-6c8bfa94545c","geometry":{"type":"Point","coordinates":[-97.07825657834387,28.141174801824675]},"properties":{"substrate":"Firm/Hard Bottom","lease_number":null,"poll_year":2025}},{"type":"Feature","id":"9f8a7f41-71da-47f5-ba48-9907314e3780","geometry":{"type":"Point","coordinates":[-97.08791558407894,28.148408136039215]},"properties":{"substrate":"Solid Reef","lease_number":null,"poll_year":2025}},{"type":"Feature","id":"9f9a3965-869c-4c85-9cde-05fe66072f7b","geometry":{"type":"Point","coordinates":[-97.0763512947454,28.14168693238438]},"properties":{"substrate":"Solid Reef","lease_number":null,"poll_year":2025}},{"type":"Feature","id":"9faff6cc-9e0e-4c20-9154-5388fb6b1d96","geometry":{"type":"Point","coordinates":[-97.08727761044564,28.145384623280716]},"properties":{"substrate":"Solid Reef","lease_number":null,"poll_year":2025}},{"type":"Feature","id":"9fc362af-9184-4230-8134-59eaf4853fe7","geometry":{"type":"Point","coordinates":[-97.0957319852662,28.131943139375565]},"properties":{"substrate":"Solid Reef","lease_number":null,"poll_year":2025}},{"type":"Feature","id":"9fc37caf-aa28-42ef-8f6c-018d12cf2fe8","geometry":{"type":"Point","coordinates":[-97.07709969917488,28.144327633801836]},"properties":{"substrate":"Mud","lease_number":null,"poll_year":2025}},{"type":"Feature","id":"9fc9d082-3040-4be7-8f12-f31b1d1f4164","geometry":{"type":"Point","coordinates":[-97.08683444007495,28.141465969493858]},"properties":{"substrate":"Solid Reef","lease_number":null,"poll_year":2025}},{"type":"Feature","id":"9ff4ce93-fbc4-4324-bf06-0b24bae3bc6b","geometry":{"type":"Point","coordinates":[-97.07766744880749,28.1410266547733]},"properties":{"substrate":"Solid Reef","lease_number":null,"poll_year":2025}},{"type":"Feature","id":"a00ab3e5-eec7-4cae-a099-f841eb2acfad","geometry":{"type":"Point","coordinates":[-97.07862567273791,28.142247256794935]},"properties":{"substrate":"Mud","lease_number":null,"poll_year":2025}},{"type":"Feature","id":"a023f85e-c246-4fbe-ac37-25c18d2dfc38","geometry":{"type":"Point","coordinates":[-97.08923097726803,28.148013395206757]},"properties":{"substrate":"Solid Reef","lease_number":null,"poll_year":2025}},{"type":"Feature","id":"a0796b4b-d8a8-4362-96eb-aec78108ff67","geometry":{"type":"Point","coordinates":[-97.08670038987499,28.141976550863255]},"properties":{"substrate":"Solid Reef","lease_number":null,"poll_year":2025}},{"type":"Feature","id":"a0fbac1d-4b6c-4971-ac9a-6ee6397b59c4","geometry":{"type":"Point","coordinates":[-97.09158307660064,28.147467745678647]},"properties":{"substrate":"Mud","lease_number":null,"poll_year":2025}},{"type":"Feature","id":"a117c663-46d7-41df-877c-7dabd7cc7f19","geometry":{"type":"Point","coordinates":[-97.08849354755634,28.145785140215732]},"properties":{"substrate":"Solid Reef","lease_number":null,"poll_year":2025}},{"type":"Feature","id":"a11a0eaf-6cdc-4091-b58e-18bad56c7dad","geometry":{"type":"Point","coordinates":[-97.07574019960367,28.145520399754858]},"properties":{"substrate":"Mud","lease_number":null,"poll_year":2025}},{"type":"Feature","id":"a157f73c-410d-496f-a7af-9d6b5de1b5f2","geometry":{"type":"Point","coordinates":[-97.08828045549285,28.141891604903904]},"properties":{"substrate":"Solid Reef","lease_number":null,"poll_year":2025}},{"type":"Feature","id":"a16e36be-8835-4ead-965c-b050e510e37f","geometry":{"type":"Point","coordinates":[-97.09072295588575,28.14865280864529]},"properties":{"substrate":"Solid Reef","lease_number":null,"poll_year":2025}},{"type":"Feature","id":"a1741c1f-6299-434e-9f05-81fd6feba9ac","geometry":{"type":"Point","coordinates":[-97.07559055285377,28.143600731833427]},"properties":{"substrate":"Solid Reef","lease_number":null,"poll_year":2025}},{"type":"Feature","id":"a1ee16eb-0b19-42b1-820d-76582e878782","geometry":{"type":"Point","coordinates":[-97.07564316538333,28.142907105479143]},"properties":{"substrate":"Solid Reef","lease_number":null,"poll_year":2025}},{"type":"Feature","id":"a1f12115-2292-40bc-af7a-f8ffa44787d4","geometry":{"type":"Point","coordinates":[-97.08719533105383,28.140573519575128]},"properties":{"substrate":"Solid Reef","lease_number":null,"poll_year":2025}},{"type":"Feature","id":"a1fc94e0-0a60-4f92-9655-a63252260e97","geometry":{"type":"Point","coordinates":[-97.08793153097187,28.14388363126657]},"properties":{"substrate":"Solid Reef","lease_number":null,"poll_year":2025}},{"type":"Feature","id":"a20aabc7-d9f4-4816-b6c0-aa002d3a7a4f","geometry":{"type":"Point","coordinates":[-97.07722504649638,28.140882463394046]},"properties":{"substrate":"Solid Reef","lease_number":null,"poll_year":2025}},{"type":"Feature","id":"a233148d-8048-4120-9c79-73a3715366f3","geometry":{"type":"Point","coordinates":[-97.08866536652411,28.143497812680753]},"properties":{"substrate":"Solid Reef","lease_number":null,"poll_year":2025}},{"type":"Feature","id":"a25eb9a2-d5fe-44ce-9b89-1faa6c7100c4","geometry":{"type":"Point","coordinates":[-97.0918976594266,28.148190722823667]},"properties":{"substrate":"Mud","lease_number":null,"poll_year":2025}},{"type":"Feature","id":"a28cb822-6133-41fc-8c0c-f479ed7181c4","geometry":{"type":"Point","coordinates":[-97.08643134534572,28.147114579243226]},"properties":{"substrate":"Mud","lease_number":null,"poll_year":2025}},{"type":"Feature","id":"a2a43c48-585a-4cba-ab29-d5d7f53d4215","geometry":{"type":"Point","coordinates":[-97.07567036637013,28.14520036494766]},"properties":{"substrate":"Mud","lease_number":null,"poll_year":2025}},{"type":"Feature","id":"a2df3955-0151-4d4b-9d08-ad7ef073a9c6","geometry":{"type":"Point","coordinates":[-97.08700113954391,28.142742770843977]},"properties":{"substrate":"Solid Reef","lease_number":null,"poll_year":2025}},{"type":"Feature","id":"a3657c3e-bbb5-4537-9b63-2111b4c5a990","geometry":{"type":"Point","coordinates":[-97.07556818390488,28.14569730852347]},"properties":{"substrate":"Mud","lease_number":null,"poll_year":2025}},{"type":"Feature","id":"a3916083-468a-4880-ab78-fc4fd71d5de6","geometry":{"type":"Point","coordinates":[-97.08631116872701,28.14311691170476]},"properties":{"substrate":"Solid Reef","lease_number":null,"poll_year":2025}},{"type":"Feature","id":"a3f9a553-8596-4347-ad03-5caf1e65a4cb","geometry":{"type":"Point","coordinates":[-97.08874088250015,28.147299682599]},"properties":{"substrate":"Solid Reef","lease_number":null,"poll_year":2025}},{"type":"Feature","id":"a42caf3d-053d-4410-99d9-f310316e221b","geometry":{"type":"Point","coordinates":[-97.09185272839105,28.149348063497477]},"properties":{"substrate":"Mud","lease_number":null,"poll_year":2025}},{"type":"Feature","id":"a431eb6d-a40e-4f1e-a690-07b75bed974f","geometry":{"type":"Point","coordinates":[-97.08927169340828,28.14936569561777]},"properties":{"substrate":"Solid Reef","lease_number":null,"poll_year":2025}},{"type":"Feature","id":"a4f73123-9626-4030-8c19-d8dadbf3d6f3","geometry":{"type":"Point","coordinates":[-97.0864869097393,28.144816830759726]},"properties":{"substrate":"Solid Reef","lease_number":null,"poll_year":2025}},{"type":"Feature","id":"a51e43db-6856-4467-af62-3fcf2e9f56b4","geometry":{"type":"Point","coordinates":[-97.08834232785637,28.14309418212275]},"properties":{"substrate":"Solid Reef","lease_number":null,"poll_year":2025}},{"type":"Feature","id":"a548f53a-2ad3-4273-8cfb-ae54cb4f38ae","geometry":{"type":"Point","coordinates":[-97.09526900794182,28.131634027184095]},"properties":{"substrate":"Solid Reef","lease_number":null,"poll_year":2025}},{"type":"Feature","id":"a577580d-174f-4d75-8fac-57180e9c864c","geometry":{"type":"Point","coordinates":[-97.07722609752525,28.13942799069003]},"properties":{"substrate":"Mud","lease_number":null,"poll_year":2025}},{"type":"Feature","id":"a5a2c5e7-96cc-45e4-8de0-a046598bb6d9","geometry":{"type":"Point","coordinates":[-97.07583098514293,28.14673397548746]},"properties":{"substrate":"Mud","lease_number":null,"poll_year":2025}},{"type":"Feature","id":"a5d6a365-d0f4-4a3c-90b1-49b269a14a50","geometry":{"type":"Point","coordinates":[-97.07583093214232,28.144883225880555]},"properties":{"substrate":"Mud","lease_number":null,"poll_year":2025}},{"type":"Feature","id":"a6978020-c695-4cea-a330-e1c00f23e458","geometry":{"type":"Point","coordinates":[-97.0875742835598,28.140863856354194]},"properties":{"substrate":"Solid Reef","lease_number":null,"poll_year":2025}},{"type":"Feature","id":"a6fa6d9a-f463-4c88-b312-b2463796259f","geometry":{"type":"Point","coordinates":[-97.07591442246314,28.14504171711408]},"properties":{"substrate":"Mud","lease_number":null,"poll_year":2025}},{"type":"Feature","id":"a7273b14-3e0b-4248-b53d-c7555038bfd4","geometry":{"type":"Point","coordinates":[-97.077089242785,28.14000392400533]},"properties":{"substrate":"Firm/Hard Bottom","lease_number":null,"poll_year":2025}},{"type":"Feature","id":"a7307390-be02-47f3-bc75-3e6ab5e89697","geometry":{"type":"Point","coordinates":[-97.08895628233563,28.143913301092354]},"properties":{"substrate":"Solid Reef","lease_number":null,"poll_year":2025}},{"type":"Feature","id":"a7b60fe3-d8ae-4183-91ed-29a3e31498ae","geometry":{"type":"Point","coordinates":[-97.07523880492785,28.141126250963286]},"properties":{"substrate":"Mud","lease_number":null,"poll_year":2025}},{"type":"Feature","id":"a7b76415-fbd1-4f8e-9da4-eaadd95b6276","geometry":{"type":"Point","coordinates":[-97.08988912436767,28.147138702032283]},"properties":{"substrate":"Solid Reef","lease_number":null,"poll_year":2025}},{"type":"Feature","id":"a7ea4744-92f2-43d1-a1f2-b4aaebae3129","geometry":{"type":"Point","coordinates":[-97.07604134992121,28.14150749804605]},"properties":{"substrate":"Solid Reef","lease_number":null,"poll_year":2025}},{"type":"Feature","id":"a7fefc29-2cca-4038-90eb-52dd38455ad8","geometry":{"type":"Point","coordinates":[-97.07528776400913,28.146298769536912]},"properties":{"substrate":"Mud","lease_number":null,"poll_year":2025}},{"type":"Feature","id":"a86dcf67-4152-4b7b-bbbe-b90a8926283a","geometry":{"type":"Point","coordinates":[-97.07593998941447,28.143502358580424]},"properties":{"substrate":"Solid Reef","lease_number":null,"poll_year":2025}},{"type":"Feature","id":"a88b2392-b3b7-4cde-934e-c71f7750bdf6","geometry":{"type":"Point","coordinates":[-97.08751428148872,28.146127895089734]},"properties":{"substrate":"Solid Reef","lease_number":null,"poll_year":2025}},{"type":"Feature","id":"a8e7c05f-c273-4039-8573-6e6af7037d28","geometry":{"type":"Point","coordinates":[-97.08838113777158,28.143716258030793]},"properties":{"substrate":"Solid Reef","lease_number":null,"poll_year":2025}},{"type":"Feature","id":"a9559763-3b50-4985-b1e4-364209214208","geometry":{"type":"Point","coordinates":[-97.07529808565177,28.14466049766049]},"properties":{"substrate":"Solid Reef","lease_number":null,"poll_year":2025}},{"type":"Feature","id":"a9844a17-afec-44ff-ac12-7d71eb04564d","geometry":{"type":"Point","coordinates":[-97.07712776254435,28.144184774428297]},"properties":{"substrate":"Mud","lease_number":null,"poll_year":2025}},{"type":"Feature","id":"a9912494-bd9c-46d1-aef4-d57eadd0c2fa","geometry":{"type":"Point","coordinates":[-97.08644382653829,28.144103111899305]},"properties":{"substrate":"Solid Reef","lease_number":null,"poll_year":2025}},{"type":"Feature","id":"a9e53145-3990-4087-b038-1d58e0b89cf5","geometry":{"type":"Point","coordinates":[-97.08953373736655,28.147695378137083]},"properties":{"substrate":"Solid Reef","lease_number":null,"poll_year":2025}},{"type":"Feature","id":"a9ec80e6-e5e0-40bb-a2ca-7a24d57b3618","geometry":{"type":"Point","coordinates":[-97.07532036027756,28.143398636136407]},"properties":{"substrate":"Solid Reef","lease_number":null,"poll_year":2025}},{"type":"Feature","id":"aa2d93ce-6309-435f-9c67-1f35862763b8","geometry":{"type":"Point","coordinates":[-97.09160884387624,28.14821241767047]},"properties":{"substrate":"Mud","lease_number":null,"poll_year":2025}},{"type":"Feature","id":"aa48253f-c1dc-458a-8589-6674637e548f","geometry":{"type":"Point","coordinates":[-97.08906533960773,28.145892951487767]},"properties":{"substrate":"Solid Reef","lease_number":null,"poll_year":2025}},{"type":"Feature","id":"aa4b5ece-0657-447f-adc5-9638b5058516","geometry":{"type":"Point","coordinates":[-97.08928533881746,28.143340843177945]},"properties":{"substrate":"Mud","lease_number":null,"poll_year":2025}},{"type":"Feature","id":"aa5663d5-edde-4360-8609-ed11968437b5","geometry":{"type":"Point","coordinates":[-97.08733607909254,28.144604543051237]},"properties":{"substrate":"Solid Reef","lease_number":null,"poll_year":2025}},{"type":"Feature","id":"aadb9615-7269-4d56-984b-778390965e96","geometry":{"type":"Point","coordinates":[-97.0967837184278,28.132244797754026]},"properties":{"substrate":"Solid Reef","lease_number":null,"poll_year":2025}},{"type":"Feature","id":"aae3183e-522b-4ce4-8e1b-b0c673101e81","geometry":{"type":"Point","coordinates":[-97.08766791945345,28.14785019948871]},"properties":{"substrate":"Solid Reef","lease_number":null,"poll_year":2025}},{"type":"Feature","id":"ab0b6458-e46f-4672-8d40-72df3bc5f3ff","geometry":{"type":"Point","coordinates":[-97.07616805639373,28.146565863731293]},"properties":{"substrate":"Mud","lease_number":null,"poll_year":2025}},{"type":"Feature","id":"ab59fb79-5f77-4020-a98f-34c91b59af85","geometry":{"type":"Point","coordinates":[-97.08839004546594,28.141391816586854]},"properties":{"substrate":"Mud","lease_number":null,"poll_year":2025}},{"type":"Feature","id":"ab7af417-cf97-4e2d-b6ea-d3c41c82dfcc","geometry":{"type":"Point","coordinates":[-97.07629854926516,28.14502786416062]},"properties":{"substrate":"Mud","lease_number":null,"poll_year":2025}},{"type":"Feature","id":"aba68a14-eb15-4b07-bb29-20fd17b2e424","geometry":{"type":"Point","coordinates":[-97.09092218514779,28.147945482037034]},"properties":{"substrate":"Solid Reef","lease_number":null,"poll_year":2025}},{"type":"Feature","id":"abb6be14-0e44-4d16-9c0d-dc7451e6faa3","geometry":{"type":"Point","coordinates":[-97.07735976234795,28.14397762938436]},"properties":{"substrate":"Mud","lease_number":null,"poll_year":2025}},{"type":"Feature","id":"abc8e779-7870-47f5-bee5-116baf555a22","geometry":{"type":"Point","coordinates":[-97.08960195003934,28.149214011447768]},"properties":{"substrate":"Solid Reef","lease_number":null,"poll_year":2025}},{"type":"Feature","id":"abdf4d40-d1ce-486c-9d2d-f15cd522b364","geometry":{"type":"Point","coordinates":[-97.08733405159494,28.14828864425017]},"properties":{"substrate":"Solid Reef","lease_number":null,"poll_year":2025}},{"type":"Feature","id":"ac740080-157e-4809-87c1-3b64e45555cc","geometry":{"type":"Point","coordinates":[-97.07607898663667,28.139516117444963]},"properties":{"substrate":"Solid Reef","lease_number":null,"poll_year":2025}},{"type":"Feature","id":"ace35f1d-fecf-4450-8f20-ca62622966fb","geometry":{"type":"Point","coordinates":[-97.0950427959836,28.13241658714316]},"properties":{"substrate":"Solid Reef","lease_number":null,"poll_year":2025}},{"type":"Feature","id":"ad27a0d3-d18e-4489-a95f-28971b6732ec","geometry":{"type":"Point","coordinates":[-97.08857742864433,28.141877431527092]},"properties":{"substrate":"Mud","lease_number":null,"poll_year":2025}},{"type":"Feature","id":"ad54e3bc-ff96-4f2c-8eab-c088c251710e","geometry":{"type":"Point","coordinates":[-97.0966251630852,28.130397397593704]},"properties":{"substrate":"Solid Reef","lease_number":null,"poll_year":2025}},{"type":"Feature","id":"ad863859-32b2-445c-9c4f-2298cf2b1ad3","geometry":{"type":"Point","coordinates":[-97.0903431751331,28.14709234397545]},"properties":{"substrate":"Solid Reef","lease_number":null,"poll_year":2025}},{"type":"Feature","id":"ad975276-c9e2-4f67-b26e-04b08948908c","geometry":{"type":"Point","coordinates":[-97.09019693209979,28.14759565815496]},"properties":{"substrate":"Solid Reef","lease_number":null,"poll_year":2025}},{"type":"Feature","id":"ada6fcc0-ba36-4116-9000-4ccb3c074edc","geometry":{"type":"Point","coordinates":[-97.07552939285426,28.14272654442477]},"properties":{"substrate":"Solid Reef","lease_number":null,"poll_year":2025}},{"type":"Feature","id":"ade1e60d-1f78-4831-a0a8-afa2fd15a196","geometry":{"type":"Point","coordinates":[-97.0882571424146,28.142086643305458]},"properties":{"substrate":"Solid Reef","lease_number":null,"poll_year":2025}},{"type":"Feature","id":"ade4726f-dc73-4a8b-83ce-b5347e5ab6cc","geometry":{"type":"Point","coordinates":[-97.08878023769275,28.144354722049922]},"properties":{"substrate":"Solid Reef","lease_number":null,"poll_year":2025}},{"type":"Feature","id":"ae1d4c9c-4abb-4080-bada-bdeb13586dde","geometry":{"type":"Point","coordinates":[-97.07600655278037,28.14007052410319]},"properties":{"substrate":"Solid Reef","lease_number":null,"poll_year":2025}},{"type":"Feature","id":"ae61bb89-af0b-4633-a0e6-ce645a7c2441","geometry":{"type":"Point","coordinates":[-97.09675146172259,28.132452382175913]},"properties":{"substrate":"Solid Reef","lease_number":null,"poll_year":2025}},{"type":"Feature","id":"ae6dca76-48d5-49a3-bd51-485922aa77a8","geometry":{"type":"Point","coordinates":[-97.07544245479939,28.146659947416257]},"properties":{"substrate":"Mud","lease_number":null,"poll_year":2025}},{"type":"Feature","id":"ae79cfd5-e278-410f-a534-fcca92a3aaaf","geometry":{"type":"Point","coordinates":[-97.08687360841797,28.143275933096074]},"properties":{"substrate":"Solid Reef","lease_number":null,"poll_year":2025}},{"type":"Feature","id":"ae882c4f-503d-4c41-8212-39d964483a56","geometry":{"type":"Point","coordinates":[-97.08875396286899,28.143632677456967]},"properties":{"substrate":"Solid Reef","lease_number":null,"poll_year":2025}},{"type":"Feature","id":"ae904ac9-e3a0-4ed3-9a04-342157814cc0","geometry":{"type":"Point","coordinates":[-97.08999557472885,28.148358561933083]},"properties":{"substrate":"Solid Reef","lease_number":null,"poll_year":2025}},{"type":"Feature","id":"aef56240-9248-4d7c-9894-93163bee1238","geometry":{"type":"Point","coordinates":[-97.09016747364667,28.146066028313356]},"properties":{"substrate":"Solid Reef","lease_number":null,"poll_year":2025}},{"type":"Feature","id":"af3980b8-1516-4e49-9a3e-1d18419deac8","geometry":{"type":"Point","coordinates":[-97.07563702899161,28.142105757879843]},"properties":{"substrate":"Firm/Hard Bottom","lease_number":null,"poll_year":2025}},{"type":"Feature","id":"af3eb1ad-6bf6-4a3a-865a-cbd2770f6ded","geometry":{"type":"Point","coordinates":[-97.07671056785841,28.140413794721603]},"properties":{"substrate":"Solid Reef","lease_number":null,"poll_year":2025}},{"type":"Feature","id":"af635be6-23e4-490d-b99b-e90380a068cd","geometry":{"type":"Point","coordinates":[-97.07722411224847,28.143067422281437]},"properties":{"substrate":"Mud","lease_number":null,"poll_year":2025}},{"type":"Feature","id":"afaef8a8-4299-4435-a30b-b24bdd6434b1","geometry":{"type":"Point","coordinates":[-97.08851022388129,28.148297822770402]},"properties":{"substrate":"Solid Reef","lease_number":null,"poll_year":2025}},{"type":"Feature","id":"afdfd989-dd62-474d-9537-67b986015385","geometry":{"type":"Point","coordinates":[-97.08973732794928,28.149404623932696]},"properties":{"substrate":"Solid Reef","lease_number":null,"poll_year":2025}},{"type":"Feature","id":"aff646e1-d6b5-4aeb-96e0-6f1eee0faf18","geometry":{"type":"Point","coordinates":[-97.0875805717668,28.14145646165761]},"properties":{"substrate":"Solid Reef","lease_number":null,"poll_year":2025}},{"type":"Feature","id":"b040cbd0-d01e-4886-bcb4-dca5d06d37ce","geometry":{"type":"Point","coordinates":[-97.08785673095312,28.142292290947534]},"properties":{"substrate":"Solid Reef","lease_number":null,"poll_year":2025}},{"type":"Feature","id":"b05f9b6c-503e-4cd5-830c-296a78190c25","geometry":{"type":"Point","coordinates":[-97.08782369720518,28.14684930741346]},"properties":{"substrate":"Solid Reef","lease_number":null,"poll_year":2025}},{"type":"Feature","id":"b1220186-8d34-4013-bcf6-2d9039f0ddad","geometry":{"type":"Point","coordinates":[-97.0968115715915,28.13179100433358]},"properties":{"substrate":"Solid Reef","lease_number":null,"poll_year":2025}},{"type":"Feature","id":"b14dbcd3-5621-43a8-965b-b1aa6b1dd00b","geometry":{"type":"Point","coordinates":[-97.09664298566045,28.132600458696313]},"properties":{"substrate":"Solid Reef","lease_number":null,"poll_year":2025}},{"type":"Feature","id":"b1c609c2-b5bc-4706-9238-a0a0b5f5d261","geometry":{"type":"Point","coordinates":[-97.08722119894075,28.148119951177087]},"properties":{"substrate":"Solid Reef","lease_number":null,"poll_year":2025}},{"type":"Feature","id":"b22002b7-5010-4f71-ab89-dda7e24aefe4","geometry":{"type":"Point","coordinates":[-97.0857262037803,28.142795593623756]},"properties":{"substrate":"Solid Reef","lease_number":null,"poll_year":2025}},{"type":"Feature","id":"b22b4343-2e37-455b-a319-a4920234c601","geometry":{"type":"Point","coordinates":[-97.0968194246637,28.130881679186643]},"properties":{"substrate":"Solid Reef","lease_number":null,"poll_year":2025}},{"type":"Feature","id":"b259c5c2-11ac-4ad0-815c-ae21126e6770","geometry":{"type":"Point","coordinates":[-97.07680611536699,28.14191796739558]},"properties":{"substrate":"Solid Reef","lease_number":null,"poll_year":2025}},{"type":"Feature","id":"b27f93f0-2feb-487b-9097-4347922870eb","geometry":{"type":"Point","coordinates":[-97.08642218881803,28.143834710928264]},"properties":{"substrate":"Solid Reef","lease_number":null,"poll_year":2025}},{"type":"Feature","id":"b2b7fe4d-6ac6-470f-80cc-bb4de56ad55e","geometry":{"type":"Point","coordinates":[-97.08848713178858,28.144670843251934]},"properties":{"substrate":"Solid Reef","lease_number":null,"poll_year":2025}},{"type":"Feature","id":"b2fc1942-fc2a-40ad-b6ad-719b12730cfa","geometry":{"type":"Point","coordinates":[-97.09698007397924,28.133501102804043]},"properties":{"substrate":"Solid Reef","lease_number":null,"poll_year":2025}},{"type":"Feature","id":"b34b56a6-3e57-41b6-bfdd-15d39ef28344","geometry":{"type":"Point","coordinates":[-97.08664828399526,28.144837898949405]},"properties":{"substrate":"Solid Reef","lease_number":null,"poll_year":2025}},{"type":"Feature","id":"b35da9f4-64ea-4696-b248-32e6d8705c5e","geometry":{"type":"Point","coordinates":[-97.0879232745561,28.14344747429478]},"properties":{"substrate":"Solid Reef","lease_number":null,"poll_year":2025}},{"type":"Feature","id":"b3e6e5c9-f1d1-4b65-a84e-3ad416ea88c1","geometry":{"type":"Point","coordinates":[-97.08726692947693,28.146824598418565]},"properties":{"substrate":"Solid Reef","lease_number":null,"poll_year":2025}},{"type":"Feature","id":"b41b170d-ddeb-4c61-9433-c96e4fa0b02f","geometry":{"type":"Point","coordinates":[-97.07783706420787,28.143707160704707]},"properties":{"substrate":"Mud","lease_number":null,"poll_year":2025}},{"type":"Feature","id":"b50cf73b-af90-4281-bdd5-b3d3b6caa0fe","geometry":{"type":"Point","coordinates":[-97.08853955387531,28.144830744731937]},"properties":{"substrate":"Solid Reef","lease_number":null,"poll_year":2025}},{"type":"Feature","id":"b56c2376-c6cb-4b0a-99b3-cee63a08fb73","geometry":{"type":"Point","coordinates":[-97.08987152187969,28.1467372927296]},"properties":{"substrate":"Solid Reef","lease_number":null,"poll_year":2025}},{"type":"Feature","id":"b5b4b031-e0c1-4a08-9085-715f972059e1","geometry":{"type":"Point","coordinates":[-97.07674747154861,28.141509028424423]},"properties":{"substrate":"Solid Reef","lease_number":null,"poll_year":2025}},{"type":"Feature","id":"b5c61679-ef49-4f5a-9804-9fd10d3344f2","geometry":{"type":"Point","coordinates":[-97.08720967984387,28.142355133413144]},"properties":{"substrate":"Solid Reef","lease_number":null,"poll_year":2025}},{"type":"Feature","id":"b5de604d-21fc-4c4c-bbf6-07ba07fa8e1b","geometry":{"type":"Point","coordinates":[-97.08962843147559,28.14636418392941]},"properties":{"substrate":"Solid Reef","lease_number":null,"poll_year":2025}},{"type":"Feature","id":"b6125ad7-539a-43ba-8778-e25989b8cd2c","geometry":{"type":"Point","coordinates":[-97.07547517144205,28.143420260664314]},"properties":{"substrate":"Solid Reef","lease_number":null,"poll_year":2025}},{"type":"Feature","id":"b658a125-3f3b-4645-93a7-f11c775c200d","geometry":{"type":"Point","coordinates":[-97.09686687547365,28.13116369008865]},"properties":{"substrate":"Solid Reef","lease_number":null,"poll_year":2025}},{"type":"Feature","id":"b6a01777-2cb0-4d46-bac0-52a0cd5b6ba8","geometry":{"type":"Point","coordinates":[-97.07660909955382,28.142807161623697]},"properties":{"substrate":"Solid Reef","lease_number":null,"poll_year":2025}},{"type":"Feature","id":"b6dab47f-391d-40e0-bc6f-54308ea5f8d6","geometry":{"type":"Point","coordinates":[-97.09637331949699,28.13269470120164]},"properties":{"substrate":"Solid Reef","lease_number":null,"poll_year":2025}},{"type":"Feature","id":"b6ea57e6-0276-4d69-b2f7-86cdca802b34","geometry":{"type":"Point","coordinates":[-97.08667198245077,28.142989785197564]},"properties":{"substrate":"Solid Reef","lease_number":null,"poll_year":2025}},{"type":"Feature","id":"b70a411e-9eb6-43a2-9ee1-a9f22cac1a8e","geometry":{"type":"Point","coordinates":[-97.0855310375983,28.145317398357097]},"properties":{"substrate":"Mud","lease_number":null,"poll_year":2025}},{"type":"Feature","id":"b7488fb4-1ccf-4840-88c2-e21b7ee4f334","geometry":{"type":"Point","coordinates":[-97.08668623152779,28.14590874098638]},"properties":{"substrate":"Solid Reef","lease_number":null,"poll_year":2025}},{"type":"Feature","id":"b7699e7d-f79f-416a-91f6-8e415a91fec1","geometry":{"type":"Point","coordinates":[-97.07694249669512,28.140417457527903]},"properties":{"substrate":"Solid Reef","lease_number":null,"poll_year":2025}},{"type":"Feature","id":"b786e13d-ef46-441c-bac0-a043ce14d4a2","geometry":{"type":"Point","coordinates":[-97.08942652164076,28.147159044220395]},"properties":{"substrate":"Solid Reef","lease_number":null,"poll_year":2025}},{"type":"Feature","id":"b8a5fc4a-6e74-4a1d-8270-c2e489cd087a","geometry":{"type":"Point","coordinates":[-97.08920399457183,28.14761556303025]},"properties":{"substrate":"Solid Reef","lease_number":null,"poll_year":2025}},{"type":"Feature","id":"b8b0fb27-66e9-4d13-9ee5-3ea1e91c3ff9","geometry":{"type":"Point","coordinates":[-97.07538223353937,28.146149272727573]},"properties":{"substrate":"Mud","lease_number":null,"poll_year":2025}},{"type":"Feature","id":"b8e2c522-8a20-4e5c-b585-83cd2e2acf46","geometry":{"type":"Point","coordinates":[-97.075337243215,28.14681538412836]},"properties":{"substrate":"Mud","lease_number":null,"poll_year":2025}},{"type":"Feature","id":"b8e31f70-b6b6-4f40-9cd7-10cc6f1c8d44","geometry":{"type":"Point","coordinates":[-97.07794359901067,28.142595102021225]},"properties":{"substrate":"Mud","lease_number":null,"poll_year":2025}},{"type":"Feature","id":"b8f65eba-adcd-4f0e-9457-d4472823e90f","geometry":{"type":"Point","coordinates":[-97.08583835574858,28.142959661236613]},"properties":{"substrate":"Solid Reef","lease_number":null,"poll_year":2025}},{"type":"Feature","id":"b900ebfc-a713-4c1c-8d96-117d3289153c","geometry":{"type":"Point","coordinates":[-97.09713169881941,28.132440522324732]},"properties":{"substrate":"Solid Reef","lease_number":null,"poll_year":2025}},{"type":"Feature","id":"b92ff67a-3b7e-46a0-b4f4-a93ed1dbaae3","geometry":{"type":"Point","coordinates":[-97.07773589055068,28.143969182397132]},"properties":{"substrate":"Scattered Shell","lease_number":null,"poll_year":2025}},{"type":"Feature","id":"b958440e-2ef9-448e-ac23-b92139d7add4","geometry":{"type":"Point","coordinates":[-97.07553928779713,28.14514367714102]},"properties":{"substrate":"Mud","lease_number":null,"poll_year":2025}},{"type":"Feature","id":"b968b222-c306-4971-972d-bd5def1c347e","geometry":{"type":"Point","coordinates":[-97.07590083903774,28.14553752635888]},"properties":{"substrate":"Mud","lease_number":null,"poll_year":2025}},{"type":"Feature","id":"b990e09d-f948-4589-a5b5-089713837992","geometry":{"type":"Point","coordinates":[-97.09706984621884,28.131257479136366]},"properties":{"substrate":"Solid Reef","lease_number":null,"poll_year":2025}},{"type":"Feature","id":"b9bd0010-f2fd-46f1-986c-a7b68714ed68","geometry":{"type":"Point","coordinates":[-97.09704588904854,28.131519781612266]},"properties":{"substrate":"Solid Reef","lease_number":null,"poll_year":2025}},{"type":"Feature","id":"ba13ef7e-9308-402c-83cf-3b9e194b9440","geometry":{"type":"Point","coordinates":[-97.08574211204566,28.14158526690422]},"properties":{"substrate":"Solid Reef","lease_number":null,"poll_year":2025}},{"type":"Feature","id":"ba5b6674-553b-412b-a9ab-e23285db0bd2","geometry":{"type":"Point","coordinates":[-97.08899465207634,28.14506721940739]},"properties":{"substrate":"Solid Reef","lease_number":null,"poll_year":2025}},{"type":"Feature","id":"bad51ec0-659c-461a-984e-ceebb92790f1","geometry":{"type":"Point","coordinates":[-97.08710031444959,28.146216344256324]},"properties":{"substrate":"Solid Reef","lease_number":null,"poll_year":2025}},{"type":"Feature","id":"bae2da59-6719-42bd-bc2c-9dae5a5203cc","geometry":{"type":"Point","coordinates":[-97.08865755746935,28.144164333454633]},"properties":{"substrate":"Solid Reef","lease_number":null,"poll_year":2025}},{"type":"Feature","id":"bb3ac82f-08bb-4fec-a9e4-b54b703c6bf0","geometry":{"type":"Point","coordinates":[-97.0753753937668,28.146495163882687]},"properties":{"substrate":"Mud","lease_number":null,"poll_year":2025}},{"type":"Feature","id":"bb5c2452-d3d5-44d0-a721-ccd40e752192","geometry":{"type":"Point","coordinates":[-97.07708196014296,28.145196929635908]},"properties":{"substrate":"Mud","lease_number":null,"poll_year":2025}},{"type":"Feature","id":"bb847a79-96de-4385-8ba6-c092ede4f3ca","geometry":{"type":"Point","coordinates":[-97.07662484252918,28.143041357905993]},"properties":{"substrate":"Mud","lease_number":null,"poll_year":2025}},{"type":"Feature","id":"bb8626ae-fd01-4ecb-9010-93354b7add5e","geometry":{"type":"Point","coordinates":[-97.08760145130896,28.14367806509815]},"properties":{"substrate":"Solid Reef","lease_number":null,"poll_year":2025}},{"type":"Feature","id":"bc43921b-1faa-4c45-aeea-983d740372f2","geometry":{"type":"Point","coordinates":[-97.08763651075786,28.142639209255456]},"properties":{"substrate":"Solid Reef","lease_number":null,"poll_year":2025}},{"type":"Feature","id":"bcbe2006-3381-452c-b3e9-9e795f8dbaaa","geometry":{"type":"Point","coordinates":[-97.07771889352719,28.14086320443443]},"properties":{"substrate":"Scattered Shell","lease_number":null,"poll_year":2025}},{"type":"Feature","id":"bcea59e5-f0d7-4199-a3ab-fe37125897cd","geometry":{"type":"Point","coordinates":[-97.08718207371686,28.14589162553097]},"properties":{"substrate":"Solid Reef","lease_number":null,"poll_year":2025}},{"type":"Feature","id":"bd08d8bf-1f76-4326-b82b-d2c0afaada1e","geometry":{"type":"Point","coordinates":[-97.086602077352,28.144105668012823]},"properties":{"substrate":"Solid Reef","lease_number":null,"poll_year":2025}},{"type":"Feature","id":"bd1e99c1-f29e-4f3c-8244-98c7589a6644","geometry":{"type":"Point","coordinates":[-97.09016667504439,28.145678848856758]},"properties":{"substrate":"Mud","lease_number":null,"poll_year":2025}},{"type":"Feature","id":"bd28a39d-6578-4a9e-949f-2b8dcd08196a","geometry":{"type":"Point","coordinates":[-97.08811501007203,28.143811421480848]},"properties":{"substrate":"Solid Reef","lease_number":null,"poll_year":2025}},{"type":"Feature","id":"bd77d6b5-129e-4c81-92c8-2265dda88f54","geometry":{"type":"Point","coordinates":[-97.07575823507965,28.14308747612283]},"properties":{"substrate":"Solid Reef","lease_number":null,"poll_year":2025}},{"type":"Feature","id":"bd91d103-0f57-4fe9-8674-2dc5663b51f3","geometry":{"type":"Point","coordinates":[-97.08610678852514,28.145022448605026]},"properties":{"substrate":"Mud","lease_number":null,"poll_year":2025}},{"type":"Feature","id":"be085714-20ca-40e6-922d-7273f7f0f205","geometry":{"type":"Point","coordinates":[-97.07541401773075,28.142547075390706]},"properties":{"substrate":"Solid Reef","lease_number":null,"poll_year":2025}},{"type":"Feature","id":"be73ce59-429e-486d-9175-f088df1932b0","geometry":{"type":"Point","coordinates":[-97.08998477697914,28.14727974281353]},"properties":{"substrate":"Solid Reef","lease_number":null,"poll_year":2025}},{"type":"Feature","id":"be8b3da9-d25a-4b3d-8c22-d82c0f5f36a3","geometry":{"type":"Point","coordinates":[-97.09171269181803,28.147651935160518]},"properties":{"substrate":"Mud","lease_number":null,"poll_year":2025}},{"type":"Feature","id":"be9028ea-df17-4fe5-ae57-ddeee89da6c8","geometry":{"type":"Point","coordinates":[-97.08896803499448,28.14939271605824]},"properties":{"substrate":"Solid Reef","lease_number":null,"poll_year":2025}},{"type":"Feature","id":"bf196a15-ab86-4c90-85f7-843f7637abe9","geometry":{"type":"Point","coordinates":[-97.08915694620715,28.14315541376006]},"properties":{"substrate":"Mud","lease_number":null,"poll_year":2025}},{"type":"Feature","id":"bf84d288-6142-439b-bc9b-6469f7a25b11","geometry":{"type":"Point","coordinates":[-97.08744907457887,28.145387073223212]},"properties":{"substrate":"Solid Reef","lease_number":null,"poll_year":2025}},{"type":"Feature","id":"bfce75e8-193c-4871-9c19-21cae175af83","geometry":{"type":"Point","coordinates":[-97.08919989915246,28.14426299838487]},"properties":{"substrate":"Solid Reef","lease_number":null,"poll_year":2025}},{"type":"Feature","id":"bfdf565d-d79a-4296-b00d-22c1c56fd9f8","geometry":{"type":"Point","coordinates":[-97.09547028715932,28.131538391067124]},"properties":{"substrate":"Solid Reef","lease_number":null,"poll_year":2025}},{"type":"Feature","id":"c004d041-2dce-45fc-b586-587932673ae9","geometry":{"type":"Point","coordinates":[-97.09665397834459,28.1317014278474]},"properties":{"substrate":"Solid Reef","lease_number":null,"poll_year":2025}},{"type":"Feature","id":"c0202d5c-9d3c-4621-aa25-0437ea862c9d","geometry":{"type":"Point","coordinates":[-97.08823226447112,28.146826304563184]},"properties":{"substrate":"Solid Reef","lease_number":null,"poll_year":2025}},{"type":"Feature","id":"c020e4eb-a1fa-4c6a-872b-3d7eb4d999ad","geometry":{"type":"Point","coordinates":[-97.07622350041308,28.140698208405794]},"properties":{"substrate":"Solid Reef","lease_number":null,"poll_year":2025}},{"type":"Feature","id":"c04e5bd3-4507-4aa6-85f6-7b20c18e4093","geometry":{"type":"Point","coordinates":[-97.08666089185027,28.14443163654163]},"properties":{"substrate":"Solid Reef","lease_number":null,"poll_year":2025}},{"type":"Feature","id":"c07b4d39-9535-43c6-9c85-f94339f60f6c","geometry":{"type":"Point","coordinates":[-97.08919521443825,28.14608207125443]},"properties":{"substrate":"Solid Reef","lease_number":null,"poll_year":2025}},{"type":"Feature","id":"c096c2ed-b17e-4929-aaf9-57dcde96ffe5","geometry":{"type":"Point","coordinates":[-97.09626010661836,28.132380274007012]},"properties":{"substrate":"Solid Reef","lease_number":null,"poll_year":2025}},{"type":"Feature","id":"c0b59f35-2407-4feb-b565-ef2adb7c89ce","geometry":{"type":"Point","coordinates":[-97.08804624583367,28.1415370972391]},"properties":{"substrate":"Solid Reef","lease_number":null,"poll_year":2025}},{"type":"Feature","id":"c125c9f6-cc64-4360-85c0-404d6f095c10","geometry":{"type":"Point","coordinates":[-97.08668581201457,28.145128427738083]},"properties":{"substrate":"Solid Reef","lease_number":null,"poll_year":2025}},{"type":"Feature","id":"c13b680c-edab-49cd-988d-f97f7ab24bee","geometry":{"type":"Point","coordinates":[-97.07657591219397,28.14204521478456]},"properties":{"substrate":"Solid Reef","lease_number":null,"poll_year":2025}},{"type":"Feature","id":"c25530b5-6329-4b2d-8135-18628d5a0176","geometry":{"type":"Point","coordinates":[-97.07791318564841,28.140503413828267]},"properties":{"substrate":"Firm/Hard Bottom","lease_number":null,"poll_year":2025}},{"type":"Feature","id":"c2a00afa-f6a7-4a50-bd2b-07e72ee44fe7","geometry":{"type":"Point","coordinates":[-97.08896989630374,28.14727232420487]},"properties":{"substrate":"Solid Reef","lease_number":null,"poll_year":2025}},{"type":"Feature","id":"c2b66314-94cd-4bc5-a5e8-27d19f2b874a","geometry":{"type":"Point","coordinates":[-97.09656567934204,28.133260444431603]},"properties":{"substrate":"Solid Reef","lease_number":null,"poll_year":2025}},{"type":"Feature","id":"c2fa1681-f460-467e-9a91-a31694880f36","geometry":{"type":"Point","coordinates":[-97.08570467116294,28.144455979346514]},"properties":{"substrate":"Mud","lease_number":null,"poll_year":2025}},{"type":"Feature","id":"c30cc770-4b76-4491-9718-a6ed96984387","geometry":{"type":"Point","coordinates":[-97.09221936499448,28.148720818790817]},"properties":{"substrate":"Mud","lease_number":null,"poll_year":2025}},{"type":"Feature","id":"c33f9320-3d8b-4010-9a7b-730807eddec0","geometry":{"type":"Point","coordinates":[-97.09039563854232,28.145294992416108]},"properties":{"substrate":"Mud","lease_number":null,"poll_year":2025}},{"type":"Feature","id":"c354c70d-3659-44ae-b420-58d1a78c3bd1","geometry":{"type":"Point","coordinates":[-97.0766332480653,28.141328673341608]},"properties":{"substrate":"Solid Reef","lease_number":null,"poll_year":2025}},{"type":"Feature","id":"c457665e-1965-4bcf-8874-f75c2e87e82c","geometry":{"type":"Point","coordinates":[-97.0881939010186,28.144849865945467]},"properties":{"substrate":"Solid Reef","lease_number":null,"poll_year":2025}},{"type":"Feature","id":"c468be09-d059-480e-a73a-5c0e094238d5","geometry":{"type":"Point","coordinates":[-97.07533739682691,28.14555232975611]},"properties":{"substrate":"Mud","lease_number":null,"poll_year":2025}},{"type":"Feature","id":"c4d1c80a-ccf7-478c-bb79-50f7fc1330e5","geometry":{"type":"Point","coordinates":[-97.09063435954087,28.147522718992967]},"properties":{"substrate":"Solid Reef","lease_number":null,"poll_year":2025}},{"type":"Feature","id":"c50b78c7-f0a6-44ef-a094-abe762cb7e46","geometry":{"type":"Point","coordinates":[-97.08873893495263,28.147962256572555]},"properties":{"substrate":"Solid Reef","lease_number":null,"poll_year":2025}},{"type":"Feature","id":"c5135a34-6221-4f1a-b9c3-d4d4a18911f6","geometry":{"type":"Point","coordinates":[-97.0878022400463,28.145152109777946]},"properties":{"substrate":"Solid Reef","lease_number":null,"poll_year":2025}},{"type":"Feature","id":"c514c4c9-7751-4938-bb95-6b4bd9061a8e","geometry":{"type":"Point","coordinates":[-97.07699784639135,28.142208908875855]},"properties":{"substrate":"Solid Reef","lease_number":null,"poll_year":2025}},{"type":"Feature","id":"c51d0d18-fe2e-4186-a527-d9c0ce03b5d6","geometry":{"type":"Point","coordinates":[-97.08595431567534,28.14167800519175]},"properties":{"substrate":"Solid Reef","lease_number":null,"poll_year":2025}},{"type":"Feature","id":"c57f5b02-36ec-4b1c-b810-07d4dfae9f51","geometry":{"type":"Point","coordinates":[-97.08653450697464,28.144255471841515]},"properties":{"substrate":"Solid Reef","lease_number":null,"poll_year":2025}},{"type":"Feature","id":"c5b8bacc-14da-426c-9e92-2c828efc45c3","geometry":{"type":"Point","coordinates":[-97.07619545051831,28.145950027813246]},"properties":{"substrate":"Mud","lease_number":null,"poll_year":2025}},{"type":"Feature","id":"c5f3d42b-6118-483d-8992-354f75bced58","geometry":{"type":"Point","coordinates":[-97.0879670027475,28.14077591368925]},"properties":{"substrate":"Solid Reef","lease_number":null,"poll_year":2025}},{"type":"Feature","id":"c6075239-c165-4eb4-b7b1-c14a72984fd3","geometry":{"type":"Point","coordinates":[-97.08961152069038,28.145239785082733]},"properties":{"substrate":"Solid Reef","lease_number":null,"poll_year":2025}},{"type":"Feature","id":"c67f731c-e40f-46fa-ad20-7ffdaa914b9b","geometry":{"type":"Point","coordinates":[-97.0872299655996,28.143850271812255]},"properties":{"substrate":"Solid Reef","lease_number":null,"poll_year":2025}},{"type":"Feature","id":"c6933f0e-5f4a-4abe-b2c2-30458e94fc23","geometry":{"type":"Point","coordinates":[-97.08807587945826,28.142929958670127]},"properties":{"substrate":"Solid Reef","lease_number":null,"poll_year":2025}},{"type":"Feature","id":"c71b3fca-013f-4aff-bbe0-d1140a61100c","geometry":{"type":"Point","coordinates":[-97.09021191150714,28.148596524245033]},"properties":{"substrate":"Solid Reef","lease_number":null,"poll_year":2025}},{"type":"Feature","id":"c77b2901-8a6f-4ff4-a42a-a2fc524e2868","geometry":{"type":"Point","coordinates":[-97.08661176208906,28.14351904826437]},"properties":{"substrate":"Solid Reef","lease_number":null,"poll_year":2025}},{"type":"Feature","id":"c7e1b3fb-6be4-48a4-b52b-7698f5ecc8ea","geometry":{"type":"Point","coordinates":[-97.09171001214355,28.14790214767605]},"properties":{"substrate":"Mud","lease_number":null,"poll_year":2025}},{"type":"Feature","id":"c7ec0884-a80f-48cf-9669-b1ffa2cfc0f2","geometry":{"type":"Point","coordinates":[-97.08644893974888,28.140978841313345]},"properties":{"substrate":"Solid Reef","lease_number":null,"poll_year":2025}},{"type":"Feature","id":"c8591074-339a-48e0-842d-cf0a27f905a1","geometry":{"type":"Point","coordinates":[-97.08793669358982,28.14137027799076]},"properties":{"substrate":"Solid Reef","lease_number":null,"poll_year":2025}},{"type":"Feature","id":"c8a4f115-eac1-4f92-875d-91384b2440e3","geometry":{"type":"Point","coordinates":[-97.07626217468267,28.13977715367676]},"properties":{"substrate":"Solid Reef","lease_number":null,"poll_year":2025}},{"type":"Feature","id":"c8c70526-1dc7-4446-9b04-7e5c7cd8b964","geometry":{"type":"Point","coordinates":[-97.08803026929634,28.144652670939895]},"properties":{"substrate":"Solid Reef","lease_number":null,"poll_year":2025}},{"type":"Feature","id":"c945a68a-58b9-418e-9715-809f2c59194b","geometry":{"type":"Point","coordinates":[-97.07578484407668,28.144048125740273]},"properties":{"substrate":"Mud","lease_number":null,"poll_year":2025}},{"type":"Feature","id":"c98a22c2-adac-4e57-be1d-4c5f90548af0","geometry":{"type":"Point","coordinates":[-97.08931826566585,28.147779319894905]},"properties":{"substrate":"Solid Reef","lease_number":null,"poll_year":2025}},{"type":"Feature","id":"c9d951ec-48f1-423e-9935-9e4491dff128","geometry":{"type":"Point","coordinates":[-97.07605394699645,28.14429727100273]},"properties":{"substrate":"Mud","lease_number":null,"poll_year":2025}},{"type":"Feature","id":"cab5a1aa-fc24-49f4-9893-0806be719089","geometry":{"type":"Point","coordinates":[-97.08970384055212,28.145382573344936]},"properties":{"substrate":"Solid Reef","lease_number":null,"poll_year":2025}},{"type":"Feature","id":"cb1e5230-b030-49a5-ac0c-c8d75f10f447","geometry":{"type":"Point","coordinates":[-97.07691413418665,28.139270878183467]},"properties":{"substrate":"Firm/Hard Bottom","lease_number":null,"poll_year":2025}},{"type":"Feature","id":"cb210034-7210-47ab-a4ec-b4307f739a3d","geometry":{"type":"Point","coordinates":[-97.09656527420185,28.132342524619744]},"properties":{"substrate":"Solid Reef","lease_number":null,"poll_year":2025}},{"type":"Feature","id":"cbb92d4a-d3d9-47ad-bc33-4c95220d1a0b","geometry":{"type":"Point","coordinates":[-97.08851998228022,28.145421277361425]},"properties":{"substrate":"Solid Reef","lease_number":null,"poll_year":2025}},{"type":"Feature","id":"cc3e0aa4-ce9d-49ec-a74c-354e50b3e881","geometry":{"type":"Point","coordinates":[-97.08806512123442,28.147985635413725]},"properties":{"substrate":"Solid Reef","lease_number":null,"poll_year":2025}},{"type":"Feature","id":"cc3e5c76-2245-440c-9bbd-844a10e2da47","geometry":{"type":"Point","coordinates":[-97.07716604874176,28.141370084712914]},"properties":{"substrate":"Solid Reef","lease_number":null,"poll_year":2025}},{"type":"Feature","id":"cc4b8a41-5bd1-46ff-bc58-8e477c1ccc40","geometry":{"type":"Point","coordinates":[-97.09138075623571,28.147160323428807]},"properties":{"substrate":"Mud","lease_number":null,"poll_year":2025}},{"type":"Feature","id":"cc6770ec-250b-4574-8d64-7927e07a5c43","geometry":{"type":"Point","coordinates":[-97.09049597407133,28.146892231902257]},"properties":{"substrate":"Mud","lease_number":null,"poll_year":2025}},{"type":"Feature","id":"cc98bf2b-e6be-4e2f-94cc-bc9fbe277738","geometry":{"type":"Point","coordinates":[-97.07561571825815,28.139973412643958]},"properties":{"substrate":"Solid Reef","lease_number":null,"poll_year":2025}},{"type":"Feature","id":"ccaa1edb-2927-402a-8600-0ac40a78e8e8","geometry":{"type":"Point","coordinates":[-97.08608751157745,28.1435630236285]},"properties":{"substrate":"Solid Reef","lease_number":null,"poll_year":2025}},{"type":"Feature","id":"ccad4541-f9d5-45ba-a1b3-8694ea9b80d5","geometry":{"type":"Point","coordinates":[-97.08897156267861,28.148968948843258]},"properties":{"substrate":"Solid Reef","lease_number":null,"poll_year":2025}},{"type":"Feature","id":"cd3d38f4-20ed-4954-8345-135cf3411f1d","geometry":{"type":"Point","coordinates":[-97.0766643046213,28.145207204679156]},"properties":{"substrate":"Mud","lease_number":null,"poll_year":2025}},{"type":"Feature","id":"cd66901b-afdd-48c8-ad2e-a4fe540d63a1","geometry":{"type":"Point","coordinates":[-97.07608065750311,28.143716666756944]},"properties":{"substrate":"Solid Reef","lease_number":null,"poll_year":2025}},{"type":"Feature","id":"cd68c38e-0cb9-4dfd-9eef-bfab78b5cc2e","geometry":{"type":"Point","coordinates":[-97.07595444330738,28.147090129319732]},"properties":{"substrate":"Mud","lease_number":null,"poll_year":2025}},{"type":"Feature","id":"cd69c9f6-22c7-4d59-8652-68c5419c34d1","geometry":{"type":"Point","coordinates":[-97.08751212463372,28.145750014201038]},"properties":{"substrate":"Solid Reef","lease_number":null,"poll_year":2025}},{"type":"Feature","id":"cd6a6b75-ca49-4f9f-b727-02aabc20864c","geometry":{"type":"Point","coordinates":[-97.08880417060855,28.14769651714173]},"properties":{"substrate":"Solid Reef","lease_number":null,"poll_year":2025}},{"type":"Feature","id":"cd734c64-cda0-4db5-887a-bb36021be846","geometry":{"type":"Point","coordinates":[-97.07763543105415,28.14178574455451]},"properties":{"substrate":"Scattered Shell","lease_number":null,"poll_year":2025}},{"type":"Feature","id":"cd85d62c-4f24-4873-afb5-92c8dbe1f167","geometry":{"type":"Point","coordinates":[-97.07653723612772,28.143658851791173]},"properties":{"substrate":"Mud","lease_number":null,"poll_year":2025}},{"type":"Feature","id":"cd8609b1-2e07-4fe6-9853-5e91da288474","geometry":{"type":"Point","coordinates":[-97.08821425863957,28.14885222040969]},"properties":{"substrate":"Solid Reef","lease_number":null,"poll_year":2025}},{"type":"Feature","id":"cd8cebd8-796f-48d1-b76e-5b99f88e26e6","geometry":{"type":"Point","coordinates":[-97.0761738451374,28.146791168592884]},"properties":{"substrate":"Mud","lease_number":null,"poll_year":2025}},{"type":"Feature","id":"cd8e4918-f35f-4a72-b76d-a2ad16643494","geometry":{"type":"Point","coordinates":[-97.0763152848789,28.14602447697385]},"properties":{"substrate":"Mud","lease_number":null,"poll_year":2025}},{"type":"Feature","id":"ce2af28e-1b08-4081-803b-b4d8df189c9b","geometry":{"type":"Point","coordinates":[-97.08572449877788,28.14352076475903]},"properties":{"substrate":"Solid Reef","lease_number":null,"poll_year":2025}},{"type":"Feature","id":"ce36bcc4-e1b4-4bef-a157-5988a9f99d8c","geometry":{"type":"Point","coordinates":[-97.07592035493728,28.14068966927316]},"properties":{"substrate":"Solid Reef","lease_number":null,"poll_year":2025}},{"type":"Feature","id":"ce394729-fd9c-404b-a45c-f455d0b1e228","geometry":{"type":"Point","coordinates":[-97.09590262564433,28.131619699556744]},"properties":{"substrate":"Solid Reef","lease_number":null,"poll_year":2025}},{"type":"Feature","id":"ce7318d5-d674-486c-b5c0-a48943cf03e8","geometry":{"type":"Point","coordinates":[-97.07524584412641,28.142566843376542]},"properties":{"substrate":"Solid Reef","lease_number":null,"poll_year":2025}},{"type":"Feature","id":"ce97c678-e626-4a2b-9267-e7e2803ae256","geometry":{"type":"Point","coordinates":[-97.07604633197778,28.142204922947407]},"properties":{"substrate":"Solid Reef","lease_number":null,"poll_year":2025}},{"type":"Feature","id":"cea6766f-6af2-452d-9d1d-7521b6a44ff5","geometry":{"type":"Point","coordinates":[-97.0950612159385,28.132074637626502]},"properties":{"substrate":"Solid Reef","lease_number":null,"poll_year":2025}},{"type":"Feature","id":"cec3a626-0472-4943-b0a9-bc2bdfd290e9","geometry":{"type":"Point","coordinates":[-97.09027613566008,28.146562271630692]},"properties":{"substrate":"Mud","lease_number":null,"poll_year":2025}},{"type":"Feature","id":"cf491692-572b-4785-874c-c8fa310b4388","geometry":{"type":"Point","coordinates":[-97.07758772691929,28.141429760024163]},"properties":{"substrate":"Solid Reef","lease_number":null,"poll_year":2025}},{"type":"Feature","id":"cf5cddcd-34cb-4df2-9a5a-12f73eebd473","geometry":{"type":"Point","coordinates":[-97.08974586463943,28.148766628823946]},"properties":{"substrate":"Solid Reef","lease_number":null,"poll_year":2025}},{"type":"Feature","id":"cf6f0fa4-0103-4e4d-b175-5e8b1b5b0169","geometry":{"type":"Point","coordinates":[-97.09709943043609,28.132091270468646]},"properties":{"substrate":"Solid Reef","lease_number":null,"poll_year":2025}},{"type":"Feature","id":"d029a0f2-68e4-49ad-bc85-bc1bc12e0d9c","geometry":{"type":"Point","coordinates":[-97.08775785788139,28.145819516110212]},"properties":{"substrate":"Solid Reef","lease_number":null,"poll_year":2025}},{"type":"Feature","id":"d034e5c9-fe8f-4826-9905-5148a16b771d","geometry":{"type":"Point","coordinates":[-97.08856135059736,28.143985031587086]},"properties":{"substrate":"Solid Reef","lease_number":null,"poll_year":2025}},{"type":"Feature","id":"d03642ae-2cb4-4866-8821-bd27190b8825","geometry":{"type":"Point","coordinates":[-97.07586949951242,28.14023488977042]},"properties":{"substrate":"Solid Reef","lease_number":null,"poll_year":2025}},{"type":"Feature","id":"d06905e3-0379-4d91-9f15-351deccd03ef","geometry":{"type":"Point","coordinates":[-97.0782972810094,28.14134438509296]},"properties":{"substrate":"Firm/Hard Bottom","lease_number":null,"poll_year":2025}},{"type":"Feature","id":"d08a5dd6-715a-4c63-a6a5-ad32fcda44db","geometry":{"type":"Point","coordinates":[-97.08915612694359,28.143276488363938]},"properties":{"substrate":"Mud","lease_number":null,"poll_year":2025}},{"type":"Feature","id":"d0a1963e-4153-4d79-89e1-9650403ecb72","geometry":{"type":"Point","coordinates":[-97.0892212655815,28.14465269707913]},"properties":{"substrate":"Solid Reef","lease_number":null,"poll_year":2025}},{"type":"Feature","id":"d0b6eb5f-ce42-40d7-8441-070e5fbaa68a","geometry":{"type":"Point","coordinates":[-97.08910850096218,28.149151064493704]},"properties":{"substrate":"Solid Reef","lease_number":null,"poll_year":2025}},{"type":"Feature","id":"d183db2f-a75f-47f9-bf6c-99a4288f83ea","geometry":{"type":"Point","coordinates":[-97.07684040855297,28.142466914253806]},"properties":{"substrate":"Solid Reef","lease_number":null,"poll_year":2025}},{"type":"Feature","id":"d184d2b7-b202-42e4-abfc-c088201e90ed","geometry":{"type":"Point","coordinates":[-97.07576726404656,28.139681573148206]},"properties":{"substrate":"Mud","lease_number":null,"poll_year":2025}},{"type":"Feature","id":"d1a5b925-b3e5-488b-899b-b7c043c7266f","geometry":{"type":"Point","coordinates":[-97.09099069965451,28.14657415526528]},"properties":{"substrate":"Mud","lease_number":null,"poll_year":2025}},{"type":"Feature","id":"d1a7b647-003a-4bb9-bdd1-b8619108c683","geometry":{"type":"Point","coordinates":[-97.07606407190802,28.145775353947286]},"properties":{"substrate":"Mud","lease_number":null,"poll_year":2025}},{"type":"Feature","id":"d1d5d81a-8dbc-4ead-bdbb-ec50b3768a5b","geometry":{"type":"Point","coordinates":[-97.07813251291829,28.141821709931186]},"properties":{"substrate":"Buried Shell","lease_number":null,"poll_year":2025}},{"type":"Feature","id":"d1ea41b7-b1ae-4249-9618-0228bf4aab89","geometry":{"type":"Point","coordinates":[-97.08924083987154,28.14541546974001]},"properties":{"substrate":"Solid Reef","lease_number":null,"poll_year":2025}},{"type":"Feature","id":"d23023b5-6cce-4e0c-8dff-e26a0f889ec9","geometry":{"type":"Point","coordinates":[-97.08803613709176,28.143237177609354]},"properties":{"substrate":"Solid Reef","lease_number":null,"poll_year":2025}},{"type":"Feature","id":"d2505bfe-1a31-44df-aaee-515a3dcd9c69","geometry":{"type":"Point","coordinates":[-97.07522907707164,28.14007401106794]},"properties":{"substrate":"Mud","lease_number":null,"poll_year":2025}},{"type":"Feature","id":"d2c00629-be91-4fa7-a7e2-2cdce33b49bd","geometry":{"type":"Point","coordinates":[-97.08724922098773,28.140410516890086]},"properties":{"substrate":"Solid Reef","lease_number":null,"poll_year":2025}},{"type":"Feature","id":"d3104e01-1bde-47f5-8327-88a5b88d08a1","geometry":{"type":"Point","coordinates":[-97.09009734307075,28.14518430048795]},"properties":{"substrate":"Mud","lease_number":null,"poll_year":2025}},{"type":"Feature","id":"d312caa9-a85d-48e3-996f-761641b5c07d","geometry":{"type":"Point","coordinates":[-97.08973942371884,28.1465308045077]},"properties":{"substrate":"Solid Reef","lease_number":null,"poll_year":2025}},{"type":"Feature","id":"d33d0d87-9b3a-4fab-bcc4-27e81b24bd2e","geometry":{"type":"Point","coordinates":[-97.07842605720032,28.141941931347194]},"properties":{"substrate":"Mud","lease_number":null,"poll_year":2025}},{"type":"Feature","id":"d3ece90a-ecc3-4ec5-94c7-0b914181c4bd","geometry":{"type":"Point","coordinates":[-97.08664876459395,28.14226160755673]},"properties":{"substrate":"Solid Reef","lease_number":null,"poll_year":2025}},{"type":"Feature","id":"d40f18cc-e3e3-4f6e-b1c6-6a5473dc7f41","geometry":{"type":"Point","coordinates":[-97.08892186967371,28.14531638764625]},"properties":{"substrate":"Solid Reef","lease_number":null,"poll_year":2025}},{"type":"Feature","id":"d423b5de-0fd4-478c-aac4-95107eadc7d6","geometry":{"type":"Point","coordinates":[-97.07693964274746,28.14409022835756]},"properties":{"substrate":"Mud","lease_number":null,"poll_year":2025}},{"type":"Feature","id":"d4357807-5b2f-4bd5-a4b0-eda7749c3fbb","geometry":{"type":"Point","coordinates":[-97.07544625018147,28.144268885278883]},"properties":{"substrate":"Solid Reef","lease_number":null,"poll_year":2025}},{"type":"Feature","id":"d45c8ab5-831e-460d-976f-fe8bd36397fd","geometry":{"type":"Point","coordinates":[-97.09053151232229,28.14842335487649]},"properties":{"substrate":"Solid Reef","lease_number":null,"poll_year":2025}},{"type":"Feature","id":"d4680653-b670-4cb6-8276-4779fa9cfd15","geometry":{"type":"Point","coordinates":[-97.07808078073771,28.14330627004513]},"properties":{"substrate":"Mud","lease_number":null,"poll_year":2025}},{"type":"Feature","id":"d47ca0ee-8e67-46c2-a684-8ad4a6f60cc7","geometry":{"type":"Point","coordinates":[-97.07723625926774,28.144435678626255]},"properties":{"substrate":"Mud","lease_number":null,"poll_year":2025}},{"type":"Feature","id":"d48c7d49-343a-4543-8479-edd03af22c62","geometry":{"type":"Point","coordinates":[-97.08890440642458,28.145662336145545]},"properties":{"substrate":"Solid Reef","lease_number":null,"poll_year":2025}},{"type":"Feature","id":"d4b638ef-a943-451a-ba81-a5f7505b40f3","geometry":{"type":"Point","coordinates":[-97.09055435019178,28.14593097253948]},"properties":{"substrate":"Mud","lease_number":null,"poll_year":2025}},{"type":"Feature","id":"d5145102-8a77-47dd-b0ff-6155140d408b","geometry":{"type":"Point","coordinates":[-97.08790764207353,28.144516381669693]},"properties":{"substrate":"Solid Reef","lease_number":null,"poll_year":2025}},{"type":"Feature","id":"d52edbb9-94c8-4eb9-a68c-98592e44cb92","geometry":{"type":"Point","coordinates":[-97.08720296314048,28.145471625909067]},"properties":{"substrate":"Solid Reef","lease_number":null,"poll_year":2025}},{"type":"Feature","id":"d5d44cd4-e64a-4ce0-bcd0-d79562615764","geometry":{"type":"Point","coordinates":[-97.0886478565626,28.14454434989187]},"properties":{"substrate":"Solid Reef","lease_number":null,"poll_year":2025}},{"type":"Feature","id":"d6ca7992-9772-4bac-a96b-7c0516318f48","geometry":{"type":"Point","coordinates":[-97.0957619539624,28.132089622711486]},"properties":{"substrate":"Solid Reef","lease_number":null,"poll_year":2025}},{"type":"Feature","id":"d710eabb-1d14-4d81-a641-98145bf54aae","geometry":{"type":"Point","coordinates":[-97.09715873990609,28.13152559632456]},"properties":{"substrate":"Solid Reef","lease_number":null,"poll_year":2025}},{"type":"Feature","id":"d7219d06-cea3-4cb3-8b07-ba1095a2a22b","geometry":{"type":"Point","coordinates":[-97.09226799529237,28.142208938976246]},"properties":{"substrate":"Mud","lease_number":null,"poll_year":2025}},{"type":"Feature","id":"d7604654-41de-432b-bfe0-126d55ada486","geometry":{"type":"Point","coordinates":[-97.07805905767752,28.141102148999554]},"properties":{"substrate":"Firm/Hard Bottom","lease_number":null,"poll_year":2025}},{"type":"Feature","id":"d7af087c-b3eb-4a86-bade-779bf195c89c","geometry":{"type":"Point","coordinates":[-97.07654406691715,28.140183777523205]},"properties":{"substrate":"Solid Reef","lease_number":null,"poll_year":2025}},{"type":"Feature","id":"d7f17d19-5483-4138-9919-05868630f44d","geometry":{"type":"Point","coordinates":[-97.09627272076159,28.132869807541105]},"properties":{"substrate":"Solid Reef","lease_number":null,"poll_year":2025}},{"type":"Feature","id":"d83cce36-564f-4412-8f26-2ac261f212a2","geometry":{"type":"Point","coordinates":[-97.0781052715073,28.14154503587642]},"properties":{"substrate":"Firm/Hard Bottom","lease_number":null,"poll_year":2025}},{"type":"Feature","id":"d887bd04-1fda-49e3-b31c-07520f68c694","geometry":{"type":"Point","coordinates":[-97.07615444961212,28.144450380787042]},"properties":{"substrate":"Mud","lease_number":null,"poll_year":2025}},{"type":"Feature","id":"d898c042-cc0a-4b29-9436-c8d07eb20ca1","geometry":{"type":"Point","coordinates":[-97.08744859757346,28.142310050967943]},"properties":{"substrate":"Solid Reef","lease_number":null,"poll_year":2025}},{"type":"Feature","id":"d8f925f9-4053-4e3e-b6c8-6e199fcda2cc","geometry":{"type":"Point","coordinates":[-97.08550890939792,28.14348276740701]},"properties":{"substrate":"Mud","lease_number":null,"poll_year":2025}},{"type":"Feature","id":"d8fcb34f-c385-4e9f-8f52-450a4ba735ee","geometry":{"type":"Point","coordinates":[-97.0878392802804,28.140439067607208]},"properties":{"substrate":"Solid Reef","lease_number":null,"poll_year":2025}},{"type":"Feature","id":"d92a4c49-bec2-473d-9f60-11ec7bb120f4","geometry":{"type":"Point","coordinates":[-97.08706694024016,28.1469455849141]},"properties":{"substrate":"Solid Reef","lease_number":null,"poll_year":2025}},{"type":"Feature","id":"d9745043-0e5e-47e0-8ca2-40bafa644c26","geometry":{"type":"Point","coordinates":[-97.08823549301627,28.14748935275135]},"properties":{"substrate":"Solid Reef","lease_number":null,"poll_year":2025}},{"type":"Feature","id":"d9b06b48-b6b4-455e-aba4-ba07346c60dd","geometry":{"type":"Point","coordinates":[-97.07708028658159,28.14310655487368]},"properties":{"substrate":"Mud","lease_number":null,"poll_year":2025}},{"type":"Feature","id":"d9d283a4-d555-43e2-a1e2-a4aa2362d5d5","geometry":{"type":"Point","coordinates":[-97.08915358830461,28.145280075713977]},"properties":{"substrate":"Solid Reef","lease_number":null,"poll_year":2025}},{"type":"Feature","id":"da83c5ab-f7d3-47d7-8751-471d4a6321e8","geometry":{"type":"Point","coordinates":[-97.0956607443726,28.13230454310769]},"properties":{"substrate":"Solid Reef","lease_number":null,"poll_year":2025}},{"type":"Feature","id":"da9547eb-4beb-4138-84d7-e338655ae588","geometry":{"type":"Point","coordinates":[-97.07611862390027,28.142847946655444]},"properties":{"substrate":"Solid Reef","lease_number":null,"poll_year":2025}},{"type":"Feature","id":"dabc0052-1429-4c2f-a97b-e482f47ba5c8","geometry":{"type":"Point","coordinates":[-97.08952490782562,28.14509600413543]},"properties":{"substrate":"Solid Reef","lease_number":null,"poll_year":2025}},{"type":"Feature","id":"db0cac1e-58b9-48b0-8d0a-4353a5663ce1","geometry":{"type":"Point","coordinates":[-97.07703196440583,28.14346693556909]},"properties":{"substrate":"Mud","lease_number":null,"poll_year":2025}},{"type":"Feature","id":"db1183f5-1171-4430-b974-62b836d190ea","geometry":{"type":"Point","coordinates":[-97.07689889965773,28.14482632087153]},"properties":{"substrate":"Mud","lease_number":null,"poll_year":2025}},{"type":"Feature","id":"db3d9ba8-e7ec-4d9f-9fe0-4d7440f217ed","geometry":{"type":"Point","coordinates":[-97.09557769063301,28.131978319033458]},"properties":{"substrate":"Solid Reef","lease_number":null,"poll_year":2025}},{"type":"Feature","id":"db4618a6-8783-4654-bded-4c4ca2d49ca5","geometry":{"type":"Point","coordinates":[-97.08630636363856,28.146982840442018]},"properties":{"substrate":"Mud","lease_number":null,"poll_year":2025}},{"type":"Feature","id":"db546d12-1f76-4a52-8619-4127d7962376","geometry":{"type":"Point","coordinates":[-97.09645876275525,28.132978805036693]},"properties":{"substrate":"Solid Reef","lease_number":null,"poll_year":2025}},{"type":"Feature","id":"db762040-b865-4b41-b723-e50c0c9cf7a9","geometry":{"type":"Point","coordinates":[-97.0882491662732,28.142360383551573]},"properties":{"substrate":"Solid Reef","lease_number":null,"poll_year":2025}},{"type":"Feature","id":"db86b980-c9b2-4140-9444-0310692533d4","geometry":{"type":"Point","coordinates":[-97.09238484185633,28.149474823653247]},"properties":{"substrate":"Mud","lease_number":null,"poll_year":2025}},{"type":"Feature","id":"dba1b705-c2ac-44dc-872a-82af443dcfe8","geometry":{"type":"Point","coordinates":[-97.08657793333211,28.142159868163052]},"properties":{"substrate":"Solid Reef","lease_number":null,"poll_year":2025}},{"type":"Feature","id":"dbc9a048-0122-47ae-8521-63e9b22b298f","geometry":{"type":"Point","coordinates":[-97.07625512021276,28.142486496899743]},"properties":{"substrate":"Solid Reef","lease_number":null,"poll_year":2025}},{"type":"Feature","id":"dbdac2ce-1cd7-4b25-be18-4c05a7718fa3","geometry":{"type":"Point","coordinates":[-97.08806179746786,28.14859559039582]},"properties":{"substrate":"Solid Reef","lease_number":null,"poll_year":2025}},{"type":"Feature","id":"dc1ac90d-2856-4605-832d-e4d4e96e4235","geometry":{"type":"Point","coordinates":[-97.07546566367306,28.14700411414661]},"properties":{"substrate":"Mud","lease_number":null,"poll_year":2025}},{"type":"Feature","id":"dc20f9de-c895-43a6-a549-8e9c09fa034b","geometry":{"type":"Point","coordinates":[-97.08781220954933,28.144786763551497]},"properties":{"substrate":"Solid Reef","lease_number":null,"poll_year":2025}},{"type":"Feature","id":"dc3de4c9-8cae-4f4d-ad34-325bbf25f340","geometry":{"type":"Point","coordinates":[-97.0752770354297,28.147366896773427]},"properties":{"substrate":"Mud","lease_number":null,"poll_year":2025}},{"type":"Feature","id":"dc5b09cb-7c8a-447e-b43d-8ddac93ee50e","geometry":{"type":"Point","coordinates":[-97.08896753373455,28.146486212536207]},"properties":{"substrate":"Solid Reef","lease_number":null,"poll_year":2025}},{"type":"Feature","id":"dc70be92-b3f8-41ef-b6bf-4e9a9c9da861","geometry":{"type":"Point","coordinates":[-97.0970015185617,28.133285013170365]},"properties":{"substrate":"Solid Reef","lease_number":null,"poll_year":2025}},{"type":"Feature","id":"dcac79fb-8d58-4581-9b98-ff779eafef5c","geometry":{"type":"Point","coordinates":[-97.07654929511209,28.1446471064509]},"properties":{"substrate":"Mud","lease_number":null,"poll_year":2025}},{"type":"Feature","id":"dcf69621-5963-4eb2-8c47-67f2aa4381c6","geometry":{"type":"Point","coordinates":[-97.08988828623951,28.148217619997435]},"properties":{"substrate":"Solid Reef","lease_number":null,"poll_year":2025}},{"type":"Feature","id":"dd1ec42f-f706-4553-9716-2fff5a2990a1","geometry":{"type":"Point","coordinates":[-97.08955854164819,28.148468449005744]},"properties":{"substrate":"Solid Reef","lease_number":null,"poll_year":2025}},{"type":"Feature","id":"dd37a963-cfed-45ec-b996-62aff8d27f31","geometry":{"type":"Point","coordinates":[-97.07573794662896,28.14245875864548]},"properties":{"substrate":"Solid Reef","lease_number":null,"poll_year":2025}},{"type":"Feature","id":"dd4eca07-6a61-4634-b3b5-f4fdc2ed66b5","geometry":{"type":"Point","coordinates":[-97.08798659680049,28.14926560096064]},"properties":{"substrate":"Solid Reef","lease_number":null,"poll_year":2025}},{"type":"Feature","id":"ddb11ca0-46fb-49ce-8807-156f31a2018e","geometry":{"type":"Point","coordinates":[-97.0886832618629,28.14818944600376]},"properties":{"substrate":"Solid Reef","lease_number":null,"poll_year":2025}},{"type":"Feature","id":"de9a2372-c308-49a2-b018-e7377ff5d972","geometry":{"type":"Point","coordinates":[-97.08951872741648,28.148417235342208]},"properties":{"substrate":"Solid Reef","lease_number":null,"poll_year":2025}},{"type":"Feature","id":"df322fb1-e744-44f4-a668-df19bd7cbef2","geometry":{"type":"Point","coordinates":[-97.08888021838725,28.1471354426244]},"properties":{"substrate":"Solid Reef","lease_number":null,"poll_year":2025}},{"type":"Feature","id":"df3f4e20-9bf6-4656-8d28-9972f6fda7f6","geometry":{"type":"Point","coordinates":[-97.08954747620052,28.144786841969108]},"properties":{"substrate":"Solid Reef","lease_number":null,"poll_year":2025}},{"type":"Feature","id":"df7722da-52f0-45b2-b4c8-154b5f41b59f","geometry":{"type":"Point","coordinates":[-97.08583559163246,28.145079793914594]},"properties":{"substrate":"Mud","lease_number":null,"poll_year":2025}},{"type":"Feature","id":"df8d0294-d3c6-4056-8f01-8d3e00d451d8","geometry":{"type":"Point","coordinates":[-97.08678231443228,28.14508994540232]},"properties":{"substrate":"Solid Reef","lease_number":null,"poll_year":2025}},{"type":"Feature","id":"dfacf27b-09d5-4895-ba04-4328fdfeadcb","geometry":{"type":"Point","coordinates":[-97.08872077101758,28.1464857935235]},"properties":{"substrate":"Solid Reef","lease_number":null,"poll_year":2025}},{"type":"Feature","id":"dfd4abde-627b-4454-a99b-755f269977ef","geometry":{"type":"Point","coordinates":[-97.09601548817997,28.132955164667997]},"properties":{"substrate":"Solid Reef","lease_number":null,"poll_year":2025}},{"type":"Feature","id":"dff69951-54ea-43ce-961a-2d34a39bef48","geometry":{"type":"Point","coordinates":[-97.08864259423166,28.142963647136938]},"properties":{"substrate":"Solid Reef","lease_number":null,"poll_year":2025}},{"type":"Feature","id":"e04d1f94-a8b0-4428-a0f6-fd764ee314fe","geometry":{"type":"Point","coordinates":[-97.0882814041138,28.143284312016664]},"properties":{"substrate":"Solid Reef","lease_number":null,"poll_year":2025}},{"type":"Feature","id":"e0a1e0e4-ffcb-4bbe-99e1-1cfd24e69457","geometry":{"type":"Point","coordinates":[-97.08821458742295,28.14608425820797]},"properties":{"substrate":"Solid Reef","lease_number":null,"poll_year":2025}},{"type":"Feature","id":"e0a3c871-4bd0-4754-b261-adef773d5b51","geometry":{"type":"Point","coordinates":[-97.0955191689855,28.131878196245474]},"properties":{"substrate":"Solid Reef","lease_number":null,"poll_year":2025}},{"type":"Feature","id":"e0d49c4c-f9b5-41c3-a099-3553322f9ed5","geometry":{"type":"Point","coordinates":[-97.08977517756547,28.148051776690888]},"properties":{"substrate":"Solid Reef","lease_number":null,"poll_year":2025}},{"type":"Feature","id":"e123e07e-9c38-45d2-b409-3804aff2542f","geometry":{"type":"Point","coordinates":[-97.08707464868361,28.147683315617826]},"properties":{"substrate":"Solid Reef","lease_number":null,"poll_year":2025}},{"type":"Feature","id":"e1386421-f034-4048-9d25-05eb95a78b67","geometry":{"type":"Point","coordinates":[-97.09026943422803,28.14621595613395]},"properties":{"substrate":"Solid Reef","lease_number":null,"poll_year":2025}},{"type":"Feature","id":"e15dc852-5311-4581-be0c-08fafcd2948a","geometry":{"type":"Point","coordinates":[-97.08808660444444,28.142128686492896]},"properties":{"substrate":"Solid Reef","lease_number":null,"poll_year":2025}},{"type":"Feature","id":"e27fa568-07dd-43a6-81d7-cdbb5897c666","geometry":{"type":"Point","coordinates":[-97.09179714603115,28.148487556104648]},"properties":{"substrate":"Mud","lease_number":null,"poll_year":2025}},{"type":"Feature","id":"e2afca6a-0fad-4660-a8ce-9c72066c9619","geometry":{"type":"Point","coordinates":[-97.0867971734654,28.141208985920702]},"properties":{"substrate":"Solid Reef","lease_number":null,"poll_year":2025}},{"type":"Feature","id":"e2b96a44-041c-4369-b343-a7de453b2a8b","geometry":{"type":"Point","coordinates":[-97.07764529006438,28.142927809673523]},"properties":{"substrate":"Mud","lease_number":null,"poll_year":2025}},{"type":"Feature","id":"e2cbb28f-b0ac-41ba-bf4f-06911b09d194","geometry":{"type":"Point","coordinates":[-97.07766667086646,28.140141539500203]},"properties":{"substrate":"Firm/Hard Bottom","lease_number":null,"poll_year":2025}},{"type":"Feature","id":"e2e070e3-62f6-4fac-b608-72b0dc750eaa","geometry":{"type":"Point","coordinates":[-97.08677264855983,28.143761213939502]},"properties":{"substrate":"Solid Reef","lease_number":null,"poll_year":2025}},{"type":"Feature","id":"e3025881-7545-4d6d-8cac-7666d3620f7d","geometry":{"type":"Point","coordinates":[-97.0961575109281,28.131308567122876]},"properties":{"substrate":"Solid Reef","lease_number":null,"poll_year":2025}},{"type":"Feature","id":"e34fe405-ef62-4ed7-84cf-459923537aed","geometry":{"type":"Point","coordinates":[-97.08770556335541,28.139782310469695]},"properties":{"substrate":"Mud","lease_number":null,"poll_year":2025}},{"type":"Feature","id":"e3a20bce-649b-4954-b951-facb70462ac5","geometry":{"type":"Point","coordinates":[-97.07691623714274,28.14360390184091]},"properties":{"substrate":"Mud","lease_number":null,"poll_year":2025}},{"type":"Feature","id":"e3d4c008-0043-409c-8752-752e4a32607d","geometry":{"type":"Point","coordinates":[-97.07529238943455,28.14474432219033]},"properties":{"substrate":"Mud","lease_number":null,"poll_year":2025}},{"type":"Feature","id":"e40bb88c-818f-4534-97d8-c8d87112e877","geometry":{"type":"Point","coordinates":[-97.07704252859357,28.141513604509086]},"properties":{"substrate":"Mud","lease_number":null,"poll_year":2025}},{"type":"Feature","id":"e417abfe-01d0-4756-bcfe-c49cbb905aeb","geometry":{"type":"Point","coordinates":[-97.08913081152059,28.144512654051457]},"properties":{"substrate":"Solid Reef","lease_number":null,"poll_year":2025}},{"type":"Feature","id":"e45104f8-62b0-451f-8c7c-5c97f18dd594","geometry":{"type":"Point","coordinates":[-97.08651227187471,28.14397123948889]},"properties":{"substrate":"Solid Reef","lease_number":null,"poll_year":2025}},{"type":"Feature","id":"e4932076-4169-4026-abdc-ffd419150fb5","geometry":{"type":"Point","coordinates":[-97.07642755811973,28.143323081744274]},"properties":{"substrate":"Solid Reef","lease_number":null,"poll_year":2025}},{"type":"Feature","id":"e5129481-82d3-459d-b2af-215b155a73f3","geometry":{"type":"Point","coordinates":[-97.07522898634178,28.14067354235098]},"properties":{"substrate":"Firm/Hard Bottom","lease_number":null,"poll_year":2025}},{"type":"Feature","id":"e5171a47-48b9-4fc5-b6d1-05f6df814811","geometry":{"type":"Point","coordinates":[-97.07651698271133,28.142171147109167]},"properties":{"substrate":"Solid Reef","lease_number":null,"poll_year":2025}},{"type":"Feature","id":"e51afac6-155f-4ece-a29f-5b71275d06da","geometry":{"type":"Point","coordinates":[-97.08905383218894,28.14774248602807]},"properties":{"substrate":"Solid Reef","lease_number":null,"poll_year":2025}},{"type":"Feature","id":"e52c5da7-1ed8-4c46-ab68-b7b7e22df3ce","geometry":{"type":"Point","coordinates":[-97.07611867690089,28.1446009374192]},"properties":{"substrate":"Mud","lease_number":null,"poll_year":2025}},{"type":"Feature","id":"e52daafc-0a1d-4184-a784-a5134bdf3240","geometry":{"type":"Point","coordinates":[-97.08786991103499,28.14262561976491]},"properties":{"substrate":"Solid Reef","lease_number":null,"poll_year":2025}},{"type":"Feature","id":"e57ecd4d-b56b-4a41-94f8-80faa6321776","geometry":{"type":"Point","coordinates":[-97.09691142652186,28.133009073605148]},"properties":{"substrate":"Solid Reef","lease_number":null,"poll_year":2025}},{"type":"Feature","id":"e597c2de-5252-46ca-858d-2857028dfa9f","geometry":{"type":"Point","coordinates":[-97.09535878287636,28.13184973118041]},"properties":{"substrate":"Solid Reef","lease_number":null,"poll_year":2025}},{"type":"Feature","id":"e66e5df8-7a52-484b-b834-e748aa9a1dfa","geometry":{"type":"Point","coordinates":[-97.09672370198366,28.132901030723204]},"properties":{"substrate":"Solid Reef","lease_number":null,"poll_year":2025}},{"type":"Feature","id":"e6ceda3d-a3b1-4e68-bf6f-6c0cf3c79e8c","geometry":{"type":"Point","coordinates":[-97.09111903117936,28.147475870806623]},"properties":{"substrate":"Solid Reef","lease_number":null,"poll_year":2025}},{"type":"Feature","id":"e702bc66-00b4-4dc8-95f3-e62b3a8a0d4c","geometry":{"type":"Point","coordinates":[-97.08883791222893,28.14330077439958]},"properties":{"substrate":"Solid Reef","lease_number":null,"poll_year":2025}},{"type":"Feature","id":"e725b196-bd9d-4fc4-b48f-fff76f3d0579","geometry":{"type":"Point","coordinates":[-97.08779922799516,28.1432384655778]},"properties":{"substrate":"Solid Reef","lease_number":null,"poll_year":2025}},{"type":"Feature","id":"e7887d73-0485-4805-8834-f35b925f16f4","geometry":{"type":"Point","coordinates":[-97.07639579908118,28.142482332755975]},"properties":{"substrate":"Solid Reef","lease_number":null,"poll_year":2025}},{"type":"Feature","id":"e7c9cfc7-9f29-46de-b244-52ddbf77bc2c","geometry":{"type":"Point","coordinates":[-97.08851616354194,28.146181196996704]},"properties":{"substrate":"Solid Reef","lease_number":null,"poll_year":2025}},{"type":"Feature","id":"e7f05025-28ed-4b70-8747-935223159182","geometry":{"type":"Point","coordinates":[-97.09214419936139,28.14918658225689]},"properties":{"substrate":"Mud","lease_number":null,"poll_year":2025}},{"type":"Feature","id":"e7f6721b-d51f-49a1-8db4-f8b96cf10357","geometry":{"type":"Point","coordinates":[-97.08586574987316,28.143709993272317]},"properties":{"substrate":"Solid Reef","lease_number":null,"poll_year":2025}},{"type":"Feature","id":"e8740ba3-c016-48d4-a653-bbccf5b5028d","geometry":{"type":"Point","coordinates":[-97.08773809674175,28.146085315644726]},"properties":{"substrate":"Solid Reef","lease_number":null,"poll_year":2025}},{"type":"Feature","id":"e880f3ed-d6f0-4549-9fbd-c96c24a082b6","geometry":{"type":"Point","coordinates":[-97.09703981194563,28.13405907131862]},"properties":{"substrate":"Solid Reef","lease_number":null,"poll_year":2025}},{"type":"Feature","id":"e918f432-682d-4eb8-b591-e2bdbcd08f62","geometry":{"type":"Point","coordinates":[-97.08721059432882,28.14717557095828]},"properties":{"substrate":"Solid Reef","lease_number":null,"poll_year":2025}},{"type":"Feature","id":"e95387ac-81ca-4612-845a-52d372b8a590","geometry":{"type":"Point","coordinates":[-97.07751270411833,28.14421867795198]},"properties":{"substrate":"Mud","lease_number":null,"poll_year":2025}},{"type":"Feature","id":"e97b633a-3550-4841-a6b8-138980190863","geometry":{"type":"Point","coordinates":[-97.09656075387933,28.132804864180432]},"properties":{"substrate":"Solid Reef","lease_number":null,"poll_year":2025}},{"type":"Feature","id":"e97fa9a3-feb9-45de-b360-a5f1bf514466","geometry":{"type":"Point","coordinates":[-97.08839387947557,28.142579829284166]},"properties":{"substrate":"Solid Reef","lease_number":null,"poll_year":2025}},{"type":"Feature","id":"ea4d9a31-b3f7-4781-bb19-7ac2fabd8985","geometry":{"type":"Point","coordinates":[-97.07626411953527,28.14530500209874]},"properties":{"substrate":"Mud","lease_number":null,"poll_year":2025}},{"type":"Feature","id":"ea691bf6-691d-45c5-9776-8eaf8dc9ceda","geometry":{"type":"Point","coordinates":[-97.09174530515442,28.14800250736799]},"properties":{"substrate":"Mud","lease_number":null,"poll_year":2025}},{"type":"Feature","id":"eaa3e0c0-4b9c-4506-ba51-812787840f57","geometry":{"type":"Point","coordinates":[-97.07701025841364,28.14113280975089]},"properties":{"substrate":"Solid Reef","lease_number":null,"poll_year":2025}},{"type":"Feature","id":"ead11c57-b945-479c-b866-340e4b2ae20c","geometry":{"type":"Point","coordinates":[-97.08601358382283,28.14676072015521]},"properties":{"substrate":"Mud","lease_number":null,"poll_year":2025}},{"type":"Feature","id":"eb760ffa-6050-4d8b-867e-33b3e08dfe8d","geometry":{"type":"Point","coordinates":[-97.09714360149694,28.131389608024595]},"properties":{"substrate":"Solid Reef","lease_number":null,"poll_year":2025}},{"type":"Feature","id":"eb7944a8-304e-474f-88be-a505b50cfb3a","geometry":{"type":"Point","coordinates":[-97.08796301692259,28.141690666437906]},"properties":{"substrate":"Solid Reef","lease_number":null,"poll_year":2025}},{"type":"Feature","id":"ebf0ca00-846b-433e-8c78-5ec490f6f7b5","geometry":{"type":"Point","coordinates":[-97.08631812977214,28.145823330812824]},"properties":{"substrate":"Solid Reef","lease_number":null,"poll_year":2025}},{"type":"Feature","id":"ebf11182-96ca-49cd-be3a-b80e947a5427","geometry":{"type":"Point","coordinates":[-97.0961045031398,28.132291333349325]},"properties":{"substrate":"Solid Reef","lease_number":null,"poll_year":2025}},{"type":"Feature","id":"ec2dda3e-c327-4a4b-b6b0-b7d4035123a4","geometry":{"type":"Point","coordinates":[-97.08864563592722,28.142595746801426]},"properties":{"substrate":"Solid Reef","lease_number":null,"poll_year":2025}},{"type":"Feature","id":"ec570acc-73b9-497b-b6e6-f83bf4d0ae99","geometry":{"type":"Point","coordinates":[-97.09061122612566,28.14707110434784]},"properties":{"substrate":"Mud","lease_number":null,"poll_year":2025}},{"type":"Feature","id":"ecbc4ef1-4382-4bb1-ae8b-05653dcd1d8b","geometry":{"type":"Point","coordinates":[-97.09194429456626,28.148925420840165]},"properties":{"substrate":"Mud","lease_number":null,"poll_year":2025}},{"type":"Feature","id":"ecd1652b-43e9-45e9-9555-060b7dabee83","geometry":{"type":"Point","coordinates":[-97.08676496976078,28.146499197176542]},"properties":{"substrate":"Solid Reef","lease_number":null,"poll_year":2025}},{"type":"Feature","id":"ed35be05-3879-41c4-b163-1e05a98c128b","geometry":{"type":"Point","coordinates":[-97.09669215135426,28.131099216259766]},"properties":{"substrate":"Solid Reef","lease_number":null,"poll_year":2025}},{"type":"Feature","id":"ed4c19b3-97eb-46e4-ad7d-bbdcb84d70c8","geometry":{"type":"Point","coordinates":[-97.08992919372092,28.14600218603356]},"properties":{"substrate":"Solid Reef","lease_number":null,"poll_year":2025}},{"type":"Feature","id":"ed5724fa-9135-453f-813c-56f97aa1aa6e","geometry":{"type":"Point","coordinates":[-97.0859853470785,28.14532027603143]},"properties":{"substrate":"Mud","lease_number":null,"poll_year":2025}},{"type":"Feature","id":"ed81e209-ffa9-4e08-b874-11d27ac44224","geometry":{"type":"Point","coordinates":[-97.08690660443666,28.145273480743985]},"properties":{"substrate":"Solid Reef","lease_number":null,"poll_year":2025}},{"type":"Feature","id":"ed90d32d-4ec8-4ae2-8915-5d39bcb99ad4","geometry":{"type":"Point","coordinates":[-97.0766070873276,28.140904173187373]},"properties":{"substrate":"Solid Reef","lease_number":null,"poll_year":2025}},{"type":"Feature","id":"edb780a9-d0ad-4c09-8bd2-302c4a4407f8","geometry":{"type":"Point","coordinates":[-97.08598117260738,28.14410394202233]},"properties":{"substrate":"Solid Reef","lease_number":null,"poll_year":2025}},{"type":"Feature","id":"edcfc6a8-9857-4ec7-83d8-687b873b5f12","geometry":{"type":"Point","coordinates":[-97.09183762501615,28.14877774232425]},"properties":{"substrate":"Mud","lease_number":null,"poll_year":2025}},{"type":"Feature","id":"ede6610a-3f9c-48b9-bd3a-3ca33807891b","geometry":{"type":"Point","coordinates":[-97.08796671079504,28.142454781439614]},"properties":{"substrate":"Solid Reef","lease_number":null,"poll_year":2025}},{"type":"Feature","id":"ee12dbe7-22ea-4a7c-84ec-7dec10959fd0","geometry":{"type":"Point","coordinates":[-97.09077711800919,28.14847120699288]},"properties":{"substrate":"Solid Reef","lease_number":null,"poll_year":2025}},{"type":"Feature","id":"ee15c193-bfba-417b-8a15-7ccb77638163","geometry":{"type":"Point","coordinates":[-97.08821991982249,28.14826153006666]},"properties":{"substrate":"Solid Reef","lease_number":null,"poll_year":2025}},{"type":"Feature","id":"ee1ca872-b4cf-4ded-bf42-53756035bccb","geometry":{"type":"Point","coordinates":[-97.0858904957643,28.144725240562824]},"properties":{"substrate":"Mud","lease_number":null,"poll_year":2025}},{"type":"Feature","id":"ee21bd23-a37a-4fcc-9551-acbb91006107","geometry":{"type":"Point","coordinates":[-97.07806824834118,28.14168263434123]},"properties":{"substrate":"Buried Shell","lease_number":null,"poll_year":2025}},{"type":"Feature","id":"ee49d6f8-416c-4222-bbd8-546d13a3d2b1","geometry":{"type":"Point","coordinates":[-97.0767283625859,28.142287391713005]},"properties":{"substrate":"Solid Reef","lease_number":null,"poll_year":2025}},{"type":"Feature","id":"ee5a111d-70fa-44de-80ed-828f640ee326","geometry":{"type":"Point","coordinates":[-97.09048048172595,28.14546477985769]},"properties":{"substrate":"Mud","lease_number":null,"poll_year":2025}},{"type":"Feature","id":"ee770f7d-c00b-4366-b582-35ec178f5f16","geometry":{"type":"Point","coordinates":[-97.07570475837078,28.143177235572182]},"properties":{"substrate":"Solid Reef","lease_number":null,"poll_year":2025}},{"type":"Feature","id":"eeb4c676-6a7a-4248-a172-061481e86227","geometry":{"type":"Point","coordinates":[-97.091906698275,28.148633571676637]},"properties":{"substrate":"Mud","lease_number":null,"poll_year":2025}},{"type":"Feature","id":"eedf5fde-3fc2-4bfd-ad8f-cd447327fddb","geometry":{"type":"Point","coordinates":[-97.09644027273175,28.131104474871726]},"properties":{"substrate":"Solid Reef","lease_number":null,"poll_year":2025}},{"type":"Feature","id":"eef06830-1b84-4514-bc3c-fb90b4474281","geometry":{"type":"Point","coordinates":[-97.07738948310913,28.14173013301551]},"properties":{"substrate":"Solid Reef","lease_number":null,"poll_year":2025}},{"type":"Feature","id":"ef01dcb8-4e4f-488a-97f3-a2076fed846f","geometry":{"type":"Point","coordinates":[-97.07761198861849,28.142479135783404]},"properties":{"substrate":"Mud","lease_number":null,"poll_year":2025}},{"type":"Feature","id":"ef0b0ed3-147e-4d75-bf42-7c61aa595dc0","geometry":{"type":"Point","coordinates":[-97.08731849277423,28.143996644608432]},"properties":{"substrate":"Solid Reef","lease_number":null,"poll_year":2025}},{"type":"Feature","id":"ef216ba0-9af7-42b6-8fe4-57cc4b0ab279","geometry":{"type":"Point","coordinates":[-97.08553654966089,28.142517609551845]},"properties":{"substrate":"Solid Reef","lease_number":null,"poll_year":2025}},{"type":"Feature","id":"ef275a9e-4c23-43e6-8b70-bcbc9c157530","geometry":{"type":"Point","coordinates":[-97.09628250431334,28.131487342007766]},"properties":{"substrate":"Solid Reef","lease_number":null,"poll_year":2025}},{"type":"Feature","id":"ef46d732-8e2d-47b3-b785-862310a5b011","geometry":{"type":"Point","coordinates":[-97.08964192506947,28.144576254836952]},"properties":{"substrate":"Mud","lease_number":null,"poll_year":2025}},{"type":"Feature","id":"ef960e08-a266-477e-a55c-68f49ba13a03","geometry":{"type":"Point","coordinates":[-97.08506464667583,28.14372628449516]},"properties":{"substrate":"Mud","lease_number":null,"poll_year":2025}},{"type":"Feature","id":"f02e8b7c-b2b7-4171-8738-e45c883f07c1","geometry":{"type":"Point","coordinates":[-97.08788819624257,28.145969803091937]},"properties":{"substrate":"Solid Reef","lease_number":null,"poll_year":2025}},{"type":"Feature","id":"f0847dac-9caa-4c6c-8087-cb861bf105e0","geometry":{"type":"Point","coordinates":[-97.09006404701476,28.14447765752371]},"properties":{"substrate":"Mud","lease_number":null,"poll_year":2025}},{"type":"Feature","id":"f08c669e-f90b-4749-b7ed-a23dca988134","geometry":{"type":"Point","coordinates":[-97.08663346089475,28.146457132734195]},"properties":{"substrate":"Solid Reef","lease_number":null,"poll_year":2025}},{"type":"Feature","id":"f0ecd795-227c-4076-af8a-1b903f76fe40","geometry":{"type":"Point","coordinates":[-97.0873594802057,28.14552643945342]},"properties":{"substrate":"Solid Reef","lease_number":null,"poll_year":2025}},{"type":"Feature","id":"f1078d4d-7b1c-4b2d-9e15-eb01f1b618c0","geometry":{"type":"Point","coordinates":[-97.09017271082479,28.14537970280111]},"properties":{"substrate":"Mud","lease_number":null,"poll_year":2025}},{"type":"Feature","id":"f11b9a16-bc1a-4d41-9c0a-28d152a86122","geometry":{"type":"Point","coordinates":[-97.07771264843933,28.142702581440783]},"properties":{"substrate":"Mud","lease_number":null,"poll_year":2025}},{"type":"Feature","id":"f1721f08-fe27-4759-8147-842cb0e15465","geometry":{"type":"Point","coordinates":[-97.08938450384167,28.148915836835638]},"properties":{"substrate":"Solid Reef","lease_number":null,"poll_year":2025}},{"type":"Feature","id":"f178b16d-2271-4330-a3f5-1133101acbd5","geometry":{"type":"Point","coordinates":[-97.08756173050203,28.145035842143976]},"properties":{"substrate":"Solid Reef","lease_number":null,"poll_year":2025}},{"type":"Feature","id":"f17e5fbe-3b59-4dae-9408-f98e369ded5d","geometry":{"type":"Point","coordinates":[-97.07547775589511,28.142121870328296]},"properties":{"substrate":"Solid Reef","lease_number":null,"poll_year":2025}},{"type":"Feature","id":"f1abcf5b-c0bb-4074-a6f1-20daefe09792","geometry":{"type":"Point","coordinates":[-97.09702405549554,28.1328227865873]},"properties":{"substrate":"Solid Reef","lease_number":null,"poll_year":2025}},{"type":"Feature","id":"f1be077c-7203-40e5-bd9c-acbc1af41eee","geometry":{"type":"Point","coordinates":[-97.0870590907612,28.141091086982982]},"properties":{"substrate":"Solid Reef","lease_number":null,"poll_year":2025}},{"type":"Feature","id":"f1bf2d3e-c409-4788-92fe-f250310fbc71","geometry":{"type":"Point","coordinates":[-97.07684080381169,28.143167925122984]},"properties":{"substrate":"Mud","lease_number":null,"poll_year":2025}},{"type":"Feature","id":"f1c97316-d411-446c-98d2-209b9e632db8","geometry":{"type":"Point","coordinates":[-97.07751462741135,28.143206282204073]},"properties":{"substrate":"Mud","lease_number":null,"poll_year":2025}},{"type":"Feature","id":"f1f8366a-11d7-409e-b804-33684cf9891a","geometry":{"type":"Point","coordinates":[-97.08816012975382,28.145271203475243]},"properties":{"substrate":"Solid Reef","lease_number":null,"poll_year":2025}},{"type":"Feature","id":"f1fc1be0-47f0-4e14-9e54-31361637bab3","geometry":{"type":"Point","coordinates":[-97.07540908238659,28.1417479604593]},"properties":{"substrate":"Scattered Shell","lease_number":null,"poll_year":2025}},{"type":"Feature","id":"f27cfc59-6ec1-471c-a049-3c5886d99c09","geometry":{"type":"Point","coordinates":[-97.0869366629644,28.14672981863755]},"properties":{"substrate":"Solid Reef","lease_number":null,"poll_year":2025}},{"type":"Feature","id":"f2f2997b-c23f-4fb8-a54c-deec18f5a590","geometry":{"type":"Point","coordinates":[-97.0756224690975,28.144366976632323]},"properties":{"substrate":"Mud","lease_number":null,"poll_year":2025}},{"type":"Feature","id":"f32a800a-0d93-4d76-9664-097ef54951ad","geometry":{"type":"Point","coordinates":[-97.07574231603449,28.146680379200713]},"properties":{"substrate":"Mud","lease_number":null,"poll_year":2025}},{"type":"Feature","id":"f32f6d5c-4ab2-43f1-ad19-c1d6a998a12e","geometry":{"type":"Point","coordinates":[-97.08693039631697,28.14160589134993]},"properties":{"substrate":"Solid Reef","lease_number":null,"poll_year":2025}},{"type":"Feature","id":"f381892b-8ca1-49b1-b9b8-9ba4051c90c2","geometry":{"type":"Point","coordinates":[-97.0857429259193,28.143105042736643]},"properties":{"substrate":"Solid Reef","lease_number":null,"poll_year":2025}},{"type":"Feature","id":"f3c02152-5a28-4be2-bca2-4474c9be051d","geometry":{"type":"Point","coordinates":[-97.08928460040228,28.144032649640003]},"properties":{"substrate":"Solid Reef","lease_number":null,"poll_year":2025}},{"type":"Feature","id":"f45290c9-b3fe-4ffb-a766-401f45f45252","geometry":{"type":"Point","coordinates":[-97.08498226936763,28.143022924713257]},"properties":{"substrate":"Solid Reef","lease_number":null,"poll_year":2025}},{"type":"Feature","id":"f45373af-d365-458a-b162-e9ba8a944752","geometry":{"type":"Point","coordinates":[-97.07697296754955,28.139841403655122]},"properties":{"substrate":"Firm/Hard Bottom","lease_number":null,"poll_year":2025}},{"type":"Feature","id":"f45e1f9a-aa6e-4c56-b1b2-d779b9f0aa68","geometry":{"type":"Point","coordinates":[-97.08910269784545,28.14883898496939]},"properties":{"substrate":"Solid Reef","lease_number":null,"poll_year":2025}},{"type":"Feature","id":"f4627a6f-f0f9-48a1-819d-bde6a068c538","geometry":{"type":"Point","coordinates":[-97.0772755174423,28.141222177945036]},"properties":{"substrate":"Solid Reef","lease_number":null,"poll_year":2025}},{"type":"Feature","id":"f48ea885-e5ef-4140-9665-f6102282582f","geometry":{"type":"Point","coordinates":[-97.07649352680095,28.142630315410937]},"properties":{"substrate":"Solid Reef","lease_number":null,"poll_year":2025}},{"type":"Feature","id":"f4a8b0fd-c429-4262-94d4-fca1a12228b7","geometry":{"type":"Point","coordinates":[-97.09684706851996,28.133192548050264]},"properties":{"substrate":"Solid Reef","lease_number":null,"poll_year":2025}},{"type":"Feature","id":"f4af30ea-26c9-453b-bdc1-9dbcf46a741f","geometry":{"type":"Point","coordinates":[-97.0782185661326,28.140949352071456]},"properties":{"substrate":"Firm/Hard Bottom","lease_number":null,"poll_year":2025}},{"type":"Feature","id":"f5084673-91d8-47bf-8ab5-c4d65e1c18f7","geometry":{"type":"Point","coordinates":[-97.089832884441,28.144857006696064]},"properties":{"substrate":"Mud","lease_number":null,"poll_year":2025}},{"type":"Feature","id":"f51a3bcb-0be4-47c5-9c4d-e3f86e177fd8","geometry":{"type":"Point","coordinates":[-97.0876690576189,28.142310995961584]},"properties":{"substrate":"Solid Reef","lease_number":null,"poll_year":2025}},{"type":"Feature","id":"f53e915f-ea1c-465b-8fc9-36d959f3f979","geometry":{"type":"Point","coordinates":[-97.08703993328945,28.14145408291616]},"properties":{"substrate":"Solid Reef","lease_number":null,"poll_year":2025}},{"type":"Feature","id":"f562a66b-ff56-4091-8b83-529501bd8006","geometry":{"type":"Point","coordinates":[-97.08687001066527,28.14759632508318]},"properties":{"substrate":"Mud","lease_number":null,"poll_year":2025}},{"type":"Feature","id":"f5b92486-35da-4f94-905c-6aaa2a300b31","geometry":{"type":"Point","coordinates":[-97.08798051790096,28.144981278650743]},"properties":{"substrate":"Solid Reef","lease_number":null,"poll_year":2025}},{"type":"Feature","id":"f5f6f054-1962-4f30-bf39-e628fdff9816","geometry":{"type":"Point","coordinates":[-97.08962069967593,28.148220258388214]},"properties":{"substrate":"Solid Reef","lease_number":null,"poll_year":2025}},{"type":"Feature","id":"f6a20007-89cb-4536-9006-0b7a452d4bed","geometry":{"type":"Point","coordinates":[-97.08716168016329,28.14493611018031]},"properties":{"substrate":"Solid Reef","lease_number":null,"poll_year":2025}},{"type":"Feature","id":"f6bd99bf-b641-482d-8f9c-f30e13746393","geometry":{"type":"Point","coordinates":[-97.09683150430935,28.13040365996185]},"properties":{"substrate":"Solid Reef","lease_number":null,"poll_year":2025}},{"type":"Feature","id":"f73ec79a-41bb-4ed7-a65f-dd4ed25f6f65","geometry":{"type":"Point","coordinates":[-97.08788719102778,28.14885047627817]},"properties":{"substrate":"Solid Reef","lease_number":null,"poll_year":2025}},{"type":"Feature","id":"f76cd7a8-e0a6-487d-8cfb-6bf613bdc4e1","geometry":{"type":"Point","coordinates":[-97.08936467892164,28.145605337291677]},"properties":{"substrate":"Solid Reef","lease_number":null,"poll_year":2025}},{"type":"Feature","id":"f7910b11-8d2c-43fd-a1ca-f0940dfa6d49","geometry":{"type":"Point","coordinates":[-97.08848217218991,28.14358083096457]},"properties":{"substrate":"Solid Reef","lease_number":null,"poll_year":2025}},{"type":"Feature","id":"f7b99e02-0a38-48f0-af6a-8ac55f30dcb8","geometry":{"type":"Point","coordinates":[-97.09020127904743,28.1483267333615]},"properties":{"substrate":"Solid Reef","lease_number":null,"poll_year":2025}},{"type":"Feature","id":"f7e719d5-da0e-485d-a5d9-34570e7ad5d5","geometry":{"type":"Point","coordinates":[-97.09665747818093,28.131230054853695]},"properties":{"substrate":"Solid Reef","lease_number":null,"poll_year":2025}},{"type":"Feature","id":"f7fbc07b-ab66-496b-8041-b6406390eaa0","geometry":{"type":"Point","coordinates":[-97.09648542115961,28.132509165423514]},"properties":{"substrate":"Solid Reef","lease_number":null,"poll_year":2025}},{"type":"Feature","id":"f8a7a259-ac97-4d17-b9cf-d3791f4388eb","geometry":{"type":"Point","coordinates":[-97.07527946357594,28.141538077092893]},"properties":{"substrate":"Scattered Shell","lease_number":null,"poll_year":2025}},{"type":"Feature","id":"f8ea5f8a-5ac9-454b-84dd-7f16f9db14c3","geometry":{"type":"Point","coordinates":[-97.09688697976972,28.133704358702754]},"properties":{"substrate":"Solid Reef","lease_number":null,"poll_year":2025}},{"type":"Feature","id":"f993851d-fc9c-4395-861b-037199028445","geometry":{"type":"Point","coordinates":[-97.07638080170751,28.140586366309847]},"properties":{"substrate":"Solid Reef","lease_number":null,"poll_year":2025}},{"type":"Feature","id":"f9e55756-e840-4d17-a11d-5862643ffc2f","geometry":{"type":"Point","coordinates":[-97.08798503013863,28.1406515766537]},"properties":{"substrate":"Solid Reef","lease_number":null,"poll_year":2025}},{"type":"Feature","id":"f9f9f3fa-cb16-43ee-a780-180623d22391","geometry":{"type":"Point","coordinates":[-97.08882356433722,28.14917664026256]},"properties":{"substrate":"Solid Reef","lease_number":null,"poll_year":2025}},{"type":"Feature","id":"fa198e57-07f9-4249-85fb-e7cdb22fb869","geometry":{"type":"Point","coordinates":[-97.07528155395559,28.142337502515034]},"properties":{"substrate":"Solid Reef","lease_number":null,"poll_year":2025}},{"type":"Feature","id":"fa6b1393-9af6-4bf9-96e4-c6ebd1e293ab","geometry":{"type":"Point","coordinates":[-97.07546096728078,28.145542118905347]},"properties":{"substrate":"Mud","lease_number":null,"poll_year":2025}},{"type":"Feature","id":"faa98390-cc41-49e2-aa50-57293a1a8aca","geometry":{"type":"Point","coordinates":[-97.07803847278278,28.14068811828778]},"properties":{"substrate":"Firm/Hard Bottom","lease_number":null,"poll_year":2025}},{"type":"Feature","id":"faafd4a4-849e-40cf-8ea8-ca8f614b351d","geometry":{"type":"Point","coordinates":[-97.08657818306374,28.145476843418933]},"properties":{"substrate":"Solid Reef","lease_number":null,"poll_year":2025}},{"type":"Feature","id":"fab36627-919d-4574-bbea-b9c05e37cce1","geometry":{"type":"Point","coordinates":[-97.07556882260704,28.144451266354334]},"properties":{"substrate":"Mud","lease_number":null,"poll_year":2025}},{"type":"Feature","id":"fac2d6a8-4b69-4581-a95a-1ff95687d35a","geometry":{"type":"Point","coordinates":[-97.0913828547002,28.147875105473453]},"properties":{"substrate":"Solid Reef","lease_number":null,"poll_year":2025}},{"type":"Feature","id":"fb09f968-8a9b-4e61-ba76-af0a172fd9e6","geometry":{"type":"Point","coordinates":[-97.08972927545106,28.14399372095656]},"properties":{"substrate":"Mud","lease_number":null,"poll_year":2025}},{"type":"Feature","id":"fb34203b-e45d-49a5-b13b-52a0d7bb534a","geometry":{"type":"Point","coordinates":[-97.0887768779936,28.14546976686911]},"properties":{"substrate":"Solid Reef","lease_number":null,"poll_year":2025}},{"type":"Feature","id":"fb381873-8134-417c-ab93-c24b48195be0","geometry":{"type":"Point","coordinates":[-97.07670822235721,28.144004795347026]},"properties":{"substrate":"Mud","lease_number":null,"poll_year":2025}},{"type":"Feature","id":"fb53256e-8e61-42bf-85ec-0f915da7e98a","geometry":{"type":"Point","coordinates":[-97.08861661675027,28.147112184785836]},"properties":{"substrate":"Solid Reef","lease_number":null,"poll_year":2025}},{"type":"Feature","id":"fbc47278-a627-4c76-87d6-9fdc629106fb","geometry":{"type":"Point","coordinates":[-97.08469821488828,28.142866726823]},"properties":{"substrate":"Solid Reef","lease_number":null,"poll_year":2025}},{"type":"Feature","id":"fbdcd5ff-2064-44c3-9c7d-bfe3a1e80088","geometry":{"type":"Point","coordinates":[-97.07680234693437,28.143885670933685]},"properties":{"substrate":"Mud","lease_number":null,"poll_year":2025}},{"type":"Feature","id":"fc2c06b5-ef8b-443f-aaf3-8312b849c582","geometry":{"type":"Point","coordinates":[-97.0863466665538,28.14441230297065]},"properties":{"substrate":"Solid Reef","lease_number":null,"poll_year":2025}},{"type":"Feature","id":"fcaf2bba-b6e6-4abd-a33f-47d1bc92c34d","geometry":{"type":"Point","coordinates":[-97.0780201076251,28.14091742703503]},"properties":{"substrate":"Firm/Hard Bottom","lease_number":null,"poll_year":2025}},{"type":"Feature","id":"fcc866bc-9523-4029-a34a-30bad5bbef44","geometry":{"type":"Point","coordinates":[-97.0860100246977,28.145689123853803]},"properties":{"substrate":"Mud","lease_number":null,"poll_year":2025}},{"type":"Feature","id":"fccad70d-1cc1-44fa-8b11-24d1282e69e3","geometry":{"type":"Point","coordinates":[-97.08894501746195,28.148601767740935]},"properties":{"substrate":"Solid Reef","lease_number":null,"poll_year":2025}},{"type":"Feature","id":"fce7bece-6de9-48a6-be52-05db1dcdca27","geometry":{"type":"Point","coordinates":[-97.09032436620767,28.148510829485872]},"properties":{"substrate":"Solid Reef","lease_number":null,"poll_year":2025}},{"type":"Feature","id":"fceff482-a7ee-49fe-b04f-fa2727bea4a2","geometry":{"type":"Point","coordinates":[-97.0884065645857,28.145260392190774]},"properties":{"substrate":"Solid Reef","lease_number":null,"poll_year":2025}},{"type":"Feature","id":"fd4272a0-03e7-4bd6-8633-766a8eed2cb4","geometry":{"type":"Point","coordinates":[-97.07567207496581,28.139485817445014]},"properties":{"substrate":"Mud","lease_number":null,"poll_year":2025}},{"type":"Feature","id":"fdcde63f-c491-4afb-bab6-7cf5bab786ae","geometry":{"type":"Point","coordinates":[-97.09705791479524,28.13193019971017]},"properties":{"substrate":"Solid Reef","lease_number":null,"poll_year":2025}},{"type":"Feature","id":"fde8a95b-5b38-45f7-b8f5-da359629f10d","geometry":{"type":"Point","coordinates":[-97.0762762288253,28.140151493423105]},"properties":{"substrate":"Solid Reef","lease_number":null,"poll_year":2025}},{"type":"Feature","id":"fe58f808-23f6-4452-a79a-d08e025bae5b","geometry":{"type":"Point","coordinates":[-97.07646226183579,28.141431112968345]},"properties":{"substrate":"Solid Reef","lease_number":null,"poll_year":2025}},{"type":"Feature","id":"fee6e0da-7f17-4a21-a782-8cfd386bd13f","geometry":{"type":"Point","coordinates":[-97.08979413830617,28.148481025489822]},"properties":{"substrate":"Solid Reef","lease_number":null,"poll_year":2025}},{"type":"Feature","id":"fefb3faa-6489-4dd3-b282-067a5d1095ec","geometry":{"type":"Point","coordinates":[-97.08613347837054,28.142901529017806]},"properties":{"substrate":"Solid Reef","lease_number":null,"poll_year":2025}},{"type":"Feature","id":"ff495cbd-8c79-4491-98d7-d43b3f2c79db","geometry":{"type":"Point","coordinates":[-97.08948033881113,28.146800492192536]},"properties":{"substrate":"Solid Reef","lease_number":null,"poll_year":2025}},{"type":"Feature","id":"ff559872-9246-4e6c-a3be-1baa17b4414a","geometry":{"type":"Point","coordinates":[-97.07684736869979,28.14089813639666]},"properties":{"substrate":"Solid Reef","lease_number":null,"poll_year":2025}},{"type":"Feature","id":"ff695d27-8a3d-462c-99fd-96b0b6812191","geometry":{"type":"Point","coordinates":[-97.07620602728248,28.144794966508375]},"properties":{"substrate":"Mud","lease_number":null,"poll_year":2025}},{"type":"Feature","id":"ff9f562a-0351-48a1-9865-236243141da4","geometry":{"type":"Point","coordinates":[-97.08699650603367,28.140846006583736]},"properties":{"substrate":"Solid Reef","lease_number":null,"poll_year":2025}},{"type":"Feature","id":"ffcf47a9-a643-43df-955a-8b70d6b87cb5","geometry":{"type":"Point","coordinates":[-97.08810033429523,28.140825559428052]},"properties":{"substrate":"Solid Reef","lease_number":null,"poll_year":2025}},{"type":"Feature","id":"ffd8988a-309b-4a33-9d72-9fcfafcd8667","geometry":{"type":"Point","coordinates":[-97.08757451802009,28.142170593419806]},"properties":{"substrate":"Solid Reef","lease_number":null,"poll_year":2025}},{"type":"Feature","id":"ffdf42bd-37f8-4bfd-a56d-3f22179cb755","geometry":{"type":"Point","coordinates":[-97.08924489127345,28.148325872380425]},"properties":{"substrate":"Solid Reef","lease_number":null,"poll_year":2025}},{"type":"Feature","id":"ffe3ecea-18e2-4ed4-926c-82eea7f3c68a","geometry":{"type":"Point","coordinates":[-97.0958940323603,28.131042129645127]},"properties":{"substrate":"Solid Reef","lease_number":null,"poll_year":2025}}]}