{"type":"FeatureCollection","features":[{"type":"Feature","id":"000d4cc6-6ca8-4339-9e5c-97cd49024e6a","geometry":{"type":"Point","coordinates":[-96.94925529116884,28.067797500986966]},"properties":{"substrate":"Buried Shell","lease_number":null,"poll_year":2025}},{"type":"Feature","id":"0011585f-ba59-4045-86cc-92be11b82485","geometry":{"type":"Point","coordinates":[-96.95986962376756,28.05698988062118]},"properties":{"substrate":"Mud","lease_number":null,"poll_year":2025}},{"type":"Feature","id":"0013a66f-a684-41b5-85a2-c1e564561ee7","geometry":{"type":"Point","coordinates":[-96.94994522695146,28.069367626364993]},"properties":{"substrate":"Mud","lease_number":null,"poll_year":2025}},{"type":"Feature","id":"002bb27b-320e-4724-9c6c-3765ae6efc47","geometry":{"type":"Point","coordinates":[-96.95311918864928,28.06140016917261]},"properties":{"substrate":"Mud","lease_number":null,"poll_year":2025}},{"type":"Feature","id":"00626cad-8904-4001-9971-fff65b3be704","geometry":{"type":"Point","coordinates":[-96.94716293341244,28.069852547297963]},"properties":{"substrate":"Firm/Hard Bottom","lease_number":null,"poll_year":2025}},{"type":"Feature","id":"00766d09-d822-472f-b73f-369777dd786e","geometry":{"type":"Point","coordinates":[-96.95192809983766,28.059740699859336]},"properties":{"substrate":"Mud","lease_number":null,"poll_year":2025}},{"type":"Feature","id":"008e6ec8-0107-4624-818e-3bb7975cbc15","geometry":{"type":"Point","coordinates":[-96.96425993041125,28.062928854429785]},"properties":{"substrate":"Solid Reef","lease_number":null,"poll_year":2025}},{"type":"Feature","id":"00a503de-976d-47f5-8bdb-99b7d8e63e60","geometry":{"type":"Point","coordinates":[-96.95714975415765,28.060618644141535]},"properties":{"substrate":"Solid Reef","lease_number":null,"poll_year":2025}},{"type":"Feature","id":"00a9ca5b-6efc-48e3-bba7-3e8a13770923","geometry":{"type":"Point","coordinates":[-96.95385103533148,28.070524007423373]},"properties":{"substrate":"Solid Reef","lease_number":null,"poll_year":2025}},{"type":"Feature","id":"00b368ab-f7df-492f-9aea-6dec4652d1d1","geometry":{"type":"Point","coordinates":[-96.95480003086897,28.058060845049063]},"properties":{"substrate":"Solid Reef","lease_number":null,"poll_year":2025}},{"type":"Feature","id":"00c12aab-4056-4ff2-802b-e44a57104def","geometry":{"type":"Point","coordinates":[-96.95256657922249,28.055228990688686]},"properties":{"substrate":"Solid Reef","lease_number":null,"poll_year":2025}},{"type":"Feature","id":"00c4dceb-a5bd-48b2-bddf-48dc4e053eef","geometry":{"type":"Point","coordinates":[-96.957196852828,28.06315627236351]},"properties":{"substrate":"Mud","lease_number":null,"poll_year":2025}},{"type":"Feature","id":"00f03342-8049-4de9-b1a2-de04c6de5712","geometry":{"type":"Point","coordinates":[-96.96055103543644,28.063963482048536]},"properties":{"substrate":"Solid Reef","lease_number":null,"poll_year":2025}},{"type":"Feature","id":"0105ab04-9e5d-4869-99a7-67355a7003f0","geometry":{"type":"Point","coordinates":[-96.95565238924146,28.071488710669225]},"properties":{"substrate":"Mud","lease_number":null,"poll_year":2025}},{"type":"Feature","id":"011369e2-4b9c-4ed8-8a48-434a288784f5","geometry":{"type":"Point","coordinates":[-96.949917776233,28.069711907215428]},"properties":{"substrate":"Mud","lease_number":null,"poll_year":2025}},{"type":"Feature","id":"012f8d7d-b043-48b7-955a-3170aa0c6c89","geometry":{"type":"Point","coordinates":[-96.96114237572672,28.061276565339817]},"properties":{"substrate":"Solid Reef","lease_number":null,"poll_year":2025}},{"type":"Feature","id":"01444d84-82f5-4ea9-ab3c-532ab42b8fec","geometry":{"type":"Point","coordinates":[-96.94560640006178,28.060521399711416]},"properties":{"substrate":"Scattered Shell","lease_number":null,"poll_year":2025}},{"type":"Feature","id":"016953c0-ae9d-40d5-b8e6-a3e61c2e1b63","geometry":{"type":"Point","coordinates":[-96.95193501237378,28.069541978429605]},"properties":{"substrate":"Buried Shell","lease_number":null,"poll_year":2025}},{"type":"Feature","id":"017b3341-6a4b-4c67-9ce0-6f284cb73df1","geometry":{"type":"Point","coordinates":[-96.95905142473207,28.062822243140257]},"properties":{"substrate":"Solid Reef","lease_number":null,"poll_year":2025}},{"type":"Feature","id":"019a86c4-c42a-40c0-b3c1-309685557293","geometry":{"type":"Point","coordinates":[-96.94851540815813,28.067686749674117]},"properties":{"substrate":"Mud","lease_number":null,"poll_year":2025}},{"type":"Feature","id":"01b3fb92-d2fd-4a84-be25-5ab050fa41ca","geometry":{"type":"Point","coordinates":[-96.94818487215103,28.067829127552265]},"properties":{"substrate":"Mud","lease_number":null,"poll_year":2025}},{"type":"Feature","id":"01b697f9-c3ab-4870-a434-ae93bcf5e7d6","geometry":{"type":"Point","coordinates":[-96.9508845799727,28.067891474638795]},"properties":{"substrate":"Buried Shell","lease_number":null,"poll_year":2025}},{"type":"Feature","id":"01bc2688-6661-48ff-8bf0-90a34660c152","geometry":{"type":"Point","coordinates":[-96.9461362003652,28.066161299637056]},"properties":{"substrate":"Scattered Shell","lease_number":null,"poll_year":2025}},{"type":"Feature","id":"01c5e739-57eb-4d2f-894f-fdc47eae9b59","geometry":{"type":"Point","coordinates":[-96.95519790818304,28.070526432918946]},"properties":{"substrate":"Mud","lease_number":null,"poll_year":2025}},{"type":"Feature","id":"01e2b0c6-5306-4ca5-9b07-08a7c4db0ea3","geometry":{"type":"Point","coordinates":[-96.95722024944958,28.06774883605613]},"properties":{"substrate":"Mud","lease_number":null,"poll_year":2025}},{"type":"Feature","id":"01e8119b-74b3-4f93-8b37-0d18f356e886","geometry":{"type":"Point","coordinates":[-96.95242195225838,28.061336555527554]},"properties":{"substrate":"Mud","lease_number":null,"poll_year":2025}},{"type":"Feature","id":"01f13b79-9121-48cf-ba2d-951a300a73c5","geometry":{"type":"Point","coordinates":[-96.94551300042504,28.06602310013719]},"properties":{"substrate":"Firm/Hard Bottom","lease_number":null,"poll_year":2025}},{"type":"Feature","id":"020b365b-6f91-4aaf-b953-cc8a07d1ed18","geometry":{"type":"Point","coordinates":[-96.9546011519499,28.05970862223106]},"properties":{"substrate":"Solid Reef","lease_number":null,"poll_year":2025}},{"type":"Feature","id":"024105f0-9acf-4d6c-bba0-0140a09bad2b","geometry":{"type":"Point","coordinates":[-96.9558878062364,28.07026269641824]},"properties":{"substrate":"Mud","lease_number":null,"poll_year":2025}},{"type":"Feature","id":"024d3ad8-bd2b-49dc-8640-d23113eb1fe3","geometry":{"type":"Point","coordinates":[-96.95169052868268,28.063224702958962]},"properties":{"substrate":"Mud","lease_number":null,"poll_year":2025}},{"type":"Feature","id":"0256636e-c91f-4f6b-95ab-96e473d0bb07","geometry":{"type":"Point","coordinates":[-96.9501216120558,28.070358584534038]},"properties":{"substrate":"Mud","lease_number":null,"poll_year":2025}},{"type":"Feature","id":"0272d389-e263-4dbb-a6d7-8fbefe21c811","geometry":{"type":"Point","coordinates":[-96.94681989465322,28.065502495171472]},"properties":{"substrate":"Mud","lease_number":null,"poll_year":2025}},{"type":"Feature","id":"028cc887-a8ea-49f6-820d-93191af8a0b8","geometry":{"type":"Point","coordinates":[-96.96148984407864,28.069451986134744]},"properties":{"substrate":"Mud","lease_number":null,"poll_year":2025}},{"type":"Feature","id":"029c0270-ec8c-4597-aba9-cefad38046ff","geometry":{"type":"Point","coordinates":[-96.95508433148672,28.054391443695618]},"properties":{"substrate":"Solid Reef","lease_number":null,"poll_year":2025}},{"type":"Feature","id":"029e4b61-9bd4-4bc4-a519-1347cf3ed9f7","geometry":{"type":"Point","coordinates":[-96.95044710042933,28.05821055105209]},"properties":{"substrate":"Solid Reef","lease_number":null,"poll_year":2025}},{"type":"Feature","id":"02a36dae-ef47-4b71-9a94-05361d47aa7a","geometry":{"type":"Point","coordinates":[-96.95689492187446,28.059117578821695]},"properties":{"substrate":"Solid Reef","lease_number":null,"poll_year":2025}},{"type":"Feature","id":"02cc5a3b-d1ea-4145-a49b-bee372d36ef9","geometry":{"type":"Point","coordinates":[-96.95928674381062,28.068774017131993]},"properties":{"substrate":"Solid Reef","lease_number":null,"poll_year":2025}},{"type":"Feature","id":"02e363fe-f236-4edf-a757-57030f8cb0db","geometry":{"type":"Point","coordinates":[-96.94862829045672,28.065121625539675]},"properties":{"substrate":"Mud","lease_number":null,"poll_year":2025}},{"type":"Feature","id":"02eae7d9-69a8-4148-b1b2-8e10a5a46bc1","geometry":{"type":"Point","coordinates":[-96.9552081920964,28.06894383219706]},"properties":{"substrate":"Buried Shell","lease_number":null,"poll_year":2025}},{"type":"Feature","id":"02f99806-ae9b-41da-b37f-91057de48e46","geometry":{"type":"Point","coordinates":[-96.95043621733966,28.064070503613728]},"properties":{"substrate":"Mud","lease_number":null,"poll_year":2025}},{"type":"Feature","id":"03006b5c-751d-4b42-9547-5b0256965ee1","geometry":{"type":"Point","coordinates":[-96.96057136970121,28.06987436738061]},"properties":{"substrate":"Buried Shell","lease_number":null,"poll_year":2025}},{"type":"Feature","id":"030a39d3-8c94-48bb-8ab3-41aca10690a4","geometry":{"type":"Point","coordinates":[-96.94921109315854,28.063979063240883]},"properties":{"substrate":"Mud","lease_number":null,"poll_year":2025}},{"type":"Feature","id":"03153af9-18dc-4972-ba5f-a3a3b174c85f","geometry":{"type":"Point","coordinates":[-96.95584864957148,28.071613872970993]},"properties":{"substrate":"Mud","lease_number":null,"poll_year":2025}},{"type":"Feature","id":"0329cb06-19c3-4e54-b93c-8c587f2be123","geometry":{"type":"Point","coordinates":[-96.9529650943404,28.06788495655399]},"properties":{"substrate":"Solid Reef","lease_number":null,"poll_year":2025}},{"type":"Feature","id":"0337ec6a-ee99-4086-9db9-8b72faa8e325","geometry":{"type":"Point","coordinates":[-96.94963060010802,28.061640899961958]},"properties":{"substrate":"Mud","lease_number":null,"poll_year":2025}},{"type":"Feature","id":"037abf37-ac05-45a5-bf82-f46f8372e671","geometry":{"type":"Point","coordinates":[-96.94968675559308,28.06859795167597]},"properties":{"substrate":"Buried Shell","lease_number":null,"poll_year":2025}},{"type":"Feature","id":"03abd592-ddc8-44a2-88d5-91cfb2eb4c3f","geometry":{"type":"Point","coordinates":[-96.94921790418503,28.06991936296427]},"properties":{"substrate":"Firm/Hard Bottom","lease_number":null,"poll_year":2025}},{"type":"Feature","id":"03dfd6bf-5c65-4366-80ae-73b820979de9","geometry":{"type":"Point","coordinates":[-96.95697400595883,28.058567202585547]},"properties":{"substrate":"Solid Reef","lease_number":null,"poll_year":2025}},{"type":"Feature","id":"03f0a42c-9de0-4f35-bf06-2107e9ecec3e","geometry":{"type":"Point","coordinates":[-96.94394819987882,28.069345500214865]},"properties":{"substrate":"Solid Reef","lease_number":null,"poll_year":2025}},{"type":"Feature","id":"03fdd2aa-8140-4786-8efb-29e6712b0e06","geometry":{"type":"Point","coordinates":[-96.94562713677179,28.069083098819064]},"properties":{"substrate":"Solid Reef","lease_number":null,"poll_year":2025}},{"type":"Feature","id":"047c90d4-9114-458c-a36d-455ae6836f23","geometry":{"type":"Point","coordinates":[-96.95355968563369,28.059904737558195]},"properties":{"substrate":"Mud","lease_number":null,"poll_year":2025}},{"type":"Feature","id":"047d830a-736b-4dd0-8ab6-d28b5b626b2b","geometry":{"type":"Point","coordinates":[-96.95678903385867,28.059679866113584]},"properties":{"substrate":"Solid Reef","lease_number":null,"poll_year":2025}},{"type":"Feature","id":"04c760e6-f734-4bc1-90ee-abba5e9bcef2","geometry":{"type":"Point","coordinates":[-96.96520636754681,28.061091036056865]},"properties":{"substrate":"Mud","lease_number":null,"poll_year":2025}},{"type":"Feature","id":"051846f5-a6f1-443a-be23-f9f570abf6e4","geometry":{"type":"Point","coordinates":[-96.94882677411708,28.07006130747552]},"properties":{"substrate":"Firm/Hard Bottom","lease_number":null,"poll_year":2025}},{"type":"Feature","id":"05d16a81-8e03-4e42-a49f-bc9b58d449c7","geometry":{"type":"Point","coordinates":[-96.95652674106708,28.064037480801723]},"properties":{"substrate":"Mud","lease_number":null,"poll_year":2025}},{"type":"Feature","id":"0610e4f0-e6c8-4d91-b56d-b08e3366df0e","geometry":{"type":"Point","coordinates":[-96.96341414411336,28.06356800548582]},"properties":{"substrate":"Solid Reef","lease_number":null,"poll_year":2025}},{"type":"Feature","id":"06154c4b-04da-4958-adef-5ecf612a8c25","geometry":{"type":"Point","coordinates":[-96.94536163879125,28.06864913767195]},"properties":{"substrate":"Solid Reef","lease_number":null,"poll_year":2025}},{"type":"Feature","id":"06228088-aad7-4957-b713-7bb2e49a68a3","geometry":{"type":"Point","coordinates":[-96.95323016382454,28.06465699987456]},"properties":{"substrate":"Mud","lease_number":null,"poll_year":2025}},{"type":"Feature","id":"06337a23-c6f2-4cd8-b65e-9f995ffdac7b","geometry":{"type":"Point","coordinates":[-96.96486446246146,28.064111053035184]},"properties":{"substrate":"Solid Reef","lease_number":null,"poll_year":2025}},{"type":"Feature","id":"0668122e-eaa9-48fb-ba93-41a6297864c3","geometry":{"type":"Point","coordinates":[-96.95317491743457,28.057096596788856]},"properties":{"substrate":"Solid Reef","lease_number":null,"poll_year":2025}},{"type":"Feature","id":"067c9af1-9ec7-4951-961c-98dded50879c","geometry":{"type":"Point","coordinates":[-96.95137029994513,28.060362800224176]},"properties":{"substrate":"Mud","lease_number":null,"poll_year":2025}},{"type":"Feature","id":"06a26598-d918-4fa6-912e-570ffb1c3b02","geometry":{"type":"Point","coordinates":[-96.94568694301016,28.068810028395436]},"properties":{"substrate":"Solid Reef","lease_number":null,"poll_year":2025}},{"type":"Feature","id":"06e75d7a-4ef6-4f0c-9327-088fae000f02","geometry":{"type":"Point","coordinates":[-96.94994554315844,28.07027353111694]},"properties":{"substrate":"Mud","lease_number":null,"poll_year":2025}},{"type":"Feature","id":"06ec80f5-a676-483a-8f35-604d39fff650","geometry":{"type":"Point","coordinates":[-96.95764713605911,28.067377267635926]},"properties":{"substrate":"Solid Reef","lease_number":null,"poll_year":2025}},{"type":"Feature","id":"06f14945-c73c-4abd-afb5-1b5dd80bcb51","geometry":{"type":"Point","coordinates":[-96.960121738647,28.056551467714552]},"properties":{"substrate":"Mud","lease_number":null,"poll_year":2025}},{"type":"Feature","id":"0731c68f-7804-4ad0-8c9e-2d27364602aa","geometry":{"type":"Point","coordinates":[-96.96073991251315,28.071209954407983]},"properties":{"substrate":"Buried Shell","lease_number":null,"poll_year":2025}},{"type":"Feature","id":"07479994-c74a-4b5e-b73e-5902e4f96cb0","geometry":{"type":"Point","coordinates":[-96.95723756896825,28.067388747065323]},"properties":{"substrate":"Buried Shell","lease_number":null,"poll_year":2025}},{"type":"Feature","id":"078e9600-397e-40fd-a7df-5c17e43267b3","geometry":{"type":"Point","coordinates":[-96.95715536323827,28.071335965951533]},"properties":{"substrate":"Mud","lease_number":null,"poll_year":2025}},{"type":"Feature","id":"079429de-193b-439e-9767-cf2deefe0caa","geometry":{"type":"Point","coordinates":[-96.95255552994448,28.05428693903633]},"properties":{"substrate":"Solid Reef","lease_number":null,"poll_year":2025}},{"type":"Feature","id":"07c1db01-2c98-4359-be7a-12d70d49bec9","geometry":{"type":"Point","coordinates":[-96.94562739997816,28.06604710007111]},"properties":{"substrate":"Firm/Hard Bottom","lease_number":null,"poll_year":2025}},{"type":"Feature","id":"07d22ef4-23a3-4f6b-aa67-3c3e49ca29a7","geometry":{"type":"Point","coordinates":[-96.95302713379056,28.055851610257054]},"properties":{"substrate":"Solid Reef","lease_number":null,"poll_year":2025}},{"type":"Feature","id":"07fbed54-c094-485b-a63e-9e85f2419c03","geometry":{"type":"Point","coordinates":[-96.95135688809796,28.06864073389618]},"properties":{"substrate":"Buried Shell","lease_number":null,"poll_year":2025}},{"type":"Feature","id":"08117514-5c9d-4dc6-a10c-2de506b469a1","geometry":{"type":"Point","coordinates":[-96.9549707943163,28.058655864276645]},"properties":{"substrate":"Solid Reef","lease_number":null,"poll_year":2025}},{"type":"Feature","id":"083dff4c-51dd-4d0e-bce2-d03e82715291","geometry":{"type":"Point","coordinates":[-96.94755733873795,28.069449204713475]},"properties":{"substrate":"Firm/Hard Bottom","lease_number":null,"poll_year":2025}},{"type":"Feature","id":"084aebed-715d-41b7-83b1-997ebcfc36c6","geometry":{"type":"Point","coordinates":[-96.95606440244485,28.0662677918833]},"properties":{"substrate":"Buried Shell","lease_number":null,"poll_year":2025}},{"type":"Feature","id":"08521b59-df32-4e64-9138-857e0cbb982f","geometry":{"type":"Point","coordinates":[-96.95339995798965,28.064755450997666]},"properties":{"substrate":"Mud","lease_number":null,"poll_year":2025}},{"type":"Feature","id":"0887b168-9a9e-4177-b0f3-05b1983c2139","geometry":{"type":"Point","coordinates":[-96.95378118772487,28.054081048158036]},"properties":{"substrate":"Mud","lease_number":null,"poll_year":2025}},{"type":"Feature","id":"08a4c672-67db-4518-a423-b0a5f2f72eb4","geometry":{"type":"Point","coordinates":[-96.9565886897874,28.068554735061]},"properties":{"substrate":"Mud","lease_number":null,"poll_year":2025}},{"type":"Feature","id":"08baa5ac-fce3-495a-bb86-043752f1ec7b","geometry":{"type":"Point","coordinates":[-96.95691470187873,28.05977971302813]},"properties":{"substrate":"Solid Reef","lease_number":null,"poll_year":2025}},{"type":"Feature","id":"08c5b97e-0f3f-4e88-b804-afe8e06e6155","geometry":{"type":"Point","coordinates":[-96.95417493458525,28.068478862397903]},"properties":{"substrate":"Solid Reef","lease_number":null,"poll_year":2025}},{"type":"Feature","id":"08e943e7-4168-4eda-b6ac-5e4dcf955293","geometry":{"type":"Point","coordinates":[-96.9536891427476,28.06456699239079]},"properties":{"substrate":"Mud","lease_number":null,"poll_year":2025}},{"type":"Feature","id":"09198c99-2c6e-47f6-acc8-1e432df38271","geometry":{"type":"Point","coordinates":[-96.9622147952927,28.05482878804829]},"properties":{"substrate":"Mud","lease_number":null,"poll_year":2025}},{"type":"Feature","id":"092881b3-e862-4e25-a7e5-a30053de2f99","geometry":{"type":"Point","coordinates":[-96.95011682493364,28.059520797675848]},"properties":{"substrate":"Mud","lease_number":null,"poll_year":2025}},{"type":"Feature","id":"093557a4-064f-4af3-85f2-34b318b63475","geometry":{"type":"Point","coordinates":[-96.95133157986145,28.06530199541793]},"properties":{"substrate":"Mud","lease_number":null,"poll_year":2025}},{"type":"Feature","id":"09376a12-af67-42c9-b476-351b033191b9","geometry":{"type":"Point","coordinates":[-96.95397792595861,28.059121762849255]},"properties":{"substrate":"Solid Reef","lease_number":null,"poll_year":2025}},{"type":"Feature","id":"09398052-500c-4cca-98b4-a599dc3a156e","geometry":{"type":"Point","coordinates":[-96.95274705615294,28.059193517548778]},"properties":{"substrate":"Mud","lease_number":null,"poll_year":2025}},{"type":"Feature","id":"094fd8a0-d156-4ff8-b098-4e60a2683878","geometry":{"type":"Point","coordinates":[-96.95499810040599,28.05501816192716]},"properties":{"substrate":"Solid Reef","lease_number":null,"poll_year":2025}},{"type":"Feature","id":"0958e051-e5b5-472a-91a4-d72dbf4278de","geometry":{"type":"Point","coordinates":[-96.95294783411053,28.0593638535136]},"properties":{"substrate":"Mud","lease_number":null,"poll_year":2025}},{"type":"Feature","id":"097a18ce-f77a-46d0-848d-99a789f0fab3","geometry":{"type":"Point","coordinates":[-96.9479293427752,28.069627896416737]},"properties":{"substrate":"Firm/Hard Bottom","lease_number":null,"poll_year":2025}},{"type":"Feature","id":"09a15776-78b0-4eb1-bf7a-4433726eae3d","geometry":{"type":"Point","coordinates":[-96.95489048313325,28.059266589715435]},"properties":{"substrate":"Solid Reef","lease_number":null,"poll_year":2025}},{"type":"Feature","id":"09a2385b-aa01-4df3-a1a7-341dd223a497","geometry":{"type":"Point","coordinates":[-96.96022435589686,28.070970947650412]},"properties":{"substrate":"Mud","lease_number":null,"poll_year":2025}},{"type":"Feature","id":"09a65c83-835a-4c7d-af62-504ed9e5ed0d","geometry":{"type":"Point","coordinates":[-96.95749939643254,28.057737719983344]},"properties":{"substrate":"Solid Reef","lease_number":null,"poll_year":2025}},{"type":"Feature","id":"09cc053e-70f6-4cb4-9080-3a4477cc7fef","geometry":{"type":"Point","coordinates":[-96.95382903379354,28.070127350972335]},"properties":{"substrate":"Solid Reef","lease_number":null,"poll_year":2025}},{"type":"Feature","id":"09dc7145-8eda-471b-b49f-9d969353a920","geometry":{"type":"Point","coordinates":[-96.95217571056425,28.06811964699058]},"properties":{"substrate":"Mud","lease_number":null,"poll_year":2025}},{"type":"Feature","id":"0a0bec84-50cc-49a5-b520-7aead174ae1f","geometry":{"type":"Point","coordinates":[-96.95806698347008,28.071110933741068]},"properties":{"substrate":"Mud","lease_number":null,"poll_year":2025}},{"type":"Feature","id":"0a2922a2-b541-4e72-b29e-37f9dec85421","geometry":{"type":"Point","coordinates":[-96.95324059416332,28.07099629397083]},"properties":{"substrate":"Buried Shell","lease_number":null,"poll_year":2025}},{"type":"Feature","id":"0a5be1a2-4814-42ad-b61f-eb96f62af341","geometry":{"type":"Point","coordinates":[-96.95586182336514,28.06132674094266]},"properties":{"substrate":"Mud","lease_number":null,"poll_year":2025}},{"type":"Feature","id":"0a6d5df9-3f0d-4b42-a231-620814d89cad","geometry":{"type":"Point","coordinates":[-96.96266065971093,28.05911404086875]},"properties":{"substrate":"Mud","lease_number":null,"poll_year":2025}},{"type":"Feature","id":"0a9970ee-79bc-4b20-8af3-7230136b209c","geometry":{"type":"Point","coordinates":[-96.95211681611592,28.06904714788905]},"properties":{"substrate":"Buried Shell","lease_number":null,"poll_year":2025}},{"type":"Feature","id":"0ad2d102-0fcb-47c2-8279-08f021217134","geometry":{"type":"Point","coordinates":[-96.94336530015894,28.062303800232385]},"properties":{"substrate":"Firm/Hard Bottom","lease_number":null,"poll_year":2025}},{"type":"Feature","id":"0ad5940c-dd85-4a9f-ad52-714c1ad62f13","geometry":{"type":"Point","coordinates":[-96.95479067850857,28.066544169466322]},"properties":{"substrate":"Buried Shell","lease_number":null,"poll_year":2025}},{"type":"Feature","id":"0ae3ac2b-723c-46fd-877b-dcfe5319cd0f","geometry":{"type":"Point","coordinates":[-96.94732305721351,28.07024153986057]},"properties":{"substrate":"Firm/Hard Bottom","lease_number":null,"poll_year":2025}},{"type":"Feature","id":"0b072623-36a7-4960-b90a-0f3c6fa8739d","geometry":{"type":"Point","coordinates":[-96.95402419368732,28.06789753852616]},"properties":{"substrate":"Buried Shell","lease_number":null,"poll_year":2025}},{"type":"Feature","id":"0b0fb92d-c6f2-4089-bd3c-13e162c1d701","geometry":{"type":"Point","coordinates":[-96.96081543118413,28.059489367639923]},"properties":{"substrate":"Solid Reef","lease_number":null,"poll_year":2025}},{"type":"Feature","id":"0b31d86f-704b-414e-9285-51f716a7254c","geometry":{"type":"Point","coordinates":[-96.96151814909491,28.06081437492583]},"properties":{"substrate":"Solid Reef","lease_number":null,"poll_year":2025}},{"type":"Feature","id":"0b41c70c-99b7-48f0-84ac-0716a9291aab","geometry":{"type":"Point","coordinates":[-96.95797298196211,28.06805701467749]},"properties":{"substrate":"Mud","lease_number":null,"poll_year":2025}},{"type":"Feature","id":"0bb110f3-1778-4e89-8bda-8e89e9fb3e6f","geometry":{"type":"Point","coordinates":[-96.95509837664619,28.058305119711562]},"properties":{"substrate":"Solid Reef","lease_number":null,"poll_year":2025}},{"type":"Feature","id":"0c174775-a155-4956-bd02-42cbeea4c30d","geometry":{"type":"Point","coordinates":[-96.95151980116799,28.069483880922494]},"properties":{"substrate":"Buried Shell","lease_number":null,"poll_year":2025}},{"type":"Feature","id":"0c29dead-c935-4f24-b87c-eae5e9d35498","geometry":{"type":"Point","coordinates":[-96.94726864176519,28.067771316064047]},"properties":{"substrate":"Buried Shell","lease_number":null,"poll_year":2025}},{"type":"Feature","id":"0c4b5544-3e89-4cf2-b206-5f1fdafb9629","geometry":{"type":"Point","coordinates":[-96.94980263826473,28.068100420939253]},"properties":{"substrate":"Buried Shell","lease_number":null,"poll_year":2025}},{"type":"Feature","id":"0c516850-e02c-4735-863c-5b77f96e0e59","geometry":{"type":"Point","coordinates":[-96.95159204547977,28.071779343070954]},"properties":{"substrate":"Buried Shell","lease_number":null,"poll_year":2025}},{"type":"Feature","id":"0c971a6a-e1aa-4dbc-929c-42d6309d1f74","geometry":{"type":"Point","coordinates":[-96.95045777061827,28.071210308718314]},"properties":{"substrate":"Mud","lease_number":null,"poll_year":2025}},{"type":"Feature","id":"0cad1562-1d48-4ac6-9856-d7c7b491b186","geometry":{"type":"Point","coordinates":[-96.95459219664484,28.061534980225055]},"properties":{"substrate":"Solid Reef","lease_number":null,"poll_year":2025}},{"type":"Feature","id":"0ceddd53-4d8d-4d47-b323-e55cdc099f73","geometry":{"type":"Point","coordinates":[-96.95588270650055,28.058939530779096]},"properties":{"substrate":"Solid Reef","lease_number":null,"poll_year":2025}},{"type":"Feature","id":"0d0357f5-04ba-49eb-a1e5-0936b6b3c0ba","geometry":{"type":"Point","coordinates":[-96.95046240592514,28.057232500883163]},"properties":{"substrate":"Solid Reef","lease_number":null,"poll_year":2025}},{"type":"Feature","id":"0d03a7b8-2019-4f05-8181-3383191438ff","geometry":{"type":"Point","coordinates":[-96.95562837547729,28.056326873059604]},"properties":{"substrate":"Solid Reef","lease_number":null,"poll_year":2025}},{"type":"Feature","id":"0d6947a5-5d68-4faf-b5f5-4130cf9d2c49","geometry":{"type":"Point","coordinates":[-96.94534190010953,28.06040760002507]},"properties":{"substrate":"Scattered Shell","lease_number":null,"poll_year":2025}},{"type":"Feature","id":"0d874c47-1276-4017-bf2b-b7bde4cac976","geometry":{"type":"Point","coordinates":[-96.95503060324958,28.07188175877278]},"properties":{"substrate":"Buried Shell","lease_number":null,"poll_year":2025}},{"type":"Feature","id":"0dbade50-7f53-4075-bc68-af1f195f655d","geometry":{"type":"Point","coordinates":[-96.96095912479865,28.05785386107658]},"properties":{"substrate":"Mud","lease_number":null,"poll_year":2025}},{"type":"Feature","id":"0dbbd7d4-b494-4b52-bf50-c5c1b29d704c","geometry":{"type":"Point","coordinates":[-96.96217768498998,28.06976605164774]},"properties":{"substrate":"Buried Shell","lease_number":null,"poll_year":2025}},{"type":"Feature","id":"0dbec405-9824-448c-974c-f1288c251f1e","geometry":{"type":"Point","coordinates":[-96.94791293863977,28.06873876363826]},"properties":{"substrate":"Firm/Hard Bottom","lease_number":null,"poll_year":2025}},{"type":"Feature","id":"0dc0f7b1-fa84-4f77-8b30-7fe15372adc5","geometry":{"type":"Point","coordinates":[-96.95455285762192,28.066408874031016]},"properties":{"substrate":"Buried Shell","lease_number":null,"poll_year":2025}},{"type":"Feature","id":"0dc1f2a6-a427-4bc1-a8c5-79d2bc79f120","geometry":{"type":"Point","coordinates":[-96.95664819239518,28.059563663575148]},"properties":{"substrate":"Solid Reef","lease_number":null,"poll_year":2025}},{"type":"Feature","id":"0dc5bd37-827a-41c7-892c-d8f324b2bf13","geometry":{"type":"Point","coordinates":[-96.95216421662019,28.068540088285854]},"properties":{"substrate":"Mud","lease_number":null,"poll_year":2025}},{"type":"Feature","id":"0de39b18-7d2c-4927-aff5-220ede55e0e5","geometry":{"type":"Point","coordinates":[-96.95213118916045,28.06044699821372]},"properties":{"substrate":"Mud","lease_number":null,"poll_year":2025}},{"type":"Feature","id":"0e04033e-3844-4bd4-858d-5ee7f44109b7","geometry":{"type":"Point","coordinates":[-96.95606699138949,28.055835558576128]},"properties":{"substrate":"Solid Reef","lease_number":null,"poll_year":2025}},{"type":"Feature","id":"0e16fd06-f7fc-41fc-a90e-62a7e71a067d","geometry":{"type":"Point","coordinates":[-96.9466600044141,28.068689552198926]},"properties":{"substrate":"Firm/Hard Bottom","lease_number":null,"poll_year":2025}},{"type":"Feature","id":"0e3773e1-5289-4d82-942f-8ff9c1388520","geometry":{"type":"Point","coordinates":[-96.95818416061405,28.063319744411487]},"properties":{"substrate":"Solid Reef","lease_number":null,"poll_year":2025}},{"type":"Feature","id":"0e758796-0beb-4d26-8654-ab4fc22d169f","geometry":{"type":"Point","coordinates":[-96.95493747759903,28.062606024615437]},"properties":{"substrate":"Solid Reef","lease_number":null,"poll_year":2025}},{"type":"Feature","id":"0eaa9be9-84e3-46e0-9aa5-d196a6fb0fba","geometry":{"type":"Point","coordinates":[-96.95455251985537,28.069720160303653]},"properties":{"substrate":"Solid Reef","lease_number":null,"poll_year":2025}},{"type":"Feature","id":"0ec110dc-b4d4-4a3b-a790-9550403190f7","geometry":{"type":"Point","coordinates":[-96.95911940923276,28.071584546961972]},"properties":{"substrate":"Mud","lease_number":null,"poll_year":2025}},{"type":"Feature","id":"0ed11d82-944e-478b-9319-36d25d0f9052","geometry":{"type":"Point","coordinates":[-96.96057823462662,28.058408643815312]},"properties":{"substrate":"Mud","lease_number":null,"poll_year":2025}},{"type":"Feature","id":"0f072d3d-fa10-4c91-a5d5-58b952307b04","geometry":{"type":"Point","coordinates":[-96.947799551488,28.06987997776006]},"properties":{"substrate":"Firm/Hard Bottom","lease_number":null,"poll_year":2025}},{"type":"Feature","id":"0f2b0fd6-8d44-4933-a511-fd018b4f3826","geometry":{"type":"Point","coordinates":[-96.95453348724946,28.05711722479559]},"properties":{"substrate":"Solid Reef","lease_number":null,"poll_year":2025}},{"type":"Feature","id":"0f41898b-6cd8-4c0c-9ad4-57ea96887c7e","geometry":{"type":"Point","coordinates":[-96.95775563727406,28.056336795122316]},"properties":{"substrate":"Solid Reef","lease_number":null,"poll_year":2025}},{"type":"Feature","id":"0f46a4de-ff5d-4b63-be2f-b78e8add0b33","geometry":{"type":"Point","coordinates":[-96.952286479127,28.070872181201626]},"properties":{"substrate":"Buried Shell","lease_number":null,"poll_year":2025}},{"type":"Feature","id":"0f7d6cfe-ff99-4175-85b9-c4e24b891ddc","geometry":{"type":"Point","coordinates":[-96.95215059726218,28.066466733020075]},"properties":{"substrate":"Mud","lease_number":null,"poll_year":2025}},{"type":"Feature","id":"0f97c1da-9b57-4922-ad09-7c6901410346","geometry":{"type":"Point","coordinates":[-96.95053931788314,28.05891260883601]},"properties":{"substrate":"Solid Reef","lease_number":null,"poll_year":2025}},{"type":"Feature","id":"0fadb27c-5cd7-4cad-bd48-400c20e58e89","geometry":{"type":"Point","coordinates":[-96.95825476729708,28.064130100651735]},"properties":{"substrate":"Mud","lease_number":null,"poll_year":2025}},{"type":"Feature","id":"0fbdf3ba-5981-42dc-9c1b-65410bbb8eb5","geometry":{"type":"Point","coordinates":[-96.9487972779347,28.069173211113903]},"properties":{"substrate":"Firm/Hard Bottom","lease_number":null,"poll_year":2025}},{"type":"Feature","id":"0fc8a080-5bbd-434b-ba9f-db04892a2524","geometry":{"type":"Point","coordinates":[-96.9556499170778,28.063823621404214]},"properties":{"substrate":"Solid Reef","lease_number":null,"poll_year":2025}},{"type":"Feature","id":"10056e9d-f128-454d-b989-47d84527f075","geometry":{"type":"Point","coordinates":[-96.96136232912237,28.058147812286332]},"properties":{"substrate":"Mud","lease_number":null,"poll_year":2025}},{"type":"Feature","id":"102f76b1-e28f-47f8-a0e2-c376fb92cafb","geometry":{"type":"Point","coordinates":[-96.95030052142612,28.068059268220697]},"properties":{"substrate":"Buried Shell","lease_number":null,"poll_year":2025}},{"type":"Feature","id":"1049d54a-75e4-4c0c-9359-4fd7ae489a08","geometry":{"type":"Point","coordinates":[-96.95328246014712,28.059134076319292]},"properties":{"substrate":"Solid Reef","lease_number":null,"poll_year":2025}},{"type":"Feature","id":"107ad0d7-41a1-453b-885f-e11befd00b55","geometry":{"type":"Point","coordinates":[-96.94828963367945,28.06853506440506]},"properties":{"substrate":"Firm/Hard Bottom","lease_number":null,"poll_year":2025}},{"type":"Feature","id":"10a16870-8c47-45ae-bbb8-e33591feee36","geometry":{"type":"Point","coordinates":[-96.95354515358734,28.05390194531953]},"properties":{"substrate":"Mud","lease_number":null,"poll_year":2025}},{"type":"Feature","id":"10b0bc73-8d9e-4c30-9c2d-3a2576727954","geometry":{"type":"Point","coordinates":[-96.95557192175158,28.057477174591696]},"properties":{"substrate":"Solid Reef","lease_number":null,"poll_year":2025}},{"type":"Feature","id":"10c67342-7160-46a9-9e9a-d824017c255a","geometry":{"type":"Point","coordinates":[-96.96078997831887,28.05772046044823]},"properties":{"substrate":"Mud","lease_number":null,"poll_year":2025}},{"type":"Feature","id":"10dd3e0b-bfaf-4b24-af80-d3becc8878dc","geometry":{"type":"Point","coordinates":[-96.94971507947399,28.06961538440062]},"properties":{"substrate":"Firm/Hard Bottom","lease_number":null,"poll_year":2025}},{"type":"Feature","id":"111e9063-4ebb-4878-830c-540a732a438c","geometry":{"type":"Point","coordinates":[-96.94977624576167,28.070867790751702]},"properties":{"substrate":"Mud","lease_number":null,"poll_year":2025}},{"type":"Feature","id":"1188fe05-c9bf-4670-9abd-c5ddcd4af90e","geometry":{"type":"Point","coordinates":[-96.95099069975385,28.060765200286134]},"properties":{"substrate":"Mud","lease_number":null,"poll_year":2025}},{"type":"Feature","id":"12490eb0-d3f9-42f7-ae62-359328c11b0e","geometry":{"type":"Point","coordinates":[-96.95270723203977,28.066741860045312]},"properties":{"substrate":"Mud","lease_number":null,"poll_year":2025}},{"type":"Feature","id":"126da76c-d6dc-4cae-b733-366499dd87b7","geometry":{"type":"Point","coordinates":[-96.9598836491641,28.05956284706688]},"properties":{"substrate":"Solid Reef","lease_number":null,"poll_year":2025}},{"type":"Feature","id":"127b7f77-f223-4cf3-8fa5-71f895dc0e7e","geometry":{"type":"Point","coordinates":[-96.95793741496507,28.057277288512054]},"properties":{"substrate":"Solid Reef","lease_number":null,"poll_year":2025}},{"type":"Feature","id":"127cf911-cf78-4245-a758-e28bfc08ffa8","geometry":{"type":"Point","coordinates":[-96.95493143193715,28.065642841922717]},"properties":{"substrate":"Buried Shell","lease_number":null,"poll_year":2025}},{"type":"Feature","id":"12823053-3fba-4075-bdb4-925ca0168369","geometry":{"type":"Point","coordinates":[-96.9558357308994,28.06973635655146]},"properties":{"substrate":"Mud","lease_number":null,"poll_year":2025}},{"type":"Feature","id":"128f40a3-3fee-48d0-a55c-687b89602fe2","geometry":{"type":"Point","coordinates":[-96.95706557752395,28.058133644491445]},"properties":{"substrate":"Solid Reef","lease_number":null,"poll_year":2025}},{"type":"Feature","id":"12979aa6-e6d8-4955-af49-950681a7c5e4","geometry":{"type":"Point","coordinates":[-96.9533935835444,28.06650769610648]},"properties":{"substrate":"Buried Shell","lease_number":null,"poll_year":2025}},{"type":"Feature","id":"12d4202b-1a6b-45ae-a019-40ee3db072e5","geometry":{"type":"Point","coordinates":[-96.95173903321644,28.060664862801655]},"properties":{"substrate":"Mud","lease_number":null,"poll_year":2025}},{"type":"Feature","id":"12ebe4c6-0a08-4ca6-92a2-1ceb12cbdafe","geometry":{"type":"Point","coordinates":[-96.9529075662296,28.070523613478503]},"properties":{"substrate":"Buried Shell","lease_number":null,"poll_year":2025}},{"type":"Feature","id":"1314dbcf-5296-4946-9d89-67557bca7cc4","geometry":{"type":"Point","coordinates":[-96.9565476834913,28.070523371721574]},"properties":{"substrate":"Mud","lease_number":null,"poll_year":2025}},{"type":"Feature","id":"1316724b-4a06-4c66-b675-e328829a260c","geometry":{"type":"Point","coordinates":[-96.95277927872219,28.070188311969087]},"properties":{"substrate":"Buried Shell","lease_number":null,"poll_year":2025}},{"type":"Feature","id":"13338fc6-5a6c-46e5-ae9d-be5708874d68","geometry":{"type":"Point","coordinates":[-96.96025811099197,28.0637722595093]},"properties":{"substrate":"Solid Reef","lease_number":null,"poll_year":2025}},{"type":"Feature","id":"133615cc-cf49-401d-aa58-b1deb1617d8c","geometry":{"type":"Point","coordinates":[-96.95561692555069,28.059214269611587]},"properties":{"substrate":"Solid Reef","lease_number":null,"poll_year":2025}},{"type":"Feature","id":"134900ae-0192-4551-a6e3-2e389823c841","geometry":{"type":"Point","coordinates":[-96.95933369515727,28.0712259031274]},"properties":{"substrate":"Mud","lease_number":null,"poll_year":2025}},{"type":"Feature","id":"134cad68-89b3-4bcf-9d80-0a771b0a7566","geometry":{"type":"Point","coordinates":[-96.9480840677014,28.068824381850263]},"properties":{"substrate":"Firm/Hard Bottom","lease_number":null,"poll_year":2025}},{"type":"Feature","id":"13c4018f-55cb-4321-8f7b-3311e7ef22e6","geometry":{"type":"Point","coordinates":[-96.95681933672816,28.064987858198194]},"properties":{"substrate":"Mud","lease_number":null,"poll_year":2025}},{"type":"Feature","id":"13c8ac06-9793-410b-bfb6-f42759036d33","geometry":{"type":"Point","coordinates":[-96.95247926836674,28.061946392169762]},"properties":{"substrate":"Mud","lease_number":null,"poll_year":2025}},{"type":"Feature","id":"13d81ec0-b66d-4a16-a312-2d30e78f69c8","geometry":{"type":"Point","coordinates":[-96.94497190021366,28.064967600301202]},"properties":{"substrate":"Scattered Shell","lease_number":null,"poll_year":2025}},{"type":"Feature","id":"13f5272b-f93e-47b7-aac2-49d989a5498d","geometry":{"type":"Point","coordinates":[-96.96124167998981,28.05735446363246]},"properties":{"substrate":"Mud","lease_number":null,"poll_year":2025}},{"type":"Feature","id":"141432ee-e828-4cb7-a57a-55b3a1b30953","geometry":{"type":"Point","coordinates":[-96.95644701558562,28.05873006011094]},"properties":{"substrate":"Solid Reef","lease_number":null,"poll_year":2025}},{"type":"Feature","id":"14610233-491e-4a11-a0c6-5f71a3691bb0","geometry":{"type":"Point","coordinates":[-96.96515833013702,28.060205877902142]},"properties":{"substrate":"Mud","lease_number":null,"poll_year":2025}},{"type":"Feature","id":"149e046d-4c1a-4e01-8653-74947b12f544","geometry":{"type":"Point","coordinates":[-96.95047531561409,28.06476201683357]},"properties":{"substrate":"Mud","lease_number":null,"poll_year":2025}},{"type":"Feature","id":"14b036bc-b73a-4e14-b739-d9d53aebdf22","geometry":{"type":"Point","coordinates":[-96.95764471060784,28.061710619677033]},"properties":{"substrate":"Solid Reef","lease_number":null,"poll_year":2025}},{"type":"Feature","id":"14c5fea8-e982-449f-9809-4f970f2a6500","geometry":{"type":"Point","coordinates":[-96.95267385872866,28.059791114789338]},"properties":{"substrate":"Mud","lease_number":null,"poll_year":2025}},{"type":"Feature","id":"151d9bad-b404-4425-8c84-400f4d0c2923","geometry":{"type":"Point","coordinates":[-96.95949869860698,28.071757646233873]},"properties":{"substrate":"Buried Shell","lease_number":null,"poll_year":2025}},{"type":"Feature","id":"152ab958-a78f-4a50-9a32-a67fa25b5a8c","geometry":{"type":"Point","coordinates":[-96.94577440029126,28.060591800305478]},"properties":{"substrate":"Scattered Shell","lease_number":null,"poll_year":2025}},{"type":"Feature","id":"153b0caa-bbf9-4635-bec1-536a84276d43","geometry":{"type":"Point","coordinates":[-96.953223819922,28.06425283558325]},"properties":{"substrate":"Mud","lease_number":null,"poll_year":2025}},{"type":"Feature","id":"15676f05-0fac-4084-9279-3aba781c93ba","geometry":{"type":"Point","coordinates":[-96.95559255515535,28.071309926944043]},"properties":{"substrate":"Buried Shell","lease_number":null,"poll_year":2025}},{"type":"Feature","id":"156b34e1-731e-4ca6-a34e-83b842200c61","geometry":{"type":"Point","coordinates":[-96.94492139962333,28.065886099784198]},"properties":{"substrate":"Firm/Hard Bottom","lease_number":null,"poll_year":2025}},{"type":"Feature","id":"1573492e-e0d8-4f23-b90d-a457d35ce52a","geometry":{"type":"Point","coordinates":[-96.94649990037597,28.065954699860114]},"properties":{"substrate":"Scattered Shell","lease_number":null,"poll_year":2025}},{"type":"Feature","id":"15742f0f-ce60-40ae-a127-f67a232099ea","geometry":{"type":"Point","coordinates":[-96.94950801241112,28.069517441857517]},"properties":{"substrate":"Firm/Hard Bottom","lease_number":null,"poll_year":2025}},{"type":"Feature","id":"15759e0e-6505-446f-9ee8-290132ec5af8","geometry":{"type":"Point","coordinates":[-96.95526141458204,28.06344316515941]},"properties":{"substrate":"Mud","lease_number":null,"poll_year":2025}},{"type":"Feature","id":"15cec8e9-70c8-4258-b5ae-067f34c98f51","geometry":{"type":"Point","coordinates":[-96.95592158019615,28.057747829795183]},"properties":{"substrate":"Solid Reef","lease_number":null,"poll_year":2025}},{"type":"Feature","id":"15e71d41-7d6f-441b-8ab5-29885cf59cd3","geometry":{"type":"Point","coordinates":[-96.95575203845763,28.067725097289465]},"properties":{"substrate":"Buried Shell","lease_number":null,"poll_year":2025}},{"type":"Feature","id":"1629d23b-7167-4f33-8e13-f22b7fd61d56","geometry":{"type":"Point","coordinates":[-96.95490695733724,28.069326421023945]},"properties":{"substrate":"Buried Shell","lease_number":null,"poll_year":2025}},{"type":"Feature","id":"1630f9c7-46bf-4fff-953f-ff9e6aa87613","geometry":{"type":"Point","coordinates":[-96.94823095482677,28.065384269658523]},"properties":{"substrate":"Mud","lease_number":null,"poll_year":2025}},{"type":"Feature","id":"16521edc-f2f3-4dff-be52-399febf4a37b","geometry":{"type":"Point","coordinates":[-96.95067689307227,28.063676190330074]},"properties":{"substrate":"Mud","lease_number":null,"poll_year":2025}},{"type":"Feature","id":"16801adc-7e7d-4025-ad5c-f8517cb533d7","geometry":{"type":"Point","coordinates":[-96.94583162477149,28.06918736794167]},"properties":{"substrate":"Firm/Hard Bottom","lease_number":null,"poll_year":2025}},{"type":"Feature","id":"16bc8256-67d8-4083-9939-83b41bd7528f","geometry":{"type":"Point","coordinates":[-96.95490513106226,28.065019747969554]},"properties":{"substrate":"Solid Reef","lease_number":null,"poll_year":2025}},{"type":"Feature","id":"16d10136-af7d-4a69-b0c7-4f77b548977d","geometry":{"type":"Point","coordinates":[-96.95134370891442,28.071649400566457]},"properties":{"substrate":"Mud","lease_number":null,"poll_year":2025}},{"type":"Feature","id":"1717cf3e-4cf6-4c00-91c0-fad25ebc01c3","geometry":{"type":"Point","coordinates":[-96.95157827520478,28.067100212084032]},"properties":{"substrate":"Buried Shell","lease_number":null,"poll_year":2025}},{"type":"Feature","id":"172930d2-8344-4f76-8f82-3ad102908989","geometry":{"type":"Point","coordinates":[-96.94491930026052,28.060732900209906]},"properties":{"substrate":"Scattered Shell","lease_number":null,"poll_year":2025}},{"type":"Feature","id":"1739b8a7-fdd5-423f-b8fe-cb2f72074a7b","geometry":{"type":"Point","coordinates":[-96.95048561390051,28.068159573436276]},"properties":{"substrate":"Buried Shell","lease_number":null,"poll_year":2025}},{"type":"Feature","id":"173c606e-fda2-48ea-8838-695d89c9f82f","geometry":{"type":"Point","coordinates":[-96.94799002846422,28.070585067275704]},"properties":{"substrate":"Firm/Hard Bottom","lease_number":null,"poll_year":2025}},{"type":"Feature","id":"174d739c-eb3c-4816-adbe-3377001ee4a7","geometry":{"type":"Point","coordinates":[-96.9536419820935,28.071519522901134]},"properties":{"substrate":"Buried Shell","lease_number":null,"poll_year":2025}},{"type":"Feature","id":"1766c0c2-8781-4b7e-bab9-678b065f7061","geometry":{"type":"Point","coordinates":[-96.96019329934086,28.0632917787883]},"properties":{"substrate":"Solid Reef","lease_number":null,"poll_year":2025}},{"type":"Feature","id":"177a0694-8271-4f61-92c3-4f882be7bdda","geometry":{"type":"Point","coordinates":[-96.95168828019952,28.063766484723015]},"properties":{"substrate":"Mud","lease_number":null,"poll_year":2025}},{"type":"Feature","id":"177a93da-294c-47db-9175-e21d29e95ebc","geometry":{"type":"Point","coordinates":[-96.95460079172548,28.065446965358785]},"properties":{"substrate":"Mud","lease_number":null,"poll_year":2025}},{"type":"Feature","id":"1780da95-d017-47fe-b986-eec3d517c2df","geometry":{"type":"Point","coordinates":[-96.95741137141616,28.066934953555226]},"properties":{"substrate":"Buried Shell","lease_number":null,"poll_year":2025}},{"type":"Feature","id":"17d23d29-ddc7-4934-a4b3-8c214dd68eef","geometry":{"type":"Point","coordinates":[-96.96327542806381,28.058811736906215]},"properties":{"substrate":"Mud","lease_number":null,"poll_year":2025}},{"type":"Feature","id":"17fe3cca-9e16-45b5-935e-7e1ed23a7155","geometry":{"type":"Point","coordinates":[-96.95727508441115,28.058299901132052]},"properties":{"substrate":"Solid Reef","lease_number":null,"poll_year":2025}},{"type":"Feature","id":"18065dc4-2422-49a9-87e9-64cd5ab941bd","geometry":{"type":"Point","coordinates":[-96.95390008783757,28.056588075256705]},"properties":{"substrate":"Solid Reef","lease_number":null,"poll_year":2025}},{"type":"Feature","id":"1821ba9d-8cea-495f-9049-a57ececa27e3","geometry":{"type":"Point","coordinates":[-96.95947080232415,28.05846805928568]},"properties":{"substrate":"Solid Reef","lease_number":null,"poll_year":2025}},{"type":"Feature","id":"182ae854-f762-4466-a3b5-0f4a3709b7be","geometry":{"type":"Point","coordinates":[-96.95329331179576,28.065284396243257]},"properties":{"substrate":"Mud","lease_number":null,"poll_year":2025}},{"type":"Feature","id":"183a016a-dbff-4254-91ea-42b652ac0fa3","geometry":{"type":"Point","coordinates":[-96.95883236695676,28.06839146438589]},"properties":{"substrate":"Buried Shell","lease_number":null,"poll_year":2025}},{"type":"Feature","id":"184c08f1-01ef-4a68-b6e3-d6629ce38cd3","geometry":{"type":"Point","coordinates":[-96.95862775588787,28.065049743211954]},"properties":{"substrate":"Mud","lease_number":null,"poll_year":2025}},{"type":"Feature","id":"185aeade-dcc0-4a4b-aa53-5de57a98576e","geometry":{"type":"Point","coordinates":[-96.95659697944082,28.05777330686558]},"properties":{"substrate":"Solid Reef","lease_number":null,"poll_year":2025}},{"type":"Feature","id":"189b4ad5-cd32-4438-aada-bff651c47eb5","geometry":{"type":"Point","coordinates":[-96.95016083519604,28.063900840178693]},"properties":{"substrate":"Mud","lease_number":null,"poll_year":2025}},{"type":"Feature","id":"189d4dab-1e6d-4bd2-becb-56dd9a2faeab","geometry":{"type":"Point","coordinates":[-96.95399588417945,28.0699584009734]},"properties":{"substrate":"Solid Reef","lease_number":null,"poll_year":2025}},{"type":"Feature","id":"18b467e0-eb55-48eb-af33-c81750710d82","geometry":{"type":"Point","coordinates":[-96.95365916327161,28.070889597153243]},"properties":{"substrate":"Buried Shell","lease_number":null,"poll_year":2025}},{"type":"Feature","id":"18b83eca-e08d-49eb-b29d-d18c441ebe81","geometry":{"type":"Point","coordinates":[-96.95087464011408,28.062637900824924]},"properties":{"substrate":"Mud","lease_number":null,"poll_year":2025}},{"type":"Feature","id":"18c7fce6-d809-4eba-a838-2e12661e28c5","geometry":{"type":"Point","coordinates":[-96.95789085438558,28.06378866116902]},"properties":{"substrate":"Mud","lease_number":null,"poll_year":2025}},{"type":"Feature","id":"19274691-6a17-4779-9b3f-6753e2eb461b","geometry":{"type":"Point","coordinates":[-96.95119328422346,28.07033189056324]},"properties":{"substrate":"Buried Shell","lease_number":null,"poll_year":2025}},{"type":"Feature","id":"192f2c7b-e05a-4dc7-b98b-08961658fd1a","geometry":{"type":"Point","coordinates":[-96.94968858905456,28.06284326957014]},"properties":{"substrate":"Mud","lease_number":null,"poll_year":2025}},{"type":"Feature","id":"196971da-02ce-4f85-8e3d-807f3f22ab7d","geometry":{"type":"Point","coordinates":[-96.9505657292508,28.06851621018577]},"properties":{"substrate":"Mud","lease_number":null,"poll_year":2025}},{"type":"Feature","id":"1a05d9f3-4e6b-4951-bb83-094f42c270ef","geometry":{"type":"Point","coordinates":[-96.94689262764851,28.07063900676563]},"properties":{"substrate":"Firm/Hard Bottom","lease_number":null,"poll_year":2025}},{"type":"Feature","id":"1a4408a9-5053-434d-a0e4-46c87a196dc8","geometry":{"type":"Point","coordinates":[-96.95727348990151,28.06469744126904]},"properties":{"substrate":"Mud","lease_number":null,"poll_year":2025}},{"type":"Feature","id":"1a567636-de58-4b52-9db8-728b8baa7e32","geometry":{"type":"Point","coordinates":[-96.95476217137133,28.061687766619908]},"properties":{"substrate":"Solid Reef","lease_number":null,"poll_year":2025}},{"type":"Feature","id":"1a785ed7-0c23-457c-b2a0-2f8a5b49564b","geometry":{"type":"Point","coordinates":[-96.9508144970075,28.057026015537932]},"properties":{"substrate":"Solid Reef","lease_number":null,"poll_year":2025}},{"type":"Feature","id":"1aa816e4-2d67-4980-878f-3ccdbe4781d6","geometry":{"type":"Point","coordinates":[-96.95579213655697,28.06396856321702]},"properties":{"substrate":"Mud","lease_number":null,"poll_year":2025}},{"type":"Feature","id":"1aae85c3-a027-483d-9b72-4b1f36163628","geometry":{"type":"Point","coordinates":[-96.95400984938887,28.070200013832242]},"properties":{"substrate":"Buried Shell","lease_number":null,"poll_year":2025}},{"type":"Feature","id":"1aaf711d-0039-41ce-8f66-a1c5508ed4f0","geometry":{"type":"Point","coordinates":[-96.94917329294972,28.071182483860767]},"properties":{"substrate":"Firm/Hard Bottom","lease_number":null,"poll_year":2025}},{"type":"Feature","id":"1afc4af5-5893-4515-b39b-a2dbb112c548","geometry":{"type":"Point","coordinates":[-96.9610297269901,28.06927043741081]},"properties":{"substrate":"Mud","lease_number":null,"poll_year":2025}},{"type":"Feature","id":"1b6061f7-74f6-4495-ab99-6e0e39cfe5eb","geometry":{"type":"Point","coordinates":[-96.95380526437113,28.067287038105167]},"properties":{"substrate":"Buried Shell","lease_number":null,"poll_year":2025}},{"type":"Feature","id":"1b7cb282-c822-477d-9e48-8dcbf14e1630","geometry":{"type":"Point","coordinates":[-96.95588305325023,28.070832380208962]},"properties":{"substrate":"Mud","lease_number":null,"poll_year":2025}},{"type":"Feature","id":"1bbfcfd9-4fe2-4335-80d0-2183dd1af334","geometry":{"type":"Point","coordinates":[-96.96237883125683,28.061486841197276]},"properties":{"substrate":"Solid Reef","lease_number":null,"poll_year":2025}},{"type":"Feature","id":"1bd7db1c-c219-4096-bd15-92b2c3fc9f45","geometry":{"type":"Point","coordinates":[-96.96010443889126,28.059733391725864]},"properties":{"substrate":"Solid Reef","lease_number":null,"poll_year":2025}},{"type":"Feature","id":"1bf17ca9-f5c5-454c-abb9-fe7c1ff48a3f","geometry":{"type":"Point","coordinates":[-96.9540742496116,28.06179390578694]},"properties":{"substrate":"Solid Reef","lease_number":null,"poll_year":2025}},{"type":"Feature","id":"1c2284f3-ca3f-46c9-8ee4-4d45c4c5e5b4","geometry":{"type":"Point","coordinates":[-96.94738850127861,28.066794425384067]},"properties":{"substrate":"Mud","lease_number":null,"poll_year":2025}},{"type":"Feature","id":"1c5ac71c-9607-4fda-8617-0d560cd92f1d","geometry":{"type":"Point","coordinates":[-96.95418863389335,28.070275446945846]},"properties":{"substrate":"Buried Shell","lease_number":null,"poll_year":2025}},{"type":"Feature","id":"1c68a8e5-408d-4259-bbe6-66548db3ea2b","geometry":{"type":"Point","coordinates":[-96.95340737358232,28.054763938562346]},"properties":{"substrate":"Solid Reef","lease_number":null,"poll_year":2025}},{"type":"Feature","id":"1c7bdadb-41ce-48b0-942b-54bb68c25fc4","geometry":{"type":"Point","coordinates":[-96.95641754455609,28.06998128318507]},"properties":{"substrate":"Mud","lease_number":null,"poll_year":2025}},{"type":"Feature","id":"1c930be0-4e5e-4f06-b8ca-8ca373149dfb","geometry":{"type":"Point","coordinates":[-96.95040909540462,28.070498416064]},"properties":{"substrate":"Mud","lease_number":null,"poll_year":2025}},{"type":"Feature","id":"1ca8e313-46ee-4847-a4c0-6a6095336841","geometry":{"type":"Point","coordinates":[-96.95413056589507,28.071122032303748]},"properties":{"substrate":"Mud","lease_number":null,"poll_year":2025}},{"type":"Feature","id":"1ca97a46-ea78-4f6c-97f1-145b616bf7e1","geometry":{"type":"Point","coordinates":[-96.96364415864016,28.06138406758662]},"properties":{"substrate":"Solid Reef","lease_number":null,"poll_year":2025}},{"type":"Feature","id":"1ce5c378-88d3-4feb-a233-4b7a1c786861","geometry":{"type":"Point","coordinates":[-96.96354261667372,28.060597422267616]},"properties":{"substrate":"Mud","lease_number":null,"poll_year":2025}},{"type":"Feature","id":"1cf744f9-33fc-4066-a270-e113ba7626a5","geometry":{"type":"Point","coordinates":[-96.96462936257183,28.062343471209527]},"properties":{"substrate":"Mud","lease_number":null,"poll_year":2025}},{"type":"Feature","id":"1cf86093-0a2f-4bd0-ad6d-3478fc0f4f4d","geometry":{"type":"Point","coordinates":[-96.95542646564247,28.060958639061084]},"properties":{"substrate":"Solid Reef","lease_number":null,"poll_year":2025}},{"type":"Feature","id":"1d29945f-ab8e-46f0-8202-3db93ad69118","geometry":{"type":"Point","coordinates":[-96.95225711140371,28.05877267582216]},"properties":{"substrate":"Solid Reef","lease_number":null,"poll_year":2025}},{"type":"Feature","id":"1d361390-c309-4169-8dc7-d84b8b4c9807","geometry":{"type":"Point","coordinates":[-96.95228414171063,28.05523562131999]},"properties":{"substrate":"Solid Reef","lease_number":null,"poll_year":2025}},{"type":"Feature","id":"1d3b0a52-bcc4-459c-a698-5bd4ea37ef97","geometry":{"type":"Point","coordinates":[-96.9493391713585,28.06835910239617]},"properties":{"substrate":"Buried Shell","lease_number":null,"poll_year":2025}},{"type":"Feature","id":"1d474b88-a7df-45da-aa9e-a2c27057b62c","geometry":{"type":"Point","coordinates":[-96.94995622682211,28.06535442036332]},"properties":{"substrate":"Mud","lease_number":null,"poll_year":2025}},{"type":"Feature","id":"1d4acf98-2aa0-4464-ac15-0b6b8ddb8ab2","geometry":{"type":"Point","coordinates":[-96.94550653345333,28.068722020305444]},"properties":{"substrate":"Solid Reef","lease_number":null,"poll_year":2025}},{"type":"Feature","id":"1d52de74-3b21-49ab-b832-f8879f59ec7d","geometry":{"type":"Point","coordinates":[-96.9539381287949,28.069424404959165]},"properties":{"substrate":"Solid Reef","lease_number":null,"poll_year":2025}},{"type":"Feature","id":"1d77421c-2b2e-41dc-abcd-2a7f0596ebc4","geometry":{"type":"Point","coordinates":[-96.95839553330211,28.067426790402326]},"properties":{"substrate":"Buried Shell","lease_number":null,"poll_year":2025}},{"type":"Feature","id":"1d7b84ff-5d99-4ee6-9b2b-068c370d5aad","geometry":{"type":"Point","coordinates":[-96.95939811514292,28.069694158951833]},"properties":{"substrate":"Mud","lease_number":null,"poll_year":2025}},{"type":"Feature","id":"1d94e6b7-33a3-49a5-b606-d381d29d8084","geometry":{"type":"Point","coordinates":[-96.9469463001901,28.06104210015112]},"properties":{"substrate":"Solid Reef","lease_number":null,"poll_year":2025}},{"type":"Feature","id":"1da45058-9b8e-4555-a43c-c6457ba4a5a2","geometry":{"type":"Point","coordinates":[-96.94874882190999,28.065659667381553]},"properties":{"substrate":"Mud","lease_number":null,"poll_year":2025}},{"type":"Feature","id":"1dc4f5da-a02e-49f8-9544-1a4048273ec4","geometry":{"type":"Point","coordinates":[-96.95558181040623,28.06318757766599]},"properties":{"substrate":"Solid Reef","lease_number":null,"poll_year":2025}},{"type":"Feature","id":"1ddb1086-7f67-4c83-b0c8-ad1d8aa58146","geometry":{"type":"Point","coordinates":[-96.95851973796653,28.05593266217158]},"properties":{"substrate":"Firm/Hard Bottom","lease_number":null,"poll_year":2025}},{"type":"Feature","id":"1e37d072-5991-4b57-a53d-4a4cc8a668a9","geometry":{"type":"Point","coordinates":[-96.95942719720193,28.0604860325296]},"properties":{"substrate":"Solid Reef","lease_number":null,"poll_year":2025}},{"type":"Feature","id":"1e51c7c8-51ca-4d5f-b970-f086596cc0f1","geometry":{"type":"Point","coordinates":[-96.94899255550781,28.07014165986285]},"properties":{"substrate":"Firm/Hard Bottom","lease_number":null,"poll_year":2025}},{"type":"Feature","id":"1e6e55f4-066f-4139-b08a-c98291b88a73","geometry":{"type":"Point","coordinates":[-96.94715288485767,28.067170249288914]},"properties":{"substrate":"Mud","lease_number":null,"poll_year":2025}},{"type":"Feature","id":"1e91c972-4f1a-4c79-8c26-c8899644ffd8","geometry":{"type":"Point","coordinates":[-96.95462945786451,28.06085019226285]},"properties":{"substrate":"Solid Reef","lease_number":null,"poll_year":2025}},{"type":"Feature","id":"1ea4815d-e149-4296-99ce-555fae0a4f8c","geometry":{"type":"Point","coordinates":[-96.95455496776451,28.057859078092296]},"properties":{"substrate":"Solid Reef","lease_number":null,"poll_year":2025}},{"type":"Feature","id":"1ee73ce9-a053-48cf-8fb6-3303f87111b4","geometry":{"type":"Point","coordinates":[-96.95403349753873,28.05669985748042]},"properties":{"substrate":"Solid Reef","lease_number":null,"poll_year":2025}},{"type":"Feature","id":"1f172534-765a-4f5b-8f53-f8b0b8d1ed96","geometry":{"type":"Point","coordinates":[-96.95249932056052,28.067620619861792]},"properties":{"substrate":"Mud","lease_number":null,"poll_year":2025}},{"type":"Feature","id":"1f2c2779-dc3a-4201-9e83-27926bc22741","geometry":{"type":"Point","coordinates":[-96.954266972376,28.056894094732044]},"properties":{"substrate":"Solid Reef","lease_number":null,"poll_year":2025}},{"type":"Feature","id":"1f5bf0fe-d751-4891-b79f-6954de176b0f","geometry":{"type":"Point","coordinates":[-96.95199800403812,28.058556973147944]},"properties":{"substrate":"Solid Reef","lease_number":null,"poll_year":2025}},{"type":"Feature","id":"1f5f1460-0bf8-4114-8768-549719e32d86","geometry":{"type":"Point","coordinates":[-96.95143127219673,28.071966099130478]},"properties":{"substrate":"Buried Shell","lease_number":null,"poll_year":2025}},{"type":"Feature","id":"1faa7a3d-6767-485f-9a50-4aacb53ad10b","geometry":{"type":"Point","coordinates":[-96.9626344971766,28.06168061557557]},"properties":{"substrate":"Solid Reef","lease_number":null,"poll_year":2025}},{"type":"Feature","id":"1fadd2c1-4838-4716-b55a-aa2750c5c714","geometry":{"type":"Point","coordinates":[-96.95603275300076,28.05783273457823]},"properties":{"substrate":"Solid Reef","lease_number":null,"poll_year":2025}},{"type":"Feature","id":"1fe1458b-0c83-4a38-a4a1-5463da5df525","geometry":{"type":"Point","coordinates":[-96.94961365878008,28.067994223795015]},"properties":{"substrate":"Buried Shell","lease_number":null,"poll_year":2025}},{"type":"Feature","id":"2001af7c-0a61-4dd0-92da-3466daff4559","geometry":{"type":"Point","coordinates":[-96.95163882345156,28.070553237019126]},"properties":{"substrate":"Solid Reef","lease_number":null,"poll_year":2025}},{"type":"Feature","id":"203f444a-2405-4a93-8107-3c5ef9c1419e","geometry":{"type":"Point","coordinates":[-96.95479470835093,28.054866196865778]},"properties":{"substrate":"Solid Reef","lease_number":null,"poll_year":2025}},{"type":"Feature","id":"2047a8c8-c425-4098-b317-65038572b5e1","geometry":{"type":"Point","coordinates":[-96.96428528715676,28.062075286557857]},"properties":{"substrate":"Mud","lease_number":null,"poll_year":2025}},{"type":"Feature","id":"2052ce7c-ea1a-408b-ad19-6a59830fdbc6","geometry":{"type":"Point","coordinates":[-96.95556185433219,28.054722641210944]},"properties":{"substrate":"Solid Reef","lease_number":null,"poll_year":2025}},{"type":"Feature","id":"20739903-ae16-48e1-9a56-30f86c216c1f","geometry":{"type":"Point","coordinates":[-96.962062815618,28.06199267288286]},"properties":{"substrate":"Solid Reef","lease_number":null,"poll_year":2025}},{"type":"Feature","id":"208f0ee2-1547-4fe5-986b-7fffeb005a16","geometry":{"type":"Point","coordinates":[-96.94822039962219,28.06185989966803]},"properties":{"substrate":"Mud","lease_number":null,"poll_year":2025}},{"type":"Feature","id":"219cfa0c-685f-41a6-9346-e42bc11d3599","geometry":{"type":"Point","coordinates":[-96.94400810044027,28.061653899631185]},"properties":{"substrate":"Solid Reef","lease_number":null,"poll_year":2025}},{"type":"Feature","id":"219e09a8-9ac6-474f-a176-8aebaccdedac","geometry":{"type":"Point","coordinates":[-96.94829319010967,28.0682767392771]},"properties":{"substrate":"Buried Shell","lease_number":null,"poll_year":2025}},{"type":"Feature","id":"21b795c6-7901-42e9-a100-f67c27687823","geometry":{"type":"Point","coordinates":[-96.9527375438924,28.071979888600268]},"properties":{"substrate":"Buried Shell","lease_number":null,"poll_year":2025}},{"type":"Feature","id":"21d778d3-3b7c-49a1-a840-77450ab0b4f1","geometry":{"type":"Point","coordinates":[-96.94759130044557,28.061368899814298]},"properties":{"substrate":"Scattered Shell","lease_number":null,"poll_year":2025}},{"type":"Feature","id":"220dfd9d-e86d-4572-a24d-7ae33cfde14d","geometry":{"type":"Point","coordinates":[-96.95817704865195,28.071762489242843]},"properties":{"substrate":"Mud","lease_number":null,"poll_year":2025}},{"type":"Feature","id":"22223924-8752-4a4f-baf4-dbaf36434723","geometry":{"type":"Point","coordinates":[-96.95931970479505,28.061792455127584]},"properties":{"substrate":"Solid Reef","lease_number":null,"poll_year":2025}},{"type":"Feature","id":"2236a20f-2b64-4c26-bfae-298012a79d0f","geometry":{"type":"Point","coordinates":[-96.9558921145565,28.071934784495923]},"properties":{"substrate":"Mud","lease_number":null,"poll_year":2025}},{"type":"Feature","id":"2236ef5b-925a-44d2-aeeb-4f0e012dff15","geometry":{"type":"Point","coordinates":[-96.94897186012031,28.067333325237684]},"properties":{"substrate":"Buried Shell","lease_number":null,"poll_year":2025}},{"type":"Feature","id":"2248c71e-1b60-4f0c-83d5-17bda8ad94cc","geometry":{"type":"Point","coordinates":[-96.9590369331099,28.068561551145333]},"properties":{"substrate":"Solid Reef","lease_number":null,"poll_year":2025}},{"type":"Feature","id":"229a0814-b4d0-4d61-a0b5-4c9089060e50","geometry":{"type":"Point","coordinates":[-96.94428980043527,28.06136640038972]},"properties":{"substrate":"Scattered Shell","lease_number":null,"poll_year":2025}},{"type":"Feature","id":"22af23ae-9777-41bf-a5f8-98fde0aeeb18","geometry":{"type":"Point","coordinates":[-96.95681242868363,28.071414129701772]},"properties":{"substrate":"Mud","lease_number":null,"poll_year":2025}},{"type":"Feature","id":"22bcb520-bc3a-4eb9-9456-a752dd009471","geometry":{"type":"Point","coordinates":[-96.95218086150409,28.069824837023134]},"properties":{"substrate":"Buried Shell","lease_number":null,"poll_year":2025}},{"type":"Feature","id":"22d2f4db-ebd4-4283-9bcb-2f512814fffb","geometry":{"type":"Point","coordinates":[-96.9463830996261,28.065900700153]},"properties":{"substrate":"Scattered Shell","lease_number":null,"poll_year":2025}},{"type":"Feature","id":"23176934-9db9-40c7-bcae-2d4d0fd803c3","geometry":{"type":"Point","coordinates":[-96.95794243744582,28.05807695188929]},"properties":{"substrate":"Solid Reef","lease_number":null,"poll_year":2025}},{"type":"Feature","id":"2344c336-249e-48ba-82ba-5ef783ff0f7e","geometry":{"type":"Point","coordinates":[-96.95754242483633,28.05902072226416]},"properties":{"substrate":"Solid Reef","lease_number":null,"poll_year":2025}},{"type":"Feature","id":"23461956-9aab-4e4b-90ff-d819665cccc3","geometry":{"type":"Point","coordinates":[-96.94738268648376,28.067418646526228]},"properties":{"substrate":"Firm/Hard Bottom","lease_number":null,"poll_year":2025}},{"type":"Feature","id":"236e897e-106c-41b1-ac91-752fe908ef59","geometry":{"type":"Point","coordinates":[-96.9504446004179,28.06120330032458]},"properties":{"substrate":"Mud","lease_number":null,"poll_year":2025}},{"type":"Feature","id":"239f8766-3c21-4246-a03d-c2bb45091ce5","geometry":{"type":"Point","coordinates":[-96.95413241822119,28.068986365385275]},"properties":{"substrate":"Buried Shell","lease_number":null,"poll_year":2025}},{"type":"Feature","id":"23c367d5-09f4-4a7e-ba65-7c9c776d16e4","geometry":{"type":"Point","coordinates":[-96.95818390728915,28.05952193286058]},"properties":{"substrate":"Solid Reef","lease_number":null,"poll_year":2025}},{"type":"Feature","id":"23ff2141-eaf5-4eab-ba6d-4a08a43f62c3","geometry":{"type":"Point","coordinates":[-96.95686797780586,28.071842228442964]},"properties":{"substrate":"Mud","lease_number":null,"poll_year":2025}},{"type":"Feature","id":"2419503f-151f-4a0a-88c5-40d692aa0039","geometry":{"type":"Point","coordinates":[-96.95075218357118,28.06893226732683]},"properties":{"substrate":"Buried Shell","lease_number":null,"poll_year":2025}},{"type":"Feature","id":"242a5491-63a3-4f2d-9ef9-66622ac6509d","geometry":{"type":"Point","coordinates":[-96.95358377844961,28.067660552041556]},"properties":{"substrate":"Mud","lease_number":null,"poll_year":2025}},{"type":"Feature","id":"24859076-ece8-43bc-b244-b7270bc87922","geometry":{"type":"Point","coordinates":[-96.94421109993155,28.06144910015906]},"properties":{"substrate":"Scattered Shell","lease_number":null,"poll_year":2025}},{"type":"Feature","id":"24b89537-f551-4b45-9965-078162077470","geometry":{"type":"Point","coordinates":[-96.94800721143896,28.06738826353738]},"properties":{"substrate":"Mud","lease_number":null,"poll_year":2025}},{"type":"Feature","id":"24b9a288-40de-4b28-a3d3-67dff1742909","geometry":{"type":"Point","coordinates":[-96.95441903469573,28.06859812368317]},"properties":{"substrate":"Solid Reef","lease_number":null,"poll_year":2025}},{"type":"Feature","id":"24baf26d-27f4-4155-a8cf-0fdd23b8b389","geometry":{"type":"Point","coordinates":[-96.94513852961403,28.06826945074797]},"properties":{"substrate":"Solid Reef","lease_number":null,"poll_year":2025}},{"type":"Feature","id":"24f7f831-996d-4ad3-8459-b93fb336b761","geometry":{"type":"Point","coordinates":[-96.95119083451767,28.064016920709342]},"properties":{"substrate":"Mud","lease_number":null,"poll_year":2025}},{"type":"Feature","id":"25089121-0d7f-467a-8ebd-6b557bccd8f2","geometry":{"type":"Point","coordinates":[-96.94653227745543,28.07046678552853]},"properties":{"substrate":"Firm/Hard Bottom","lease_number":null,"poll_year":2025}},{"type":"Feature","id":"2525467c-e163-4594-9421-559dd69e112e","geometry":{"type":"Point","coordinates":[-96.94561231007803,28.069370120054895]},"properties":{"substrate":"Solid Reef","lease_number":null,"poll_year":2025}},{"type":"Feature","id":"252c77c2-072e-422a-8263-db9f1eeca32a","geometry":{"type":"Point","coordinates":[-96.95376825108646,28.058917825800314]},"properties":{"substrate":"Solid Reef","lease_number":null,"poll_year":2025}},{"type":"Feature","id":"253ad0e0-6d46-4b6d-9f97-a890493fdad6","geometry":{"type":"Point","coordinates":[-96.9557152210057,28.07096486887631]},"properties":{"substrate":"Mud","lease_number":null,"poll_year":2025}},{"type":"Feature","id":"25a4efbf-07e1-4b7e-b9bc-c8ea36b58f02","geometry":{"type":"Point","coordinates":[-96.94919689708212,28.071695611311846]},"properties":{"substrate":"Mud","lease_number":null,"poll_year":2025}},{"type":"Feature","id":"25b3a4c1-3e05-4034-8545-4718d39d7db2","geometry":{"type":"Point","coordinates":[-96.96007799967582,28.06098797034826]},"properties":{"substrate":"Solid Reef","lease_number":null,"poll_year":2025}},{"type":"Feature","id":"25b483bc-e25e-4f69-a09e-55a48ca23a78","geometry":{"type":"Point","coordinates":[-96.94605309991321,28.060707699706832]},"properties":{"substrate":"Scattered Shell","lease_number":null,"poll_year":2025}},{"type":"Feature","id":"2600d590-bfe8-42ca-89a5-932c7588fa22","geometry":{"type":"Point","coordinates":[-96.9526340238357,28.06155311509418]},"properties":{"substrate":"Mud","lease_number":null,"poll_year":2025}},{"type":"Feature","id":"26148b23-0a3f-4911-bddb-8d8d9ca5511b","geometry":{"type":"Point","coordinates":[-96.95810135660612,28.06398655657604]},"properties":{"substrate":"Mud","lease_number":null,"poll_year":2025}},{"type":"Feature","id":"26651e84-5463-4f39-a7e8-90e6ab3aa856","geometry":{"type":"Point","coordinates":[-96.94376900035267,28.06189639997201]},"properties":{"substrate":"Firm/Hard Bottom","lease_number":null,"poll_year":2025}},{"type":"Feature","id":"266d1c78-4153-4252-b98d-cb560d280bdc","geometry":{"type":"Point","coordinates":[-96.95388600225391,28.07064800328337]},"properties":{"substrate":"Buried Shell","lease_number":null,"poll_year":2025}},{"type":"Feature","id":"26842f1e-2444-4a4a-a914-0b9be0d94550","geometry":{"type":"Point","coordinates":[-96.94949473890446,28.068439272159143]},"properties":{"substrate":"Buried Shell","lease_number":null,"poll_year":2025}},{"type":"Feature","id":"26956424-d0dc-4a6d-8ea3-c9787be0412b","geometry":{"type":"Point","coordinates":[-96.95860034739025,28.064446160275153]},"properties":{"substrate":"Mud","lease_number":null,"poll_year":2025}},{"type":"Feature","id":"269c321d-ff3c-4d33-97d3-bc1304478464","geometry":{"type":"Point","coordinates":[-96.96101974041909,28.061712320041313]},"properties":{"substrate":"Solid Reef","lease_number":null,"poll_year":2025}},{"type":"Feature","id":"26b7509f-4e52-4b27-9d2c-cfd5668fe15c","geometry":{"type":"Point","coordinates":[-96.95374735806959,28.06882314530354]},"properties":{"substrate":"Buried Shell","lease_number":null,"poll_year":2025}},{"type":"Feature","id":"26d5fab5-d505-44cc-8818-69b0b00340bc","geometry":{"type":"Point","coordinates":[-96.9475093884647,28.066528961203172]},"properties":{"substrate":"Mud","lease_number":null,"poll_year":2025}},{"type":"Feature","id":"26da7644-5f37-454e-937b-bb3eeabb017a","geometry":{"type":"Point","coordinates":[-96.9530004475384,28.06896350357083]},"properties":{"substrate":"Buried Shell","lease_number":null,"poll_year":2025}},{"type":"Feature","id":"26e9ff81-74d6-4d7f-a541-05ccd2c2ca70","geometry":{"type":"Point","coordinates":[-96.9541946274529,28.065210082067424]},"properties":{"substrate":"Mud","lease_number":null,"poll_year":2025}},{"type":"Feature","id":"270cd70b-a885-4324-b86d-19de3fc9658f","geometry":{"type":"Point","coordinates":[-96.95775993661103,28.0690587381119]},"properties":{"substrate":"Mud","lease_number":null,"poll_year":2025}},{"type":"Feature","id":"274dd179-f694-4dbc-8366-9dae3700665b","geometry":{"type":"Point","coordinates":[-96.9557710557922,28.060076923403393]},"properties":{"substrate":"Solid Reef","lease_number":null,"poll_year":2025}},{"type":"Feature","id":"275be350-30d0-433c-8ff8-b217065c72c9","geometry":{"type":"Point","coordinates":[-96.94511320161459,28.068022890494834]},"properties":{"substrate":"Solid Reef","lease_number":null,"poll_year":2025}},{"type":"Feature","id":"27978b2c-b51f-4caa-8793-1ae4b12886bc","geometry":{"type":"Point","coordinates":[-96.96412567988698,28.05943361275662]},"properties":{"substrate":"Mud","lease_number":null,"poll_year":2025}},{"type":"Feature","id":"27aa4f1b-7912-4125-b579-d08f92d5b888","geometry":{"type":"Point","coordinates":[-96.95739115932227,28.06555036843734]},"properties":{"substrate":"Mud","lease_number":null,"poll_year":2025}},{"type":"Feature","id":"27c13b0b-5655-46dd-bf05-bd6108e337b2","geometry":{"type":"Point","coordinates":[-96.96481680144575,28.062494104261415]},"properties":{"substrate":"Mud","lease_number":null,"poll_year":2025}},{"type":"Feature","id":"28065436-c050-4d78-b68d-26136cec5cf0","geometry":{"type":"Point","coordinates":[-96.95810996336485,28.060150055216397]},"properties":{"substrate":"Solid Reef","lease_number":null,"poll_year":2025}},{"type":"Feature","id":"2815e3fb-2dc3-47f8-890c-59b3da02487a","geometry":{"type":"Point","coordinates":[-96.95660802871882,28.0681629747534]},"properties":{"substrate":"Solid Reef","lease_number":null,"poll_year":2025}},{"type":"Feature","id":"28164e75-82cc-4c95-80cf-b71fcfee3aa9","geometry":{"type":"Point","coordinates":[-96.95363288665125,28.065483148956744]},"properties":{"substrate":"Mud","lease_number":null,"poll_year":2025}},{"type":"Feature","id":"28169c81-99ae-49fa-b541-a21b849eaf4a","geometry":{"type":"Point","coordinates":[-96.95234440968304,28.06368396826424]},"properties":{"substrate":"Mud","lease_number":null,"poll_year":2025}},{"type":"Feature","id":"28197f1c-9d1e-4b56-8ca3-3197292188b4","geometry":{"type":"Point","coordinates":[-96.95813855314708,28.070137626867535]},"properties":{"substrate":"Mud","lease_number":null,"poll_year":2025}},{"type":"Feature","id":"2830c5eb-e430-4f07-9ee9-37058e898ce4","geometry":{"type":"Point","coordinates":[-96.95680077394113,28.061635204332255]},"properties":{"substrate":"Mud","lease_number":null,"poll_year":2025}},{"type":"Feature","id":"283f986b-e56d-4ecf-84a9-f1730bc561a4","geometry":{"type":"Point","coordinates":[-96.9536202060327,28.06926303242882]},"properties":{"substrate":"Buried Shell","lease_number":null,"poll_year":2025}},{"type":"Feature","id":"287f48f6-8902-4559-ae06-874e4ea6e02c","geometry":{"type":"Point","coordinates":[-96.9501120674559,28.067959130163686]},"properties":{"substrate":"Buried Shell","lease_number":null,"poll_year":2025}},{"type":"Feature","id":"28b5ea4f-6dd4-48cd-85d7-b06218149673","geometry":{"type":"Point","coordinates":[-96.95565408076916,28.061773711497413]},"properties":{"substrate":"Solid Reef","lease_number":null,"poll_year":2025}},{"type":"Feature","id":"28f7fc9f-fc29-47a8-92c2-e353f6820138","geometry":{"type":"Point","coordinates":[-96.96371941769804,28.05912980905561]},"properties":{"substrate":"Mud","lease_number":null,"poll_year":2025}},{"type":"Feature","id":"2908f247-eed0-49f9-9ad2-02ba86881834","geometry":{"type":"Point","coordinates":[-96.95524107492739,28.06140684143706]},"properties":{"substrate":"Solid Reef","lease_number":null,"poll_year":2025}},{"type":"Feature","id":"291012b1-7862-4802-90a1-d78d8e578ecf","geometry":{"type":"Point","coordinates":[-96.95656140885052,28.05702801404849]},"properties":{"substrate":"Solid Reef","lease_number":null,"poll_year":2025}},{"type":"Feature","id":"2932d820-7533-436c-a785-e0a74e4b890b","geometry":{"type":"Point","coordinates":[-96.95632163861973,28.06056966204303]},"properties":{"substrate":"Solid Reef","lease_number":null,"poll_year":2025}},{"type":"Feature","id":"29470cf2-3c15-44fc-a966-dc6c6526bb3b","geometry":{"type":"Point","coordinates":[-96.96054495024872,28.062815016071944]},"properties":{"substrate":"Solid Reef","lease_number":null,"poll_year":2025}},{"type":"Feature","id":"29a89a18-3faa-4b70-9e25-bdfac6aaeac7","geometry":{"type":"Point","coordinates":[-96.95512212900063,28.064050406460613]},"properties":{"substrate":"Mud","lease_number":null,"poll_year":2025}},{"type":"Feature","id":"29b082ec-2148-4e60-8b51-2fce2ed4064b","geometry":{"type":"Point","coordinates":[-96.96517919620442,28.06363572873386]},"properties":{"substrate":"Solid Reef","lease_number":null,"poll_year":2025}},{"type":"Feature","id":"29c80eeb-f278-48fb-950f-e462721916a3","geometry":{"type":"Point","coordinates":[-96.95252445991375,28.0709923537467]},"properties":{"substrate":"Buried Shell","lease_number":null,"poll_year":2025}},{"type":"Feature","id":"29dbaa13-f245-4b00-92f9-45b92c66acc0","geometry":{"type":"Point","coordinates":[-96.96480077280613,28.064668628620034]},"properties":{"substrate":"Solid Reef","lease_number":null,"poll_year":2025}},{"type":"Feature","id":"29df57d4-a64e-4051-b8ec-00f8848f02f4","geometry":{"type":"Point","coordinates":[-96.9463811727398,28.067989330678312]},"properties":{"substrate":"Firm/Hard Bottom","lease_number":null,"poll_year":2025}},{"type":"Feature","id":"29e313ba-9341-43a7-8fbf-e9a871da2fc7","geometry":{"type":"Point","coordinates":[-96.95333948879463,28.055800608426825]},"properties":{"substrate":"Solid Reef","lease_number":null,"poll_year":2025}},{"type":"Feature","id":"29ed732a-7393-4497-868b-b89417e78fb4","geometry":{"type":"Point","coordinates":[-96.95588014540367,28.064804928203785]},"properties":{"substrate":"Mud","lease_number":null,"poll_year":2025}},{"type":"Feature","id":"29fd8dc4-180f-4ad6-8bdb-836fe3de6137","geometry":{"type":"Point","coordinates":[-96.95332066459784,28.06864087578222]},"properties":{"substrate":"Buried Shell","lease_number":null,"poll_year":2025}},{"type":"Feature","id":"2a5d0c94-20a1-46d1-8a1d-fae323aa6954","geometry":{"type":"Point","coordinates":[-96.95359974869872,28.06130859731546]},"properties":{"substrate":"Mud","lease_number":null,"poll_year":2025}},{"type":"Feature","id":"2a9f971c-3bbc-40bf-a74a-46d874a52e4c","geometry":{"type":"Point","coordinates":[-96.95092089885965,28.066779387581068]},"properties":{"substrate":"Mud","lease_number":null,"poll_year":2025}},{"type":"Feature","id":"2aa09fa9-119a-4afb-a0b3-1d4845b76dd7","geometry":{"type":"Point","coordinates":[-96.95445171899902,28.061407078458203]},"properties":{"substrate":"Solid Reef","lease_number":null,"poll_year":2025}},{"type":"Feature","id":"2aa75bc9-dea1-4eb1-813d-832dec82d02a","geometry":{"type":"Point","coordinates":[-96.95439070722156,28.054554293277373]},"properties":{"substrate":"Solid Reef","lease_number":null,"poll_year":2025}},{"type":"Feature","id":"2aa8b326-7ae1-4b8d-b86f-c05e96397459","geometry":{"type":"Point","coordinates":[-96.95352501964688,28.069716530752146]},"properties":{"substrate":"Solid Reef","lease_number":null,"poll_year":2025}},{"type":"Feature","id":"2ac3a4b5-5261-49f9-be86-e9e3ce7f088c","geometry":{"type":"Point","coordinates":[-96.95234747832805,28.0583235856964]},"properties":{"substrate":"Solid Reef","lease_number":null,"poll_year":2025}},{"type":"Feature","id":"2ad3076c-315b-4a91-9e3b-aec42003d108","geometry":{"type":"Point","coordinates":[-96.95216834168399,28.06583047821883]},"properties":{"substrate":"Mud","lease_number":null,"poll_year":2025}},{"type":"Feature","id":"2adceab3-6a10-4b6e-a4a0-14a8c22e263e","geometry":{"type":"Point","coordinates":[-96.94825523988217,28.068904112133765]},"properties":{"substrate":"Firm/Hard Bottom","lease_number":null,"poll_year":2025}},{"type":"Feature","id":"2ae466cb-79ff-4454-802c-83e48dba74a8","geometry":{"type":"Point","coordinates":[-96.9650377780225,28.06267404177]},"properties":{"substrate":"Mud","lease_number":null,"poll_year":2025}},{"type":"Feature","id":"2b154dab-018f-458d-9bf3-89470e97d321","geometry":{"type":"Point","coordinates":[-96.94843053263514,28.06703977170561]},"properties":{"substrate":"Mud","lease_number":null,"poll_year":2025}},{"type":"Feature","id":"2b3e4a02-f3c2-405c-ad0c-6f8cac145dbb","geometry":{"type":"Point","coordinates":[-96.95016127087898,28.065460147677435]},"properties":{"substrate":"Mud","lease_number":null,"poll_year":2025}},{"type":"Feature","id":"2b80b2df-a48b-4a5d-b216-8832fc086b24","geometry":{"type":"Point","coordinates":[-96.95051099310392,28.065642744422874]},"properties":{"substrate":"Mud","lease_number":null,"poll_year":2025}},{"type":"Feature","id":"2ba0e6e3-f54e-4c70-b98d-d1686a903d45","geometry":{"type":"Point","coordinates":[-96.95738050170974,28.070850882880862]},"properties":{"substrate":"Mud","lease_number":null,"poll_year":2025}},{"type":"Feature","id":"2bd89c1e-2cf1-4bac-8978-7dca3afb1a12","geometry":{"type":"Point","coordinates":[-96.94899933239832,28.0692739155803]},"properties":{"substrate":"Firm/Hard Bottom","lease_number":null,"poll_year":2025}},{"type":"Feature","id":"2c0d07eb-9add-4c56-8708-9ff231858923","geometry":{"type":"Point","coordinates":[-96.95833486737601,28.06559151577531]},"properties":{"substrate":"Mud","lease_number":null,"poll_year":2025}},{"type":"Feature","id":"2c1b15a4-8f6e-444e-b00a-dbbc93ed2dbe","geometry":{"type":"Point","coordinates":[-96.95374590818872,28.06006256006026]},"properties":{"substrate":"Mud","lease_number":null,"poll_year":2025}},{"type":"Feature","id":"2c2d1528-8ff5-41fa-9146-6ccf83ce9aa3","geometry":{"type":"Point","coordinates":[-96.96275518583501,28.058441724640975]},"properties":{"substrate":"Mud","lease_number":null,"poll_year":2025}},{"type":"Feature","id":"2c7d3c5c-f388-46ab-a7a7-434ac1aab8d3","geometry":{"type":"Point","coordinates":[-96.94856703613412,28.07087688395272]},"properties":{"substrate":"Firm/Hard Bottom","lease_number":null,"poll_year":2025}},{"type":"Feature","id":"2c8faec9-fcce-403b-b485-3d06cc40fbc0","geometry":{"type":"Point","coordinates":[-96.9516182322686,28.058841171834388]},"properties":{"substrate":"Solid Reef","lease_number":null,"poll_year":2025}},{"type":"Feature","id":"2ca67d61-efdb-4933-8119-e47eee05e240","geometry":{"type":"Point","coordinates":[-96.95414256109906,28.061129355902693]},"properties":{"substrate":"Solid Reef","lease_number":null,"poll_year":2025}},{"type":"Feature","id":"2cdb99d0-6b99-43d7-b8bf-dec2cd2bc429","geometry":{"type":"Point","coordinates":[-96.9617353904767,28.060982345235665]},"properties":{"substrate":"Solid Reef","lease_number":null,"poll_year":2025}},{"type":"Feature","id":"2cfd4d14-06d7-493d-8b34-117e45430156","geometry":{"type":"Point","coordinates":[-96.95286762264048,28.069395078352553]},"properties":{"substrate":"Buried Shell","lease_number":null,"poll_year":2025}},{"type":"Feature","id":"2d07f298-753b-408b-87c2-d49cd69370fd","geometry":{"type":"Point","coordinates":[-96.95655162889202,28.061911952133844]},"properties":{"substrate":"Mud","lease_number":null,"poll_year":2025}},{"type":"Feature","id":"2d23b954-c0d1-4643-8ea0-9537fbf832fb","geometry":{"type":"Point","coordinates":[-96.95815734590282,28.064625461949525]},"properties":{"substrate":"Mud","lease_number":null,"poll_year":2025}},{"type":"Feature","id":"2d6edd24-2ea8-45c5-aa8d-56d3c80ed03c","geometry":{"type":"Point","coordinates":[-96.95537240053709,28.059713182780158]},"properties":{"substrate":"Solid Reef","lease_number":null,"poll_year":2025}},{"type":"Feature","id":"2d93bf3a-d40a-4b3d-b628-75b4152077b7","geometry":{"type":"Point","coordinates":[-96.9490958455958,28.066905678585517]},"properties":{"substrate":"Buried Shell","lease_number":null,"poll_year":2025}},{"type":"Feature","id":"2db0a126-d29c-44b7-b6a8-ebd4737c4a11","geometry":{"type":"Point","coordinates":[-96.95759236308129,28.062318305963142]},"properties":{"substrate":"Mud","lease_number":null,"poll_year":2025}},{"type":"Feature","id":"2dd7e850-3737-4faf-99a9-6094dece73f5","geometry":{"type":"Point","coordinates":[-96.9515637359719,28.05928457117799]},"properties":{"substrate":"Mud","lease_number":null,"poll_year":2025}},{"type":"Feature","id":"2e008bb6-9ab3-42b1-95fa-cfcf3af81ba6","geometry":{"type":"Point","coordinates":[-96.94882538442333,28.066755166654815]},"properties":{"substrate":"Buried Shell","lease_number":null,"poll_year":2025}},{"type":"Feature","id":"2e3d5a5f-65ae-45d7-ae02-779c41e88623","geometry":{"type":"Point","coordinates":[-96.95646104098213,28.061339624121025]},"properties":{"substrate":"Solid Reef","lease_number":null,"poll_year":2025}},{"type":"Feature","id":"2e942697-b6af-4580-86bc-30c7844e8298","geometry":{"type":"Point","coordinates":[-96.95657098219651,28.071918413407136]},"properties":{"substrate":"Mud","lease_number":null,"poll_year":2025}},{"type":"Feature","id":"2e9e342f-fdba-438f-bc4d-8d8c7d89d775","geometry":{"type":"Point","coordinates":[-96.95199770669578,28.063431685308547]},"properties":{"substrate":"Mud","lease_number":null,"poll_year":2025}},{"type":"Feature","id":"2ede5214-2a37-4b04-834e-e3b365851918","geometry":{"type":"Point","coordinates":[-96.9587836153863,28.061341060517645]},"properties":{"substrate":"Solid Reef","lease_number":null,"poll_year":2025}},{"type":"Feature","id":"2eeb8c85-eec2-41de-8b5b-defb5b69c363","geometry":{"type":"Point","coordinates":[-96.94518450449193,28.068546619013457]},"properties":{"substrate":"Solid Reef","lease_number":null,"poll_year":2025}},{"type":"Feature","id":"2f291e56-ccb6-4a96-b22e-20a2706b0e7b","geometry":{"type":"Point","coordinates":[-96.95032974541893,28.067148452437227]},"properties":{"substrate":"Buried Shell","lease_number":null,"poll_year":2025}},{"type":"Feature","id":"2f575710-1b4c-446c-ba87-5c1fa4a3836a","geometry":{"type":"Point","coordinates":[-96.94763503941675,28.069794120215974]},"properties":{"substrate":"Firm/Hard Bottom","lease_number":null,"poll_year":2025}},{"type":"Feature","id":"2f6284c1-e5b7-457d-89aa-6136d703f908","geometry":{"type":"Point","coordinates":[-96.9465208607665,28.067415513107495]},"properties":{"substrate":"Firm/Hard Bottom","lease_number":null,"poll_year":2025}},{"type":"Feature","id":"2f73c5e5-8d59-416c-b6b9-2ed51a40bcc1","geometry":{"type":"Point","coordinates":[-96.95146758030388,28.068183417531092]},"properties":{"substrate":"Buried Shell","lease_number":null,"poll_year":2025}},{"type":"Feature","id":"2f878ffa-d9e2-4fb7-9145-70fc85eeb800","geometry":{"type":"Point","coordinates":[-96.9530868879266,28.065170482697443]},"properties":{"substrate":"Mud","lease_number":null,"poll_year":2025}},{"type":"Feature","id":"2f9605aa-1e59-41de-9ea0-baf1709158a2","geometry":{"type":"Point","coordinates":[-96.96033947140725,28.062639356229084]},"properties":{"substrate":"Solid Reef","lease_number":null,"poll_year":2025}},{"type":"Feature","id":"2fb0e72f-4e49-4f37-b546-d1a6bc85046f","geometry":{"type":"Point","coordinates":[-96.95450619283787,28.071933356167275]},"properties":{"substrate":"Buried Shell","lease_number":null,"poll_year":2025}},{"type":"Feature","id":"2ff4298f-7983-4a27-9e25-bdf8bab3c999","geometry":{"type":"Point","coordinates":[-96.95266493216967,28.06096392092884]},"properties":{"substrate":"Mud","lease_number":null,"poll_year":2025}},{"type":"Feature","id":"30037a29-11ef-46fd-8d05-116812920200","geometry":{"type":"Point","coordinates":[-96.95162759630713,28.05695883829061]},"properties":{"substrate":"Solid Reef","lease_number":null,"poll_year":2025}},{"type":"Feature","id":"303ca8d1-8ea9-4af6-864f-9e00e708a19b","geometry":{"type":"Point","coordinates":[-96.96019387605926,28.0715873164384]},"properties":{"substrate":"Buried Shell","lease_number":null,"poll_year":2025}},{"type":"Feature","id":"30624ce0-5e9c-4e51-9786-90f9bb4b842d","geometry":{"type":"Point","coordinates":[-96.95856767835829,28.069022987715872]},"properties":{"substrate":"Mud","lease_number":null,"poll_year":2025}},{"type":"Feature","id":"306be934-b830-4b88-92ae-02a5b3ba9768","geometry":{"type":"Point","coordinates":[-96.96211682233286,28.058709244536022]},"properties":{"substrate":"Mud","lease_number":null,"poll_year":2025}},{"type":"Feature","id":"3079ca58-f004-4143-a713-ea2a28faee9c","geometry":{"type":"Point","coordinates":[-96.95506160680499,28.061959965723208]},"properties":{"substrate":"Mud","lease_number":null,"poll_year":2025}},{"type":"Feature","id":"307f5697-9849-4a16-83f0-c3a0313a4bd6","geometry":{"type":"Point","coordinates":[-96.9579059128447,28.062592039730145]},"properties":{"substrate":"Mud","lease_number":null,"poll_year":2025}},{"type":"Feature","id":"308e5360-bfd9-4288-bfad-d64630538102","geometry":{"type":"Point","coordinates":[-96.95543930795777,28.063619062290158]},"properties":{"substrate":"Mud","lease_number":null,"poll_year":2025}},{"type":"Feature","id":"30a40769-1504-4d1e-adb4-42aecb96373a","geometry":{"type":"Point","coordinates":[-96.95867755848724,28.069996489374297]},"properties":{"substrate":"Mud","lease_number":null,"poll_year":2025}},{"type":"Feature","id":"30ab7c6c-e9bb-48f1-bfff-2afacbcf1f11","geometry":{"type":"Point","coordinates":[-96.95330523782948,28.060364340480255]},"properties":{"substrate":"Mud","lease_number":null,"poll_year":2025}},{"type":"Feature","id":"30b1ba76-a4d1-4cb2-b21b-09f1275ecfe1","geometry":{"type":"Point","coordinates":[-96.95419407678565,28.067490008071765]},"properties":{"substrate":"Buried Shell","lease_number":null,"poll_year":2025}},{"type":"Feature","id":"30c1f304-2b98-4e2b-a1c6-0e9a255c3143","geometry":{"type":"Point","coordinates":[-96.94588409985882,28.06064009986327]},"properties":{"substrate":"Scattered Shell","lease_number":null,"poll_year":2025}},{"type":"Feature","id":"3147c649-5443-4979-8361-4d9cb78ae8b9","geometry":{"type":"Point","coordinates":[-96.96445630033571,28.061296250007825]},"properties":{"substrate":"Mud","lease_number":null,"poll_year":2025}},{"type":"Feature","id":"314b6a34-00d7-44dd-911c-9206bd40316c","geometry":{"type":"Point","coordinates":[-96.94352749996665,28.062144500243814]},"properties":{"substrate":"Firm/Hard Bottom","lease_number":null,"poll_year":2025}},{"type":"Feature","id":"314ce4de-ad53-43bf-bfbf-143700ba6492","geometry":{"type":"Point","coordinates":[-96.96292233805487,28.060142816870307]},"properties":{"substrate":"Mud","lease_number":null,"poll_year":2025}},{"type":"Feature","id":"315836e0-e237-4c63-bd75-a9d882e8759c","geometry":{"type":"Point","coordinates":[-96.96287978935143,28.062625659892323]},"properties":{"substrate":"Solid Reef","lease_number":null,"poll_year":2025}},{"type":"Feature","id":"316104b3-ab6e-498a-8358-6f39ce5fa5e8","geometry":{"type":"Point","coordinates":[-96.962655861809,28.070304484788593]},"properties":{"substrate":"Buried Shell","lease_number":null,"poll_year":2025}},{"type":"Feature","id":"3171b98f-6b36-432a-8270-d9931d33c30a","geometry":{"type":"Point","coordinates":[-96.94989109447242,28.067838264607055]},"properties":{"substrate":"Buried Shell","lease_number":null,"poll_year":2025}},{"type":"Feature","id":"31797512-24c7-44e4-b802-c47cef57a5e1","geometry":{"type":"Point","coordinates":[-96.96215650990213,28.059578096744858]},"properties":{"substrate":"Solid Reef","lease_number":null,"poll_year":2025}},{"type":"Feature","id":"318c361c-74a6-4f45-870d-819356c0145c","geometry":{"type":"Point","coordinates":[-96.95307735141157,28.070607858992354]},"properties":{"substrate":"Buried Shell","lease_number":null,"poll_year":2025}},{"type":"Feature","id":"31aaac26-713e-4734-acfa-ae3b31c3bb88","geometry":{"type":"Point","coordinates":[-96.95603075335094,28.07166542135063]},"properties":{"substrate":"Mud","lease_number":null,"poll_year":2025}},{"type":"Feature","id":"31f50c63-68e8-48b5-b2df-75f6bc6b0e66","geometry":{"type":"Point","coordinates":[-96.94636853434207,28.067589796999716]},"properties":{"substrate":"Firm/Hard Bottom","lease_number":null,"poll_year":2025}},{"type":"Feature","id":"320a85c1-4ca4-4f9f-b173-77e9fdc4b8de","geometry":{"type":"Point","coordinates":[-96.96098995228427,28.070318364040762]},"properties":{"substrate":"Buried Shell","lease_number":null,"poll_year":2025}},{"type":"Feature","id":"32339b57-4a0a-4bde-b757-8e12f6ac2719","geometry":{"type":"Point","coordinates":[-96.9581468472921,28.0654288359028]},"properties":{"substrate":"Mud","lease_number":null,"poll_year":2025}},{"type":"Feature","id":"32552cae-a67c-4c89-b51a-222b2dcaac0d","geometry":{"type":"Point","coordinates":[-96.9521174449366,28.07130926350454]},"properties":{"substrate":"Buried Shell","lease_number":null,"poll_year":2025}},{"type":"Feature","id":"3258e92c-b08b-4ed5-b2dd-2a1adc1c37d5","geometry":{"type":"Point","coordinates":[-96.9585181659148,28.057733741221554]},"properties":{"substrate":"Solid Reef","lease_number":null,"poll_year":2025}},{"type":"Feature","id":"325a6985-3dcd-4b47-88ef-e7bba34e4de4","geometry":{"type":"Point","coordinates":[-96.95287237742329,28.06059898392372]},"properties":{"substrate":"Mud","lease_number":null,"poll_year":2025}},{"type":"Feature","id":"32834802-dabf-4c03-afee-722af5ef87f5","geometry":{"type":"Point","coordinates":[-96.96330133817156,28.061329192805346]},"properties":{"substrate":"Solid Reef","lease_number":null,"poll_year":2025}},{"type":"Feature","id":"3288a3e8-8256-4b8a-ab10-5d3394143446","geometry":{"type":"Point","coordinates":[-96.94830258738585,28.06493148073732]},"properties":{"substrate":"Mud","lease_number":null,"poll_year":2025}},{"type":"Feature","id":"32913ad1-8b1c-4101-baef-0e5067c0df07","geometry":{"type":"Point","coordinates":[-96.95313889229674,28.055121939708222]},"properties":{"substrate":"Solid Reef","lease_number":null,"poll_year":2025}},{"type":"Feature","id":"3291ff60-383e-4116-97f3-169e61e5c589","geometry":{"type":"Point","coordinates":[-96.95983673375007,28.056353043330425]},"properties":{"substrate":"Mud","lease_number":null,"poll_year":2025}},{"type":"Feature","id":"32b81803-44bf-47bc-abab-ab90d129a17f","geometry":{"type":"Point","coordinates":[-96.94551509978788,28.065357699695944]},"properties":{"substrate":"Scattered Shell","lease_number":null,"poll_year":2025}},{"type":"Feature","id":"32bdf44e-5aaa-4c3c-845a-788cbfc3b171","geometry":{"type":"Point","coordinates":[-96.95517868513429,28.05884757710706]},"properties":{"substrate":"Solid Reef","lease_number":null,"poll_year":2025}},{"type":"Feature","id":"32f2b1be-c437-4377-83a5-622d0dc793a2","geometry":{"type":"Point","coordinates":[-96.94816624378699,28.070356488775772]},"properties":{"substrate":"Firm/Hard Bottom","lease_number":null,"poll_year":2025}},{"type":"Feature","id":"332aa494-c36d-4d7a-8e74-e1e23db1e7d0","geometry":{"type":"Point","coordinates":[-96.94513069989802,28.06593719987727]},"properties":{"substrate":"Firm/Hard Bottom","lease_number":null,"poll_year":2025}},{"type":"Feature","id":"333fb4fc-7542-418d-98f7-3c7fd866c171","geometry":{"type":"Point","coordinates":[-96.95405013164284,28.064783254531626]},"properties":{"substrate":"Mud","lease_number":null,"poll_year":2025}},{"type":"Feature","id":"334a2f4a-0544-4051-a474-8fa19fadbf63","geometry":{"type":"Point","coordinates":[-96.9549745214264,28.06987996269968]},"properties":{"substrate":"Buried Shell","lease_number":null,"poll_year":2025}},{"type":"Feature","id":"335e235b-8a90-4142-9325-b145e367d657","geometry":{"type":"Point","coordinates":[-96.95446118185222,28.060701438819688]},"properties":{"substrate":"Solid Reef","lease_number":null,"poll_year":2025}},{"type":"Feature","id":"336304dd-2e08-4f2d-be96-2ca080e858b6","geometry":{"type":"Point","coordinates":[-96.9521550834487,28.05621670052567]},"properties":{"substrate":"Solid Reef","lease_number":null,"poll_year":2025}},{"type":"Feature","id":"3371fb81-57d2-4527-b3ff-3e0015c229ad","geometry":{"type":"Point","coordinates":[-96.94997550017652,28.071255139665922]},"properties":{"substrate":"Mud","lease_number":null,"poll_year":2025}},{"type":"Feature","id":"33a39f87-178c-4836-b1dd-8e961bc05804","geometry":{"type":"Point","coordinates":[-96.949719276403,28.07146174114094]},"properties":{"substrate":"Firm/Hard Bottom","lease_number":null,"poll_year":2025}},{"type":"Feature","id":"34202627-bd98-4f71-abfd-39bfe374f957","geometry":{"type":"Point","coordinates":[-96.95742660684338,28.06020243907523]},"properties":{"substrate":"Solid Reef","lease_number":null,"poll_year":2025}},{"type":"Feature","id":"3432e343-123c-4a74-8fad-b4888973cd25","geometry":{"type":"Point","coordinates":[-96.94652645188081,28.0689477931054]},"properties":{"substrate":"Firm/Hard Bottom","lease_number":null,"poll_year":2025}},{"type":"Feature","id":"34464c7f-02d6-4dcb-9096-e279018cf784","geometry":{"type":"Point","coordinates":[-96.95832473078636,28.057579849674315]},"properties":{"substrate":"Solid Reef","lease_number":null,"poll_year":2025}},{"type":"Feature","id":"345af17f-b69a-499a-bf5d-f78e19274584","geometry":{"type":"Point","coordinates":[-96.95950477481156,28.06267948288684]},"properties":{"substrate":"Solid Reef","lease_number":null,"poll_year":2025}},{"type":"Feature","id":"345cff50-5b15-4015-9683-21dff083da6f","geometry":{"type":"Point","coordinates":[-96.94893169734226,28.065273602261048]},"properties":{"substrate":"Mud","lease_number":null,"poll_year":2025}},{"type":"Feature","id":"34811fed-2d2e-442d-b185-7a98fecbb517","geometry":{"type":"Point","coordinates":[-96.95540829541922,28.05734971748147]},"properties":{"substrate":"Solid Reef","lease_number":null,"poll_year":2025}},{"type":"Feature","id":"3486c671-b5f6-4549-9d0e-ebce35cfb582","geometry":{"type":"Point","coordinates":[-96.96284319647833,28.06184550961103]},"properties":{"substrate":"Solid Reef","lease_number":null,"poll_year":2025}},{"type":"Feature","id":"34a9f904-6a72-42b2-8a78-d5a475857ae4","geometry":{"type":"Point","coordinates":[-96.95814690658091,28.0661917511431]},"properties":{"substrate":"Mud","lease_number":null,"poll_year":2025}},{"type":"Feature","id":"34b90512-e8a5-48f0-960b-27a2ec1a057b","geometry":{"type":"Point","coordinates":[-96.95057572749992,28.067715760473156]},"properties":{"substrate":"Buried Shell","lease_number":null,"poll_year":2025}},{"type":"Feature","id":"34ce64dc-e6bf-44b4-a156-f4f24f878bee","geometry":{"type":"Point","coordinates":[-96.95953987378633,28.061981031164514]},"properties":{"substrate":"Solid Reef","lease_number":null,"poll_year":2025}},{"type":"Feature","id":"34cf6ca1-a559-4c81-91c7-543aa8bb2144","geometry":{"type":"Point","coordinates":[-96.95380141329349,28.071594940028195]},"properties":{"substrate":"Buried Shell","lease_number":null,"poll_year":2025}},{"type":"Feature","id":"34e9ea79-3999-406a-b639-7dadf5a4b8dd","geometry":{"type":"Point","coordinates":[-96.95316511950976,28.058338963180642]},"properties":{"substrate":"Solid Reef","lease_number":null,"poll_year":2025}},{"type":"Feature","id":"35016aa1-1758-4e52-96ac-5db1202b394b","geometry":{"type":"Point","coordinates":[-96.94841216029094,28.07018656021678]},"properties":{"substrate":"Firm/Hard Bottom","lease_number":null,"poll_year":2025}},{"type":"Feature","id":"3518b0a8-1cb5-41eb-81c3-77f6557161b7","geometry":{"type":"Point","coordinates":[-96.9494006493616,28.070340380605273]},"properties":{"substrate":"Firm/Hard Bottom","lease_number":null,"poll_year":2025}},{"type":"Feature","id":"3547fd98-5531-43d2-ac37-640f926f4055","geometry":{"type":"Point","coordinates":[-96.95265491236098,28.069573013162564]},"properties":{"substrate":"Buried Shell","lease_number":null,"poll_year":2025}},{"type":"Feature","id":"3559e11d-47a9-4260-8ca8-ec25bdd05f62","geometry":{"type":"Point","coordinates":[-96.94972102003295,28.06925384317997]},"properties":{"substrate":"Mud","lease_number":null,"poll_year":2025}},{"type":"Feature","id":"357300b6-4ef4-4a7d-bb58-4c6835019ace","geometry":{"type":"Point","coordinates":[-96.95495314781084,28.061149154748602]},"properties":{"substrate":"Solid Reef","lease_number":null,"poll_year":2025}},{"type":"Feature","id":"358c349f-7267-40ea-ab49-61aaca97fd90","geometry":{"type":"Point","coordinates":[-96.950057166019,28.07065699266653]},"properties":{"substrate":"Mud","lease_number":null,"poll_year":2025}},{"type":"Feature","id":"35be4c51-f91b-42d5-a0ca-ee06ce17cfb3","geometry":{"type":"Point","coordinates":[-96.94960242085588,28.07078422315203]},"properties":{"substrate":"Mud","lease_number":null,"poll_year":2025}},{"type":"Feature","id":"35fe4dc4-096f-43bf-8149-13e175129dbc","geometry":{"type":"Point","coordinates":[-96.95585544263167,28.063430153816128]},"properties":{"substrate":"Mud","lease_number":null,"poll_year":2025}},{"type":"Feature","id":"36195172-690c-4d73-984d-334b7140e10f","geometry":{"type":"Point","coordinates":[-96.9514639187708,28.06930414743156]},"properties":{"substrate":"Mud","lease_number":null,"poll_year":2025}},{"type":"Feature","id":"36447867-df9d-4b25-aaac-0a7ff16c9e42","geometry":{"type":"Point","coordinates":[-96.96448355432311,28.064419282516685]},"properties":{"substrate":"Solid Reef","lease_number":null,"poll_year":2025}},{"type":"Feature","id":"36773026-1469-4a31-a607-3ebee7db7d35","geometry":{"type":"Point","coordinates":[-96.96011452697189,28.058965843105387]},"properties":{"substrate":"Solid Reef","lease_number":null,"poll_year":2025}},{"type":"Feature","id":"36bb66eb-063b-4be1-a924-ff62a7f3e54e","geometry":{"type":"Point","coordinates":[-96.94668887357238,28.069026972400955]},"properties":{"substrate":"Firm/Hard Bottom","lease_number":null,"poll_year":2025}},{"type":"Feature","id":"36bd0109-763b-47dd-be22-7a3ca66ab386","geometry":{"type":"Point","coordinates":[-96.9596408758653,28.060114682363327]},"properties":{"substrate":"Solid Reef","lease_number":null,"poll_year":2025}},{"type":"Feature","id":"36cef105-e678-4661-af25-bbe0d4a59303","geometry":{"type":"Point","coordinates":[-96.95472055601748,28.060351961355288]},"properties":{"substrate":"Solid Reef","lease_number":null,"poll_year":2025}},{"type":"Feature","id":"3754a171-8d77-4aea-a199-b882e724f0d7","geometry":{"type":"Point","coordinates":[-96.95451323203642,28.053990021039255]},"properties":{"substrate":"Solid Reef","lease_number":null,"poll_year":2025}},{"type":"Feature","id":"376fb166-28bc-4b4a-950c-ccb411c48f98","geometry":{"type":"Point","coordinates":[-96.94741470154219,28.067041441071396]},"properties":{"substrate":"Mud","lease_number":null,"poll_year":2025}},{"type":"Feature","id":"3776c65e-cef6-4e7f-aa64-5ed5249b8c7e","geometry":{"type":"Point","coordinates":[-96.96143640330237,28.057492201805143]},"properties":{"substrate":"Mud","lease_number":null,"poll_year":2025}},{"type":"Feature","id":"379cd9f9-26d3-40b0-b5b9-f0491abdfec4","geometry":{"type":"Point","coordinates":[-96.9630524724985,28.062005167554272]},"properties":{"substrate":"Solid Reef","lease_number":null,"poll_year":2025}},{"type":"Feature","id":"37ae0f86-ee35-4e62-877b-3b5c4aba6ea7","geometry":{"type":"Point","coordinates":[-96.95027911277626,28.058065090158518]},"properties":{"substrate":"Solid Reef","lease_number":null,"poll_year":2025}},{"type":"Feature","id":"37b6fb77-58c4-43fa-ac06-862017e4f462","geometry":{"type":"Point","coordinates":[-96.9507490349761,28.062892597835923]},"properties":{"substrate":"Mud","lease_number":null,"poll_year":2025}},{"type":"Feature","id":"37c6d9fd-ba4d-41df-bfc4-3a77199debee","geometry":{"type":"Point","coordinates":[-96.95227600117752,28.059992776650972]},"properties":{"substrate":"Mud","lease_number":null,"poll_year":2025}},{"type":"Feature","id":"37ce907b-7f13-4b7c-92b7-ca1539af5a63","geometry":{"type":"Point","coordinates":[-96.95347129679963,28.067113595538235]},"properties":{"substrate":"Buried Shell","lease_number":null,"poll_year":2025}},{"type":"Feature","id":"37e61942-fd39-45c8-9452-8266121611c3","geometry":{"type":"Point","coordinates":[-96.95200470547015,28.07038412995321]},"properties":{"substrate":"Mud","lease_number":null,"poll_year":2025}},{"type":"Feature","id":"37f45b06-71de-47d8-a03d-6e690d5bbb55","geometry":{"type":"Point","coordinates":[-96.95607818978783,28.064251941426825]},"properties":{"substrate":"Mud","lease_number":null,"poll_year":2025}},{"type":"Feature","id":"37fa82c1-cbca-4fc7-82ab-d4ff1b78d87e","geometry":{"type":"Point","coordinates":[-96.94773874632304,28.068653566260217]},"properties":{"substrate":"Firm/Hard Bottom","lease_number":null,"poll_year":2025}},{"type":"Feature","id":"3847bf1b-0ebf-4902-9222-1994cce3f216","geometry":{"type":"Point","coordinates":[-96.95064417912457,28.062595396832055]},"properties":{"substrate":"Mud","lease_number":null,"poll_year":2025}},{"type":"Feature","id":"385302b5-2509-4737-86e1-0040593fbbba","geometry":{"type":"Point","coordinates":[-96.95591520754753,28.06020671501628]},"properties":{"substrate":"Solid Reef","lease_number":null,"poll_year":2025}},{"type":"Feature","id":"385de03c-280b-4fa5-8fd4-abf2fb207859","geometry":{"type":"Point","coordinates":[-96.95602849857957,28.060979014243003]},"properties":{"substrate":"Solid Reef","lease_number":null,"poll_year":2025}},{"type":"Feature","id":"386a1056-c2af-49b3-a2e8-c2d2d6bb2939","geometry":{"type":"Point","coordinates":[-96.9538730656155,28.066764213436173]},"properties":{"substrate":"Mud","lease_number":null,"poll_year":2025}},{"type":"Feature","id":"38c46f33-890d-4873-a136-f1a937d12a67","geometry":{"type":"Point","coordinates":[-96.95629338750236,28.056828195309908]},"properties":{"substrate":"Solid Reef","lease_number":null,"poll_year":2025}},{"type":"Feature","id":"38c6fd39-ac04-4a8e-b823-f0826f994535","geometry":{"type":"Point","coordinates":[-96.95227733517572,28.060591233511477]},"properties":{"substrate":"Mud","lease_number":null,"poll_year":2025}},{"type":"Feature","id":"38c82e9d-948f-4331-83a9-d784be5f32e5","geometry":{"type":"Point","coordinates":[-96.94354870020734,28.063928200024982]},"properties":{"substrate":"Solid Reef","lease_number":null,"poll_year":2025}},{"type":"Feature","id":"38d44ed1-630c-4341-9f9e-11f5f29f3e8e","geometry":{"type":"Point","coordinates":[-96.96372825083223,28.063815396400134]},"properties":{"substrate":"Solid Reef","lease_number":null,"poll_year":2025}},{"type":"Feature","id":"38fe8cfb-0a62-4597-89d3-b7569b61c887","geometry":{"type":"Point","coordinates":[-96.9541125411989,28.06951609593266]},"properties":{"substrate":"Solid Reef","lease_number":null,"poll_year":2025}},{"type":"Feature","id":"394b0215-2afe-4cb8-b641-4bf69a4ff7d1","geometry":{"type":"Point","coordinates":[-96.95879208290617,28.065983288628807]},"properties":{"substrate":"Mud","lease_number":null,"poll_year":2025}},{"type":"Feature","id":"3958c65b-e182-4a90-b1a2-686a8dac5574","geometry":{"type":"Point","coordinates":[-96.9492593901815,28.068381146312635]},"properties":{"substrate":"Buried Shell","lease_number":null,"poll_year":2025}},{"type":"Feature","id":"396cbcb7-3722-468d-b674-b583559dde08","geometry":{"type":"Point","coordinates":[-96.94860781695309,28.068051749011623]},"properties":{"substrate":"Mud","lease_number":null,"poll_year":2025}},{"type":"Feature","id":"3971b7cc-7ec3-41dd-9e40-62489b3ab165","geometry":{"type":"Point","coordinates":[-96.94702409249709,28.06918913080742]},"properties":{"substrate":"Firm/Hard Bottom","lease_number":null,"poll_year":2025}},{"type":"Feature","id":"39782fa2-c6f0-41d1-ae24-dfc381da64e9","geometry":{"type":"Point","coordinates":[-96.94901328323466,28.068183012480386]},"properties":{"substrate":"Buried Shell","lease_number":null,"poll_year":2025}},{"type":"Feature","id":"399145ba-0085-4d3d-a14a-8f00eedb1c1b","geometry":{"type":"Point","coordinates":[-96.9570117953879,28.059219142516888]},"properties":{"substrate":"Solid Reef","lease_number":null,"poll_year":2025}},{"type":"Feature","id":"39c0a28e-5498-4f3a-b63d-196c7d8ea9ed","geometry":{"type":"Point","coordinates":[-96.95314863901756,28.062051183477585]},"properties":{"substrate":"Mud","lease_number":null,"poll_year":2025}},{"type":"Feature","id":"39e54f31-0bc4-40bf-ac31-dc3ed33fc376","geometry":{"type":"Point","coordinates":[-96.96035166154566,28.06981943669328]},"properties":{"substrate":"Mud","lease_number":null,"poll_year":2025}},{"type":"Feature","id":"39ed15bf-d37d-4ddc-9b44-2f9b89db16a4","geometry":{"type":"Point","coordinates":[-96.94652146263773,28.066956469051682]},"properties":{"substrate":"Firm/Hard Bottom","lease_number":null,"poll_year":2025}},{"type":"Feature","id":"3a1658ab-375c-48ea-be2c-b78a29379b05","geometry":{"type":"Point","coordinates":[-96.95428309444041,28.071510300554454]},"properties":{"substrate":"Buried Shell","lease_number":null,"poll_year":2025}},{"type":"Feature","id":"3a5d8bcf-ce71-446b-9892-cd8f5c283254","geometry":{"type":"Point","coordinates":[-96.95621734331691,28.071758158277056]},"properties":{"substrate":"Mud","lease_number":null,"poll_year":2025}},{"type":"Feature","id":"3a921e70-3e20-413f-be11-09251d6bee96","geometry":{"type":"Point","coordinates":[-96.94988007394052,28.063735709902577]},"properties":{"substrate":"Mud","lease_number":null,"poll_year":2025}},{"type":"Feature","id":"3aaa0ce3-f859-4650-bee3-caf98b47fa61","geometry":{"type":"Point","coordinates":[-96.94746486436595,28.069708398939362]},"properties":{"substrate":"Firm/Hard Bottom","lease_number":null,"poll_year":2025}},{"type":"Feature","id":"3ad8fb48-ed69-4969-b79e-e2e389df9500","geometry":{"type":"Point","coordinates":[-96.94703699230455,28.06625567502177]},"properties":{"substrate":"Mud","lease_number":null,"poll_year":2025}},{"type":"Feature","id":"3b00a381-17e9-4be9-906b-907245b3a382","geometry":{"type":"Point","coordinates":[-96.95185234760469,28.069658170178986]},"properties":{"substrate":"Buried Shell","lease_number":null,"poll_year":2025}},{"type":"Feature","id":"3b1c2d34-d94e-4c5e-ab88-6076507040ec","geometry":{"type":"Point","coordinates":[-96.94965680845644,28.058093401189634]},"properties":{"substrate":"Solid Reef","lease_number":null,"poll_year":2025}},{"type":"Feature","id":"3b326c1b-951b-4277-8d41-f3aefdf6e555","geometry":{"type":"Point","coordinates":[-96.95902197616041,28.07013910753485]},"properties":{"substrate":"Mud","lease_number":null,"poll_year":2025}},{"type":"Feature","id":"3b56718c-bc2f-48cf-8590-fddc93f4bd8f","geometry":{"type":"Point","coordinates":[-96.95469265434475,28.05797080270994]},"properties":{"substrate":"Solid Reef","lease_number":null,"poll_year":2025}},{"type":"Feature","id":"3b88e71d-6034-44be-998f-b869c3877eff","geometry":{"type":"Point","coordinates":[-96.95371921564836,28.059496357113733]},"properties":{"substrate":"Solid Reef","lease_number":null,"poll_year":2025}},{"type":"Feature","id":"3b945e0e-453d-4d6d-94e2-f434a5238a08","geometry":{"type":"Point","coordinates":[-96.9586644152363,28.0682413952567]},"properties":{"substrate":"Solid Reef","lease_number":null,"poll_year":2025}},{"type":"Feature","id":"3b995b10-3fa4-4588-8ed2-a47a691dcba1","geometry":{"type":"Point","coordinates":[-96.96165965531172,28.061679109424933]},"properties":{"substrate":"Solid Reef","lease_number":null,"poll_year":2025}},{"type":"Feature","id":"3bc89cda-a772-4332-9908-dfadf5a57e38","geometry":{"type":"Point","coordinates":[-96.9519957160291,28.05608594882877]},"properties":{"substrate":"Solid Reef","lease_number":null,"poll_year":2025}},{"type":"Feature","id":"3bd18c2d-0cd0-4cdf-bd19-e5c50ca98900","geometry":{"type":"Point","coordinates":[-96.95049396913097,28.057076574435186]},"properties":{"substrate":"Solid Reef","lease_number":null,"poll_year":2025}},{"type":"Feature","id":"3be79758-aa5a-4ec1-9d9f-b52c18e3aa8b","geometry":{"type":"Point","coordinates":[-96.94768047800045,28.067186442750415]},"properties":{"substrate":"Mud","lease_number":null,"poll_year":2025}},{"type":"Feature","id":"3c2407af-26e2-49cc-b6ae-41d627b2ab64","geometry":{"type":"Point","coordinates":[-96.95185700177619,28.06386683120234]},"properties":{"substrate":"Mud","lease_number":null,"poll_year":2025}},{"type":"Feature","id":"3c26bf07-9e85-491f-8d1d-612a89621bc9","geometry":{"type":"Point","coordinates":[-96.95171595100521,28.068320799396133]},"properties":{"substrate":"Mud","lease_number":null,"poll_year":2025}},{"type":"Feature","id":"3c27554e-9980-4a6e-9790-b79372d17522","geometry":{"type":"Point","coordinates":[-96.95595213908548,28.065931653499007]},"properties":{"substrate":"Solid Reef","lease_number":null,"poll_year":2025}},{"type":"Feature","id":"3c697df1-388b-4214-995a-be877b58f613","geometry":{"type":"Point","coordinates":[-96.94944556243085,28.067898918555876]},"properties":{"substrate":"Buried Shell","lease_number":null,"poll_year":2025}},{"type":"Feature","id":"3cac5678-cd14-49d1-bafc-d2ddae12d044","geometry":{"type":"Point","coordinates":[-96.95568386261579,28.07073995082193]},"properties":{"substrate":"Mud","lease_number":null,"poll_year":2025}},{"type":"Feature","id":"3cadb948-5980-4256-a928-672fac9e6c0d","geometry":{"type":"Point","coordinates":[-96.95375160440594,28.06601382262391]},"properties":{"substrate":"Mud","lease_number":null,"poll_year":2025}},{"type":"Feature","id":"3cbd482c-3db1-43c7-a1af-56fc10b19ce2","geometry":{"type":"Point","coordinates":[-96.9488898115955,28.06374652861282]},"properties":{"substrate":"Mud","lease_number":null,"poll_year":2025}},{"type":"Feature","id":"3ccee81a-c75a-4758-8ea3-43a9fa40d7d4","geometry":{"type":"Point","coordinates":[-96.95532576629576,28.070791436209415]},"properties":{"substrate":"Mud","lease_number":null,"poll_year":2025}},{"type":"Feature","id":"3cec44a5-be3b-443d-8e6c-25e45dc6496e","geometry":{"type":"Point","coordinates":[-96.94703415991647,28.065308346403075]},"properties":{"substrate":"Mud","lease_number":null,"poll_year":2025}},{"type":"Feature","id":"3d1d103c-3f27-4954-ac88-1f64aa186e08","geometry":{"type":"Point","coordinates":[-96.95304631821175,28.070309774123437]},"properties":{"substrate":"Buried Shell","lease_number":null,"poll_year":2025}},{"type":"Feature","id":"3d263b28-3f76-47a1-8152-2ee5efbd213e","geometry":{"type":"Point","coordinates":[-96.95653191536312,28.064702696001632]},"properties":{"substrate":"Mud","lease_number":null,"poll_year":2025}},{"type":"Feature","id":"3d4dc00c-08cf-41f4-bb43-406123850131","geometry":{"type":"Point","coordinates":[-96.95870883333384,28.06802869675895]},"properties":{"substrate":"Buried Shell","lease_number":null,"poll_year":2025}},{"type":"Feature","id":"3d64ad63-508c-4f80-87c0-fa92b74f32d7","geometry":{"type":"Point","coordinates":[-96.94691695402642,28.06652671079857]},"properties":{"substrate":"Mud","lease_number":null,"poll_year":2025}},{"type":"Feature","id":"3d931f7b-980d-4e41-b738-a65a6e816841","geometry":{"type":"Point","coordinates":[-96.9615130816984,28.071622260661456]},"properties":{"substrate":"Mud","lease_number":null,"poll_year":2025}},{"type":"Feature","id":"3dbc9f75-ae34-460f-8baa-5da0a53b00c6","geometry":{"type":"Point","coordinates":[-96.9512609884498,28.07124514922813]},"properties":{"substrate":"Buried Shell","lease_number":null,"poll_year":2025}},{"type":"Feature","id":"3dd19beb-34e6-431f-b511-657529e7c51e","geometry":{"type":"Point","coordinates":[-96.95016100318101,28.0686163580282]},"properties":{"substrate":"Buried Shell","lease_number":null,"poll_year":2025}},{"type":"Feature","id":"3dd396a5-5bbb-4974-8f62-ae9537622272","geometry":{"type":"Point","coordinates":[-96.95433159807587,28.06962190000249]},"properties":{"substrate":"Solid Reef","lease_number":null,"poll_year":2025}},{"type":"Feature","id":"3de00974-7db2-4ab1-8dd7-28b579c3aa51","geometry":{"type":"Point","coordinates":[-96.96452952740441,28.05973536878253]},"properties":{"substrate":"Mud","lease_number":null,"poll_year":2025}},{"type":"Feature","id":"3df5e509-3a0f-47db-bfe4-ea962d680e6d","geometry":{"type":"Point","coordinates":[-96.94994195438888,28.059345812609713]},"properties":{"substrate":"Mud","lease_number":null,"poll_year":2025}},{"type":"Feature","id":"3e10a6ae-676f-4f37-81d4-7eb9e936f308","geometry":{"type":"Point","coordinates":[-96.95937218527226,28.0693947676322]},"properties":{"substrate":"Mud","lease_number":null,"poll_year":2025}},{"type":"Feature","id":"3e3e5297-0cf0-49f3-b391-d29444b48c85","geometry":{"type":"Point","coordinates":[-96.96023807496788,28.070195776335915]},"properties":{"substrate":"Mud","lease_number":null,"poll_year":2025}},{"type":"Feature","id":"3e4f46b3-d05f-4d0e-a2ff-2c209eb1b3fc","geometry":{"type":"Point","coordinates":[-96.95901263996966,28.061529426485162]},"properties":{"substrate":"Solid Reef","lease_number":null,"poll_year":2025}},{"type":"Feature","id":"3e7dc837-2480-476b-a012-4a640e830fd0","geometry":{"type":"Point","coordinates":[-96.96184377670731,28.05778194217841]},"properties":{"substrate":"Mud","lease_number":null,"poll_year":2025}},{"type":"Feature","id":"3e9daf44-6b27-401f-9b4a-0a54e437e733","geometry":{"type":"Point","coordinates":[-96.95667679744876,28.06484436996364]},"properties":{"substrate":"Mud","lease_number":null,"poll_year":2025}},{"type":"Feature","id":"3ebd69c3-22cc-42a3-a7e4-7a44ad1fe7a8","geometry":{"type":"Point","coordinates":[-96.94973774846017,28.071944280265303]},"properties":{"substrate":"Mud","lease_number":null,"poll_year":2025}},{"type":"Feature","id":"3ef9d3ae-e5ca-4575-ba1f-883bc5043fce","geometry":{"type":"Point","coordinates":[-96.95717154638812,28.05935375415922]},"properties":{"substrate":"Solid Reef","lease_number":null,"poll_year":2025}},{"type":"Feature","id":"3f26080e-82e2-423f-8f3a-95a961273d4a","geometry":{"type":"Point","coordinates":[-96.94783615783582,28.06765218940713]},"properties":{"substrate":"Firm/Hard Bottom","lease_number":null,"poll_year":2025}},{"type":"Feature","id":"3f476ab4-5c22-4ad1-ba78-68d2fed7fb95","geometry":{"type":"Point","coordinates":[-96.95904415197153,28.06018820813339]},"properties":{"substrate":"Solid Reef","lease_number":null,"poll_year":2025}},{"type":"Feature","id":"3f7ef418-11a0-48b5-a9fe-2331075a144e","geometry":{"type":"Point","coordinates":[-96.95067005958789,28.07159149760256]},"properties":{"substrate":"Mud","lease_number":null,"poll_year":2025}},{"type":"Feature","id":"3f9fd0d6-51cd-45e9-af4f-44ac8284b2b0","geometry":{"type":"Point","coordinates":[-96.95286975434266,28.070015201449582]},"properties":{"substrate":"Buried Shell","lease_number":null,"poll_year":2025}},{"type":"Feature","id":"3faeb539-8712-4c4c-922c-25b6204d387f","geometry":{"type":"Point","coordinates":[-96.95208910219107,28.06399697415799]},"properties":{"substrate":"Mud","lease_number":null,"poll_year":2025}},{"type":"Feature","id":"3fba6927-9114-4b29-b73c-51f954b501da","geometry":{"type":"Point","coordinates":[-96.95241952590877,28.065263574010885]},"properties":{"substrate":"Mud","lease_number":null,"poll_year":2025}},{"type":"Feature","id":"3ff09e9b-af19-4cb1-b418-be175cb958b6","geometry":{"type":"Point","coordinates":[-96.94944583821363,28.070993251810297]},"properties":{"substrate":"Mud","lease_number":null,"poll_year":2025}},{"type":"Feature","id":"4002498c-8c8d-4601-932a-158721513c73","geometry":{"type":"Point","coordinates":[-96.95223117075328,28.064676181358745]},"properties":{"substrate":"Mud","lease_number":null,"poll_year":2025}},{"type":"Feature","id":"402a1de6-0e8f-4b02-8971-45bb570345b1","geometry":{"type":"Point","coordinates":[-96.96388573897627,28.061767686900023]},"properties":{"substrate":"Solid Reef","lease_number":null,"poll_year":2025}},{"type":"Feature","id":"404b3e28-2d76-4210-83ba-2ad6aed8a8c2","geometry":{"type":"Point","coordinates":[-96.96124777505902,28.060616969126972]},"properties":{"substrate":"Solid Reef","lease_number":null,"poll_year":2025}},{"type":"Feature","id":"405bb242-4f81-4a60-b4b6-dd1c2017c767","geometry":{"type":"Point","coordinates":[-96.95418842728083,28.054397010488522]},"properties":{"substrate":"Solid Reef","lease_number":null,"poll_year":2025}},{"type":"Feature","id":"406fe7c2-ed5a-43ee-85c3-21acd206d9c6","geometry":{"type":"Point","coordinates":[-96.9470707959087,28.066620064105027]},"properties":{"substrate":"Mud","lease_number":null,"poll_year":2025}},{"type":"Feature","id":"40835a51-2da3-4b49-8a75-53ade2f0d54a","geometry":{"type":"Point","coordinates":[-96.95128673865742,28.06353722743777]},"properties":{"substrate":"Mud","lease_number":null,"poll_year":2025}},{"type":"Feature","id":"40883d3b-65bc-4a7f-937d-ea159242b203","geometry":{"type":"Point","coordinates":[-96.95254387520198,28.057089915536668]},"properties":{"substrate":"Solid Reef","lease_number":null,"poll_year":2025}},{"type":"Feature","id":"4098e403-36e1-43fa-810f-7bd469ff8027","geometry":{"type":"Point","coordinates":[-96.9546337589981,28.07026851048781]},"properties":{"substrate":"Solid Reef","lease_number":null,"poll_year":2025}},{"type":"Feature","id":"409b2394-8242-4cf3-8b9b-630198029dc1","geometry":{"type":"Point","coordinates":[-96.95099509970211,28.06265965895633]},"properties":{"substrate":"Mud","lease_number":null,"poll_year":2025}},{"type":"Feature","id":"40a1a79d-6bff-434f-b359-90ba37cce0e7","geometry":{"type":"Point","coordinates":[-96.95292703901002,28.056538866180837]},"properties":{"substrate":"Solid Reef","lease_number":null,"poll_year":2025}},{"type":"Feature","id":"40b263b2-f1e5-4322-888b-87a9e02a3ef6","geometry":{"type":"Point","coordinates":[-96.95124459150091,28.056624815175315]},"properties":{"substrate":"Solid Reef","lease_number":null,"poll_year":2025}},{"type":"Feature","id":"40b565f5-b81f-4da3-82b4-6bdec54c2265","geometry":{"type":"Point","coordinates":[-96.95020441696207,28.05757321443116]},"properties":{"substrate":"Solid Reef","lease_number":null,"poll_year":2025}},{"type":"Feature","id":"40d2bed8-4ea4-4ef0-b44b-13a34fd32758","geometry":{"type":"Point","coordinates":[-96.95689801836727,28.067580315113535]},"properties":{"substrate":"Mud","lease_number":null,"poll_year":2025}},{"type":"Feature","id":"4110a73a-ad89-4d8a-93ec-26b8ef2eb4a3","geometry":{"type":"Point","coordinates":[-96.95721282307711,28.06136289421932]},"properties":{"substrate":"Solid Reef","lease_number":null,"poll_year":2025}},{"type":"Feature","id":"412765bb-bc68-49c9-9752-5deaa06f5e8d","geometry":{"type":"Point","coordinates":[-96.95968373089426,28.0620893317562]},"properties":{"substrate":"Solid Reef","lease_number":null,"poll_year":2025}},{"type":"Feature","id":"4128e068-f3ad-4ec8-9441-7e9efebf3898","geometry":{"type":"Point","coordinates":[-96.9556323774719,28.064545872760753]},"properties":{"substrate":"Mud","lease_number":null,"poll_year":2025}},{"type":"Feature","id":"412f2a2f-6eec-4945-ac87-11ebb422b657","geometry":{"type":"Point","coordinates":[-96.9490797944983,28.06650522850843]},"properties":{"substrate":"Mud","lease_number":null,"poll_year":2025}},{"type":"Feature","id":"417bf3f5-e1ea-419c-bd24-2698c4221f0f","geometry":{"type":"Point","coordinates":[-96.9520929586586,28.06458094768958]},"properties":{"substrate":"Mud","lease_number":null,"poll_year":2025}},{"type":"Feature","id":"418aec01-dc5f-486c-b1ac-113e2da812ef","geometry":{"type":"Point","coordinates":[-96.9444326999391,28.064573100063686]},"properties":{"substrate":"Scattered Shell","lease_number":null,"poll_year":2025}},{"type":"Feature","id":"41a26367-973a-48b8-880d-f7e6f2e0e3f9","geometry":{"type":"Point","coordinates":[-96.95253925516649,28.0687244545609]},"properties":{"substrate":"Mud","lease_number":null,"poll_year":2025}},{"type":"Feature","id":"41a940ed-d841-4c08-83b1-ca472a59822b","geometry":{"type":"Point","coordinates":[-96.94953226153388,28.058516018922095]},"properties":{"substrate":"Solid Reef","lease_number":null,"poll_year":2025}},{"type":"Feature","id":"41ab5e98-5f8a-42de-a11f-7a70c9cebbe8","geometry":{"type":"Point","coordinates":[-96.95868333106125,28.05864549770466]},"properties":{"substrate":"Solid Reef","lease_number":null,"poll_year":2025}},{"type":"Feature","id":"41b1455b-9c18-4282-b0bf-9452174cdcb5","geometry":{"type":"Point","coordinates":[-96.95365837814407,28.057129678018264]},"properties":{"substrate":"Solid Reef","lease_number":null,"poll_year":2025}},{"type":"Feature","id":"421c3b8f-3353-4de8-a482-70dbbf7547b8","geometry":{"type":"Point","coordinates":[-96.9575940501174,28.06702224811931]},"properties":{"substrate":"Buried Shell","lease_number":null,"poll_year":2025}},{"type":"Feature","id":"424dc1db-b52b-4632-88d3-f351419b4114","geometry":{"type":"Point","coordinates":[-96.95505983083567,28.06014201305]},"properties":{"substrate":"Solid Reef","lease_number":null,"poll_year":2025}},{"type":"Feature","id":"42590cc6-30f6-490e-8ab3-2cabd2bc24b9","geometry":{"type":"Point","coordinates":[-96.96382061201649,28.060802908270368]},"properties":{"substrate":"Mud","lease_number":null,"poll_year":2025}},{"type":"Feature","id":"428c596f-435f-4922-ac13-175b594bea15","geometry":{"type":"Point","coordinates":[-96.95767195112052,28.06040093562584]},"properties":{"substrate":"Solid Reef","lease_number":null,"poll_year":2025}},{"type":"Feature","id":"428d0fb5-f128-43a2-831c-a648083f397f","geometry":{"type":"Point","coordinates":[-96.95772096589737,28.057909735690092]},"properties":{"substrate":"Solid Reef","lease_number":null,"poll_year":2025}},{"type":"Feature","id":"42ac034a-3e64-401e-a9af-9c62785de29c","geometry":{"type":"Point","coordinates":[-96.95727061708922,28.062523013410694]},"properties":{"substrate":"Mud","lease_number":null,"poll_year":2025}},{"type":"Feature","id":"42b392c2-a0e3-49d9-9c48-f9b474f14475","geometry":{"type":"Point","coordinates":[-96.95689178316088,28.062198014323567]},"properties":{"substrate":"Mud","lease_number":null,"poll_year":2025}},{"type":"Feature","id":"42c91637-3fa1-4562-9f3d-48ccbaf70ec0","geometry":{"type":"Point","coordinates":[-96.95959893711795,28.068411142994716]},"properties":{"substrate":"Buried Shell","lease_number":null,"poll_year":2025}},{"type":"Feature","id":"42eeb27c-e99c-4b85-a9a7-9ea90c1078de","geometry":{"type":"Point","coordinates":[-96.94630744890277,28.067311034586123]},"properties":{"substrate":"Firm/Hard Bottom","lease_number":null,"poll_year":2025}},{"type":"Feature","id":"42f6f236-982e-401c-8f0e-3afd48c172fa","geometry":{"type":"Point","coordinates":[-96.95562940943819,28.059947979055355]},"properties":{"substrate":"Solid Reef","lease_number":null,"poll_year":2025}},{"type":"Feature","id":"435dbf63-7cfd-43b5-a980-6d9cfddaf93e","geometry":{"type":"Point","coordinates":[-96.95227556998618,28.06410749305121]},"properties":{"substrate":"Mud","lease_number":null,"poll_year":2025}},{"type":"Feature","id":"436e8a2b-b7b0-4341-9562-58b8268a5b02","geometry":{"type":"Point","coordinates":[-96.9456799702869,28.06822635527822]},"properties":{"substrate":"Solid Reef","lease_number":null,"poll_year":2025}},{"type":"Feature","id":"43a6d655-3d02-400c-8418-8770f689a732","geometry":{"type":"Point","coordinates":[-96.95990938410036,28.06437296242127]},"properties":{"substrate":"Solid Reef","lease_number":null,"poll_year":2025}},{"type":"Feature","id":"43b951c2-c307-49bd-b7c2-8886e69dcda4","geometry":{"type":"Point","coordinates":[-96.95738616199435,28.062136344869494]},"properties":{"substrate":"Mud","lease_number":null,"poll_year":2025}},{"type":"Feature","id":"43d50138-ab1b-4918-9357-0b71302c407a","geometry":{"type":"Point","coordinates":[-96.96025366522962,28.06058712405669]},"properties":{"substrate":"Solid Reef","lease_number":null,"poll_year":2025}},{"type":"Feature","id":"43e0628b-7964-4e51-8b08-9fb98145f278","geometry":{"type":"Point","coordinates":[-96.96393170307441,28.059279454908]},"properties":{"substrate":"Mud","lease_number":null,"poll_year":2025}},{"type":"Feature","id":"4402314a-aa88-4433-913e-4de1f8713523","geometry":{"type":"Point","coordinates":[-96.94680599861408,28.066967533958636]},"properties":{"substrate":"Mud","lease_number":null,"poll_year":2025}},{"type":"Feature","id":"44322ee5-0e66-4340-b140-53a9510fd11d","geometry":{"type":"Point","coordinates":[-96.95213139397634,28.06985403510307]},"properties":{"substrate":"Buried Shell","lease_number":null,"poll_year":2025}},{"type":"Feature","id":"4442940a-2dc3-4bda-960d-f686c5c53619","geometry":{"type":"Point","coordinates":[-96.9482050123797,28.06750409298851]},"properties":{"substrate":"Mud","lease_number":null,"poll_year":2025}},{"type":"Feature","id":"446ddc36-f5f7-4ed5-b5a2-f334d94c92ed","geometry":{"type":"Point","coordinates":[-96.94947316047302,28.068487892388273]},"properties":{"substrate":"Buried Shell","lease_number":null,"poll_year":2025}},{"type":"Feature","id":"4534f879-3492-48da-b943-05d24446e8bf","geometry":{"type":"Point","coordinates":[-96.95948602966652,28.067989711157185]},"properties":{"substrate":"Buried Shell","lease_number":null,"poll_year":2025}},{"type":"Feature","id":"454829f5-2bc5-4243-885c-0db44a5cedc5","geometry":{"type":"Point","coordinates":[-96.95761327136954,28.061025640996693]},"properties":{"substrate":"Solid Reef","lease_number":null,"poll_year":2025}},{"type":"Feature","id":"454c7990-7c54-4efb-b5df-dfaa54f140c3","geometry":{"type":"Point","coordinates":[-96.94876237479268,28.06969875316122]},"properties":{"substrate":"Firm/Hard Bottom","lease_number":null,"poll_year":2025}},{"type":"Feature","id":"455b6a43-2a95-4751-bd6f-3f2cad711168","geometry":{"type":"Point","coordinates":[-96.94510180019701,28.060548899936567]},"properties":{"substrate":"Scattered Shell","lease_number":null,"poll_year":2025}},{"type":"Feature","id":"455dcc12-2210-4353-8e9f-40bc98576947","geometry":{"type":"Point","coordinates":[-96.95035966919936,28.06992542832245]},"properties":{"substrate":"Buried Shell","lease_number":null,"poll_year":2025}},{"type":"Feature","id":"4563d64f-4bea-4243-a936-c4851fe64088","geometry":{"type":"Point","coordinates":[-96.95932173768252,28.056555540857165]},"properties":{"substrate":"Scattered Shell","lease_number":null,"poll_year":2025}},{"type":"Feature","id":"45885c38-80c3-48e0-8efd-99db8b0434d9","geometry":{"type":"Point","coordinates":[-96.95921500075877,28.06870968256878]},"properties":{"substrate":"Solid Reef","lease_number":null,"poll_year":2025}},{"type":"Feature","id":"4589aeb4-2e55-4fe9-bd58-7c5a2de13647","geometry":{"type":"Point","coordinates":[-96.9610261355256,28.060443905813145]},"properties":{"substrate":"Solid Reef","lease_number":null,"poll_year":2025}},{"type":"Feature","id":"459b9c61-35a3-40fe-bb08-ddc83db806fd","geometry":{"type":"Point","coordinates":[-96.95117221783173,28.069977456272646]},"properties":{"substrate":"Mud","lease_number":null,"poll_year":2025}},{"type":"Feature","id":"46589f9f-f8e4-4dcb-bc7b-e8bd57b3f4dd","geometry":{"type":"Point","coordinates":[-96.95358103679138,28.05632206661423]},"properties":{"substrate":"Solid Reef","lease_number":null,"poll_year":2025}},{"type":"Feature","id":"4672e1b5-24f6-4864-aff4-66b9240173fa","geometry":{"type":"Point","coordinates":[-96.96119250082127,28.05975960555994]},"properties":{"substrate":"Solid Reef","lease_number":null,"poll_year":2025}},{"type":"Feature","id":"46d126d9-4772-48ed-b298-7551f32afd2e","geometry":{"type":"Point","coordinates":[-96.95039037451409,28.068737155333572]},"properties":{"substrate":"Buried Shell","lease_number":null,"poll_year":2025}},{"type":"Feature","id":"470f6e66-727c-49d6-8e25-a705af41ddcc","geometry":{"type":"Point","coordinates":[-96.95623574350887,28.062993958995996]},"properties":{"substrate":"Mud","lease_number":null,"poll_year":2025}},{"type":"Feature","id":"4710d2e0-d378-4534-93c3-62ddcd3ea02b","geometry":{"type":"Point","coordinates":[-96.9544876165761,28.05825748817383]},"properties":{"substrate":"Solid Reef","lease_number":null,"poll_year":2025}},{"type":"Feature","id":"472e4fe2-01ac-42b0-9129-779b5dc1eac8","geometry":{"type":"Point","coordinates":[-96.96198812339706,28.063448436599966]},"properties":{"substrate":"Solid Reef","lease_number":null,"poll_year":2025}},{"type":"Feature","id":"476486e9-9651-47d8-87d0-cfef9b141e6a","geometry":{"type":"Point","coordinates":[-96.96268267292697,28.05986325192785]},"properties":{"substrate":"Solid Reef","lease_number":null,"poll_year":2025}},{"type":"Feature","id":"47d0edad-2fb0-4de2-a242-c4aa94099e32","geometry":{"type":"Point","coordinates":[-96.95231184216073,28.056030819247436]},"properties":{"substrate":"Solid Reef","lease_number":null,"poll_year":2025}},{"type":"Feature","id":"47ea680a-e35a-4091-80a9-3a7b73ee1424","geometry":{"type":"Point","coordinates":[-96.95521147364214,28.06027509358465]},"properties":{"substrate":"Solid Reef","lease_number":null,"poll_year":2025}},{"type":"Feature","id":"4814cc15-f072-4770-b1e9-48e172cb166f","geometry":{"type":"Point","coordinates":[-96.95153097082023,28.071378472035644]},"properties":{"substrate":"Buried Shell","lease_number":null,"poll_year":2025}},{"type":"Feature","id":"4827bee7-90b7-436b-8f23-a3c83105bea6","geometry":{"type":"Point","coordinates":[-96.95637552496036,28.071827201650706]},"properties":{"substrate":"Mud","lease_number":null,"poll_year":2025}},{"type":"Feature","id":"483f6c1d-42e4-4788-bbc4-e6752e3855f7","geometry":{"type":"Point","coordinates":[-96.95703892271285,28.070233948673295]},"properties":{"substrate":"Mud","lease_number":null,"poll_year":2025}},{"type":"Feature","id":"485c7e39-f9cb-4f5b-9827-8633a3ede106","geometry":{"type":"Point","coordinates":[-96.95555935881235,28.068659954302248]},"properties":{"substrate":"Solid Reef","lease_number":null,"poll_year":2025}},{"type":"Feature","id":"48b50d0e-4567-49d4-af8a-68d81a05453e","geometry":{"type":"Point","coordinates":[-96.94870479996948,28.062025800167984]},"properties":{"substrate":"Mud","lease_number":null,"poll_year":2025}},{"type":"Feature","id":"48d7c5f8-a96e-415c-aefa-bffc996242c9","geometry":{"type":"Point","coordinates":[-96.95701078837646,28.057359602190857]},"properties":{"substrate":"Solid Reef","lease_number":null,"poll_year":2025}},{"type":"Feature","id":"48ed6cf0-645b-4ffe-a5c3-8a9554bf4ebc","geometry":{"type":"Point","coordinates":[-96.95384852274363,28.063387737333386]},"properties":{"substrate":"Mud","lease_number":null,"poll_year":2025}},{"type":"Feature","id":"49614b20-e92b-470c-b70c-4707c50eadfc","geometry":{"type":"Point","coordinates":[-96.95425430882545,28.070829265913222]},"properties":{"substrate":"Solid Reef","lease_number":null,"poll_year":2025}},{"type":"Feature","id":"49c320bf-fce2-467d-9503-d199bf6dd449","geometry":{"type":"Point","coordinates":[-96.94980836053308,28.071175409541787]},"properties":{"substrate":"Mud","lease_number":null,"poll_year":2025}},{"type":"Feature","id":"49c6c534-4ffa-452a-98dc-64fad518a26f","geometry":{"type":"Point","coordinates":[-96.95108136491883,28.060499099719653]},"properties":{"substrate":"Mud","lease_number":null,"poll_year":2025}},{"type":"Feature","id":"4a081059-527e-4c25-bab7-f70b5c2c13f2","geometry":{"type":"Point","coordinates":[-96.95650942065008,28.067397808061347]},"properties":{"substrate":"Mud","lease_number":null,"poll_year":2025}},{"type":"Feature","id":"4a1897f9-340c-443a-a788-ece94e71a808","geometry":{"type":"Point","coordinates":[-96.96044160177021,28.06210671583761]},"properties":{"substrate":"Solid Reef","lease_number":null,"poll_year":2025}},{"type":"Feature","id":"4a613be1-07c6-4806-8515-15a5bef54fc6","geometry":{"type":"Point","coordinates":[-96.95330096364535,28.069876472660063]},"properties":{"substrate":"Solid Reef","lease_number":null,"poll_year":2025}},{"type":"Feature","id":"4a6ac13d-f17c-4e56-aa39-682cd25313e4","geometry":{"type":"Point","coordinates":[-96.94882657469108,28.06816015208033]},"properties":{"substrate":"Mud","lease_number":null,"poll_year":2025}},{"type":"Feature","id":"4a7d5771-9a17-4f0a-beb1-b0cbf5a03d4c","geometry":{"type":"Point","coordinates":[-96.95166468954186,28.055859085925476]},"properties":{"substrate":"Solid Reef","lease_number":null,"poll_year":2025}},{"type":"Feature","id":"4a907128-c1ab-4b7f-aca6-1050fc7c0bce","geometry":{"type":"Point","coordinates":[-96.94543571117464,28.069950270764224]},"properties":{"substrate":"Solid Reef","lease_number":null,"poll_year":2025}},{"type":"Feature","id":"4aaa0556-fcf5-4e66-8537-1dfbe80cabe4","geometry":{"type":"Point","coordinates":[-96.95366797484625,28.06318562207573]},"properties":{"substrate":"Mud","lease_number":null,"poll_year":2025}},{"type":"Feature","id":"4aab41d0-dcee-484f-ab88-530ebcf0ce69","geometry":{"type":"Point","coordinates":[-96.95771525890036,28.07155242927391]},"properties":{"substrate":"Mud","lease_number":null,"poll_year":2025}},{"type":"Feature","id":"4acdcaba-9058-465f-8422-507881c3d897","geometry":{"type":"Point","coordinates":[-96.95540258213401,28.071404960452885]},"properties":{"substrate":"Buried Shell","lease_number":null,"poll_year":2025}},{"type":"Feature","id":"4af7d4a9-8ceb-463a-82fa-b1d905c291d5","geometry":{"type":"Point","coordinates":[-96.9624133292587,28.07027545328702]},"properties":{"substrate":"Solid Reef","lease_number":null,"poll_year":2025}},{"type":"Feature","id":"4b049e05-e82b-4382-b246-be891e4998fc","geometry":{"type":"Point","coordinates":[-96.95688058027096,28.063537042739306]},"properties":{"substrate":"Mud","lease_number":null,"poll_year":2025}},{"type":"Feature","id":"4b0a4e8d-4b45-489c-ad69-fa7096799198","geometry":{"type":"Point","coordinates":[-96.95237046980944,28.059521342279147]},"properties":{"substrate":"Mud","lease_number":null,"poll_year":2025}},{"type":"Feature","id":"4b2d3ff0-fe08-4796-898f-eebe97601a2b","geometry":{"type":"Point","coordinates":[-96.96175440781127,28.070366897021092]},"properties":{"substrate":"Buried Shell","lease_number":null,"poll_year":2025}},{"type":"Feature","id":"4b80ea15-b03a-479a-aa66-42a9f572b3dc","geometry":{"type":"Point","coordinates":[-96.95026170342605,28.063412048593516]},"properties":{"substrate":"Mud","lease_number":null,"poll_year":2025}},{"type":"Feature","id":"4b82a3e7-f6e7-4455-9bde-4da2d45113e6","geometry":{"type":"Point","coordinates":[-96.95801386429069,28.060683498022797]},"properties":{"substrate":"Solid Reef","lease_number":null,"poll_year":2025}},{"type":"Feature","id":"4b9e1c02-2b5a-4061-ac58-2b3f566f62f2","geometry":{"type":"Point","coordinates":[-96.95820761113454,28.06023427953237]},"properties":{"substrate":"Solid Reef","lease_number":null,"poll_year":2025}},{"type":"Feature","id":"4bbc2296-65e3-4c23-b834-13e38eabaea3","geometry":{"type":"Point","coordinates":[-96.94610256025445,28.069013870578235]},"properties":{"substrate":"Solid Reef","lease_number":null,"poll_year":2025}},{"type":"Feature","id":"4bbfa3cc-d1a9-4cb5-abfa-3a3b49a9f2b9","geometry":{"type":"Point","coordinates":[-96.94878186823433,28.064723015778238]},"properties":{"substrate":"Mud","lease_number":null,"poll_year":2025}},{"type":"Feature","id":"4bc4cf42-c50a-4563-b298-f8baa24857e1","geometry":{"type":"Point","coordinates":[-96.95501853528205,28.056567615211115]},"properties":{"substrate":"Solid Reef","lease_number":null,"poll_year":2025}},{"type":"Feature","id":"4bddb487-845e-4e88-89f0-95f556453a76","geometry":{"type":"Point","coordinates":[-96.95064181116548,28.069716556117]},"properties":{"substrate":"Mud","lease_number":null,"poll_year":2025}},{"type":"Feature","id":"4bf31c82-5e31-4047-8a81-6604086c2135","geometry":{"type":"Point","coordinates":[-96.9480506189318,28.06479063921246]},"properties":{"substrate":"Mud","lease_number":null,"poll_year":2025}},{"type":"Feature","id":"4bf3f05b-c0d8-4769-b0b3-90ea113bf5ad","geometry":{"type":"Point","coordinates":[-96.94843256552264,28.067953113839682]},"properties":{"substrate":"Mud","lease_number":null,"poll_year":2025}},{"type":"Feature","id":"4c25a464-87c1-4d05-9c88-0e402d24be6f","geometry":{"type":"Point","coordinates":[-96.95814663708632,28.061513373273964]},"properties":{"substrate":"Solid Reef","lease_number":null,"poll_year":2025}},{"type":"Feature","id":"4c36fe39-4dbd-400d-b33a-ae90ea6fd4fe","geometry":{"type":"Point","coordinates":[-96.95622556739335,28.06725792731398]},"properties":{"substrate":"Mud","lease_number":null,"poll_year":2025}},{"type":"Feature","id":"4c3db7d7-eaea-4c4f-bf3f-946bd86738d9","geometry":{"type":"Point","coordinates":[-96.95478828180337,28.062992404509007]},"properties":{"substrate":"Mud","lease_number":null,"poll_year":2025}},{"type":"Feature","id":"4cd0e0f3-9d48-4363-a6b0-13b3abacd8ff","geometry":{"type":"Point","coordinates":[-96.95336479882774,28.069139633425603]},"properties":{"substrate":"Buried Shell","lease_number":null,"poll_year":2025}},{"type":"Feature","id":"4d6ccc4e-45a9-4a9d-97da-94c1f8a86cd2","geometry":{"type":"Point","coordinates":[-96.96227429520555,28.062153009165023]},"properties":{"substrate":"Solid Reef","lease_number":null,"poll_year":2025}},{"type":"Feature","id":"4d745679-10f7-445f-b870-a4194acda909","geometry":{"type":"Point","coordinates":[-96.95087385318989,28.071416959423136]},"properties":{"substrate":"Mud","lease_number":null,"poll_year":2025}},{"type":"Feature","id":"4d7d3271-4e6e-47cc-9cf3-b6edf3788ace","geometry":{"type":"Point","coordinates":[-96.95944397683313,28.068630796323458]},"properties":{"substrate":"Buried Shell","lease_number":null,"poll_year":2025}},{"type":"Feature","id":"4d85f161-7c8a-4b91-ac46-9ecfc3fd4a2b","geometry":{"type":"Point","coordinates":[-96.96101159539441,28.071337170763748]},"properties":{"substrate":"Buried Shell","lease_number":null,"poll_year":2025}},{"type":"Feature","id":"4dfdc50e-2273-48be-97e7-30c9707b0a9a","geometry":{"type":"Point","coordinates":[-96.95742151429403,28.06946394569045]},"properties":{"substrate":"Mud","lease_number":null,"poll_year":2025}},{"type":"Feature","id":"4e108d9b-8799-4c9d-a4cc-10c95b04ab51","geometry":{"type":"Point","coordinates":[-96.9536358043793,28.07041054807009]},"properties":{"substrate":"Solid Reef","lease_number":null,"poll_year":2025}},{"type":"Feature","id":"4e2a070e-913e-4952-8170-5d977dc6ebf3","geometry":{"type":"Point","coordinates":[-96.95522447585756,28.06850375352643]},"properties":{"substrate":"Solid Reef","lease_number":null,"poll_year":2025}},{"type":"Feature","id":"4e33e128-7ab8-490c-a682-2a01982cbc75","geometry":{"type":"Point","coordinates":[-96.9582512306298,28.056698345710753]},"properties":{"substrate":"Solid Reef","lease_number":null,"poll_year":2025}},{"type":"Feature","id":"4eb02e37-a383-4c14-a4ce-59da96f17a42","geometry":{"type":"Point","coordinates":[-96.96230196151966,28.062705994058827]},"properties":{"substrate":"Solid Reef","lease_number":null,"poll_year":2025}},{"type":"Feature","id":"4ecbcebc-4bd9-4f1f-90db-e120aa3f15fc","geometry":{"type":"Point","coordinates":[-96.95612577265013,28.057407008987646]},"properties":{"substrate":"Solid Reef","lease_number":null,"poll_year":2025}},{"type":"Feature","id":"4ede04f4-f763-4727-8144-7076a4ac8b64","geometry":{"type":"Point","coordinates":[-96.95674223432732,28.066594643826182]},"properties":{"substrate":"Buried Shell","lease_number":null,"poll_year":2025}},{"type":"Feature","id":"4edffbf4-a556-41cb-a38d-31b82d8a2da1","geometry":{"type":"Point","coordinates":[-96.95376265009067,28.0582199378439]},"properties":{"substrate":"Solid Reef","lease_number":null,"poll_year":2025}},{"type":"Feature","id":"4ee08a29-6459-425f-905c-4c1a8f65cb33","geometry":{"type":"Point","coordinates":[-96.94705990024262,28.06108590005497]},"properties":{"substrate":"Solid Reef","lease_number":null,"poll_year":2025}},{"type":"Feature","id":"4f05147f-3c91-4e61-9395-adc7583e373e","geometry":{"type":"Point","coordinates":[-96.95797928364384,28.064473701508685]},"properties":{"substrate":"Mud","lease_number":null,"poll_year":2025}},{"type":"Feature","id":"4f20973d-7d3f-46e6-8fe4-2d3de9c49a71","geometry":{"type":"Point","coordinates":[-96.95699935012794,28.070702249495042]},"properties":{"substrate":"Mud","lease_number":null,"poll_year":2025}},{"type":"Feature","id":"4f270232-b5e3-4f1c-9522-82da8c6deb60","geometry":{"type":"Point","coordinates":[-96.95510505741696,28.071096286521765]},"properties":{"substrate":"Buried Shell","lease_number":null,"poll_year":2025}},{"type":"Feature","id":"4f280ab5-74e9-4f81-b619-01f8d6415d50","geometry":{"type":"Point","coordinates":[-96.94682501415201,28.068772337488568]},"properties":{"substrate":"Firm/Hard Bottom","lease_number":null,"poll_year":2025}},{"type":"Feature","id":"4f2ab978-73e1-4eaa-82d8-f4752e2e3460","geometry":{"type":"Point","coordinates":[-96.9571745907786,28.07076514976508]},"properties":{"substrate":"Mud","lease_number":null,"poll_year":2025}},{"type":"Feature","id":"4f2e0fd7-61c9-4561-bdce-18f0d07f36a7","geometry":{"type":"Point","coordinates":[-96.96048876332263,28.06357732046702]},"properties":{"substrate":"Solid Reef","lease_number":null,"poll_year":2025}},{"type":"Feature","id":"4f532529-e793-4fdc-b213-e5c926dfbba2","geometry":{"type":"Point","coordinates":[-96.94762176860506,28.067427294539467]},"properties":{"substrate":"Mud","lease_number":null,"poll_year":2025}},{"type":"Feature","id":"4f65a1b3-720a-4044-bcee-bb5e2e20709a","geometry":{"type":"Point","coordinates":[-96.95432861027923,28.0625581960148]},"properties":{"substrate":"Mud","lease_number":null,"poll_year":2025}},{"type":"Feature","id":"4f9ec60d-b102-41c8-bf61-dd0f6aa7cd75","geometry":{"type":"Point","coordinates":[-96.95584752038918,28.056498203710532]},"properties":{"substrate":"Solid Reef","lease_number":null,"poll_year":2025}},{"type":"Feature","id":"4fd1b724-f197-4ee5-b1de-5f2698e6018f","geometry":{"type":"Point","coordinates":[-96.955153266405,28.065229451319176]},"properties":{"substrate":"Solid Reef","lease_number":null,"poll_year":2025}},{"type":"Feature","id":"4ff50b51-59fb-4f7e-80dd-a3bc5a5d06db","geometry":{"type":"Point","coordinates":[-96.9554335910793,28.05535438676555]},"properties":{"substrate":"Solid Reef","lease_number":null,"poll_year":2025}},{"type":"Feature","id":"50224553-24d1-498b-9c0f-1e766cabafc7","geometry":{"type":"Point","coordinates":[-96.95973441294426,28.05866839263075]},"properties":{"substrate":"Mud","lease_number":null,"poll_year":2025}},{"type":"Feature","id":"50566ab0-ff3e-49cc-8f8f-04a82e85fbbd","geometry":{"type":"Point","coordinates":[-96.94797309342447,28.070258374111077]},"properties":{"substrate":"Firm/Hard Bottom","lease_number":null,"poll_year":2025}},{"type":"Feature","id":"5059bc05-171b-4e30-8693-17f5d38513dd","geometry":{"type":"Point","coordinates":[-96.9546617711636,28.065157710954207]},"properties":{"substrate":"Mud","lease_number":null,"poll_year":2025}},{"type":"Feature","id":"507e14d0-4245-4c37-b078-e129e9d0717f","geometry":{"type":"Point","coordinates":[-96.95426195079357,28.05381174490706]},"properties":{"substrate":"Mud","lease_number":null,"poll_year":2025}},{"type":"Feature","id":"50936ed9-9090-4d17-9af2-867221b8a768","geometry":{"type":"Point","coordinates":[-96.95652557954541,28.059462049470937]},"properties":{"substrate":"Solid Reef","lease_number":null,"poll_year":2025}},{"type":"Feature","id":"50e46db6-f8b5-4120-b298-6b92111ad896","geometry":{"type":"Point","coordinates":[-96.96031561484826,28.06976290165181]},"properties":{"substrate":"Buried Shell","lease_number":null,"poll_year":2025}},{"type":"Feature","id":"50e6972d-64d9-44d3-a809-6ac733e7667a","geometry":{"type":"Point","coordinates":[-96.95604729762354,28.06283558987022]},"properties":{"substrate":"Mud","lease_number":null,"poll_year":2025}},{"type":"Feature","id":"50fe0639-1a69-4ee9-9c31-cdbb02206d20","geometry":{"type":"Point","coordinates":[-96.95245834660378,28.060763548262646]},"properties":{"substrate":"Mud","lease_number":null,"poll_year":2025}},{"type":"Feature","id":"5117339b-ea97-4043-830a-04332967752b","geometry":{"type":"Point","coordinates":[-96.9493470001762,28.0617523003938]},"properties":{"substrate":"Mud","lease_number":null,"poll_year":2025}},{"type":"Feature","id":"5127d461-952a-450e-8bda-4cd10c27c7a9","geometry":{"type":"Point","coordinates":[-96.95207871497145,28.05980450470283]},"properties":{"substrate":"Mud","lease_number":null,"poll_year":2025}},{"type":"Feature","id":"516a082b-fdd9-413f-b14e-2856f7760220","geometry":{"type":"Point","coordinates":[-96.95249746643779,28.062960516514135]},"properties":{"substrate":"Mud","lease_number":null,"poll_year":2025}},{"type":"Feature","id":"51940aac-d9a1-4b35-a682-250e2212724d","geometry":{"type":"Point","coordinates":[-96.95820341330722,28.059016848190314]},"properties":{"substrate":"Solid Reef","lease_number":null,"poll_year":2025}},{"type":"Feature","id":"51a75d08-c7b3-41ce-908d-18a9773854bf","geometry":{"type":"Point","coordinates":[-96.96012453420418,28.068893758440154]},"properties":{"substrate":"Mud","lease_number":null,"poll_year":2025}},{"type":"Feature","id":"51ae99d9-24e2-4849-a548-147a374c38d5","geometry":{"type":"Point","coordinates":[-96.94933561672491,28.068784706131666]},"properties":{"substrate":"Mud","lease_number":null,"poll_year":2025}},{"type":"Feature","id":"51dac45d-90ad-4868-ad1d-5ac76870f26f","geometry":{"type":"Point","coordinates":[-96.94948679959398,28.06169560018773]},"properties":{"substrate":"Mud","lease_number":null,"poll_year":2025}},{"type":"Feature","id":"51de7050-c8f7-4f83-b489-3ace1f6811a8","geometry":{"type":"Point","coordinates":[-96.94527569966297,28.06597000015535]},"properties":{"substrate":"Firm/Hard Bottom","lease_number":null,"poll_year":2025}},{"type":"Feature","id":"51e29ac8-1cda-404e-b763-4ac3c1002d3d","geometry":{"type":"Point","coordinates":[-96.95429997198796,28.057650317992458]},"properties":{"substrate":"Solid Reef","lease_number":null,"poll_year":2025}},{"type":"Feature","id":"51f44f10-1cb4-46b2-b4cf-0bf10efc92c0","geometry":{"type":"Point","coordinates":[-96.95198238503028,28.060306858711797]},"properties":{"substrate":"Mud","lease_number":null,"poll_year":2025}},{"type":"Feature","id":"521f1d81-7df1-4bfd-9866-9e64779c2163","geometry":{"type":"Point","coordinates":[-96.95634811825936,28.061740133082377]},"properties":{"substrate":"Mud","lease_number":null,"poll_year":2025}},{"type":"Feature","id":"522be3a7-fe8d-4314-8431-05fbec5ee97b","geometry":{"type":"Point","coordinates":[-96.95508396766903,28.05593272004257]},"properties":{"substrate":"Solid Reef","lease_number":null,"poll_year":2025}},{"type":"Feature","id":"5238c78d-6451-4870-8436-a6295529aa02","geometry":{"type":"Point","coordinates":[-96.94425990001103,28.069192700134916]},"properties":{"substrate":"Solid Reef","lease_number":null,"poll_year":2025}},{"type":"Feature","id":"524167cd-c6b6-4457-b582-7d0cd9035819","geometry":{"type":"Point","coordinates":[-96.96201582205053,28.062477763442395]},"properties":{"substrate":"Solid Reef","lease_number":null,"poll_year":2025}},{"type":"Feature","id":"52e59338-8e36-47f2-a528-3c1d8e55118a","geometry":{"type":"Point","coordinates":[-96.95990212301793,28.063497279457174]},"properties":{"substrate":"Solid Reef","lease_number":null,"poll_year":2025}},{"type":"Feature","id":"52ef553d-4421-4187-82b6-4b07b55c5585","geometry":{"type":"Point","coordinates":[-96.96072321642527,28.060946588981864]},"properties":{"substrate":"Solid Reef","lease_number":null,"poll_year":2025}},{"type":"Feature","id":"52f920f0-9ece-4950-a2de-dccf0c59a728","geometry":{"type":"Point","coordinates":[-96.9561830698939,28.06159700436619]},"properties":{"substrate":"Mud","lease_number":null,"poll_year":2025}},{"type":"Feature","id":"530d033e-3558-4a8e-99f8-b2c6e8375095","geometry":{"type":"Point","coordinates":[-96.95402019618432,28.06359565395844]},"properties":{"substrate":"Mud","lease_number":null,"poll_year":2025}},{"type":"Feature","id":"534178d8-013c-4e03-92e4-6d69a1564f12","geometry":{"type":"Point","coordinates":[-96.96265197210381,28.06297819454683]},"properties":{"substrate":"Solid Reef","lease_number":null,"poll_year":2025}},{"type":"Feature","id":"53a4b350-740c-4d56-957b-29d5656f3165","geometry":{"type":"Point","coordinates":[-96.9505512475101,28.068822102165388]},"properties":{"substrate":"Buried Shell","lease_number":null,"poll_year":2025}},{"type":"Feature","id":"53a93d8b-40a7-4006-b692-d26bbce5a55b","geometry":{"type":"Point","coordinates":[-96.95101159097409,28.070789036877073]},"properties":{"substrate":"Mud","lease_number":null,"poll_year":2025}},{"type":"Feature","id":"53bfeb35-acac-4388-8f0e-19b2142a8eca","geometry":{"type":"Point","coordinates":[-96.9527103959062,28.065439720235315]},"properties":{"substrate":"Mud","lease_number":null,"poll_year":2025}},{"type":"Feature","id":"53c9126b-00a2-4cc5-9b15-816303b73c38","geometry":{"type":"Point","coordinates":[-96.96501186611812,28.064222490541216]},"properties":{"substrate":"Mud","lease_number":null,"poll_year":2025}},{"type":"Feature","id":"53f6bef8-4ad7-45cb-8c9f-3fa2b740bcfe","geometry":{"type":"Point","coordinates":[-96.95847638347429,28.056861363031285]},"properties":{"substrate":"Solid Reef","lease_number":null,"poll_year":2025}},{"type":"Feature","id":"5403e967-46f1-4a6f-9dc6-227ef10dceab","geometry":{"type":"Point","coordinates":[-96.95510593147773,28.05711621880279]},"properties":{"substrate":"Solid Reef","lease_number":null,"poll_year":2025}},{"type":"Feature","id":"54047dd6-0080-467d-ae11-21ad5c528e21","geometry":{"type":"Point","coordinates":[-96.9624223043267,28.05712277400698]},"properties":{"substrate":"Firm/Hard Bottom","lease_number":null,"poll_year":2025}},{"type":"Feature","id":"540b5aa2-3bad-41f0-942a-172a2ed199c1","geometry":{"type":"Point","coordinates":[-96.95842543911621,28.063519684255574]},"properties":{"substrate":"Solid Reef","lease_number":null,"poll_year":2025}},{"type":"Feature","id":"5437f60a-750a-436a-8e5f-5d897413209f","geometry":{"type":"Point","coordinates":[-96.94993342668188,28.06319325973754]},"properties":{"substrate":"Mud","lease_number":null,"poll_year":2025}},{"type":"Feature","id":"54502703-7aa5-4240-9b26-e2c253283a79","geometry":{"type":"Point","coordinates":[-96.94841408268566,28.066160327021404]},"properties":{"substrate":"Mud","lease_number":null,"poll_year":2025}},{"type":"Feature","id":"545f6a88-c9fb-436a-9e9a-b7414c450a64","geometry":{"type":"Point","coordinates":[-96.95063120835017,28.06903341035817]},"properties":{"substrate":"Buried Shell","lease_number":null,"poll_year":2025}},{"type":"Feature","id":"54717c01-7885-44e5-88b6-c695a7bdacab","geometry":{"type":"Point","coordinates":[-96.94672687320724,28.07055768772294]},"properties":{"substrate":"Firm/Hard Bottom","lease_number":null,"poll_year":2025}},{"type":"Feature","id":"54ae24f0-b064-48fb-b52d-c23c393125a8","geometry":{"type":"Point","coordinates":[-96.94717293705145,28.070770232989886]},"properties":{"substrate":"Firm/Hard Bottom","lease_number":null,"poll_year":2025}},{"type":"Feature","id":"54bbde01-d689-4a11-8b0b-a3df0fb4063f","geometry":{"type":"Point","coordinates":[-96.95726410699837,28.055971211376463]},"properties":{"substrate":"Solid Reef","lease_number":null,"poll_year":2025}},{"type":"Feature","id":"54ce6a70-6636-414c-9299-e24b8e2798d7","geometry":{"type":"Point","coordinates":[-96.96043140499343,28.062720199300784]},"properties":{"substrate":"Solid Reef","lease_number":null,"poll_year":2025}},{"type":"Feature","id":"54e17077-c26d-4fb8-995b-708f7cd6a052","geometry":{"type":"Point","coordinates":[-96.94702494769322,28.068871025809234]},"properties":{"substrate":"Firm/Hard Bottom","lease_number":null,"poll_year":2025}},{"type":"Feature","id":"54f1dc8b-cb7d-434b-8e0b-163a86961139","geometry":{"type":"Point","coordinates":[-96.94839322470308,28.069854411612077]},"properties":{"substrate":"Firm/Hard Bottom","lease_number":null,"poll_year":2025}},{"type":"Feature","id":"54f5b507-df41-4bc0-81c4-a0b9b24b0149","geometry":{"type":"Point","coordinates":[-96.96138811885585,28.07150390158495]},"properties":{"substrate":"Mud","lease_number":null,"poll_year":2025}},{"type":"Feature","id":"54ffdaea-ab2b-4d50-b8a2-268e161f5a34","geometry":{"type":"Point","coordinates":[-96.95584381214368,28.07157932902729]},"properties":{"substrate":"Mud","lease_number":null,"poll_year":2025}},{"type":"Feature","id":"558be0e9-df2b-49a5-bb7f-c285d4a3ecce","geometry":{"type":"Point","coordinates":[-96.95426132826108,28.066267306764956]},"properties":{"substrate":"Mud","lease_number":null,"poll_year":2025}},{"type":"Feature","id":"55ba4d3f-1830-4631-93f7-ad5af83e7c45","geometry":{"type":"Point","coordinates":[-96.95668774881041,28.062695868066555]},"properties":{"substrate":"Solid Reef","lease_number":null,"poll_year":2025}},{"type":"Feature","id":"55c69291-ef34-4f1a-b469-7d9f017ede6d","geometry":{"type":"Point","coordinates":[-96.94812454129654,28.067701004988344]},"properties":{"substrate":"Mud","lease_number":null,"poll_year":2025}},{"type":"Feature","id":"55fbffe1-13d1-442d-b29c-4d952f906eb8","geometry":{"type":"Point","coordinates":[-96.95374603395287,28.05645406660427]},"properties":{"substrate":"Solid Reef","lease_number":null,"poll_year":2025}},{"type":"Feature","id":"5611bee7-51cd-4b15-a9f1-b5724d764deb","geometry":{"type":"Point","coordinates":[-96.96231463225674,28.058859460155254]},"properties":{"substrate":"Mud","lease_number":null,"poll_year":2025}},{"type":"Feature","id":"5652d24e-ab60-435f-8926-18fce1e088a1","geometry":{"type":"Point","coordinates":[-96.95053503112261,28.070010103128702]},"properties":{"substrate":"Mud","lease_number":null,"poll_year":2025}},{"type":"Feature","id":"56724dde-8da0-413c-a7a3-2b16448faaf0","geometry":{"type":"Point","coordinates":[-96.96181880444072,28.063593624654793]},"properties":{"substrate":"Solid Reef","lease_number":null,"poll_year":2025}},{"type":"Feature","id":"5691dce1-b84b-4026-8e90-a56d2898ecb9","geometry":{"type":"Point","coordinates":[-96.95199194130826,28.060915130032324]},"properties":{"substrate":"Mud","lease_number":null,"poll_year":2025}},{"type":"Feature","id":"56a5f87a-4d8d-4e72-a673-728170de2cd6","geometry":{"type":"Point","coordinates":[-96.95034099591955,28.059307714884664]},"properties":{"substrate":"Solid Reef","lease_number":null,"poll_year":2025}},{"type":"Feature","id":"56c7528e-d88d-4aab-b2a7-757b4c90fe58","geometry":{"type":"Point","coordinates":[-96.95366438068679,28.053370683865328]},"properties":{"substrate":"Mud","lease_number":null,"poll_year":2025}},{"type":"Feature","id":"56ca08cb-1052-4acb-bc49-c320faf56e83","geometry":{"type":"Point","coordinates":[-96.95719717352655,28.066829452018595]},"properties":{"substrate":"Buried Shell","lease_number":null,"poll_year":2025}},{"type":"Feature","id":"571465d3-ff49-4d2e-91bf-54c76a34d27e","geometry":{"type":"Point","coordinates":[-96.95840389482076,28.06301824418608]},"properties":{"substrate":"Mud","lease_number":null,"poll_year":2025}},{"type":"Feature","id":"571a9b61-b908-4279-814a-9b6e1d817628","geometry":{"type":"Point","coordinates":[-96.94368930002403,28.061979299888833]},"properties":{"substrate":"Firm/Hard Bottom","lease_number":null,"poll_year":2025}},{"type":"Feature","id":"5726979e-537e-487a-8777-3ace3f942451","geometry":{"type":"Point","coordinates":[-96.94840589993173,28.062006599978446]},"properties":{"substrate":"Mud","lease_number":null,"poll_year":2025}},{"type":"Feature","id":"57446882-65b4-47a3-ad56-2bfff25c8360","geometry":{"type":"Point","coordinates":[-96.95010899970922,28.061394499689683]},"properties":{"substrate":"Mud","lease_number":null,"poll_year":2025}},{"type":"Feature","id":"575307c3-dac6-403e-9c04-e766d2d810eb","geometry":{"type":"Point","coordinates":[-96.96117596732847,28.058019693242436]},"properties":{"substrate":"Mud","lease_number":null,"poll_year":2025}},{"type":"Feature","id":"57a7cce3-87e4-4cfd-9d1f-70ed081a2ae4","geometry":{"type":"Point","coordinates":[-96.94835788048822,28.067586360787097]},"properties":{"substrate":"Mud","lease_number":null,"poll_year":2025}},{"type":"Feature","id":"57be3035-4a7e-46fe-b3e8-4690ded6908b","geometry":{"type":"Point","coordinates":[-96.95328532307794,28.061564851984304]},"properties":{"substrate":"Mud","lease_number":null,"poll_year":2025}},{"type":"Feature","id":"57beca86-8db5-439e-a6d9-fbb56554ae91","geometry":{"type":"Point","coordinates":[-96.95076278458986,28.070667992988202]},"properties":{"substrate":"Mud","lease_number":null,"poll_year":2025}},{"type":"Feature","id":"57d00c19-a72d-47f7-bfc0-090516d74092","geometry":{"type":"Point","coordinates":[-96.94996380770478,28.068515153569425]},"properties":{"substrate":"Buried Shell","lease_number":null,"poll_year":2025}},{"type":"Feature","id":"57d1de3f-2277-4741-a58e-088eee35747c","geometry":{"type":"Point","coordinates":[-96.95864429387225,28.059348836074523]},"properties":{"substrate":"Solid Reef","lease_number":null,"poll_year":2025}},{"type":"Feature","id":"58095678-7105-4b53-a67a-54705f81cd5b","geometry":{"type":"Point","coordinates":[-96.95920092864985,28.062942818661014]},"properties":{"substrate":"Solid Reef","lease_number":null,"poll_year":2025}},{"type":"Feature","id":"585580c4-919a-4e17-990f-51ee054bbdd0","geometry":{"type":"Point","coordinates":[-96.94807569899622,28.06817236622464]},"properties":{"substrate":"Buried Shell","lease_number":null,"poll_year":2025}},{"type":"Feature","id":"5874c797-3f3c-4d0d-aed8-51ad2d39f5e4","geometry":{"type":"Point","coordinates":[-96.95910947117078,28.068496721042088]},"properties":{"substrate":"Buried Shell","lease_number":null,"poll_year":2025}},{"type":"Feature","id":"58752c0c-e46e-49c9-a389-ea715162925e","geometry":{"type":"Point","coordinates":[-96.95495442791012,28.068821636875025]},"properties":{"substrate":"Buried Shell","lease_number":null,"poll_year":2025}},{"type":"Feature","id":"58937a6c-0cde-4e5d-8ab3-ea7e1a118ff9","geometry":{"type":"Point","coordinates":[-96.96165662170101,28.063155809426714]},"properties":{"substrate":"Solid Reef","lease_number":null,"poll_year":2025}},{"type":"Feature","id":"589b6c53-0480-4f80-8c9f-a34bf22fcf51","geometry":{"type":"Point","coordinates":[-96.96133655825348,28.071978526060903]},"properties":{"substrate":"Mud","lease_number":null,"poll_year":2025}},{"type":"Feature","id":"58a35b91-9d74-41ff-899b-deedadda931e","geometry":{"type":"Point","coordinates":[-96.94382429974326,28.06940470037835]},"properties":{"substrate":"Solid Reef","lease_number":null,"poll_year":2025}},{"type":"Feature","id":"58a49904-b960-49b0-ae40-9270892bf756","geometry":{"type":"Point","coordinates":[-96.95299907221771,28.063372810824134]},"properties":{"substrate":"Solid Reef","lease_number":null,"poll_year":2025}},{"type":"Feature","id":"58cf161d-6436-48b6-9e22-d5fc6d715fb5","geometry":{"type":"Point","coordinates":[-96.94737130662575,28.064828886397322]},"properties":{"substrate":"Mud","lease_number":null,"poll_year":2025}},{"type":"Feature","id":"58d768d4-9665-4764-a7f8-8180c938ca5a","geometry":{"type":"Point","coordinates":[-96.95628074910464,28.071000103408846]},"properties":{"substrate":"Mud","lease_number":null,"poll_year":2025}},{"type":"Feature","id":"58feecd1-2f98-481a-a9e8-2b6694d48a9f","geometry":{"type":"Point","coordinates":[-96.95136553258592,28.070952379209874]},"properties":{"substrate":"Buried Shell","lease_number":null,"poll_year":2025}},{"type":"Feature","id":"590ed4c9-056e-455c-b658-799c37a22507","geometry":{"type":"Point","coordinates":[-96.95609248917053,28.065011296348743]},"properties":{"substrate":"Mud","lease_number":null,"poll_year":2025}},{"type":"Feature","id":"59943d9b-0848-4bb0-82d9-e580a90cd946","geometry":{"type":"Point","coordinates":[-96.94633199446957,28.06885187915812]},"properties":{"substrate":"Firm/Hard Bottom","lease_number":null,"poll_year":2025}},{"type":"Feature","id":"59bdb6dc-db8d-4496-ab49-3bd076f22fde","geometry":{"type":"Point","coordinates":[-96.95135120625378,28.06890622060289]},"properties":{"substrate":"Buried Shell","lease_number":null,"poll_year":2025}},{"type":"Feature","id":"59c97c4e-9fa8-4d96-82a6-72bf60645d8f","geometry":{"type":"Point","coordinates":[-96.951835327225,28.067236640959493]},"properties":{"substrate":"Mud","lease_number":null,"poll_year":2025}},{"type":"Feature","id":"59c9cb5d-1e53-43c3-a22c-b29937a8be97","geometry":{"type":"Point","coordinates":[-96.95062789985498,28.061060800309512]},"properties":{"substrate":"Mud","lease_number":null,"poll_year":2025}},{"type":"Feature","id":"59ccb0b0-5256-4ed8-839b-6f63b81ae6e4","geometry":{"type":"Point","coordinates":[-96.94800358943174,28.06998196407107]},"properties":{"substrate":"Firm/Hard Bottom","lease_number":null,"poll_year":2025}},{"type":"Feature","id":"59de8647-84f6-4d49-943f-d27c8904e6ae","geometry":{"type":"Point","coordinates":[-96.95666996126945,28.069571601448217]},"properties":{"substrate":"Buried Shell","lease_number":null,"poll_year":2025}},{"type":"Feature","id":"59f1eaf9-3459-4ae1-b49f-3da9d76b54cc","geometry":{"type":"Point","coordinates":[-96.95437602335993,28.059493594460257]},"properties":{"substrate":"Solid Reef","lease_number":null,"poll_year":2025}},{"type":"Feature","id":"59ff5d1d-bb43-40f4-bd39-ab85d9e4b6c5","geometry":{"type":"Point","coordinates":[-96.95497821529885,28.057023030852278]},"properties":{"substrate":"Solid Reef","lease_number":null,"poll_year":2025}},{"type":"Feature","id":"5a41a169-a802-4239-a634-57ca85b5e413","geometry":{"type":"Point","coordinates":[-96.95509877819313,28.06127867475128]},"properties":{"substrate":"Solid Reef","lease_number":null,"poll_year":2025}},{"type":"Feature","id":"5a4e43b0-a129-4ed2-b6e7-7566f11480a6","geometry":{"type":"Point","coordinates":[-96.9596598240296,28.065789541032718]},"properties":{"substrate":"Mud","lease_number":null,"poll_year":2025}},{"type":"Feature","id":"5ab81929-ef68-41a5-b63a-8f44989f4096","geometry":{"type":"Point","coordinates":[-96.95459848934341,28.056245710457148]},"properties":{"substrate":"Solid Reef","lease_number":null,"poll_year":2025}},{"type":"Feature","id":"5ac7f33c-8389-4d71-96b7-2c2a0f09c8d3","geometry":{"type":"Point","coordinates":[-96.96007436239724,28.062418939168598]},"properties":{"substrate":"Solid Reef","lease_number":null,"poll_year":2025}},{"type":"Feature","id":"5ad68f11-00a4-48ba-94f0-e7aef791936d","geometry":{"type":"Point","coordinates":[-96.95982199868446,28.06220919387026]},"properties":{"substrate":"Solid Reef","lease_number":null,"poll_year":2025}},{"type":"Feature","id":"5b0bc419-9b53-478e-b22b-449bb9f25da8","geometry":{"type":"Point","coordinates":[-96.95028920894173,28.071126696204512]},"properties":{"substrate":"Mud","lease_number":null,"poll_year":2025}},{"type":"Feature","id":"5b1eeb34-5968-423e-8fe3-2ff7b6d40016","geometry":{"type":"Point","coordinates":[-96.94616380020399,28.06074970027776]},"properties":{"substrate":"Solid Reef","lease_number":null,"poll_year":2025}},{"type":"Feature","id":"5b20fd6c-d284-44d4-ba6e-dcfd0866d629","geometry":{"type":"Point","coordinates":[-96.95508709111128,28.071222023945033]},"properties":{"substrate":"Buried Shell","lease_number":null,"poll_year":2025}},{"type":"Feature","id":"5b31831e-b856-4651-9c84-ef73c5dc421c","geometry":{"type":"Point","coordinates":[-96.95942388241853,28.068885055851556]},"properties":{"substrate":"Solid Reef","lease_number":null,"poll_year":2025}},{"type":"Feature","id":"5b34e684-6cd4-46e7-9920-cc3617df4143","geometry":{"type":"Point","coordinates":[-96.94861752863963,28.069962935722764]},"properties":{"substrate":"Firm/Hard Bottom","lease_number":null,"poll_year":2025}},{"type":"Feature","id":"5b360735-46de-460c-8185-685c5a523edc","geometry":{"type":"Point","coordinates":[-96.94370939982852,28.0640445999815]},"properties":{"substrate":"Scattered Shell","lease_number":null,"poll_year":2025}},{"type":"Feature","id":"5b65c012-0c72-4e0d-b98c-8303ccd600ee","geometry":{"type":"Point","coordinates":[-96.9538532236275,28.064663250226324]},"properties":{"substrate":"Mud","lease_number":null,"poll_year":2025}},{"type":"Feature","id":"5b984ea2-ecc1-4cc5-9f20-0c709184fe4e","geometry":{"type":"Point","coordinates":[-96.95708854924239,28.056618818035513]},"properties":{"substrate":"Solid Reef","lease_number":null,"poll_year":2025}},{"type":"Feature","id":"5ba3ad21-2bb6-4ee5-aac4-10dec4d9bb40","geometry":{"type":"Point","coordinates":[-96.94628963980225,28.068508248704138]},"properties":{"substrate":"Firm/Hard Bottom","lease_number":null,"poll_year":2025}},{"type":"Feature","id":"5bcf46ed-86f3-45f9-b2b4-6eb574301361","geometry":{"type":"Point","coordinates":[-96.94933351826042,28.062992985558967]},"properties":{"substrate":"Mud","lease_number":null,"poll_year":2025}},{"type":"Feature","id":"5bed288d-8b3f-465d-8d1c-499829a651bd","geometry":{"type":"Point","coordinates":[-96.94629975123908,28.069112835313998]},"properties":{"substrate":"Firm/Hard Bottom","lease_number":null,"poll_year":2025}},{"type":"Feature","id":"5bf97efb-aff6-494d-9b5d-11b2b9e797bc","geometry":{"type":"Point","coordinates":[-96.95584456852515,28.07140980268513]},"properties":{"substrate":"Mud","lease_number":null,"poll_year":2025}},{"type":"Feature","id":"5bfc6908-ff46-4c0c-823a-f1b36f940db5","geometry":{"type":"Point","coordinates":[-96.95484187349659,28.054217147913864]},"properties":{"substrate":"Solid Reef","lease_number":null,"poll_year":2025}},{"type":"Feature","id":"5c774bcc-f56f-4c94-95ce-d1819c8ec919","geometry":{"type":"Point","coordinates":[-96.9576832420453,28.059788387816035]},"properties":{"substrate":"Solid Reef","lease_number":null,"poll_year":2025}},{"type":"Feature","id":"5ca340e3-08ec-4ddb-9912-6f92c348a8e0","geometry":{"type":"Point","coordinates":[-96.9588366887516,28.063397698379237]},"properties":{"substrate":"Mud","lease_number":null,"poll_year":2025}},{"type":"Feature","id":"5cd1ab60-c058-49c1-8f6d-c22481d50235","geometry":{"type":"Point","coordinates":[-96.95268315449522,28.063100622433417]},"properties":{"substrate":"Mud","lease_number":null,"poll_year":2025}},{"type":"Feature","id":"5cdd34e3-bd74-4f37-af9a-d1d1133e2c1c","geometry":{"type":"Point","coordinates":[-96.95302195140967,28.07025426502598]},"properties":{"substrate":"Solid Reef","lease_number":null,"poll_year":2025}},{"type":"Feature","id":"5d2d6426-8537-4174-9094-99141a8e2d14","geometry":{"type":"Point","coordinates":[-96.95486960089616,28.07112091626494]},"properties":{"substrate":"Buried Shell","lease_number":null,"poll_year":2025}},{"type":"Feature","id":"5d2eff9f-f646-4d92-9a9b-9c45e6e668e2","geometry":{"type":"Point","coordinates":[-96.95430546698256,28.07074082510829]},"properties":{"substrate":"Solid Reef","lease_number":null,"poll_year":2025}},{"type":"Feature","id":"5d4a39ac-98ce-48d4-bcf4-5e7a52a998bb","geometry":{"type":"Point","coordinates":[-96.95693673306106,28.066692263244565]},"properties":{"substrate":"Buried Shell","lease_number":null,"poll_year":2025}},{"type":"Feature","id":"5d59f943-f440-4842-a01c-f2696ba1d35d","geometry":{"type":"Point","coordinates":[-96.95671819091875,28.07009917865416]},"properties":{"substrate":"Mud","lease_number":null,"poll_year":2025}},{"type":"Feature","id":"5d84fbe9-6d0c-4583-89fc-93c427b1218a","geometry":{"type":"Point","coordinates":[-96.9567400756757,28.060239042995878]},"properties":{"substrate":"Solid Reef","lease_number":null,"poll_year":2025}},{"type":"Feature","id":"5d9af096-008c-48be-98f7-77f720dc0d50","geometry":{"type":"Point","coordinates":[-96.9637042271866,28.061628105603358]},"properties":{"substrate":"Solid Reef","lease_number":null,"poll_year":2025}},{"type":"Feature","id":"5dcd5170-c3f1-47d8-bccd-a6d26440b028","geometry":{"type":"Point","coordinates":[-96.95639119247723,28.064560127698982]},"properties":{"substrate":"Mud","lease_number":null,"poll_year":2025}},{"type":"Feature","id":"5de21cb6-c439-4f53-b1b3-87371ffe1589","geometry":{"type":"Point","coordinates":[-96.96394151537226,28.061621442865196]},"properties":{"substrate":"Solid Reef","lease_number":null,"poll_year":2025}},{"type":"Feature","id":"5e1afc9b-5fbd-4fe7-9aaa-7d4df7d68180","geometry":{"type":"Point","coordinates":[-96.95093495210394,28.06840630934659]},"properties":{"substrate":"Buried Shell","lease_number":null,"poll_year":2025}},{"type":"Feature","id":"5e9923a4-2df8-49f1-b3bb-2d4b7dd687e6","geometry":{"type":"Point","coordinates":[-96.95005549515258,28.066336151534575]},"properties":{"substrate":"Mud","lease_number":null,"poll_year":2025}},{"type":"Feature","id":"5e9d62df-4e76-4961-a63e-d671e92bff23","geometry":{"type":"Point","coordinates":[-96.95146196224009,28.058110740731326]},"properties":{"substrate":"Solid Reef","lease_number":null,"poll_year":2025}},{"type":"Feature","id":"5ead3c22-74fb-417c-944c-e75632cf446c","geometry":{"type":"Point","coordinates":[-96.9527823590453,28.058698322263453]},"properties":{"substrate":"Solid Reef","lease_number":null,"poll_year":2025}},{"type":"Feature","id":"5eb4cce8-7688-4244-9c7c-f6a8459f414a","geometry":{"type":"Point","coordinates":[-96.94583592590507,28.07014242397594]},"properties":{"substrate":"Solid Reef","lease_number":null,"poll_year":2025}},{"type":"Feature","id":"5eda4a19-d2a9-42de-a3ed-5bbbbff4410a","geometry":{"type":"Point","coordinates":[-96.95464159859559,28.062853427256584]},"properties":{"substrate":"Mud","lease_number":null,"poll_year":2025}},{"type":"Feature","id":"5edf624a-e9b4-4310-bb79-9709db1663ec","geometry":{"type":"Point","coordinates":[-96.95185938770157,28.057914070384985]},"properties":{"substrate":"Solid Reef","lease_number":null,"poll_year":2025}},{"type":"Feature","id":"5ee929aa-4141-4fb2-9eff-d4a135c562b0","geometry":{"type":"Point","coordinates":[-96.9539817033744,28.06509651326108]},"properties":{"substrate":"Mud","lease_number":null,"poll_year":2025}},{"type":"Feature","id":"5eea0d69-29a4-4e2b-a092-2dd6638456d1","geometry":{"type":"Point","coordinates":[-96.9520767422711,28.07076933809503]},"properties":{"substrate":"Buried Shell","lease_number":null,"poll_year":2025}},{"type":"Feature","id":"5ef33736-d6b2-41e3-8e20-8cf02b493913","geometry":{"type":"Point","coordinates":[-96.9597013252974,28.071336377331495]},"properties":{"substrate":"Solid Reef","lease_number":null,"poll_year":2025}},{"type":"Feature","id":"5f41e489-f8bf-43b5-8e8f-5bebda913beb","geometry":{"type":"Point","coordinates":[-96.95869400843671,28.063271698136198]},"properties":{"substrate":"Mud","lease_number":null,"poll_year":2025}},{"type":"Feature","id":"5f54ce04-d41a-4680-8286-989cfc3095ca","geometry":{"type":"Point","coordinates":[-96.94584410326911,28.068295980357483]},"properties":{"substrate":"Solid Reef","lease_number":null,"poll_year":2025}},{"type":"Feature","id":"5f5a0785-e837-47be-a737-92b0a1c6b23a","geometry":{"type":"Point","coordinates":[-96.95314684687857,28.0595327932168]},"properties":{"substrate":"Mud","lease_number":null,"poll_year":2025}},{"type":"Feature","id":"5f8c4ac6-1628-4acc-b4d3-446fc102f7fb","geometry":{"type":"Point","coordinates":[-96.96019056486912,28.061081748605183]},"properties":{"substrate":"Solid Reef","lease_number":null,"poll_year":2025}},{"type":"Feature","id":"5f9c1eef-f008-4a8c-a934-a3bb315e724c","geometry":{"type":"Point","coordinates":[-96.95133152596253,28.059682494791648]},"properties":{"substrate":"Mud","lease_number":null,"poll_year":2025}},{"type":"Feature","id":"5f9e13e5-144c-4791-afbc-79c39a6853a4","geometry":{"type":"Point","coordinates":[-96.9549075717849,28.066178530073007]},"properties":{"substrate":"Buried Shell","lease_number":null,"poll_year":2025}},{"type":"Feature","id":"5fa479e8-4890-4918-b6a6-3d184c9a0aa4","geometry":{"type":"Point","coordinates":[-96.9536824071796,28.069796223119067]},"properties":{"substrate":"Solid Reef","lease_number":null,"poll_year":2025}},{"type":"Feature","id":"5fcc08d3-cf90-4820-b1e3-3d3c71fb1e96","geometry":{"type":"Point","coordinates":[-96.96387686451958,28.06392848063875]},"properties":{"substrate":"Solid Reef","lease_number":null,"poll_year":2025}},{"type":"Feature","id":"60286c07-d60a-432a-ae13-27633076e4c1","geometry":{"type":"Point","coordinates":[-96.95167602897568,28.06956165682771]},"properties":{"substrate":"Buried Shell","lease_number":null,"poll_year":2025}},{"type":"Feature","id":"602999d0-e870-4480-b62b-36833c1cd58c","geometry":{"type":"Point","coordinates":[-96.95361676368853,28.070030956939913]},"properties":{"substrate":"Solid Reef","lease_number":null,"poll_year":2025}},{"type":"Feature","id":"607677f0-b7f0-4436-b1ba-667f3ff7f114","geometry":{"type":"Point","coordinates":[-96.95764955342554,28.067570398844733]},"properties":{"substrate":"Buried Shell","lease_number":null,"poll_year":2025}},{"type":"Feature","id":"607762cf-94e1-491c-9e28-3a8429fd1bf1","geometry":{"type":"Point","coordinates":[-96.95846814951639,28.07084938716311]},"properties":{"substrate":"Mud","lease_number":null,"poll_year":2025}},{"type":"Feature","id":"60903a71-5ae7-4a40-a6e4-30c1533e9b93","geometry":{"type":"Point","coordinates":[-96.9532012865814,28.070334637877817]},"properties":{"substrate":"Solid Reef","lease_number":null,"poll_year":2025}},{"type":"Feature","id":"60a9efab-068e-4c32-8577-3eeeaf9b3136","geometry":{"type":"Point","coordinates":[-96.95885642922997,28.06809913286105]},"properties":{"substrate":"Buried Shell","lease_number":null,"poll_year":2025}},{"type":"Feature","id":"60b76e69-a613-4c7d-84ea-8df797ea416f","geometry":{"type":"Point","coordinates":[-96.95304022853244,28.069748640269907]},"properties":{"substrate":"Solid Reef","lease_number":null,"poll_year":2025}},{"type":"Feature","id":"60d31427-3d03-4eb8-ae1d-ec8c8041b193","geometry":{"type":"Point","coordinates":[-96.95051746726217,28.059919200012924]},"properties":{"substrate":"Mud","lease_number":null,"poll_year":2025}},{"type":"Feature","id":"60d9e5af-32d0-488d-bb3d-969bf4f338e4","geometry":{"type":"Point","coordinates":[-96.96118000345902,28.061836465586435]},"properties":{"substrate":"Solid Reef","lease_number":null,"poll_year":2025}},{"type":"Feature","id":"60e4297f-c991-42a0-85d4-43b9ca3d10cc","geometry":{"type":"Point","coordinates":[-96.9558281787628,28.06613870039061]},"properties":{"substrate":"Buried Shell","lease_number":null,"poll_year":2025}},{"type":"Feature","id":"60f450ca-f359-4831-a26b-4c8d605869c5","geometry":{"type":"Point","coordinates":[-96.94422579996285,28.06807029972221]},"properties":{"substrate":"Solid Reef","lease_number":null,"poll_year":2025}},{"type":"Feature","id":"60fe7afa-5554-4000-9283-e2ff225b6489","geometry":{"type":"Point","coordinates":[-96.94562008859006,28.068509104777483]},"properties":{"substrate":"Firm/Hard Bottom","lease_number":null,"poll_year":2025}},{"type":"Feature","id":"610edf1e-e6cc-40dd-a360-3ed767a885af","geometry":{"type":"Point","coordinates":[-96.9547933078774,28.070346339725003]},"properties":{"substrate":"Solid Reef","lease_number":null,"poll_year":2025}},{"type":"Feature","id":"6115a139-74df-4966-99f7-637c086caa58","geometry":{"type":"Point","coordinates":[-96.95281032360009,28.068865548543595]},"properties":{"substrate":"Mud","lease_number":null,"poll_year":2025}},{"type":"Feature","id":"6119c4f9-8981-4365-8a5c-5b0a28b71595","geometry":{"type":"Point","coordinates":[-96.9532639925815,28.06751884374433]},"properties":{"substrate":"Solid Reef","lease_number":null,"poll_year":2025}},{"type":"Feature","id":"619e0375-fa8a-4ee6-99f6-d8acc4ccb82d","geometry":{"type":"Point","coordinates":[-96.95141293398854,28.0561640229919]},"properties":{"substrate":"Solid Reef","lease_number":null,"poll_year":2025}},{"type":"Feature","id":"61ac371d-9b96-4bbd-9004-d6fb026ea474","geometry":{"type":"Point","coordinates":[-96.95149203963244,28.063645106332224]},"properties":{"substrate":"Mud","lease_number":null,"poll_year":2025}},{"type":"Feature","id":"61bc9845-409e-4d38-93fe-729020ae19a8","geometry":{"type":"Point","coordinates":[-96.9552334751801,28.071646855408012]},"properties":{"substrate":"Buried Shell","lease_number":null,"poll_year":2025}},{"type":"Feature","id":"61c32d4c-8f0d-463c-bb35-60cb4fb12618","geometry":{"type":"Point","coordinates":[-96.95524601566144,28.071296065258046]},"properties":{"substrate":"Mud","lease_number":null,"poll_year":2025}},{"type":"Feature","id":"61f2d5e0-74fc-4a66-9eb8-a138a1617e61","geometry":{"type":"Point","coordinates":[-96.94889893219059,28.067608784549627]},"properties":{"substrate":"Buried Shell","lease_number":null,"poll_year":2025}},{"type":"Feature","id":"6200b602-f2c6-4fd2-afe0-115cd81ee7e5","geometry":{"type":"Point","coordinates":[-96.95229236129548,28.069392298515112]},"properties":{"substrate":"Buried Shell","lease_number":null,"poll_year":2025}},{"type":"Feature","id":"620d40f4-55ff-44dc-966e-582a8a12c920","geometry":{"type":"Point","coordinates":[-96.9635045891911,28.05897107037264]},"properties":{"substrate":"Mud","lease_number":null,"poll_year":2025}},{"type":"Feature","id":"62317615-1ae9-44d2-9a79-5920fd0e35c7","geometry":{"type":"Point","coordinates":[-96.9460268628187,28.06742909231154]},"properties":{"substrate":"Firm/Hard Bottom","lease_number":null,"poll_year":2025}},{"type":"Feature","id":"62822293-0848-4975-a717-7049d9f79bbe","geometry":{"type":"Point","coordinates":[-96.94978341880923,28.06308092937618]},"properties":{"substrate":"Mud","lease_number":null,"poll_year":2025}},{"type":"Feature","id":"62bb1fde-61be-4eb3-8502-9920d12c4ddc","geometry":{"type":"Point","coordinates":[-96.95047100729398,28.06261180342763]},"properties":{"substrate":"Mud","lease_number":null,"poll_year":2025}},{"type":"Feature","id":"62cc121e-9304-41a8-b034-284fded441d5","geometry":{"type":"Point","coordinates":[-96.94766412686565,28.0666218119521]},"properties":{"substrate":"Mud","lease_number":null,"poll_year":2025}},{"type":"Feature","id":"62dbc8eb-0069-4ce2-a993-7195edcc808f","geometry":{"type":"Point","coordinates":[-96.95791525083207,28.059985497072685]},"properties":{"substrate":"Solid Reef","lease_number":null,"poll_year":2025}},{"type":"Feature","id":"62f93dda-26a5-4c4f-a518-45e91db7ea75","geometry":{"type":"Point","coordinates":[-96.95194289419207,28.07122910063887]},"properties":{"substrate":"Buried Shell","lease_number":null,"poll_year":2025}},{"type":"Feature","id":"63096393-0aef-4fc5-bcd1-1a333b512f9d","geometry":{"type":"Point","coordinates":[-96.95473214967454,28.07109361769816]},"properties":{"substrate":"Solid Reef","lease_number":null,"poll_year":2025}},{"type":"Feature","id":"6314ad4f-4a46-4191-a5f5-ca77797e7fc4","geometry":{"type":"Point","coordinates":[-96.95020839380383,28.06950020085984]},"properties":{"substrate":"Mud","lease_number":null,"poll_year":2025}},{"type":"Feature","id":"633c0494-4405-44d2-9bf2-9dd2e9a47d4f","geometry":{"type":"Point","coordinates":[-96.94446668859618,28.06893244805273]},"properties":{"substrate":"Solid Reef","lease_number":null,"poll_year":2025}},{"type":"Feature","id":"638abea9-7817-4a21-8aa6-20194203767d","geometry":{"type":"Point","coordinates":[-96.95822479860087,28.071956610496766]},"properties":{"substrate":"Mud","lease_number":null,"poll_year":2025}},{"type":"Feature","id":"63954ebe-416d-4f9d-8608-0f0ffa45389f","geometry":{"type":"Point","coordinates":[-96.95624815553117,28.064419569470683]},"properties":{"substrate":"Mud","lease_number":null,"poll_year":2025}},{"type":"Feature","id":"63a372a9-023f-47cd-a88b-fa01f5bc9ab9","geometry":{"type":"Point","coordinates":[-96.94481130030547,28.06484380002132]},"properties":{"substrate":"Scattered Shell","lease_number":null,"poll_year":2025}},{"type":"Feature","id":"63e63b29-0044-47ef-b71e-051f18e894cc","geometry":{"type":"Point","coordinates":[-96.95087456555392,28.05817443159553]},"properties":{"substrate":"Solid Reef","lease_number":null,"poll_year":2025}},{"type":"Feature","id":"63f05ea0-103b-4e8d-b15e-bb2f26837854","geometry":{"type":"Point","coordinates":[-96.95919058185441,28.06823808430557]},"properties":{"substrate":"Buried Shell","lease_number":null,"poll_year":2025}},{"type":"Feature","id":"640c74f9-2fa8-4a4d-ae06-01a9150b5edf","geometry":{"type":"Point","coordinates":[-96.9579159874506,28.065239656341173]},"properties":{"substrate":"Mud","lease_number":null,"poll_year":2025}},{"type":"Feature","id":"6413b2fe-e46b-47f6-afd4-a91ece81f0c9","geometry":{"type":"Point","coordinates":[-96.9555499812991,28.05867167533831]},"properties":{"substrate":"Solid Reef","lease_number":null,"poll_year":2025}},{"type":"Feature","id":"64180523-1cb6-43ec-b50d-d0eb3fb543cd","geometry":{"type":"Point","coordinates":[-96.95826341268335,28.06888893194767]},"properties":{"substrate":"Buried Shell","lease_number":null,"poll_year":2025}},{"type":"Feature","id":"6424febd-8af9-4301-bfc5-749d2d344073","geometry":{"type":"Point","coordinates":[-96.94580481455183,28.068600063321735]},"properties":{"substrate":"Firm/Hard Bottom","lease_number":null,"poll_year":2025}},{"type":"Feature","id":"64814d0a-c181-45e8-a986-4ca201a58217","geometry":{"type":"Point","coordinates":[-96.95206295672475,28.056665242944387]},"properties":{"substrate":"Solid Reef","lease_number":null,"poll_year":2025}},{"type":"Feature","id":"64ae8a5c-8d63-4e46-8997-c1da5f997117","geometry":{"type":"Point","coordinates":[-96.95066432294651,28.071312541070153]},"properties":{"substrate":"Mud","lease_number":null,"poll_year":2025}},{"type":"Feature","id":"64c22cb6-1ed1-43b5-94b1-27266d7bd977","geometry":{"type":"Point","coordinates":[-96.95870198727307,28.057024776477206]},"properties":{"substrate":"Solid Reef","lease_number":null,"poll_year":2025}},{"type":"Feature","id":"64c38e7b-98b9-4186-8d4c-522ef099fe33","geometry":{"type":"Point","coordinates":[-96.95852524104596,28.067950719992613]},"properties":{"substrate":"Buried Shell","lease_number":null,"poll_year":2025}},{"type":"Feature","id":"6510c84c-5fea-455d-8258-1099e36199a7","geometry":{"type":"Point","coordinates":[-96.94936757698609,28.071773671757715]},"properties":{"substrate":"Mud","lease_number":null,"poll_year":2025}},{"type":"Feature","id":"6559bfde-ed32-4775-b2e4-70f5c6dde4ff","geometry":{"type":"Point","coordinates":[-96.9570125302098,28.069711795451553]},"properties":{"substrate":"Buried Shell","lease_number":null,"poll_year":2025}},{"type":"Feature","id":"655c0475-32c0-41b4-bbcc-3ff45e6731d3","geometry":{"type":"Point","coordinates":[-96.9544505943083,28.063363051914106]},"properties":{"substrate":"Mud","lease_number":null,"poll_year":2025}},{"type":"Feature","id":"65b643c3-a046-4c95-8e0f-ea05a28ecbe0","geometry":{"type":"Point","coordinates":[-96.964936304328,28.060871827092324]},"properties":{"substrate":"Mud","lease_number":null,"poll_year":2025}},{"type":"Feature","id":"65cb7532-105a-464b-97e1-229ee5d96eff","geometry":{"type":"Point","coordinates":[-96.9591511323387,28.069602724157054]},"properties":{"substrate":"Mud","lease_number":null,"poll_year":2025}},{"type":"Feature","id":"65df9650-1b6e-49ea-a26a-5ccf412e0516","geometry":{"type":"Point","coordinates":[-96.95086673314295,28.07168559872116]},"properties":{"substrate":"Mud","lease_number":null,"poll_year":2025}},{"type":"Feature","id":"65e4f558-365b-4bfc-9c51-a8f763252e10","geometry":{"type":"Point","coordinates":[-96.9627781836046,28.06054985040687]},"properties":{"substrate":"Solid Reef","lease_number":null,"poll_year":2025}},{"type":"Feature","id":"66051c2e-4bdd-4e5e-a5cf-c51301cc8a41","geometry":{"type":"Point","coordinates":[-96.9514296246865,28.056783872043617]},"properties":{"substrate":"Solid Reef","lease_number":null,"poll_year":2025}},{"type":"Feature","id":"661d954d-421c-4f58-9b4f-bf51736d5904","geometry":{"type":"Point","coordinates":[-96.94934629230376,28.07126958711827]},"properties":{"substrate":"Firm/Hard Bottom","lease_number":null,"poll_year":2025}},{"type":"Feature","id":"6642b3f6-c790-4ab0-8d58-bcdc5f0d38cf","geometry":{"type":"Point","coordinates":[-96.95870321976163,28.056077191295834]},"properties":{"substrate":"Firm/Hard Bottom","lease_number":null,"poll_year":2025}},{"type":"Feature","id":"664d11b7-62a8-4895-aec1-2ee506ba1499","geometry":{"type":"Point","coordinates":[-96.95298820439939,28.05818123248354]},"properties":{"substrate":"Solid Reef","lease_number":null,"poll_year":2025}},{"type":"Feature","id":"664df12d-88b0-442d-a675-778af9b9e76b","geometry":{"type":"Point","coordinates":[-96.95560033636234,28.066928876138128]},"properties":{"substrate":"Buried Shell","lease_number":null,"poll_year":2025}},{"type":"Feature","id":"66768161-e6e2-48bf-a7c6-198523970565","geometry":{"type":"Point","coordinates":[-96.9598173112753,28.068495508271397]},"properties":{"substrate":"Buried Shell","lease_number":null,"poll_year":2025}},{"type":"Feature","id":"6680a1eb-6f8d-42fb-b198-f7369ef0ca6e","geometry":{"type":"Point","coordinates":[-96.95182956902404,28.071523037459162]},"properties":{"substrate":"Buried Shell","lease_number":null,"poll_year":2025}},{"type":"Feature","id":"668866fb-c5f7-43af-a4f2-7759d6273ae9","geometry":{"type":"Point","coordinates":[-96.95431951843024,28.05872737354009]},"properties":{"substrate":"Solid Reef","lease_number":null,"poll_year":2025}},{"type":"Feature","id":"66bae85f-3487-45a4-ae3b-62bc3f93db31","geometry":{"type":"Point","coordinates":[-96.94697166502047,28.069757072494482]},"properties":{"substrate":"Firm/Hard Bottom","lease_number":null,"poll_year":2025}},{"type":"Feature","id":"671bd951-61d6-4999-b7bc-d33edd8e6e9e","geometry":{"type":"Point","coordinates":[-96.94693548806734,28.067880552506697]},"properties":{"substrate":"Firm/Hard Bottom","lease_number":null,"poll_year":2025}},{"type":"Feature","id":"6722bbdf-e6ea-4b72-b02f-0e64848a4124","geometry":{"type":"Point","coordinates":[-96.94436400037944,28.064519200333905]},"properties":{"substrate":"Scattered Shell","lease_number":null,"poll_year":2025}},{"type":"Feature","id":"672a2655-266c-428b-b698-8cd780aee03f","geometry":{"type":"Point","coordinates":[-96.94937342591692,28.067560852750738]},"properties":{"substrate":"Buried Shell","lease_number":null,"poll_year":2025}},{"type":"Feature","id":"6730f557-48bd-42a1-80c1-c0b3770f6065","geometry":{"type":"Point","coordinates":[-96.95033910227093,28.07177932166979]},"properties":{"substrate":"Solid Reef","lease_number":null,"poll_year":2025}},{"type":"Feature","id":"67514196-9e1b-467f-ae7b-e6013b7e1baf","geometry":{"type":"Point","coordinates":[-96.94966316763033,28.06566010573443]},"properties":{"substrate":"Mud","lease_number":null,"poll_year":2025}},{"type":"Feature","id":"67535f42-8923-46f1-9769-5de049cf3956","geometry":{"type":"Point","coordinates":[-96.95451257536796,28.056666015873528]},"properties":{"substrate":"Solid Reef","lease_number":null,"poll_year":2025}},{"type":"Feature","id":"6779e94e-3232-48ec-b88a-e260ad54540c","geometry":{"type":"Point","coordinates":[-96.96259522822226,28.070035572536412]},"properties":{"substrate":"Buried Shell","lease_number":null,"poll_year":2025}},{"type":"Feature","id":"67d2067e-7880-4d8d-bc30-bac85482c65f","geometry":{"type":"Point","coordinates":[-96.957777755593,28.06048984392564]},"properties":{"substrate":"Solid Reef","lease_number":null,"poll_year":2025}},{"type":"Feature","id":"67da3d30-1cfa-453b-8846-8cee9c04f4e8","geometry":{"type":"Point","coordinates":[-96.94670711296592,28.069320857382202]},"properties":{"substrate":"Firm/Hard Bottom","lease_number":null,"poll_year":2025}},{"type":"Feature","id":"687e1e91-6388-492d-88b6-0b28e595af7d","geometry":{"type":"Point","coordinates":[-96.95867949256002,28.06124890596529]},"properties":{"substrate":"Solid Reef","lease_number":null,"poll_year":2025}},{"type":"Feature","id":"687fccf9-f32c-40f0-a641-0862923545fa","geometry":{"type":"Point","coordinates":[-96.95972174939371,28.056869772484678]},"properties":{"substrate":"Mud","lease_number":null,"poll_year":2025}},{"type":"Feature","id":"68c008ce-6888-4e81-8222-02989be3d38a","geometry":{"type":"Point","coordinates":[-96.95473410351028,28.07140974878568]},"properties":{"substrate":"Buried Shell","lease_number":null,"poll_year":2025}},{"type":"Feature","id":"69377728-1298-428f-bed7-e3be9189684e","geometry":{"type":"Point","coordinates":[-96.95164050419943,28.05772466038494]},"properties":{"substrate":"Solid Reef","lease_number":null,"poll_year":2025}},{"type":"Feature","id":"6942a368-e290-41b5-a067-cfffad7c723e","geometry":{"type":"Point","coordinates":[-96.94667737334011,28.065803378856064]},"properties":{"substrate":"Mud","lease_number":null,"poll_year":2025}},{"type":"Feature","id":"6974ef06-f361-47e6-b6f3-81289fe74f95","geometry":{"type":"Point","coordinates":[-96.94380350015115,28.0641116998726]},"properties":{"substrate":"Scattered Shell","lease_number":null,"poll_year":2025}},{"type":"Feature","id":"69d3e5ec-9234-4d0b-9825-d3074499c3ec","geometry":{"type":"Point","coordinates":[-96.94411300030927,28.064335599717612]},"properties":{"substrate":"Scattered Shell","lease_number":null,"poll_year":2025}},{"type":"Feature","id":"69ef9cd3-9fd1-4a69-b0de-1f284ddc952e","geometry":{"type":"Point","coordinates":[-96.95786571593068,28.071823566621955]},"properties":{"substrate":"Mud","lease_number":null,"poll_year":2025}},{"type":"Feature","id":"69fe8483-3a45-4eec-9cbb-b390e6ee9149","geometry":{"type":"Point","coordinates":[-96.95884630970829,28.060036889315278]},"properties":{"substrate":"Solid Reef","lease_number":null,"poll_year":2025}},{"type":"Feature","id":"6a07df8e-1e1d-4874-9a35-dc9a7600bb75","geometry":{"type":"Point","coordinates":[-96.95764109578715,28.071726226117864]},"properties":{"substrate":"Mud","lease_number":null,"poll_year":2025}},{"type":"Feature","id":"6a0ccdce-1b68-47a4-bd22-9e8a1be2cc3b","geometry":{"type":"Point","coordinates":[-96.95114026475707,28.06966894073384]},"properties":{"substrate":"Mud","lease_number":null,"poll_year":2025}},{"type":"Feature","id":"6a4c3cbb-c0fe-4337-b316-82888ab17e82","geometry":{"type":"Point","coordinates":[-96.95473799321546,28.064877097648044]},"properties":{"substrate":"Mud","lease_number":null,"poll_year":2025}},{"type":"Feature","id":"6a677f72-98f1-4bf9-b66c-0f9f418a0b8d","geometry":{"type":"Point","coordinates":[-96.9543655139694,28.065878463899114]},"properties":{"substrate":"Mud","lease_number":null,"poll_year":2025}},{"type":"Feature","id":"6a7868b2-9138-4b89-9d52-a867a0f610f7","geometry":{"type":"Point","coordinates":[-96.94754138915006,28.070941233071096]},"properties":{"substrate":"Firm/Hard Bottom","lease_number":null,"poll_year":2025}},{"type":"Feature","id":"6a7c7688-d8d5-4104-9b7b-34f36c0ff5a7","geometry":{"type":"Point","coordinates":[-96.9599828716805,28.068304237517754]},"properties":{"substrate":"Buried Shell","lease_number":null,"poll_year":2025}},{"type":"Feature","id":"6aa0bc86-4635-4aff-9978-b772a4cee711","geometry":{"type":"Point","coordinates":[-96.94999116410015,28.068205942629895]},"properties":{"substrate":"Buried Shell","lease_number":null,"poll_year":2025}},{"type":"Feature","id":"6ab41664-15fd-47a4-ba06-6d7021500c99","geometry":{"type":"Point","coordinates":[-96.94900805234478,28.068250644834496]},"properties":{"substrate":"Buried Shell","lease_number":null,"poll_year":2025}},{"type":"Feature","id":"6ac95a7b-b305-4fd5-87a0-027c49c6c32f","geometry":{"type":"Point","coordinates":[-96.95746293291684,28.06157178821148]},"properties":{"substrate":"Solid Reef","lease_number":null,"poll_year":2025}},{"type":"Feature","id":"6ad46e18-0cbe-4238-b8d7-c6075ddbeeba","geometry":{"type":"Point","coordinates":[-96.94663417964631,28.06686777615971]},"properties":{"substrate":"Mud","lease_number":null,"poll_year":2025}},{"type":"Feature","id":"6adbc250-b2ba-4e63-9298-e6e1202b0b8b","geometry":{"type":"Point","coordinates":[-96.9535270246866,28.065905236658942]},"properties":{"substrate":"Buried Shell","lease_number":null,"poll_year":2025}},{"type":"Feature","id":"6ade7ebf-9c15-4d3a-833f-29a4ffd6294b","geometry":{"type":"Point","coordinates":[-96.95517252179312,28.067440014489502]},"properties":{"substrate":"Buried Shell","lease_number":null,"poll_year":2025}},{"type":"Feature","id":"6ae6e4a5-b92d-4e12-a529-30c6f8586c4a","geometry":{"type":"Point","coordinates":[-96.95654207441066,28.06325328690499]},"properties":{"substrate":"Mud","lease_number":null,"poll_year":2025}},{"type":"Feature","id":"6b1ec6b9-9de3-4998-bf37-c10c0f7e941b","geometry":{"type":"Point","coordinates":[-96.95041852412183,28.06893029361001]},"properties":{"substrate":"Mud","lease_number":null,"poll_year":2025}},{"type":"Feature","id":"6b6d8251-508e-43e2-b387-fe57eb21289d","geometry":{"type":"Point","coordinates":[-96.95677274380932,28.058413736344708]},"properties":{"substrate":"Solid Reef","lease_number":null,"poll_year":2025}},{"type":"Feature","id":"6b932cc2-b09b-466e-a7d2-639aee1843b6","geometry":{"type":"Point","coordinates":[-96.95470674172505,28.0636260126533]},"properties":{"substrate":"Mud","lease_number":null,"poll_year":2025}},{"type":"Feature","id":"6bb9b89a-4c3d-44bf-864b-2071113020de","geometry":{"type":"Point","coordinates":[-96.95582530056063,28.055655430456888]},"properties":{"substrate":"Solid Reef","lease_number":null,"poll_year":2025}},{"type":"Feature","id":"6c32076a-7a96-4918-9116-1415039cfb58","geometry":{"type":"Point","coordinates":[-96.9643529087381,28.064314956449646]},"properties":{"substrate":"Solid Reef","lease_number":null,"poll_year":2025}},{"type":"Feature","id":"6c4d7808-9831-4c28-917b-b9fbc4b2c0b9","geometry":{"type":"Point","coordinates":[-96.95269260207706,28.06041552881263]},"properties":{"substrate":"Mud","lease_number":null,"poll_year":2025}},{"type":"Feature","id":"6c57ddd3-bf1f-4065-8712-edbdf01aa0c4","geometry":{"type":"Point","coordinates":[-96.95402485933896,28.066150232269027]},"properties":{"substrate":"Mud","lease_number":null,"poll_year":2025}},{"type":"Feature","id":"6c6e1f70-7848-48b3-b222-6d3f0f2e14ca","geometry":{"type":"Point","coordinates":[-96.96148087529882,28.062997014858933]},"properties":{"substrate":"Solid Reef","lease_number":null,"poll_year":2025}},{"type":"Feature","id":"6ca9f445-f1f5-4d6d-b06c-5575dad2a3d1","geometry":{"type":"Point","coordinates":[-96.95216059281634,28.059329501435716]},"properties":{"substrate":"Mud","lease_number":null,"poll_year":2025}},{"type":"Feature","id":"6cf9d5b8-81b0-4f7d-8f7d-cf0399fb26b3","geometry":{"type":"Point","coordinates":[-96.95438732057293,28.06405048652264]},"properties":{"substrate":"Mud","lease_number":null,"poll_year":2025}},{"type":"Feature","id":"6d362843-f6ba-4139-9c40-9fb6045340e9","geometry":{"type":"Point","coordinates":[-96.95176185401792,28.071145641912032]},"properties":{"substrate":"Buried Shell","lease_number":null,"poll_year":2025}},{"type":"Feature","id":"6d667c51-790d-4bcd-8df4-fa7c623cc21a","geometry":{"type":"Point","coordinates":[-96.96418310109824,28.06027135035501]},"properties":{"substrate":"Solid Reef","lease_number":null,"poll_year":2025}},{"type":"Feature","id":"6d758e06-8a89-4363-979f-554ebb1f8e27","geometry":{"type":"Point","coordinates":[-96.95799607764808,28.058852343802943]},"properties":{"substrate":"Solid Reef","lease_number":null,"poll_year":2025}},{"type":"Feature","id":"6d79beca-f1b0-4c9f-9f67-2fb07da81170","geometry":{"type":"Point","coordinates":[-96.95993358471412,28.058825470194652]},"properties":{"substrate":"Solid Reef","lease_number":null,"poll_year":2025}},{"type":"Feature","id":"6d7d4e32-3a8b-48b9-9277-33528623f719","geometry":{"type":"Point","coordinates":[-96.95454624602144,28.071002632729765]},"properties":{"substrate":"Buried Shell","lease_number":null,"poll_year":2025}},{"type":"Feature","id":"6da4fcca-c814-4363-9036-ecfc748f799b","geometry":{"type":"Point","coordinates":[-96.95547237494338,28.062328875113685]},"properties":{"substrate":"Mud","lease_number":null,"poll_year":2025}},{"type":"Feature","id":"6dc6f9d7-d399-403c-ade2-a0ab9e16d543","geometry":{"type":"Point","coordinates":[-96.94389870001172,28.06417650012105]},"properties":{"substrate":"Scattered Shell","lease_number":null,"poll_year":2025}},{"type":"Feature","id":"6dd714ae-538d-4c06-a34d-768c357cbdec","geometry":{"type":"Point","coordinates":[-96.94924755757256,28.069015516926296]},"properties":{"substrate":"Mud","lease_number":null,"poll_year":2025}},{"type":"Feature","id":"6e2fe4c1-aace-4005-9ea1-11121ec51b1e","geometry":{"type":"Point","coordinates":[-96.9538185693188,28.07066853991295]},"properties":{"substrate":"Buried Shell","lease_number":null,"poll_year":2025}},{"type":"Feature","id":"6e43bc47-f820-4dc9-ab52-04102430ff57","geometry":{"type":"Point","coordinates":[-96.94590196375654,28.067111808858286]},"properties":{"substrate":"Firm/Hard Bottom","lease_number":null,"poll_year":2025}},{"type":"Feature","id":"6e46d403-4e47-4d15-8d7d-2cb2b30a2165","geometry":{"type":"Point","coordinates":[-96.94648811537775,28.066784827697365]},"properties":{"substrate":"Mud","lease_number":null,"poll_year":2025}},{"type":"Feature","id":"6e5186fb-2da3-4dfd-a8a9-c90d15bcc073","geometry":{"type":"Point","coordinates":[-96.95393562788516,28.05776502669944]},"properties":{"substrate":"Solid Reef","lease_number":null,"poll_year":2025}},{"type":"Feature","id":"6e541419-dcc0-4d80-b9e5-39b8773ae566","geometry":{"type":"Point","coordinates":[-96.95106554289173,28.07178703005806]},"properties":{"substrate":"Buried Shell","lease_number":null,"poll_year":2025}},{"type":"Feature","id":"6e87f812-cb11-4507-8917-5ab50d7244bb","geometry":{"type":"Point","coordinates":[-96.95258410804861,28.07152313257577]},"properties":{"substrate":"Buried Shell","lease_number":null,"poll_year":2025}},{"type":"Feature","id":"6e998f6f-4a10-4d49-96e5-4e46fb3de049","geometry":{"type":"Point","coordinates":[-96.95593361672265,28.06711303353465]},"properties":{"substrate":"Buried Shell","lease_number":null,"poll_year":2025}},{"type":"Feature","id":"6eca6275-37c4-4418-9a32-96485bd14a35","geometry":{"type":"Point","coordinates":[-96.95173057737468,28.069955717853862]},"properties":{"substrate":"Mud","lease_number":null,"poll_year":2025}},{"type":"Feature","id":"6ef69e47-6573-489d-abce-4194aba2cc5a","geometry":{"type":"Point","coordinates":[-96.9481698550144,28.064388245502492]},"properties":{"substrate":"Mud","lease_number":null,"poll_year":2025}},{"type":"Feature","id":"6f00d170-2473-4107-8018-db9177c0e192","geometry":{"type":"Point","coordinates":[-96.95148580622269,28.063095277254646]},"properties":{"substrate":"Mud","lease_number":null,"poll_year":2025}},{"type":"Feature","id":"6f033ac1-ad7e-4892-a679-3929f3b9d1f3","geometry":{"type":"Point","coordinates":[-96.95669744342895,28.06338273699265]},"properties":{"substrate":"Mud","lease_number":null,"poll_year":2025}},{"type":"Feature","id":"6f6fcf08-df68-4d0c-b789-267ab5ec74f3","geometry":{"type":"Point","coordinates":[-96.95282283174211,28.059927082065748]},"properties":{"substrate":"Mud","lease_number":null,"poll_year":2025}},{"type":"Feature","id":"6f8d463b-7c40-419f-95f5-61a340c065ce","geometry":{"type":"Point","coordinates":[-96.95831413875082,28.059623834667715]},"properties":{"substrate":"Solid Reef","lease_number":null,"poll_year":2025}},{"type":"Feature","id":"6f9e7194-15b2-4c2c-baf5-cc5ffa8e614d","geometry":{"type":"Point","coordinates":[-96.96326088523769,28.062160495493107]},"properties":{"substrate":"Mud","lease_number":null,"poll_year":2025}},{"type":"Feature","id":"6fab6ea4-f376-4be6-932a-79238c1b2071","geometry":{"type":"Point","coordinates":[-96.95945737251064,28.057579947181466]},"properties":{"substrate":"Solid Reef","lease_number":null,"poll_year":2025}},{"type":"Feature","id":"6fafd2e2-a6df-47c1-813f-7593db1ca13d","geometry":{"type":"Point","coordinates":[-96.96301044481793,28.059368823917644]},"properties":{"substrate":"Mud","lease_number":null,"poll_year":2025}},{"type":"Feature","id":"6fb1e9c6-80f3-4986-a7ba-e294851f2305","geometry":{"type":"Point","coordinates":[-96.95096983099147,28.071103055679036]},"properties":{"substrate":"Buried Shell","lease_number":null,"poll_year":2025}},{"type":"Feature","id":"6fb69c40-763e-4f41-9dba-e7e6d7f542a9","geometry":{"type":"Point","coordinates":[-96.95647286191297,28.056148610315493]},"properties":{"substrate":"Solid Reef","lease_number":null,"poll_year":2025}},{"type":"Feature","id":"6fce403c-c238-4f33-abc9-0820b8e1f8c9","geometry":{"type":"Point","coordinates":[-96.95167363945701,28.06907794813866]},"properties":{"substrate":"Buried Shell","lease_number":null,"poll_year":2025}},{"type":"Feature","id":"6fcec1d9-0f13-410b-abc7-2fdae2972bcb","geometry":{"type":"Point","coordinates":[-96.95305714291092,28.066316454314162]},"properties":{"substrate":"Buried Shell","lease_number":null,"poll_year":2025}},{"type":"Feature","id":"701109e1-aeb0-4dbb-8c20-f34a2636e3c5","geometry":{"type":"Point","coordinates":[-96.95602799911629,28.05906073215611]},"properties":{"substrate":"Solid Reef","lease_number":null,"poll_year":2025}},{"type":"Feature","id":"701ed75c-c147-4570-8a0a-42e05e28439b","geometry":{"type":"Point","coordinates":[-96.95097230495176,28.068716292551994]},"properties":{"substrate":"Buried Shell","lease_number":null,"poll_year":2025}},{"type":"Feature","id":"703cfb77-76eb-496b-8cf2-48cdfadcd667","geometry":{"type":"Point","coordinates":[-96.95307095630506,28.062563804398117]},"properties":{"substrate":"Mud","lease_number":null,"poll_year":2025}},{"type":"Feature","id":"7048bfb6-78b2-4200-b3fa-a97db28bd7ab","geometry":{"type":"Point","coordinates":[-96.95567360655016,28.061163537764404]},"properties":{"substrate":"Solid Reef","lease_number":null,"poll_year":2025}},{"type":"Feature","id":"7048f648-7ac0-4e6d-8905-6227dbcc56d3","geometry":{"type":"Point","coordinates":[-96.96179678224154,28.070794809700704]},"properties":{"substrate":"Buried Shell","lease_number":null,"poll_year":2025}},{"type":"Feature","id":"7065b716-5281-4c12-a026-fe308340b72c","geometry":{"type":"Point","coordinates":[-96.94547219984315,28.060459999612796]},"properties":{"substrate":"Scattered Shell","lease_number":null,"poll_year":2025}},{"type":"Feature","id":"706ab123-a68d-4751-8d96-f58c30ea53cf","geometry":{"type":"Point","coordinates":[-96.95630257816603,28.06383570128328]},"properties":{"substrate":"Mud","lease_number":null,"poll_year":2025}},{"type":"Feature","id":"706c93c9-3659-49d2-902d-dad44d783526","geometry":{"type":"Point","coordinates":[-96.95192891910119,28.06448128993216]},"properties":{"substrate":"Mud","lease_number":null,"poll_year":2025}},{"type":"Feature","id":"70764ac6-b42c-42d4-a81d-bf1c36ac0408","geometry":{"type":"Point","coordinates":[-96.95730511149782,28.07033702136734]},"properties":{"substrate":"Mud","lease_number":null,"poll_year":2025}},{"type":"Feature","id":"70bf9e1b-d90e-4edb-9ba9-84e18d9591df","geometry":{"type":"Point","coordinates":[-96.94776186267025,28.06512700787389]},"properties":{"substrate":"Mud","lease_number":null,"poll_year":2025}},{"type":"Feature","id":"70f425b4-a28d-4989-b07a-4e845da3bf4b","geometry":{"type":"Point","coordinates":[-96.95449144250088,28.06015833995513]},"properties":{"substrate":"Mud","lease_number":null,"poll_year":2025}},{"type":"Feature","id":"7139b7bd-3501-4516-ab52-d1c8a82bf42c","geometry":{"type":"Point","coordinates":[-96.95525114504173,28.059604744238037]},"properties":{"substrate":"Solid Reef","lease_number":null,"poll_year":2025}},{"type":"Feature","id":"71498dcd-4d2c-4af6-9d15-83b48cce61ba","geometry":{"type":"Point","coordinates":[-96.96477961568456,28.059924355888636]},"properties":{"substrate":"Mud","lease_number":null,"poll_year":2025}},{"type":"Feature","id":"7149ede4-d13a-463f-bac4-40fe90e3b398","geometry":{"type":"Point","coordinates":[-96.95842169314147,28.060418274002565]},"properties":{"substrate":"Solid Reef","lease_number":null,"poll_year":2025}},{"type":"Feature","id":"7164a1b3-9290-4688-989d-2c7da6220b69","geometry":{"type":"Point","coordinates":[-96.95188346973771,28.06892298055283]},"properties":{"substrate":"Buried Shell","lease_number":null,"poll_year":2025}},{"type":"Feature","id":"7190cd62-c625-4516-8159-4a0d9731009b","geometry":{"type":"Point","coordinates":[-96.950120441551,28.07104207538526]},"properties":{"substrate":"Mud","lease_number":null,"poll_year":2025}},{"type":"Feature","id":"71961717-4199-4443-b8b7-259243b5e780","geometry":{"type":"Point","coordinates":[-96.95127809596605,28.066015722675164]},"properties":{"substrate":"Mud","lease_number":null,"poll_year":2025}},{"type":"Feature","id":"71acad1b-5a9f-4bd4-9310-09efd968a6e9","geometry":{"type":"Point","coordinates":[-96.95283060396594,28.055686844965958]},"properties":{"substrate":"Solid Reef","lease_number":null,"poll_year":2025}},{"type":"Feature","id":"71cf4709-4138-4ee2-a5ba-6dbf1ea32d2f","geometry":{"type":"Point","coordinates":[-96.95321894835821,28.065732889724806]},"properties":{"substrate":"Mud","lease_number":null,"poll_year":2025}},{"type":"Feature","id":"71d68a88-b3ff-48e6-b144-73b7f35ca4a5","geometry":{"type":"Point","coordinates":[-96.95468228778637,28.056793381835757]},"properties":{"substrate":"Solid Reef","lease_number":null,"poll_year":2025}},{"type":"Feature","id":"71d7704f-3e3a-45cf-9c74-b88890967140","geometry":{"type":"Point","coordinates":[-96.94951404459823,28.071358459476453]},"properties":{"substrate":"Firm/Hard Bottom","lease_number":null,"poll_year":2025}},{"type":"Feature","id":"721298a1-ccf0-46b7-90d9-59d416f24ea2","geometry":{"type":"Point","coordinates":[-96.94972831614969,28.065225923872315]},"properties":{"substrate":"Mud","lease_number":null,"poll_year":2025}},{"type":"Feature","id":"723c307f-ceab-4b51-9119-01ac10b9c9ee","geometry":{"type":"Point","coordinates":[-96.95848741478598,28.062376787843178]},"properties":{"substrate":"Solid Reef","lease_number":null,"poll_year":2025}},{"type":"Feature","id":"723f306e-4764-4d75-a484-ff9ef6a81376","geometry":{"type":"Point","coordinates":[-96.95844908457111,28.059201597837117]},"properties":{"substrate":"Solid Reef","lease_number":null,"poll_year":2025}},{"type":"Feature","id":"723fa94a-b735-42fe-8893-4a8cc282321b","geometry":{"type":"Point","coordinates":[-96.95305604337302,28.058935842994114]},"properties":{"substrate":"Solid Reef","lease_number":null,"poll_year":2025}},{"type":"Feature","id":"72d436b4-79dc-4913-9874-d522a0427786","geometry":{"type":"Point","coordinates":[-96.94663969979375,28.06092830022338]},"properties":{"substrate":"Solid Reef","lease_number":null,"poll_year":2025}},{"type":"Feature","id":"72e82da3-1fa6-4a2e-9728-7c5ee4d74496","geometry":{"type":"Point","coordinates":[-96.95490749363148,28.070597550643686]},"properties":{"substrate":"Buried Shell","lease_number":null,"poll_year":2025}},{"type":"Feature","id":"72e87bc4-3845-4596-816c-0f2782cea064","geometry":{"type":"Point","coordinates":[-96.9644400659819,28.06219488550885]},"properties":{"substrate":"Mud","lease_number":null,"poll_year":2025}},{"type":"Feature","id":"73164c76-c2e6-411b-bd3b-30e3f5fe786f","geometry":{"type":"Point","coordinates":[-96.9605594140231,28.061365883540724]},"properties":{"substrate":"Solid Reef","lease_number":null,"poll_year":2025}},{"type":"Feature","id":"731b5436-4fcc-4bcd-9dab-5af0bbce2c34","geometry":{"type":"Point","coordinates":[-96.96313290046251,28.060294065779832]},"properties":{"substrate":"Mud","lease_number":null,"poll_year":2025}},{"type":"Feature","id":"733279d9-e2e7-478a-b085-27159d27187f","geometry":{"type":"Point","coordinates":[-96.95608150187628,28.063631286462996]},"properties":{"substrate":"Mud","lease_number":null,"poll_year":2025}},{"type":"Feature","id":"73562fd2-6ad8-499d-8458-556d5d738230","geometry":{"type":"Point","coordinates":[-96.95984847113758,28.07144511237244]},"properties":{"substrate":"Buried Shell","lease_number":null,"poll_year":2025}},{"type":"Feature","id":"7389b689-38c5-4f20-969e-1921d23a95a5","geometry":{"type":"Point","coordinates":[-96.95917874744886,28.058234306982403]},"properties":{"substrate":"Solid Reef","lease_number":null,"poll_year":2025}},{"type":"Feature","id":"738f3d36-baae-49c3-8740-cb7dc1291389","geometry":{"type":"Point","coordinates":[-96.95259079600591,28.063022433610705]},"properties":{"substrate":"Mud","lease_number":null,"poll_year":2025}},{"type":"Feature","id":"73c482f2-e441-4890-8b9a-c592d9e5ef3d","geometry":{"type":"Point","coordinates":[-96.96200303812572,28.060364330967595]},"properties":{"substrate":"Solid Reef","lease_number":null,"poll_year":2025}},{"type":"Feature","id":"73d08143-e650-49f3-acfb-e3f50270be96","geometry":{"type":"Point","coordinates":[-96.96239160889344,28.069896952366314]},"properties":{"substrate":"Buried Shell","lease_number":null,"poll_year":2025}},{"type":"Feature","id":"7415b5af-ddf8-45c3-9cd2-5e10e4bb1113","geometry":{"type":"Point","coordinates":[-96.94662167240263,28.069888021575686]},"properties":{"substrate":"Firm/Hard Bottom","lease_number":null,"poll_year":2025}},{"type":"Feature","id":"74331ebe-2a4d-4440-a710-17a7c9aa62a6","geometry":{"type":"Point","coordinates":[-96.95200853229326,28.059191168692173]},"properties":{"substrate":"Mud","lease_number":null,"poll_year":2025}},{"type":"Feature","id":"745d94ce-fab2-4268-a530-c3cbd9dfc792","geometry":{"type":"Point","coordinates":[-96.95076869280948,28.062617310342034]},"properties":{"substrate":"Mud","lease_number":null,"poll_year":2025}},{"type":"Feature","id":"746b91f2-165e-4127-85f8-0d736555134e","geometry":{"type":"Point","coordinates":[-96.9487532541976,28.063413759235978]},"properties":{"substrate":"Mud","lease_number":null,"poll_year":2025}},{"type":"Feature","id":"746e2455-e194-4005-ace7-e581edcbd8a2","geometry":{"type":"Point","coordinates":[-96.95593463631049,28.06202466104614]},"properties":{"substrate":"Solid Reef","lease_number":null,"poll_year":2025}},{"type":"Feature","id":"74984c97-c5b1-4149-a4a1-907a19854f83","geometry":{"type":"Point","coordinates":[-96.95292022528858,28.05548903812879]},"properties":{"substrate":"Solid Reef","lease_number":null,"poll_year":2025}},{"type":"Feature","id":"74a8a511-e5e7-4232-953f-a7f83cbdc0e0","geometry":{"type":"Point","coordinates":[-96.95371173178373,28.070570238468935]},"properties":{"substrate":"Solid Reef","lease_number":null,"poll_year":2025}},{"type":"Feature","id":"74bd6fd5-a7e2-4ef7-ada5-6df3e8b9ebc6","geometry":{"type":"Point","coordinates":[-96.95090146650342,28.063312010049383]},"properties":{"substrate":"Mud","lease_number":null,"poll_year":2025}},{"type":"Feature","id":"74c2532e-f348-4b7d-b0ac-9f2bc8b06cde","geometry":{"type":"Point","coordinates":[-96.95681721760242,28.055647221475624]},"properties":{"substrate":"Solid Reef","lease_number":null,"poll_year":2025}},{"type":"Feature","id":"74ceecbd-7c4b-4000-ad1f-431673dbb5c5","geometry":{"type":"Point","coordinates":[-96.95978153317418,28.068762850158087]},"properties":{"substrate":"Mud","lease_number":null,"poll_year":2025}},{"type":"Feature","id":"74d534cc-500e-4921-bebc-2c3111ea510a","geometry":{"type":"Point","coordinates":[-96.95645696802065,28.05997221895573]},"properties":{"substrate":"Solid Reef","lease_number":null,"poll_year":2025}},{"type":"Feature","id":"74ef9bb0-4d0e-4d98-820f-41e5959843ef","geometry":{"type":"Point","coordinates":[-96.9495280601133,28.07006828754265]},"properties":{"substrate":"Firm/Hard Bottom","lease_number":null,"poll_year":2025}},{"type":"Feature","id":"7521fc4d-5171-4464-90ba-addf41c32a35","geometry":{"type":"Point","coordinates":[-96.96002931637732,28.06359973317569]},"properties":{"substrate":"Solid Reef","lease_number":null,"poll_year":2025}},{"type":"Feature","id":"75441da5-3366-47cb-ad2b-1eb8b2472157","geometry":{"type":"Point","coordinates":[-96.95988389260754,28.06988628091557]},"properties":{"substrate":"Mud","lease_number":null,"poll_year":2025}},{"type":"Feature","id":"75455d0a-021a-44f1-8610-e7154618d9ab","geometry":{"type":"Point","coordinates":[-96.95236902711508,28.056400712971264]},"properties":{"substrate":"Solid Reef","lease_number":null,"poll_year":2025}},{"type":"Feature","id":"754fe6c1-c86a-4587-b32a-e33efaf7ed1b","geometry":{"type":"Point","coordinates":[-96.95181358530019,28.056462364311876]},"properties":{"substrate":"Solid Reef","lease_number":null,"poll_year":2025}},{"type":"Feature","id":"7552d899-50a0-4985-81f4-ea1eb1a93876","geometry":{"type":"Point","coordinates":[-96.95908683362562,28.071124236638934]},"properties":{"substrate":"Mud","lease_number":null,"poll_year":2025}},{"type":"Feature","id":"7572973b-3a72-4a52-8d7e-50a6142d4451","geometry":{"type":"Point","coordinates":[-96.96523019176647,28.062827245092453]},"properties":{"substrate":"Solid Reef","lease_number":null,"poll_year":2025}},{"type":"Feature","id":"7581db04-2889-4c65-a5fa-d5fe73f99b51","geometry":{"type":"Point","coordinates":[-96.95470885995248,28.058437305937435]},"properties":{"substrate":"Solid Reef","lease_number":null,"poll_year":2025}},{"type":"Feature","id":"7593f317-f6f1-411b-8d21-a101254bf946","geometry":{"type":"Point","coordinates":[-96.95320019961993,28.056757594856826]},"properties":{"substrate":"Solid Reef","lease_number":null,"poll_year":2025}},{"type":"Feature","id":"7597d9dc-2730-4317-ae69-b1ca70a8eb55","geometry":{"type":"Point","coordinates":[-96.94850968229652,28.067399954608113]},"properties":{"substrate":"Buried Shell","lease_number":null,"poll_year":2025}},{"type":"Feature","id":"759d7a99-43ea-4798-8751-3b4ffa527c41","geometry":{"type":"Point","coordinates":[-96.96079197168048,28.069162057656648]},"properties":{"substrate":"Mud","lease_number":null,"poll_year":2025}},{"type":"Feature","id":"75c8df63-872c-4c54-b0a0-75a146fb1f96","geometry":{"type":"Point","coordinates":[-96.9569867287982,28.065151998864504]},"properties":{"substrate":"Mud","lease_number":null,"poll_year":2025}},{"type":"Feature","id":"75f34ba7-c9fa-4af7-ae64-e750e096dea6","geometry":{"type":"Point","coordinates":[-96.95382006142047,28.06499654049259]},"properties":{"substrate":"Mud","lease_number":null,"poll_year":2025}},{"type":"Feature","id":"75fa5cda-4dfd-459e-b646-f2bde5e2dea3","geometry":{"type":"Point","coordinates":[-96.95953530136154,28.070703975874302]},"properties":{"substrate":"Mud","lease_number":null,"poll_year":2025}},{"type":"Feature","id":"75ff4ff1-15fd-4459-ac6d-af6ebc8b86e5","geometry":{"type":"Point","coordinates":[-96.9476402613235,28.067956662598935]},"properties":{"substrate":"Buried Shell","lease_number":null,"poll_year":2025}},{"type":"Feature","id":"76189bb4-8c5e-4699-9313-39a7b40d8704","geometry":{"type":"Point","coordinates":[-96.95620139552568,28.060464052789328]},"properties":{"substrate":"Solid Reef","lease_number":null,"poll_year":2025}},{"type":"Feature","id":"76204a35-1c67-49c7-970e-bf270170e5ee","geometry":{"type":"Point","coordinates":[-96.94735838975028,28.06561305294317]},"properties":{"substrate":"Mud","lease_number":null,"poll_year":2025}},{"type":"Feature","id":"762ea475-1863-4e20-ae22-19bfe7f227a3","geometry":{"type":"Point","coordinates":[-96.95329883104486,28.057786402924087]},"properties":{"substrate":"Solid Reef","lease_number":null,"poll_year":2025}},{"type":"Feature","id":"76528809-cd96-495b-b2e5-e6d97dc6a324","geometry":{"type":"Point","coordinates":[-96.95105562638933,28.062945427441758]},"properties":{"substrate":"Mud","lease_number":null,"poll_year":2025}},{"type":"Feature","id":"7656d4c5-2f35-48ad-a515-adc0c7bb2d8b","geometry":{"type":"Point","coordinates":[-96.94880321579873,28.068069625165393]},"properties":{"substrate":"Buried Shell","lease_number":null,"poll_year":2025}},{"type":"Feature","id":"769e8148-6667-418b-b90e-c9ab04a0ade6","geometry":{"type":"Point","coordinates":[-96.94949946583948,28.062899867704903]},"properties":{"substrate":"Mud","lease_number":null,"poll_year":2025}},{"type":"Feature","id":"76be37c3-0189-4b1a-8c4f-131c142f5358","geometry":{"type":"Point","coordinates":[-96.95636665769018,28.0718456336067]},"properties":{"substrate":"Buried Shell","lease_number":null,"poll_year":2025}},{"type":"Feature","id":"76c15862-a55a-4320-a26c-5de8caec6051","geometry":{"type":"Point","coordinates":[-96.95568938635644,28.057568893199107]},"properties":{"substrate":"Solid Reef","lease_number":null,"poll_year":2025}},{"type":"Feature","id":"76f31c7c-f081-46f7-9344-dbd3003b6c1f","geometry":{"type":"Point","coordinates":[-96.96098396680952,28.063149325933484]},"properties":{"substrate":"Solid Reef","lease_number":null,"poll_year":2025}},{"type":"Feature","id":"76fa1231-befb-4411-b08f-678730fc7ed2","geometry":{"type":"Point","coordinates":[-96.95474386460415,28.06979224559635]},"properties":{"substrate":"Buried Shell","lease_number":null,"poll_year":2025}},{"type":"Feature","id":"76fbd79f-7434-4d97-a04e-80407e3c45e2","geometry":{"type":"Point","coordinates":[-96.95620626169958,28.0585316619447]},"properties":{"substrate":"Solid Reef","lease_number":null,"poll_year":2025}},{"type":"Feature","id":"7710134f-ba35-466d-8e14-5f6709b7a56f","geometry":{"type":"Point","coordinates":[-96.9505438355107,28.07188914217312]},"properties":{"substrate":"Firm/Hard Bottom","lease_number":null,"poll_year":2025}},{"type":"Feature","id":"77104707-1fb4-4571-b8c4-601f079f1514","geometry":{"type":"Point","coordinates":[-96.95470125840855,28.059084502167693]},"properties":{"substrate":"Solid Reef","lease_number":null,"poll_year":2025}},{"type":"Feature","id":"7713b0d5-45e1-407b-a700-5a027f4983f8","geometry":{"type":"Point","coordinates":[-96.95353106171548,28.070482265111885]},"properties":{"substrate":"Solid Reef","lease_number":null,"poll_year":2025}},{"type":"Feature","id":"7781ee52-77f6-49f1-8be2-4d3b4cd863fc","geometry":{"type":"Point","coordinates":[-96.96333998549171,28.060446815095414]},"properties":{"substrate":"Mud","lease_number":null,"poll_year":2025}},{"type":"Feature","id":"778a0f0b-293c-4978-9d4a-48b6a0303ccd","geometry":{"type":"Point","coordinates":[-96.95274447888642,28.054824971694956]},"properties":{"substrate":"Solid Reef","lease_number":null,"poll_year":2025}},{"type":"Feature","id":"780e3ee7-0bb7-4469-bbae-967ca9045a2d","geometry":{"type":"Point","coordinates":[-96.95377422667974,28.05722359123686]},"properties":{"substrate":"Solid Reef","lease_number":null,"poll_year":2025}},{"type":"Feature","id":"78120ae5-089f-4142-b59c-e31ca3d2304e","geometry":{"type":"Point","coordinates":[-96.9592353206505,28.05740670378181]},"properties":{"substrate":"Solid Reef","lease_number":null,"poll_year":2025}},{"type":"Feature","id":"783ab5a8-224b-4bec-92e1-7a3972167405","geometry":{"type":"Point","coordinates":[-96.96354958939696,28.062388192499704]},"properties":{"substrate":"Solid Reef","lease_number":null,"poll_year":2025}},{"type":"Feature","id":"784380a4-2f93-469f-9e6f-75ce818da6a6","geometry":{"type":"Point","coordinates":[-96.95096647308894,28.069205650538667]},"properties":{"substrate":"Buried Shell","lease_number":null,"poll_year":2025}},{"type":"Feature","id":"784cb72c-cc95-47da-a50b-ec5cb2aacf43","geometry":{"type":"Point","coordinates":[-96.95036472851103,28.05874166571572]},"properties":{"substrate":"Solid Reef","lease_number":null,"poll_year":2025}},{"type":"Feature","id":"78509419-ed6f-4970-9498-57c8aceca6ae","geometry":{"type":"Point","coordinates":[-96.947756417083,28.0646111903735]},"properties":{"substrate":"Mud","lease_number":null,"poll_year":2025}},{"type":"Feature","id":"7859c369-dfcd-4ead-b764-75946ac73e02","geometry":{"type":"Point","coordinates":[-96.95423930606188,28.06444336604129]},"properties":{"substrate":"Mud","lease_number":null,"poll_year":2025}},{"type":"Feature","id":"78a0c095-a81d-4485-b1f5-ef7c9fbf26d8","geometry":{"type":"Point","coordinates":[-96.95307393691516,28.06416117499701]},"properties":{"substrate":"Mud","lease_number":null,"poll_year":2025}},{"type":"Feature","id":"78edc942-ce2b-472a-9534-dc6b7b04ac9b","geometry":{"type":"Point","coordinates":[-96.95468577774125,28.071031132964745]},"properties":{"substrate":"Mud","lease_number":null,"poll_year":2025}},{"type":"Feature","id":"790756fd-30c7-4d0a-b46b-8fdcd7e87efb","geometry":{"type":"Point","coordinates":[-96.94599660037342,28.06572069987633]},"properties":{"substrate":"Scattered Shell","lease_number":null,"poll_year":2025}},{"type":"Feature","id":"792c2978-56c0-41d4-b3db-514ab7c5fdcb","geometry":{"type":"Point","coordinates":[-96.95844330211564,28.061045930552627]},"properties":{"substrate":"Solid Reef","lease_number":null,"poll_year":2025}},{"type":"Feature","id":"7949def6-63f2-4ff8-b410-e247f697c6db","geometry":{"type":"Point","coordinates":[-96.96031990340542,28.05821487384384]},"properties":{"substrate":"Mud","lease_number":null,"poll_year":2025}},{"type":"Feature","id":"7964e725-6d04-479f-a0bd-306184508e84","geometry":{"type":"Point","coordinates":[-96.95304869964558,28.054512090509284]},"properties":{"substrate":"Solid Reef","lease_number":null,"poll_year":2025}},{"type":"Feature","id":"7965cd9f-62a3-4e2f-8e9e-7a8ed63a34c6","geometry":{"type":"Point","coordinates":[-96.94953292538888,28.067645863133208]},"properties":{"substrate":"Buried Shell","lease_number":null,"poll_year":2025}},{"type":"Feature","id":"79831577-1a86-4c38-99ca-3238c4042b49","geometry":{"type":"Point","coordinates":[-96.95265928356316,28.070707946229472]},"properties":{"substrate":"Buried Shell","lease_number":null,"poll_year":2025}},{"type":"Feature","id":"79bc2166-ae8f-43ab-a25f-ffae13056904","geometry":{"type":"Point","coordinates":[-96.95277585973422,28.063180895999714]},"properties":{"substrate":"Mud","lease_number":null,"poll_year":2025}},{"type":"Feature","id":"79c09f69-a5d1-4d92-b0d4-a010d9c52ec7","geometry":{"type":"Point","coordinates":[-96.95549497655593,28.065958281185267]},"properties":{"substrate":"Buried Shell","lease_number":null,"poll_year":2025}},{"type":"Feature","id":"79c75e85-ac09-4ccd-92f7-7e43b1d6e549","geometry":{"type":"Point","coordinates":[-96.95248851292934,28.056177227060648]},"properties":{"substrate":"Solid Reef","lease_number":null,"poll_year":2025}},{"type":"Feature","id":"79ebe190-0e38-4ce2-b33e-c1b7b0c520ad","geometry":{"type":"Point","coordinates":[-96.94404330002637,28.069298399892798]},"properties":{"substrate":"Solid Reef","lease_number":null,"poll_year":2025}},{"type":"Feature","id":"79fc5e6b-64f5-4803-9db4-fb06535e6cdd","geometry":{"type":"Point","coordinates":[-96.95342613849029,28.06170111428348]},"properties":{"substrate":"Mud","lease_number":null,"poll_year":2025}},{"type":"Feature","id":"7a1c8fcd-6e36-4e3d-b564-d9bdd63c384a","geometry":{"type":"Point","coordinates":[-96.9523187879345,28.069141754572577]},"properties":{"substrate":"Mud","lease_number":null,"poll_year":2025}},{"type":"Feature","id":"7a21f9b8-90be-42f4-a0cf-cadf68a56b72","geometry":{"type":"Point","coordinates":[-96.95250694635897,28.05898260222745]},"properties":{"substrate":"Mud","lease_number":null,"poll_year":2025}},{"type":"Feature","id":"7a3d97ce-159f-430a-9e18-2608f724600b","geometry":{"type":"Point","coordinates":[-96.95770897967653,28.06362479665686]},"properties":{"substrate":"Mud","lease_number":null,"poll_year":2025}},{"type":"Feature","id":"7a5e7a69-b079-48c8-95ef-57557e69bae5","geometry":{"type":"Point","coordinates":[-96.96173126990449,28.05925159525191]},"properties":{"substrate":"Solid Reef","lease_number":null,"poll_year":2025}},{"type":"Feature","id":"7a6698c4-bfd6-4a9a-9041-05683f631be9","geometry":{"type":"Point","coordinates":[-96.96355895702874,28.063691410887394]},"properties":{"substrate":"Solid Reef","lease_number":null,"poll_year":2025}},{"type":"Feature","id":"7a95ab8e-565c-4b71-b22f-455743759ceb","geometry":{"type":"Point","coordinates":[-96.96048702059097,28.071083838880607]},"properties":{"substrate":"Buried Shell","lease_number":null,"poll_year":2025}},{"type":"Feature","id":"7b546484-1cab-4b8f-9715-7fca01007615","geometry":{"type":"Point","coordinates":[-96.95725293644782,28.058789997814166]},"properties":{"substrate":"Solid Reef","lease_number":null,"poll_year":2025}},{"type":"Feature","id":"7b6fe945-9499-4039-9d70-28efa8b15eb2","geometry":{"type":"Point","coordinates":[-96.95224426908842,28.070206515130984]},"properties":{"substrate":"Mud","lease_number":null,"poll_year":2025}},{"type":"Feature","id":"7bbfc289-4a03-4846-ae43-bbe24eb23f31","geometry":{"type":"Point","coordinates":[-96.96412943574319,28.063570702240735]},"properties":{"substrate":"Solid Reef","lease_number":null,"poll_year":2025}},{"type":"Feature","id":"7bc3d7ae-50ce-4135-85ca-26f9af75e0e4","geometry":{"type":"Point","coordinates":[-96.95473115523951,28.059831593687427]},"properties":{"substrate":"Solid Reef","lease_number":null,"poll_year":2025}},{"type":"Feature","id":"7c1cf138-72cf-45a5-9423-4084057b3052","geometry":{"type":"Point","coordinates":[-96.94626288707477,28.066653524472247]},"properties":{"substrate":"Mud","lease_number":null,"poll_year":2025}},{"type":"Feature","id":"7caf42ae-bbde-47bc-83e8-12a8fae964bc","geometry":{"type":"Point","coordinates":[-96.95128917938004,28.060230747165246]},"properties":{"substrate":"Mud","lease_number":null,"poll_year":2025}},{"type":"Feature","id":"7cb01c7e-1f4f-4a15-b271-0f2cd19e4fa9","geometry":{"type":"Point","coordinates":[-96.95645608318009,28.058166661982785]},"properties":{"substrate":"Solid Reef","lease_number":null,"poll_year":2025}},{"type":"Feature","id":"7cd3564e-1d06-498f-8b1f-9d6c355cb783","geometry":{"type":"Point","coordinates":[-96.95296487604978,28.06849767064943]},"properties":{"substrate":"Buried Shell","lease_number":null,"poll_year":2025}},{"type":"Feature","id":"7d140e0e-e248-4ea1-8502-5d957f223ab2","geometry":{"type":"Point","coordinates":[-96.96057998184983,28.06366154288999]},"properties":{"substrate":"Solid Reef","lease_number":null,"poll_year":2025}},{"type":"Feature","id":"7d1e66ea-9378-4fe0-aa12-102f2c979c1c","geometry":{"type":"Point","coordinates":[-96.95346274393981,28.06994881387379]},"properties":{"substrate":"Solid Reef","lease_number":null,"poll_year":2025}},{"type":"Feature","id":"7d512147-092d-4e8e-a6f2-eaa15972067f","geometry":{"type":"Point","coordinates":[-96.96039108770516,28.063864057563464]},"properties":{"substrate":"Solid Reef","lease_number":null,"poll_year":2025}},{"type":"Feature","id":"7d59462f-8bee-4c16-bb2e-449d7252cc33","geometry":{"type":"Point","coordinates":[-96.9552360380736,28.05520263226047]},"properties":{"substrate":"Solid Reef","lease_number":null,"poll_year":2025}},{"type":"Feature","id":"7d86476a-34f7-48e2-ae3c-528fbbbd9178","geometry":{"type":"Point","coordinates":[-96.95305216534594,28.060780624191402]},"properties":{"substrate":"Mud","lease_number":null,"poll_year":2025}},{"type":"Feature","id":"7d97a73c-c07d-4ec5-b040-7b6dd896ddfb","geometry":{"type":"Point","coordinates":[-96.96079483371298,28.058570348153264]},"properties":{"substrate":"Solid Reef","lease_number":null,"poll_year":2025}},{"type":"Feature","id":"7db97410-cce5-4e61-966c-89bdc2ba01e2","geometry":{"type":"Point","coordinates":[-96.95409856790464,28.060372326346844]},"properties":{"substrate":"Solid Reef","lease_number":null,"poll_year":2025}},{"type":"Feature","id":"7e056741-21ed-4785-b64b-0fc7423ebca4","geometry":{"type":"Point","coordinates":[-96.95898166516035,28.056290270977783]},"properties":{"substrate":"Firm/Hard Bottom","lease_number":null,"poll_year":2025}},{"type":"Feature","id":"7e19c12f-42ad-4806-a105-a445b5927df7","geometry":{"type":"Point","coordinates":[-96.95509567541214,28.059458569398426]},"properties":{"substrate":"Solid Reef","lease_number":null,"poll_year":2025}},{"type":"Feature","id":"7e1ca51d-83ba-4fb3-a193-509d13aa3e66","geometry":{"type":"Point","coordinates":[-96.94575193612094,28.06769067892213]},"properties":{"substrate":"Firm/Hard Bottom","lease_number":null,"poll_year":2025}},{"type":"Feature","id":"7e373906-5ffa-4ad7-8a2c-e6b358bb812c","geometry":{"type":"Point","coordinates":[-96.9561162208637,28.062184981426423]},"properties":{"substrate":"Solid Reef","lease_number":null,"poll_year":2025}},{"type":"Feature","id":"7e8e6704-4c3f-44b5-8847-46e709e135e1","geometry":{"type":"Point","coordinates":[-96.95659223723445,28.071337927734582]},"properties":{"substrate":"Mud","lease_number":null,"poll_year":2025}},{"type":"Feature","id":"7eb726a5-d13e-4946-a8ce-356c26f9247d","geometry":{"type":"Point","coordinates":[-96.95534228361886,28.071208545093064]},"properties":{"substrate":"Buried Shell","lease_number":null,"poll_year":2025}},{"type":"Feature","id":"7edbddae-2326-4e63-8887-b0a6084a3eb3","geometry":{"type":"Point","coordinates":[-96.94889916126098,28.06790909954443]},"properties":{"substrate":"Buried Shell","lease_number":null,"poll_year":2025}},{"type":"Feature","id":"7f09f94b-3238-4852-ade8-ec2f4fd7c7b9","geometry":{"type":"Point","coordinates":[-96.96194782317677,28.061156343878604]},"properties":{"substrate":"Solid Reef","lease_number":null,"poll_year":2025}},{"type":"Feature","id":"7f2457ca-2ebc-459a-b84f-da8e96a19fe0","geometry":{"type":"Point","coordinates":[-96.9477786521829,28.06924365597761]},"properties":{"substrate":"Firm/Hard Bottom","lease_number":null,"poll_year":2025}},{"type":"Feature","id":"7f31ec4f-71a0-4e6b-ab04-2dd800adba4a","geometry":{"type":"Point","coordinates":[-96.95122443869582,28.069175707978967]},"properties":{"substrate":"Mud","lease_number":null,"poll_year":2025}},{"type":"Feature","id":"7f3709f0-d2c8-47cb-8913-bf8f4604bfee","geometry":{"type":"Point","coordinates":[-96.9481151233591,28.066858715118965]},"properties":{"substrate":"Mud","lease_number":null,"poll_year":2025}},{"type":"Feature","id":"7f6dcc1b-6991-49c7-862f-4781e7d61f91","geometry":{"type":"Point","coordinates":[-96.95836295769493,28.0616882287703]},"properties":{"substrate":"Solid Reef","lease_number":null,"poll_year":2025}},{"type":"Feature","id":"7f7ecb0f-a9c8-4de3-84a6-c0175eb92f4b","geometry":{"type":"Point","coordinates":[-96.9556908703733,28.05708447651512]},"properties":{"substrate":"Solid Reef","lease_number":null,"poll_year":2025}},{"type":"Feature","id":"7f9303b5-3304-4b51-bf37-dbaee10abc18","geometry":{"type":"Point","coordinates":[-96.9615070045955,28.05908880748421]},"properties":{"substrate":"Solid Reef","lease_number":null,"poll_year":2025}},{"type":"Feature","id":"7fb85fce-12f3-4587-b343-10b4ef763e27","geometry":{"type":"Point","coordinates":[-96.95446731375237,28.06269218437398]},"properties":{"substrate":"Mud","lease_number":null,"poll_year":2025}},{"type":"Feature","id":"7fc36fdd-10dd-489d-abbe-1efb699ac2f2","geometry":{"type":"Point","coordinates":[-96.95344945785675,28.071101305526927]},"properties":{"substrate":"Buried Shell","lease_number":null,"poll_year":2025}},{"type":"Feature","id":"7fcd4162-022b-4e7b-9577-66331c039f30","geometry":{"type":"Point","coordinates":[-96.95380308326162,28.055629199766873]},"properties":{"substrate":"Solid Reef","lease_number":null,"poll_year":2025}},{"type":"Feature","id":"7fdc11a3-90cf-4d69-a5f1-a42f3e2cce89","geometry":{"type":"Point","coordinates":[-96.96129108283887,28.07017997093287]},"properties":{"substrate":"Buried Shell","lease_number":null,"poll_year":2025}},{"type":"Feature","id":"7fed2060-f80f-4a60-af36-5c3abfa1e101","geometry":{"type":"Point","coordinates":[-96.95547950936336,28.067602064317576]},"properties":{"substrate":"Buried Shell","lease_number":null,"poll_year":2025}},{"type":"Feature","id":"8026a564-fd9b-4297-b317-a966962db55c","geometry":{"type":"Point","coordinates":[-96.94996252940214,28.068701611714545]},"properties":{"substrate":"Buried Shell","lease_number":null,"poll_year":2025}},{"type":"Feature","id":"8044ef21-37c8-4d33-a95c-fd7374d5e0dc","geometry":{"type":"Point","coordinates":[-96.95426495296326,28.059957736690066]},"properties":{"substrate":"Solid Reef","lease_number":null,"poll_year":2025}},{"type":"Feature","id":"8067190f-4194-4de9-b18c-fae40efe1af1","geometry":{"type":"Point","coordinates":[-96.94750118504953,28.06910785347076]},"properties":{"substrate":"Firm/Hard Bottom","lease_number":null,"poll_year":2025}},{"type":"Feature","id":"806a7362-da1c-436a-a69e-0af69084e55c","geometry":{"type":"Point","coordinates":[-96.95403026450202,28.062279053525742]},"properties":{"substrate":"Mud","lease_number":null,"poll_year":2025}},{"type":"Feature","id":"80ab641c-a33c-4d9d-9c6a-4b35f4d4a1f8","geometry":{"type":"Point","coordinates":[-96.95566672096352,28.065677680274472]},"properties":{"substrate":"Solid Reef","lease_number":null,"poll_year":2025}},{"type":"Feature","id":"80b65567-1818-4b31-9e2a-f7260fab18a0","geometry":{"type":"Point","coordinates":[-96.95999179644284,28.070717272481424]},"properties":{"substrate":"Solid Reef","lease_number":null,"poll_year":2025}},{"type":"Feature","id":"80ca81e7-31fb-40a1-b1cd-2a67674d2479","geometry":{"type":"Point","coordinates":[-96.95343210150715,28.070487785097935]},"properties":{"substrate":"Buried Shell","lease_number":null,"poll_year":2025}},{"type":"Feature","id":"8106ba71-3c18-4b07-990e-bdc34fb25ca9","geometry":{"type":"Point","coordinates":[-96.95977084681556,28.06339161521319]},"properties":{"substrate":"Solid Reef","lease_number":null,"poll_year":2025}},{"type":"Feature","id":"811d699b-42da-4072-9b68-10f6449c1437","geometry":{"type":"Point","coordinates":[-96.95392315477743,28.057344227737516]},"properties":{"substrate":"Solid Reef","lease_number":null,"poll_year":2025}},{"type":"Feature","id":"812a3fdb-d4ec-4379-9c7e-db7a1d7146d7","geometry":{"type":"Point","coordinates":[-96.9557057635424,28.06254363799793]},"properties":{"substrate":"Mud","lease_number":null,"poll_year":2025}},{"type":"Feature","id":"812cc2ac-3c42-491b-9a98-dc80c1524b7a","geometry":{"type":"Point","coordinates":[-96.95457353683977,28.05556739891032]},"properties":{"substrate":"Solid Reef","lease_number":null,"poll_year":2025}},{"type":"Feature","id":"813ac27a-0a15-4ee5-83d9-c92b285bc8b1","geometry":{"type":"Point","coordinates":[-96.95753078806014,28.06346370237334]},"properties":{"substrate":"Mud","lease_number":null,"poll_year":2025}},{"type":"Feature","id":"81530809-64de-4a63-83de-616999434b57","geometry":{"type":"Point","coordinates":[-96.94919686384445,28.063089792560337]},"properties":{"substrate":"Mud","lease_number":null,"poll_year":2025}},{"type":"Feature","id":"81662791-e9d4-4fb9-b114-a7d435ed99a3","geometry":{"type":"Point","coordinates":[-96.95263674034112,28.069904151215567]},"properties":{"substrate":"Buried Shell","lease_number":null,"poll_year":2025}},{"type":"Feature","id":"816bff22-27b8-4689-90df-b2e573095831","geometry":{"type":"Point","coordinates":[-96.9578901977171,28.070607037812138]},"properties":{"substrate":"Mud","lease_number":null,"poll_year":2025}},{"type":"Feature","id":"817fcd97-c274-451d-9f88-1d56fe3779d8","geometry":{"type":"Point","coordinates":[-96.95378221449924,28.06556822756824]},"properties":{"substrate":"Mud","lease_number":null,"poll_year":2025}},{"type":"Feature","id":"8193a529-8b13-4244-81ce-4d9d3bb79edb","geometry":{"type":"Point","coordinates":[-96.94847230878742,28.06551225388725]},"properties":{"substrate":"Mud","lease_number":null,"poll_year":2025}},{"type":"Feature","id":"819ff822-6b91-4848-93f8-45f5cebbc6ef","geometry":{"type":"Point","coordinates":[-96.95046266733488,28.069628769919515]},"properties":{"substrate":"Mud","lease_number":null,"poll_year":2025}},{"type":"Feature","id":"81d1db92-f908-41b0-aaa2-026ad2c72a62","geometry":{"type":"Point","coordinates":[-96.95171839981269,28.059977599962373]},"properties":{"substrate":"Mud","lease_number":null,"poll_year":2025}},{"type":"Feature","id":"81d6a5d9-7ff3-417b-b31f-d62638de1394","geometry":{"type":"Point","coordinates":[-96.95324596788532,28.06803970765435]},"properties":{"substrate":"Solid Reef","lease_number":null,"poll_year":2025}},{"type":"Feature","id":"81ff3026-6ac4-4197-b24e-5e582533c0ab","geometry":{"type":"Point","coordinates":[-96.95440608009103,28.06499487188771]},"properties":{"substrate":"Mud","lease_number":null,"poll_year":2025}},{"type":"Feature","id":"8229df3d-7fa9-45b4-82de-f1eff1ce3f82","geometry":{"type":"Point","coordinates":[-96.95109559513125,28.066865203144456]},"properties":{"substrate":"Buried Shell","lease_number":null,"poll_year":2025}},{"type":"Feature","id":"82307015-c607-4ce3-acbf-943d721f7865","geometry":{"type":"Point","coordinates":[-96.96026331942399,28.061951593925357]},"properties":{"substrate":"Solid Reef","lease_number":null,"poll_year":2025}},{"type":"Feature","id":"82381fbe-0501-43f1-9184-c5410ae804fd","geometry":{"type":"Point","coordinates":[-96.95446387949303,28.071604442961352]},"properties":{"substrate":"Mud","lease_number":null,"poll_year":2025}},{"type":"Feature","id":"8248a037-7b86-455c-90b9-d1e46da9eb90","geometry":{"type":"Point","coordinates":[-96.95805357431783,28.071897828665684]},"properties":{"substrate":"Mud","lease_number":null,"poll_year":2025}},{"type":"Feature","id":"8269e677-d493-4ea7-8e8c-bae205cf609b","geometry":{"type":"Point","coordinates":[-96.96381222803994,28.0625901713265]},"properties":{"substrate":"Solid Reef","lease_number":null,"poll_year":2025}},{"type":"Feature","id":"82793c80-3230-429c-beb1-43945bce27cc","geometry":{"type":"Point","coordinates":[-96.95482952076313,28.067795288656892]},"properties":{"substrate":"Buried Shell","lease_number":null,"poll_year":2025}},{"type":"Feature","id":"82820813-b025-4891-b7d1-8c2103b0a6cf","geometry":{"type":"Point","coordinates":[-96.95548355627372,28.056924119195536]},"properties":{"substrate":"Solid Reef","lease_number":null,"poll_year":2025}},{"type":"Feature","id":"828b247d-5c45-45eb-88d3-a1ee3c7d9575","geometry":{"type":"Point","coordinates":[-96.95820210895344,28.058280387146244]},"properties":{"substrate":"Solid Reef","lease_number":null,"poll_year":2025}},{"type":"Feature","id":"82a1414c-817e-4482-9856-8a693f31b5d0","geometry":{"type":"Point","coordinates":[-96.95844605006208,28.0643050898191]},"properties":{"substrate":"Mud","lease_number":null,"poll_year":2025}},{"type":"Feature","id":"82abdb9a-25c3-41d7-a226-4d7026fb492b","geometry":{"type":"Point","coordinates":[-96.95941566552862,28.070318227705457]},"properties":{"substrate":"Mud","lease_number":null,"poll_year":2025}},{"type":"Feature","id":"82adb1db-ab3f-46f9-b360-cf7934a8adc0","geometry":{"type":"Point","coordinates":[-96.95100962635856,28.064407767098995]},"properties":{"substrate":"Mud","lease_number":null,"poll_year":2025}},{"type":"Feature","id":"82b7366e-f68b-44da-8d6b-c5ecd22f5eec","geometry":{"type":"Point","coordinates":[-96.94964550136196,28.06852359381742]},"properties":{"substrate":"Buried Shell","lease_number":null,"poll_year":2025}},{"type":"Feature","id":"82c02f0a-d89f-458f-919e-5125f405b349","geometry":{"type":"Point","coordinates":[-96.94897020272859,28.07108300422911]},"properties":{"substrate":"Firm/Hard Bottom","lease_number":null,"poll_year":2025}},{"type":"Feature","id":"82f9a471-9fce-48ab-b908-0844daacd7a5","geometry":{"type":"Point","coordinates":[-96.95746747659554,28.067486312653507]},"properties":{"substrate":"Buried Shell","lease_number":null,"poll_year":2025}},{"type":"Feature","id":"831f447a-dd36-4c2f-89b3-ce2c53afa046","geometry":{"type":"Point","coordinates":[-96.94891808876402,28.070735053074422]},"properties":{"substrate":"Firm/Hard Bottom","lease_number":null,"poll_year":2025}},{"type":"Feature","id":"833b4075-16a2-4487-a4bd-912c1a1339ef","geometry":{"type":"Point","coordinates":[-96.95252796244503,28.069233930892217]},"properties":{"substrate":"Mud","lease_number":null,"poll_year":2025}},{"type":"Feature","id":"833f883a-5113-45c6-b5e0-7af91106d436","geometry":{"type":"Point","coordinates":[-96.94920491993594,28.064947577828395]},"properties":{"substrate":"Mud","lease_number":null,"poll_year":2025}},{"type":"Feature","id":"8375cdc5-8315-4631-80ce-1929b1faf138","geometry":{"type":"Point","coordinates":[-96.95103889347052,28.067537770271404]},"properties":{"substrate":"Solid Reef","lease_number":null,"poll_year":2025}},{"type":"Feature","id":"837edd3e-6133-41dc-8565-571f00e54866","geometry":{"type":"Point","coordinates":[-96.9597910625027,28.070797881194668]},"properties":{"substrate":"Mud","lease_number":null,"poll_year":2025}},{"type":"Feature","id":"838f4bcc-5e78-49f8-b2ad-21cfd50013dd","geometry":{"type":"Point","coordinates":[-96.95053279970743,28.06113109987548]},"properties":{"substrate":"Mud","lease_number":null,"poll_year":2025}},{"type":"Feature","id":"83e76a0d-2a30-4fe5-bbc8-00980a0e54ec","geometry":{"type":"Point","coordinates":[-96.96080698702046,28.060272024960774]},"properties":{"substrate":"Solid Reef","lease_number":null,"poll_year":2025}},{"type":"Feature","id":"83eb327b-eb47-4c54-9840-61d560fed1b2","geometry":{"type":"Point","coordinates":[-96.95356004226485,28.05544503062032]},"properties":{"substrate":"Solid Reef","lease_number":null,"poll_year":2025}},{"type":"Feature","id":"84098dc8-0052-4b9f-9ca4-14d3ad3798f7","geometry":{"type":"Point","coordinates":[-96.94771760986272,28.065807159149024]},"properties":{"substrate":"Mud","lease_number":null,"poll_year":2025}},{"type":"Feature","id":"84201794-a190-420a-833e-8135e9a85080","geometry":{"type":"Point","coordinates":[-96.95965780641346,28.0614470644732]},"properties":{"substrate":"Solid Reef","lease_number":null,"poll_year":2025}},{"type":"Feature","id":"8437c4ba-9bc5-4299-91b3-8181c4394b60","geometry":{"type":"Point","coordinates":[-96.9522047243513,28.06112550251543]},"properties":{"substrate":"Mud","lease_number":null,"poll_year":2025}},{"type":"Feature","id":"843c56db-6204-479e-9e18-a76d545222cf","geometry":{"type":"Point","coordinates":[-96.96035360549993,28.056720307195103]},"properties":{"substrate":"Mud","lease_number":null,"poll_year":2025}},{"type":"Feature","id":"847c1994-a1a1-4b9e-a783-e4cf466aabd2","geometry":{"type":"Point","coordinates":[-96.9517026262946,28.070237664605912]},"properties":{"substrate":"Mud","lease_number":null,"poll_year":2025}},{"type":"Feature","id":"848067c9-0aeb-45c5-a61a-ca4a14c722de","geometry":{"type":"Point","coordinates":[-96.95614514571754,28.059156934675787]},"properties":{"substrate":"Solid Reef","lease_number":null,"poll_year":2025}},{"type":"Feature","id":"84a02d69-2867-4e52-b48e-4be0d82e084d","geometry":{"type":"Point","coordinates":[-96.95569538620424,28.058790921347146]},"properties":{"substrate":"Solid Reef","lease_number":null,"poll_year":2025}},{"type":"Feature","id":"84a932fa-7412-4c7e-b8be-cdd6ccab29bf","geometry":{"type":"Point","coordinates":[-96.94975610912626,28.058751810313357]},"properties":{"substrate":"Solid Reef","lease_number":null,"poll_year":2025}},{"type":"Feature","id":"84cc0e70-fac3-4f32-8d4f-9765ea3dcc29","geometry":{"type":"Point","coordinates":[-96.95795295042959,28.069138590290525]},"properties":{"substrate":"Mud","lease_number":null,"poll_year":2025}},{"type":"Feature","id":"84f8053d-6cf6-4752-b0aa-a3c1967aab8c","geometry":{"type":"Point","coordinates":[-96.94917453352313,28.06935572783294]},"properties":{"substrate":"Firm/Hard Bottom","lease_number":null,"poll_year":2025}},{"type":"Feature","id":"85439cbe-4e46-42ee-bf56-3c5e9defbbd7","geometry":{"type":"Point","coordinates":[-96.96124090654037,28.06278540942286]},"properties":{"substrate":"Solid Reef","lease_number":null,"poll_year":2025}},{"type":"Feature","id":"85708285-8f83-4d99-a5f0-2b82aaa5d313","geometry":{"type":"Point","coordinates":[-96.95794051235616,28.071654983903553]},"properties":{"substrate":"Mud","lease_number":null,"poll_year":2025}},{"type":"Feature","id":"85907106-4551-43e1-bd46-ce1f37b2b4ba","geometry":{"type":"Point","coordinates":[-96.96350980930123,28.06148293233297]},"properties":{"substrate":"Solid Reef","lease_number":null,"poll_year":2025}},{"type":"Feature","id":"859b7c4e-5c91-4f9f-825f-61507a957368","geometry":{"type":"Point","coordinates":[-96.96495571332802,28.06477570259312]},"properties":{"substrate":"Solid Reef","lease_number":null,"poll_year":2025}},{"type":"Feature","id":"85accab9-284d-4c35-a0b5-f591e0fdb212","geometry":{"type":"Point","coordinates":[-96.95911652833564,28.0692790892383]},"properties":{"substrate":"Mud","lease_number":null,"poll_year":2025}},{"type":"Feature","id":"8609c982-2e88-432b-b8d2-6a2a0dbf3ad8","geometry":{"type":"Point","coordinates":[-96.95963586057107,28.063283272335358]},"properties":{"substrate":"Solid Reef","lease_number":null,"poll_year":2025}},{"type":"Feature","id":"8637d905-478b-4935-ba21-f09af91a62b3","geometry":{"type":"Point","coordinates":[-96.96470226714536,28.063264639943057]},"properties":{"substrate":"Solid Reef","lease_number":null,"poll_year":2025}},{"type":"Feature","id":"86463344-cb07-439d-a449-5cf15ca39e97","geometry":{"type":"Point","coordinates":[-96.94392860043595,28.061735299926912]},"properties":{"substrate":"Firm/Hard Bottom","lease_number":null,"poll_year":2025}},{"type":"Feature","id":"864eb5fa-a108-4101-8000-9197f6c6ffaa","geometry":{"type":"Point","coordinates":[-96.9448741787821,28.068363121190334]},"properties":{"substrate":"Solid Reef","lease_number":null,"poll_year":2025}},{"type":"Feature","id":"868dbee3-10b6-4555-8d2a-aee1f366a000","geometry":{"type":"Point","coordinates":[-96.94764898845649,28.070095720327625]},"properties":{"substrate":"Firm/Hard Bottom","lease_number":null,"poll_year":2025}},{"type":"Feature","id":"86977221-4ae3-4efd-8edb-af434174c3ea","geometry":{"type":"Point","coordinates":[-96.9457901836908,28.067058561977582]},"properties":{"substrate":"Firm/Hard Bottom","lease_number":null,"poll_year":2025}},{"type":"Feature","id":"86eb5a46-a044-4cca-805c-81d8fc931403","geometry":{"type":"Point","coordinates":[-96.94585670034432,28.065618199826247]},"properties":{"substrate":"Scattered Shell","lease_number":null,"poll_year":2025}},{"type":"Feature","id":"870c9d1b-c7e7-4a62-874c-0af7a497ca8e","geometry":{"type":"Point","coordinates":[-96.95233906470712,28.057581103790714]},"properties":{"substrate":"Solid Reef","lease_number":null,"poll_year":2025}},{"type":"Feature","id":"87104a72-66bc-481a-8b51-aa671a2b0dca","geometry":{"type":"Point","coordinates":[-96.95147822444169,28.059826225357053]},"properties":{"substrate":"Mud","lease_number":null,"poll_year":2025}},{"type":"Feature","id":"871124a7-3984-4d19-8419-e80ab4e41506","geometry":{"type":"Point","coordinates":[-96.9507175553136,28.05908596158359]},"properties":{"substrate":"Mud","lease_number":null,"poll_year":2025}},{"type":"Feature","id":"8713a778-2633-4f39-b7fa-63408a921be0","geometry":{"type":"Point","coordinates":[-96.956155905738,28.069865832913344]},"properties":{"substrate":"Mud","lease_number":null,"poll_year":2025}},{"type":"Feature","id":"873f35c0-f84c-4bf1-93d6-8f3e78b15c76","geometry":{"type":"Point","coordinates":[-96.94350110027708,28.065519999981227]},"properties":{"substrate":"Solid Reef","lease_number":null,"poll_year":2025}},{"type":"Feature","id":"8747107c-da1a-4a45-9ae6-a9d0b2c94d3d","geometry":{"type":"Point","coordinates":[-96.95392178304999,28.060221603914577]},"properties":{"substrate":"Mud","lease_number":null,"poll_year":2025}},{"type":"Feature","id":"8759d672-d068-4158-b0d8-4b821ba244ae","geometry":{"type":"Point","coordinates":[-96.94988999403621,28.071550438167154]},"properties":{"substrate":"Mud","lease_number":null,"poll_year":2025}},{"type":"Feature","id":"8761c5c8-44bd-47de-b09c-f2bc78d75941","geometry":{"type":"Point","coordinates":[-96.95250304317905,28.06022631981534]},"properties":{"substrate":"Mud","lease_number":null,"poll_year":2025}},{"type":"Feature","id":"87657d61-4029-4f2a-931d-0231e145da23","geometry":{"type":"Point","coordinates":[-96.95912552136994,28.06412605554039]},"properties":{"substrate":"Solid Reef","lease_number":null,"poll_year":2025}},{"type":"Feature","id":"87a02714-95a7-48da-9135-2ee29cc86fa3","geometry":{"type":"Point","coordinates":[-96.96328365842847,28.063472174725998]},"properties":{"substrate":"Solid Reef","lease_number":null,"poll_year":2025}},{"type":"Feature","id":"87c3f61b-6704-49fa-b379-eac80854fde5","geometry":{"type":"Point","coordinates":[-96.95362473174511,28.070579038416412]},"properties":{"substrate":"Buried Shell","lease_number":null,"poll_year":2025}},{"type":"Feature","id":"87cd0247-7729-4ca2-b079-bc06db67f3bc","geometry":{"type":"Point","coordinates":[-96.96021119198467,28.057262401584136]},"properties":{"substrate":"Mud","lease_number":null,"poll_year":2025}},{"type":"Feature","id":"87dcc32f-ed98-45a4-98cd-95483599815c","geometry":{"type":"Point","coordinates":[-96.94756640094253,28.06857140390985]},"properties":{"substrate":"Firm/Hard Bottom","lease_number":null,"poll_year":2025}},{"type":"Feature","id":"87f629d8-0509-4078-8db2-78ff6486cbae","geometry":{"type":"Point","coordinates":[-96.95424686089343,28.07180829886571]},"properties":{"substrate":"Buried Shell","lease_number":null,"poll_year":2025}},{"type":"Feature","id":"884e71aa-a335-456a-a464-83041ffb1d89","geometry":{"type":"Point","coordinates":[-96.94559511991673,28.07002667821916]},"properties":{"substrate":"Solid Reef","lease_number":null,"poll_year":2025}},{"type":"Feature","id":"88716f25-a14b-493a-95d2-38d5c189e4bc","geometry":{"type":"Point","coordinates":[-96.96245555546695,28.070499035120363]},"properties":{"substrate":"Buried Shell","lease_number":null,"poll_year":2025}},{"type":"Feature","id":"887cf70e-7bd8-4e7e-b532-246ae16cec69","geometry":{"type":"Point","coordinates":[-96.94735248422559,28.066024767933413]},"properties":{"substrate":"Mud","lease_number":null,"poll_year":2025}},{"type":"Feature","id":"88933782-eb15-423c-9e6d-9c9b90f95161","geometry":{"type":"Point","coordinates":[-96.94886910003831,28.06194859986398]},"properties":{"substrate":"Mud","lease_number":null,"poll_year":2025}},{"type":"Feature","id":"88b48652-b49d-4e38-b495-701e1b87d7b1","geometry":{"type":"Point","coordinates":[-96.96313439256421,28.063352184810633]},"properties":{"substrate":"Solid Reef","lease_number":null,"poll_year":2025}},{"type":"Feature","id":"88cc736e-9895-46d5-8f8a-5bfaff5bf0ec","geometry":{"type":"Point","coordinates":[-96.9575923990139,28.067929542370415]},"properties":{"substrate":"Mud","lease_number":null,"poll_year":2025}},{"type":"Feature","id":"88eb53ef-07cd-4de5-abb7-a5fe307ace4f","geometry":{"type":"Point","coordinates":[-96.9604746732474,28.06903984038842]},"properties":{"substrate":"Mud","lease_number":null,"poll_year":2025}},{"type":"Feature","id":"88f7c601-f92a-4a2b-b876-4ad99e4445c6","geometry":{"type":"Point","coordinates":[-96.94641670021099,28.06084690010921]},"properties":{"substrate":"Solid Reef","lease_number":null,"poll_year":2025}},{"type":"Feature","id":"8953b72f-9bce-43ff-b93c-0a1f86e45d99","geometry":{"type":"Point","coordinates":[-96.94755734682276,28.067502602772855]},"properties":{"substrate":"Firm/Hard Bottom","lease_number":null,"poll_year":2025}},{"type":"Feature","id":"896b684c-5662-43ee-83f2-9bf33745eecd","geometry":{"type":"Point","coordinates":[-96.95339518074898,28.064380913904312]},"properties":{"substrate":"Mud","lease_number":null,"poll_year":2025}},{"type":"Feature","id":"8993f4b9-52e4-4878-b879-8b0fdea65684","geometry":{"type":"Point","coordinates":[-96.95972456740876,28.05777382848828]},"properties":{"substrate":"Solid Reef","lease_number":null,"poll_year":2025}},{"type":"Feature","id":"899a53df-6313-42a2-bb39-f623753e5e31","geometry":{"type":"Point","coordinates":[-96.94589469997916,28.0661113997653]},"properties":{"substrate":"Firm/Hard Bottom","lease_number":null,"poll_year":2025}},{"type":"Feature","id":"89e28e6f-3fb0-467f-9361-4b8f79866aa4","geometry":{"type":"Point","coordinates":[-96.94588431455615,28.066804420199077]},"properties":{"substrate":"Firm/Hard Bottom","lease_number":null,"poll_year":2025}},{"type":"Feature","id":"89f24c1e-9d07-4de6-ae94-bdb171f3b0f9","geometry":{"type":"Point","coordinates":[-96.9628926163954,28.061020182356376]},"properties":{"substrate":"Mud","lease_number":null,"poll_year":2025}},{"type":"Feature","id":"8a1d2f66-3dd2-4d11-ac6b-9212e14c48f4","geometry":{"type":"Point","coordinates":[-96.96152998080551,28.07059840432241]},"properties":{"substrate":"Buried Shell","lease_number":null,"poll_year":2025}},{"type":"Feature","id":"8a651a5d-8c09-44a2-8377-a50171287591","geometry":{"type":"Point","coordinates":[-96.95235014093456,28.068630516514617]},"properties":{"substrate":"Mud","lease_number":null,"poll_year":2025}},{"type":"Feature","id":"8a662aa8-c508-40bd-b530-a02b36a3a307","geometry":{"type":"Point","coordinates":[-96.95166633435713,28.06110711628344]},"properties":{"substrate":"Mud","lease_number":null,"poll_year":2025}},{"type":"Feature","id":"8a764ab0-5779-47ec-a497-916615f8745e","geometry":{"type":"Point","coordinates":[-96.96423955482395,28.06112791950325]},"properties":{"substrate":"Mud","lease_number":null,"poll_year":2025}},{"type":"Feature","id":"8ac6fe51-e8e6-4400-b469-8fb7fb4cd1e6","geometry":{"type":"Point","coordinates":[-96.95776169012245,28.06246469094396]},"properties":{"substrate":"Mud","lease_number":null,"poll_year":2025}},{"type":"Feature","id":"8afd677a-00d1-4102-bca3-23a37c4cb5e5","geometry":{"type":"Point","coordinates":[-96.95774552673555,28.058659171559352]},"properties":{"substrate":"Solid Reef","lease_number":null,"poll_year":2025}},{"type":"Feature","id":"8affa0e1-dc06-4370-bb36-bccfd1c5efcc","geometry":{"type":"Point","coordinates":[-96.96529167336281,28.061940600638465]},"properties":{"substrate":"Mud","lease_number":null,"poll_year":2025}},{"type":"Feature","id":"8b220d6a-3d01-4de5-ae02-fd621b6ed88e","geometry":{"type":"Point","coordinates":[-96.95595074579849,28.059520999028432]},"properties":{"substrate":"Solid Reef","lease_number":null,"poll_year":2025}},{"type":"Feature","id":"8b24363c-9463-4ea1-a8e8-4655fdec2eb1","geometry":{"type":"Point","coordinates":[-96.95529551103698,28.07001585459264]},"properties":{"substrate":"Buried Shell","lease_number":null,"poll_year":2025}},{"type":"Feature","id":"8b257050-726e-485a-b26b-451d7d8fcb3b","geometry":{"type":"Point","coordinates":[-96.95337236174412,28.05974055637607]},"properties":{"substrate":"Mud","lease_number":null,"poll_year":2025}},{"type":"Feature","id":"8b791387-5c1d-4a89-a864-bcdfc42f8355","geometry":{"type":"Point","coordinates":[-96.95615433997447,28.059715808286512]},"properties":{"substrate":"Solid Reef","lease_number":null,"poll_year":2025}},{"type":"Feature","id":"8b8a082e-367c-46a9-88cc-40a4750b7f7b","geometry":{"type":"Point","coordinates":[-96.95349000241879,28.070807001351493]},"properties":{"substrate":"Buried Shell","lease_number":null,"poll_year":2025}},{"type":"Feature","id":"8b8fe340-da75-4d74-8375-373a1884abab","geometry":{"type":"Point","coordinates":[-96.95842166888696,28.05844258317266]},"properties":{"substrate":"Solid Reef","lease_number":null,"poll_year":2025}},{"type":"Feature","id":"8bb2eb14-fe9b-40b9-a68a-f866a103b75a","geometry":{"type":"Point","coordinates":[-96.96447830906018,28.063101548307475]},"properties":{"substrate":"Solid Reef","lease_number":null,"poll_year":2025}},{"type":"Feature","id":"8bb48cce-e1ca-484a-9b84-010d81b63b75","geometry":{"type":"Point","coordinates":[-96.9504001733372,28.068431624565584]},"properties":{"substrate":"Buried Shell","lease_number":null,"poll_year":2025}},{"type":"Feature","id":"8bbcb5bf-8a1a-4224-b7e6-b2e16087f196","geometry":{"type":"Point","coordinates":[-96.95973653207001,28.064564068158955]},"properties":{"substrate":"Solid Reef","lease_number":null,"poll_year":2025}},{"type":"Feature","id":"8bcdef6d-dca3-4704-bc90-1aecbcd69ef1","geometry":{"type":"Point","coordinates":[-96.95805504396164,28.059417781196117]},"properties":{"substrate":"Solid Reef","lease_number":null,"poll_year":2025}},{"type":"Feature","id":"8bf304c5-4094-411c-a39d-c95abfe86b68","geometry":{"type":"Point","coordinates":[-96.94785508264391,28.068061049336233]},"properties":{"substrate":"Buried Shell","lease_number":null,"poll_year":2025}},{"type":"Feature","id":"8c05a007-d5fa-4b45-9e01-d1324e35dc0e","geometry":{"type":"Point","coordinates":[-96.96508739736552,28.061787152690123]},"properties":{"substrate":"Mud","lease_number":null,"poll_year":2025}},{"type":"Feature","id":"8c0c7532-62a6-424b-8ee4-f9fa810b1ebd","geometry":{"type":"Point","coordinates":[-96.95259446652216,28.070096306887688]},"properties":{"substrate":"Buried Shell","lease_number":null,"poll_year":2025}},{"type":"Feature","id":"8c0d2574-96e1-46d0-b961-1f4f5b799f4a","geometry":{"type":"Point","coordinates":[-96.94806721530668,28.063854829010843]},"properties":{"substrate":"Mud","lease_number":null,"poll_year":2025}},{"type":"Feature","id":"8c31cf98-83b5-4120-8458-aa76cff34dcc","geometry":{"type":"Point","coordinates":[-96.95476209591284,28.060972387136836]},"properties":{"substrate":"Solid Reef","lease_number":null,"poll_year":2025}},{"type":"Feature","id":"8c3239b1-1e35-4001-b69a-59c4e1b960fb","geometry":{"type":"Point","coordinates":[-96.95634431389412,28.06526467980564]},"properties":{"substrate":"Mud","lease_number":null,"poll_year":2025}},{"type":"Feature","id":"8c52bdfd-b703-491a-9c9b-fa310e9f2eb6","geometry":{"type":"Point","coordinates":[-96.95559722908976,28.071499351840544]},"properties":{"substrate":"Buried Shell","lease_number":null,"poll_year":2025}},{"type":"Feature","id":"8c78dcde-525e-4ee9-949d-bdc613fcfaae","geometry":{"type":"Point","coordinates":[-96.95494766629099,28.071191383630822]},"properties":{"substrate":"Buried Shell","lease_number":null,"poll_year":2025}},{"type":"Feature","id":"8c8e38f4-ede9-4c86-adb5-c880de521590","geometry":{"type":"Point","coordinates":[-96.95350416525756,28.057979745589318]},"properties":{"substrate":"Solid Reef","lease_number":null,"poll_year":2025}},{"type":"Feature","id":"8c95c435-b253-4efc-a794-775f1ed5be36","geometry":{"type":"Point","coordinates":[-96.95318807416022,28.069056089054104]},"properties":{"substrate":"Buried Shell","lease_number":null,"poll_year":2025}},{"type":"Feature","id":"8ca29203-2a6c-475d-8359-4fdd82d1096f","geometry":{"type":"Point","coordinates":[-96.95541005432055,28.06044064852676]},"properties":{"substrate":"Solid Reef","lease_number":null,"poll_year":2025}},{"type":"Feature","id":"8cbe0e5e-7dad-4509-ad4c-e5acfaa8592c","geometry":{"type":"Point","coordinates":[-96.95749089747163,28.058465048479853]},"properties":{"substrate":"Solid Reef","lease_number":null,"poll_year":2025}},{"type":"Feature","id":"8ce69027-34a4-4392-bebc-56a2e3300df3","geometry":{"type":"Point","coordinates":[-96.9524561313583,28.07183998845391]},"properties":{"substrate":"Buried Shell","lease_number":null,"poll_year":2025}},{"type":"Feature","id":"8d53157e-d085-4597-b2dd-a72fed67b371","geometry":{"type":"Point","coordinates":[-96.95749583910401,28.06405867108136]},"properties":{"substrate":"Mud","lease_number":null,"poll_year":2025}},{"type":"Feature","id":"8d758208-0e89-48a2-8e27-668c8e6a7c7a","geometry":{"type":"Point","coordinates":[-96.96161896522261,28.060076499296752]},"properties":{"substrate":"Solid Reef","lease_number":null,"poll_year":2025}},{"type":"Feature","id":"8d7c84ca-04ac-487f-bb99-1c7ef79d8e98","geometry":{"type":"Point","coordinates":[-96.94792393312053,28.06675805119334]},"properties":{"substrate":"Mud","lease_number":null,"poll_year":2025}},{"type":"Feature","id":"8d8771c6-9fed-4b2f-9fcb-0cd1b5bf8993","geometry":{"type":"Point","coordinates":[-96.95888358350437,28.066183977353827]},"properties":{"substrate":"Mud","lease_number":null,"poll_year":2025}},{"type":"Feature","id":"8da2048a-18a1-4f0c-b5ea-13cd212d5f70","geometry":{"type":"Point","coordinates":[-96.96222105385527,28.06052508744199]},"properties":{"substrate":"Solid Reef","lease_number":null,"poll_year":2025}},{"type":"Feature","id":"8dac8717-f60a-4f00-bee2-8b5ac417ce48","geometry":{"type":"Point","coordinates":[-96.96439499930074,28.06043124765991]},"properties":{"substrate":"Mud","lease_number":null,"poll_year":2025}},{"type":"Feature","id":"8db2edd4-8b45-4d76-bd99-415c3aa0370d","geometry":{"type":"Point","coordinates":[-96.94679003285654,28.069971834008545]},"properties":{"substrate":"Firm/Hard Bottom","lease_number":null,"poll_year":2025}},{"type":"Feature","id":"8db3cdee-09d0-4660-9d96-0c5c8c39bb68","geometry":{"type":"Point","coordinates":[-96.94710958336604,28.066865434604882]},"properties":{"substrate":"Mud","lease_number":null,"poll_year":2025}},{"type":"Feature","id":"8dc8a9b0-f1f0-4d10-88d4-ba4a10f95c8c","geometry":{"type":"Point","coordinates":[-96.9540254495321,28.056307119305007]},"properties":{"substrate":"Solid Reef","lease_number":null,"poll_year":2025}},{"type":"Feature","id":"8e2e3b48-8f97-41b9-959d-8fc277084b2b","geometry":{"type":"Point","coordinates":[-96.95377609966711,28.06934223447905]},"properties":{"substrate":"Solid Reef","lease_number":null,"poll_year":2025}},{"type":"Feature","id":"8e7af760-a6cf-400c-ad0a-fc96f45d9265","geometry":{"type":"Point","coordinates":[-96.95646900814039,28.062500326201587]},"properties":{"substrate":"Solid Reef","lease_number":null,"poll_year":2025}},{"type":"Feature","id":"8e9be23f-ad38-48dc-86a2-db079443afdc","geometry":{"type":"Point","coordinates":[-96.95532737517843,28.062201958040976]},"properties":{"substrate":"Mud","lease_number":null,"poll_year":2025}},{"type":"Feature","id":"8ea37afc-2e8d-497f-8833-4943cf76788e","geometry":{"type":"Point","coordinates":[-96.95199283243704,28.055761160177152]},"properties":{"substrate":"Solid Reef","lease_number":null,"poll_year":2025}},{"type":"Feature","id":"8eaf06a5-71a8-43b4-97c4-ebb93509e607","geometry":{"type":"Point","coordinates":[-96.95951997969605,28.063191040178378]},"properties":{"substrate":"Solid Reef","lease_number":null,"poll_year":2025}},{"type":"Feature","id":"8eef50bc-48b5-4ff8-87db-b2088194ff43","geometry":{"type":"Point","coordinates":[-96.95047671429099,28.0594407393759]},"properties":{"substrate":"Mud","lease_number":null,"poll_year":2025}},{"type":"Feature","id":"8ef2c897-2485-448e-857e-f51bf2a979cb","geometry":{"type":"Point","coordinates":[-96.94808299960454,28.061750199711426]},"properties":{"substrate":"Mud","lease_number":null,"poll_year":2025}},{"type":"Feature","id":"8f01163f-55d1-4f2c-8538-0541b0b5fedd","geometry":{"type":"Point","coordinates":[-96.95083570533303,28.0637820516754]},"properties":{"substrate":"Mud","lease_number":null,"poll_year":2025}},{"type":"Feature","id":"8f085734-c9dd-4679-a874-ff2cc2699d9d","geometry":{"type":"Point","coordinates":[-96.95883021100009,28.071454719154485]},"properties":{"substrate":"Mud","lease_number":null,"poll_year":2025}},{"type":"Feature","id":"8f2aaf16-ddfd-4bd1-9900-d5267500c031","geometry":{"type":"Point","coordinates":[-96.94616230630568,28.068773650131085]},"properties":{"substrate":"Firm/Hard Bottom","lease_number":null,"poll_year":2025}},{"type":"Feature","id":"8f2e6fe8-a67c-4e88-84fd-19a9e9d59a09","geometry":{"type":"Point","coordinates":[-96.95423800530135,28.063146774232116]},"properties":{"substrate":"Mud","lease_number":null,"poll_year":2025}},{"type":"Feature","id":"8f605b2f-6208-4d81-94c9-bbfdd7a804f2","geometry":{"type":"Point","coordinates":[-96.95658788938849,28.060805202394278]},"properties":{"substrate":"Solid Reef","lease_number":null,"poll_year":2025}},{"type":"Feature","id":"8f683949-c383-46e1-bfa5-b06fbe8f2977","geometry":{"type":"Point","coordinates":[-96.95115109125287,28.057311993223713]},"properties":{"substrate":"Solid Reef","lease_number":null,"poll_year":2025}},{"type":"Feature","id":"8f7dec7a-7e74-4b48-b82c-dfcca987dfd3","geometry":{"type":"Point","coordinates":[-96.96181264559112,28.0632902250983]},"properties":{"substrate":"Solid Reef","lease_number":null,"poll_year":2025}},{"type":"Feature","id":"8f829645-db41-4c46-b4fa-3cbedca94f74","geometry":{"type":"Point","coordinates":[-96.96244704662458,28.062288474841306]},"properties":{"substrate":"Solid Reef","lease_number":null,"poll_year":2025}},{"type":"Feature","id":"8f9c6688-0f39-49aa-8b0d-a24f47c57339","geometry":{"type":"Point","coordinates":[-96.95789069897702,28.061298458508134]},"properties":{"substrate":"Solid Reef","lease_number":null,"poll_year":2025}},{"type":"Feature","id":"8fda07c2-b36f-45d1-ab51-dd63e880a30d","geometry":{"type":"Point","coordinates":[-96.95703416074352,28.06301638530227]},"properties":{"substrate":"Mud","lease_number":null,"poll_year":2025}},{"type":"Feature","id":"8ffa2251-da3b-4964-9600-6b70e57616db","geometry":{"type":"Point","coordinates":[-96.94935147917622,28.06816499366614]},"properties":{"substrate":"Mud","lease_number":null,"poll_year":2025}},{"type":"Feature","id":"90043e8f-921f-441f-9ace-ba6448409356","geometry":{"type":"Point","coordinates":[-96.95710032974903,28.071527718780555]},"properties":{"substrate":"Mud","lease_number":null,"poll_year":2025}},{"type":"Feature","id":"900a15b4-aa7e-4954-8cad-feee7d6a3be5","geometry":{"type":"Point","coordinates":[-96.95929617612111,28.06379079431208]},"properties":{"substrate":"Solid Reef","lease_number":null,"poll_year":2025}},{"type":"Feature","id":"9071f05e-1608-453b-a976-0c9c75557870","geometry":{"type":"Point","coordinates":[-96.95144666662576,28.058685365044322]},"properties":{"substrate":"Solid Reef","lease_number":null,"poll_year":2025}},{"type":"Feature","id":"907c7e6d-32ca-4477-afcc-99b3fcff3a65","geometry":{"type":"Point","coordinates":[-96.95030971658134,28.06892105835855]},"properties":{"substrate":"Buried Shell","lease_number":null,"poll_year":2025}},{"type":"Feature","id":"908532a0-136f-4544-bc39-8b92429d55ce","geometry":{"type":"Point","coordinates":[-96.95271307019081,28.068381766173843]},"properties":{"substrate":"Mud","lease_number":null,"poll_year":2025}},{"type":"Feature","id":"90952287-ad76-4585-a43e-5b2202d5ce9e","geometry":{"type":"Point","coordinates":[-96.94662345106688,28.068103364891424]},"properties":{"substrate":"Firm/Hard Bottom","lease_number":null,"poll_year":2025}},{"type":"Feature","id":"90ec7b04-8346-4b25-a0a0-19487bc75e9d","geometry":{"type":"Point","coordinates":[-96.95011378323811,28.06271141773458]},"properties":{"substrate":"Mud","lease_number":null,"poll_year":2025}},{"type":"Feature","id":"90ef9f96-93d2-405f-9528-7c1422fb720e","geometry":{"type":"Point","coordinates":[-96.96374930644419,28.063281994504496]},"properties":{"substrate":"Solid Reef","lease_number":null,"poll_year":2025}},{"type":"Feature","id":"91102e0a-5b79-4a08-ae76-61dce58744d1","geometry":{"type":"Point","coordinates":[-96.94989897090085,28.058295627493347]},"properties":{"substrate":"Solid Reef","lease_number":null,"poll_year":2025}},{"type":"Feature","id":"9112d9d3-84db-4436-b83a-305ca33ed126","geometry":{"type":"Point","coordinates":[-96.950635746639,28.058385691756957]},"properties":{"substrate":"Solid Reef","lease_number":null,"poll_year":2025}},{"type":"Feature","id":"91551e6f-df1b-4fe0-b9c4-9b32069e2737","geometry":{"type":"Point","coordinates":[-96.95961293646334,28.07135077483661]},"properties":{"substrate":"Mud","lease_number":null,"poll_year":2025}},{"type":"Feature","id":"91587d97-8d7b-4f3b-a4c2-55b09e563221","geometry":{"type":"Point","coordinates":[-96.95733347759956,28.06146910822214]},"properties":{"substrate":"Solid Reef","lease_number":null,"poll_year":2025}},{"type":"Feature","id":"91714b34-01f9-45f0-bf90-0d52993a666f","geometry":{"type":"Point","coordinates":[-96.95291485515982,28.070837342948796]},"properties":{"substrate":"Buried Shell","lease_number":null,"poll_year":2025}},{"type":"Feature","id":"919bd8a7-6cae-4e16-a6b9-902dbb0dfe73","geometry":{"type":"Point","coordinates":[-96.95306276277134,28.056644734555892]},"properties":{"substrate":"Solid Reef","lease_number":null,"poll_year":2025}},{"type":"Feature","id":"91a10f06-ca43-412d-87a9-861cb47abe70","geometry":{"type":"Point","coordinates":[-96.95276359323901,28.066156178145675]},"properties":{"substrate":"Mud","lease_number":null,"poll_year":2025}},{"type":"Feature","id":"9203a165-3dcb-41d3-b734-051e5b5808d3","geometry":{"type":"Point","coordinates":[-96.95638906706327,28.063123762940297]},"properties":{"substrate":"Mud","lease_number":null,"poll_year":2025}},{"type":"Feature","id":"923f117d-c2f5-469b-b0ca-c8be4d1f842a","geometry":{"type":"Point","coordinates":[-96.94743046338216,28.064569004236855]},"properties":{"substrate":"Mud","lease_number":null,"poll_year":2025}},{"type":"Feature","id":"925a8554-1a1d-4656-b3de-d58ea33bd6ee","geometry":{"type":"Point","coordinates":[-96.96039894706558,28.057413089321415]},"properties":{"substrate":"Mud","lease_number":null,"poll_year":2025}},{"type":"Feature","id":"925d8575-fd84-4082-9616-a3c567fed434","geometry":{"type":"Point","coordinates":[-96.95786984458772,28.07003785457349]},"properties":{"substrate":"Mud","lease_number":null,"poll_year":2025}},{"type":"Feature","id":"92f6d83a-8a2a-48ec-beec-dc30e20a8f11","geometry":{"type":"Point","coordinates":[-96.94989630020952,28.061508499679974]},"properties":{"substrate":"Mud","lease_number":null,"poll_year":2025}},{"type":"Feature","id":"931a6816-ae02-443f-8805-cea4922a5405","geometry":{"type":"Point","coordinates":[-96.95134273783559,28.06698466438867]},"properties":{"substrate":"Buried Shell","lease_number":null,"poll_year":2025}},{"type":"Feature","id":"932faf06-761e-4ab2-884a-9b1f5786d9a2","geometry":{"type":"Point","coordinates":[-96.95265998155413,28.064321943231587]},"properties":{"substrate":"Mud","lease_number":null,"poll_year":2025}},{"type":"Feature","id":"9355e6e9-fc6b-43b6-a182-3e62790e6302","geometry":{"type":"Point","coordinates":[-96.9544726641182,28.07018429324319]},"properties":{"substrate":"Solid Reef","lease_number":null,"poll_year":2025}},{"type":"Feature","id":"9367ac12-7dbf-4763-a508-eb072877a9f6","geometry":{"type":"Point","coordinates":[-96.96118962082248,28.07043721744931]},"properties":{"substrate":"Buried Shell","lease_number":null,"poll_year":2025}},{"type":"Feature","id":"93a25109-59b7-4b7a-8283-6c6a13204b24","geometry":{"type":"Point","coordinates":[-96.94488059993975,28.064900099844845]},"properties":{"substrate":"Scattered Shell","lease_number":null,"poll_year":2025}},{"type":"Feature","id":"93ae08ca-0205-4924-96f0-3e35e7296af2","geometry":{"type":"Point","coordinates":[-96.95697196678314,28.06177785895692]},"properties":{"substrate":"Solid Reef","lease_number":null,"poll_year":2025}},{"type":"Feature","id":"93b0781f-4417-4b34-bbf9-69542b4db453","geometry":{"type":"Point","coordinates":[-96.94964061812009,28.066123339083205]},"properties":{"substrate":"Mud","lease_number":null,"poll_year":2025}},{"type":"Feature","id":"940cc003-0f10-4a9c-a5cb-3dce5d24db2e","geometry":{"type":"Point","coordinates":[-96.95964689008613,28.06908271913673]},"properties":{"substrate":"Solid Reef","lease_number":null,"poll_year":2025}},{"type":"Feature","id":"9411ace6-6f6a-4183-941a-72dec90c85df","geometry":{"type":"Point","coordinates":[-96.9460213022471,28.06781634106436]},"properties":{"substrate":"Firm/Hard Bottom","lease_number":null,"poll_year":2025}},{"type":"Feature","id":"94241209-21fa-4405-985b-d9477cf2e1a6","geometry":{"type":"Point","coordinates":[-96.95472911067392,28.071728963885157]},"properties":{"substrate":"Buried Shell","lease_number":null,"poll_year":2025}},{"type":"Feature","id":"94333cc7-6a46-41ef-bb08-10ca99169823","geometry":{"type":"Point","coordinates":[-96.95753698284234,28.05697043536644]},"properties":{"substrate":"Solid Reef","lease_number":null,"poll_year":2025}},{"type":"Feature","id":"945fefce-2861-4348-9433-2087660753ed","geometry":{"type":"Point","coordinates":[-96.95106640707104,28.060006354414757]},"properties":{"substrate":"Mud","lease_number":null,"poll_year":2025}},{"type":"Feature","id":"948276a3-f931-4022-9a7e-9be4a0a8c6bf","geometry":{"type":"Point","coordinates":[-96.95186463476115,28.067967681428378]},"properties":{"substrate":"Mud","lease_number":null,"poll_year":2025}},{"type":"Feature","id":"94939287-1b74-4a11-9c8c-26d8027b9e17","geometry":{"type":"Point","coordinates":[-96.95844899923118,28.071870061848603]},"properties":{"substrate":"Mud","lease_number":null,"poll_year":2025}},{"type":"Feature","id":"9504803d-055b-4aba-ac20-c7472ea5093f","geometry":{"type":"Point","coordinates":[-96.9527684585146,28.055377376730693]},"properties":{"substrate":"Solid Reef","lease_number":null,"poll_year":2025}},{"type":"Feature","id":"953f84bc-60e4-4092-a826-1556384b8d3e","geometry":{"type":"Point","coordinates":[-96.95522390363074,28.057208685275658]},"properties":{"substrate":"Solid Reef","lease_number":null,"poll_year":2025}},{"type":"Feature","id":"95854de2-eed9-405f-9d22-e8857a8520f8","geometry":{"type":"Point","coordinates":[-96.96093363600079,28.062522751025448]},"properties":{"substrate":"Solid Reef","lease_number":null,"poll_year":2025}},{"type":"Feature","id":"959e6a16-266a-44d5-971f-86c9ce9abed6","geometry":{"type":"Point","coordinates":[-96.95872282369606,28.05788514889773]},"properties":{"substrate":"Solid Reef","lease_number":null,"poll_year":2025}},{"type":"Feature","id":"95a5af12-b523-49ef-8e78-3a1205e8df7f","geometry":{"type":"Point","coordinates":[-96.9511990002036,28.06055820011777]},"properties":{"substrate":"Mud","lease_number":null,"poll_year":2025}},{"type":"Feature","id":"95bbcea5-16f8-4683-bf84-45022302aad8","geometry":{"type":"Point","coordinates":[-96.9593271437439,28.059875083336685]},"properties":{"substrate":"Solid Reef","lease_number":null,"poll_year":2025}},{"type":"Feature","id":"95dc7748-eadb-4d8a-afe4-12f6ab816f9b","geometry":{"type":"Point","coordinates":[-96.96138232472228,28.059905286915885]},"properties":{"substrate":"Solid Reef","lease_number":null,"poll_year":2025}},{"type":"Feature","id":"963c42c8-7082-44ec-8d9f-b59d58c5fc85","geometry":{"type":"Point","coordinates":[-96.95344178354928,28.06295199338825]},"properties":{"substrate":"Mud","lease_number":null,"poll_year":2025}},{"type":"Feature","id":"96471541-feb2-4eaf-9cde-4cf80446a917","geometry":{"type":"Point","coordinates":[-96.95510844226895,28.066300042735445]},"properties":{"substrate":"Buried Shell","lease_number":null,"poll_year":2025}},{"type":"Feature","id":"965aedaf-9028-4add-b5b3-825b5f15b076","geometry":{"type":"Point","coordinates":[-96.95163479360919,28.06959770428922]},"properties":{"substrate":"Mud","lease_number":null,"poll_year":2025}},{"type":"Feature","id":"9675e8f8-c788-4477-93bc-0bd02369f0af","geometry":{"type":"Point","coordinates":[-96.95550565932129,28.06908564245293]},"properties":{"substrate":"Buried Shell","lease_number":null,"poll_year":2025}},{"type":"Feature","id":"96bb421b-9465-433d-ba01-e4fbf1f77784","geometry":{"type":"Point","coordinates":[-96.9531145515458,28.071272309837024]},"properties":{"substrate":"Buried Shell","lease_number":null,"poll_year":2025}},{"type":"Feature","id":"96e416bc-f6c1-40ea-9065-f260944984d9","geometry":{"type":"Point","coordinates":[-96.9607210146545,28.06148958081089]},"properties":{"substrate":"Solid Reef","lease_number":null,"poll_year":2025}},{"type":"Feature","id":"96e83bf5-c734-43ed-b4e9-cf512b42c08d","geometry":{"type":"Point","coordinates":[-96.95852652743345,28.065749561389467]},"properties":{"substrate":"Mud","lease_number":null,"poll_year":2025}},{"type":"Feature","id":"970660e0-5126-4dca-b1f0-0b7f41f08aca","geometry":{"type":"Point","coordinates":[-96.95496307149979,28.057486222946768]},"properties":{"substrate":"Solid Reef","lease_number":null,"poll_year":2025}},{"type":"Feature","id":"9713a39e-a1d9-49b6-a78e-a98dfa25ed15","geometry":{"type":"Point","coordinates":[-96.95410279268143,28.055236232536675]},"properties":{"substrate":"Solid Reef","lease_number":null,"poll_year":2025}},{"type":"Feature","id":"97190692-7391-4f16-a06f-1aa9377c678a","geometry":{"type":"Point","coordinates":[-96.95812939033118,28.057427819265506]},"properties":{"substrate":"Solid Reef","lease_number":null,"poll_year":2025}},{"type":"Feature","id":"971faf30-16a2-47eb-8ee3-7bbdbfd235b7","geometry":{"type":"Point","coordinates":[-96.9492793974595,28.070917810481557]},"properties":{"substrate":"Mud","lease_number":null,"poll_year":2025}},{"type":"Feature","id":"9739c264-2399-4f46-a064-147f1bb6d9cf","geometry":{"type":"Point","coordinates":[-96.9592275502233,28.06785736704952]},"properties":{"substrate":"Buried Shell","lease_number":null,"poll_year":2025}},{"type":"Feature","id":"97b60b44-9d37-4ce4-920f-aaa1565f218f","geometry":{"type":"Point","coordinates":[-96.9625885366717,28.06239790472863]},"properties":{"substrate":"Solid Reef","lease_number":null,"poll_year":2025}},{"type":"Feature","id":"97cc0e01-5a6b-4a2d-88f9-57f10d3f1543","geometry":{"type":"Point","coordinates":[-96.95324308968316,28.05327730002434]},"properties":{"substrate":"Mud","lease_number":null,"poll_year":2025}},{"type":"Feature","id":"97cd7708-b990-4e76-a95f-c3ed2c627753","geometry":{"type":"Point","coordinates":[-96.95439450350196,28.069088322423607]},"properties":{"substrate":"Buried Shell","lease_number":null,"poll_year":2025}},{"type":"Feature","id":"97cf6d1a-9b32-4bf3-a4b4-c175fb4d76b5","geometry":{"type":"Point","coordinates":[-96.95398534424622,28.059723439853116]},"properties":{"substrate":"Solid Reef","lease_number":null,"poll_year":2025}},{"type":"Feature","id":"97db32c2-cc8b-4e64-813e-257bd6218d9a","geometry":{"type":"Point","coordinates":[-96.96346666591307,28.063069838702628]},"properties":{"substrate":"Solid Reef","lease_number":null,"poll_year":2025}},{"type":"Feature","id":"97e8abd7-5ad7-4c2f-a1ce-5c220db31e6c","geometry":{"type":"Point","coordinates":[-96.95758519722027,28.070920010065052]},"properties":{"substrate":"Mud","lease_number":null,"poll_year":2025}},{"type":"Feature","id":"97ea2fd0-68da-43f3-a85e-3b3cc8599ece","geometry":{"type":"Point","coordinates":[-96.95184616899216,28.06970680967282]},"properties":{"substrate":"Buried Shell","lease_number":null,"poll_year":2025}},{"type":"Feature","id":"9850c6d1-d25a-4be7-b259-ef312d107b5d","geometry":{"type":"Point","coordinates":[-96.9503409519021,28.071430427152006]},"properties":{"substrate":"Mud","lease_number":null,"poll_year":2025}},{"type":"Feature","id":"985f5a7a-181b-4a5e-80b0-ae8dc2cacc57","geometry":{"type":"Point","coordinates":[-96.94722460994323,28.066709362011533]},"properties":{"substrate":"Mud","lease_number":null,"poll_year":2025}},{"type":"Feature","id":"98879940-4794-462d-9627-dc3d6f18664a","geometry":{"type":"Point","coordinates":[-96.95472037096452,28.068728999666913]},"properties":{"substrate":"Solid Reef","lease_number":null,"poll_year":2025}},{"type":"Feature","id":"98a5718f-a1e5-4c70-88ae-1c170771e86d","geometry":{"type":"Point","coordinates":[-96.95930610160669,28.070605349478278]},"properties":{"substrate":"Mud","lease_number":null,"poll_year":2025}},{"type":"Feature","id":"98b07827-58c8-4238-9586-4b950e2b30eb","geometry":{"type":"Point","coordinates":[-96.95693195222712,28.067266510341266]},"properties":{"substrate":"Solid Reef","lease_number":null,"poll_year":2025}},{"type":"Feature","id":"98b99e45-8333-485b-baf6-1dc1e88f4cc2","geometry":{"type":"Point","coordinates":[-96.95816011990043,28.067793058095464]},"properties":{"substrate":"Buried Shell","lease_number":null,"poll_year":2025}},{"type":"Feature","id":"98cd9cab-a8e7-45d0-9f52-7c78dfc282ae","geometry":{"type":"Point","coordinates":[-96.95053459813464,28.05786340882556]},"properties":{"substrate":"Solid Reef","lease_number":null,"poll_year":2025}},{"type":"Feature","id":"98d454e5-44da-4719-b2d6-fbef9655d82a","geometry":{"type":"Point","coordinates":[-96.95961254479788,28.056193606889572]},"properties":{"substrate":"Mud","lease_number":null,"poll_year":2025}},{"type":"Feature","id":"99013c2d-cd91-4781-a4ac-05b4c5416672","geometry":{"type":"Point","coordinates":[-96.95453740839567,28.071313256823863]},"properties":{"substrate":"Buried Shell","lease_number":null,"poll_year":2025}},{"type":"Feature","id":"99019590-526c-4a35-8a40-992b68e93ac5","geometry":{"type":"Point","coordinates":[-96.9621578142559,28.06259130647881]},"properties":{"substrate":"Solid Reef","lease_number":null,"poll_year":2025}},{"type":"Feature","id":"992f9968-5c12-4756-ba22-75b0fae26387","geometry":{"type":"Point","coordinates":[-96.95382330793191,28.060841406580266]},"properties":{"substrate":"Mud","lease_number":null,"poll_year":2025}},{"type":"Feature","id":"99585f63-1dd3-4ae7-a7de-d494018caa22","geometry":{"type":"Point","coordinates":[-96.95474906854459,28.064502955738295]},"properties":{"substrate":"Mud","lease_number":null,"poll_year":2025}},{"type":"Feature","id":"99b08dee-ea64-45b5-8606-3050b0085384","geometry":{"type":"Point","coordinates":[-96.96466449658091,28.06145346483431]},"properties":{"substrate":"Mud","lease_number":null,"poll_year":2025}},{"type":"Feature","id":"9a1428ee-26f0-469b-9d87-ce62787d95fd","geometry":{"type":"Point","coordinates":[-96.95158335877097,28.067831031534762]},"properties":{"substrate":"Solid Reef","lease_number":null,"poll_year":2025}},{"type":"Feature","id":"9a3780b8-ea9e-4b61-9988-a8e71b603216","geometry":{"type":"Point","coordinates":[-96.95228733791642,28.061756080036528]},"properties":{"substrate":"Mud","lease_number":null,"poll_year":2025}},{"type":"Feature","id":"9a51c664-6399-4575-bbf8-d2e7b602f7b5","geometry":{"type":"Point","coordinates":[-96.95590875764378,28.06826943885804]},"properties":{"substrate":"Buried Shell","lease_number":null,"poll_year":2025}},{"type":"Feature","id":"9a60bc05-be2f-40e2-9737-f10858a81e44","geometry":{"type":"Point","coordinates":[-96.95554255223169,28.070880395361208]},"properties":{"substrate":"Mud","lease_number":null,"poll_year":2025}},{"type":"Feature","id":"9a699ffa-5a2c-4c59-894d-79ec470de2fe","geometry":{"type":"Point","coordinates":[-96.94739795514865,28.07087553249638]},"properties":{"substrate":"Firm/Hard Bottom","lease_number":null,"poll_year":2025}},{"type":"Feature","id":"9a9c80a1-b02d-442f-b1f5-7f6a83ce0917","geometry":{"type":"Point","coordinates":[-96.94709751899177,28.069517117662425]},"properties":{"substrate":"Firm/Hard Bottom","lease_number":null,"poll_year":2025}},{"type":"Feature","id":"9ab651dc-8e6c-492e-8c39-4bc78e08ea57","geometry":{"type":"Point","coordinates":[-96.95567215936425,28.066607894966715]},"properties":{"substrate":"Solid Reef","lease_number":null,"poll_year":2025}},{"type":"Feature","id":"9ab7a8a2-d2ef-49ae-959d-9850a3a4d4d0","geometry":{"type":"Point","coordinates":[-96.95173834780189,28.0662511797498]},"properties":{"substrate":"Mud","lease_number":null,"poll_year":2025}},{"type":"Feature","id":"9ad35820-b618-41c4-ab15-051611898829","geometry":{"type":"Point","coordinates":[-96.95055909878569,28.07090084158509]},"properties":{"substrate":"Buried Shell","lease_number":null,"poll_year":2025}},{"type":"Feature","id":"9ad72cf3-f018-4391-bcfd-bb4982d19a18","geometry":{"type":"Point","coordinates":[-96.95244601453156,28.06420142236849]},"properties":{"substrate":"Mud","lease_number":null,"poll_year":2025}},{"type":"Feature","id":"9adc7eaf-523b-42e3-89ac-d149dbe9ce7e","geometry":{"type":"Point","coordinates":[-96.95733098926623,28.056813015003502]},"properties":{"substrate":"Solid Reef","lease_number":null,"poll_year":2025}},{"type":"Feature","id":"9aed2384-c586-4e84-919d-6eba57206ab7","geometry":{"type":"Point","coordinates":[-96.9505386746894,28.067255676131992]},"properties":{"substrate":"Solid Reef","lease_number":null,"poll_year":2025}},{"type":"Feature","id":"9b0e0d94-a76d-4289-ab6a-f372a187c47b","geometry":{"type":"Point","coordinates":[-96.96181871999909,28.060224754190237]},"properties":{"substrate":"Solid Reef","lease_number":null,"poll_year":2025}},{"type":"Feature","id":"9b2816bf-08d6-439e-a7bd-dfa84672d609","geometry":{"type":"Point","coordinates":[-96.95781874122784,28.05990282471528]},"properties":{"substrate":"Solid Reef","lease_number":null,"poll_year":2025}},{"type":"Feature","id":"9b348cb9-4a71-4bfa-b127-1d2715b2587f","geometry":{"type":"Point","coordinates":[-96.95859332166641,28.069389057353]},"properties":{"substrate":"Mud","lease_number":null,"poll_year":2025}},{"type":"Feature","id":"9b35e7fe-a9d3-4ae8-9df5-14c65f6d0787","geometry":{"type":"Point","coordinates":[-96.95712452407457,28.065285817526135]},"properties":{"substrate":"Mud","lease_number":null,"poll_year":2025}},{"type":"Feature","id":"9b59b4ab-e924-484d-bfbc-2830b4604c23","geometry":{"type":"Point","coordinates":[-96.94650629907572,28.069215788599998]},"properties":{"substrate":"Firm/Hard Bottom","lease_number":null,"poll_year":2025}},{"type":"Feature","id":"9bd1dbf2-b3df-4722-a7aa-f2a3ba2b1ca0","geometry":{"type":"Point","coordinates":[-96.95777558616159,28.069607389709034]},"properties":{"substrate":"Buried Shell","lease_number":null,"poll_year":2025}},{"type":"Feature","id":"9bd42b54-430e-4ca3-ac70-27f8ed86c256","geometry":{"type":"Point","coordinates":[-96.94731503974963,28.068062274001775]},"properties":{"substrate":"Firm/Hard Bottom","lease_number":null,"poll_year":2025}},{"type":"Feature","id":"9bfd116a-bf33-4d71-9043-1c067bdaf84c","geometry":{"type":"Point","coordinates":[-96.94837431336971,28.069518384321988]},"properties":{"substrate":"Firm/Hard Bottom","lease_number":null,"poll_year":2025}},{"type":"Feature","id":"9c54b902-16a9-4fcd-a9bc-cbd9777b72f0","geometry":{"type":"Point","coordinates":[-96.94667109591292,28.06775080107536]},"properties":{"substrate":"Firm/Hard Bottom","lease_number":null,"poll_year":2025}},{"type":"Feature","id":"9c7d0a78-28cf-40c2-a8f6-a72dcb5c561c","geometry":{"type":"Point","coordinates":[-96.95389254109087,28.071001888438822]},"properties":{"substrate":"Buried Shell","lease_number":null,"poll_year":2025}},{"type":"Feature","id":"9cf3163e-b259-4169-acb9-e61f85fa36f2","geometry":{"type":"Point","coordinates":[-96.96037870353067,28.063473320966768]},"properties":{"substrate":"Solid Reef","lease_number":null,"poll_year":2025}},{"type":"Feature","id":"9d09579a-2ff6-453a-9d07-0cc40394e18d","geometry":{"type":"Point","coordinates":[-96.95395339296822,28.058391708616572]},"properties":{"substrate":"Solid Reef","lease_number":null,"poll_year":2025}},{"type":"Feature","id":"9d14a4c3-ff81-4b2e-bccf-5a827ab07978","geometry":{"type":"Point","coordinates":[-96.95220250461423,28.06967256870163]},"properties":{"substrate":"Buried Shell","lease_number":null,"poll_year":2025}},{"type":"Feature","id":"9d9a9947-a7dd-49d3-b2e9-f43d119ad0e8","geometry":{"type":"Point","coordinates":[-96.95810587962356,28.0620711724036]},"properties":{"substrate":"Solid Reef","lease_number":null,"poll_year":2025}},{"type":"Feature","id":"9d9b9794-2ad4-4285-a3e3-3c18daa94f40","geometry":{"type":"Point","coordinates":[-96.9640326997635,28.062763661622046]},"properties":{"substrate":"Solid Reef","lease_number":null,"poll_year":2025}},{"type":"Feature","id":"9dec1592-ccd8-44dc-a909-dcaa419745ac","geometry":{"type":"Point","coordinates":[-96.95767889958925,28.06421681248755]},"properties":{"substrate":"Mud","lease_number":null,"poll_year":2025}},{"type":"Feature","id":"9e0dad5f-2b71-493e-9bcb-e73cb36be4a3","geometry":{"type":"Point","coordinates":[-96.94918862808993,28.068279985228724]},"properties":{"substrate":"Buried Shell","lease_number":null,"poll_year":2025}},{"type":"Feature","id":"9e5fbc3a-937e-40ea-9705-92e93c95048e","geometry":{"type":"Point","coordinates":[-96.96027681750944,28.05908947258465]},"properties":{"substrate":"Solid Reef","lease_number":null,"poll_year":2025}},{"type":"Feature","id":"9e71d991-062d-4caf-acbf-89b005884807","geometry":{"type":"Point","coordinates":[-96.95078229959108,28.060934300293642]},"properties":{"substrate":"Mud","lease_number":null,"poll_year":2025}},{"type":"Feature","id":"9e7ee577-9ede-4b4a-8a48-0fde5183a17a","geometry":{"type":"Point","coordinates":[-96.95638236383462,28.071634918289163]},"properties":{"substrate":"Mud","lease_number":null,"poll_year":2025}},{"type":"Feature","id":"9e9bcb73-5d60-4539-b0dd-21bb0ffe10b7","geometry":{"type":"Point","coordinates":[-96.95117665101766,28.057876982894616]},"properties":{"substrate":"Solid Reef","lease_number":null,"poll_year":2025}},{"type":"Feature","id":"9ed65042-cde4-4959-8e94-63fb11ea46af","geometry":{"type":"Point","coordinates":[-96.95194653596224,28.069211597038873]},"properties":{"substrate":"Buried Shell","lease_number":null,"poll_year":2025}},{"type":"Feature","id":"9f033cc3-ec24-4127-9025-217c4ebf79a5","geometry":{"type":"Point","coordinates":[-96.95362662629203,28.056012880049245]},"properties":{"substrate":"Solid Reef","lease_number":null,"poll_year":2025}},{"type":"Feature","id":"9f7f3a8e-6464-428c-89a6-c79b58520dbd","geometry":{"type":"Point","coordinates":[-96.95143500559504,28.07045319957458]},"properties":{"substrate":"Buried Shell","lease_number":null,"poll_year":2025}},{"type":"Feature","id":"9f87e1d7-0230-45bc-a1d1-c22cc55ced91","geometry":{"type":"Point","coordinates":[-96.94969978924952,28.067734534773592]},"properties":{"substrate":"Buried Shell","lease_number":null,"poll_year":2025}},{"type":"Feature","id":"9f8fcf74-7024-40b8-9a57-b57918a0480b","geometry":{"type":"Point","coordinates":[-96.94960862462123,28.06676440050706]},"properties":{"substrate":"Mud","lease_number":null,"poll_year":2025}},{"type":"Feature","id":"9f9d2d5b-f0fb-4b30-9060-322d64fb4c31","geometry":{"type":"Point","coordinates":[-96.95448666885348,28.068126591513998]},"properties":{"substrate":"Solid Reef","lease_number":null,"poll_year":2025}},{"type":"Feature","id":"9fba73f6-b073-4e60-af45-db679c1f681e","geometry":{"type":"Point","coordinates":[-96.96074634534888,28.06297244032807]},"properties":{"substrate":"Solid Reef","lease_number":null,"poll_year":2025}},{"type":"Feature","id":"9fbccd66-1a88-4f51-90f9-f611087d9ac5","geometry":{"type":"Point","coordinates":[-96.95801286266916,28.06768810751191]},"properties":{"substrate":"Solid Reef","lease_number":null,"poll_year":2025}},{"type":"Feature","id":"9ff293f4-a1b3-4c34-93a6-8079d112b8f2","geometry":{"type":"Point","coordinates":[-96.95270659154097,28.055587070354264]},"properties":{"substrate":"Solid Reef","lease_number":null,"poll_year":2025}},{"type":"Feature","id":"a00bfd87-5549-4727-a9ac-8499a631cead","geometry":{"type":"Point","coordinates":[-96.95496385752566,28.063160187508576]},"properties":{"substrate":"Mud","lease_number":null,"poll_year":2025}},{"type":"Feature","id":"a023ae03-94c4-411e-a332-e4f80d13f639","geometry":{"type":"Point","coordinates":[-96.9597080905098,28.06069804915716]},"properties":{"substrate":"Solid Reef","lease_number":null,"poll_year":2025}},{"type":"Feature","id":"a045b9d1-7f47-4195-b5e0-0254dcc307d0","geometry":{"type":"Point","coordinates":[-96.94618597332015,28.06789596904945]},"properties":{"substrate":"Firm/Hard Bottom","lease_number":null,"poll_year":2025}},{"type":"Feature","id":"a056a1af-f297-402d-94a9-34dd32ec26b6","geometry":{"type":"Point","coordinates":[-96.94547759422645,28.068103897561283]},"properties":{"substrate":"Solid Reef","lease_number":null,"poll_year":2025}},{"type":"Feature","id":"a09216a2-bf9c-490c-b860-8dd5c9c4cf35","geometry":{"type":"Point","coordinates":[-96.95406902590821,28.0536699033984]},"properties":{"substrate":"Mud","lease_number":null,"poll_year":2025}},{"type":"Feature","id":"a0b3178b-0c67-4d0f-b4c8-832598150d89","geometry":{"type":"Point","coordinates":[-96.9521853809283,28.063576804421363]},"properties":{"substrate":"Mud","lease_number":null,"poll_year":2025}},{"type":"Feature","id":"a0be245b-6e55-4884-95d2-93246926d56d","geometry":{"type":"Point","coordinates":[-96.95070457735271,28.05801741491383]},"properties":{"substrate":"Solid Reef","lease_number":null,"poll_year":2025}},{"type":"Feature","id":"a0d5df4a-59a0-4e09-b487-7a1807817e5d","geometry":{"type":"Point","coordinates":[-96.95901450217725,28.05725406350839]},"properties":{"substrate":"Solid Reef","lease_number":null,"poll_year":2025}},{"type":"Feature","id":"a0e67215-2d6b-49d5-956a-d7f0560f8707","geometry":{"type":"Point","coordinates":[-96.95578477755816,28.069201845792957]},"properties":{"substrate":"Mud","lease_number":null,"poll_year":2025}},{"type":"Feature","id":"a0ec734c-02de-417a-bffa-3c249e81576b","geometry":{"type":"Point","coordinates":[-96.94770634409073,28.06618897597888]},"properties":{"substrate":"Mud","lease_number":null,"poll_year":2025}},{"type":"Feature","id":"a0f9c69e-b74b-492f-ac86-c599a6f6c93e","geometry":{"type":"Point","coordinates":[-96.95324064446896,28.070397641407126]},"properties":{"substrate":"Buried Shell","lease_number":null,"poll_year":2025}},{"type":"Feature","id":"a0fcc60c-f291-4321-870a-1e6804fa3417","geometry":{"type":"Point","coordinates":[-96.95797597425033,28.06197048417563]},"properties":{"substrate":"Solid Reef","lease_number":null,"poll_year":2025}},{"type":"Feature","id":"a1183a8c-462c-4b04-8436-fdf1519ffde8","geometry":{"type":"Point","coordinates":[-96.9560729858474,28.056661550324904]},"properties":{"substrate":"Solid Reef","lease_number":null,"poll_year":2025}},{"type":"Feature","id":"a1199c47-fd64-427a-8e27-6c916e47e546","geometry":{"type":"Point","coordinates":[-96.95532833547745,28.05455382554696]},"properties":{"substrate":"Solid Reef","lease_number":null,"poll_year":2025}},{"type":"Feature","id":"a142a8fa-bbc4-47e0-bc52-6e528fc8fe42","geometry":{"type":"Point","coordinates":[-96.95515671413906,28.07071517435224]},"properties":{"substrate":"Buried Shell","lease_number":null,"poll_year":2025}},{"type":"Feature","id":"a1461937-5293-4387-bbe1-85583094b974","geometry":{"type":"Point","coordinates":[-96.95049322173264,28.069350126937977]},"properties":{"substrate":"Mud","lease_number":null,"poll_year":2025}},{"type":"Feature","id":"a14e74f5-f186-4e1d-affd-316e4a7ea348","geometry":{"type":"Point","coordinates":[-96.9630191944088,28.062732922186097]},"properties":{"substrate":"Solid Reef","lease_number":null,"poll_year":2025}},{"type":"Feature","id":"a1aa5a80-27a7-4dc8-b7fe-56e31dbb569f","geometry":{"type":"Point","coordinates":[-96.95758943457346,28.065726594252443]},"properties":{"substrate":"Mud","lease_number":null,"poll_year":2025}},{"type":"Feature","id":"a1be1474-b329-4106-bd1f-9aa858bf9621","geometry":{"type":"Point","coordinates":[-96.94718909504846,28.069269713716928]},"properties":{"substrate":"Firm/Hard Bottom","lease_number":null,"poll_year":2025}},{"type":"Feature","id":"a1e4c5a0-ff7f-4c5f-9fca-cf8bc456c0e7","geometry":{"type":"Point","coordinates":[-96.94758881390887,28.070378659898562]},"properties":{"substrate":"Firm/Hard Bottom","lease_number":null,"poll_year":2025}},{"type":"Feature","id":"a2097354-acaa-46a5-b0b6-190b723e82ee","geometry":{"type":"Point","coordinates":[-96.96333708393335,28.06297302613434]},"properties":{"substrate":"Solid Reef","lease_number":null,"poll_year":2025}},{"type":"Feature","id":"a20a7433-8e12-4837-95bb-601a3142d983","geometry":{"type":"Point","coordinates":[-96.95659957736862,28.06909982386454]},"properties":{"substrate":"Mud","lease_number":null,"poll_year":2025}},{"type":"Feature","id":"a21353d3-0606-4c77-a34a-e0cb357a3231","geometry":{"type":"Point","coordinates":[-96.96123994893625,28.069343672354012]},"properties":{"substrate":"Mud","lease_number":null,"poll_year":2025}},{"type":"Feature","id":"a223fd36-4bbd-43cf-850f-f209ccfe79ab","geometry":{"type":"Point","coordinates":[-96.96140353394613,28.062006931330572]},"properties":{"substrate":"Solid Reef","lease_number":null,"poll_year":2025}},{"type":"Feature","id":"a22edacf-1ff9-4f7d-957d-5c775e3640e5","geometry":{"type":"Point","coordinates":[-96.95241161085282,28.06824901908393]},"properties":{"substrate":"Mud","lease_number":null,"poll_year":2025}},{"type":"Feature","id":"a23c8990-cdf1-4600-b786-fa004e4a8f23","geometry":{"type":"Point","coordinates":[-96.96134455056458,28.06338162800773]},"properties":{"substrate":"Solid Reef","lease_number":null,"poll_year":2025}},{"type":"Feature","id":"a23ee33d-19c3-49e9-847b-e38200b3ee83","geometry":{"type":"Point","coordinates":[-96.95117862551466,28.05844565660519]},"properties":{"substrate":"Solid Reef","lease_number":null,"poll_year":2025}},{"type":"Feature","id":"a24922e8-5461-4074-b20a-cc8e2b48cc1d","geometry":{"type":"Point","coordinates":[-96.9565508572392,28.05881613736152]},"properties":{"substrate":"Solid Reef","lease_number":null,"poll_year":2025}},{"type":"Feature","id":"a24bed7c-56ef-4c2e-837a-9598fc6c59e2","geometry":{"type":"Point","coordinates":[-96.94384980021923,28.06181600019818]},"properties":{"substrate":"Firm/Hard Bottom","lease_number":null,"poll_year":2025}},{"type":"Feature","id":"a267bbd5-ed51-4c65-8258-ab98f1f21859","geometry":{"type":"Point","coordinates":[-96.95608263824514,28.058419184811836]},"properties":{"substrate":"Solid Reef","lease_number":null,"poll_year":2025}},{"type":"Feature","id":"a28125f0-9683-490b-aaaa-9ab579447cc3","geometry":{"type":"Point","coordinates":[-96.95632044565704,28.058061737671515]},"properties":{"substrate":"Solid Reef","lease_number":null,"poll_year":2025}},{"type":"Feature","id":"a299fe6e-57f9-4328-9925-47388fe4d150","geometry":{"type":"Point","coordinates":[-96.95491724304725,28.06383890773432]},"properties":{"substrate":"Mud","lease_number":null,"poll_year":2025}},{"type":"Feature","id":"a2a0e598-ae7b-4774-9afc-068ad0c9260b","geometry":{"type":"Point","coordinates":[-96.96154188617797,28.058279620570584]},"properties":{"substrate":"Mud","lease_number":null,"poll_year":2025}},{"type":"Feature","id":"a2dd1bd4-3340-4353-a632-f5934683abc2","geometry":{"type":"Point","coordinates":[-96.95667562155406,28.056306953620155]},"properties":{"substrate":"Solid Reef","lease_number":null,"poll_year":2025}},{"type":"Feature","id":"a304792f-8645-45be-8199-5f839675ac5b","geometry":{"type":"Point","coordinates":[-96.95146660024191,28.06025600009976]},"properties":{"substrate":"Mud","lease_number":null,"poll_year":2025}},{"type":"Feature","id":"a32dbbaf-56b9-4c46-98a4-ece5e8c57ad4","geometry":{"type":"Point","coordinates":[-96.95377137093544,28.06268316261635]},"properties":{"substrate":"Mud","lease_number":null,"poll_year":2025}},{"type":"Feature","id":"a338b65f-f4e7-4a56-abb3-5f3fa2ae872e","geometry":{"type":"Point","coordinates":[-96.95266511722262,28.062139610031576]},"properties":{"substrate":"Mud","lease_number":null,"poll_year":2025}},{"type":"Feature","id":"a3494c2f-6e46-4de9-ac59-6470402240ce","geometry":{"type":"Point","coordinates":[-96.96032352541263,28.059904495777378]},"properties":{"substrate":"Solid Reef","lease_number":null,"poll_year":2025}},{"type":"Feature","id":"a34ae078-c2f3-4658-9da3-51cb62f0e211","geometry":{"type":"Point","coordinates":[-96.95486842230649,28.07099119965972]},"properties":{"substrate":"Buried Shell","lease_number":null,"poll_year":2025}},{"type":"Feature","id":"a35764fa-cd44-4905-8dc0-8c05e435211b","geometry":{"type":"Point","coordinates":[-96.9551393434164,28.062793794631695]},"properties":{"substrate":"Solid Reef","lease_number":null,"poll_year":2025}},{"type":"Feature","id":"a3a81254-eab2-4d3d-9bcd-a24990b30e3e","geometry":{"type":"Point","coordinates":[-96.94736311938026,28.06847055610609]},"properties":{"substrate":"Firm/Hard Bottom","lease_number":null,"poll_year":2025}},{"type":"Feature","id":"a3dc579f-44cd-4ddd-94c0-4a3d8bacd35c","geometry":{"type":"Point","coordinates":[-96.94801072385174,28.06773622077459]},"properties":{"substrate":"Firm/Hard Bottom","lease_number":null,"poll_year":2025}},{"type":"Feature","id":"a3eb7763-0203-411c-8b74-5575582f7e9c","geometry":{"type":"Point","coordinates":[-96.95188190487248,28.061337565444397]},"properties":{"substrate":"Mud","lease_number":null,"poll_year":2025}},{"type":"Feature","id":"a407554a-a208-48f3-8095-135d4621b182","geometry":{"type":"Point","coordinates":[-96.95859797853285,28.07134113554703]},"properties":{"substrate":"Mud","lease_number":null,"poll_year":2025}},{"type":"Feature","id":"a43a4a2d-4ff6-4941-a053-1aefc19572ab","geometry":{"type":"Point","coordinates":[-96.95322851990757,28.054641348969792]},"properties":{"substrate":"Solid Reef","lease_number":null,"poll_year":2025}},{"type":"Feature","id":"a4468442-6d6e-4dab-9163-3b9f163556fb","geometry":{"type":"Point","coordinates":[-96.95028341480815,28.067548886641877]},"properties":{"substrate":"Buried Shell","lease_number":null,"poll_year":2025}},{"type":"Feature","id":"a49dd3b2-6f2a-4b5d-8de4-47f7dc820417","geometry":{"type":"Point","coordinates":[-96.95324879578183,28.070692275651357]},"properties":{"substrate":"Buried Shell","lease_number":null,"poll_year":2025}},{"type":"Feature","id":"a4e4efeb-38ac-4ca7-a2c7-8d848f0e58b1","geometry":{"type":"Point","coordinates":[-96.96067343538549,28.062299108203984]},"properties":{"substrate":"Solid Reef","lease_number":null,"poll_year":2025}},{"type":"Feature","id":"a4f0add1-4266-4718-a1ac-184621d7fffe","geometry":{"type":"Point","coordinates":[-96.95400242930462,28.06100020354024]},"properties":{"substrate":"Solid Reef","lease_number":null,"poll_year":2025}},{"type":"Feature","id":"a4f8227e-12f3-4ce4-a5e2-1190a2977578","geometry":{"type":"Point","coordinates":[-96.95206406704243,28.06152729329725]},"properties":{"substrate":"Mud","lease_number":null,"poll_year":2025}},{"type":"Feature","id":"a4fa6bad-5ed1-48ae-8291-e4933da85f61","geometry":{"type":"Point","coordinates":[-96.94999286371265,28.06738666868784]},"properties":{"substrate":"Buried Shell","lease_number":null,"poll_year":2025}},{"type":"Feature","id":"a4fdc636-3f4b-40d8-86cb-ca7cddd7458b","geometry":{"type":"Point","coordinates":[-96.95708211820327,28.071927588160655]},"properties":{"substrate":"Mud","lease_number":null,"poll_year":2025}},{"type":"Feature","id":"a544e9cb-371d-4dca-9693-1513eb1da3eb","geometry":{"type":"Point","coordinates":[-96.95965966862106,28.059395333528055]},"properties":{"substrate":"Solid Reef","lease_number":null,"poll_year":2025}},{"type":"Feature","id":"a55c06ee-d0a3-4a0f-b887-f010fd26e7ae","geometry":{"type":"Point","coordinates":[-96.96391218537825,28.063403806118586]},"properties":{"substrate":"Solid Reef","lease_number":null,"poll_year":2025}},{"type":"Feature","id":"a5d21c86-0085-45d0-ad2a-e96c6b311de8","geometry":{"type":"Point","coordinates":[-96.9485795361913,28.068418410905053]},"properties":{"substrate":"Buried Shell","lease_number":null,"poll_year":2025}},{"type":"Feature","id":"a60bf83d-2a46-4f05-a17c-76b84afb17ec","geometry":{"type":"Point","coordinates":[-96.95911619416238,28.06161789468943]},"properties":{"substrate":"Solid Reef","lease_number":null,"poll_year":2025}},{"type":"Feature","id":"a62a5001-e79b-46f0-b548-9da52f2f776b","geometry":{"type":"Point","coordinates":[-96.94437199987702,28.06128369976404]},"properties":{"substrate":"Scattered Shell","lease_number":null,"poll_year":2025}},{"type":"Feature","id":"a67be424-9161-4da6-b7f7-efc3316a0f5a","geometry":{"type":"Point","coordinates":[-96.95859090160502,28.059839301347335]},"properties":{"substrate":"Solid Reef","lease_number":null,"poll_year":2025}},{"type":"Feature","id":"a68709a8-ec90-4de7-b368-53a82ed2890b","geometry":{"type":"Point","coordinates":[-96.9573492717789,28.06330049451306]},"properties":{"substrate":"Mud","lease_number":null,"poll_year":2025}},{"type":"Feature","id":"a6ad736f-3343-4aed-9def-a1584a25b58a","geometry":{"type":"Point","coordinates":[-96.94964835890288,28.067203673021996]},"properties":{"substrate":"Buried Shell","lease_number":null,"poll_year":2025}},{"type":"Feature","id":"a6b970c8-4739-4eb6-bfc9-641e91fdbcae","geometry":{"type":"Point","coordinates":[-96.95699158688726,28.06832952898095]},"properties":{"substrate":"Buried Shell","lease_number":null,"poll_year":2025}},{"type":"Feature","id":"a6d4f821-32d4-4aac-a254-bc92365fe02e","geometry":{"type":"Point","coordinates":[-96.94764747659187,28.06822724543829]},"properties":{"substrate":"Firm/Hard Bottom","lease_number":null,"poll_year":2025}},{"type":"Feature","id":"a6fd6f58-d0e9-43d5-aeac-145485dd86b2","geometry":{"type":"Point","coordinates":[-96.95354965594355,28.058708338442482]},"properties":{"substrate":"Solid Reef","lease_number":null,"poll_year":2025}},{"type":"Feature","id":"a70451fd-3f26-4869-b151-e5f1a6789c5e","geometry":{"type":"Point","coordinates":[-96.95497712025252,28.060578421588108]},"properties":{"substrate":"Solid Reef","lease_number":null,"poll_year":2025}},{"type":"Feature","id":"a71f8849-0f81-49fa-b212-f38bebb6e8ae","geometry":{"type":"Point","coordinates":[-96.96344275635349,28.059704117172572]},"properties":{"substrate":"Mud","lease_number":null,"poll_year":2025}},{"type":"Feature","id":"a757b072-2181-4825-a815-178aebdfb892","geometry":{"type":"Point","coordinates":[-96.95345710970635,28.060506833491445]},"properties":{"substrate":"Mud","lease_number":null,"poll_year":2025}},{"type":"Feature","id":"a76efe6f-f826-4742-b543-5676b38601da","geometry":{"type":"Point","coordinates":[-96.95593842001446,28.064109353501532]},"properties":{"substrate":"Mud","lease_number":null,"poll_year":2025}},{"type":"Feature","id":"a78de0df-ebf5-428e-89e2-ed938e8c6b37","geometry":{"type":"Point","coordinates":[-96.94524349955161,28.060416300129333]},"properties":{"substrate":"Scattered Shell","lease_number":null,"poll_year":2025}},{"type":"Feature","id":"a7a10073-650c-4079-a667-559697a65fbd","geometry":{"type":"Point","coordinates":[-96.94370339998075,28.069456199880783]},"properties":{"substrate":"Solid Reef","lease_number":null,"poll_year":2025}},{"type":"Feature","id":"a7d042a8-be5d-4cca-ae71-113b2ca43fc2","geometry":{"type":"Point","coordinates":[-96.96064484021336,28.05936260893072]},"properties":{"substrate":"Solid Reef","lease_number":null,"poll_year":2025}},{"type":"Feature","id":"a7df6813-b477-44da-b545-35eba954de49","geometry":{"type":"Point","coordinates":[-96.95255924986807,28.055462636955465]},"properties":{"substrate":"Solid Reef","lease_number":null,"poll_year":2025}},{"type":"Feature","id":"a83a7223-497b-4714-99d2-0d43fb55ccfa","geometry":{"type":"Point","coordinates":[-96.95114563488583,28.06880093977544]},"properties":{"substrate":"Buried Shell","lease_number":null,"poll_year":2025}},{"type":"Feature","id":"a84e66c8-d49a-4299-976e-451bf4ead047","geometry":{"type":"Point","coordinates":[-96.95904333719956,28.067755683105585]},"properties":{"substrate":"Buried Shell","lease_number":null,"poll_year":2025}},{"type":"Feature","id":"a851d0f3-ac71-4a07-9da6-9ff5d5a365e2","geometry":{"type":"Point","coordinates":[-96.96018227701231,28.07066840040751]},"properties":{"substrate":"Mud","lease_number":null,"poll_year":2025}},{"type":"Feature","id":"a870b5d8-95b7-4fc0-8db8-7cce1d985f4c","geometry":{"type":"Point","coordinates":[-96.95995748079899,28.057935716111054]},"properties":{"substrate":"Solid Reef","lease_number":null,"poll_year":2025}},{"type":"Feature","id":"a881c388-7608-4653-b270-4f813ed9e988","geometry":{"type":"Point","coordinates":[-96.96064647065559,28.070184768039383]},"properties":{"substrate":"Mud","lease_number":null,"poll_year":2025}},{"type":"Feature","id":"a8a5dba2-c9f1-4041-a9e1-84eb530b1a47","geometry":{"type":"Point","coordinates":[-96.95681078566497,28.07063251104158]},"properties":{"substrate":"Mud","lease_number":null,"poll_year":2025}},{"type":"Feature","id":"a8f78eda-b081-4253-aa26-6df913cdd8b1","geometry":{"type":"Point","coordinates":[-96.95701661934098,28.061193490483788]},"properties":{"substrate":"Solid Reef","lease_number":null,"poll_year":2025}},{"type":"Feature","id":"a900ee8d-a21a-4e3a-a230-6083ca0ee408","geometry":{"type":"Point","coordinates":[-96.95469885361852,28.062389172283847]},"properties":{"substrate":"Solid Reef","lease_number":null,"poll_year":2025}},{"type":"Feature","id":"a907888f-63d6-4121-a6a7-eb7b4bc78200","geometry":{"type":"Point","coordinates":[-96.95290448500818,28.05685157340564]},"properties":{"substrate":"Solid Reef","lease_number":null,"poll_year":2025}},{"type":"Feature","id":"a934e0ad-44c1-465b-96cd-80a3ff0e8c43","geometry":{"type":"Point","coordinates":[-96.95921704712099,28.06170537034713]},"properties":{"substrate":"Solid Reef","lease_number":null,"poll_year":2025}},{"type":"Feature","id":"a9467acf-48b2-47cf-8919-8cbfffafbe39","geometry":{"type":"Point","coordinates":[-96.95747518683564,28.062703469298818]},"properties":{"substrate":"Mud","lease_number":null,"poll_year":2025}},{"type":"Feature","id":"a95255d5-161a-4b4f-9a72-6d77030b3ea7","geometry":{"type":"Point","coordinates":[-96.95004611404606,28.057885096576964]},"properties":{"substrate":"Solid Reef","lease_number":null,"poll_year":2025}},{"type":"Feature","id":"a97d24b9-0367-4100-8319-a9c5e8253633","geometry":{"type":"Point","coordinates":[-96.95031530949232,28.06646798306939]},"properties":{"substrate":"Mud","lease_number":null,"poll_year":2025}},{"type":"Feature","id":"a97e4e3b-4027-4a70-bdbd-4156fec860e8","geometry":{"type":"Point","coordinates":[-96.95095931261781,28.06986709322757]},"properties":{"substrate":"Mud","lease_number":null,"poll_year":2025}},{"type":"Feature","id":"a984f718-85d5-4d21-b05b-8c34389ac88e","geometry":{"type":"Point","coordinates":[-96.9547305318087,28.070519196064378]},"properties":{"substrate":"Buried Shell","lease_number":null,"poll_year":2025}},{"type":"Feature","id":"a994abd4-bc86-454a-877e-e3b7244e934b","geometry":{"type":"Point","coordinates":[-96.94697993940255,28.067065062673755]},"properties":{"substrate":"Mud","lease_number":null,"poll_year":2025}},{"type":"Feature","id":"a99b8959-6789-42be-920f-5eb857afd8fd","geometry":{"type":"Point","coordinates":[-96.9508055515839,28.068635182901488]},"properties":{"substrate":"Mud","lease_number":null,"poll_year":2025}},{"type":"Feature","id":"a9d1f6a2-f596-47c8-b4cd-a89884346879","geometry":{"type":"Point","coordinates":[-96.95731284329747,28.0698250454903]},"properties":{"substrate":"Mud","lease_number":null,"poll_year":2025}},{"type":"Feature","id":"a9d22722-014b-4f41-b2a9-327aa526d206","geometry":{"type":"Point","coordinates":[-96.96320328346503,28.05951461837043]},"properties":{"substrate":"Mud","lease_number":null,"poll_year":2025}},{"type":"Feature","id":"a9eb4881-b065-447f-98eb-b04e166431cd","geometry":{"type":"Point","coordinates":[-96.95005563349314,28.05844637323736]},"properties":{"substrate":"Solid Reef","lease_number":null,"poll_year":2025}},{"type":"Feature","id":"aa2689b8-4e43-4a58-87ba-873f8e761679","geometry":{"type":"Point","coordinates":[-96.95325786337632,28.062755656908266]},"properties":{"substrate":"Mud","lease_number":null,"poll_year":2025}},{"type":"Feature","id":"aa29dfef-067f-4c87-818e-35f948dc80ed","geometry":{"type":"Point","coordinates":[-96.95285226594069,28.061760250485314]},"properties":{"substrate":"Mud","lease_number":null,"poll_year":2025}},{"type":"Feature","id":"aa5ea321-0741-4496-80f5-4b26c7a4256e","geometry":{"type":"Point","coordinates":[-96.95266129129783,28.056319872281197]},"properties":{"substrate":"Solid Reef","lease_number":null,"poll_year":2025}},{"type":"Feature","id":"aa9273b2-8c0a-47a3-b3dc-7b93227bdf9c","geometry":{"type":"Point","coordinates":[-96.9481257612087,28.06601234824116]},"properties":{"substrate":"Mud","lease_number":null,"poll_year":2025}},{"type":"Feature","id":"aaa6d172-ca54-4bb2-90dd-860a3136724e","geometry":{"type":"Point","coordinates":[-96.96212989910845,28.07050881557644]},"properties":{"substrate":"Buried Shell","lease_number":null,"poll_year":2025}},{"type":"Feature","id":"aacb67e6-fb61-4aa2-b768-469e07ee566c","geometry":{"type":"Point","coordinates":[-96.95012283286628,28.06980924795925]},"properties":{"substrate":"Mud","lease_number":null,"poll_year":2025}},{"type":"Feature","id":"aad5a5a7-d80d-4e73-b3a4-24e0ea105fab","geometry":{"type":"Point","coordinates":[-96.9440458000378,28.068056999616864]},"properties":{"substrate":"Solid Reef","lease_number":null,"poll_year":2025}},{"type":"Feature","id":"aaef5dbb-a3a1-4f4e-975a-5cf36e0acb1a","geometry":{"type":"Point","coordinates":[-96.9543701735308,28.0653137643987]},"properties":{"substrate":"Mud","lease_number":null,"poll_year":2025}},{"type":"Feature","id":"aaf72fad-33e5-45d7-a2bb-caecb8838530","geometry":{"type":"Point","coordinates":[-96.95780805217427,28.062989682373157]},"properties":{"substrate":"Mud","lease_number":null,"poll_year":2025}},{"type":"Feature","id":"aafd3064-4215-49bb-9668-d147fb0cd96b","geometry":{"type":"Point","coordinates":[-96.9582538465239,28.069814754504822]},"properties":{"substrate":"Mud","lease_number":null,"poll_year":2025}},{"type":"Feature","id":"ab18ce2e-76a9-4e16-841b-ae5317157eb9","geometry":{"type":"Point","coordinates":[-96.95460210865569,28.064759910661202]},"properties":{"substrate":"Mud","lease_number":null,"poll_year":2025}},{"type":"Feature","id":"ab268e33-e0c5-4d82-9760-f002aa5f4787","geometry":{"type":"Point","coordinates":[-96.95133130857023,28.064103830017036]},"properties":{"substrate":"Mud","lease_number":null,"poll_year":2025}},{"type":"Feature","id":"ab6c81a4-8665-45ab-ae68-e8418aab2625","geometry":{"type":"Point","coordinates":[-96.95253085861351,28.067154865934206]},"properties":{"substrate":"Buried Shell","lease_number":null,"poll_year":2025}},{"type":"Feature","id":"ab7203f1-cf4c-4d8e-8b19-759a5874e093","geometry":{"type":"Point","coordinates":[-96.95906570435183,28.07050993717014]},"properties":{"substrate":"Mud","lease_number":null,"poll_year":2025}},{"type":"Feature","id":"ab7335a7-66ac-4186-b85a-f84d231b23c5","geometry":{"type":"Point","coordinates":[-96.95010148620018,28.064541914860932]},"properties":{"substrate":"Mud","lease_number":null,"poll_year":2025}},{"type":"Feature","id":"abb1ce2d-2c7a-48f2-9b9a-3a4d90d91fe0","geometry":{"type":"Point","coordinates":[-96.95498283174109,28.071524648100066]},"properties":{"substrate":"Buried Shell","lease_number":null,"poll_year":2025}},{"type":"Feature","id":"abb21869-665c-41ba-8cd7-5c221c384efc","geometry":{"type":"Point","coordinates":[-96.9559075646811,28.05724599972125]},"properties":{"substrate":"Solid Reef","lease_number":null,"poll_year":2025}},{"type":"Feature","id":"abb3884a-0af5-47b2-850a-8166666ed801","geometry":{"type":"Point","coordinates":[-96.95635721370162,28.06697801466535]},"properties":{"substrate":"Solid Reef","lease_number":null,"poll_year":2025}},{"type":"Feature","id":"abc35c1c-a182-41c9-938e-8d5f781ac956","geometry":{"type":"Point","coordinates":[-96.95900830919169,28.06090085479273]},"properties":{"substrate":"Solid Reef","lease_number":null,"poll_year":2025}},{"type":"Feature","id":"abecf049-ffd3-4ed9-9063-a5653a2f3dd6","geometry":{"type":"Point","coordinates":[-96.96100159984023,28.059622235739308]},"properties":{"substrate":"Solid Reef","lease_number":null,"poll_year":2025}},{"type":"Feature","id":"ac034e32-79fb-4500-bc7d-ce590b710c20","geometry":{"type":"Point","coordinates":[-96.95830530202338,28.071210101046486]},"properties":{"substrate":"Mud","lease_number":null,"poll_year":2025}},{"type":"Feature","id":"ac081f47-e1e4-4a55-b725-a0befd2b6446","geometry":{"type":"Point","coordinates":[-96.96033186088016,28.061187173342216]},"properties":{"substrate":"Solid Reef","lease_number":null,"poll_year":2025}},{"type":"Feature","id":"ac739b52-cceb-4fac-ab61-6ab7a2f1e793","geometry":{"type":"Point","coordinates":[-96.95050894764002,28.071512378852177]},"properties":{"substrate":"Mud","lease_number":null,"poll_year":2025}},{"type":"Feature","id":"ac741e99-a52d-471f-b2bf-07cc82df7cb6","geometry":{"type":"Point","coordinates":[-96.95856945612425,28.061874486315062]},"properties":{"substrate":"Solid Reef","lease_number":null,"poll_year":2025}},{"type":"Feature","id":"ac8e8c97-27de-4dd0-a6de-60c8ffbf1bc8","geometry":{"type":"Point","coordinates":[-96.94849401388133,28.07052146065298]},"properties":{"substrate":"Firm/Hard Bottom","lease_number":null,"poll_year":2025}},{"type":"Feature","id":"ac97422f-39a1-4667-8435-0bd7910bb4f3","geometry":{"type":"Point","coordinates":[-96.952917516868,28.066837094970133]},"properties":{"substrate":"Mud","lease_number":null,"poll_year":2025}},{"type":"Feature","id":"acb4bb2d-ab10-4fa3-817d-77a3bca1390a","geometry":{"type":"Point","coordinates":[-96.9499573488179,28.0627644535322]},"properties":{"substrate":"Mud","lease_number":null,"poll_year":2025}},{"type":"Feature","id":"acc05191-32f5-4cd1-8053-8731a293dd5d","geometry":{"type":"Point","coordinates":[-96.96155018032299,28.062117472880654]},"properties":{"substrate":"Solid Reef","lease_number":null,"poll_year":2025}},{"type":"Feature","id":"acc3ae39-a491-459f-a123-4ddc68831e85","geometry":{"type":"Point","coordinates":[-96.95937323809777,28.063078106569577]},"properties":{"substrate":"Solid Reef","lease_number":null,"poll_year":2025}},{"type":"Feature","id":"accadfa0-11eb-449c-a6c8-7140818014b3","geometry":{"type":"Point","coordinates":[-96.9539976547589,28.06739510030513]},"properties":{"substrate":"Buried Shell","lease_number":null,"poll_year":2025}},{"type":"Feature","id":"ad091656-411c-4764-9b85-0c488164c39c","geometry":{"type":"Point","coordinates":[-96.94511321149605,28.069802633287384]},"properties":{"substrate":"Solid Reef","lease_number":null,"poll_year":2025}},{"type":"Feature","id":"ad3b5d9e-6a70-433c-952a-7adda999e1a6","geometry":{"type":"Point","coordinates":[-96.94862893095552,28.06909105708748]},"properties":{"substrate":"Firm/Hard Bottom","lease_number":null,"poll_year":2025}},{"type":"Feature","id":"ad3e7b41-200f-44dc-a8f7-0dfc36e082a6","geometry":{"type":"Point","coordinates":[-96.95202813263444,28.067355057053042]},"properties":{"substrate":"Mud","lease_number":null,"poll_year":2025}},{"type":"Feature","id":"ad80702c-558e-4512-a931-de36753c335c","geometry":{"type":"Point","coordinates":[-96.95548823559803,28.0598202949847]},"properties":{"substrate":"Solid Reef","lease_number":null,"poll_year":2025}},{"type":"Feature","id":"ad9d27dc-cdeb-450c-ba64-029785a7bbb3","geometry":{"type":"Point","coordinates":[-96.95214084065988,28.055887931060727]},"properties":{"substrate":"Solid Reef","lease_number":null,"poll_year":2025}},{"type":"Feature","id":"adcaeda9-f34c-4a76-b46c-9071193354e3","geometry":{"type":"Point","coordinates":[-96.95881250610414,28.066356245882222]},"properties":{"substrate":"Mud","lease_number":null,"poll_year":2025}},{"type":"Feature","id":"adff7a5c-7578-44b5-9368-d06ac419724d","geometry":{"type":"Point","coordinates":[-96.945986766516,28.06955417180787]},"properties":{"substrate":"Solid Reef","lease_number":null,"poll_year":2025}},{"type":"Feature","id":"ae006b98-b4a5-4ea6-a0f2-0229098cb358","geometry":{"type":"Point","coordinates":[-96.95815857749308,28.070710787859102]},"properties":{"substrate":"Mud","lease_number":null,"poll_year":2025}},{"type":"Feature","id":"ae3517bf-9e91-4755-9805-d7b444170452","geometry":{"type":"Point","coordinates":[-96.95750328434109,28.064890901503315]},"properties":{"substrate":"Mud","lease_number":null,"poll_year":2025}},{"type":"Feature","id":"ae8587e8-410d-46f7-90bc-9536e33c8be5","geometry":{"type":"Point","coordinates":[-96.95903697802565,28.06226541104711]},"properties":{"substrate":"Solid Reef","lease_number":null,"poll_year":2025}},{"type":"Feature","id":"ae96b98a-852a-4db8-83c0-b1d71a737d21","geometry":{"type":"Point","coordinates":[-96.96093337638767,28.061110540812525]},"properties":{"substrate":"Solid Reef","lease_number":null,"poll_year":2025}},{"type":"Feature","id":"aeb4829a-9b4c-44fa-9f71-0a73eabf090d","geometry":{"type":"Point","coordinates":[-96.94816071196145,28.070671215880928]},"properties":{"substrate":"Firm/Hard Bottom","lease_number":null,"poll_year":2025}},{"type":"Feature","id":"aed74909-c1eb-4600-8921-9d99e288b1a2","geometry":{"type":"Point","coordinates":[-96.953634393126,28.066637154956755]},"properties":{"substrate":"Buried Shell","lease_number":null,"poll_year":2025}},{"type":"Feature","id":"af1e4e97-3d1a-4d14-97fb-3747f69a5cb5","geometry":{"type":"Point","coordinates":[-96.94777167856135,28.066992843175214]},"properties":{"substrate":"Buried Shell","lease_number":null,"poll_year":2025}},{"type":"Feature","id":"af1ecfac-95c8-4522-8939-85b42b4df9bc","geometry":{"type":"Point","coordinates":[-96.94435979985717,28.065730599669504]},"properties":{"substrate":"Scattered Shell","lease_number":null,"poll_year":2025}},{"type":"Feature","id":"af538ffb-78ab-40bf-b583-2630e4c29206","geometry":{"type":"Point","coordinates":[-96.95939659699009,28.059188976795877]},"properties":{"substrate":"Solid Reef","lease_number":null,"poll_year":2025}},{"type":"Feature","id":"af56d68e-0591-4182-8b19-b1248cc91b3e","geometry":{"type":"Point","coordinates":[-96.95763787892011,28.068610228390625]},"properties":{"substrate":"Buried Shell","lease_number":null,"poll_year":2025}},{"type":"Feature","id":"af62b15c-b88b-413a-a21f-4dd78c923a8a","geometry":{"type":"Point","coordinates":[-96.94902495594347,28.07161761184235]},"properties":{"substrate":"Mud","lease_number":null,"poll_year":2025}},{"type":"Feature","id":"af6b9b04-dc8b-4477-99ac-d3824f932f64","geometry":{"type":"Point","coordinates":[-96.96258258443463,28.059879768336383]},"properties":{"substrate":"Mud","lease_number":null,"poll_year":2025}},{"type":"Feature","id":"af744578-ae99-41c8-b34d-083a3f4f5f10","geometry":{"type":"Point","coordinates":[-96.95872167475083,28.06255784563947]},"properties":{"substrate":"Solid Reef","lease_number":null,"poll_year":2025}},{"type":"Feature","id":"afa7359d-db32-48ad-bcfb-2078064dfa34","geometry":{"type":"Point","coordinates":[-96.95741639479523,28.071440209108594]},"properties":{"substrate":"Mud","lease_number":null,"poll_year":2025}},{"type":"Feature","id":"afc0df09-dfcd-48f7-8088-7a199b76ee05","geometry":{"type":"Point","coordinates":[-96.94986542780813,28.068687755240614]},"properties":{"substrate":"Buried Shell","lease_number":null,"poll_year":2025}},{"type":"Feature","id":"afc77396-5fb4-4df5-a46d-862984dea310","geometry":{"type":"Point","coordinates":[-96.94874378954775,28.066340938507885]},"properties":{"substrate":"Mud","lease_number":null,"poll_year":2025}},{"type":"Feature","id":"afca8786-a62e-49e0-9a34-8acd08d26377","geometry":{"type":"Point","coordinates":[-96.9571753597365,28.059995349038058]},"properties":{"substrate":"Solid Reef","lease_number":null,"poll_year":2025}},{"type":"Feature","id":"b0384264-ac75-4bcd-8d3a-091e5ce806c7","geometry":{"type":"Point","coordinates":[-96.94693512065639,28.06718197922422]},"properties":{"substrate":"Firm/Hard Bottom","lease_number":null,"poll_year":2025}},{"type":"Feature","id":"b0636712-43e9-405f-99ae-026b1b5b97f9","geometry":{"type":"Point","coordinates":[-96.94962104472836,28.07044584698875]},"properties":{"substrate":"Buried Shell","lease_number":null,"poll_year":2025}},{"type":"Feature","id":"b0695b87-e967-48e9-bcc3-3ee0b6ccb6d0","geometry":{"type":"Point","coordinates":[-96.95999315110228,28.07087949650404]},"properties":{"substrate":"Mud","lease_number":null,"poll_year":2025}},{"type":"Feature","id":"b0703958-c526-415b-8064-831d6579beb0","geometry":{"type":"Point","coordinates":[-96.96004389423774,28.07059917318815]},"properties":{"substrate":"Mud","lease_number":null,"poll_year":2025}},{"type":"Feature","id":"b0c6c36b-cc31-420b-b98d-b6c137844939","geometry":{"type":"Point","coordinates":[-96.9490294061974,28.070493181430987]},"properties":{"substrate":"Mud","lease_number":null,"poll_year":2025}},{"type":"Feature","id":"b0cf8440-e0c2-49f0-bed1-d70d55bae24f","geometry":{"type":"Point","coordinates":[-96.95654853958577,28.055451372674824]},"properties":{"substrate":"Solid Reef","lease_number":null,"poll_year":2025}},{"type":"Feature","id":"b0e9a864-bc62-4fb6-9adf-550b7c348f38","geometry":{"type":"Point","coordinates":[-96.95051989271343,28.066568414220367]},"properties":{"substrate":"Mud","lease_number":null,"poll_year":2025}},{"type":"Feature","id":"b0fe9663-9dfb-4b0c-aa33-04cb192d230b","geometry":{"type":"Point","coordinates":[-96.95070821013971,28.070092588572255]},"properties":{"substrate":"Mud","lease_number":null,"poll_year":2025}},{"type":"Feature","id":"b0ff7cbe-d47c-4650-9c69-4b6c78f49115","geometry":{"type":"Point","coordinates":[-96.95253070769657,28.06380138472056]},"properties":{"substrate":"Mud","lease_number":null,"poll_year":2025}},{"type":"Feature","id":"b11f7a50-c789-4378-b21b-d6c906f35040","geometry":{"type":"Point","coordinates":[-96.9529378053187,28.057456557752403]},"properties":{"substrate":"Solid Reef","lease_number":null,"poll_year":2025}},{"type":"Feature","id":"b156820e-4ea1-40b3-bdbd-55f5f15aaf12","geometry":{"type":"Point","coordinates":[-96.94447279983507,28.061181499884466]},"properties":{"substrate":"Scattered Shell","lease_number":null,"poll_year":2025}},{"type":"Feature","id":"b163061a-1073-4e0c-9413-f11b1df128de","geometry":{"type":"Point","coordinates":[-96.95689699608448,28.06108644702847]},"properties":{"substrate":"Solid Reef","lease_number":null,"poll_year":2025}},{"type":"Feature","id":"b1692525-d227-49ad-8ea3-825cac8da346","geometry":{"type":"Point","coordinates":[-96.95092191575255,28.069564881338927]},"properties":{"substrate":"Mud","lease_number":null,"poll_year":2025}},{"type":"Feature","id":"b1833a67-3460-4766-ac94-173a5fde25e4","geometry":{"type":"Point","coordinates":[-96.9491801920111,28.065880873645952]},"properties":{"substrate":"Mud","lease_number":null,"poll_year":2025}},{"type":"Feature","id":"b19f1d2c-870a-422e-85e2-8387a37e0b3f","geometry":{"type":"Point","coordinates":[-96.9505372706226,28.069034371057974]},"properties":{"substrate":"Buried Shell","lease_number":null,"poll_year":2025}},{"type":"Feature","id":"b2051bd4-ebe5-416c-8df2-171e6fb4ca0f","geometry":{"type":"Point","coordinates":[-96.95886663409159,28.06916465677454]},"properties":{"substrate":"Mud","lease_number":null,"poll_year":2025}},{"type":"Feature","id":"b2180646-7423-44a5-80ba-58b98abd76e4","geometry":{"type":"Point","coordinates":[-96.95332291936921,28.071882370687458]},"properties":{"substrate":"Buried Shell","lease_number":null,"poll_year":2025}},{"type":"Feature","id":"b22c214a-f36d-40d9-acb7-9faa29d1bcd6","geometry":{"type":"Point","coordinates":[-96.95401304110307,28.065694886214825]},"properties":{"substrate":"Mud","lease_number":null,"poll_year":2025}},{"type":"Feature","id":"b29683a5-6d82-49d2-9fe4-68845630c68f","geometry":{"type":"Point","coordinates":[-96.95915296310524,28.063667332743158]},"properties":{"substrate":"Mud","lease_number":null,"poll_year":2025}},{"type":"Feature","id":"b2bb1497-d21a-4bae-bcb9-52213f9296bf","geometry":{"type":"Point","coordinates":[-96.94649382776464,28.068607981200277]},"properties":{"substrate":"Firm/Hard Bottom","lease_number":null,"poll_year":2025}},{"type":"Feature","id":"b2bb19e2-225c-4cff-9771-c43a38d07c2c","geometry":{"type":"Point","coordinates":[-96.95272119545255,28.06393560854539]},"properties":{"substrate":"Mud","lease_number":null,"poll_year":2025}},{"type":"Feature","id":"b2c0955f-46a9-4ba0-97b2-3afe2fa3866c","geometry":{"type":"Point","coordinates":[-96.95272662487014,28.067759249310043]},"properties":{"substrate":"Solid Reef","lease_number":null,"poll_year":2025}},{"type":"Feature","id":"b3440e36-41da-4af2-b5d0-c822f2059536","geometry":{"type":"Point","coordinates":[-96.9513650672586,28.06940547955709]},"properties":{"substrate":"Mud","lease_number":null,"poll_year":2025}},{"type":"Feature","id":"b3552969-4ee8-42b1-b291-9619c195d5f7","geometry":{"type":"Point","coordinates":[-96.9479163998486,28.061623400069347]},"properties":{"substrate":"Mud","lease_number":null,"poll_year":2025}},{"type":"Feature","id":"b36006ad-29b7-4029-b250-52d9d6e43d65","geometry":{"type":"Point","coordinates":[-96.9584934882956,28.06826996756376]},"properties":{"substrate":"Buried Shell","lease_number":null,"poll_year":2025}},{"type":"Feature","id":"b3b33968-396f-436e-8373-1ef87c6578f2","geometry":{"type":"Point","coordinates":[-96.95070362963008,28.068287734293833]},"properties":{"substrate":"Buried Shell","lease_number":null,"poll_year":2025}},{"type":"Feature","id":"b3bc1f39-c185-41f2-baa7-bef796a2ebf1","geometry":{"type":"Point","coordinates":[-96.95386280595665,28.05507955244996]},"properties":{"substrate":"Solid Reef","lease_number":null,"poll_year":2025}},{"type":"Feature","id":"b3cbfe50-8d76-4e15-b54f-dcf11e2b00da","geometry":{"type":"Point","coordinates":[-96.95344214467202,28.057330876361934]},"properties":{"substrate":"Solid Reef","lease_number":null,"poll_year":2025}},{"type":"Feature","id":"b3f2b3d0-af20-4cf6-b203-2bb728a23e8f","geometry":{"type":"Point","coordinates":[-96.95754194244103,28.060294837890147]},"properties":{"substrate":"Solid Reef","lease_number":null,"poll_year":2025}},{"type":"Feature","id":"b404673b-fae2-4bf3-bb80-b8a852dc5d82","geometry":{"type":"Point","coordinates":[-96.95387701910107,28.053529074863896]},"properties":{"substrate":"Mud","lease_number":null,"poll_year":2025}},{"type":"Feature","id":"b4078a2f-eaa6-447e-8844-97982a49a78e","geometry":{"type":"Point","coordinates":[-96.94667411335396,28.06638052238571]},"properties":{"substrate":"Mud","lease_number":null,"poll_year":2025}},{"type":"Feature","id":"b424cf31-5710-434b-bda0-77401f788726","geometry":{"type":"Point","coordinates":[-96.96005471444533,28.057136120651943]},"properties":{"substrate":"Mud","lease_number":null,"poll_year":2025}},{"type":"Feature","id":"b425ae83-d9c2-43fa-bcbc-5ae3e604bd65","geometry":{"type":"Point","coordinates":[-96.94392770032402,28.068054500347834]},"properties":{"substrate":"Solid Reef","lease_number":null,"poll_year":2025}},{"type":"Feature","id":"b4619aa9-cc4d-4aec-b4c5-ea74392ed7f4","geometry":{"type":"Point","coordinates":[-96.95962461635867,28.069783034991165]},"properties":{"substrate":"Mud","lease_number":null,"poll_year":2025}},{"type":"Feature","id":"b46773c3-d2c1-4b38-8fac-63efdaa2376e","geometry":{"type":"Point","coordinates":[-96.94779411488389,28.067522936288032]},"properties":{"substrate":"Mud","lease_number":null,"poll_year":2025}},{"type":"Feature","id":"b47299ab-8ca1-4b98-a5dd-d39dc5136fd7","geometry":{"type":"Point","coordinates":[-96.95107593011137,28.065921998662322]},"properties":{"substrate":"Mud","lease_number":null,"poll_year":2025}},{"type":"Feature","id":"b49f2275-3592-4a50-a37d-ada8f3e636aa","geometry":{"type":"Point","coordinates":[-96.95901210547208,28.063545928874095]},"properties":{"substrate":"Mud","lease_number":null,"poll_year":2025}},{"type":"Feature","id":"b4ad656e-74a4-4989-88c1-d02803e8a25d","geometry":{"type":"Point","coordinates":[-96.94688329594933,28.06671868702522]},"properties":{"substrate":"Mud","lease_number":null,"poll_year":2025}},{"type":"Feature","id":"b4d3253a-6e0e-42ce-ab18-35e6f13f750d","geometry":{"type":"Point","coordinates":[-96.95086442716762,28.059229511411736]},"properties":{"substrate":"Mud","lease_number":null,"poll_year":2025}},{"type":"Feature","id":"b4ef1aea-a76c-4399-9ac9-1d019a79f2ac","geometry":{"type":"Point","coordinates":[-96.94730288913708,28.0672570030611]},"properties":{"substrate":"Mud","lease_number":null,"poll_year":2025}},{"type":"Feature","id":"b4fb9e59-4659-4e48-a2b6-b777293cd9b8","geometry":{"type":"Point","coordinates":[-96.95095097984523,28.07021237834774]},"properties":{"substrate":"Mud","lease_number":null,"poll_year":2025}},{"type":"Feature","id":"b51b4924-ab94-4425-975b-7e44c3523e59","geometry":{"type":"Point","coordinates":[-96.95212467996791,28.069301006933948]},"properties":{"substrate":"Buried Shell","lease_number":null,"poll_year":2025}},{"type":"Feature","id":"b53ed543-3eb8-44b8-88cd-50edce0e6653","geometry":{"type":"Point","coordinates":[-96.95450298495399,28.06220595566231]},"properties":{"substrate":"Solid Reef","lease_number":null,"poll_year":2025}},{"type":"Feature","id":"b55655bf-0011-4551-a986-45d2c4ab7b7b","geometry":{"type":"Point","coordinates":[-96.94687624058109,28.06940208144991]},"properties":{"substrate":"Firm/Hard Bottom","lease_number":null,"poll_year":2025}},{"type":"Feature","id":"b55f2986-cf34-4b94-9dcb-f63e433636dc","geometry":{"type":"Point","coordinates":[-96.96469503840225,28.063981959744353]},"properties":{"substrate":"Solid Reef","lease_number":null,"poll_year":2025}},{"type":"Feature","id":"b58fc5ea-eb57-49c2-a703-c31111bc4fd1","geometry":{"type":"Point","coordinates":[-96.95038722052914,28.07081445695626]},"properties":{"substrate":"Mud","lease_number":null,"poll_year":2025}},{"type":"Feature","id":"b5ad1534-4a44-45a2-b227-df193bff1f51","geometry":{"type":"Point","coordinates":[-96.9542864972587,28.056002221489376]},"properties":{"substrate":"Solid Reef","lease_number":null,"poll_year":2025}},{"type":"Feature","id":"b5bbe0fa-341f-483a-99e2-37f03d0001cc","geometry":{"type":"Point","coordinates":[-96.96169336010118,28.062232215663087]},"properties":{"substrate":"Solid Reef","lease_number":null,"poll_year":2025}},{"type":"Feature","id":"b5d4d589-a4b7-4277-aa6a-a02b03c13e68","geometry":{"type":"Point","coordinates":[-96.9565629350882,28.067078069613565]},"properties":{"substrate":"Solid Reef","lease_number":null,"poll_year":2025}},{"type":"Feature","id":"b5ed8f2d-4e37-422a-94df-80e42e109578","geometry":{"type":"Point","coordinates":[-96.95118172380405,28.069310556836594]},"properties":{"substrate":"Buried Shell","lease_number":null,"poll_year":2025}},{"type":"Feature","id":"b5fa27b2-222c-43a3-b417-8e5b5caa001e","geometry":{"type":"Point","coordinates":[-96.95242297004958,28.069950728123185]},"properties":{"substrate":"Buried Shell","lease_number":null,"poll_year":2025}},{"type":"Feature","id":"b642c398-6bb1-47f7-ac5e-399bb68b6118","geometry":{"type":"Point","coordinates":[-96.94695870412754,28.07005435356538]},"properties":{"substrate":"Firm/Hard Bottom","lease_number":null,"poll_year":2025}},{"type":"Feature","id":"b67745ae-35b6-4b67-906e-ac503468a244","geometry":{"type":"Point","coordinates":[-96.95579599841437,28.060779177481972]},"properties":{"substrate":"Solid Reef","lease_number":null,"poll_year":2025}},{"type":"Feature","id":"b6788b7e-30c8-4371-befc-0354807f8097","geometry":{"type":"Point","coordinates":[-96.95165782102318,28.059995077926686]},"properties":{"substrate":"Mud","lease_number":null,"poll_year":2025}},{"type":"Feature","id":"b6966195-2d59-4e56-938d-12b587c2fccc","geometry":{"type":"Point","coordinates":[-96.95737189405267,28.06848410188504]},"properties":{"substrate":"Buried Shell","lease_number":null,"poll_year":2025}},{"type":"Feature","id":"b6adfbe7-45b3-40dd-a764-80a48c80aaaf","geometry":{"type":"Point","coordinates":[-96.94435129999795,28.06914229991976]},"properties":{"substrate":"Solid Reef","lease_number":null,"poll_year":2025}},{"type":"Feature","id":"b6b8e2e9-0f33-47ce-8ba6-26fbe3e599f0","geometry":{"type":"Point","coordinates":[-96.95723193024322,28.057529943439967]},"properties":{"substrate":"Solid Reef","lease_number":null,"poll_year":2025}},{"type":"Feature","id":"b6d68020-278a-4e28-998e-7cd87d52c3ea","geometry":{"type":"Point","coordinates":[-96.95488360383482,28.06833687854096]},"properties":{"substrate":"Solid Reef","lease_number":null,"poll_year":2025}},{"type":"Feature","id":"b6dab5b2-3f24-4d59-91a9-0576d000dd57","geometry":{"type":"Point","coordinates":[-96.9583011491118,28.055761380562917]},"properties":{"substrate":"Mud","lease_number":null,"poll_year":2025}},{"type":"Feature","id":"b704f9cc-b633-477d-8592-845f38629e98","geometry":{"type":"Point","coordinates":[-96.94891174486148,28.068847403811215]},"properties":{"substrate":"Mud","lease_number":null,"poll_year":2025}},{"type":"Feature","id":"b71dce44-6af2-4f0c-b3f7-8947e9ba8ddc","geometry":{"type":"Point","coordinates":[-96.96104150300515,28.057201134390404]},"properties":{"substrate":"Mud","lease_number":null,"poll_year":2025}},{"type":"Feature","id":"b77535ac-7016-447f-89d7-0e4cbf7e2bc1","geometry":{"type":"Point","coordinates":[-96.96128135408433,28.05893178738175]},"properties":{"substrate":"Solid Reef","lease_number":null,"poll_year":2025}},{"type":"Feature","id":"b77e1110-d9e4-40a7-85ba-dfacaf5ab8cb","geometry":{"type":"Point","coordinates":[-96.95067498774556,28.069438449197]},"properties":{"substrate":"Mud","lease_number":null,"poll_year":2025}},{"type":"Feature","id":"b78dcff6-a3b9-4e11-846e-e4dbe854901e","geometry":{"type":"Point","coordinates":[-96.95856718158994,28.060535863668598]},"properties":{"substrate":"Solid Reef","lease_number":null,"poll_year":2025}},{"type":"Feature","id":"b795da0d-fd0c-4196-9367-cf90cb1b0c43","geometry":{"type":"Point","coordinates":[-96.94453599990857,28.061119500077716]},"properties":{"substrate":"Scattered Shell","lease_number":null,"poll_year":2025}},{"type":"Feature","id":"b7d7df41-f6fa-4d8b-b26e-970ec8550c55","geometry":{"type":"Point","coordinates":[-96.96092279513195,28.07002335226273]},"properties":{"substrate":"Mud","lease_number":null,"poll_year":2025}},{"type":"Feature","id":"b7d99f81-bac5-4aa7-b25e-242be72d6899","geometry":{"type":"Point","coordinates":[-96.9575623063502,28.069918528303717]},"properties":{"substrate":"Mud","lease_number":null,"poll_year":2025}},{"type":"Feature","id":"b7ef0c63-76a4-4e82-aead-54130240c9e9","geometry":{"type":"Point","coordinates":[-96.95546667333628,28.07009117290151]},"properties":{"substrate":"Mud","lease_number":null,"poll_year":2025}},{"type":"Feature","id":"b7fa0f0e-cc40-4a36-bb18-6deb6be60932","geometry":{"type":"Point","coordinates":[-96.95090520618993,28.065831173399385]},"properties":{"substrate":"Mud","lease_number":null,"poll_year":2025}},{"type":"Feature","id":"b7fdfc78-e141-45a6-8b2a-faba1b0e3aa2","geometry":{"type":"Point","coordinates":[-96.95531461191486,28.056095327085792]},"properties":{"substrate":"Solid Reef","lease_number":null,"poll_year":2025}},{"type":"Feature","id":"b81e2e33-7092-4ab0-ac94-9f2ef853bcb2","geometry":{"type":"Point","coordinates":[-96.95972341666688,28.062864678871012]},"properties":{"substrate":"Solid Reef","lease_number":null,"poll_year":2025}},{"type":"Feature","id":"b82446b9-2297-40e1-906b-201d3e2fe657","geometry":{"type":"Point","coordinates":[-96.95481168920475,28.056411166962214]},"properties":{"substrate":"Solid Reef","lease_number":null,"poll_year":2025}},{"type":"Feature","id":"b82780a4-4f6f-4aa9-aace-8ed8d8a0bfeb","geometry":{"type":"Point","coordinates":[-96.95446782399544,28.070932777952823]},"properties":{"substrate":"Solid Reef","lease_number":null,"poll_year":2025}},{"type":"Feature","id":"b86eb597-307d-49e9-b7cc-876c25fef57b","geometry":{"type":"Point","coordinates":[-96.94613623090792,28.06722758787657]},"properties":{"substrate":"Firm/Hard Bottom","lease_number":null,"poll_year":2025}},{"type":"Feature","id":"b87fb52c-734a-4391-8730-37f04acbb599","geometry":{"type":"Point","coordinates":[-96.94738980383576,28.06936638982452]},"properties":{"substrate":"Firm/Hard Bottom","lease_number":null,"poll_year":2025}},{"type":"Feature","id":"b88261e1-2bc7-43b2-b5ee-700b2276f458","geometry":{"type":"Point","coordinates":[-96.95777266304366,28.061810156340975]},"properties":{"substrate":"Solid Reef","lease_number":null,"poll_year":2025}},{"type":"Feature","id":"b8cdbb6a-efa9-409e-8334-c606f26ce2ef","geometry":{"type":"Point","coordinates":[-96.95216755925138,28.065104279994845]},"properties":{"substrate":"Mud","lease_number":null,"poll_year":2025}},{"type":"Feature","id":"b91d0bc1-dfdf-48ce-a3b0-47c7cfe28d6a","geometry":{"type":"Point","coordinates":[-96.9533565379204,28.07026116581581]},"properties":{"substrate":"Buried Shell","lease_number":null,"poll_year":2025}},{"type":"Feature","id":"b9307d49-6122-43f2-b5da-4bf4ebbbcaee","geometry":{"type":"Point","coordinates":[-96.95633488877016,28.069443190850876]},"properties":{"substrate":"Mud","lease_number":null,"poll_year":2025}},{"type":"Feature","id":"b965b836-16b9-4899-b950-635f8977668d","geometry":{"type":"Point","coordinates":[-96.95262619411967,28.06489808404154]},"properties":{"substrate":"Mud","lease_number":null,"poll_year":2025}},{"type":"Feature","id":"b983dc53-9da7-4477-87a1-7b6eca3f7c81","geometry":{"type":"Point","coordinates":[-96.95260269598847,28.07004110443518]},"properties":{"substrate":"Buried Shell","lease_number":null,"poll_year":2025}},{"type":"Feature","id":"b997f999-8d00-4b54-b85d-f96da5deaf8f","geometry":{"type":"Point","coordinates":[-96.9527080791511,28.057924437027527]},"properties":{"substrate":"Solid Reef","lease_number":null,"poll_year":2025}},{"type":"Feature","id":"b9d9009d-cdef-45fa-b439-7a49d249462b","geometry":{"type":"Point","coordinates":[-96.94997395507424,28.065830607425713]},"properties":{"substrate":"Mud","lease_number":null,"poll_year":2025}},{"type":"Feature","id":"b9dd75d7-22db-4ee9-b15f-846c60a40d28","geometry":{"type":"Point","coordinates":[-96.95953755433626,28.05672420275591]},"properties":{"substrate":"Firm/Hard Bottom","lease_number":null,"poll_year":2025}},{"type":"Feature","id":"b9e6364a-2b99-4ea0-bfe0-cca9a9a28c2f","geometry":{"type":"Point","coordinates":[-96.95499643133617,28.070445655168378]},"properties":{"substrate":"Mud","lease_number":null,"poll_year":2025}},{"type":"Feature","id":"ba0fa3e6-636b-41ec-8b5a-31ad461d6eee","geometry":{"type":"Point","coordinates":[-96.95433772368779,28.055402080631914]},"properties":{"substrate":"Solid Reef","lease_number":null,"poll_year":2025}},{"type":"Feature","id":"ba1f2c38-57ba-48ad-879b-0af20245085a","geometry":{"type":"Point","coordinates":[-96.94411020026051,28.061553199914364]},"properties":{"substrate":"Scattered Shell","lease_number":null,"poll_year":2025}},{"type":"Feature","id":"ba24ca75-b00c-45a0-b214-8d00c0426d5a","geometry":{"type":"Point","coordinates":[-96.95623575159372,28.061153629623387]},"properties":{"substrate":"Solid Reef","lease_number":null,"poll_year":2025}},{"type":"Feature","id":"ba7a3899-c202-4785-a9f1-5d28141f37eb","geometry":{"type":"Point","coordinates":[-96.95938327227948,28.061219475660074]},"properties":{"substrate":"Solid Reef","lease_number":null,"poll_year":2025}},{"type":"Feature","id":"ba8b4489-3a39-437f-bb5e-6cd86f9bafd2","geometry":{"type":"Point","coordinates":[-96.95834097053005,28.06094982405687]},"properties":{"substrate":"Solid Reef","lease_number":null,"poll_year":2025}},{"type":"Feature","id":"ba9f06c7-32a7-409c-aa0f-9cd0d1b86551","geometry":{"type":"Point","coordinates":[-96.94518132535417,28.068856974363303]},"properties":{"substrate":"Solid Reef","lease_number":null,"poll_year":2025}},{"type":"Feature","id":"bac7626e-d378-43cf-a86d-cbe3ba20eecd","geometry":{"type":"Point","coordinates":[-96.95462188596498,28.070878591305746]},"properties":{"substrate":"Buried Shell","lease_number":null,"poll_year":2025}},{"type":"Feature","id":"baf0df11-face-4939-915e-1804bfd6d481","geometry":{"type":"Point","coordinates":[-96.95432428578945,28.060568894690995]},"properties":{"substrate":"Solid Reef","lease_number":null,"poll_year":2025}},{"type":"Feature","id":"bb09bb6d-d8c5-4eb9-b039-ad0780f31a85","geometry":{"type":"Point","coordinates":[-96.94813837445359,28.063868725742715]},"properties":{"substrate":"Mud","lease_number":null,"poll_year":2025}},{"type":"Feature","id":"bb1a539d-31f9-4c59-bdce-0d6234e48e64","geometry":{"type":"Point","coordinates":[-96.95411799846424,28.058542601674347]},"properties":{"substrate":"Solid Reef","lease_number":null,"poll_year":2025}},{"type":"Feature","id":"bb21c0ad-be8e-4995-8b4e-200eb4f9985f","geometry":{"type":"Point","coordinates":[-96.96232325069359,28.056037208039772]},"properties":{"substrate":"Firm/Hard Bottom","lease_number":null,"poll_year":2025}},{"type":"Feature","id":"bb270305-4dbd-4409-a8ed-268a83156c0c","geometry":{"type":"Point","coordinates":[-96.95180573761786,28.0601369491405]},"properties":{"substrate":"Mud","lease_number":null,"poll_year":2025}},{"type":"Feature","id":"bb43d873-591a-45d7-a460-6ab4ea34fb7e","geometry":{"type":"Point","coordinates":[-96.94939911144584,28.070679594133274]},"properties":{"substrate":"Mud","lease_number":null,"poll_year":2025}},{"type":"Feature","id":"bb460321-91b3-462a-b801-8fd127e81d1c","geometry":{"type":"Point","coordinates":[-96.95212741713458,28.058137421090482]},"properties":{"substrate":"Solid Reef","lease_number":null,"poll_year":2025}},{"type":"Feature","id":"bb74fda7-3243-427c-ae8d-99fcf592a8aa","geometry":{"type":"Point","coordinates":[-96.95709629451679,28.062378255141443]},"properties":{"substrate":"Mud","lease_number":null,"poll_year":2025}},{"type":"Feature","id":"bb859f8b-6586-4481-b580-ce7eb7c3e6bc","geometry":{"type":"Point","coordinates":[-96.96463225065547,28.06061771666069]},"properties":{"substrate":"Mud","lease_number":null,"poll_year":2025}},{"type":"Feature","id":"bbb7b7ac-a528-47d8-a2fb-00de4d9df91f","geometry":{"type":"Point","coordinates":[-96.94452900023586,28.064636400266224]},"properties":{"substrate":"Scattered Shell","lease_number":null,"poll_year":2025}},{"type":"Feature","id":"bbc09c9e-d027-41c7-89c0-3c1c6b982efe","geometry":{"type":"Point","coordinates":[-96.95943784223805,28.061895348839546]},"properties":{"substrate":"Solid Reef","lease_number":null,"poll_year":2025}},{"type":"Feature","id":"bc14db77-6ec7-4adf-896c-a6fd4ef10929","geometry":{"type":"Point","coordinates":[-96.95401440205072,28.055794430493055]},"properties":{"substrate":"Solid Reef","lease_number":null,"poll_year":2025}},{"type":"Feature","id":"bc7448d4-7d44-4694-9def-79a2f00e6453","geometry":{"type":"Point","coordinates":[-96.95428295070997,28.061256400283533]},"properties":{"substrate":"Solid Reef","lease_number":null,"poll_year":2025}},{"type":"Feature","id":"bc9b25cf-99ed-4031-9157-148f867e0b7d","geometry":{"type":"Point","coordinates":[-96.9463023734214,28.069421770178128]},"properties":{"substrate":"Solid Reef","lease_number":null,"poll_year":2025}},{"type":"Feature","id":"bcb0b10d-acdc-437e-98f2-119e25b0d3f1","geometry":{"type":"Point","coordinates":[-96.95188391440378,28.064952907853996]},"properties":{"substrate":"Mud","lease_number":null,"poll_year":2025}},{"type":"Feature","id":"bcbb2821-427c-425e-b65e-56ae5bd344b3","geometry":{"type":"Point","coordinates":[-96.95712769782249,28.068788794663853]},"properties":{"substrate":"Mud","lease_number":null,"poll_year":2025}},{"type":"Feature","id":"bcebe136-b890-4eee-bfe0-7885ccdaba7a","geometry":{"type":"Point","coordinates":[-96.95118348899359,28.059543815288134]},"properties":{"substrate":"Mud","lease_number":null,"poll_year":2025}},{"type":"Feature","id":"bd1886ce-9e09-4bc5-bb92-e266dbff72a7","geometry":{"type":"Point","coordinates":[-96.95885090369265,28.071009220377906]},"properties":{"substrate":"Mud","lease_number":null,"poll_year":2025}},{"type":"Feature","id":"bd35fbe8-3144-4f90-93c7-ee957bb90876","geometry":{"type":"Point","coordinates":[-96.96012446772885,28.070432860272756]},"properties":{"substrate":"Mud","lease_number":null,"poll_year":2025}},{"type":"Feature","id":"bd452376-9c5a-43a4-9ab5-ca6b757562db","geometry":{"type":"Point","coordinates":[-96.95569273078425,28.07017282362425]},"properties":{"substrate":"Mud","lease_number":null,"poll_year":2025}},{"type":"Feature","id":"bd675c64-c0ef-4183-80e4-04022ae83103","geometry":{"type":"Point","coordinates":[-96.95085761524282,28.05980235879707]},"properties":{"substrate":"Mud","lease_number":null,"poll_year":2025}},{"type":"Feature","id":"bd7682ab-bfc3-4411-af29-7035fccbf783","geometry":{"type":"Point","coordinates":[-96.95240422670118,28.070586838837652]},"properties":{"substrate":"Buried Shell","lease_number":null,"poll_year":2025}},{"type":"Feature","id":"bd91603b-2859-47ff-86b5-df38f0a00a5f","geometry":{"type":"Point","coordinates":[-96.95189939596939,28.057189542095916]},"properties":{"substrate":"Solid Reef","lease_number":null,"poll_year":2025}},{"type":"Feature","id":"bd942cd8-69b5-439a-9902-2fa17906a972","geometry":{"type":"Point","coordinates":[-96.95077273522824,28.064952474254344]},"properties":{"substrate":"Mud","lease_number":null,"poll_year":2025}},{"type":"Feature","id":"bdec18c1-fda3-4c99-bd11-37cdec7b64b7","geometry":{"type":"Point","coordinates":[-96.95764249356573,28.062849113371144]},"properties":{"substrate":"Mud","lease_number":null,"poll_year":2025}},{"type":"Feature","id":"bded97ba-779d-4477-8268-7bbeeb3a65fe","geometry":{"type":"Point","coordinates":[-96.9475167995658,28.061320499909403]},"properties":{"substrate":"Solid Reef","lease_number":null,"poll_year":2025}},{"type":"Feature","id":"bdf1b2ac-10ac-49ee-95f0-1635db019c07","geometry":{"type":"Point","coordinates":[-96.95112891274682,28.07154414462091]},"properties":{"substrate":"Mud","lease_number":null,"poll_year":2025}},{"type":"Feature","id":"be85a6ec-16bc-426f-bb52-b94d4924faae","geometry":{"type":"Point","coordinates":[-96.96392708393722,28.060075822311582]},"properties":{"substrate":"Solid Reef","lease_number":null,"poll_year":2025}},{"type":"Feature","id":"beda7bc2-2ab5-4aba-9542-72716c74aa54","geometry":{"type":"Point","coordinates":[-96.94616576122627,28.06680994513014]},"properties":{"substrate":"Firm/Hard Bottom","lease_number":null,"poll_year":2025}},{"type":"Feature","id":"befd150c-5c33-481a-81b3-662ffd0d5ade","geometry":{"type":"Point","coordinates":[-96.95304599122498,28.05558160747398]},"properties":{"substrate":"Solid Reef","lease_number":null,"poll_year":2025}},{"type":"Feature","id":"bf3071e9-265c-4088-93d4-c5ef722c2e69","geometry":{"type":"Point","coordinates":[-96.94530130883508,28.069890627809837]},"properties":{"substrate":"Solid Reef","lease_number":null,"poll_year":2025}},{"type":"Feature","id":"bf53494b-f4bc-443b-b4d7-40d0dea3c32d","geometry":{"type":"Point","coordinates":[-96.95613351612788,28.071534492666462]},"properties":{"substrate":"Mud","lease_number":null,"poll_year":2025}},{"type":"Feature","id":"bfc52eec-27f5-48a7-b150-ff0677b7fa65","geometry":{"type":"Point","coordinates":[-96.95312300199767,28.066948612879866]},"properties":{"substrate":"Mud","lease_number":null,"poll_year":2025}},{"type":"Feature","id":"bfd6a8ba-d035-4a43-970e-eee5d72a731b","geometry":{"type":"Point","coordinates":[-96.95333559369955,28.069621068510266]},"properties":{"substrate":"Solid Reef","lease_number":null,"poll_year":2025}},{"type":"Feature","id":"bfe6d4a3-ae49-4897-bce8-b482ac1c8ca0","geometry":{"type":"Point","coordinates":[-96.95273388774919,28.054279388738635]},"properties":{"substrate":"Solid Reef","lease_number":null,"poll_year":2025}},{"type":"Feature","id":"c01a448b-57e7-4fa5-8ccd-982d0be681e8","geometry":{"type":"Point","coordinates":[-96.9490941944923,28.06770853848996]},"properties":{"substrate":"Buried Shell","lease_number":null,"poll_year":2025}},{"type":"Feature","id":"c026979e-4822-4cb7-9554-c65b5a388dda","geometry":{"type":"Point","coordinates":[-96.95544941849629,28.068065969400227]},"properties":{"substrate":"Buried Shell","lease_number":null,"poll_year":2025}},{"type":"Feature","id":"c03a65bb-715f-4906-872a-1186031a96f5","geometry":{"type":"Point","coordinates":[-96.95728811267772,28.07159652768153]},"properties":{"substrate":"Mud","lease_number":null,"poll_year":2025}},{"type":"Feature","id":"c0a3cf7d-aef9-4a08-9c5d-a3b0afa11090","geometry":{"type":"Point","coordinates":[-96.95424140542472,28.06490057228638]},"properties":{"substrate":"Mud","lease_number":null,"poll_year":2025}},{"type":"Feature","id":"c0c243e5-0676-4b9b-892d-b1e4f96cf86c","geometry":{"type":"Point","coordinates":[-96.95072146298509,28.069126651307652]},"properties":{"substrate":"Buried Shell","lease_number":null,"poll_year":2025}},{"type":"Feature","id":"c0d22744-4f99-444e-a270-33c419f3d38c","geometry":{"type":"Point","coordinates":[-96.94868815508558,28.07062063088045]},"properties":{"substrate":"Firm/Hard Bottom","lease_number":null,"poll_year":2025}},{"type":"Feature","id":"c0d884a4-2309-4a59-a476-562e25400441","geometry":{"type":"Point","coordinates":[-96.95063031452646,28.063137044631425]},"properties":{"substrate":"Mud","lease_number":null,"poll_year":2025}},{"type":"Feature","id":"c0df9333-62b3-426d-b1e4-1fec5359c0de","geometry":{"type":"Point","coordinates":[-96.95252906647453,28.057753129260966]},"properties":{"substrate":"Solid Reef","lease_number":null,"poll_year":2025}},{"type":"Feature","id":"c14f9e73-1266-49fe-a549-103e7221dd2a","geometry":{"type":"Point","coordinates":[-96.95182557870756,28.05902954773208]},"properties":{"substrate":"Mud","lease_number":null,"poll_year":2025}},{"type":"Feature","id":"c163a72f-d873-492b-a0e1-311e8cf21884","geometry":{"type":"Point","coordinates":[-96.94984245159812,28.070557787596258]},"properties":{"substrate":"Mud","lease_number":null,"poll_year":2025}},{"type":"Feature","id":"c184be9d-1f1c-4ec0-87ad-fd908c084157","geometry":{"type":"Point","coordinates":[-96.95831757750173,28.066288764529673]},"properties":{"substrate":"Mud","lease_number":null,"poll_year":2025}},{"type":"Feature","id":"c1a6ea06-24b0-4012-8600-796957142b37","geometry":{"type":"Point","coordinates":[-96.95946132958946,28.064408516191722]},"properties":{"substrate":"Solid Reef","lease_number":null,"poll_year":2025}},{"type":"Feature","id":"c1ae8e71-73e4-4a4f-b5e9-c1b34ac9f4d5","geometry":{"type":"Point","coordinates":[-96.96021001339503,28.070006353104297]},"properties":{"substrate":"Mud","lease_number":null,"poll_year":2025}},{"type":"Feature","id":"c1c02bc8-63de-44b9-9a5b-3135cf2267f8","geometry":{"type":"Point","coordinates":[-96.95211134807079,28.071663889182908]},"properties":{"substrate":"Buried Shell","lease_number":null,"poll_year":2025}},{"type":"Feature","id":"c1ccf655-8817-4746-8eb9-1ed7978d3033","geometry":{"type":"Point","coordinates":[-96.95106988265289,28.06643333759411]},"properties":{"substrate":"Buried Shell","lease_number":null,"poll_year":2025}},{"type":"Feature","id":"c1eaa489-3965-4c68-9b88-e199b26a2155","geometry":{"type":"Point","coordinates":[-96.959898883693,28.061647951127338]},"properties":{"substrate":"Solid Reef","lease_number":null,"poll_year":2025}},{"type":"Feature","id":"c1fe12d7-b48f-4912-a910-0513a2ea05f3","geometry":{"type":"Point","coordinates":[-96.94547069067347,28.06843259557536]},"properties":{"substrate":"Solid Reef","lease_number":null,"poll_year":2025}},{"type":"Feature","id":"c2145211-3352-4811-9c49-455bdf4f1810","geometry":{"type":"Point","coordinates":[-96.95072252928533,28.0642373622367]},"properties":{"substrate":"Mud","lease_number":null,"poll_year":2025}},{"type":"Feature","id":"c24317bb-994e-4bd5-a7e2-05b4efa62fdd","geometry":{"type":"Point","coordinates":[-96.96171812485693,28.069540704636452]},"properties":{"substrate":"Mud","lease_number":null,"poll_year":2025}},{"type":"Feature","id":"c26e9d98-35f9-47fe-899c-07682942440d","geometry":{"type":"Point","coordinates":[-96.94842462711047,28.06899126638313]},"properties":{"substrate":"Firm/Hard Bottom","lease_number":null,"poll_year":2025}},{"type":"Feature","id":"c2962097-d915-4d08-8cf3-5b39c1dc44d1","geometry":{"type":"Point","coordinates":[-96.95905547343905,28.064870378037824]},"properties":{"substrate":"Mud","lease_number":null,"poll_year":2025}},{"type":"Feature","id":"c2ed4ee4-0956-43fc-80ab-f61b280740bd","geometry":{"type":"Point","coordinates":[-96.955953109266,28.0583076873826]},"properties":{"substrate":"Solid Reef","lease_number":null,"poll_year":2025}},{"type":"Feature","id":"c2f327e8-5c12-4665-a7c2-172271e2bf9f","geometry":{"type":"Point","coordinates":[-96.95232572742006,28.066553783820655]},"properties":{"substrate":"Mud","lease_number":null,"poll_year":2025}},{"type":"Feature","id":"c33c98ea-6fe3-42eb-85db-b41d186b10e5","geometry":{"type":"Point","coordinates":[-96.9597423262036,28.070453090189417]},"properties":{"substrate":"Mud","lease_number":null,"poll_year":2025}},{"type":"Feature","id":"c3400cb7-6e5f-4a6b-a466-8cc3704ae061","geometry":{"type":"Point","coordinates":[-96.95065927800786,28.05961312573138]},"properties":{"substrate":"Mud","lease_number":null,"poll_year":2025}},{"type":"Feature","id":"c34dc8a7-1bdb-4ffe-be84-42c05afc9a45","geometry":{"type":"Point","coordinates":[-96.95329575611164,28.067031640482902]},"properties":{"substrate":"Buried Shell","lease_number":null,"poll_year":2025}},{"type":"Feature","id":"c364330d-6639-4aaf-8fe5-5e46782009ee","geometry":{"type":"Point","coordinates":[-96.9508252417566,28.058569777384932]},"properties":{"substrate":"Solid Reef","lease_number":null,"poll_year":2025}},{"type":"Feature","id":"c378f692-b6e2-426d-9fb8-bb3726ce0894","geometry":{"type":"Point","coordinates":[-96.95312259685747,28.07178860264845]},"properties":{"substrate":"Buried Shell","lease_number":null,"poll_year":2025}},{"type":"Feature","id":"c3ecbc0d-380c-41a5-8e8f-09f10b7f9d21","geometry":{"type":"Point","coordinates":[-96.94862771373832,28.067148963709712]},"properties":{"substrate":"Mud","lease_number":null,"poll_year":2025}},{"type":"Feature","id":"c3ece195-d756-4397-9e3c-09415db71f49","geometry":{"type":"Point","coordinates":[-96.95703298664543,28.059873501851946]},"properties":{"substrate":"Solid Reef","lease_number":null,"poll_year":2025}},{"type":"Feature","id":"c3ee1e3b-9af0-4258-8c1b-95406fd94ad6","geometry":{"type":"Point","coordinates":[-96.95360877137743,28.064881790356594]},"properties":{"substrate":"Mud","lease_number":null,"poll_year":2025}},{"type":"Feature","id":"c40792fa-56c2-4ece-9fe3-70b640e59db4","geometry":{"type":"Point","coordinates":[-96.94824552819564,28.070103118118386]},"properties":{"substrate":"Firm/Hard Bottom","lease_number":null,"poll_year":2025}},{"type":"Feature","id":"c41bb2f3-1c25-48d7-92e6-6489f4bf01be","geometry":{"type":"Point","coordinates":[-96.95178125313649,28.059501351293484]},"properties":{"substrate":"Mud","lease_number":null,"poll_year":2025}},{"type":"Feature","id":"c454758e-d99c-4dd8-b3e9-f9282a568a0b","geometry":{"type":"Point","coordinates":[-96.95158492902608,28.06875513838221]},"properties":{"substrate":"Buried Shell","lease_number":null,"poll_year":2025}},{"type":"Feature","id":"c45c6561-999f-459f-95e8-aaf52142e3fd","geometry":{"type":"Point","coordinates":[-96.95993879314614,28.06230351248002]},"properties":{"substrate":"Solid Reef","lease_number":null,"poll_year":2025}},{"type":"Feature","id":"c45e76f3-ceff-4523-bdcf-f2d183b6ad23","geometry":{"type":"Point","coordinates":[-96.95692754688898,28.06870793554835]},"properties":{"substrate":"Mud","lease_number":null,"poll_year":2025}},{"type":"Feature","id":"c464bda9-e655-4f73-8b72-71998104b00b","geometry":{"type":"Point","coordinates":[-96.96311739913398,28.061188425831094]},"properties":{"substrate":"Mud","lease_number":null,"poll_year":2025}},{"type":"Feature","id":"c4b413de-4d30-41a0-af77-6ac7184b1361","geometry":{"type":"Point","coordinates":[-96.96247640446636,28.058974436307683]},"properties":{"substrate":"Mud","lease_number":null,"poll_year":2025}},{"type":"Feature","id":"c4b7b26b-2f39-4eb9-b4c1-c621c85ba308","geometry":{"type":"Point","coordinates":[-96.95656005149613,28.071116626490607]},"properties":{"substrate":"Mud","lease_number":null,"poll_year":2025}},{"type":"Feature","id":"c4cae0e7-5868-442a-bc5a-4513c14b86c3","geometry":{"type":"Point","coordinates":[-96.95865487782294,28.06372535095478]},"properties":{"substrate":"Mud","lease_number":null,"poll_year":2025}},{"type":"Feature","id":"c4e2e0d5-73e1-4caf-a7d0-a07eb10aa1cd","geometry":{"type":"Point","coordinates":[-96.9540588390129,28.057453527099682]},"properties":{"substrate":"Solid Reef","lease_number":null,"poll_year":2025}},{"type":"Feature","id":"c52d24b5-bfc5-4950-8fea-087f4d9aa030","geometry":{"type":"Point","coordinates":[-96.95117407015785,28.058902470595385]},"properties":{"substrate":"Solid Reef","lease_number":null,"poll_year":2025}},{"type":"Feature","id":"c5409013-1394-4d26-8a03-48ee9985f3dd","geometry":{"type":"Point","coordinates":[-96.95145581057703,28.069503862917397]},"properties":{"substrate":"Mud","lease_number":null,"poll_year":2025}},{"type":"Feature","id":"c5526bd0-1dd4-4d00-aaa0-24570dd1502e","geometry":{"type":"Point","coordinates":[-96.94989509467038,28.05889242351792]},"properties":{"substrate":"Solid Reef","lease_number":null,"poll_year":2025}},{"type":"Feature","id":"c55df076-dbd3-4748-9af7-84bf21171a77","geometry":{"type":"Point","coordinates":[-96.96084298071726,28.061579631300308]},"properties":{"substrate":"Solid Reef","lease_number":null,"poll_year":2025}},{"type":"Feature","id":"c56635ce-6719-4006-8259-4a4538b75020","geometry":{"type":"Point","coordinates":[-96.95626556757632,28.068415851402165]},"properties":{"substrate":"Mud","lease_number":null,"poll_year":2025}},{"type":"Feature","id":"c5765f52-252a-4c1e-99db-e7242cd15566","geometry":{"type":"Point","coordinates":[-96.95247110896902,28.06598630001672]},"properties":{"substrate":"Mud","lease_number":null,"poll_year":2025}},{"type":"Feature","id":"c5af5cc8-e469-46f6-b427-b4e24634ea51","geometry":{"type":"Point","coordinates":[-96.96282498672922,28.059239297649913]},"properties":{"substrate":"Mud","lease_number":null,"poll_year":2025}},{"type":"Feature","id":"c5ea9bb6-272b-4a56-9627-c7d2488b4d06","geometry":{"type":"Point","coordinates":[-96.95449992080054,28.05889468597335]},"properties":{"substrate":"Solid Reef","lease_number":null,"poll_year":2025}},{"type":"Feature","id":"c606074f-f3b7-414d-b5f8-2b89d01ea288","geometry":{"type":"Point","coordinates":[-96.95364176200626,28.067197425988667]},"properties":{"substrate":"Buried Shell","lease_number":null,"poll_year":2025}},{"type":"Feature","id":"c6270361-d2ec-4f64-8496-82f8028f01c3","geometry":{"type":"Point","coordinates":[-96.95776276271091,28.067113597916254]},"properties":{"substrate":"Buried Shell","lease_number":null,"poll_year":2025}},{"type":"Feature","id":"c63a60a7-a027-4fca-901c-52f66a8988e5","geometry":{"type":"Point","coordinates":[-96.95137323653779,28.05749633912418]},"properties":{"substrate":"Solid Reef","lease_number":null,"poll_year":2025}},{"type":"Feature","id":"c6588763-f319-4046-9fe5-55a93030fb9b","geometry":{"type":"Point","coordinates":[-96.95310865051268,28.069513730655924]},"properties":{"substrate":"Solid Reef","lease_number":null,"poll_year":2025}},{"type":"Feature","id":"c6c2961d-cafd-4ef1-a6f0-0521f460f453","geometry":{"type":"Point","coordinates":[-96.94608497663107,28.06840953706311]},"properties":{"substrate":"Firm/Hard Bottom","lease_number":null,"poll_year":2025}},{"type":"Feature","id":"c6dfca11-0daf-47a8-b2aa-2a65ba1946fb","geometry":{"type":"Point","coordinates":[-96.95112599771373,28.068520384335496]},"properties":{"substrate":"Buried Shell","lease_number":null,"poll_year":2025}},{"type":"Feature","id":"c7274ccb-f754-4b31-96f3-da5d7ff9db6a","geometry":{"type":"Point","coordinates":[-96.95673988433454,28.0589802042169]},"properties":{"substrate":"Solid Reef","lease_number":null,"poll_year":2025}},{"type":"Feature","id":"c727ec2e-5a17-4658-af1c-ff98d0b90563","geometry":{"type":"Point","coordinates":[-96.95356648318544,28.061835121943478]},"properties":{"substrate":"Mud","lease_number":null,"poll_year":2025}},{"type":"Feature","id":"c74a499e-9c5a-4343-9e88-1ed2749f18d1","geometry":{"type":"Point","coordinates":[-96.96443398528575,28.06380118813213]},"properties":{"substrate":"Solid Reef","lease_number":null,"poll_year":2025}},{"type":"Feature","id":"c75c803d-b44f-466a-9990-561da7cd951f","geometry":{"type":"Point","coordinates":[-96.96083220722207,28.057055634871894]},"properties":{"substrate":"Mud","lease_number":null,"poll_year":2025}},{"type":"Feature","id":"c784315c-916d-4888-b611-d0c217f436f1","geometry":{"type":"Point","coordinates":[-96.95772378750567,28.05915835207604]},"properties":{"substrate":"Solid Reef","lease_number":null,"poll_year":2025}},{"type":"Feature","id":"c787d74e-9379-42e0-952b-3a933787dedc","geometry":{"type":"Point","coordinates":[-96.94532430929962,28.06892845147426]},"properties":{"substrate":"Solid Reef","lease_number":null,"poll_year":2025}},{"type":"Feature","id":"c79ec529-baad-4cbb-902e-b6c3e67292c6","geometry":{"type":"Point","coordinates":[-96.96113024667376,28.06269270993633]},"properties":{"substrate":"Solid Reef","lease_number":null,"poll_year":2025}},{"type":"Feature","id":"c7b07df8-8f8b-4992-a3ec-88452acbede7","geometry":{"type":"Point","coordinates":[-96.94881294904485,28.06724445192807]},"properties":{"substrate":"Mud","lease_number":null,"poll_year":2025}},{"type":"Feature","id":"c7beb8cf-e785-4229-998a-22173d5a546e","geometry":{"type":"Point","coordinates":[-96.95414237694442,28.05639537617955]},"properties":{"substrate":"Solid Reef","lease_number":null,"poll_year":2025}},{"type":"Feature","id":"c7e48f2f-acc3-4732-a455-6787f2a822d6","geometry":{"type":"Point","coordinates":[-96.96058456864769,28.0601073671208]},"properties":{"substrate":"Solid Reef","lease_number":null,"poll_year":2025}},{"type":"Feature","id":"c8048f5a-e64b-4c4e-83e1-b56eb606d010","geometry":{"type":"Point","coordinates":[-96.9561255013589,28.070355323584895]},"properties":{"substrate":"Mud","lease_number":null,"poll_year":2025}},{"type":"Feature","id":"c81140a8-5ba9-4c0e-8c2a-898ce9971ec8","geometry":{"type":"Point","coordinates":[-96.95208919561587,28.06693286090087]},"properties":{"substrate":"Buried Shell","lease_number":null,"poll_year":2025}},{"type":"Feature","id":"c88b5961-803b-44c7-9922-8264653496fc","geometry":{"type":"Point","coordinates":[-96.95670531985735,28.067150067899735]},"properties":{"substrate":"Solid Reef","lease_number":null,"poll_year":2025}},{"type":"Feature","id":"c897a6ca-0f71-4bbb-a184-07d75fcb93b0","geometry":{"type":"Point","coordinates":[-96.94698807005418,28.06763784530773]},"properties":{"substrate":"Buried Shell","lease_number":null,"poll_year":2025}},{"type":"Feature","id":"c8c86b89-4b1a-4224-bb09-422712d0099b","geometry":{"type":"Point","coordinates":[-96.9593632838661,28.056014293527205]},"properties":{"substrate":"Mud","lease_number":null,"poll_year":2025}},{"type":"Feature","id":"c90e1209-c421-476c-9837-0dbdf82f8e32","geometry":{"type":"Point","coordinates":[-96.95521754445683,28.058405549770622]},"properties":{"substrate":"Solid Reef","lease_number":null,"poll_year":2025}},{"type":"Feature","id":"c924f566-599d-4b05-b8b2-100b20897bf9","geometry":{"type":"Point","coordinates":[-96.95187250939293,28.070668509792455]},"properties":{"substrate":"Buried Shell","lease_number":null,"poll_year":2025}},{"type":"Feature","id":"c9255d62-8a2c-423e-b736-c2711933d4c1","geometry":{"type":"Point","coordinates":[-96.95543383003118,28.058580867730125]},"properties":{"substrate":"Solid Reef","lease_number":null,"poll_year":2025}},{"type":"Feature","id":"c93ae63d-c869-4565-b2f3-b457fa56027c","geometry":{"type":"Point","coordinates":[-96.95983585789267,28.068197773447622]},"properties":{"substrate":"Buried Shell","lease_number":null,"poll_year":2025}},{"type":"Feature","id":"c941b5f7-5fce-4c2d-bdc9-24b9c3d247b7","geometry":{"type":"Point","coordinates":[-96.94488079936575,28.06870560037485]},"properties":{"substrate":"Solid Reef","lease_number":null,"poll_year":2025}},{"type":"Feature","id":"c984608b-6fa1-4bb9-bb4d-21bb46c90326","geometry":{"type":"Point","coordinates":[-96.96489372328523,28.061634734254508]},"properties":{"substrate":"Mud","lease_number":null,"poll_year":2025}},{"type":"Feature","id":"c9934e33-2a90-4a77-b5ac-c49c3069ef67","geometry":{"type":"Point","coordinates":[-96.95384046485553,28.06987506174237]},"properties":{"substrate":"Solid Reef","lease_number":null,"poll_year":2025}},{"type":"Feature","id":"c99f63ca-c732-4879-9cef-1337a41946f3","geometry":{"type":"Point","coordinates":[-96.95295156571223,28.061238378722432]},"properties":{"substrate":"Mud","lease_number":null,"poll_year":2025}},{"type":"Feature","id":"c9dec530-568e-4918-bd22-393ef4718007","geometry":{"type":"Point","coordinates":[-96.94958237764526,28.05898655874654]},"properties":{"substrate":"Mud","lease_number":null,"poll_year":2025}},{"type":"Feature","id":"ca32060d-105f-4aab-b458-907f4e78c5e9","geometry":{"type":"Point","coordinates":[-96.94529939991511,28.06520700010882]},"properties":{"substrate":"Scattered Shell","lease_number":null,"poll_year":2025}},{"type":"Feature","id":"ca4b67b7-38f9-4e62-b3ee-3a24e6bb4bc8","geometry":{"type":"Point","coordinates":[-96.95077971244307,28.057551856397208]},"properties":{"substrate":"Solid Reef","lease_number":null,"poll_year":2025}},{"type":"Feature","id":"ca623316-8c3b-495e-a096-b7b4e9d5b193","geometry":{"type":"Point","coordinates":[-96.96080321409627,28.062412317700133]},"properties":{"substrate":"Solid Reef","lease_number":null,"poll_year":2025}},{"type":"Feature","id":"ca9738d0-16bc-4369-a11f-6468c549697d","geometry":{"type":"Point","coordinates":[-96.952529606362,28.06665550060893]},"properties":{"substrate":"Mud","lease_number":null,"poll_year":2025}},{"type":"Feature","id":"caabeecf-05d6-4361-8f9e-80a774a49c10","geometry":{"type":"Point","coordinates":[-96.94675119958512,28.0609710997659]},"properties":{"substrate":"Solid Reef","lease_number":null,"poll_year":2025}},{"type":"Feature","id":"caba64dd-bc49-4324-a4a1-f736d7349459","geometry":{"type":"Point","coordinates":[-96.96168705752115,28.05766547994759]},"properties":{"substrate":"Mud","lease_number":null,"poll_year":2025}},{"type":"Feature","id":"cb253965-60b3-4015-a853-5c4694ce07d1","geometry":{"type":"Point","coordinates":[-96.9490649004309,28.061862700310762]},"properties":{"substrate":"Mud","lease_number":null,"poll_year":2025}},{"type":"Feature","id":"cb2bea84-a542-4a0a-a4c4-84b467d11d6d","geometry":{"type":"Point","coordinates":[-96.95635091471483,28.071240987073857]},"properties":{"substrate":"Mud","lease_number":null,"poll_year":2025}},{"type":"Feature","id":"cb557594-d2bf-4bf8-8542-e950faa78752","geometry":{"type":"Point","coordinates":[-96.95274240826967,28.057272777802456]},"properties":{"substrate":"Solid Reef","lease_number":null,"poll_year":2025}},{"type":"Feature","id":"cb5ae3c8-3d08-484d-aa57-2ac88f22582c","geometry":{"type":"Point","coordinates":[-96.94949791983888,28.069147433951322]},"properties":{"substrate":"Mud","lease_number":null,"poll_year":2025}},{"type":"Feature","id":"cb7b6f5a-a0da-4d87-ae7a-8a14de56b26f","geometry":{"type":"Point","coordinates":[-96.95844217832321,28.05972345174399]},"properties":{"substrate":"Solid Reef","lease_number":null,"poll_year":2025}},{"type":"Feature","id":"cba8691f-c0fb-45ad-9248-e4a6bfc49ca4","geometry":{"type":"Point","coordinates":[-96.95547298040788,28.070647782135506]},"properties":{"substrate":"Mud","lease_number":null,"poll_year":2025}},{"type":"Feature","id":"cbb7d948-f843-4f0a-bb9c-3d151eb6697b","geometry":{"type":"Point","coordinates":[-96.95661624650704,28.058290521481847]},"properties":{"substrate":"Solid Reef","lease_number":null,"poll_year":2025}},{"type":"Feature","id":"cbbb6398-9b3f-4c89-9a8c-5c608e942af5","geometry":{"type":"Point","coordinates":[-96.95107589507707,28.065147399704603]},"properties":{"substrate":"Mud","lease_number":null,"poll_year":2025}},{"type":"Feature","id":"cbe71e39-ea87-44e1-930b-c3990a069995","geometry":{"type":"Point","coordinates":[-96.95758495916671,28.068979356712223]},"properties":{"substrate":"Mud","lease_number":null,"poll_year":2025}},{"type":"Feature","id":"cbefe2ad-ee1f-4e14-94b6-beabfff8725a","geometry":{"type":"Point","coordinates":[-96.94480190033435,28.06585330027319]},"properties":{"substrate":"Scattered Shell","lease_number":null,"poll_year":2025}},{"type":"Feature","id":"cc2a9585-c8cd-4caf-87fd-df668fe55ff7","geometry":{"type":"Point","coordinates":[-96.94981892831409,28.066877594201944]},"properties":{"substrate":"Buried Shell","lease_number":null,"poll_year":2025}},{"type":"Feature","id":"cc82299c-6b60-45d6-8212-6a7122e46f3d","geometry":{"type":"Point","coordinates":[-96.9510511752371,28.069298101854653]},"properties":{"substrate":"Mud","lease_number":null,"poll_year":2025}},{"type":"Feature","id":"ccbadbed-4544-4715-88c3-d475c32b5047","geometry":{"type":"Point","coordinates":[-96.94473710036132,28.06091430005816]},"properties":{"substrate":"Scattered Shell","lease_number":null,"poll_year":2025}},{"type":"Feature","id":"ccdd632b-7e38-4207-a669-4e85c991907e","geometry":{"type":"Point","coordinates":[-96.95286391708994,28.069673767983964]},"properties":{"substrate":"Buried Shell","lease_number":null,"poll_year":2025}},{"type":"Feature","id":"ccf68cd8-60bd-4f8a-bb3a-4b742f833a8d","geometry":{"type":"Point","coordinates":[-96.95611047523916,28.06889639640477]},"properties":{"substrate":"Mud","lease_number":null,"poll_year":2025}},{"type":"Feature","id":"cd069e9f-1fac-4b24-b900-c485addef411","geometry":{"type":"Point","coordinates":[-96.95802536991285,28.056534002667032]},"properties":{"substrate":"Solid Reef","lease_number":null,"poll_year":2025}},{"type":"Feature","id":"cd0f4b30-7d92-4e5f-8831-94429fde3910","geometry":{"type":"Point","coordinates":[-96.95725584698934,28.065421948278214]},"properties":{"substrate":"Mud","lease_number":null,"poll_year":2025}},{"type":"Feature","id":"cd12b4ac-da77-434d-bfc0-87555c27ea6a","geometry":{"type":"Point","coordinates":[-96.95998697967629,28.0694203759002]},"properties":{"substrate":"Solid Reef","lease_number":null,"poll_year":2025}},{"type":"Feature","id":"cd14149b-3534-47ec-ab71-883dc92e72c6","geometry":{"type":"Point","coordinates":[-96.94970588342042,28.06838116137319]},"properties":{"substrate":"Mud","lease_number":null,"poll_year":2025}},{"type":"Feature","id":"cd1529c1-0b2e-4076-a089-a32db4b8938e","geometry":{"type":"Point","coordinates":[-96.95127235303644,28.069406972124334]},"properties":{"substrate":"Mud","lease_number":null,"poll_year":2025}},{"type":"Feature","id":"cd25f264-8bf0-41dd-8544-515d7784e8a9","geometry":{"type":"Point","coordinates":[-96.95610638970123,28.066836242054183]},"properties":{"substrate":"Buried Shell","lease_number":null,"poll_year":2025}},{"type":"Feature","id":"cd2dc7e5-a50e-4c46-8a63-269f1c997623","geometry":{"type":"Point","coordinates":[-96.95653916117419,28.066497275597225]},"properties":{"substrate":"Buried Shell","lease_number":null,"poll_year":2025}},{"type":"Feature","id":"cd2e9ad6-b128-4077-b1ba-54766f9c6fbb","geometry":{"type":"Point","coordinates":[-96.94870815607537,28.067512084665932]},"properties":{"substrate":"Buried Shell","lease_number":null,"poll_year":2025}},{"type":"Feature","id":"cd30d215-d2f2-4d9c-b322-abcbac710acd","geometry":{"type":"Point","coordinates":[-96.96248027261198,28.062838284265396]},"properties":{"substrate":"Solid Reef","lease_number":null,"poll_year":2025}},{"type":"Feature","id":"cd3e3ab5-0f66-4bbf-9368-ed584ccff215","geometry":{"type":"Point","coordinates":[-96.94677391618204,28.06753241976465]},"properties":{"substrate":"Firm/Hard Bottom","lease_number":null,"poll_year":2025}},{"type":"Feature","id":"cd4315d0-f012-49ad-bcb7-d0836853752a","geometry":{"type":"Point","coordinates":[-96.95072884354346,28.067372523512883]},"properties":{"substrate":"Solid Reef","lease_number":null,"poll_year":2025}},{"type":"Feature","id":"cd4915d6-2fa4-4184-bc6d-8d6f83a91831","geometry":{"type":"Point","coordinates":[-96.95402117175472,28.07076028848033]},"properties":{"substrate":"Solid Reef","lease_number":null,"poll_year":2025}},{"type":"Feature","id":"cd49a213-57f8-42b7-9893-d9551b0b3293","geometry":{"type":"Point","coordinates":[-96.94670330949901,28.066140284953864]},"properties":{"substrate":"Mud","lease_number":null,"poll_year":2025}},{"type":"Feature","id":"cd75d8a0-4e1b-4b7e-8e2c-8ab567f3b6ea","geometry":{"type":"Point","coordinates":[-96.9573143075514,28.0601048510197]},"properties":{"substrate":"Solid Reef","lease_number":null,"poll_year":2025}},{"type":"Feature","id":"cd83ce7f-9c67-4fc7-8b5e-d891e5eed8ed","geometry":{"type":"Point","coordinates":[-96.95731370747679,28.059469788073702]},"properties":{"substrate":"Solid Reef","lease_number":null,"poll_year":2025}},{"type":"Feature","id":"cdb6def5-6fb0-4bd3-b02f-9d7c341aeb44","geometry":{"type":"Point","coordinates":[-96.94772332224962,28.069529800110388]},"properties":{"substrate":"Firm/Hard Bottom","lease_number":null,"poll_year":2025}},{"type":"Feature","id":"cdb70546-6585-4941-b77c-6ef269033408","geometry":{"type":"Point","coordinates":[-96.95948304007325,28.063957413183015]},"properties":{"substrate":"Solid Reef","lease_number":null,"poll_year":2025}},{"type":"Feature","id":"cdba5919-3786-47dc-9e4c-70af9786995d","geometry":{"type":"Point","coordinates":[-96.94471759973314,28.06477440020668]},"properties":{"substrate":"Scattered Shell","lease_number":null,"poll_year":2025}},{"type":"Feature","id":"cdd2e534-2bde-4a88-aab7-6340d05102fc","geometry":{"type":"Point","coordinates":[-96.95579111517249,28.061895014316235]},"properties":{"substrate":"Solid Reef","lease_number":null,"poll_year":2025}},{"type":"Feature","id":"cde65a08-04d7-4a81-b467-4666e84ead78","geometry":{"type":"Point","coordinates":[-96.95280973520359,28.061102252183595]},"properties":{"substrate":"Mud","lease_number":null,"poll_year":2025}},{"type":"Feature","id":"cdfd7074-7b2f-4147-a94f-1c7ca76c257a","geometry":{"type":"Point","coordinates":[-96.95826157113703,28.068169625196056]},"properties":{"substrate":"Mud","lease_number":null,"poll_year":2025}},{"type":"Feature","id":"ce09dbe1-79ce-48c1-9d59-486aa78419aa","geometry":{"type":"Point","coordinates":[-96.95284419727282,28.070159221780155]},"properties":{"substrate":"Buried Shell","lease_number":null,"poll_year":2025}},{"type":"Feature","id":"ce510e7e-d6c0-4d56-a2e8-754f21cc0333","geometry":{"type":"Point","coordinates":[-96.96042297340617,28.059200290626794]},"properties":{"substrate":"Solid Reef","lease_number":null,"poll_year":2025}},{"type":"Feature","id":"ce7ce28d-8ea0-4162-ad3d-4ea760bedd42","geometry":{"type":"Point","coordinates":[-96.95628002236755,28.055252061541992]},"properties":{"substrate":"Solid Reef","lease_number":null,"poll_year":2025}},{"type":"Feature","id":"ceb91dc7-e177-4b7f-97ae-075e8815a36c","geometry":{"type":"Point","coordinates":[-96.95034574261751,28.066028960411547]},"properties":{"substrate":"Mud","lease_number":null,"poll_year":2025}},{"type":"Feature","id":"cecf7750-47bc-4f86-a68b-9f5ee8ef6779","geometry":{"type":"Point","coordinates":[-96.95209820931144,28.057368383401588]},"properties":{"substrate":"Solid Reef","lease_number":null,"poll_year":2025}},{"type":"Feature","id":"cf750595-2785-48b3-b539-dacaefc413ac","geometry":{"type":"Point","coordinates":[-96.95605749260369,28.060334811635418]},"properties":{"substrate":"Solid Reef","lease_number":null,"poll_year":2025}},{"type":"Feature","id":"cf769673-bf7e-4735-a8e8-33e0db7b9b14","geometry":{"type":"Point","coordinates":[-96.95071499601337,28.06666610975928]},"properties":{"substrate":"Mud","lease_number":null,"poll_year":2025}},{"type":"Feature","id":"cf801c28-f20f-4306-b830-1fb112469201","geometry":{"type":"Point","coordinates":[-96.95756548548799,28.070458896322204]},"properties":{"substrate":"Mud","lease_number":null,"poll_year":2025}},{"type":"Feature","id":"cf886319-2dea-4f00-990f-b6d4a45f1c43","geometry":{"type":"Point","coordinates":[-96.95289674871694,28.067332548421934]},"properties":{"substrate":"Solid Reef","lease_number":null,"poll_year":2025}},{"type":"Feature","id":"cf8c221c-c80b-43dd-82ae-c8c0222183ee","geometry":{"type":"Point","coordinates":[-96.94665259510965,28.069598456516367]},"properties":{"substrate":"Firm/Hard Bottom","lease_number":null,"poll_year":2025}},{"type":"Feature","id":"cfc23732-049f-429b-aea0-2a79ef4ab706","geometry":{"type":"Point","coordinates":[-96.95431226902589,28.071203888329627]},"properties":{"substrate":"Buried Shell","lease_number":null,"poll_year":2025}},{"type":"Feature","id":"cfedbdfd-439c-4d3b-a829-bbfb80fe4e56","geometry":{"type":"Point","coordinates":[-96.95948668633498,28.071790862454495]},"properties":{"substrate":"Solid Reef","lease_number":null,"poll_year":2025}},{"type":"Feature","id":"cfeef66d-2427-42c4-aab9-d965547648a3","geometry":{"type":"Point","coordinates":[-96.95393464153497,28.068359491593007]},"properties":{"substrate":"Solid Reef","lease_number":null,"poll_year":2025}},{"type":"Feature","id":"cff0deed-544a-42b9-bb25-786b86450b46","geometry":{"type":"Point","coordinates":[-96.95953962225805,28.07167099438259]},"properties":{"substrate":"Solid Reef","lease_number":null,"poll_year":2025}},{"type":"Feature","id":"d01da98b-2139-4f8b-855a-f1337d0ebe92","geometry":{"type":"Point","coordinates":[-96.95869695580916,28.05992009499813]},"properties":{"substrate":"Solid Reef","lease_number":null,"poll_year":2025}},{"type":"Feature","id":"d047334e-10e2-4345-8dab-8cf38e392bf1","geometry":{"type":"Point","coordinates":[-96.95887261597308,28.062680351689856]},"properties":{"substrate":"Solid Reef","lease_number":null,"poll_year":2025}},{"type":"Feature","id":"d089689b-ce21-4942-bbc2-ba9d7287aa4f","geometry":{"type":"Point","coordinates":[-96.95492032426868,28.060012847610274]},"properties":{"substrate":"Solid Reef","lease_number":null,"poll_year":2025}},{"type":"Feature","id":"d0abad29-7d40-4d3f-a7c6-c7fb568b7db3","geometry":{"type":"Point","coordinates":[-96.95376627928441,28.056117209418126]},"properties":{"substrate":"Solid Reef","lease_number":null,"poll_year":2025}},{"type":"Feature","id":"d0ee98cb-36ba-4574-b034-397a16123bed","geometry":{"type":"Point","coordinates":[-96.9631530703356,28.06283254192972]},"properties":{"substrate":"Solid Reef","lease_number":null,"poll_year":2025}},{"type":"Feature","id":"d0f19569-6213-4e76-87cb-ee4372a88576","geometry":{"type":"Point","coordinates":[-96.95362336361092,28.054917175356483]},"properties":{"substrate":"Solid Reef","lease_number":null,"poll_year":2025}},{"type":"Feature","id":"d10cb818-020d-4d7d-893f-1a447b36996c","geometry":{"type":"Point","coordinates":[-96.94702210901693,28.068301663744247]},"properties":{"substrate":"Firm/Hard Bottom","lease_number":null,"poll_year":2025}},{"type":"Feature","id":"d16de134-d2ea-434a-b3a3-97aeb34ede80","geometry":{"type":"Point","coordinates":[-96.95671872541634,28.062058086379636]},"properties":{"substrate":"Mud","lease_number":null,"poll_year":2025}},{"type":"Feature","id":"d177f84b-de6c-44c0-a0d9-fcd7875a4159","geometry":{"type":"Point","coordinates":[-96.96295825988645,28.063208208467316]},"properties":{"substrate":"Solid Reef","lease_number":null,"poll_year":2025}},{"type":"Feature","id":"d17c09dc-2be2-437d-8768-65b9d545b4ee","geometry":{"type":"Point","coordinates":[-96.9577885820888,28.065913528088167]},"properties":{"substrate":"Mud","lease_number":null,"poll_year":2025}},{"type":"Feature","id":"d1a78ad5-a31d-4b72-b755-fa516cab2959","geometry":{"type":"Point","coordinates":[-96.95362209608805,28.071189155517803]},"properties":{"substrate":"Buried Shell","lease_number":null,"poll_year":2025}},{"type":"Feature","id":"d1b701ec-6c00-4d52-b2ad-eafa1988cf97","geometry":{"type":"Point","coordinates":[-96.95589211725145,28.062703212462942]},"properties":{"substrate":"Mud","lease_number":null,"poll_year":2025}},{"type":"Feature","id":"d1bcaae1-6487-4379-9351-b4095484a05b","geometry":{"type":"Point","coordinates":[-96.95356713087078,28.062469926760773]},"properties":{"substrate":"Mud","lease_number":null,"poll_year":2025}},{"type":"Feature","id":"d1c79aa9-e1ac-4980-880c-2b24965faa52","geometry":{"type":"Point","coordinates":[-96.9649182724453,28.06343307252993]},"properties":{"substrate":"Solid Reef","lease_number":null,"poll_year":2025}},{"type":"Feature","id":"d201863a-03ee-4145-b334-2238bd9571ab","geometry":{"type":"Point","coordinates":[-96.95516257923954,28.06944049265801]},"properties":{"substrate":"Mud","lease_number":null,"poll_year":2025}},{"type":"Feature","id":"d21ff3f0-1180-43bb-9bd4-191f9b2c3105","geometry":{"type":"Point","coordinates":[-96.9566314145606,28.071734813544023]},"properties":{"substrate":"Mud","lease_number":null,"poll_year":2025}},{"type":"Feature","id":"d26b72c8-65cc-405a-aa99-d320690f4d1b","geometry":{"type":"Point","coordinates":[-96.94718983346363,28.06838508029121]},"properties":{"substrate":"Firm/Hard Bottom","lease_number":null,"poll_year":2025}},{"type":"Feature","id":"d273566e-a9ce-4a44-a8a3-44f3226efa37","geometry":{"type":"Point","coordinates":[-96.95331460725788,28.07136803535332]},"properties":{"substrate":"Buried Shell","lease_number":null,"poll_year":2025}},{"type":"Feature","id":"d2b84e72-5f39-4118-965d-fefdaab17c74","geometry":{"type":"Point","coordinates":[-96.9557741244372,28.065771587609635]},"properties":{"substrate":"Solid Reef","lease_number":null,"poll_year":2025}},{"type":"Feature","id":"d2ebf935-5d68-438d-a668-d83cb8b23299","geometry":{"type":"Point","coordinates":[-96.95032230018185,28.061281499983288]},"properties":{"substrate":"Mud","lease_number":null,"poll_year":2025}},{"type":"Feature","id":"d2f1c923-eab9-4986-b641-6a9163379168","geometry":{"type":"Point","coordinates":[-96.9474340638298,28.067855880009443]},"properties":{"substrate":"Buried Shell","lease_number":null,"poll_year":2025}},{"type":"Feature","id":"d330d6b8-56ad-4305-89bf-bf424a6ff46d","geometry":{"type":"Point","coordinates":[-96.95134344570803,28.064604942396763]},"properties":{"substrate":"Mud","lease_number":null,"poll_year":2025}},{"type":"Feature","id":"d3332f09-254f-44b5-809e-d888105acb28","geometry":{"type":"Point","coordinates":[-96.94880248816337,28.070994666676526]},"properties":{"substrate":"Firm/Hard Bottom","lease_number":null,"poll_year":2025}},{"type":"Feature","id":"d33637ff-4c84-40e5-9c78-b4c639a4d4c0","geometry":{"type":"Point","coordinates":[-96.95151082969323,28.069848075956]},"properties":{"substrate":"Mud","lease_number":null,"poll_year":2025}},{"type":"Feature","id":"d35ac23e-22c0-46af-9e4e-78dfb60a2c63","geometry":{"type":"Point","coordinates":[-96.94976295608537,28.05916886366807]},"properties":{"substrate":"Mud","lease_number":null,"poll_year":2025}},{"type":"Feature","id":"d35f1b43-bc7d-4772-ac4b-cd11f83f1886","geometry":{"type":"Point","coordinates":[-96.94923000449191,28.070594774007972]},"properties":{"substrate":"Mud","lease_number":null,"poll_year":2025}},{"type":"Feature","id":"d371d67a-f376-48d4-a932-5e6e2c06c827","geometry":{"type":"Point","coordinates":[-96.95969971371977,28.06810762545752]},"properties":{"substrate":"Solid Reef","lease_number":null,"poll_year":2025}},{"type":"Feature","id":"d3aab4f8-7114-4b58-a107-271b0276ade6","geometry":{"type":"Point","coordinates":[-96.95896640907189,28.058075401294886]},"properties":{"substrate":"Solid Reef","lease_number":null,"poll_year":2025}},{"type":"Feature","id":"d3cd9065-d645-4f9b-96cc-aead0bf1d2e7","geometry":{"type":"Point","coordinates":[-96.96000394166549,28.061732094205798]},"properties":{"substrate":"Solid Reef","lease_number":null,"poll_year":2025}},{"type":"Feature","id":"d3f4554d-646f-4d05-9a5d-8ac485fac45a","geometry":{"type":"Point","coordinates":[-96.95788541508654,28.06057681316129]},"properties":{"substrate":"Solid Reef","lease_number":null,"poll_year":2025}},{"type":"Feature","id":"d3f4631a-b2d0-423c-ab63-0c7628a3515c","geometry":{"type":"Point","coordinates":[-96.95287133986913,28.064455651157523]},"properties":{"substrate":"Mud","lease_number":null,"poll_year":2025}},{"type":"Feature","id":"d3fac9ca-f011-4106-b442-40c300b025e3","geometry":{"type":"Point","coordinates":[-96.95151271795196,28.0689913297957]},"properties":{"substrate":"Buried Shell","lease_number":null,"poll_year":2025}},{"type":"Feature","id":"d41b8c99-0947-40ef-a2ab-bc3b0297ae9a","geometry":{"type":"Point","coordinates":[-96.95417737979946,28.057551508383764]},"properties":{"substrate":"Solid Reef","lease_number":null,"poll_year":2025}},{"type":"Feature","id":"d49ce2e1-b610-491c-a506-3adce9a41781","geometry":{"type":"Point","coordinates":[-96.94343480011753,28.06958179971663]},"properties":{"substrate":"Scattered Shell","lease_number":null,"poll_year":2025}},{"type":"Feature","id":"d4a4c60c-6adf-46b7-9b95-6b91ded5b812","geometry":{"type":"Point","coordinates":[-96.95998281508663,28.063095752082198]},"properties":{"substrate":"Solid Reef","lease_number":null,"poll_year":2025}},{"type":"Feature","id":"d4a5e1ec-f156-43b4-b4ea-cd7b0fe8cc1d","geometry":{"type":"Point","coordinates":[-96.95830725406249,28.064757630890096]},"properties":{"substrate":"Mud","lease_number":null,"poll_year":2025}},{"type":"Feature","id":"d4d71182-40a1-4cc3-a9a4-e6237fcceb50","geometry":{"type":"Point","coordinates":[-96.96043555521004,28.071695710391456]},"properties":{"substrate":"Mud","lease_number":null,"poll_year":2025}},{"type":"Feature","id":"d4e404c2-ca95-431c-8f83-e1dbc0304548","geometry":{"type":"Point","coordinates":[-96.95350057289474,28.059314097933154]},"properties":{"substrate":"Solid Reef","lease_number":null,"poll_year":2025}},{"type":"Feature","id":"d50e38fa-2e40-4948-88ed-a249bdb34440","geometry":{"type":"Point","coordinates":[-96.9585534373661,28.06113701432122]},"properties":{"substrate":"Solid Reef","lease_number":null,"poll_year":2025}},{"type":"Feature","id":"d517177a-8325-4d13-844f-5d9527d7528e","geometry":{"type":"Point","coordinates":[-96.95184361777676,28.0633355920439]},"properties":{"substrate":"Mud","lease_number":null,"poll_year":2025}},{"type":"Feature","id":"d527224b-5868-445a-815b-454cac0c8589","geometry":{"type":"Point","coordinates":[-96.9613168635892,28.068491797827157]},"properties":{"substrate":"Buried Shell","lease_number":null,"poll_year":2025}},{"type":"Feature","id":"d5289871-9627-4806-b296-87cc71546683","geometry":{"type":"Point","coordinates":[-96.95104595961854,28.05832526153948]},"properties":{"substrate":"Solid Reef","lease_number":null,"poll_year":2025}},{"type":"Feature","id":"d53a5103-5966-4697-9373-576144e8e68f","geometry":{"type":"Point","coordinates":[-96.959938732959,28.070836413970824]},"properties":{"substrate":"Solid Reef","lease_number":null,"poll_year":2025}},{"type":"Feature","id":"d562427c-d586-4857-b164-ff7b1b82a666","geometry":{"type":"Point","coordinates":[-96.9524806221279,28.054623136036547]},"properties":{"substrate":"Solid Reef","lease_number":null,"poll_year":2025}},{"type":"Feature","id":"d5ed5858-f0ed-4780-a4ea-3b9cc5205522","geometry":{"type":"Point","coordinates":[-96.95492624686135,28.058165355552593]},"properties":{"substrate":"Solid Reef","lease_number":null,"poll_year":2025}},{"type":"Feature","id":"d62a7940-e903-4ac9-9af3-22cb88f822bd","geometry":{"type":"Point","coordinates":[-96.95347013887123,28.056975845854947]},"properties":{"substrate":"Solid Reef","lease_number":null,"poll_year":2025}},{"type":"Feature","id":"d66fee67-3926-49d8-8c34-50d3fa03bb9d","geometry":{"type":"Point","coordinates":[-96.96186780035295,28.061841688750526]},"properties":{"substrate":"Solid Reef","lease_number":null,"poll_year":2025}},{"type":"Feature","id":"d6810d10-e8b5-49c8-9ae9-f612bcecff53","geometry":{"type":"Point","coordinates":[-96.95917101115764,28.05901949194646]},"properties":{"substrate":"Solid Reef","lease_number":null,"poll_year":2025}},{"type":"Feature","id":"d6cb42ae-3444-48ff-b67a-d7f13147bb37","geometry":{"type":"Point","coordinates":[-96.95226639459388,28.055007261476835]},"properties":{"substrate":"Solid Reef","lease_number":null,"poll_year":2025}},{"type":"Feature","id":"d6ed1c24-970f-4c5c-a8d6-9c49c8d75bb4","geometry":{"type":"Point","coordinates":[-96.95131737031029,28.06301791600787]},"properties":{"substrate":"Mud","lease_number":null,"poll_year":2025}},{"type":"Feature","id":"d6f69b89-cea3-46d7-9ced-e86700a0eb39","geometry":{"type":"Point","coordinates":[-96.95130440672243,28.060727216422848]},"properties":{"substrate":"Mud","lease_number":null,"poll_year":2025}},{"type":"Feature","id":"d6fa6bb5-56b3-4e64-a9d7-4c881b2645e8","geometry":{"type":"Point","coordinates":[-96.96072413091024,28.06751226618686]},"properties":{"substrate":"Mud","lease_number":null,"poll_year":2025}},{"type":"Feature","id":"d71d2292-c679-46e5-b2aa-49b0f0c22a67","geometry":{"type":"Point","coordinates":[-96.95626317985429,28.062318704694345]},"properties":{"substrate":"Solid Reef","lease_number":null,"poll_year":2025}},{"type":"Feature","id":"d73384e7-1a66-4b60-b3c8-76af56b0e54a","geometry":{"type":"Point","coordinates":[-96.95028993657711,28.05970194669033]},"properties":{"substrate":"Mud","lease_number":null,"poll_year":2025}},{"type":"Feature","id":"d770ac36-5e56-4d26-8092-50e2eca1f887","geometry":{"type":"Point","coordinates":[-96.9510998001451,28.060664200089118]},"properties":{"substrate":"Mud","lease_number":null,"poll_year":2025}},{"type":"Feature","id":"d784336b-21c5-46af-b49f-37c57f95f5e3","geometry":{"type":"Point","coordinates":[-96.96120123693741,28.063295643195666]},"properties":{"substrate":"Solid Reef","lease_number":null,"poll_year":2025}},{"type":"Feature","id":"d7aae73f-4576-4182-b4fb-7f625b4a6b97","geometry":{"type":"Point","coordinates":[-96.95312711358673,28.070150153883166]},"properties":{"substrate":"Buried Shell","lease_number":null,"poll_year":2025}},{"type":"Feature","id":"d7c2afd1-56e4-4063-8bef-1ffba3faaee6","geometry":{"type":"Point","coordinates":[-96.9531542552847,28.055953360956682]},"properties":{"substrate":"Solid Reef","lease_number":null,"poll_year":2025}},{"type":"Feature","id":"d7f9c30a-3dc2-4539-b00e-1bff1fb51e5a","geometry":{"type":"Point","coordinates":[-96.95805480860302,28.06271824845822]},"properties":{"substrate":"Mud","lease_number":null,"poll_year":2025}},{"type":"Feature","id":"d8158d44-e316-44f5-8b11-04a29409a373","geometry":{"type":"Point","coordinates":[-96.9544970390051,28.067107322341535]},"properties":{"substrate":"Buried Shell","lease_number":null,"poll_year":2025}},{"type":"Feature","id":"d8336971-9706-4ac1-8e8e-64e2a821db4d","geometry":{"type":"Point","coordinates":[-96.95629148217563,28.059273864586046]},"properties":{"substrate":"Solid Reef","lease_number":null,"poll_year":2025}},{"type":"Feature","id":"d840adfa-9dd7-4999-8767-336db84d9e41","geometry":{"type":"Point","coordinates":[-96.957339792756,28.063926337193436]},"properties":{"substrate":"Mud","lease_number":null,"poll_year":2025}},{"type":"Feature","id":"d8455660-92ad-46c5-bd52-d30e80a877bc","geometry":{"type":"Point","coordinates":[-96.96401584826707,28.060953085291445]},"properties":{"substrate":"Solid Reef","lease_number":null,"poll_year":2025}},{"type":"Feature","id":"d845a505-061d-4a99-981a-cfec02dc1b53","geometry":{"type":"Point","coordinates":[-96.95915427464558,28.0602723761363]},"properties":{"substrate":"Solid Reef","lease_number":null,"poll_year":2025}},{"type":"Feature","id":"d8669ac7-b125-496b-9d6f-136bec523d35","geometry":{"type":"Point","coordinates":[-96.9524022063901,28.06977832268037]},"properties":{"substrate":"Buried Shell","lease_number":null,"poll_year":2025}},{"type":"Feature","id":"d8daf6ca-5507-4e3a-9339-0b38ca67c91c","geometry":{"type":"Point","coordinates":[-96.95673138267868,28.060935433878015]},"properties":{"substrate":"Solid Reef","lease_number":null,"poll_year":2025}},{"type":"Feature","id":"d8ea67e0-6094-4757-a69e-dd6f52d23668","geometry":{"type":"Point","coordinates":[-96.96216707319154,28.061319022291418]},"properties":{"substrate":"Solid Reef","lease_number":null,"poll_year":2025}},{"type":"Feature","id":"d8f5c696-4851-4041-8b1f-a98320660827","geometry":{"type":"Point","coordinates":[-96.95890728106157,28.06144104302831]},"properties":{"substrate":"Solid Reef","lease_number":null,"poll_year":2025}},{"type":"Feature","id":"d930a5c9-a71b-4ac8-a076-fdb2f02eb0c4","geometry":{"type":"Point","coordinates":[-96.94685431539995,28.069108369489854]},"properties":{"substrate":"Firm/Hard Bottom","lease_number":null,"poll_year":2025}},{"type":"Feature","id":"d932c424-ea63-4c60-bd49-eff229a7ba54","geometry":{"type":"Point","coordinates":[-96.94800445001779,28.063964271571756]},"properties":{"substrate":"Mud","lease_number":null,"poll_year":2025}},{"type":"Feature","id":"d946d447-fa41-4d87-b399-a274531a2c61","geometry":{"type":"Point","coordinates":[-96.95519458800976,28.05767411606184]},"properties":{"substrate":"Solid Reef","lease_number":null,"poll_year":2025}},{"type":"Feature","id":"d96548e6-34f2-4252-8c03-1f9afe2ef7af","geometry":{"type":"Point","coordinates":[-96.95640820836535,28.059370075634977]},"properties":{"substrate":"Solid Reef","lease_number":null,"poll_year":2025}},{"type":"Feature","id":"d97ce8cb-e945-4900-829b-4975988fc103","geometry":{"type":"Point","coordinates":[-96.96012295766086,28.06183252344103]},"properties":{"substrate":"Solid Reef","lease_number":null,"poll_year":2025}},{"type":"Feature","id":"d97f3c6c-bc5e-4b89-ba91-7e71660e4310","geometry":{"type":"Point","coordinates":[-96.94915447773609,28.07022014708969]},"properties":{"substrate":"Firm/Hard Bottom","lease_number":null,"poll_year":2025}},{"type":"Feature","id":"d99c4929-418e-4461-946c-b96063d080b5","geometry":{"type":"Point","coordinates":[-96.94994673791776,28.070954925970046]},"properties":{"substrate":"Mud","lease_number":null,"poll_year":2025}},{"type":"Feature","id":"d99cae58-b481-44df-8182-2a90d549e8a0","geometry":{"type":"Point","coordinates":[-96.95230083420523,28.05687850537788]},"properties":{"substrate":"Solid Reef","lease_number":null,"poll_year":2025}},{"type":"Feature","id":"d9a27480-3928-4e64-8ca8-ecc520950d3e","geometry":{"type":"Point","coordinates":[-96.95875444349575,28.06458629437984]},"properties":{"substrate":"Mud","lease_number":null,"poll_year":2025}},{"type":"Feature","id":"d9ccb223-a62a-4a7d-b228-a644b20578c4","geometry":{"type":"Point","coordinates":[-96.94844009699797,28.06452067077367]},"properties":{"substrate":"Mud","lease_number":null,"poll_year":2025}},{"type":"Feature","id":"da051e23-1f9e-4124-8401-5d6da29b0852","geometry":{"type":"Point","coordinates":[-96.95801565732799,28.067230994771894]},"properties":{"substrate":"Buried Shell","lease_number":null,"poll_year":2025}},{"type":"Feature","id":"da08d18d-9723-4de5-9b7b-377dda871db4","geometry":{"type":"Point","coordinates":[-96.96409992698442,28.061928856654998]},"properties":{"substrate":"Solid Reef","lease_number":null,"poll_year":2025}},{"type":"Feature","id":"da1d789f-4fe6-4599-98bb-ff6dc211c104","geometry":{"type":"Point","coordinates":[-96.95937596089139,28.068315660569112]},"properties":{"substrate":"Buried Shell","lease_number":null,"poll_year":2025}},{"type":"Feature","id":"da281ff0-9a84-41ad-a55e-b6a7e702a087","geometry":{"type":"Point","coordinates":[-96.958741574231,28.068306449837355]},"properties":{"substrate":"Solid Reef","lease_number":null,"poll_year":2025}},{"type":"Feature","id":"da48cb83-0ee9-4bfa-87aa-ca1ee013a936","geometry":{"type":"Point","coordinates":[-96.95305420272501,28.0645545606397]},"properties":{"substrate":"Mud","lease_number":null,"poll_year":2025}},{"type":"Feature","id":"da6c35f8-9db9-494e-b8dc-57c06f0fe4e3","geometry":{"type":"Point","coordinates":[-96.95366538500328,28.0575378613414]},"properties":{"substrate":"Solid Reef","lease_number":null,"poll_year":2025}},{"type":"Feature","id":"da706535-1866-4119-a54d-5c8618c58f1f","geometry":{"type":"Point","coordinates":[-96.95509528195005,28.066690084184035]},"properties":{"substrate":"Buried Shell","lease_number":null,"poll_year":2025}},{"type":"Feature","id":"da7bef50-828f-4fed-acdb-cfb6f008612a","geometry":{"type":"Point","coordinates":[-96.95769599902069,28.065045365999772]},"properties":{"substrate":"Mud","lease_number":null,"poll_year":2025}},{"type":"Feature","id":"daab4c66-cf64-4a2b-8d60-f9e03ecbbc6e","geometry":{"type":"Point","coordinates":[-96.95022070431648,28.05860328465164]},"properties":{"substrate":"Solid Reef","lease_number":null,"poll_year":2025}},{"type":"Feature","id":"dacc742b-b721-451f-9602-5560946efe4c","geometry":{"type":"Point","coordinates":[-96.95505874746743,28.067896163252385]},"properties":{"substrate":"Buried Shell","lease_number":null,"poll_year":2025}},{"type":"Feature","id":"db18468d-76e2-4d37-90ee-efb1301e02b0","geometry":{"type":"Point","coordinates":[-96.9544107513305,28.05773913502411]},"properties":{"substrate":"Solid Reef","lease_number":null,"poll_year":2025}},{"type":"Feature","id":"db361b01-147d-464c-921e-26ab6deab378","geometry":{"type":"Point","coordinates":[-96.95602118269991,28.061458918696353]},"properties":{"substrate":"Mud","lease_number":null,"poll_year":2025}},{"type":"Feature","id":"db3a9cb7-85fc-487b-947a-ba22bd0efe50","geometry":{"type":"Point","coordinates":[-96.9652495890884,28.06440217228764]},"properties":{"substrate":"Mud","lease_number":null,"poll_year":2025}},{"type":"Feature","id":"dba002f2-849c-42d9-8788-2433c5ce645b","geometry":{"type":"Point","coordinates":[-96.94729818016836,28.06962128966024]},"properties":{"substrate":"Firm/Hard Bottom","lease_number":null,"poll_year":2025}},{"type":"Feature","id":"dbb06407-9557-4fdd-81ca-5437b260baeb","geometry":{"type":"Point","coordinates":[-96.95845077340385,28.06489216901011]},"properties":{"substrate":"Mud","lease_number":null,"poll_year":2025}},{"type":"Feature","id":"dbc96bb1-dd48-48a2-82b6-1ead1d92bc9f","geometry":{"type":"Point","coordinates":[-96.9579177158092,28.06767836246905]},"properties":{"substrate":"Buried Shell","lease_number":null,"poll_year":2025}},{"type":"Feature","id":"dbe7dcaa-683c-4d4a-a595-0ac62a57e5f3","geometry":{"type":"Point","coordinates":[-96.95323776447017,28.060960521761988]},"properties":{"substrate":"Mud","lease_number":null,"poll_year":2025}},{"type":"Feature","id":"dc079a23-4369-40e5-9a9f-e066bb061e7e","geometry":{"type":"Point","coordinates":[-96.95459636572608,28.054707532748598]},"properties":{"substrate":"Solid Reef","lease_number":null,"poll_year":2025}},{"type":"Feature","id":"dc4fcb28-dc9e-4628-b50b-e1f4af4f12ff","geometry":{"type":"Point","coordinates":[-96.96080921574068,28.063884000968677]},"properties":{"substrate":"Solid Reef","lease_number":null,"poll_year":2025}},{"type":"Feature","id":"dc6bc0ea-6fac-406c-a287-ef655fc886c4","geometry":{"type":"Point","coordinates":[-96.95229631208609,28.071391614787263]},"properties":{"substrate":"Buried Shell","lease_number":null,"poll_year":2025}},{"type":"Feature","id":"dcd1a59e-e2a3-491d-aa1a-bbfbe7e264d6","geometry":{"type":"Point","coordinates":[-96.95275524789002,28.071609455601685]},"properties":{"substrate":"Buried Shell","lease_number":null,"poll_year":2025}},{"type":"Feature","id":"dd50426b-d5a6-458a-91d0-4854fec75948","geometry":{"type":"Point","coordinates":[-96.9642666578944,28.063673829680994]},"properties":{"substrate":"Solid Reef","lease_number":null,"poll_year":2025}},{"type":"Feature","id":"dd9a4167-f45a-4f3a-8829-0831fe0aa4e3","geometry":{"type":"Point","coordinates":[-96.95961008071905,28.064069380367435]},"properties":{"substrate":"Solid Reef","lease_number":null,"poll_year":2025}},{"type":"Feature","id":"ddbe6d08-b1bc-47b7-b946-4958740aa708","geometry":{"type":"Point","coordinates":[-96.95369087739442,28.068240501926102]},"properties":{"substrate":"Solid Reef","lease_number":null,"poll_year":2025}},{"type":"Feature","id":"dde2c2d9-b1ed-4e3f-8e36-2f1bd3a924ab","geometry":{"type":"Point","coordinates":[-96.96419899499058,28.064184731439042]},"properties":{"substrate":"Solid Reef","lease_number":null,"poll_year":2025}},{"type":"Feature","id":"dde5a8d3-4aad-4878-9f6c-cb50bd62587c","geometry":{"type":"Point","coordinates":[-96.95684334510244,28.06284299608783]},"properties":{"substrate":"Mud","lease_number":null,"poll_year":2025}},{"type":"Feature","id":"de18d38b-1868-4163-9349-027b269ad397","geometry":{"type":"Point","coordinates":[-96.96371163379611,28.05990592188776]},"properties":{"substrate":"Mud","lease_number":null,"poll_year":2025}},{"type":"Feature","id":"de1f1270-b59c-467b-a45f-e7b10184cd9b","geometry":{"type":"Point","coordinates":[-96.95441997074026,28.067605510041695]},"properties":{"substrate":"Solid Reef","lease_number":null,"poll_year":2025}},{"type":"Feature","id":"de2d68ad-5b84-4cc9-833e-19b061f555aa","geometry":{"type":"Point","coordinates":[-96.95373401000279,28.06199709857462]},"properties":{"substrate":"Mud","lease_number":null,"poll_year":2025}},{"type":"Feature","id":"de34602a-6656-4da2-bd3e-5c607ab1ba5c","geometry":{"type":"Point","coordinates":[-96.9461635307094,28.069649404240113]},"properties":{"substrate":"Solid Reef","lease_number":null,"poll_year":2025}},{"type":"Feature","id":"de42ed35-3510-45fa-8970-c71f493f11cf","geometry":{"type":"Point","coordinates":[-96.96194423261059,28.05858420434625]},"properties":{"substrate":"Mud","lease_number":null,"poll_year":2025}},{"type":"Feature","id":"de43a213-d70f-47c7-805c-037a8a113464","geometry":{"type":"Point","coordinates":[-96.95169346078376,28.06675701120583]},"properties":{"substrate":"Buried Shell","lease_number":null,"poll_year":2025}},{"type":"Feature","id":"dea130e5-05af-4090-bb2f-608cd92dff3c","geometry":{"type":"Point","coordinates":[-96.94959619912423,28.06355571630462]},"properties":{"substrate":"Mud","lease_number":null,"poll_year":2025}},{"type":"Feature","id":"def6f2cb-f16a-4556-ba4c-4d88dba86613","geometry":{"type":"Point","coordinates":[-96.95960748458788,28.071528024738882]},"properties":{"substrate":"Solid Reef","lease_number":null,"poll_year":2025}},{"type":"Feature","id":"df00c9b4-ed46-4a7b-820d-53b92d38dd14","geometry":{"type":"Point","coordinates":[-96.9461086813748,28.070269590866335]},"properties":{"substrate":"Solid Reef","lease_number":null,"poll_year":2025}},{"type":"Feature","id":"df0e7a52-59db-4a7f-8c41-9cb5fdccb22a","geometry":{"type":"Point","coordinates":[-96.96017982730653,28.070314456290323]},"properties":{"substrate":"Mud","lease_number":null,"poll_year":2025}},{"type":"Feature","id":"df0e8640-f589-4878-a4e0-55a02e8f6553","geometry":{"type":"Point","coordinates":[-96.95288601474762,28.065055635246807]},"properties":{"substrate":"Mud","lease_number":null,"poll_year":2025}},{"type":"Feature","id":"df2ec995-13d9-4b3e-bd8f-0d7817e35d33","geometry":{"type":"Point","coordinates":[-96.95410152875183,28.070753080176708]},"properties":{"substrate":"Buried Shell","lease_number":null,"poll_year":2025}},{"type":"Feature","id":"df31402d-6a45-4f4b-ad52-69dee4bba51e","geometry":{"type":"Point","coordinates":[-96.95339335627064,28.058561995117014]},"properties":{"substrate":"Solid Reef","lease_number":null,"poll_year":2025}},{"type":"Feature","id":"df422236-3497-4989-a69f-b54866c72cb1","geometry":{"type":"Point","coordinates":[-96.96176838919035,28.07101769609886]},"properties":{"substrate":"Mud","lease_number":null,"poll_year":2025}},{"type":"Feature","id":"df4f789b-8c1b-4927-9274-8ef69574aa33","geometry":{"type":"Point","coordinates":[-96.96085444771187,28.063051896715656]},"properties":{"substrate":"Solid Reef","lease_number":null,"poll_year":2025}},{"type":"Feature","id":"df506207-3b90-4636-ba02-e4fc13fbd000","geometry":{"type":"Point","coordinates":[-96.95887305884251,28.060791541496084]},"properties":{"substrate":"Solid Reef","lease_number":null,"poll_year":2025}},{"type":"Feature","id":"df55f171-ec09-41cf-8a15-b17180f53472","geometry":{"type":"Point","coordinates":[-96.95223744458723,28.067475313591423]},"properties":{"substrate":"Mud","lease_number":null,"poll_year":2025}},{"type":"Feature","id":"df632a4c-2feb-40d8-9345-afe22806805e","geometry":{"type":"Point","coordinates":[-96.95926444403202,28.060360464869365]},"properties":{"substrate":"Solid Reef","lease_number":null,"poll_year":2025}},{"type":"Feature","id":"df7d0066-9ef1-4251-ac2e-343a9157ffb9","geometry":{"type":"Point","coordinates":[-96.95162466690098,28.06551277864312]},"properties":{"substrate":"Mud","lease_number":null,"poll_year":2025}},{"type":"Feature","id":"df8dd009-8357-4548-87e5-19f961115e3e","geometry":{"type":"Point","coordinates":[-96.94591197997197,28.06688316827494]},"properties":{"substrate":"Mud","lease_number":null,"poll_year":2025}},{"type":"Feature","id":"df8fc859-282f-44dc-8871-227778fba8b1","geometry":{"type":"Point","coordinates":[-96.94574579972925,28.066074499797583]},"properties":{"substrate":"Firm/Hard Bottom","lease_number":null,"poll_year":2025}},{"type":"Feature","id":"df971e6f-4937-4e36-89a7-b8e78b6e8873","geometry":{"type":"Point","coordinates":[-96.9553470455882,28.062975135512534]},"properties":{"substrate":"Solid Reef","lease_number":null,"poll_year":2025}},{"type":"Feature","id":"df9ba236-95c0-4f10-9fe9-fdad7c583dd3","geometry":{"type":"Point","coordinates":[-96.94985509718236,28.06622741211591]},"properties":{"substrate":"Mud","lease_number":null,"poll_year":2025}},{"type":"Feature","id":"dfa8b22a-34c3-4e44-896d-c83e1d7d8d77","geometry":{"type":"Point","coordinates":[-96.9539964034057,28.071691755925542]},"properties":{"substrate":"Buried Shell","lease_number":null,"poll_year":2025}},{"type":"Feature","id":"dfac5cff-6bf1-4474-b7dd-d041af5877e7","geometry":{"type":"Point","coordinates":[-96.94611240040007,28.065799500270597]},"properties":{"substrate":"Scattered Shell","lease_number":null,"poll_year":2025}},{"type":"Feature","id":"dfc5df02-2d15-44da-b6f7-883f753d2ea3","geometry":{"type":"Point","coordinates":[-96.94468249986004,28.065820699714937]},"properties":{"substrate":"Scattered Shell","lease_number":null,"poll_year":2025}},{"type":"Feature","id":"dfdb252f-3cb8-4641-9c6e-f4fa29e44437","geometry":{"type":"Point","coordinates":[-96.95522566163375,28.071321627099763]},"properties":{"substrate":"Buried Shell","lease_number":null,"poll_year":2025}},{"type":"Feature","id":"e00b3bfb-f99e-4369-a4da-9879c6d7d3ef","geometry":{"type":"Point","coordinates":[-96.94911820017164,28.068676837945436]},"properties":{"substrate":"Buried Shell","lease_number":null,"poll_year":2025}},{"type":"Feature","id":"e01ea3c2-d483-4ffc-a409-909f1d7bf683","geometry":{"type":"Point","coordinates":[-96.94773000032544,28.06147479989708]},"properties":{"substrate":"Mud","lease_number":null,"poll_year":2025}},{"type":"Feature","id":"e0562ea8-9350-42d2-b930-ca0a8cbba745","geometry":{"type":"Point","coordinates":[-96.96246190206442,28.060705448387633]},"properties":{"substrate":"Mud","lease_number":null,"poll_year":2025}},{"type":"Feature","id":"e0592570-bb11-47d7-8605-50f0c048d0d4","geometry":{"type":"Point","coordinates":[-96.9534778724675,28.07144281292719]},"properties":{"substrate":"Buried Shell","lease_number":null,"poll_year":2025}},{"type":"Feature","id":"e0a4f047-2afa-4b00-8a13-7ee09e13ba02","geometry":{"type":"Point","coordinates":[-96.95981818803102,28.060799345005957]},"properties":{"substrate":"Solid Reef","lease_number":null,"poll_year":2025}},{"type":"Feature","id":"e0ba6acd-5d8b-48bd-8748-4ce90cedff34","geometry":{"type":"Point","coordinates":[-96.9533539166364,28.070401163135678]},"properties":{"substrate":"Solid Reef","lease_number":null,"poll_year":2025}},{"type":"Feature","id":"e0d65716-4829-4e79-a6d7-10b60904c77a","geometry":{"type":"Point","coordinates":[-96.95627013550954,28.055990568023635]},"properties":{"substrate":"Solid Reef","lease_number":null,"poll_year":2025}},{"type":"Feature","id":"e0d73c48-26b2-4436-8404-decc4bbb522d","geometry":{"type":"Point","coordinates":[-96.96339399759648,28.06118474684314]},"properties":{"substrate":"Solid Reef","lease_number":null,"poll_year":2025}},{"type":"Feature","id":"e103c6c0-090f-4a6b-8013-2ec82ccb5590","geometry":{"type":"Point","coordinates":[-96.9498107482551,28.068616753565376]},"properties":{"substrate":"Buried Shell","lease_number":null,"poll_year":2025}},{"type":"Feature","id":"e106db72-d8ae-459b-85a2-12be05fbaa80","geometry":{"type":"Point","coordinates":[-96.94911568578716,28.07083658518178]},"properties":{"substrate":"Mud","lease_number":null,"poll_year":2025}},{"type":"Feature","id":"e10a00ba-7d88-40af-804c-057aad83a918","geometry":{"type":"Point","coordinates":[-96.94848446928142,28.066580819580224]},"properties":{"substrate":"Mud","lease_number":null,"poll_year":2025}},{"type":"Feature","id":"e15185e7-9a36-4b63-b17c-af469ece1b44","geometry":{"type":"Point","coordinates":[-96.95314096920167,28.05348341203948]},"properties":{"substrate":"Mud","lease_number":null,"poll_year":2025}},{"type":"Feature","id":"e15863d6-3043-4743-87a0-4a8243d5937e","geometry":{"type":"Point","coordinates":[-96.95095284205281,28.069042704256542]},"properties":{"substrate":"Mud","lease_number":null,"poll_year":2025}},{"type":"Feature","id":"e181e4ed-74bd-4e63-9fe1-77afad870aab","geometry":{"type":"Point","coordinates":[-96.94432128009777,28.06946884745919]},"properties":{"substrate":"Solid Reef","lease_number":null,"poll_year":2025}},{"type":"Feature","id":"e1844213-f895-461d-adf3-5a60d4edbe89","geometry":{"type":"Point","coordinates":[-96.9542226854325,28.070062830154324]},"properties":{"substrate":"Solid Reef","lease_number":null,"poll_year":2025}},{"type":"Feature","id":"e1a6e5e6-5b82-40af-aeff-cb69d6274c95","geometry":{"type":"Point","coordinates":[-96.95700834136562,28.06928776801535]},"properties":{"substrate":"Mud","lease_number":null,"poll_year":2025}},{"type":"Feature","id":"e1a7a414-1348-4d14-b8d8-acd0a248c7e4","geometry":{"type":"Point","coordinates":[-96.95740505985297,28.05891349273136]},"properties":{"substrate":"Solid Reef","lease_number":null,"poll_year":2025}},{"type":"Feature","id":"e1aa6106-dd1d-4989-9edd-9729896077b6","geometry":{"type":"Point","coordinates":[-96.95016618376526,28.069194780062773]},"properties":{"substrate":"Mud","lease_number":null,"poll_year":2025}},{"type":"Feature","id":"e1b53b24-617b-4468-9d15-3c13f96c6b5c","geometry":{"type":"Point","coordinates":[-96.94886036841376,28.070409442328284]},"properties":{"substrate":"Firm/Hard Bottom","lease_number":null,"poll_year":2025}},{"type":"Feature","id":"e1dd9e1f-209c-4221-b86d-51a4cc4cf23b","geometry":{"type":"Point","coordinates":[-96.94896939514315,28.065767429206716]},"properties":{"substrate":"Mud","lease_number":null,"poll_year":2025}},{"type":"Feature","id":"e1e100bb-723a-416f-87e3-66a32b6d56b9","geometry":{"type":"Point","coordinates":[-96.95886943953022,28.069491426981568]},"properties":{"substrate":"Mud","lease_number":null,"poll_year":2025}},{"type":"Feature","id":"e1ec1cc3-2aee-4e51-bb2c-3fa5268a2582","geometry":{"type":"Point","coordinates":[-96.95485318687929,28.06728464503591]},"properties":{"substrate":"Buried Shell","lease_number":null,"poll_year":2025}},{"type":"Feature","id":"e1fe1fbe-502b-4dad-995b-f2dd2ca59cc6","geometry":{"type":"Point","coordinates":[-96.95492591178974,28.061837295553513]},"properties":{"substrate":"Mud","lease_number":null,"poll_year":2025}},{"type":"Feature","id":"e208fcd3-28db-4b31-817f-e91b9d32b99d","geometry":{"type":"Point","coordinates":[-96.95553415657704,28.06956928373188]},"properties":{"substrate":"Mud","lease_number":null,"poll_year":2025}},{"type":"Feature","id":"e2800ad4-4997-4ad4-8b5d-b7c0d7c812c3","geometry":{"type":"Point","coordinates":[-96.95081414127463,28.06912719506961]},"properties":{"substrate":"Mud","lease_number":null,"poll_year":2025}},{"type":"Feature","id":"e29de500-3741-4a4e-890d-6c95b4db7f69","geometry":{"type":"Point","coordinates":[-96.94560309965142,28.065430800171757]},"properties":{"substrate":"Scattered Shell","lease_number":null,"poll_year":2025}},{"type":"Feature","id":"e2c85da1-35f3-43d1-86e0-7185912e40af","geometry":{"type":"Point","coordinates":[-96.94929416216951,28.065466218043454]},"properties":{"substrate":"Mud","lease_number":null,"poll_year":2025}},{"type":"Feature","id":"e2ced984-ba42-417c-b75c-81995124fa41","geometry":{"type":"Point","coordinates":[-96.96061956611284,28.056905492042834]},"properties":{"substrate":"Mud","lease_number":null,"poll_year":2025}},{"type":"Feature","id":"e2d335c4-b8fc-4146-8b7b-39d1015bb64d","geometry":{"type":"Point","coordinates":[-96.95932048183776,28.064289732213055]},"properties":{"substrate":"Solid Reef","lease_number":null,"poll_year":2025}},{"type":"Feature","id":"e2e33054-4e11-426d-a167-93653331ed3b","geometry":{"type":"Point","coordinates":[-96.94669406493642,28.06705054410828]},"properties":{"substrate":"Firm/Hard Bottom","lease_number":null,"poll_year":2025}},{"type":"Feature","id":"e2f296ea-7aec-4b29-a5ee-b7212d70883f","geometry":{"type":"Point","coordinates":[-96.94715284892506,28.0701581477417]},"properties":{"substrate":"Firm/Hard Bottom","lease_number":null,"poll_year":2025}},{"type":"Feature","id":"e3216555-fe00-41b9-ab34-3c2fb078304f","geometry":{"type":"Point","coordinates":[-96.95418970468516,28.05799555595768]},"properties":{"substrate":"Solid Reef","lease_number":null,"poll_year":2025}},{"type":"Feature","id":"e3288968-39cd-4357-8de0-4d3a7309fcc2","geometry":{"type":"Point","coordinates":[-96.95924669242368,28.06245200290591]},"properties":{"substrate":"Solid Reef","lease_number":null,"poll_year":2025}},{"type":"Feature","id":"e3578854-3958-4b68-81a6-6b89bc23ec55","geometry":{"type":"Point","coordinates":[-96.95688421305798,28.0564618379263]},"properties":{"substrate":"Solid Reef","lease_number":null,"poll_year":2025}},{"type":"Feature","id":"e3642d60-ed11-4d19-aec7-0013eb5a158a","geometry":{"type":"Point","coordinates":[-96.9601530296633,28.063695275280427]},"properties":{"substrate":"Solid Reef","lease_number":null,"poll_year":2025}},{"type":"Feature","id":"e389bfef-ad40-4e90-9e3b-5f16243db46c","geometry":{"type":"Point","coordinates":[-96.95178403701554,28.0643923841415]},"properties":{"substrate":"Mud","lease_number":null,"poll_year":2025}},{"type":"Feature","id":"e38e8650-f62b-45cd-992f-d35d24fa7816","geometry":{"type":"Point","coordinates":[-96.94867311279616,28.068724678090717]},"properties":{"substrate":"Mud","lease_number":null,"poll_year":2025}},{"type":"Feature","id":"e3bb6768-62fd-4c6e-a00f-92424af3517a","geometry":{"type":"Point","coordinates":[-96.9525634414072,28.058511610527184]},"properties":{"substrate":"Solid Reef","lease_number":null,"poll_year":2025}},{"type":"Feature","id":"e3cea7e4-afe3-4c92-8dc8-fcc43725d57b","geometry":{"type":"Point","coordinates":[-96.95456158565322,28.070441534993385]},"properties":{"substrate":"Buried Shell","lease_number":null,"poll_year":2025}},{"type":"Feature","id":"e3ea1d2f-3226-40ad-90f5-53100cfb5ae2","geometry":{"type":"Point","coordinates":[-96.96237355185792,28.05972737811224]},"properties":{"substrate":"Solid Reef","lease_number":null,"poll_year":2025}},{"type":"Feature","id":"e40ec9e2-7f88-4dc8-8a4b-eabe3ea9f81b","geometry":{"type":"Point","coordinates":[-96.9548481158895,28.055772642432768]},"properties":{"substrate":"Solid Reef","lease_number":null,"poll_year":2025}},{"type":"Feature","id":"e46e3192-1945-4e9a-b2fe-d54c9e6c6706","geometry":{"type":"Point","coordinates":[-96.95538843097333,28.05783090097238]},"properties":{"substrate":"Solid Reef","lease_number":null,"poll_year":2025}},{"type":"Feature","id":"e47b7cdf-5986-46c1-a4fd-b3fcbb2968ff","geometry":{"type":"Point","coordinates":[-96.95969500564937,28.06951451538245]},"properties":{"substrate":"Buried Shell","lease_number":null,"poll_year":2025}},{"type":"Feature","id":"e4947414-37ba-4089-91ef-8ee61f401f62","geometry":{"type":"Point","coordinates":[-96.9513248415985,28.06975747278339]},"properties":{"substrate":"Mud","lease_number":null,"poll_year":2025}},{"type":"Feature","id":"e4a58e68-9b03-4daf-9616-634efa3fb026","geometry":{"type":"Point","coordinates":[-96.9563433302389,28.05757416254957]},"properties":{"substrate":"Solid Reef","lease_number":null,"poll_year":2025}},{"type":"Feature","id":"e4ad8f45-4898-4510-809d-7b843375eb72","geometry":{"type":"Point","coordinates":[-96.95017660601918,28.071348089373913]},"properties":{"substrate":"Mud","lease_number":null,"poll_year":2025}},{"type":"Feature","id":"e4b06aa6-45c9-40e5-969b-7e6a94355b1b","geometry":{"type":"Point","coordinates":[-96.95543805840121,28.06157989368783]},"properties":{"substrate":"Solid Reef","lease_number":null,"poll_year":2025}},{"type":"Feature","id":"e4b85e81-5292-4a7a-b52b-23fa524b1be6","geometry":{"type":"Point","coordinates":[-96.95689510423249,28.064367277241338]},"properties":{"substrate":"Mud","lease_number":null,"poll_year":2025}},{"type":"Feature","id":"e4e38475-db9b-4137-b79d-54779e21e76a","geometry":{"type":"Point","coordinates":[-96.94906531365592,28.06799815858041]},"properties":{"substrate":"Mud","lease_number":null,"poll_year":2025}},{"type":"Feature","id":"e5298054-02e6-4b46-80c4-571ca93caa9e","geometry":{"type":"Point","coordinates":[-96.95464682589221,28.069204341072044]},"properties":{"substrate":"Buried Shell","lease_number":null,"poll_year":2025}},{"type":"Feature","id":"e52c0d84-91e9-4cc8-a3a2-4988844a977e","geometry":{"type":"Point","coordinates":[-96.95522410305672,28.067966304570174]},"properties":{"substrate":"Buried Shell","lease_number":null,"poll_year":2025}},{"type":"Feature","id":"e52f3194-962b-4672-9a46-6c5489391e30","geometry":{"type":"Point","coordinates":[-96.95828556423996,28.062215448327933]},"properties":{"substrate":"Solid Reef","lease_number":null,"poll_year":2025}},{"type":"Feature","id":"e53c1714-57a9-4145-977e-cf76e7512c13","geometry":{"type":"Point","coordinates":[-96.9602773735666,28.063365487083683]},"properties":{"substrate":"Solid Reef","lease_number":null,"poll_year":2025}},{"type":"Feature","id":"e567578d-3001-437d-b653-6c731453a167","geometry":{"type":"Point","coordinates":[-96.96463973092686,28.064548339611125]},"properties":{"substrate":"Solid Reef","lease_number":null,"poll_year":2025}},{"type":"Feature","id":"e56ad7be-ea90-4cf4-b64f-0fe365cb15c9","geometry":{"type":"Point","coordinates":[-96.95344123288201,28.05620054187786]},"properties":{"substrate":"Solid Reef","lease_number":null,"poll_year":2025}},{"type":"Feature","id":"e582c16d-56dd-4c30-95d5-5554fa67306a","geometry":{"type":"Point","coordinates":[-96.95287708818863,28.063268539230183]},"properties":{"substrate":"Solid Reef","lease_number":null,"poll_year":2025}},{"type":"Feature","id":"e5874c01-8bc4-4933-8763-98d44689e17d","geometry":{"type":"Point","coordinates":[-96.95341007301975,28.06113534010743]},"properties":{"substrate":"Mud","lease_number":null,"poll_year":2025}},{"type":"Feature","id":"e58f1dbf-c499-49ce-a4b4-0fc4d9916f8c","geometry":{"type":"Point","coordinates":[-96.95712293675147,28.06693540775632]},"properties":{"substrate":"Solid Reef","lease_number":null,"poll_year":2025}},{"type":"Feature","id":"e5c97124-c970-4a05-acdb-2ce24237ebff","geometry":{"type":"Point","coordinates":[-96.95708190620087,28.0645355178545]},"properties":{"substrate":"Mud","lease_number":null,"poll_year":2025}},{"type":"Feature","id":"e5cf5b81-f386-49b9-81ba-34f635f7f868","geometry":{"type":"Point","coordinates":[-96.95191985420166,28.065689808298682]},"properties":{"substrate":"Mud","lease_number":null,"poll_year":2025}},{"type":"Feature","id":"e5d02475-c165-4b8e-8302-cbb09c4b3299","geometry":{"type":"Point","coordinates":[-96.95790227287115,28.05929678316016]},"properties":{"substrate":"Solid Reef","lease_number":null,"poll_year":2025}},{"type":"Feature","id":"e5d8b735-9ce9-42b7-a956-f5fc2529562a","geometry":{"type":"Point","coordinates":[-96.95312175423774,28.06020044696545]},"properties":{"substrate":"Mud","lease_number":null,"poll_year":2025}},{"type":"Feature","id":"e5e4c479-0447-417f-a493-6c7f497ce127","geometry":{"type":"Point","coordinates":[-96.96228081697451,28.058106043763434]},"properties":{"substrate":"Mud","lease_number":null,"poll_year":2025}},{"type":"Feature","id":"e60ed0c9-eb9f-4c1c-a252-4502f9137cbe","geometry":{"type":"Point","coordinates":[-96.94712476938592,28.06517534027167]},"properties":{"substrate":"Mud","lease_number":null,"poll_year":2025}},{"type":"Feature","id":"e6307f6b-1fed-4c5e-86ae-82eadd4ad80d","geometry":{"type":"Point","coordinates":[-96.96402777609742,28.064044417662032]},"properties":{"substrate":"Solid Reef","lease_number":null,"poll_year":2025}},{"type":"Feature","id":"e63578b9-a5aa-478d-beae-2f8b657dc892","geometry":{"type":"Point","coordinates":[-96.94511219999305,28.06506930035915]},"properties":{"substrate":"Scattered Shell","lease_number":null,"poll_year":2025}},{"type":"Feature","id":"e63875ba-2872-45b7-b070-21eb0677e0fe","geometry":{"type":"Point","coordinates":[-96.95148834126842,28.06612519791327]},"properties":{"substrate":"Mud","lease_number":null,"poll_year":2025}},{"type":"Feature","id":"e65c3703-93a3-4525-a001-03e9c6a39a68","geometry":{"type":"Point","coordinates":[-96.9481297057111,28.067191194015695]},"properties":{"substrate":"Buried Shell","lease_number":null,"poll_year":2025}},{"type":"Feature","id":"e660399a-102a-4211-aed5-78c3cb343ca2","geometry":{"type":"Point","coordinates":[-96.94757829823014,28.066892071571797]},"properties":{"substrate":"Mud","lease_number":null,"poll_year":2025}},{"type":"Feature","id":"e671460a-2b73-4b53-b804-6142797d2b86","geometry":{"type":"Point","coordinates":[-96.95563329375348,28.05550391103267]},"properties":{"substrate":"Solid Reef","lease_number":null,"poll_year":2025}},{"type":"Feature","id":"e673a3af-bf25-4cec-8e6a-0acb042762d5","geometry":{"type":"Point","coordinates":[-96.94365610008778,28.068039800396036]},"properties":{"substrate":"Solid Reef","lease_number":null,"poll_year":2025}},{"type":"Feature","id":"e67ca9dd-658c-4f86-98e5-9731a89d7b60","geometry":{"type":"Point","coordinates":[-96.95280947559047,28.056440185561456]},"properties":{"substrate":"Solid Reef","lease_number":null,"poll_year":2025}},{"type":"Feature","id":"e6860f52-8c87-422c-a4ac-384a930a7d68","geometry":{"type":"Point","coordinates":[-96.96084481687369,28.070975007564297]},"properties":{"substrate":"Mud","lease_number":null,"poll_year":2025}},{"type":"Feature","id":"e68a7b46-ff74-4cdd-9237-b66bca1ecede","geometry":{"type":"Point","coordinates":[-96.94631958244729,28.069731859047163]},"properties":{"substrate":"Firm/Hard Bottom","lease_number":null,"poll_year":2025}},{"type":"Feature","id":"e6aaf6ff-5d60-44cc-bf31-9d94c0ff385f","geometry":{"type":"Point","coordinates":[-96.9551940094947,28.062077484736946]},"properties":{"substrate":"Mud","lease_number":null,"poll_year":2025}},{"type":"Feature","id":"e6c2b4a3-1465-49cc-8878-ba8469730d1f","geometry":{"type":"Point","coordinates":[-96.94542149982684,28.067581937703522]},"properties":{"substrate":"Solid Reef","lease_number":null,"poll_year":2025}},{"type":"Feature","id":"e6f17fa2-244b-4aff-8058-a106d88ddf9b","geometry":{"type":"Point","coordinates":[-96.94599832513876,28.068692061757776]},"properties":{"substrate":"Firm/Hard Bottom","lease_number":null,"poll_year":2025}},{"type":"Feature","id":"e6f89ea7-aedc-46da-8862-a291cafa397c","geometry":{"type":"Point","coordinates":[-96.96194098160758,28.059415033602438]},"properties":{"substrate":"Solid Reef","lease_number":null,"poll_year":2025}},{"type":"Feature","id":"e7031f18-370e-4405-b754-7a2813438860","geometry":{"type":"Point","coordinates":[-96.95690387987449,28.07122467691263]},"properties":{"substrate":"Mud","lease_number":null,"poll_year":2025}},{"type":"Feature","id":"e713942a-159b-4725-8f28-703b16392568","geometry":{"type":"Point","coordinates":[-96.9567864718635,28.057196118699725]},"properties":{"substrate":"Solid Reef","lease_number":null,"poll_year":2025}},{"type":"Feature","id":"e713f716-589a-4348-a38b-226218b6f23f","geometry":{"type":"Point","coordinates":[-96.95892879211937,28.059572504853012]},"properties":{"substrate":"Solid Reef","lease_number":null,"poll_year":2025}},{"type":"Feature","id":"e7178940-5733-4b2b-b1ad-f84672f3a78d","geometry":{"type":"Point","coordinates":[-96.95078163753271,28.071015621754814]},"properties":{"substrate":"Buried Shell","lease_number":null,"poll_year":2025}},{"type":"Feature","id":"e72b786f-e169-48fd-a060-eeda19aed36a","geometry":{"type":"Point","coordinates":[-96.96005036300612,28.069659380558583]},"properties":{"substrate":"Buried Shell","lease_number":null,"poll_year":2025}},{"type":"Feature","id":"e736d7c7-27d3-446d-b22d-6d73bd196d1b","geometry":{"type":"Point","coordinates":[-96.9464630047706,28.06950269613197]},"properties":{"substrate":"Firm/Hard Bottom","lease_number":null,"poll_year":2025}},{"type":"Feature","id":"e7531983-45fe-4b35-b770-b6b164240698","geometry":{"type":"Point","coordinates":[-96.95994609824601,28.060352329177693]},"properties":{"substrate":"Solid Reef","lease_number":null,"poll_year":2025}},{"type":"Feature","id":"e75bf0e9-25b0-4e7e-bef5-2ed4f377be8c","geometry":{"type":"Point","coordinates":[-96.95398171235755,28.054239507873476]},"properties":{"substrate":"Solid Reef","lease_number":null,"poll_year":2025}},{"type":"Feature","id":"e76078dd-f1e1-4dc2-a2a1-af9c6486fcc7","geometry":{"type":"Point","coordinates":[-96.96046768165955,28.06075033683009]},"properties":{"substrate":"Solid Reef","lease_number":null,"poll_year":2025}},{"type":"Feature","id":"e77b8ab0-fba1-44f5-8902-77e95aea6c28","geometry":{"type":"Point","coordinates":[-96.95901328316343,28.068160416829784]},"properties":{"substrate":"Buried Shell","lease_number":null,"poll_year":2025}},{"type":"Feature","id":"e77d1c39-7acf-40b1-92be-f082f0b77dc6","geometry":{"type":"Point","coordinates":[-96.95628403514192,28.066380376533306]},"properties":{"substrate":"Buried Shell","lease_number":null,"poll_year":2025}},{"type":"Feature","id":"e7a4ba4e-0555-4ad9-9535-b5c4e7e42d72","geometry":{"type":"Point","coordinates":[-96.95316789799894,28.05567361943261]},"properties":{"substrate":"Solid Reef","lease_number":null,"poll_year":2025}},{"type":"Feature","id":"e7adbe76-7452-4d08-8c8b-a1579ae19909","geometry":{"type":"Point","coordinates":[-96.96184072962187,28.062345039974616]},"properties":{"substrate":"Solid Reef","lease_number":null,"poll_year":2025}},{"type":"Feature","id":"e7b17dd4-b285-4b0a-b91c-46dfc3ac6290","geometry":{"type":"Point","coordinates":[-96.94600463400701,28.066755887987615]},"properties":{"substrate":"Mud","lease_number":null,"poll_year":2025}},{"type":"Feature","id":"e7ce0268-eabf-461f-9e44-6db2841d2ec1","geometry":{"type":"Point","coordinates":[-96.952884203744,28.0623741037416]},"properties":{"substrate":"Mud","lease_number":null,"poll_year":2025}},{"type":"Feature","id":"e7f09aff-1385-4dbc-b1b6-61d28939e420","geometry":{"type":"Point","coordinates":[-96.95426384893376,28.070875521399373]},"properties":{"substrate":"Buried Shell","lease_number":null,"poll_year":2025}},{"type":"Feature","id":"e7fe1b9f-930d-49fc-8e7a-200f6729fb90","geometry":{"type":"Point","coordinates":[-96.9541903128446,28.062428492061]},"properties":{"substrate":"Mud","lease_number":null,"poll_year":2025}},{"type":"Feature","id":"e81f5b28-df91-40f6-98a0-0f5a6296e2d9","geometry":{"type":"Point","coordinates":[-96.94919575532339,28.06746470372829]},"properties":{"substrate":"Buried Shell","lease_number":null,"poll_year":2025}},{"type":"Feature","id":"e87d5d9c-557d-4add-835c-97244ef5b9f2","geometry":{"type":"Point","coordinates":[-96.95694619232101,28.060426489754]},"properties":{"substrate":"Solid Reef","lease_number":null,"poll_year":2025}},{"type":"Feature","id":"e89b3054-8281-4aee-9052-98fa8cd50eec","geometry":{"type":"Point","coordinates":[-96.96140021556945,28.061477606891536]},"properties":{"substrate":"Solid Reef","lease_number":null,"poll_year":2025}},{"type":"Feature","id":"e8c52cfc-3fbf-4d39-8685-7ce215d72c65","geometry":{"type":"Point","coordinates":[-96.94748614994661,28.07001716801263]},"properties":{"substrate":"Firm/Hard Bottom","lease_number":null,"poll_year":2025}},{"type":"Feature","id":"e8fa648c-f495-4efa-9464-57349f09844e","geometry":{"type":"Point","coordinates":[-96.95132943109128,28.06768631529284]},"properties":{"substrate":"Solid Reef","lease_number":null,"poll_year":2025}},{"type":"Feature","id":"e903a684-106d-461d-ac6d-99b279ec1ef5","geometry":{"type":"Point","coordinates":[-96.94900650903911,28.0698187787931]},"properties":{"substrate":"Firm/Hard Bottom","lease_number":null,"poll_year":2025}},{"type":"Feature","id":"e9141c18-1a6f-4ee3-8fa3-7d457b37b97b","geometry":{"type":"Point","coordinates":[-96.95833768539106,28.0678775451352]},"properties":{"substrate":"Buried Shell","lease_number":null,"poll_year":2025}},{"type":"Feature","id":"e94c8a7d-d51f-4443-b68a-99a4ad858cdb","geometry":{"type":"Point","coordinates":[-96.95811989873188,28.06077463679605]},"properties":{"substrate":"Solid Reef","lease_number":null,"poll_year":2025}},{"type":"Feature","id":"e94df2ed-79b2-4d2f-9795-9629f3f46a65","geometry":{"type":"Point","coordinates":[-96.95354413759276,28.06447696818513]},"properties":{"substrate":"Mud","lease_number":null,"poll_year":2025}},{"type":"Feature","id":"e951c550-69a8-4b81-9551-d2e4ab2a8aa8","geometry":{"type":"Point","coordinates":[-96.948332724067,28.070438541961202]},"properties":{"substrate":"Firm/Hard Bottom","lease_number":null,"poll_year":2025}},{"type":"Feature","id":"e9585ddf-a658-4762-9fc2-280b0ade4f4e","geometry":{"type":"Point","coordinates":[-96.95033725713132,28.06554660240364]},"properties":{"substrate":"Mud","lease_number":null,"poll_year":2025}},{"type":"Feature","id":"e97c689e-ba8a-4477-8492-75f2d44c9452","geometry":{"type":"Point","coordinates":[-96.94730370031577,28.061199699815816]},"properties":{"substrate":"Solid Reef","lease_number":null,"poll_year":2025}},{"type":"Feature","id":"e982949c-7d96-4d94-839d-164fa1e423f8","geometry":{"type":"Point","coordinates":[-96.95295687475554,28.054985202925785]},"properties":{"substrate":"Solid Reef","lease_number":null,"poll_year":2025}},{"type":"Feature","id":"e9acfb44-33b3-4e8f-8939-cf53bf731834","geometry":{"type":"Point","coordinates":[-96.94849467593968,28.06863827110306]},"properties":{"substrate":"Firm/Hard Bottom","lease_number":null,"poll_year":2025}},{"type":"Feature","id":"e9f930b5-d60c-46f6-b338-b9a46cf3ede9","geometry":{"type":"Point","coordinates":[-96.9509984791642,28.063888835612925]},"properties":{"substrate":"Mud","lease_number":null,"poll_year":2025}},{"type":"Feature","id":"ea850cae-7878-4115-ad96-cf3cf8242c44","geometry":{"type":"Point","coordinates":[-96.94781018664266,28.07017845618226]},"properties":{"substrate":"Firm/Hard Bottom","lease_number":null,"poll_year":2025}},{"type":"Feature","id":"ea945ec8-d1e6-448f-8d55-7360c45a9f3f","geometry":{"type":"Point","coordinates":[-96.95260402549509,28.05659773568834]},"properties":{"substrate":"Solid Reef","lease_number":null,"poll_year":2025}},{"type":"Feature","id":"eaa82dc1-263d-4fa1-8625-1ddf2c35f900","geometry":{"type":"Point","coordinates":[-96.95042970904542,28.063521307699588]},"properties":{"substrate":"Mud","lease_number":null,"poll_year":2025}},{"type":"Feature","id":"eaa995bf-cfde-4481-9418-38cefc51b514","geometry":{"type":"Point","coordinates":[-96.94621610011983,28.06584389987982]},"properties":{"substrate":"Scattered Shell","lease_number":null,"poll_year":2025}},{"type":"Feature","id":"eac74ad7-58ca-4b96-a925-667c29a848ee","geometry":{"type":"Point","coordinates":[-96.95375539799137,28.06401596075736]},"properties":{"substrate":"Solid Reef","lease_number":null,"poll_year":2025}},{"type":"Feature","id":"eaf9282c-9b0e-4b26-8265-93d5db42e997","geometry":{"type":"Point","coordinates":[-96.96205553926418,28.057935896062695]},"properties":{"substrate":"Mud","lease_number":null,"poll_year":2025}},{"type":"Feature","id":"eb37d546-7207-47f0-9d4f-43c75415a161","geometry":{"type":"Point","coordinates":[-96.9582573077327,28.0628953017421]},"properties":{"substrate":"Mud","lease_number":null,"poll_year":2025}},{"type":"Feature","id":"eb551447-8f5e-43a9-a7d9-b5c1fea51bd4","geometry":{"type":"Point","coordinates":[-96.9527023496962,28.07042682585639]},"properties":{"substrate":"Buried Shell","lease_number":null,"poll_year":2025}},{"type":"Feature","id":"eb57a077-3a32-4b79-9552-ba49d019fa60","geometry":{"type":"Point","coordinates":[-96.95292544809364,28.065570978968008]},"properties":{"substrate":"Mud","lease_number":null,"poll_year":2025}},{"type":"Feature","id":"eb705adb-806d-4874-89be-57cf88baaf46","geometry":{"type":"Point","coordinates":[-96.95013609199987,28.06704645788798]},"properties":{"substrate":"Buried Shell","lease_number":null,"poll_year":2025}},{"type":"Feature","id":"eb924748-9fe0-476a-bc20-f88013749766","geometry":{"type":"Point","coordinates":[-96.94883220533127,28.06853690496224]},"properties":{"substrate":"Buried Shell","lease_number":null,"poll_year":2025}},{"type":"Feature","id":"ebce8274-1f5f-47a3-9a60-b7789c69b64d","geometry":{"type":"Point","coordinates":[-96.95291664819712,28.064057333015043]},"properties":{"substrate":"Mud","lease_number":null,"poll_year":2025}},{"type":"Feature","id":"ebda5d6d-756c-4354-9197-43f9f7cce35b","geometry":{"type":"Point","coordinates":[-96.95584816537955,28.066697487758]},"properties":{"substrate":"Buried Shell","lease_number":null,"poll_year":2025}},{"type":"Feature","id":"ebf4f093-5929-462d-9824-7470904c1e8f","geometry":{"type":"Point","coordinates":[-96.94815047565879,28.06640462290968]},"properties":{"substrate":"Mud","lease_number":null,"poll_year":2025}},{"type":"Feature","id":"ebf7e35e-6b43-4e57-9201-37d461e760ff","geometry":{"type":"Point","coordinates":[-96.95384738188322,28.061567735869442]},"properties":{"substrate":"Solid Reef","lease_number":null,"poll_year":2025}},{"type":"Feature","id":"ec0bb2ec-5b7a-463c-acab-cf2d3df55646","geometry":{"type":"Point","coordinates":[-96.95269139743627,28.071069237630798]},"properties":{"substrate":"Buried Shell","lease_number":null,"poll_year":2025}},{"type":"Feature","id":"ec11fe53-ffd3-4a15-8f66-578ddf3b0440","geometry":{"type":"Point","coordinates":[-96.9564426650447,28.060676159830123]},"properties":{"substrate":"Solid Reef","lease_number":null,"poll_year":2025}},{"type":"Feature","id":"ec216f49-9729-449f-9fda-1bc943252e8e","geometry":{"type":"Point","coordinates":[-96.95203341562663,28.05509799520611]},"properties":{"substrate":"Solid Reef","lease_number":null,"poll_year":2025}},{"type":"Feature","id":"ec3efa8b-022f-45ac-9ef9-881b1854027f","geometry":{"type":"Point","coordinates":[-96.95742193201065,28.059563464600803]},"properties":{"substrate":"Solid Reef","lease_number":null,"poll_year":2025}},{"type":"Feature","id":"ec5b7f9b-cdef-4644-82ba-028486d52cc0","geometry":{"type":"Point","coordinates":[-96.94938994862994,28.06599553234968]},"properties":{"substrate":"Mud","lease_number":null,"poll_year":2025}},{"type":"Feature","id":"ec819003-4212-471a-b701-f7157266282b","geometry":{"type":"Point","coordinates":[-96.95070186533884,28.066234471699822]},"properties":{"substrate":"Mud","lease_number":null,"poll_year":2025}},{"type":"Feature","id":"ec933ada-dc5a-4f45-ab62-d10253fd337a","geometry":{"type":"Point","coordinates":[-96.95911521949029,28.059710002365964]},"properties":{"substrate":"Solid Reef","lease_number":null,"poll_year":2025}},{"type":"Feature","id":"ecbb939f-3c71-4604-838c-6e88c9f3240c","geometry":{"type":"Point","coordinates":[-96.95438905611807,28.070367508944397]},"properties":{"substrate":"Buried Shell","lease_number":null,"poll_year":2025}},{"type":"Feature","id":"ecd38f7d-cd4f-4089-98f1-38118e8c2a42","geometry":{"type":"Point","coordinates":[-96.96177953279145,28.058457997105666]},"properties":{"substrate":"Mud","lease_number":null,"poll_year":2025}},{"type":"Feature","id":"ed080923-41fd-4c0e-b2aa-4ec6e2acb93b","geometry":{"type":"Point","coordinates":[-96.9555515039435,28.057969541463443]},"properties":{"substrate":"Solid Reef","lease_number":null,"poll_year":2025}},{"type":"Feature","id":"ed2c830c-2518-4117-96fc-31abf9f0d264","geometry":{"type":"Point","coordinates":[-96.95025804907947,28.062675173750623]},"properties":{"substrate":"Mud","lease_number":null,"poll_year":2025}},{"type":"Feature","id":"ed8f14ff-7b3a-44d2-9582-3b3e82b407e3","geometry":{"type":"Point","coordinates":[-96.95718521695011,28.06379605305246]},"properties":{"substrate":"Mud","lease_number":null,"poll_year":2025}},{"type":"Feature","id":"edb6011c-675d-4ede-94df-0308d868aaf8","geometry":{"type":"Point","coordinates":[-96.9434467001001,28.062223800287544]},"properties":{"substrate":"Firm/Hard Bottom","lease_number":null,"poll_year":2025}},{"type":"Feature","id":"ede8f69e-f84d-4750-b4db-c3e968165c62","geometry":{"type":"Point","coordinates":[-96.95633732859449,28.068027394411956]},"properties":{"substrate":"Buried Shell","lease_number":null,"poll_year":2025}},{"type":"Feature","id":"ee1540c8-7d04-494d-b69b-ef66f57fec84","geometry":{"type":"Point","coordinates":[-96.95601675939544,28.067867437861537]},"properties":{"substrate":"Buried Shell","lease_number":null,"poll_year":2025}},{"type":"Feature","id":"ee3e3b21-3a64-4f3b-9348-862cf786073f","geometry":{"type":"Point","coordinates":[-96.95703371068757,28.063665004594387]},"properties":{"substrate":"Mud","lease_number":null,"poll_year":2025}},{"type":"Feature","id":"ee51de5e-1ce2-4b50-ad43-5ade07e47eec","geometry":{"type":"Point","coordinates":[-96.95748864090363,28.056139072719976]},"properties":{"substrate":"Solid Reef","lease_number":null,"poll_year":2025}},{"type":"Feature","id":"ee5b6225-3e9f-4aaa-ac55-a9ed6d9f69ab","geometry":{"type":"Point","coordinates":[-96.9555671319345,28.07179483673265]},"properties":{"substrate":"Mud","lease_number":null,"poll_year":2025}},{"type":"Feature","id":"ee699e62-3690-4bab-9d5e-1b4ceeb2c0dc","geometry":{"type":"Point","coordinates":[-96.95252144965923,28.059657171962535]},"properties":{"substrate":"Mud","lease_number":null,"poll_year":2025}},{"type":"Feature","id":"eec9e17f-0f5d-447a-98fe-9ca1b542c4bd","geometry":{"type":"Point","coordinates":[-96.9465771150662,28.06656396255862]},"properties":{"substrate":"Mud","lease_number":null,"poll_year":2025}},{"type":"Feature","id":"eef3c1d9-e6ba-4769-97ed-9324d0f30be7","geometry":{"type":"Point","coordinates":[-96.94539420002535,28.065997599656548]},"properties":{"substrate":"Firm/Hard Bottom","lease_number":null,"poll_year":2025}},{"type":"Feature","id":"ef299e4d-0e57-4bf7-af1e-f8b670bd1368","geometry":{"type":"Point","coordinates":[-96.96432005644982,28.059573515579142]},"properties":{"substrate":"Mud","lease_number":null,"poll_year":2025}},{"type":"Feature","id":"ef30b405-cfc7-450d-9d1b-ebeba0ab7dda","geometry":{"type":"Point","coordinates":[-96.95613229441908,28.07115793735899]},"properties":{"substrate":"Mud","lease_number":null,"poll_year":2025}},{"type":"Feature","id":"ef47ceb6-1edb-4cc3-8585-c492dc367073","geometry":{"type":"Point","coordinates":[-96.9581913453397,28.067321939337358]},"properties":{"substrate":"Buried Shell","lease_number":null,"poll_year":2025}},{"type":"Feature","id":"ef52f438-9f4b-43fb-8241-8f0f27288d64","geometry":{"type":"Point","coordinates":[-96.95611962547864,28.071736827633828]},"properties":{"substrate":"Mud","lease_number":null,"poll_year":2025}},{"type":"Feature","id":"ef78e37a-f6e2-4df9-9cd0-3bc9a475ddb8","geometry":{"type":"Point","coordinates":[-96.95662295153232,28.061480287844645]},"properties":{"substrate":"Solid Reef","lease_number":null,"poll_year":2025}},{"type":"Feature","id":"efaaf1b8-c782-47a9-8d7f-b8dc708c67dc","geometry":{"type":"Point","coordinates":[-96.95773969038113,28.057124056667515]},"properties":{"substrate":"Solid Reef","lease_number":null,"poll_year":2025}},{"type":"Feature","id":"f01ecf54-c6a0-4eea-bf99-6540e0c4772f","geometry":{"type":"Point","coordinates":[-96.95854537049486,28.06314668862051]},"properties":{"substrate":"Mud","lease_number":null,"poll_year":2025}},{"type":"Feature","id":"f0421bdc-627b-4932-9f68-7ebe3bd6030e","geometry":{"type":"Point","coordinates":[-96.96251300722093,28.058263766643517]},"properties":{"substrate":"Mud","lease_number":null,"poll_year":2025}},{"type":"Feature","id":"f042bb26-5934-4302-ad8a-7dcc2b938327","geometry":{"type":"Point","coordinates":[-96.94856762812391,28.067942836942883]},"properties":{"substrate":"Buried Shell","lease_number":null,"poll_year":2025}},{"type":"Feature","id":"f05556ae-8ef1-4707-9974-cfb98766906d","geometry":{"type":"Point","coordinates":[-96.96273540942404,28.062512722518612]},"properties":{"substrate":"Solid Reef","lease_number":null,"poll_year":2025}},{"type":"Feature","id":"f06676bf-4cc3-48d5-8ce8-af10cd41beee","geometry":{"type":"Point","coordinates":[-96.95735370945638,28.060811348331374]},"properties":{"substrate":"Solid Reef","lease_number":null,"poll_year":2025}},{"type":"Feature","id":"f0854290-a7ea-47ae-8034-49f89de2876f","geometry":{"type":"Point","coordinates":[-96.95346376442598,28.0653837805728]},"properties":{"substrate":"Mud","lease_number":null,"poll_year":2025}},{"type":"Feature","id":"f0d46f12-db85-4748-8841-41f07a9c93c2","geometry":{"type":"Point","coordinates":[-96.95148388203134,28.060914527567803]},"properties":{"substrate":"Mud","lease_number":null,"poll_year":2025}},{"type":"Feature","id":"f0f2d09f-648d-40b5-93a0-8091b04f5164","geometry":{"type":"Point","coordinates":[-96.95852218228242,28.066405734241407]},"properties":{"substrate":"Mud","lease_number":null,"poll_year":2025}},{"type":"Feature","id":"f11f640a-4abe-4f2d-9827-a0bdae751d3e","geometry":{"type":"Point","coordinates":[-96.94785180828471,28.067295234307423]},"properties":{"substrate":"Mud","lease_number":null,"poll_year":2025}},{"type":"Feature","id":"f1498b80-630f-4665-9bea-fdd687918905","geometry":{"type":"Point","coordinates":[-96.94815988820633,28.069419208321204]},"properties":{"substrate":"Firm/Hard Bottom","lease_number":null,"poll_year":2025}},{"type":"Feature","id":"f15906bc-84e6-4446-9e59-858dd7e4aaa9","geometry":{"type":"Point","coordinates":[-96.9552282685447,28.060792182011724]},"properties":{"substrate":"Solid Reef","lease_number":null,"poll_year":2025}},{"type":"Feature","id":"f1763bc1-fe61-4842-8d57-3ec64cf4d0b9","geometry":{"type":"Point","coordinates":[-96.95746195554982,28.0716595637616]},"properties":{"substrate":"Mud","lease_number":null,"poll_year":2025}},{"type":"Feature","id":"f18a64ff-6d49-47af-9276-c7a0a09281fa","geometry":{"type":"Point","coordinates":[-96.95413552190048,28.059265532215434]},"properties":{"substrate":"Solid Reef","lease_number":null,"poll_year":2025}},{"type":"Feature","id":"f19ae114-306c-432f-bbcd-a2a5d70760fa","geometry":{"type":"Point","coordinates":[-96.94401859994932,28.06426399985506]},"properties":{"substrate":"Scattered Shell","lease_number":null,"poll_year":2025}},{"type":"Feature","id":"f19d24c5-a70d-4072-945a-7d83cb97331b","geometry":{"type":"Point","coordinates":[-96.95149450281295,28.064209912102218]},"properties":{"substrate":"Mud","lease_number":null,"poll_year":2025}},{"type":"Feature","id":"f19d9bda-b8b6-49a1-864b-9aa43d123fe8","geometry":{"type":"Point","coordinates":[-96.95331065736558,28.056847001636704]},"properties":{"substrate":"Solid Reef","lease_number":null,"poll_year":2025}},{"type":"Feature","id":"f1b52d03-f671-4120-8c7a-853ef52abe77","geometry":{"type":"Point","coordinates":[-96.9543963154039,28.05658111968197]},"properties":{"substrate":"Solid Reef","lease_number":null,"poll_year":2025}},{"type":"Feature","id":"f1b8c91c-7fbd-4832-a2f3-09c6c9990ce6","geometry":{"type":"Point","coordinates":[-96.9518046416732,28.071884299169856]},"properties":{"substrate":"Buried Shell","lease_number":null,"poll_year":2025}},{"type":"Feature","id":"f1bccf9a-45d3-4ea5-b6e9-f0a1cf3f94e2","geometry":{"type":"Point","coordinates":[-96.94973691841686,28.07017180190072]},"properties":{"substrate":"Mud","lease_number":null,"poll_year":2025}},{"type":"Feature","id":"f1c27113-b285-4cba-8106-ceb825ea3977","geometry":{"type":"Point","coordinates":[-96.95882500885627,28.062085266750337]},"properties":{"substrate":"Solid Reef","lease_number":null,"poll_year":2025}},{"type":"Feature","id":"f2198d87-7b80-43c8-bd8f-9327bc2953a9","geometry":{"type":"Point","coordinates":[-96.95685299300861,28.057970965221273]},"properties":{"substrate":"Solid Reef","lease_number":null,"poll_year":2025}},{"type":"Feature","id":"f239f05c-f606-4b86-8f23-0b9267df21c7","geometry":{"type":"Point","coordinates":[-96.94521761818996,28.068022582148487]},"properties":{"substrate":"Solid Reef","lease_number":null,"poll_year":2025}},{"type":"Feature","id":"f253c539-da7d-4704-b138-eee1f238121f","geometry":{"type":"Point","coordinates":[-96.95269897831895,28.06932052288202]},"properties":{"substrate":"Mud","lease_number":null,"poll_year":2025}},{"type":"Feature","id":"f259090f-027a-4f80-98f8-fe4f9f165e84","geometry":{"type":"Point","coordinates":[-96.94964321065798,28.071097440607616]},"properties":{"substrate":"Mud","lease_number":null,"poll_year":2025}},{"type":"Feature","id":"f28128e7-c26f-49a8-9651-22b553e9f6b8","geometry":{"type":"Point","coordinates":[-96.94520820025251,28.065137499857702]},"properties":{"substrate":"Scattered Shell","lease_number":null,"poll_year":2025}},{"type":"Feature","id":"f29272ac-cdd9-4efd-b99d-377c62c616aa","geometry":{"type":"Point","coordinates":[-96.95336586243303,28.055293984968813]},"properties":{"substrate":"Solid Reef","lease_number":null,"poll_year":2025}},{"type":"Feature","id":"f2f4aeaa-e039-4529-a77a-ae82bab38332","geometry":{"type":"Point","coordinates":[-96.9467899017025,28.06818656123204]},"properties":{"substrate":"Firm/Hard Bottom","lease_number":null,"poll_year":2025}},{"type":"Feature","id":"f30570be-7756-423e-8ec2-734dd4ab851b","geometry":{"type":"Point","coordinates":[-96.94584431257655,28.068888877254278]},"properties":{"substrate":"Solid Reef","lease_number":null,"poll_year":2025}},{"type":"Feature","id":"f307c0ea-075d-49a2-bd72-42b166e166f2","geometry":{"type":"Point","coordinates":[-96.9552717568859,28.056760211715158]},"properties":{"substrate":"Solid Reef","lease_number":null,"poll_year":2025}},{"type":"Feature","id":"f30a4aa2-58e4-4002-907a-ed7f4fc4bf98","geometry":{"type":"Point","coordinates":[-96.94794244290699,28.067603685321906]},"properties":{"substrate":"Mud","lease_number":null,"poll_year":2025}},{"type":"Feature","id":"f3130068-caaa-4d21-86bc-119d40dac54c","geometry":{"type":"Point","coordinates":[-96.947176144037,28.067311731342436]},"properties":{"substrate":"Firm/Hard Bottom","lease_number":null,"poll_year":2025}},{"type":"Feature","id":"f32766db-7a6f-429c-a284-72b7b6639e97","geometry":{"type":"Point","coordinates":[-96.95200143380588,28.069734898072824]},"properties":{"substrate":"Buried Shell","lease_number":null,"poll_year":2025}},{"type":"Feature","id":"f36c7965-386d-4938-b98b-f63480b00a49","geometry":{"type":"Point","coordinates":[-96.95357453119206,28.068757487822463]},"properties":{"substrate":"Buried Shell","lease_number":null,"poll_year":2025}},{"type":"Feature","id":"f38934e8-a56c-4dad-ac71-60cb3895c3f7","geometry":{"type":"Point","coordinates":[-96.96304528597624,28.05864463362543]},"properties":{"substrate":"Mud","lease_number":null,"poll_year":2025}},{"type":"Feature","id":"f3ec817a-9403-4845-8ba8-ff34b5f21c54","geometry":{"type":"Point","coordinates":[-96.95889271757417,28.063930001819045]},"properties":{"substrate":"Mud","lease_number":null,"poll_year":2025}},{"type":"Feature","id":"f455a364-85e0-4729-8265-6e1c387ada62","geometry":{"type":"Point","coordinates":[-96.96267097776028,28.060860309709106]},"properties":{"substrate":"Mud","lease_number":null,"poll_year":2025}},{"type":"Feature","id":"f455c723-2c30-4737-a3f4-f9e79e65053b","geometry":{"type":"Point","coordinates":[-96.9473039293862,28.066432089922397]},"properties":{"substrate":"Mud","lease_number":null,"poll_year":2025}},{"type":"Feature","id":"f472e7b0-cd68-440d-b303-7276079ee1cb","geometry":{"type":"Point","coordinates":[-96.95163979542868,28.064299473599718]},"properties":{"substrate":"Mud","lease_number":null,"poll_year":2025}},{"type":"Feature","id":"f4748cef-58fa-4eb0-8500-2e47148a1dd7","geometry":{"type":"Point","coordinates":[-96.95071001216017,28.060111547146217]},"properties":{"substrate":"Mud","lease_number":null,"poll_year":2025}},{"type":"Feature","id":"f491d310-e252-4f0d-a714-458c0fe22c5c","geometry":{"type":"Point","coordinates":[-96.95703867028624,28.055810588409138]},"properties":{"substrate":"Solid Reef","lease_number":null,"poll_year":2025}},{"type":"Feature","id":"f4dbdc27-f56d-4e7f-bd1b-50e4033ae072","geometry":{"type":"Point","coordinates":[-96.95068986923657,28.065727190348557]},"properties":{"substrate":"Mud","lease_number":null,"poll_year":2025}},{"type":"Feature","id":"f4f15252-5a44-4936-b6d4-27d936b793ed","geometry":{"type":"Point","coordinates":[-96.96019323106889,28.062517549297493]},"properties":{"substrate":"Solid Reef","lease_number":null,"poll_year":2025}},{"type":"Feature","id":"f4f7a559-ebd1-4a03-8a60-b63252d56baa","geometry":{"type":"Point","coordinates":[-96.96058310888534,28.057554390791108]},"properties":{"substrate":"Mud","lease_number":null,"poll_year":2025}},{"type":"Feature","id":"f4fa952f-152b-4b00-89c4-e691dab59913","geometry":{"type":"Point","coordinates":[-96.94937612086275,28.067050361001225]},"properties":{"substrate":"Buried Shell","lease_number":null,"poll_year":2025}},{"type":"Feature","id":"f4fce377-37fe-4060-91b2-11caca2af526","geometry":{"type":"Point","coordinates":[-96.95635632526779,28.070442025641402]},"properties":{"substrate":"Mud","lease_number":null,"poll_year":2025}},{"type":"Feature","id":"f4fe9ae1-dffb-4a8a-b4b3-e7971a9ea52b","geometry":{"type":"Point","coordinates":[-96.9457422998929,28.065531699974738]},"properties":{"substrate":"Scattered Shell","lease_number":null,"poll_year":2025}},{"type":"Feature","id":"f50d2544-f2fc-4018-a7bd-c528538a75b2","geometry":{"type":"Point","coordinates":[-96.95525105251525,28.065820269289535]},"properties":{"substrate":"Buried Shell","lease_number":null,"poll_year":2025}},{"type":"Feature","id":"f5170978-7828-44bc-8ccc-f5a0367ef8fb","geometry":{"type":"Point","coordinates":[-96.95335363546371,28.062262062654643]},"properties":{"substrate":"Mud","lease_number":null,"poll_year":2025}},{"type":"Feature","id":"f54e0c59-d0be-4662-ae5d-b20ecd63c020","geometry":{"type":"Point","coordinates":[-96.94975754373577,28.06432935727369]},"properties":{"substrate":"Mud","lease_number":null,"poll_year":2025}},{"type":"Feature","id":"f55c6dc8-2490-4341-845a-169485b8a468","geometry":{"type":"Point","coordinates":[-96.95131098328861,28.05856285206231]},"properties":{"substrate":"Solid Reef","lease_number":null,"poll_year":2025}},{"type":"Feature","id":"f5771ef1-ee39-4448-b2a0-9c4d767d758a","geometry":{"type":"Point","coordinates":[-96.95885686850615,28.067656019573054]},"properties":{"substrate":"Solid Reef","lease_number":null,"poll_year":2025}},{"type":"Feature","id":"f5d51333-7c88-47e6-8f7a-7e552f23bde8","geometry":{"type":"Point","coordinates":[-96.94833038844726,28.06781409227208]},"properties":{"substrate":"Buried Shell","lease_number":null,"poll_year":2025}},{"type":"Feature","id":"f5fafc8e-9ad8-4808-8262-120f0dbfa4d7","geometry":{"type":"Point","coordinates":[-96.9516139706609,28.06477807273027]},"properties":{"substrate":"Mud","lease_number":null,"poll_year":2025}},{"type":"Feature","id":"f60da112-d353-42d3-bd84-abf40eaf378e","geometry":{"type":"Point","coordinates":[-96.96106029845585,28.058772329398156]},"properties":{"substrate":"Solid Reef","lease_number":null,"poll_year":2025}},{"type":"Feature","id":"f622c848-42af-4474-9e2e-0b9bb016a2ce","geometry":{"type":"Point","coordinates":[-96.95419287933137,28.0638003034843]},"properties":{"substrate":"Mud","lease_number":null,"poll_year":2025}},{"type":"Feature","id":"f63dfc86-9fbf-42b9-a921-93134f67cb29","geometry":{"type":"Point","coordinates":[-96.95360926724749,28.060648101563743]},"properties":{"substrate":"Mud","lease_number":null,"poll_year":2025}},{"type":"Feature","id":"f649c3e8-0779-4f44-8de1-bb739222cc9e","geometry":{"type":"Point","coordinates":[-96.95800538599104,28.063160022626974]},"properties":{"substrate":"Mud","lease_number":null,"poll_year":2025}},{"type":"Feature","id":"f6761591-0346-4e89-95ca-90ec44c491ad","geometry":{"type":"Point","coordinates":[-96.9578317048157,28.064345417991166]},"properties":{"substrate":"Mud","lease_number":null,"poll_year":2025}},{"type":"Feature","id":"f679dc3f-fe1d-4c40-afe9-229358d71eee","geometry":{"type":"Point","coordinates":[-96.94800635085294,28.068392687462342]},"properties":{"substrate":"Firm/Hard Bottom","lease_number":null,"poll_year":2025}},{"type":"Feature","id":"f697cc62-f8b6-45b1-966b-8cd397fdb9bb","geometry":{"type":"Point","coordinates":[-96.96143191531921,28.07117991332677]},"properties":{"substrate":"Mud","lease_number":null,"poll_year":2025}},{"type":"Feature","id":"f6aa9bf1-c863-4555-bf44-230efe948fd4","geometry":{"type":"Point","coordinates":[-96.95148873023894,28.06042525865966]},"properties":{"substrate":"Mud","lease_number":null,"poll_year":2025}},{"type":"Feature","id":"f6d5c548-7f3e-4788-babc-d230bfb65b33","geometry":{"type":"Point","coordinates":[-96.95137652437174,28.05909911297326]},"properties":{"substrate":"Solid Reef","lease_number":null,"poll_year":2025}},{"type":"Feature","id":"f7030264-9de1-40b3-ac52-2058b5d2da6a","geometry":{"type":"Point","coordinates":[-96.95391849970763,28.064159464366476]},"properties":{"substrate":"Solid Reef","lease_number":null,"poll_year":2025}},{"type":"Feature","id":"f7044497-026c-4d57-b8c0-fa317b949efd","geometry":{"type":"Point","coordinates":[-96.94836659234986,28.070772386603057]},"properties":{"substrate":"Mud","lease_number":null,"poll_year":2025}},{"type":"Feature","id":"f735a3cc-b805-45da-9f60-c787937f45d4","geometry":{"type":"Point","coordinates":[-96.94541419293031,28.069267754274062]},"properties":{"substrate":"Solid Reef","lease_number":null,"poll_year":2025}},{"type":"Feature","id":"f73782ff-3cb5-4c40-ba11-f71685250844","geometry":{"type":"Point","coordinates":[-96.955806684773,28.057659025454566]},"properties":{"substrate":"Solid Reef","lease_number":null,"poll_year":2025}},{"type":"Feature","id":"f73c2c05-9267-40e9-9253-b9bf483d3f50","geometry":{"type":"Point","coordinates":[-96.95162983760376,28.069384766716894]},"properties":{"substrate":"Buried Shell","lease_number":null,"poll_year":2025}},{"type":"Feature","id":"f73f3939-01ba-422c-b0e7-cd5287b4a9cd","geometry":{"type":"Point","coordinates":[-96.95455287918148,28.06425605787569]},"properties":{"substrate":"Mud","lease_number":null,"poll_year":2025}},{"type":"Feature","id":"f76c2f25-15cf-4c25-aeb3-0f6b803c5624","geometry":{"type":"Point","coordinates":[-96.94959139493409,28.068907852684767]},"properties":{"substrate":"Firm/Hard Bottom","lease_number":null,"poll_year":2025}},{"type":"Feature","id":"f79ae61b-0cc8-489e-afa2-76273d16902a","geometry":{"type":"Point","coordinates":[-96.95511252780686,28.063300792567873]},"properties":{"substrate":"Mud","lease_number":null,"poll_year":2025}},{"type":"Feature","id":"f7a24811-4f53-44e6-94f6-68044425cf0f","geometry":{"type":"Point","coordinates":[-96.95126490151118,28.071883983700868]},"properties":{"substrate":"Buried Shell","lease_number":null,"poll_year":2025}},{"type":"Feature","id":"f7affb36-de2d-44fc-b941-8f49c3ce50f7","geometry":{"type":"Point","coordinates":[-96.9529710887983,28.06006300557044]},"properties":{"substrate":"Mud","lease_number":null,"poll_year":2025}},{"type":"Feature","id":"f7c2d298-50c5-40dc-8bba-a88cbf1f1a27","geometry":{"type":"Point","coordinates":[-96.94907501366437,28.06893038159496]},"properties":{"substrate":"Mud","lease_number":null,"poll_year":2025}},{"type":"Feature","id":"f82c05ba-9ab1-49f2-a43a-1fc24f55438b","geometry":{"type":"Point","coordinates":[-96.95592163948496,28.07106242487611]},"properties":{"substrate":"Mud","lease_number":null,"poll_year":2025}},{"type":"Feature","id":"f82ceed3-8755-40dd-8cfb-cab25dbbf504","geometry":{"type":"Point","coordinates":[-96.95388497547954,28.05620479895207]},"properties":{"substrate":"Solid Reef","lease_number":null,"poll_year":2025}},{"type":"Feature","id":"f87484d8-86bd-4a4d-b141-5728c3a86da0","geometry":{"type":"Point","coordinates":[-96.95421954312565,28.06580331068555]},"properties":{"substrate":"Mud","lease_number":null,"poll_year":2025}},{"type":"Feature","id":"f8801565-69ef-4dcd-82cc-0f893d3b64ed","geometry":{"type":"Point","coordinates":[-96.95346081256194,28.055890727102522]},"properties":{"substrate":"Solid Reef","lease_number":null,"poll_year":2025}},{"type":"Feature","id":"f888815c-6e05-406f-9fdb-da60016bd390","geometry":{"type":"Point","coordinates":[-96.95561808527572,28.060619208557256]},"properties":{"substrate":"Solid Reef","lease_number":null,"poll_year":2025}},{"type":"Feature","id":"f892fe44-2031-4be6-ba25-2bd62bbd396c","geometry":{"type":"Point","coordinates":[-96.95007012781025,28.0590521571935]},"properties":{"substrate":"Solid Reef","lease_number":null,"poll_year":2025}},{"type":"Feature","id":"f8acc77d-71fd-4695-b118-d8ce8e3bb536","geometry":{"type":"Point","coordinates":[-96.94782382306865,28.070498301922992]},"properties":{"substrate":"Firm/Hard Bottom","lease_number":null,"poll_year":2025}},{"type":"Feature","id":"f8ad2d08-824f-446f-a53a-39b8ed39d008","geometry":{"type":"Point","coordinates":[-96.95402435268913,28.062933209532506]},"properties":{"substrate":"Mud","lease_number":null,"poll_year":2025}},{"type":"Feature","id":"f8ece0dd-ed00-41d6-9952-39d4d004d0d6","geometry":{"type":"Point","coordinates":[-96.95089691473987,28.06030460262786]},"properties":{"substrate":"Mud","lease_number":null,"poll_year":2025}},{"type":"Feature","id":"f90a2238-4edd-44db-bcf2-a52498f02e3e","geometry":{"type":"Point","coordinates":[-96.95605506805074,28.05509088256858]},"properties":{"substrate":"Solid Reef","lease_number":null,"poll_year":2025}},{"type":"Feature","id":"f90fd140-48a3-4adf-be2d-fdb056ea1a65","geometry":{"type":"Point","coordinates":[-96.96194401431997,28.06964748602208]},"properties":{"substrate":"Mud","lease_number":null,"poll_year":2025}},{"type":"Feature","id":"f9265238-4a74-4093-a0b7-66534fdb839e","geometry":{"type":"Point","coordinates":[-96.96056109297437,28.070834422850826]},"properties":{"substrate":"Mud","lease_number":null,"poll_year":2025}},{"type":"Feature","id":"f92d2356-7cf8-4565-8750-985616298203","geometry":{"type":"Point","coordinates":[-96.94935048384289,28.0666406387602]},"properties":{"substrate":"Mud","lease_number":null,"poll_year":2025}},{"type":"Feature","id":"f92e7a86-b2ea-40da-80bf-49457079121a","geometry":{"type":"Point","coordinates":[-96.95387009668349,28.062127489533776]},"properties":{"substrate":"Mud","lease_number":null,"poll_year":2025}},{"type":"Feature","id":"f94e2039-0883-408a-b782-5b5bacb39f98","geometry":{"type":"Point","coordinates":[-96.95600682762166,28.069305159651503]},"properties":{"substrate":"Mud","lease_number":null,"poll_year":2025}},{"type":"Feature","id":"f981a82c-77e1-499f-8bef-3b661a66e5e1","geometry":{"type":"Point","coordinates":[-96.95021844056197,28.068327491047423]},"properties":{"substrate":"Solid Reef","lease_number":null,"poll_year":2025}},{"type":"Feature","id":"f99e20c1-1743-4151-8f20-9e9b2fee88f2","geometry":{"type":"Point","coordinates":[-96.95021035662272,28.068816225397526]},"properties":{"substrate":"Buried Shell","lease_number":null,"poll_year":2025}},{"type":"Feature","id":"f9ebdbc5-9419-4f70-b1eb-1bd35f017594","geometry":{"type":"Point","coordinates":[-96.95583294432538,28.0549241468941]},"properties":{"substrate":"Solid Reef","lease_number":null,"poll_year":2025}},{"type":"Feature","id":"fa089a91-247d-41c0-8e4b-34b412ae08c8","geometry":{"type":"Point","coordinates":[-96.94582117826306,28.069471750948537]},"properties":{"substrate":"Solid Reef","lease_number":null,"poll_year":2025}},{"type":"Feature","id":"fa6ce007-486c-41b6-a2b1-bd08fb63d0f3","geometry":{"type":"Point","coordinates":[-96.95013165881393,28.071673591061895]},"properties":{"substrate":"Solid Reef","lease_number":null,"poll_year":2025}},{"type":"Feature","id":"faa541d0-a59b-4c93-aa3c-7cbccb93bb25","geometry":{"type":"Point","coordinates":[-96.95534540436617,28.066814831166482]},"properties":{"substrate":"Buried Shell","lease_number":null,"poll_year":2025}},{"type":"Feature","id":"faecd6b5-efe0-460d-a4bc-141ab6bc69ae","geometry":{"type":"Point","coordinates":[-96.95196353747731,28.068436336935417]},"properties":{"substrate":"Mud","lease_number":null,"poll_year":2025}},{"type":"Feature","id":"faf1d8f8-4548-4e99-bcf2-c3f028cab8e6","geometry":{"type":"Point","coordinates":[-96.95852814889254,28.068123739511407]},"properties":{"substrate":"Solid Reef","lease_number":null,"poll_year":2025}},{"type":"Feature","id":"fb125f85-b58d-457f-9c2e-e11a97804a6c","geometry":{"type":"Point","coordinates":[-96.95890482327094,28.058812515369056]},"properties":{"substrate":"Solid Reef","lease_number":null,"poll_year":2025}},{"type":"Feature","id":"fb1697d8-65a6-4b1c-9fb7-4cfc32471897","geometry":{"type":"Point","coordinates":[-96.9543105819898,28.062013993569867]},"properties":{"substrate":"Solid Reef","lease_number":null,"poll_year":2025}},{"type":"Feature","id":"fb3fac15-2c81-4eca-b426-8e71b0fb39de","geometry":{"type":"Point","coordinates":[-96.95234196626546,28.06996217557165]},"properties":{"substrate":"Buried Shell","lease_number":null,"poll_year":2025}},{"type":"Feature","id":"fb58bd6a-8d08-48a2-961b-b43d194dca3e","geometry":{"type":"Point","coordinates":[-96.94867098199228,28.06777938778084]},"properties":{"substrate":"Buried Shell","lease_number":null,"poll_year":2025}},{"type":"Feature","id":"fb61a81b-6d3d-41c4-a198-1db6ebee8b7f","geometry":{"type":"Point","coordinates":[-96.95324162453093,28.053667789873742]},"properties":{"substrate":"Mud","lease_number":null,"poll_year":2025}},{"type":"Feature","id":"fb71b5ed-0cb6-4221-94b8-c94a18c455be","geometry":{"type":"Point","coordinates":[-96.96137173089012,28.062899951731303]},"properties":{"substrate":"Solid Reef","lease_number":null,"poll_year":2025}},{"type":"Feature","id":"fb87e56c-5267-41af-bc60-30f51a8c5694","geometry":{"type":"Point","coordinates":[-96.95245187334385,28.069473610513352]},"properties":{"substrate":"Buried Shell","lease_number":null,"poll_year":2025}},{"type":"Feature","id":"fbb44f8f-0762-4fac-adab-8cd7dd30f071","geometry":{"type":"Point","coordinates":[-96.94344399976434,28.06803090036492]},"properties":{"substrate":"Solid Reef","lease_number":null,"poll_year":2025}},{"type":"Feature","id":"fbe42fc9-7731-4aab-914c-918bdc1b9014","geometry":{"type":"Point","coordinates":[-96.95097593773878,28.057709754493253]},"properties":{"substrate":"Solid Reef","lease_number":null,"poll_year":2025}},{"type":"Feature","id":"fc278d3c-e0d8-41d5-a524-4041a5de04cc","geometry":{"type":"Point","coordinates":[-96.94681117560508,28.069677220775507]},"properties":{"substrate":"Firm/Hard Bottom","lease_number":null,"poll_year":2025}},{"type":"Feature","id":"fc437fdc-fe2f-4e01-bd28-ef3f8c70840f","geometry":{"type":"Point","coordinates":[-96.9577944247314,28.071010631280714]},"properties":{"substrate":"Mud","lease_number":null,"poll_year":2025}},{"type":"Feature","id":"fc947786-4f3e-49ba-b208-06d321ac05cc","geometry":{"type":"Point","coordinates":[-96.95537411362434,28.064297199367697]},"properties":{"substrate":"Mud","lease_number":null,"poll_year":2025}},{"type":"Feature","id":"fcbfd64f-0493-419c-ab7f-d13160b9593b","geometry":{"type":"Point","coordinates":[-96.95169299635475,28.05829629339145]},"properties":{"substrate":"Solid Reef","lease_number":null,"poll_year":2025}},{"type":"Feature","id":"fd4775cd-83db-4fdc-ab6e-4785cb10d043","geometry":{"type":"Point","coordinates":[-96.9599396438507,28.060884503426166]},"properties":{"substrate":"Solid Reef","lease_number":null,"poll_year":2025}},{"type":"Feature","id":"fd4acb85-662b-4905-b39a-438f18a88b74","geometry":{"type":"Point","coordinates":[-96.95425799191811,28.05647939811545]},"properties":{"substrate":"Solid Reef","lease_number":null,"poll_year":2025}},{"type":"Feature","id":"fd4ddf2a-e52a-4ed7-bc19-593cc06162b6","geometry":{"type":"Point","coordinates":[-96.95915595898673,28.061032013637856]},"properties":{"substrate":"Solid Reef","lease_number":null,"poll_year":2025}},{"type":"Feature","id":"fd7f63c7-908a-4785-acf7-3091e9cc6b33","geometry":{"type":"Point","coordinates":[-96.95988205285784,28.07095545069934]},"properties":{"substrate":"Solid Reef","lease_number":null,"poll_year":2025}},{"type":"Feature","id":"fdab523c-b60a-498e-b6eb-21b5aeb5835a","geometry":{"type":"Point","coordinates":[-96.95295649386986,28.07170831728175]},"properties":{"substrate":"Buried Shell","lease_number":null,"poll_year":2025}},{"type":"Feature","id":"fdb0d23a-ed48-40c2-bc34-bc94f907c8b1","geometry":{"type":"Point","coordinates":[-96.94732267003964,28.069933888275926]},"properties":{"substrate":"Firm/Hard Bottom","lease_number":null,"poll_year":2025}},{"type":"Feature","id":"fdb151f2-6664-452b-8afa-80d0b4067617","geometry":{"type":"Point","coordinates":[-96.95716998331953,28.06195076950817]},"properties":{"substrate":"Solid Reef","lease_number":null,"poll_year":2025}},{"type":"Feature","id":"fdb738b1-55aa-4c8d-a6c8-8f02b8f98072","geometry":{"type":"Point","coordinates":[-96.95842085860659,28.07026285019184]},"properties":{"substrate":"Mud","lease_number":null,"poll_year":2025}},{"type":"Feature","id":"fdbd0d3f-9c00-411c-b71f-eff9dfd5a111","geometry":{"type":"Point","coordinates":[-96.94747529470472,28.067343931150468]},"properties":{"substrate":"Mud","lease_number":null,"poll_year":2025}},{"type":"Feature","id":"fdd74676-2f8e-41f4-958f-110748d30b78","geometry":{"type":"Point","coordinates":[-96.94363179976102,28.069493399895446]},"properties":{"substrate":"Scattered Shell","lease_number":null,"poll_year":2025}},{"type":"Feature","id":"fdf7ae06-30a9-4ac5-9c58-10e256d67ce8","geometry":{"type":"Point","coordinates":[-96.95243066052673,28.055355186657852]},"properties":{"substrate":"Solid Reef","lease_number":null,"poll_year":2025}},{"type":"Feature","id":"fe3dd473-fa4c-4e98-a2c7-f8e4a5ce14f5","geometry":{"type":"Point","coordinates":[-96.94462140004768,28.064705599619796]},"properties":{"substrate":"Scattered Shell","lease_number":null,"poll_year":2025}},{"type":"Feature","id":"fe439504-30b0-4c62-9201-ff430d5881bb","geometry":{"type":"Point","coordinates":[-96.95671178413414,28.064202939581442]},"properties":{"substrate":"Mud","lease_number":null,"poll_year":2025}},{"type":"Feature","id":"fe4cabc3-90ab-4914-b021-9ca4b030f330","geometry":{"type":"Point","coordinates":[-96.94831474967647,28.067295496681016]},"properties":{"substrate":"Buried Shell","lease_number":null,"poll_year":2025}},{"type":"Feature","id":"fe73c144-d2c7-4f30-80fb-cf9650a8e36e","geometry":{"type":"Point","coordinates":[-96.95795418112154,28.068745673244674]},"properties":{"substrate":"Buried Shell","lease_number":null,"poll_year":2025}},{"type":"Feature","id":"fe83b49d-7a2f-4574-8ab7-0bfb65f4725d","geometry":{"type":"Point","coordinates":[-96.94608460472854,28.06931505515116]},"properties":{"substrate":"Firm/Hard Bottom","lease_number":null,"poll_year":2025}},{"type":"Feature","id":"fea922ff-1e18-4118-ab35-0b5a95f1aa63","geometry":{"type":"Point","coordinates":[-96.95420414151009,28.06695162978941]},"properties":{"substrate":"Buried Shell","lease_number":null,"poll_year":2025}},{"type":"Feature","id":"ff0bd44c-673a-4bd8-9991-747f04d708d2","geometry":{"type":"Point","coordinates":[-96.95863965407382,28.067547870442066]},"properties":{"substrate":"Buried Shell","lease_number":null,"poll_year":2025}},{"type":"Feature","id":"ff4eadd9-e42c-4866-b578-b7703969a284","geometry":{"type":"Point","coordinates":[-96.95103773374548,28.059400752614515]},"properties":{"substrate":"Mud","lease_number":null,"poll_year":2025}},{"type":"Feature","id":"ff5a8ad0-59d6-4cc1-a84f-b752cbd2dda4","geometry":{"type":"Point","coordinates":[-96.95244135946177,28.055136641426913]},"properties":{"substrate":"Solid Reef","lease_number":null,"poll_year":2025}},{"type":"Feature","id":"ff67156b-5819-4551-81d7-2c5d9cb41002","geometry":{"type":"Point","coordinates":[-96.94974439958654,28.061593399907093]},"properties":{"substrate":"Mud","lease_number":null,"poll_year":2025}},{"type":"Feature","id":"ff776575-0a9b-40bf-be04-491043f31e81","geometry":{"type":"Point","coordinates":[-96.95106860165528,28.063404345946026]},"properties":{"substrate":"Mud","lease_number":null,"poll_year":2025}},{"type":"Feature","id":"ff8c7dff-3037-400f-ac19-6148417f4e0d","geometry":{"type":"Point","coordinates":[-96.96282420878818,28.063106903791034]},"properties":{"substrate":"Solid Reef","lease_number":null,"poll_year":2025}},{"type":"Feature","id":"ffbbfcae-9275-48cc-bd4d-5462ba409365","geometry":{"type":"Point","coordinates":[-96.96495998122396,28.060053248738026]},"properties":{"substrate":"Mud","lease_number":null,"poll_year":2025}},{"type":"Feature","id":"ffef0788-3ebe-43c9-bbe4-75200daf1a97","geometry":{"type":"Point","coordinates":[-96.94950935629076,28.068267899507955]},"properties":{"substrate":"Mud","lease_number":null,"poll_year":2025}}]}