{"type":"FeatureCollection","features":[{"type":"Feature","id":"000f4ec2-b130-49e5-a198-fe2464186ab3","geometry":{"type":"Point","coordinates":[-94.82970303559694,29.513366709932104]},"properties":{"substrate":"Mud","lease_number":null,"poll_year":2025}},{"type":"Feature","id":"0014f521-6fde-40a8-aa39-44867b1beed2","geometry":{"type":"Point","coordinates":[-94.81619487643016,29.51356377734161]},"properties":{"substrate":"Mud","lease_number":null,"poll_year":2025}},{"type":"Feature","id":"002d1d80-0dd9-447f-b58f-daedffe9d5f5","geometry":{"type":"Point","coordinates":[-94.8265131162264,29.51598682730721]},"properties":{"substrate":"Mud","lease_number":null,"poll_year":2025}},{"type":"Feature","id":"00428261-e748-4bfb-8447-bed247a0d3c3","geometry":{"type":"Point","coordinates":[-94.82717792972376,29.513073235638846]},"properties":{"substrate":"Mud","lease_number":null,"poll_year":2025}},{"type":"Feature","id":"00526a1f-e273-41cd-96b4-2a85676e90a8","geometry":{"type":"Point","coordinates":[-94.8221627693415,29.511593053927943]},"properties":{"substrate":"Mud","lease_number":null,"poll_year":2025}},{"type":"Feature","id":"00629657-d5d4-4ca2-aee0-291f8ef469d9","geometry":{"type":"Point","coordinates":[-94.82683155192662,29.510133935061308]},"properties":{"substrate":"Mud","lease_number":null,"poll_year":2025}},{"type":"Feature","id":"0066463e-3754-4f48-ab65-359bf7302955","geometry":{"type":"Point","coordinates":[-94.81756505337682,29.516104760645216]},"properties":{"substrate":"Mud","lease_number":null,"poll_year":2025}},{"type":"Feature","id":"0068c35f-7949-4547-a746-a42b75ad0345","geometry":{"type":"Point","coordinates":[-94.82715844616357,29.51050327487571]},"properties":{"substrate":"Mud","lease_number":null,"poll_year":2025}},{"type":"Feature","id":"0073e024-4e19-4fdf-9a6e-5c892b28465b","geometry":{"type":"Point","coordinates":[-94.82346985401252,29.51181970669008]},"properties":{"substrate":"Mud","lease_number":null,"poll_year":2025}},{"type":"Feature","id":"008241bd-a4ca-4989-adf2-1b126ff146af","geometry":{"type":"Point","coordinates":[-94.83031534436257,29.508119448229102]},"properties":{"substrate":"Mud","lease_number":null,"poll_year":2025}},{"type":"Feature","id":"00904b50-1252-4446-ac65-005e79776de9","geometry":{"type":"Point","coordinates":[-94.82838939142772,29.516018500671525]},"properties":{"substrate":"Mud","lease_number":null,"poll_year":2025}},{"type":"Feature","id":"00994f2e-0511-4b6a-ac06-c50ef3447bb6","geometry":{"type":"Point","coordinates":[-94.8202156844379,29.514128801331175]},"properties":{"substrate":"Mud","lease_number":null,"poll_year":2025}},{"type":"Feature","id":"00d1c39b-8e9e-4407-8af3-c939fb23de9c","geometry":{"type":"Point","coordinates":[-94.81564944544078,29.513245965352073]},"properties":{"substrate":"Buried Shell","lease_number":null,"poll_year":2025}},{"type":"Feature","id":"00e0bcaa-f602-491b-a915-cf885784324e","geometry":{"type":"Point","coordinates":[-94.81743461260768,29.51356512429524]},"properties":{"substrate":"Mud","lease_number":null,"poll_year":2025}},{"type":"Feature","id":"00fe922f-030c-460e-8a73-9cd9aef82440","geometry":{"type":"Point","coordinates":[-94.83111236381862,29.51122156588482]},"properties":{"substrate":"Mud","lease_number":null,"poll_year":2025}},{"type":"Feature","id":"016e14d4-9f34-4bc2-b937-32c764808962","geometry":{"type":"Point","coordinates":[-94.82866641209841,29.510896891984654]},"properties":{"substrate":"Mud","lease_number":null,"poll_year":2025}},{"type":"Feature","id":"01857990-f213-4de8-bb7f-9e9a2c269937","geometry":{"type":"Point","coordinates":[-94.8247256502707,29.511299342307453]},"properties":{"substrate":"Mud","lease_number":null,"poll_year":2025}},{"type":"Feature","id":"01939dba-fa93-45c4-a6a1-0ca5d62547b5","geometry":{"type":"Point","coordinates":[-94.81664645413358,29.51573632462777]},"properties":{"substrate":"Mud","lease_number":null,"poll_year":2025}},{"type":"Feature","id":"0193c385-6cdb-4b3a-901c-5c8a3b235c35","geometry":{"type":"Point","coordinates":[-94.82144001720324,29.511068906184907]},"properties":{"substrate":"Mud","lease_number":null,"poll_year":2025}},{"type":"Feature","id":"01ba774b-2dce-4d0c-a399-00b0517c2348","geometry":{"type":"Point","coordinates":[-94.82272502667448,29.50972333866166]},"properties":{"substrate":"Mud","lease_number":null,"poll_year":2025}},{"type":"Feature","id":"01e3e4e1-a77c-4bb0-956d-84e3f5ea784a","geometry":{"type":"Point","coordinates":[-94.81552007636178,29.515955595610734]},"properties":{"substrate":"Mud","lease_number":null,"poll_year":2025}},{"type":"Feature","id":"01e7fa27-0e3f-429b-b7a1-b154770051a1","geometry":{"type":"Point","coordinates":[-94.82793985559493,29.508319213646985]},"properties":{"substrate":"Mud","lease_number":null,"poll_year":2025}},{"type":"Feature","id":"01f7c957-1323-4a6e-acd4-ef3a8bc80505","geometry":{"type":"Point","coordinates":[-94.81235242263386,29.505094316979836]},"properties":{"substrate":"Buried Shell","lease_number":null,"poll_year":2025}},{"type":"Feature","id":"01f92c61-da41-488a-82df-3be233fbe5c3","geometry":{"type":"Point","coordinates":[-94.83161577790723,29.506234697227917]},"properties":{"substrate":"Mud","lease_number":null,"poll_year":2025}},{"type":"Feature","id":"021a086f-937d-49ac-92da-c1f98a8c331e","geometry":{"type":"Point","coordinates":[-94.81205938859492,29.505735976680658]},"properties":{"substrate":"Buried Shell","lease_number":null,"poll_year":2025}},{"type":"Feature","id":"0227080a-fd0f-4b3c-af72-714784d876ab","geometry":{"type":"Point","coordinates":[-94.8261597351633,29.512464511771725]},"properties":{"substrate":"Mud","lease_number":null,"poll_year":2025}},{"type":"Feature","id":"0239c4ba-d248-4b87-a9de-f3889c2cd985","geometry":{"type":"Point","coordinates":[-94.82572551380946,29.514205363816558]},"properties":{"substrate":"Mud","lease_number":null,"poll_year":2025}},{"type":"Feature","id":"023ac59b-c81b-45bb-84c8-43f57ec0e701","geometry":{"type":"Point","coordinates":[-94.8130618680278,29.514087487677813]},"properties":{"substrate":"Mud","lease_number":null,"poll_year":2025}},{"type":"Feature","id":"023f0a55-376f-4f1a-a9b1-95965d4b5649","geometry":{"type":"Point","coordinates":[-94.82162789804829,29.514676623877218]},"properties":{"substrate":"Mud","lease_number":null,"poll_year":2025}},{"type":"Feature","id":"0242553f-6160-44a5-b784-7ddcb7b5e9a6","geometry":{"type":"Point","coordinates":[-94.82293355529632,29.51125662422762]},"properties":{"substrate":"Mud","lease_number":null,"poll_year":2025}},{"type":"Feature","id":"024401a6-0a9d-41f5-8bcc-f699ffcf2f61","geometry":{"type":"Point","coordinates":[-94.82143054626522,29.51474977130823]},"properties":{"substrate":"Mud","lease_number":null,"poll_year":2025}},{"type":"Feature","id":"026b97f6-466c-4d27-93c7-4592b4387bca","geometry":{"type":"Point","coordinates":[-94.82592232570505,29.510237155182914]},"properties":{"substrate":"Mud","lease_number":null,"poll_year":2025}},{"type":"Feature","id":"026d79dc-8360-429b-bdf7-8dbbc86c74bb","geometry":{"type":"Point","coordinates":[-94.83169407955896,29.506444440621532]},"properties":{"substrate":"Mud","lease_number":null,"poll_year":2025}},{"type":"Feature","id":"027c6941-2006-48c1-98e9-5502b5068ecc","geometry":{"type":"Point","coordinates":[-94.81259353674433,29.514296188372047]},"properties":{"substrate":"Mud","lease_number":null,"poll_year":2025}},{"type":"Feature","id":"02863052-2b34-4ac4-b429-34bbdf717ce4","geometry":{"type":"Point","coordinates":[-94.83281233386566,29.50840673338988]},"properties":{"substrate":"Mud","lease_number":null,"poll_year":2025}},{"type":"Feature","id":"032ba0e0-5d0d-4dc5-9784-a324a6340216","geometry":{"type":"Point","coordinates":[-94.82795996887414,29.5117193478725]},"properties":{"substrate":"Mud","lease_number":null,"poll_year":2025}},{"type":"Feature","id":"03347fad-a57f-4a99-a65f-d367c22b88e7","geometry":{"type":"Point","coordinates":[-94.83149699727046,29.50917648529841]},"properties":{"substrate":"Mud","lease_number":null,"poll_year":2025}},{"type":"Feature","id":"036b8cbf-30e6-4999-968b-e7cedcb4b1d0","geometry":{"type":"Point","coordinates":[-94.81329662296437,29.50522155564462]},"properties":{"substrate":"Mud","lease_number":null,"poll_year":2025}},{"type":"Feature","id":"03745f07-715e-4601-922c-4177053db693","geometry":{"type":"Point","coordinates":[-94.82793456272127,29.515322497370928]},"properties":{"substrate":"Mud","lease_number":null,"poll_year":2025}},{"type":"Feature","id":"038af1d2-8146-4d77-bc2b-2730b83c14ce","geometry":{"type":"Point","coordinates":[-94.83190677636372,29.508483099283772]},"properties":{"substrate":"Mud","lease_number":null,"poll_year":2025}},{"type":"Feature","id":"03c83848-0df9-401e-aeca-b95079067712","geometry":{"type":"Point","coordinates":[-94.81350735066205,29.506710538230692]},"properties":{"substrate":"Buried Shell","lease_number":null,"poll_year":2025}},{"type":"Feature","id":"03df6889-51fb-4d08-87b5-be15e05d1586","geometry":{"type":"Point","coordinates":[-94.83055126800734,29.51270235732529]},"properties":{"substrate":"Mud","lease_number":null,"poll_year":2025}},{"type":"Feature","id":"03f1a384-a3ec-4614-91bf-a37be1f02644","geometry":{"type":"Point","coordinates":[-94.83239259155758,29.507485388619497]},"properties":{"substrate":"Mud","lease_number":null,"poll_year":2025}},{"type":"Feature","id":"03f5ac29-74c6-4081-8c0e-014dc85a899f","geometry":{"type":"Point","coordinates":[-94.82374502056045,29.5114495297176]},"properties":{"substrate":"Mud","lease_number":null,"poll_year":2025}},{"type":"Feature","id":"03fb6384-2c3e-4292-8738-4e5757e0ad0e","geometry":{"type":"Point","coordinates":[-94.83109121208695,29.50858551662931]},"properties":{"substrate":"Mud","lease_number":null,"poll_year":2025}},{"type":"Feature","id":"04093fb5-05fe-4d7b-891e-2a0c6aed99b3","geometry":{"type":"Point","coordinates":[-94.83395740917182,29.507087415351673]},"properties":{"substrate":"Mud","lease_number":null,"poll_year":2025}},{"type":"Feature","id":"0421dca2-c2fa-405f-99de-2ea9b0117ef4","geometry":{"type":"Point","coordinates":[-94.82093635158638,29.511823914917816]},"properties":{"substrate":"Mud","lease_number":null,"poll_year":2025}},{"type":"Feature","id":"0425ae88-8741-4af8-a456-df96c52f2804","geometry":{"type":"Point","coordinates":[-94.83217039506867,29.50679765360939]},"properties":{"substrate":"Mud","lease_number":null,"poll_year":2025}},{"type":"Feature","id":"04318422-b6cf-460a-8a05-00c6070e18bd","geometry":{"type":"Point","coordinates":[-94.82915848495654,29.50914992969113]},"properties":{"substrate":"Mud","lease_number":null,"poll_year":2025}},{"type":"Feature","id":"043c3d67-7fae-4643-bb36-49655aabbfca","geometry":{"type":"Point","coordinates":[-94.83012224340742,29.511299616707504]},"properties":{"substrate":"Mud","lease_number":null,"poll_year":2025}},{"type":"Feature","id":"0448df24-d4d8-43c4-8343-42b397fa0f12","geometry":{"type":"Point","coordinates":[-94.82644327131473,29.512858974930115]},"properties":{"substrate":"Mud","lease_number":null,"poll_year":2025}},{"type":"Feature","id":"046c7316-0612-49e4-960a-fa397208080b","geometry":{"type":"Point","coordinates":[-94.82837317593854,29.507876997309822]},"properties":{"substrate":"Mud","lease_number":null,"poll_year":2025}},{"type":"Feature","id":"04a41fce-f0ad-4020-b761-c24be08dfb33","geometry":{"type":"Point","coordinates":[-94.82356576803372,29.509901451938017]},"properties":{"substrate":"Mud","lease_number":null,"poll_year":2025}},{"type":"Feature","id":"04a736e9-32a3-4027-8856-b65a39b81511","geometry":{"type":"Point","coordinates":[-94.82780146743046,29.509185651703344]},"properties":{"substrate":"Mud","lease_number":null,"poll_year":2025}},{"type":"Feature","id":"04bd88e8-d475-4543-9ecb-9bdd2011fffc","geometry":{"type":"Point","coordinates":[-94.82618418461038,29.511418424048813]},"properties":{"substrate":"Mud","lease_number":null,"poll_year":2025}},{"type":"Feature","id":"04cc8ae8-8ed6-466b-aa2e-d8251256b57a","geometry":{"type":"Point","coordinates":[-94.8185280473614,29.5141652228111]},"properties":{"substrate":"Buried Shell","lease_number":null,"poll_year":2025}},{"type":"Feature","id":"04cfbfb0-696f-4133-8f8b-b60561693ff1","geometry":{"type":"Point","coordinates":[-94.81404546038186,29.514460714741606]},"properties":{"substrate":"Buried Shell","lease_number":null,"poll_year":2025}},{"type":"Feature","id":"04dff999-a97a-461f-9e44-66733d5f6b39","geometry":{"type":"Point","coordinates":[-94.82929044208188,29.5124531887944]},"properties":{"substrate":"Mud","lease_number":null,"poll_year":2025}},{"type":"Feature","id":"05125b60-1c6e-40be-b1b7-5456f7770533","geometry":{"type":"Point","coordinates":[-94.8314421919533,29.511104693970204]},"properties":{"substrate":"Mud","lease_number":null,"poll_year":2025}},{"type":"Feature","id":"0513747a-fdcb-4e35-9045-5219c1d758a6","geometry":{"type":"Point","coordinates":[-94.82438480070579,29.511676260195742]},"properties":{"substrate":"Mud","lease_number":null,"poll_year":2025}},{"type":"Feature","id":"0520c789-7267-4a8e-9267-d0d99cac35db","geometry":{"type":"Point","coordinates":[-94.82467603092765,29.512550672364245]},"properties":{"substrate":"Mud","lease_number":null,"poll_year":2025}},{"type":"Feature","id":"054a8b5a-4eb9-490d-8e0b-f8b7c9564351","geometry":{"type":"Point","coordinates":[-94.824672213986,29.5099827653512]},"properties":{"substrate":"Mud","lease_number":null,"poll_year":2025}},{"type":"Feature","id":"0553542e-2a75-4b6d-8232-4f2c9ca2bc54","geometry":{"type":"Point","coordinates":[-94.81230213135099,29.51440570665813]},"properties":{"substrate":"Mud","lease_number":null,"poll_year":2025}},{"type":"Feature","id":"056825c3-50ee-4430-94aa-ce7f39ac54ee","geometry":{"type":"Point","coordinates":[-94.82220228533254,29.51074190837212]},"properties":{"substrate":"Mud","lease_number":null,"poll_year":2025}},{"type":"Feature","id":"0568b19e-e5c8-49ab-815c-4f0ae154d303","geometry":{"type":"Point","coordinates":[-94.82753631799625,29.515790872329653]},"properties":{"substrate":"Mud","lease_number":null,"poll_year":2025}},{"type":"Feature","id":"0569987f-2ade-42a0-b1fb-681185661d56","geometry":{"type":"Point","coordinates":[-94.83194784284694,29.50948939970175]},"properties":{"substrate":"Mud","lease_number":null,"poll_year":2025}},{"type":"Feature","id":"056a02d5-8525-456e-b12c-41f74034eddb","geometry":{"type":"Point","coordinates":[-94.83247170887961,29.506677434382734]},"properties":{"substrate":"Mud","lease_number":null,"poll_year":2025}},{"type":"Feature","id":"0574b33b-9b4a-40b6-8601-ff300d61bc32","geometry":{"type":"Point","coordinates":[-94.8317468133611,29.510110198788553]},"properties":{"substrate":"Mud","lease_number":null,"poll_year":2025}},{"type":"Feature","id":"05831cf6-e87a-42d2-9e56-7e53434467c4","geometry":{"type":"Point","coordinates":[-94.82302759992342,29.513533601040738]},"properties":{"substrate":"Mud","lease_number":null,"poll_year":2025}},{"type":"Feature","id":"05e6c7e9-5603-42cc-b33f-d5668c67590a","geometry":{"type":"Point","coordinates":[-94.82294471955868,29.513297737616163]},"properties":{"substrate":"Mud","lease_number":null,"poll_year":2025}},{"type":"Feature","id":"05f6a919-88d9-4c9c-88bf-b7b03bc4873e","geometry":{"type":"Point","coordinates":[-94.81269945081127,29.51610726530636]},"properties":{"substrate":"Buried Shell","lease_number":null,"poll_year":2025}},{"type":"Feature","id":"0610b831-a975-4348-a550-6eb23d325830","geometry":{"type":"Point","coordinates":[-94.82180727364423,29.51229910424212]},"properties":{"substrate":"Mud","lease_number":null,"poll_year":2025}},{"type":"Feature","id":"061e6921-de3e-4977-88da-4413e2bc4970","geometry":{"type":"Point","coordinates":[-94.81466375641887,29.51604096133893]},"properties":{"substrate":"Mud","lease_number":null,"poll_year":2025}},{"type":"Feature","id":"062d4b67-e2d0-4294-8266-4f376db6faf7","geometry":{"type":"Point","coordinates":[-94.81880789143703,29.513318829259667]},"properties":{"substrate":"Mud","lease_number":null,"poll_year":2025}},{"type":"Feature","id":"062f34f7-e44c-422a-b620-891525bf4606","geometry":{"type":"Point","coordinates":[-94.82917673063827,29.508610261765245]},"properties":{"substrate":"Mud","lease_number":null,"poll_year":2025}},{"type":"Feature","id":"063b031a-3c2a-4cc5-8ec8-fcdada1bd173","geometry":{"type":"Point","coordinates":[-94.82324345340808,29.514800933828074]},"properties":{"substrate":"Mud","lease_number":null,"poll_year":2025}},{"type":"Feature","id":"06531532-fd24-4f0b-9782-40290413fa8d","geometry":{"type":"Point","coordinates":[-94.82790006471943,29.5086242502851]},"properties":{"substrate":"Mud","lease_number":null,"poll_year":2025}},{"type":"Feature","id":"0660ed72-cb53-4d9f-b207-8ae44294ccc9","geometry":{"type":"Point","coordinates":[-94.8254012462464,29.511229174824386]},"properties":{"substrate":"Mud","lease_number":null,"poll_year":2025}},{"type":"Feature","id":"0679a11a-3f61-42ff-b32a-0afb94779000","geometry":{"type":"Point","coordinates":[-94.82573295275832,29.514726448876676]},"properties":{"substrate":"Mud","lease_number":null,"poll_year":2025}},{"type":"Feature","id":"0690b028-e425-4a49-8a9d-f05d89a0ff02","geometry":{"type":"Point","coordinates":[-94.83053470307348,29.5103657093637]},"properties":{"substrate":"Mud","lease_number":null,"poll_year":2025}},{"type":"Feature","id":"06c6488f-66e0-44e0-a397-292d695bd97a","geometry":{"type":"Point","coordinates":[-94.82847902892003,29.511210735281786]},"properties":{"substrate":"Mud","lease_number":null,"poll_year":2025}},{"type":"Feature","id":"06dccf19-29c1-4df2-8de0-f7448bf64295","geometry":{"type":"Point","coordinates":[-94.8216748350219,29.51072365323874]},"properties":{"substrate":"Mud","lease_number":null,"poll_year":2025}},{"type":"Feature","id":"06fbdfeb-05ca-424c-bb27-0827fb6f7c43","geometry":{"type":"Point","coordinates":[-94.8328669433501,29.5095369413294]},"properties":{"substrate":"Mud","lease_number":null,"poll_year":2025}},{"type":"Feature","id":"07026882-0316-41eb-b615-7f8e47d5d921","geometry":{"type":"Point","coordinates":[-94.82778328822405,29.507557170759828]},"properties":{"substrate":"Buried Shell","lease_number":null,"poll_year":2025}},{"type":"Feature","id":"0706eb0c-9930-458a-a73e-c71329796f07","geometry":{"type":"Point","coordinates":[-94.81341877857167,29.506061133089904]},"properties":{"substrate":"Mud","lease_number":null,"poll_year":2025}},{"type":"Feature","id":"0708b40f-cbd7-44a9-ba51-1332bfd9ba3b","geometry":{"type":"Point","coordinates":[-94.82267504531038,29.51028774068894]},"properties":{"substrate":"Mud","lease_number":null,"poll_year":2025}},{"type":"Feature","id":"0711c12b-3487-4ebe-bcb9-8efd89764ea9","geometry":{"type":"Point","coordinates":[-94.81725148295217,29.514502850634965]},"properties":{"substrate":"Mud","lease_number":null,"poll_year":2025}},{"type":"Feature","id":"071a3be8-17f9-4ca0-8125-9e51a51db7fa","geometry":{"type":"Point","coordinates":[-94.82089456734926,29.51274844103367]},"properties":{"substrate":"Mud","lease_number":null,"poll_year":2025}},{"type":"Feature","id":"07319eee-dafb-4cf8-848b-546b5b2c1a98","geometry":{"type":"Point","coordinates":[-94.82469709013286,29.51153881979659]},"properties":{"substrate":"Mud","lease_number":null,"poll_year":2025}},{"type":"Feature","id":"07640579-c005-43b9-a7b1-277bf3c4344a","geometry":{"type":"Point","coordinates":[-94.82483319388156,29.510164540006834]},"properties":{"substrate":"Mud","lease_number":null,"poll_year":2025}},{"type":"Feature","id":"0765142f-f79a-4700-aa7a-5e9fcbddd606","geometry":{"type":"Point","coordinates":[-94.82060080567494,29.511962349330442]},"properties":{"substrate":"Mud","lease_number":null,"poll_year":2025}},{"type":"Feature","id":"07751b79-c7d0-41ad-bfa3-9aa8407721b0","geometry":{"type":"Point","coordinates":[-94.82900701372827,29.50921488490695]},"properties":{"substrate":"Mud","lease_number":null,"poll_year":2025}},{"type":"Feature","id":"0789c94b-d3b8-46bb-a664-c4265a78cb88","geometry":{"type":"Point","coordinates":[-94.81432971069395,29.513553934338443]},"properties":{"substrate":"Buried Shell","lease_number":null,"poll_year":2025}},{"type":"Feature","id":"0790826a-8f60-4492-96b3-f952bc1c481f","geometry":{"type":"Point","coordinates":[-94.8168266570779,29.51543872026607]},"properties":{"substrate":"Mud","lease_number":null,"poll_year":2025}},{"type":"Feature","id":"0799f942-f74c-4279-a468-63a0393ee4f2","geometry":{"type":"Point","coordinates":[-94.82990706186257,29.508822941315113]},"properties":{"substrate":"Mud","lease_number":null,"poll_year":2025}},{"type":"Feature","id":"07c184d3-1014-42ce-aec7-ec11ecb54e9d","geometry":{"type":"Point","coordinates":[-94.81356450507369,29.514401173332782]},"properties":{"substrate":"Mud","lease_number":null,"poll_year":2025}},{"type":"Feature","id":"07c3642c-5b30-42ef-8a62-ba17d11d13b9","geometry":{"type":"Point","coordinates":[-94.82749083180184,29.509848352041608]},"properties":{"substrate":"Mud","lease_number":null,"poll_year":2025}},{"type":"Feature","id":"07d36821-651c-40f1-8136-e951a25d7e41","geometry":{"type":"Point","coordinates":[-94.82486280055669,29.50908821101802]},"properties":{"substrate":"Solid Reef","lease_number":null,"poll_year":2025}},{"type":"Feature","id":"07f2cdc0-ba16-4aea-b233-99fc77759403","geometry":{"type":"Point","coordinates":[-94.83023891839315,29.51048007733114]},"properties":{"substrate":"Mud","lease_number":null,"poll_year":2025}},{"type":"Feature","id":"07f9faf0-6492-434e-a2f8-fb08966ec2a8","geometry":{"type":"Point","coordinates":[-94.81494651373096,29.51432209925462]},"properties":{"substrate":"Mud","lease_number":null,"poll_year":2025}},{"type":"Feature","id":"08076c97-bdcf-4df3-8d4d-06741c72c36d","geometry":{"type":"Point","coordinates":[-94.82854243201278,29.515073491637825]},"properties":{"substrate":"Mud","lease_number":null,"poll_year":2025}},{"type":"Feature","id":"081ae27f-2b16-436e-bdd3-a2d79445e9ac","geometry":{"type":"Point","coordinates":[-94.8278874451863,29.51330283072471]},"properties":{"substrate":"Mud","lease_number":null,"poll_year":2025}},{"type":"Feature","id":"082add7a-12c5-49c6-9da9-7a5cffaa0c97","geometry":{"type":"Point","coordinates":[-94.8133857079928,29.506052713027895]},"properties":{"substrate":"Mud","lease_number":null,"poll_year":2025}},{"type":"Feature","id":"082d15de-2ed6-418d-bd5c-f6048ab90211","geometry":{"type":"Point","coordinates":[-94.82903624221268,29.512287281702328]},"properties":{"substrate":"Mud","lease_number":null,"poll_year":2025}},{"type":"Feature","id":"084fe0b0-2713-4171-aa9b-4ae9dcdcc57a","geometry":{"type":"Point","coordinates":[-94.82181758540538,29.510395569208935]},"properties":{"substrate":"Mud","lease_number":null,"poll_year":2025}},{"type":"Feature","id":"085a65ee-9d13-4ed5-aa03-875b3821e7e4","geometry":{"type":"Point","coordinates":[-94.8299138046171,29.50747712972592]},"properties":{"substrate":"Mud","lease_number":null,"poll_year":2025}},{"type":"Feature","id":"087b6354-7d73-44d4-8da5-a3bf598f4236","geometry":{"type":"Point","coordinates":[-94.83009793140258,29.51340707014431]},"properties":{"substrate":"Mud","lease_number":null,"poll_year":2025}},{"type":"Feature","id":"08b5899c-945d-4bd4-8d96-757a806bf761","geometry":{"type":"Point","coordinates":[-94.82882802171297,29.50767234871229]},"properties":{"substrate":"Mud","lease_number":null,"poll_year":2025}},{"type":"Feature","id":"08c80a47-076a-405f-82e2-2ac0821fa42f","geometry":{"type":"Point","coordinates":[-94.81596292603389,29.515785053899087]},"properties":{"substrate":"Mud","lease_number":null,"poll_year":2025}},{"type":"Feature","id":"090b2abb-733a-4345-b6e9-182c6e88de2d","geometry":{"type":"Point","coordinates":[-94.82784018032763,29.509412008870097]},"properties":{"substrate":"Mud","lease_number":null,"poll_year":2025}},{"type":"Feature","id":"091cab17-6f82-46b4-99d6-dc9333ff6ffd","geometry":{"type":"Point","coordinates":[-94.82685747910236,29.515828003805517]},"properties":{"substrate":"Mud","lease_number":null,"poll_year":2025}},{"type":"Feature","id":"095d5e8a-fe3a-420e-a5b0-c8ce7469c787","geometry":{"type":"Point","coordinates":[-94.82766316460594,29.50791844327563]},"properties":{"substrate":"Mud","lease_number":null,"poll_year":2025}},{"type":"Feature","id":"09722416-02f9-413a-9947-2d3c666c2e54","geometry":{"type":"Point","coordinates":[-94.82850435063126,29.51329019918967]},"properties":{"substrate":"Mud","lease_number":null,"poll_year":2025}},{"type":"Feature","id":"09762b71-e673-4d5d-b4e3-23f18c7cf90e","geometry":{"type":"Point","coordinates":[-94.82554144990605,29.51503528890451]},"properties":{"substrate":"Mud","lease_number":null,"poll_year":2025}},{"type":"Feature","id":"09d5a139-1dfa-4df1-9e76-6d966d8318b7","geometry":{"type":"Point","coordinates":[-94.81232985964887,29.51572662332945]},"properties":{"substrate":"Solid Reef","lease_number":null,"poll_year":2025}},{"type":"Feature","id":"09df2f28-f607-4c29-93af-07dbe72c1431","geometry":{"type":"Point","coordinates":[-94.82337890767482,29.512607901644316]},"properties":{"substrate":"Mud","lease_number":null,"poll_year":2025}},{"type":"Feature","id":"09ee7eeb-31e1-4527-b33e-ef506437885e","geometry":{"type":"Point","coordinates":[-94.83145300856764,29.51021919234233]},"properties":{"substrate":"Mud","lease_number":null,"poll_year":2025}},{"type":"Feature","id":"0a186711-bea1-4081-890f-c6ed6b6a2101","geometry":{"type":"Point","coordinates":[-94.82554438021052,29.51323129500161]},"properties":{"substrate":"Mud","lease_number":null,"poll_year":2025}},{"type":"Feature","id":"0a2e070f-b31c-4d88-a2e5-2442d107c223","geometry":{"type":"Point","coordinates":[-94.82266414335609,29.512921372993755]},"properties":{"substrate":"Mud","lease_number":null,"poll_year":2025}},{"type":"Feature","id":"0a3aeb85-8117-46db-a799-2423dc91e19c","geometry":{"type":"Point","coordinates":[-94.82564092484905,29.516035744073147]},"properties":{"substrate":"Mud","lease_number":null,"poll_year":2025}},{"type":"Feature","id":"0a417545-8233-4360-a362-9ade9bac7596","geometry":{"type":"Point","coordinates":[-94.82444658593273,29.513167647889173]},"properties":{"substrate":"Mud","lease_number":null,"poll_year":2025}},{"type":"Feature","id":"0a7992cb-b782-43c8-a47a-62dcce6d124a","geometry":{"type":"Point","coordinates":[-94.8227602352437,29.51210820871351]},"properties":{"substrate":"Mud","lease_number":null,"poll_year":2025}},{"type":"Feature","id":"0a95d774-541f-4ddf-a2df-4f9398d70c88","geometry":{"type":"Point","coordinates":[-94.82888706617997,29.515673166110123]},"properties":{"substrate":"Mud","lease_number":null,"poll_year":2025}},{"type":"Feature","id":"0afef5dc-c928-49be-8e4c-9fe9e15c4a17","geometry":{"type":"Point","coordinates":[-94.82627728690474,29.51523379380495]},"properties":{"substrate":"Mud","lease_number":null,"poll_year":2025}},{"type":"Feature","id":"0b04dc86-8b84-4f84-b33e-8410cddee251","geometry":{"type":"Point","coordinates":[-94.82705868825127,29.514947789745687]},"properties":{"substrate":"Mud","lease_number":null,"poll_year":2025}},{"type":"Feature","id":"0b139f77-a1f2-4b5a-adfb-96a0ba381aad","geometry":{"type":"Point","coordinates":[-94.83121829944514,29.506909978854253]},"properties":{"substrate":"Mud","lease_number":null,"poll_year":2025}},{"type":"Feature","id":"0b29a8c8-1368-4ba5-811e-d3d656543a75","geometry":{"type":"Point","coordinates":[-94.82868184335837,29.508515447334002]},"properties":{"substrate":"Mud","lease_number":null,"poll_year":2025}},{"type":"Feature","id":"0b3ffcfe-a5b8-47ef-8bd4-32ad5a27aee0","geometry":{"type":"Point","coordinates":[-94.83073234321577,29.510284801217193]},"properties":{"substrate":"Mud","lease_number":null,"poll_year":2025}},{"type":"Feature","id":"0b4dc22f-86c8-4d71-af79-d7fd006ef1b6","geometry":{"type":"Point","coordinates":[-94.8240230024285,29.511605498051402]},"properties":{"substrate":"Mud","lease_number":null,"poll_year":2025}},{"type":"Feature","id":"0b5a4123-2f7f-4391-b4e0-ebb8be8a1f1f","geometry":{"type":"Point","coordinates":[-94.82402665497843,29.51132858662718]},"properties":{"substrate":"Mud","lease_number":null,"poll_year":2025}},{"type":"Feature","id":"0b6f43c8-e97a-4bc2-943a-d297c6d7d72b","geometry":{"type":"Point","coordinates":[-94.82803315012876,29.512712685881535]},"properties":{"substrate":"Mud","lease_number":null,"poll_year":2025}},{"type":"Feature","id":"0b7a8f53-ab40-4bed-ae8b-e123391e5e90","geometry":{"type":"Point","coordinates":[-94.82544304485658,29.5119972698267]},"properties":{"substrate":"Mud","lease_number":null,"poll_year":2025}},{"type":"Feature","id":"0b8ca14b-80ea-4e78-8eee-82b8fc5d14d1","geometry":{"type":"Point","coordinates":[-94.82310240443374,29.516064133375473]},"properties":{"substrate":"Mud","lease_number":null,"poll_year":2025}},{"type":"Feature","id":"0ba1c843-f968-437c-a055-b55dba8c1943","geometry":{"type":"Point","coordinates":[-94.82222461655218,29.51048656604598]},"properties":{"substrate":"Mud","lease_number":null,"poll_year":2025}},{"type":"Feature","id":"0bb9a0ac-806f-4bd7-8bf4-c618426c19fd","geometry":{"type":"Point","coordinates":[-94.81203924836625,29.514516703099247]},"properties":{"substrate":"Mud","lease_number":null,"poll_year":2025}},{"type":"Feature","id":"0becb588-bde4-4017-bfe2-2709de6cbd13","geometry":{"type":"Point","coordinates":[-94.8194852948231,29.512886699068886]},"properties":{"substrate":"Mud","lease_number":null,"poll_year":2025}},{"type":"Feature","id":"0beccaa3-6a07-4c8e-9e0c-5218dadf9902","geometry":{"type":"Point","coordinates":[-94.83129550605057,29.5071794533907]},"properties":{"substrate":"Mud","lease_number":null,"poll_year":2025}},{"type":"Feature","id":"0bee35da-35da-44a3-9273-c701b1cdd70f","geometry":{"type":"Point","coordinates":[-94.82870670333554,29.51268153838609]},"properties":{"substrate":"Mud","lease_number":null,"poll_year":2025}},{"type":"Feature","id":"0bee3fce-46b1-484d-8f9a-433181fb38c5","geometry":{"type":"Point","coordinates":[-94.82769556683826,29.509479492196323]},"properties":{"substrate":"Mud","lease_number":null,"poll_year":2025}},{"type":"Feature","id":"0bfa2db9-dac8-448f-b404-beba766fcc91","geometry":{"type":"Point","coordinates":[-94.82189984593256,29.511175677704866]},"properties":{"substrate":"Mud","lease_number":null,"poll_year":2025}},{"type":"Feature","id":"0bfcd65b-d8e3-4eca-bd45-904d61b1ac90","geometry":{"type":"Point","coordinates":[-94.81214527562094,29.505554010347687]},"properties":{"substrate":"Buried Shell","lease_number":null,"poll_year":2025}},{"type":"Feature","id":"0c2ed913-6f20-411a-b44c-579dd6eb6615","geometry":{"type":"Point","coordinates":[-94.8225438041423,29.513245733171843]},"properties":{"substrate":"Mud","lease_number":null,"poll_year":2025}},{"type":"Feature","id":"0c46fc2b-b9b6-4298-8c7a-165ec7b8dace","geometry":{"type":"Point","coordinates":[-94.83278275593662,29.507081767634798]},"properties":{"substrate":"Mud","lease_number":null,"poll_year":2025}},{"type":"Feature","id":"0c7036a2-99d2-490e-9660-d128970c9bdc","geometry":{"type":"Point","coordinates":[-94.82168126785766,29.513386695384327]},"properties":{"substrate":"Mud","lease_number":null,"poll_year":2025}},{"type":"Feature","id":"0cc15fe2-7e4e-424b-8422-79dbbb1bb7f6","geometry":{"type":"Point","coordinates":[-94.8197398171875,29.514267668804358]},"properties":{"substrate":"Mud","lease_number":null,"poll_year":2025}},{"type":"Feature","id":"0cc73aec-d873-4789-8437-b4ec9fee2939","geometry":{"type":"Point","coordinates":[-94.82669812964905,29.514856789883638]},"properties":{"substrate":"Mud","lease_number":null,"poll_year":2025}},{"type":"Feature","id":"0cc91b92-eae0-4fba-9d47-647196c06e5b","geometry":{"type":"Point","coordinates":[-94.8221675358024,29.514964848839462]},"properties":{"substrate":"Mud","lease_number":null,"poll_year":2025}},{"type":"Feature","id":"0cda1567-fb93-4341-96a7-c30fafe835ef","geometry":{"type":"Point","coordinates":[-94.82337821058216,29.511060814882168]},"properties":{"substrate":"Mud","lease_number":null,"poll_year":2025}},{"type":"Feature","id":"0d0b1c53-789a-46ed-a42c-16950ce71e13","geometry":{"type":"Point","coordinates":[-94.82645727874495,29.515154499927526]},"properties":{"substrate":"Mud","lease_number":null,"poll_year":2025}},{"type":"Feature","id":"0d43c5a3-78a8-4b16-a242-b7718b45d219","geometry":{"type":"Point","coordinates":[-94.82838943275023,29.512565883007305]},"properties":{"substrate":"Mud","lease_number":null,"poll_year":2025}},{"type":"Feature","id":"0d56cdb3-3bc5-4a7e-a1d9-aa957230d0d1","geometry":{"type":"Point","coordinates":[-94.81558695413804,29.513832067799154]},"properties":{"substrate":"Buried Shell","lease_number":null,"poll_year":2025}},{"type":"Feature","id":"0d627972-7467-4c7d-8369-b81a324f86f2","geometry":{"type":"Point","coordinates":[-94.81451747655463,29.51533246762497]},"properties":{"substrate":"Buried Shell","lease_number":null,"poll_year":2025}},{"type":"Feature","id":"0d774554-9d19-4c38-8b9a-ea5fa765ad12","geometry":{"type":"Point","coordinates":[-94.82336687923318,29.514195799176708]},"properties":{"substrate":"Mud","lease_number":null,"poll_year":2025}},{"type":"Feature","id":"0da3e8ab-9a97-4443-b241-e4b24bc508d4","geometry":{"type":"Point","coordinates":[-94.82208535971684,29.510267834365802]},"properties":{"substrate":"Mud","lease_number":null,"poll_year":2025}},{"type":"Feature","id":"0daaf622-1970-475c-aee1-1f8c4c41d4da","geometry":{"type":"Point","coordinates":[-94.82494878460074,29.513472096112825]},"properties":{"substrate":"Mud","lease_number":null,"poll_year":2025}},{"type":"Feature","id":"0db75bbc-a189-4f14-87ff-baf7ba040eed","geometry":{"type":"Point","coordinates":[-94.82304334200045,29.51198628217267]},"properties":{"substrate":"Mud","lease_number":null,"poll_year":2025}},{"type":"Feature","id":"0dbc937f-3287-496c-805c-21c6f1fa6771","geometry":{"type":"Point","coordinates":[-94.81636168818854,29.512949940627774]},"properties":{"substrate":"Buried Shell","lease_number":null,"poll_year":2025}},{"type":"Feature","id":"0ddd1bcc-acc7-4cef-8390-c0ff3e4a000f","geometry":{"type":"Point","coordinates":[-94.82966984015223,29.508641051673152]},"properties":{"substrate":"Mud","lease_number":null,"poll_year":2025}},{"type":"Feature","id":"0e2d9a01-3099-4c8f-8574-8c691ac16558","geometry":{"type":"Point","coordinates":[-94.829306229973,29.511917943706674]},"properties":{"substrate":"Mud","lease_number":null,"poll_year":2025}},{"type":"Feature","id":"0e3f3b60-e368-47eb-9705-b7e43073b9c0","geometry":{"type":"Point","coordinates":[-94.8227393808544,29.51001150033299]},"properties":{"substrate":"Mud","lease_number":null,"poll_year":2025}},{"type":"Feature","id":"0ea37bb4-6bfc-43f9-93e5-c2d6089d9847","geometry":{"type":"Point","coordinates":[-94.83350534997138,29.507278963767966]},"properties":{"substrate":"Mud","lease_number":null,"poll_year":2025}},{"type":"Feature","id":"0eac3775-ffe6-4ea4-ab28-3d5510aa722f","geometry":{"type":"Point","coordinates":[-94.82566970776908,29.510624146247434]},"properties":{"substrate":"Mud","lease_number":null,"poll_year":2025}},{"type":"Feature","id":"0ebffefa-f06a-4fa6-899e-1d0f3eabcd81","geometry":{"type":"Point","coordinates":[-94.82150169283572,29.510559977617042]},"properties":{"substrate":"Mud","lease_number":null,"poll_year":2025}},{"type":"Feature","id":"0ec38977-7fbe-4008-905a-5b22e044a57b","geometry":{"type":"Point","coordinates":[-94.8251239237418,29.51238456061133]},"properties":{"substrate":"Mud","lease_number":null,"poll_year":2025}},{"type":"Feature","id":"0ed1f070-88a1-4300-8e31-7f2b3d6a35ed","geometry":{"type":"Point","coordinates":[-94.81307371860304,29.51569098023541]},"properties":{"substrate":"Solid Reef","lease_number":null,"poll_year":2025}},{"type":"Feature","id":"0ee55fdf-dc19-4ec8-adb1-ed85aef7dd11","geometry":{"type":"Point","coordinates":[-94.8284525618568,29.509447572870044]},"properties":{"substrate":"Mud","lease_number":null,"poll_year":2025}},{"type":"Feature","id":"0ee96575-9196-4899-86a7-cadb01460936","geometry":{"type":"Point","coordinates":[-94.82794438490058,29.508831849762743]},"properties":{"substrate":"Mud","lease_number":null,"poll_year":2025}},{"type":"Feature","id":"0efe9ef2-4551-49f4-9122-bb0a872d1a71","geometry":{"type":"Point","coordinates":[-94.81353296612238,29.50619118035052]},"properties":{"substrate":"Buried Shell","lease_number":null,"poll_year":2025}},{"type":"Feature","id":"0f0fc8b4-d360-4aae-8122-ac1ae6bb0da8","geometry":{"type":"Point","coordinates":[-94.82246069021558,29.515836567674775]},"properties":{"substrate":"Mud","lease_number":null,"poll_year":2025}},{"type":"Feature","id":"0f16264e-326c-46dd-bbdb-721e5302404a","geometry":{"type":"Point","coordinates":[-94.81333992984591,29.51583795212126]},"properties":{"substrate":"Solid Reef","lease_number":null,"poll_year":2025}},{"type":"Feature","id":"0f3d9f51-c0bd-4301-934d-788566829d4a","geometry":{"type":"Point","coordinates":[-94.81348330455852,29.506492892916917]},"properties":{"substrate":"Buried Shell","lease_number":null,"poll_year":2025}},{"type":"Feature","id":"0f49a4e3-1e5a-451a-a8e3-2c79ce18aac3","geometry":{"type":"Point","coordinates":[-94.82807406838995,29.51347039268001]},"properties":{"substrate":"Mud","lease_number":null,"poll_year":2025}},{"type":"Feature","id":"0f5c8a2a-b01b-429f-8d29-1b2e935b994d","geometry":{"type":"Point","coordinates":[-94.83022683784921,29.50653482338555]},"properties":{"substrate":"Buried Shell","lease_number":null,"poll_year":2025}},{"type":"Feature","id":"0f820158-a724-4abd-ae32-e8622fdf373c","geometry":{"type":"Point","coordinates":[-94.82321297626544,29.515929825857892]},"properties":{"substrate":"Mud","lease_number":null,"poll_year":2025}},{"type":"Feature","id":"0fa53c0c-91eb-4726-95f3-52e406a51ef8","geometry":{"type":"Point","coordinates":[-94.82950009269952,29.512375596189745]},"properties":{"substrate":"Mud","lease_number":null,"poll_year":2025}},{"type":"Feature","id":"0fc531ed-01f1-4052-b8ac-d8024dc9c14e","geometry":{"type":"Point","coordinates":[-94.8251556872719,29.51112483231388]},"properties":{"substrate":"Mud","lease_number":null,"poll_year":2025}},{"type":"Feature","id":"0fe10033-fdfe-4db7-bb72-3db340b1fcb2","geometry":{"type":"Point","coordinates":[-94.82091398533244,29.51380782034926]},"properties":{"substrate":"Mud","lease_number":null,"poll_year":2025}},{"type":"Feature","id":"0feb8e3c-a09e-4a05-8f52-11b21f5407c8","geometry":{"type":"Point","coordinates":[-94.81926182182819,29.5148534072985]},"properties":{"substrate":"Mud","lease_number":null,"poll_year":2025}},{"type":"Feature","id":"0ff465a3-9c2d-4b00-a255-2d6ef992b212","geometry":{"type":"Point","coordinates":[-94.83378178583882,29.506951630829366]},"properties":{"substrate":"Mud","lease_number":null,"poll_year":2025}},{"type":"Feature","id":"1002c31c-ef32-472e-b71d-826e0a641721","geometry":{"type":"Point","coordinates":[-94.81413656841627,29.505916010056886]},"properties":{"substrate":"Mud","lease_number":null,"poll_year":2025}},{"type":"Feature","id":"1003336a-b208-44c1-a2ff-806b9e942b01","geometry":{"type":"Point","coordinates":[-94.81419002895548,29.5143961967592]},"properties":{"substrate":"Mud","lease_number":null,"poll_year":2025}},{"type":"Feature","id":"101cc842-d294-4a5e-90a8-0f79fb34683d","geometry":{"type":"Point","coordinates":[-94.81781218619969,29.51579743809552]},"properties":{"substrate":"Mud","lease_number":null,"poll_year":2025}},{"type":"Feature","id":"1021362b-d745-4f02-9321-970670b1a202","geometry":{"type":"Point","coordinates":[-94.82558873093441,29.514507036080662]},"properties":{"substrate":"Mud","lease_number":null,"poll_year":2025}},{"type":"Feature","id":"103370df-2544-4181-83c8-b7a857bdc99d","geometry":{"type":"Point","coordinates":[-94.82807077965771,29.514541950226825]},"properties":{"substrate":"Mud","lease_number":null,"poll_year":2025}},{"type":"Feature","id":"105377ed-a31c-4613-98b2-186514a47c61","geometry":{"type":"Point","coordinates":[-94.82660742316155,29.515641509835852]},"properties":{"substrate":"Mud","lease_number":null,"poll_year":2025}},{"type":"Feature","id":"1075ea71-0d8d-4b51-a13b-0cb1d52f668a","geometry":{"type":"Point","coordinates":[-94.82612673375469,29.51403251535181]},"properties":{"substrate":"Mud","lease_number":null,"poll_year":2025}},{"type":"Feature","id":"10b002e8-7998-4fd8-a546-7c70a575a958","geometry":{"type":"Point","coordinates":[-94.83032987640894,29.506775839004344]},"properties":{"substrate":"Solid Reef","lease_number":null,"poll_year":2025}},{"type":"Feature","id":"10c66c72-9717-439c-8ce7-1efb88f71f7b","geometry":{"type":"Point","coordinates":[-94.83176544531838,29.51059883403739]},"properties":{"substrate":"Mud","lease_number":null,"poll_year":2025}},{"type":"Feature","id":"10ce66a9-a6fc-4602-9c2f-bfda0bf1d0cf","geometry":{"type":"Point","coordinates":[-94.82745146133789,29.50800400732135]},"properties":{"substrate":"Mud","lease_number":null,"poll_year":2025}},{"type":"Feature","id":"10e64caa-fac6-4e5d-8716-85c70dbaf692","geometry":{"type":"Point","coordinates":[-94.8274396368138,29.508806337749153]},"properties":{"substrate":"Mud","lease_number":null,"poll_year":2025}},{"type":"Feature","id":"110365e5-3130-4f15-8172-2d60714bdb24","geometry":{"type":"Point","coordinates":[-94.82675751098427,29.509622802646984]},"properties":{"substrate":"Mud","lease_number":null,"poll_year":2025}},{"type":"Feature","id":"11306999-56b4-4c33-a37c-bb0989be0ab3","geometry":{"type":"Point","coordinates":[-94.81585500782556,29.513154770867036]},"properties":{"substrate":"Buried Shell","lease_number":null,"poll_year":2025}},{"type":"Feature","id":"11391596-2d42-4be4-94c5-3c54836a42df","geometry":{"type":"Point","coordinates":[-94.81765344131257,29.51536728064253]},"properties":{"substrate":"Mud","lease_number":null,"poll_year":2025}},{"type":"Feature","id":"115b48d0-4197-457f-a3a5-735bad2faed5","geometry":{"type":"Point","coordinates":[-94.8268162805668,29.508024067320893]},"properties":{"substrate":"Mud","lease_number":null,"poll_year":2025}},{"type":"Feature","id":"115e76a6-f4ea-4e66-a49d-a9f3ceb1d567","geometry":{"type":"Point","coordinates":[-94.82657478377402,29.508106358699358]},"properties":{"substrate":"Mud","lease_number":null,"poll_year":2025}},{"type":"Feature","id":"117166d5-59ae-4381-8595-3115865d609e","geometry":{"type":"Point","coordinates":[-94.82378796631924,29.514552881318018]},"properties":{"substrate":"Mud","lease_number":null,"poll_year":2025}},{"type":"Feature","id":"117855d2-2848-4edd-a990-1d4e4c606c98","geometry":{"type":"Point","coordinates":[-94.83176900444356,29.50905756431253]},"properties":{"substrate":"Mud","lease_number":null,"poll_year":2025}},{"type":"Feature","id":"11ab9f67-89b5-4971-a345-d334a2118a41","geometry":{"type":"Point","coordinates":[-94.8304708867557,29.512584675657028]},"properties":{"substrate":"Mud","lease_number":null,"poll_year":2025}},{"type":"Feature","id":"11bd8b6b-5496-4764-ba9e-314846bb1a1a","geometry":{"type":"Point","coordinates":[-94.83363810120744,29.5058740042783]},"properties":{"substrate":"Mud","lease_number":null,"poll_year":2025}},{"type":"Feature","id":"11c2d78e-9474-4bfd-bd73-93d7a322f61b","geometry":{"type":"Point","coordinates":[-94.82596106106011,29.51334320972438]},"properties":{"substrate":"Mud","lease_number":null,"poll_year":2025}},{"type":"Feature","id":"11d21913-048d-4510-9314-5f46ed91b4b3","geometry":{"type":"Point","coordinates":[-94.8281007249977,29.509060818878783]},"properties":{"substrate":"Mud","lease_number":null,"poll_year":2025}},{"type":"Feature","id":"11d9503d-393c-4d3b-89cb-af36c0ecc782","geometry":{"type":"Point","coordinates":[-94.81299055257404,29.506434262313906]},"properties":{"substrate":"Buried Shell","lease_number":null,"poll_year":2025}},{"type":"Feature","id":"11e34cfc-4e29-43db-bc54-a0b8cd8f765c","geometry":{"type":"Point","coordinates":[-94.82333628620786,29.510802876319236]},"properties":{"substrate":"Mud","lease_number":null,"poll_year":2025}},{"type":"Feature","id":"1200a7a6-d62f-4ff8-9018-d7600ee90639","geometry":{"type":"Point","coordinates":[-94.81468946530397,29.515509871379287]},"properties":{"substrate":"Mud","lease_number":null,"poll_year":2025}},{"type":"Feature","id":"1217aaab-626f-48ae-9c65-f495aa534d95","geometry":{"type":"Point","coordinates":[-94.83111459882706,29.509321413684756]},"properties":{"substrate":"Mud","lease_number":null,"poll_year":2025}},{"type":"Feature","id":"12402ebd-8a58-4a3f-a859-c3abd63c1c68","geometry":{"type":"Point","coordinates":[-94.81460214456679,29.51584406213466]},"properties":{"substrate":"Mud","lease_number":null,"poll_year":2025}},{"type":"Feature","id":"1273728f-13de-4e68-8508-2b56d1b543df","geometry":{"type":"Point","coordinates":[-94.82345236920382,29.514928669986258]},"properties":{"substrate":"Mud","lease_number":null,"poll_year":2025}},{"type":"Feature","id":"127d498d-d669-4f2f-a068-3602f81bd573","geometry":{"type":"Point","coordinates":[-94.8288261074031,29.5089936839493]},"properties":{"substrate":"Mud","lease_number":null,"poll_year":2025}},{"type":"Feature","id":"12994a86-e85c-46dc-a363-274aae1c991c","geometry":{"type":"Point","coordinates":[-94.82994575589512,29.508516169706166]},"properties":{"substrate":"Mud","lease_number":null,"poll_year":2025}},{"type":"Feature","id":"12d3abbc-803a-4a63-a267-01a87d709333","geometry":{"type":"Point","coordinates":[-94.81664340794646,29.51229828964941]},"properties":{"substrate":"Mud","lease_number":null,"poll_year":2025}},{"type":"Feature","id":"12dab3df-3e46-49b9-b408-097147507658","geometry":{"type":"Point","coordinates":[-94.81625116396755,29.514870009872638]},"properties":{"substrate":"Mud","lease_number":null,"poll_year":2025}},{"type":"Feature","id":"12ec82a4-b37b-461d-975d-dae1ab470170","geometry":{"type":"Point","coordinates":[-94.81798892344364,29.514268269183443]},"properties":{"substrate":"Buried Shell","lease_number":null,"poll_year":2025}},{"type":"Feature","id":"12f16a7a-f009-4607-afb5-2ab37b122fe9","geometry":{"type":"Point","coordinates":[-94.81791663691105,29.512814732304744]},"properties":{"substrate":"Buried Shell","lease_number":null,"poll_year":2025}},{"type":"Feature","id":"12f98335-c552-4717-8c9f-ea454579100f","geometry":{"type":"Point","coordinates":[-94.83357467925008,29.50644264481759]},"properties":{"substrate":"Mud","lease_number":null,"poll_year":2025}},{"type":"Feature","id":"1312d068-114c-40f8-93eb-bbab06c93155","geometry":{"type":"Point","coordinates":[-94.81869569904457,29.516015405020212]},"properties":{"substrate":"Mud","lease_number":null,"poll_year":2025}},{"type":"Feature","id":"131a97e9-cbfc-4a90-8ea3-ac412054bfa8","geometry":{"type":"Point","coordinates":[-94.8183527582017,29.51576906122613]},"properties":{"substrate":"Mud","lease_number":null,"poll_year":2025}},{"type":"Feature","id":"132f51e7-6569-4869-8782-f5ef02526edb","geometry":{"type":"Point","coordinates":[-94.8145438942105,29.51556740229871]},"properties":{"substrate":"Mud","lease_number":null,"poll_year":2025}},{"type":"Feature","id":"13385378-172c-4fdd-979f-de99362755d0","geometry":{"type":"Point","coordinates":[-94.82396305425631,29.510539173090955]},"properties":{"substrate":"Mud","lease_number":null,"poll_year":2025}},{"type":"Feature","id":"1339e3a0-fa47-4e0d-99b7-6e4bc832450c","geometry":{"type":"Point","coordinates":[-94.82693018784315,29.51265486330787]},"properties":{"substrate":"Mud","lease_number":null,"poll_year":2025}},{"type":"Feature","id":"13588b4d-e4ab-4a99-a9d7-088bd4a20352","geometry":{"type":"Point","coordinates":[-94.8288787989844,29.509267222897844]},"properties":{"substrate":"Mud","lease_number":null,"poll_year":2025}},{"type":"Feature","id":"137740b0-43e6-4dec-bf77-e38e05dcc85b","geometry":{"type":"Point","coordinates":[-94.82408507781125,29.514932366046033]},"properties":{"substrate":"Mud","lease_number":null,"poll_year":2025}},{"type":"Feature","id":"138cda88-d2bf-475d-928c-82055af45d40","geometry":{"type":"Point","coordinates":[-94.82036021438397,29.515045717285112]},"properties":{"substrate":"Mud","lease_number":null,"poll_year":2025}},{"type":"Feature","id":"13968314-2328-4f2e-b52d-c58725aa6afb","geometry":{"type":"Point","coordinates":[-94.82996112517134,29.512763156014163]},"properties":{"substrate":"Mud","lease_number":null,"poll_year":2025}},{"type":"Feature","id":"13bcc077-3b79-488d-8474-65ebb811c3ad","geometry":{"type":"Point","coordinates":[-94.81837440131183,29.511616109718208]},"properties":{"substrate":"Solid Reef","lease_number":null,"poll_year":2025}},{"type":"Feature","id":"13d1d58c-34a8-48d2-99eb-ee05d3314279","geometry":{"type":"Point","coordinates":[-94.82303915225796,29.510920613219348]},"properties":{"substrate":"Mud","lease_number":null,"poll_year":2025}},{"type":"Feature","id":"13e04132-7052-4ba5-9ec4-e11c8c367c38","geometry":{"type":"Point","coordinates":[-94.8223362070734,29.512780151372258]},"properties":{"substrate":"Mud","lease_number":null,"poll_year":2025}},{"type":"Feature","id":"13f31d40-b510-46e9-a615-9100c16efb56","geometry":{"type":"Point","coordinates":[-94.82738540282516,29.514253182311787]},"properties":{"substrate":"Mud","lease_number":null,"poll_year":2025}},{"type":"Feature","id":"13f71c31-c646-49b8-9428-946229ed866e","geometry":{"type":"Point","coordinates":[-94.82813466784071,29.510861953128103]},"properties":{"substrate":"Mud","lease_number":null,"poll_year":2025}},{"type":"Feature","id":"13f8f0be-b49d-49d5-9be8-2ca341ded7cf","geometry":{"type":"Point","coordinates":[-94.82877879673035,29.511366964311602]},"properties":{"substrate":"Mud","lease_number":null,"poll_year":2025}},{"type":"Feature","id":"14113470-94b3-4e5c-8474-d9a6ab767457","geometry":{"type":"Point","coordinates":[-94.81330057824658,29.516092966692224]},"properties":{"substrate":"Solid Reef","lease_number":null,"poll_year":2025}},{"type":"Feature","id":"141e0dd9-91a4-4610-844f-757130ee4c9e","geometry":{"type":"Point","coordinates":[-94.82251032393167,29.510611471380674]},"properties":{"substrate":"Mud","lease_number":null,"poll_year":2025}},{"type":"Feature","id":"144afd90-3875-4b7e-9858-516cfc4aa574","geometry":{"type":"Point","coordinates":[-94.82012938239025,29.51313196793335]},"properties":{"substrate":"Mud","lease_number":null,"poll_year":2025}},{"type":"Feature","id":"1464c81c-b395-464a-a076-3716bbca03ac","geometry":{"type":"Point","coordinates":[-94.81770873621159,29.515043576105683]},"properties":{"substrate":"Mud","lease_number":null,"poll_year":2025}},{"type":"Feature","id":"146b9509-b22f-42c0-a17b-fbe8fb99c6c0","geometry":{"type":"Point","coordinates":[-94.82197169857889,29.512711392075918]},"properties":{"substrate":"Mud","lease_number":null,"poll_year":2025}},{"type":"Feature","id":"14afb06c-93d4-4845-9522-5f3d7ae23a8b","geometry":{"type":"Point","coordinates":[-94.83156608041075,29.508395001083024]},"properties":{"substrate":"Mud","lease_number":null,"poll_year":2025}},{"type":"Feature","id":"14c35f37-e797-4ba6-8855-1d886e1b634a","geometry":{"type":"Point","coordinates":[-94.82053902943116,29.511811892191286]},"properties":{"substrate":"Mud","lease_number":null,"poll_year":2025}},{"type":"Feature","id":"14dd5bc9-0168-43a6-ac13-b5de5d285b2e","geometry":{"type":"Point","coordinates":[-94.81249892977186,29.515651549632725]},"properties":{"substrate":"Solid Reef","lease_number":null,"poll_year":2025}},{"type":"Feature","id":"14deb883-4003-4178-938f-f7053970d244","geometry":{"type":"Point","coordinates":[-94.83261519857656,29.50960878377571]},"properties":{"substrate":"Mud","lease_number":null,"poll_year":2025}},{"type":"Feature","id":"1511be29-d7fc-44d4-b804-62c5dff85837","geometry":{"type":"Point","coordinates":[-94.8230719686136,29.51273916785091]},"properties":{"substrate":"Mud","lease_number":null,"poll_year":2025}},{"type":"Feature","id":"1532a77a-4ad0-42e8-94cf-2bb8b52ac8ea","geometry":{"type":"Point","coordinates":[-94.82264428609673,29.5110837769814]},"properties":{"substrate":"Mud","lease_number":null,"poll_year":2025}},{"type":"Feature","id":"15363b56-c83d-4636-9915-27571053c73a","geometry":{"type":"Point","coordinates":[-94.83040674165451,29.51147249407399]},"properties":{"substrate":"Mud","lease_number":null,"poll_year":2025}},{"type":"Feature","id":"153651c1-5235-4c93-ad4c-97ce9579c186","geometry":{"type":"Point","coordinates":[-94.828337997912,29.50734303831709]},"properties":{"substrate":"Mud","lease_number":null,"poll_year":2025}},{"type":"Feature","id":"15462b41-abaf-42ad-8e00-c914b6df1f5f","geometry":{"type":"Point","coordinates":[-94.81845613362964,29.514090566971472]},"properties":{"substrate":"Mud","lease_number":null,"poll_year":2025}},{"type":"Feature","id":"154ad93e-b195-4774-86e6-c11c48a0b06c","geometry":{"type":"Point","coordinates":[-94.82884435488145,29.51055917004629]},"properties":{"substrate":"Mud","lease_number":null,"poll_year":2025}},{"type":"Feature","id":"156bca42-27c2-4cf1-9be0-effaa9a9df2c","geometry":{"type":"Point","coordinates":[-94.82650843600376,29.511542515980146]},"properties":{"substrate":"Mud","lease_number":null,"poll_year":2025}},{"type":"Feature","id":"156efb56-1973-4e74-839c-03142cbe3b3e","geometry":{"type":"Point","coordinates":[-94.81554232403809,29.513295122658572]},"properties":{"substrate":"Solid Reef","lease_number":null,"poll_year":2025}},{"type":"Feature","id":"157246d8-acc5-414b-8cdf-aecf46c6e55f","geometry":{"type":"Point","coordinates":[-94.83238841888308,29.50828049629205]},"properties":{"substrate":"Mud","lease_number":null,"poll_year":2025}},{"type":"Feature","id":"15781baa-1e17-49b9-a761-21b033f77102","geometry":{"type":"Point","coordinates":[-94.81452148124416,29.514496674874323]},"properties":{"substrate":"Mud","lease_number":null,"poll_year":2025}},{"type":"Feature","id":"15786820-299f-4c6d-a76c-35c6210219d4","geometry":{"type":"Point","coordinates":[-94.82652176520594,29.51335013290912]},"properties":{"substrate":"Mud","lease_number":null,"poll_year":2025}},{"type":"Feature","id":"159800e9-cf14-4ce6-a9bb-963fe4252c35","geometry":{"type":"Point","coordinates":[-94.82963067270754,29.508940618757062]},"properties":{"substrate":"Mud","lease_number":null,"poll_year":2025}},{"type":"Feature","id":"159a4297-d462-415e-8453-c407de53f7f1","geometry":{"type":"Point","coordinates":[-94.81900531867859,29.51264219729469]},"properties":{"substrate":"Solid Reef","lease_number":null,"poll_year":2025}},{"type":"Feature","id":"15aa9f9a-f286-455c-9949-61c6ed6379ff","geometry":{"type":"Point","coordinates":[-94.82646934940745,29.515696531318785]},"properties":{"substrate":"Mud","lease_number":null,"poll_year":2025}},{"type":"Feature","id":"15bf4b57-d4bd-408c-86c9-a17355988239","geometry":{"type":"Point","coordinates":[-94.81263604682019,29.50551693373885]},"properties":{"substrate":"Buried Shell","lease_number":null,"poll_year":2025}},{"type":"Feature","id":"15c9406a-5d75-454f-beb4-640bef8b5379","geometry":{"type":"Point","coordinates":[-94.8276850960753,29.51544260235999]},"properties":{"substrate":"Mud","lease_number":null,"poll_year":2025}},{"type":"Feature","id":"15d7b7a2-9ddc-47a4-a1a1-e300911fab55","geometry":{"type":"Point","coordinates":[-94.81534306602998,29.51338018574811]},"properties":{"substrate":"Solid Reef","lease_number":null,"poll_year":2025}},{"type":"Feature","id":"15e4e5b9-6d1c-4f94-95b4-096b5a062298","geometry":{"type":"Point","coordinates":[-94.82833261071524,29.510524116152528]},"properties":{"substrate":"Mud","lease_number":null,"poll_year":2025}},{"type":"Feature","id":"162ae897-5928-4c77-88fa-0ccb7dd842ad","geometry":{"type":"Point","coordinates":[-94.8228681507571,29.51360387637115]},"properties":{"substrate":"Mud","lease_number":null,"poll_year":2025}},{"type":"Feature","id":"163c8533-9495-4fb8-abb8-5283428fee5e","geometry":{"type":"Point","coordinates":[-94.82649728521613,29.508196321721734]},"properties":{"substrate":"Mud","lease_number":null,"poll_year":2025}},{"type":"Feature","id":"163d80ca-ae2f-4266-9b97-c0d8ed58c00e","geometry":{"type":"Point","coordinates":[-94.81859920471169,29.512059999888056]},"properties":{"substrate":"Mud","lease_number":null,"poll_year":2025}},{"type":"Feature","id":"164f2e48-7469-4dcd-981f-02b0ef2ee4c6","geometry":{"type":"Point","coordinates":[-94.8262676210323,29.50902790108223]},"properties":{"substrate":"Mud","lease_number":null,"poll_year":2025}},{"type":"Feature","id":"169873e1-1547-403a-890c-7ae0563741b7","geometry":{"type":"Point","coordinates":[-94.83056761644718,29.512167548213665]},"properties":{"substrate":"Mud","lease_number":null,"poll_year":2025}},{"type":"Feature","id":"16abab72-7aa4-4683-a888-c3b60666682d","geometry":{"type":"Point","coordinates":[-94.83388855959349,29.50814671631823]},"properties":{"substrate":"Mud","lease_number":null,"poll_year":2025}},{"type":"Feature","id":"16bd359b-67db-4014-a3d1-5492413ff675","geometry":{"type":"Point","coordinates":[-94.81534654700171,29.514457142961632]},"properties":{"substrate":"Mud","lease_number":null,"poll_year":2025}},{"type":"Feature","id":"16d69a88-f802-4263-a367-3731d8b9bc58","geometry":{"type":"Point","coordinates":[-94.82562163442664,29.509042264800705]},"properties":{"substrate":"Mud","lease_number":null,"poll_year":2025}},{"type":"Feature","id":"16e3694b-4c1d-443c-b3cb-e9da2ae18000","geometry":{"type":"Point","coordinates":[-94.83390619082758,29.506903357785845]},"properties":{"substrate":"Mud","lease_number":null,"poll_year":2025}},{"type":"Feature","id":"16ee5780-7615-48ca-95e7-5e3c264aeb84","geometry":{"type":"Point","coordinates":[-94.81349224818548,29.505379259815385]},"properties":{"substrate":"Mud","lease_number":null,"poll_year":2025}},{"type":"Feature","id":"1704554a-5692-4526-bdd1-e748be824f09","geometry":{"type":"Point","coordinates":[-94.82432208662088,29.510652454199942]},"properties":{"substrate":"Mud","lease_number":null,"poll_year":2025}},{"type":"Feature","id":"17410695-c382-44cb-872f-f64ae79fa2fe","geometry":{"type":"Point","coordinates":[-94.82761455676592,29.512364500694165]},"properties":{"substrate":"Mud","lease_number":null,"poll_year":2025}},{"type":"Feature","id":"17607269-11a2-46b5-ba49-4e04fb74701f","geometry":{"type":"Point","coordinates":[-94.82671801385786,29.513786069794605]},"properties":{"substrate":"Mud","lease_number":null,"poll_year":2025}},{"type":"Feature","id":"1777a5b2-bafe-4410-909e-66ce559e62e8","geometry":{"type":"Point","coordinates":[-94.81914152842849,29.514202852072643]},"properties":{"substrate":"Mud","lease_number":null,"poll_year":2025}},{"type":"Feature","id":"177e0351-815a-4ab1-bc70-5c4472d818d8","geometry":{"type":"Point","coordinates":[-94.82488744583651,29.515703050186854]},"properties":{"substrate":"Mud","lease_number":null,"poll_year":2025}},{"type":"Feature","id":"17bb9046-ab20-4712-9086-eaeb3bea300a","geometry":{"type":"Point","coordinates":[-94.82225251463166,29.512586518257454]},"properties":{"substrate":"Mud","lease_number":null,"poll_year":2025}},{"type":"Feature","id":"17c1097a-ce3f-4a98-9075-1bf7564beee9","geometry":{"type":"Point","coordinates":[-94.8184046556723,29.51367026480045]},"properties":{"substrate":"Mud","lease_number":null,"poll_year":2025}},{"type":"Feature","id":"17c797f9-9a64-476a-8977-be5f45ee8d10","geometry":{"type":"Point","coordinates":[-94.83313204966518,29.506932279710202]},"properties":{"substrate":"Mud","lease_number":null,"poll_year":2025}},{"type":"Feature","id":"17d6ce99-9521-4fb3-8f8c-6805db696002","geometry":{"type":"Point","coordinates":[-94.82276052360291,29.51446843131811]},"properties":{"substrate":"Mud","lease_number":null,"poll_year":2025}},{"type":"Feature","id":"182510f4-977d-4928-9661-4209cd2f041f","geometry":{"type":"Point","coordinates":[-94.81833229457953,29.514139414296956]},"properties":{"substrate":"Mud","lease_number":null,"poll_year":2025}},{"type":"Feature","id":"183d743a-dfea-4562-80f2-06f562b1712a","geometry":{"type":"Point","coordinates":[-94.82133536886255,29.512183889338797]},"properties":{"substrate":"Mud","lease_number":null,"poll_year":2025}},{"type":"Feature","id":"183f04c7-3c45-49ff-b935-e06c3d610f17","geometry":{"type":"Point","coordinates":[-94.82131432223375,29.514267846260136]},"properties":{"substrate":"Mud","lease_number":null,"poll_year":2025}},{"type":"Feature","id":"184dcaf0-644d-4a7a-a704-399617abbdbe","geometry":{"type":"Point","coordinates":[-94.8150835202865,29.514044555794737]},"properties":{"substrate":"Buried Shell","lease_number":null,"poll_year":2025}},{"type":"Feature","id":"18c041be-4edc-42b6-8efc-dbca0ab6e050","geometry":{"type":"Point","coordinates":[-94.81664933503072,29.512818522252303]},"properties":{"substrate":"Mud","lease_number":null,"poll_year":2025}},{"type":"Feature","id":"19029a90-f9c1-4c6b-8533-94ca7825bb46","geometry":{"type":"Point","coordinates":[-94.81548111463125,29.51544281733702]},"properties":{"substrate":"Mud","lease_number":null,"poll_year":2025}},{"type":"Feature","id":"19650865-702d-4f5a-85f7-c3ac782fedbb","geometry":{"type":"Point","coordinates":[-94.82079345208257,29.514995489066003]},"properties":{"substrate":"Mud","lease_number":null,"poll_year":2025}},{"type":"Feature","id":"197ae783-6877-4f1f-9a20-7fb1878273f3","geometry":{"type":"Point","coordinates":[-94.83128186872622,29.510291708975657]},"properties":{"substrate":"Mud","lease_number":null,"poll_year":2025}},{"type":"Feature","id":"1986225b-1322-454c-a494-be02a410d8f2","geometry":{"type":"Point","coordinates":[-94.83096913014153,29.510933939261317]},"properties":{"substrate":"Mud","lease_number":null,"poll_year":2025}},{"type":"Feature","id":"1990cd01-f463-4442-9302-c5349faf0691","geometry":{"type":"Point","coordinates":[-94.81279357179517,29.51524049484733]},"properties":{"substrate":"Buried Shell","lease_number":null,"poll_year":2025}},{"type":"Feature","id":"1992d622-7f20-4020-bae4-21efd7e0524d","geometry":{"type":"Point","coordinates":[-94.8269414715814,29.510339857664942]},"properties":{"substrate":"Mud","lease_number":null,"poll_year":2025}},{"type":"Feature","id":"19963d86-ca9c-4673-b9cb-449cfc402b7a","geometry":{"type":"Point","coordinates":[-94.83241347199805,29.50612992895748]},"properties":{"substrate":"Mud","lease_number":null,"poll_year":2025}},{"type":"Feature","id":"19dad98e-f933-4e95-ab7c-c7034d4b542b","geometry":{"type":"Point","coordinates":[-94.83255615141462,29.505580472299144]},"properties":{"substrate":"Mud","lease_number":null,"poll_year":2025}},{"type":"Feature","id":"19e08594-ec57-4cdd-b806-49054d7af5df","geometry":{"type":"Point","coordinates":[-94.82658788660075,29.514070525372567]},"properties":{"substrate":"Mud","lease_number":null,"poll_year":2025}},{"type":"Feature","id":"19ec52cc-289d-4c38-b4be-a164a3d04816","geometry":{"type":"Point","coordinates":[-94.82174071476989,29.515626860157678]},"properties":{"substrate":"Mud","lease_number":null,"poll_year":2025}},{"type":"Feature","id":"19ef7acf-0d51-469e-a966-75cb9177e784","geometry":{"type":"Point","coordinates":[-94.82646639844172,29.511312164060218]},"properties":{"substrate":"Mud","lease_number":null,"poll_year":2025}},{"type":"Feature","id":"1a2e8944-2f37-48bf-86ce-b65b6275b9e8","geometry":{"type":"Point","coordinates":[-94.82333193836187,29.512130358326406]},"properties":{"substrate":"Mud","lease_number":null,"poll_year":2025}},{"type":"Feature","id":"1a749f06-ccc0-4c77-801b-a637d420b72f","geometry":{"type":"Point","coordinates":[-94.82195568071906,29.51542159089601]},"properties":{"substrate":"Mud","lease_number":null,"poll_year":2025}},{"type":"Feature","id":"1aaf869e-504f-4453-9e00-602b5dc061a6","geometry":{"type":"Point","coordinates":[-94.82031175117271,29.513670334376055]},"properties":{"substrate":"Mud","lease_number":null,"poll_year":2025}},{"type":"Feature","id":"1b1241e4-e9e9-4122-80a1-c9ff530fbbc2","geometry":{"type":"Point","coordinates":[-94.8219244570764,29.510883084367617]},"properties":{"substrate":"Mud","lease_number":null,"poll_year":2025}},{"type":"Feature","id":"1b269f95-44d7-43cd-bffa-47cc5c82c34d","geometry":{"type":"Point","coordinates":[-94.8249422053396,29.510618637101548]},"properties":{"substrate":"Mud","lease_number":null,"poll_year":2025}},{"type":"Feature","id":"1b44603c-1faf-4e59-af9f-9bbdcf38dc0a","geometry":{"type":"Point","coordinates":[-94.81346296670048,29.513658355646797]},"properties":{"substrate":"Solid Reef","lease_number":null,"poll_year":2025}},{"type":"Feature","id":"1b5555c6-e0e1-44b6-80c1-f4a93ff96f89","geometry":{"type":"Point","coordinates":[-94.82457425180596,29.514711476207395]},"properties":{"substrate":"Mud","lease_number":null,"poll_year":2025}},{"type":"Feature","id":"1b78a8b1-c9eb-4b36-9312-3d6c9802a7f7","geometry":{"type":"Point","coordinates":[-94.82781411031978,29.512277181376263]},"properties":{"substrate":"Mud","lease_number":null,"poll_year":2025}},{"type":"Feature","id":"1b7eea84-3241-4f5b-b792-8cea674434df","geometry":{"type":"Point","coordinates":[-94.81691107266346,29.513569992246644]},"properties":{"substrate":"Mud","lease_number":null,"poll_year":2025}},{"type":"Feature","id":"1b7f1b97-1058-4eca-8e69-096991ce7a2c","geometry":{"type":"Point","coordinates":[-94.82628614878503,29.512416109239968]},"properties":{"substrate":"Mud","lease_number":null,"poll_year":2025}},{"type":"Feature","id":"1c15c306-9ed8-45db-80a6-44adcc025da0","geometry":{"type":"Point","coordinates":[-94.82050350555325,29.51399693420082]},"properties":{"substrate":"Mud","lease_number":null,"poll_year":2025}},{"type":"Feature","id":"1c44e026-6269-4154-9a87-7b64d8dbd76b","geometry":{"type":"Point","coordinates":[-94.8290132695959,29.510736647053964]},"properties":{"substrate":"Mud","lease_number":null,"poll_year":2025}},{"type":"Feature","id":"1c4c55fb-f1dc-4b45-bfe2-c828e96f575b","geometry":{"type":"Point","coordinates":[-94.82447375278355,29.51240398104646]},"properties":{"substrate":"Mud","lease_number":null,"poll_year":2025}},{"type":"Feature","id":"1c4ce4b6-32e7-4ba6-94d7-54cd71443189","geometry":{"type":"Point","coordinates":[-94.81866026140491,29.511752604079057]},"properties":{"substrate":"Buried Shell","lease_number":null,"poll_year":2025}},{"type":"Feature","id":"1c6ed07f-1110-489f-800a-4178f07c8a0e","geometry":{"type":"Point","coordinates":[-94.824291885261,29.51038212270295]},"properties":{"substrate":"Mud","lease_number":null,"poll_year":2025}},{"type":"Feature","id":"1c86e9a6-c4c1-409d-915b-16431513e51e","geometry":{"type":"Point","coordinates":[-94.81883693936005,29.515937683815718]},"properties":{"substrate":"Mud","lease_number":null,"poll_year":2025}},{"type":"Feature","id":"1cb47a40-a318-4425-bc06-9cd7bee4902f","geometry":{"type":"Point","coordinates":[-94.82277457325397,29.51260543129385]},"properties":{"substrate":"Mud","lease_number":null,"poll_year":2025}},{"type":"Feature","id":"1cb9b255-bfb8-485a-aae8-ef84ff924ed9","geometry":{"type":"Point","coordinates":[-94.82681346165343,29.5150562152393]},"properties":{"substrate":"Mud","lease_number":null,"poll_year":2025}},{"type":"Feature","id":"1d10c0c6-3677-470d-a602-bf6f98083de1","geometry":{"type":"Point","coordinates":[-94.82631230592946,29.51136796966275]},"properties":{"substrate":"Mud","lease_number":null,"poll_year":2025}},{"type":"Feature","id":"1d503c61-a9c0-4e43-96ef-9dedca64f8bd","geometry":{"type":"Point","coordinates":[-94.82015664985236,29.51356265865866]},"properties":{"substrate":"Mud","lease_number":null,"poll_year":2025}},{"type":"Feature","id":"1d7d5d4e-b55f-4c23-b3dc-982dd103efae","geometry":{"type":"Point","coordinates":[-94.82954286059187,29.51446646367324]},"properties":{"substrate":"Mud","lease_number":null,"poll_year":2025}},{"type":"Feature","id":"1d852991-35fd-4222-ae22-54b77f5bf56c","geometry":{"type":"Point","coordinates":[-94.82751177961596,29.508239987059145]},"properties":{"substrate":"Mud","lease_number":null,"poll_year":2025}},{"type":"Feature","id":"1d8a18e8-3313-48c2-9a48-6a6ab9225351","geometry":{"type":"Point","coordinates":[-94.82089700717357,29.513423196088066]},"properties":{"substrate":"Mud","lease_number":null,"poll_year":2025}},{"type":"Feature","id":"1d8b4cf8-ae37-4b97-b100-c6cff5d0f600","geometry":{"type":"Point","coordinates":[-94.81345735761987,29.51524847168253]},"properties":{"substrate":"Buried Shell","lease_number":null,"poll_year":2025}},{"type":"Feature","id":"1d8db29d-184d-41a4-ac49-01c4e2df441b","geometry":{"type":"Point","coordinates":[-94.82484664255966,29.515130134752095]},"properties":{"substrate":"Mud","lease_number":null,"poll_year":2025}},{"type":"Feature","id":"1da3567b-fb71-4bb3-8f48-39d343a253a3","geometry":{"type":"Point","coordinates":[-94.82523498515532,29.511828792334093]},"properties":{"substrate":"Mud","lease_number":null,"poll_year":2025}},{"type":"Feature","id":"1dd44f0c-ecf3-4f94-a09a-f0012942d8c6","geometry":{"type":"Point","coordinates":[-94.82406161830761,29.514431988058483]},"properties":{"substrate":"Mud","lease_number":null,"poll_year":2025}},{"type":"Feature","id":"1df84c77-3e3b-40d6-9f42-e33ed72329ca","geometry":{"type":"Point","coordinates":[-94.82934375978894,29.514981681226313]},"properties":{"substrate":"Mud","lease_number":null,"poll_year":2025}},{"type":"Feature","id":"1e0126cf-7d31-42f6-97a3-71e7277add8e","geometry":{"type":"Point","coordinates":[-94.82921480842653,29.514301674647285]},"properties":{"substrate":"Mud","lease_number":null,"poll_year":2025}},{"type":"Feature","id":"1e032054-e90d-4c5d-850e-acdd4267e6ae","geometry":{"type":"Point","coordinates":[-94.82613500634014,29.513511099947696]},"properties":{"substrate":"Mud","lease_number":null,"poll_year":2025}},{"type":"Feature","id":"1e4459bb-29e4-46a6-8082-5b41c52eff5a","geometry":{"type":"Point","coordinates":[-94.83205775262026,29.506035736867293]},"properties":{"substrate":"Mud","lease_number":null,"poll_year":2025}},{"type":"Feature","id":"1e6799f6-480f-4441-8239-b4c7814be042","geometry":{"type":"Point","coordinates":[-94.81763270370425,29.511877379642527]},"properties":{"substrate":"Buried Shell","lease_number":null,"poll_year":2025}},{"type":"Feature","id":"1e6e69ea-58e3-4db2-8e88-046c5eaada43","geometry":{"type":"Point","coordinates":[-94.83055215105126,29.507728579272083]},"properties":{"substrate":"Mud","lease_number":null,"poll_year":2025}},{"type":"Feature","id":"1ecea503-be17-4a85-88ed-b7e6eb4ff7f6","geometry":{"type":"Point","coordinates":[-94.82431165089221,29.510890908319343]},"properties":{"substrate":"Mud","lease_number":null,"poll_year":2025}},{"type":"Feature","id":"1ed13c80-e242-4752-a475-a7afa2503f65","geometry":{"type":"Point","coordinates":[-94.82778739442321,29.510762301645162]},"properties":{"substrate":"Mud","lease_number":null,"poll_year":2025}},{"type":"Feature","id":"1effd1f3-d464-4331-a204-e42c5158a347","geometry":{"type":"Point","coordinates":[-94.81669697538517,29.515487684982723]},"properties":{"substrate":"Mud","lease_number":null,"poll_year":2025}},{"type":"Feature","id":"1f0e33e6-4a0d-4356-a4ea-16ef59208d9b","geometry":{"type":"Point","coordinates":[-94.8308994756727,29.507342468386952]},"properties":{"substrate":"Mud","lease_number":null,"poll_year":2025}},{"type":"Feature","id":"1f140bf1-d5bb-4806-81fb-a44ecd80e3fc","geometry":{"type":"Point","coordinates":[-94.81860268837836,29.515540431703958]},"properties":{"substrate":"Mud","lease_number":null,"poll_year":2025}},{"type":"Feature","id":"1f1cc49d-693c-4325-88f7-f1a1164dc7d6","geometry":{"type":"Point","coordinates":[-94.82126613121203,29.51091245310898]},"properties":{"substrate":"Mud","lease_number":null,"poll_year":2025}},{"type":"Feature","id":"1f2feb6d-0add-43ff-88d2-3c2c7661173f","geometry":{"type":"Point","coordinates":[-94.8216878426272,29.51500166870489]},"properties":{"substrate":"Mud","lease_number":null,"poll_year":2025}},{"type":"Feature","id":"1f49afe7-88eb-4441-a3f8-04dbcedfbf7a","geometry":{"type":"Point","coordinates":[-94.81288393871948,29.51416628520177]},"properties":{"substrate":"Mud","lease_number":null,"poll_year":2025}},{"type":"Feature","id":"1f5442da-b2c0-4698-b76d-3b150a4f573b","geometry":{"type":"Point","coordinates":[-94.82486252028232,29.51044127793468]},"properties":{"substrate":"Mud","lease_number":null,"poll_year":2025}},{"type":"Feature","id":"1f80b357-6d0b-4aaf-b9c8-5b8732b101bb","geometry":{"type":"Point","coordinates":[-94.81294038256374,29.514643872072448]},"properties":{"substrate":"Mud","lease_number":null,"poll_year":2025}},{"type":"Feature","id":"1f93af6b-e229-4844-b644-fbb8fb34f6d9","geometry":{"type":"Point","coordinates":[-94.829688234056,29.510197301078804]},"properties":{"substrate":"Mud","lease_number":null,"poll_year":2025}},{"type":"Feature","id":"1f973393-7f9d-4bb9-9ead-dec18fbac1c1","geometry":{"type":"Point","coordinates":[-94.82481769524794,29.513531094752377]},"properties":{"substrate":"Mud","lease_number":null,"poll_year":2025}},{"type":"Feature","id":"1f9c1856-4bdb-4a6a-a556-01915044ec08","geometry":{"type":"Point","coordinates":[-94.82830145444623,29.5092202166646]},"properties":{"substrate":"Mud","lease_number":null,"poll_year":2025}},{"type":"Feature","id":"1fa44fd6-5b45-4ea0-8af9-f7f6f79ae6c5","geometry":{"type":"Point","coordinates":[-94.81714306078896,29.515561104652566]},"properties":{"substrate":"Mud","lease_number":null,"poll_year":2025}},{"type":"Feature","id":"1fcbddff-1e82-4319-90f3-8f6d863f2d5d","geometry":{"type":"Point","coordinates":[-94.82405408773057,29.51469571006943]},"properties":{"substrate":"Mud","lease_number":null,"poll_year":2025}},{"type":"Feature","id":"20086f49-0d56-4bd7-b7a7-7d2af99ad002","geometry":{"type":"Point","coordinates":[-94.8288028509187,29.51316534719261]},"properties":{"substrate":"Mud","lease_number":null,"poll_year":2025}},{"type":"Feature","id":"204ad127-d329-4e8f-8768-0490962a28bc","geometry":{"type":"Point","coordinates":[-94.81258731860592,29.505270204760265]},"properties":{"substrate":"Buried Shell","lease_number":null,"poll_year":2025}},{"type":"Feature","id":"20557662-d59f-4da1-8a81-ae5807a835d4","geometry":{"type":"Point","coordinates":[-94.82666213056235,29.512519269184395]},"properties":{"substrate":"Mud","lease_number":null,"poll_year":2025}},{"type":"Feature","id":"2087955f-8554-48f1-ac53-f55d1691ef12","geometry":{"type":"Point","coordinates":[-94.81624331359028,29.515390753801256]},"properties":{"substrate":"Mud","lease_number":null,"poll_year":2025}},{"type":"Feature","id":"20bd80b1-4d30-45a8-bc9d-ab49d077148f","geometry":{"type":"Point","coordinates":[-94.81400132615194,29.506494294690892]},"properties":{"substrate":"Mud","lease_number":null,"poll_year":2025}},{"type":"Feature","id":"20de163e-ec91-4189-a8bb-468578144b2f","geometry":{"type":"Point","coordinates":[-94.82900266318734,29.514722507343027]},"properties":{"substrate":"Mud","lease_number":null,"poll_year":2025}},{"type":"Feature","id":"20e2a171-250b-4981-89bd-f7cd1757371b","geometry":{"type":"Point","coordinates":[-94.82068290181043,29.51300049194442]},"properties":{"substrate":"Mud","lease_number":null,"poll_year":2025}},{"type":"Feature","id":"20f0b276-64ef-4bae-a322-e0f47ed2a49b","geometry":{"type":"Point","coordinates":[-94.83305457087023,29.50537363623941]},"properties":{"substrate":"Mud","lease_number":null,"poll_year":2025}},{"type":"Feature","id":"20ff02fd-91bd-40fd-bbd9-5c31e30dbe02","geometry":{"type":"Point","coordinates":[-94.83359187659786,29.506734615384346]},"properties":{"substrate":"Mud","lease_number":null,"poll_year":2025}},{"type":"Feature","id":"21013add-9166-4353-8a6b-2e237d9d23e6","geometry":{"type":"Point","coordinates":[-94.81860192391204,29.51216859420836]},"properties":{"substrate":"Buried Shell","lease_number":null,"poll_year":2025}},{"type":"Feature","id":"2116af52-eac1-4086-9315-8109ba81abc5","geometry":{"type":"Point","coordinates":[-94.82191084041334,29.514306740344303]},"properties":{"substrate":"Mud","lease_number":null,"poll_year":2025}},{"type":"Feature","id":"215be981-8972-468e-90f4-6c8b3830af32","geometry":{"type":"Point","coordinates":[-94.83124188920449,29.509268988943987]},"properties":{"substrate":"Mud","lease_number":null,"poll_year":2025}},{"type":"Feature","id":"21627204-2c25-45e8-ad99-46a3d3a99643","geometry":{"type":"Point","coordinates":[-94.81845759069704,29.514715570180833]},"properties":{"substrate":"Buried Shell","lease_number":null,"poll_year":2025}},{"type":"Feature","id":"216b9f0f-5185-45ac-a4ba-d4b6b81b7ef0","geometry":{"type":"Point","coordinates":[-94.82950580598472,29.508996037120248]},"properties":{"substrate":"Mud","lease_number":null,"poll_year":2025}},{"type":"Feature","id":"218f44e2-a716-4fe6-ba5b-3bdaa39fac11","geometry":{"type":"Point","coordinates":[-94.82136447697269,29.51414774378571]},"properties":{"substrate":"Mud","lease_number":null,"poll_year":2025}},{"type":"Feature","id":"21d626d3-14b6-4968-b1a5-2d380a55de1d","geometry":{"type":"Point","coordinates":[-94.83079644789278,29.510518546804686]},"properties":{"substrate":"Mud","lease_number":null,"poll_year":2025}},{"type":"Feature","id":"21e22f5a-09e5-4167-9c0e-d87edfc276e9","geometry":{"type":"Point","coordinates":[-94.82692768962832,29.50848920583215]},"properties":{"substrate":"Mud","lease_number":null,"poll_year":2025}},{"type":"Feature","id":"2214e402-58cd-4520-9e06-147bbba2baa2","geometry":{"type":"Point","coordinates":[-94.82488149809102,29.51329814178153]},"properties":{"substrate":"Mud","lease_number":null,"poll_year":2025}},{"type":"Feature","id":"223ac811-fc70-4653-934f-a51d46a555b0","geometry":{"type":"Point","coordinates":[-94.82230449923883,29.512292707891007]},"properties":{"substrate":"Mud","lease_number":null,"poll_year":2025}},{"type":"Feature","id":"22748fac-0795-4832-b2ba-0ad09ca284dc","geometry":{"type":"Point","coordinates":[-94.82604177019682,29.513020922286646]},"properties":{"substrate":"Mud","lease_number":null,"poll_year":2025}},{"type":"Feature","id":"2274cfb4-9e4e-4fd6-9ef8-25145c8c4512","geometry":{"type":"Point","coordinates":[-94.83257029628709,29.505812684676005]},"properties":{"substrate":"Mud","lease_number":null,"poll_year":2025}},{"type":"Feature","id":"227bd98d-5ec2-4cf3-a0a4-5d07468de756","geometry":{"type":"Point","coordinates":[-94.82459490227772,29.50922758965636]},"properties":{"substrate":"Solid Reef","lease_number":null,"poll_year":2025}},{"type":"Feature","id":"228bd2b1-a4f8-4107-b224-6f04477d10a2","geometry":{"type":"Point","coordinates":[-94.8234577815534,29.509706998702768]},"properties":{"substrate":"Mud","lease_number":null,"poll_year":2025}},{"type":"Feature","id":"228caaf0-7d23-443a-bac5-23f5df6dcc52","geometry":{"type":"Point","coordinates":[-94.82736221012115,29.511195976296705]},"properties":{"substrate":"Mud","lease_number":null,"poll_year":2025}},{"type":"Feature","id":"22b0d188-ac24-48f1-ade5-7ce85b72e5db","geometry":{"type":"Point","coordinates":[-94.8121384151871,29.50623536332634]},"properties":{"substrate":"Mud","lease_number":null,"poll_year":2025}},{"type":"Feature","id":"22bc4e3b-044f-4d6f-9264-f91b3f9bca21","geometry":{"type":"Point","coordinates":[-94.82108277068949,29.515270089809523]},"properties":{"substrate":"Mud","lease_number":null,"poll_year":2025}},{"type":"Feature","id":"22bec03c-4784-454f-8b08-a8196b891881","geometry":{"type":"Point","coordinates":[-94.81395560729389,29.50600824930353]},"properties":{"substrate":"Buried Shell","lease_number":null,"poll_year":2025}},{"type":"Feature","id":"22d50c3c-ce4a-4e45-b3c1-5994753568ce","geometry":{"type":"Point","coordinates":[-94.82451446263559,29.511619307915165]},"properties":{"substrate":"Mud","lease_number":null,"poll_year":2025}},{"type":"Feature","id":"22dc1d6d-0c9d-4d36-ae83-7f381aab67b0","geometry":{"type":"Point","coordinates":[-94.83211157607884,29.50760287529464]},"properties":{"substrate":"Mud","lease_number":null,"poll_year":2025}},{"type":"Feature","id":"22f37589-6b6d-4a7a-8310-bf29f4303ed3","geometry":{"type":"Point","coordinates":[-94.83363130096073,29.50722518233172]},"properties":{"substrate":"Mud","lease_number":null,"poll_year":2025}},{"type":"Feature","id":"22f81180-1050-4c83-88d6-581a640a62f7","geometry":{"type":"Point","coordinates":[-94.82669834883798,29.51301014738063]},"properties":{"substrate":"Mud","lease_number":null,"poll_year":2025}},{"type":"Feature","id":"23332024-fd5a-4e10-b0bd-94def4403c40","geometry":{"type":"Point","coordinates":[-94.83113587542455,29.50983223569144]},"properties":{"substrate":"Mud","lease_number":null,"poll_year":2025}},{"type":"Feature","id":"234bcbcd-9dea-4cfc-913c-ea931acb1a46","geometry":{"type":"Point","coordinates":[-94.81633099275527,29.513525498208754]},"properties":{"substrate":"Mud","lease_number":null,"poll_year":2025}},{"type":"Feature","id":"2355614a-c6b9-408b-9eab-99dddb45c00a","geometry":{"type":"Point","coordinates":[-94.82097550196309,29.513932287716365]},"properties":{"substrate":"Mud","lease_number":null,"poll_year":2025}},{"type":"Feature","id":"2372e80c-7b1c-4e6f-bb46-423c7e8bd33a","geometry":{"type":"Point","coordinates":[-94.81875585203262,29.511516733377228]},"properties":{"substrate":"Solid Reef","lease_number":null,"poll_year":2025}},{"type":"Feature","id":"238d1742-03de-40e1-991c-055acff3f67d","geometry":{"type":"Point","coordinates":[-94.81668916094051,29.513643911281445]},"properties":{"substrate":"Mud","lease_number":null,"poll_year":2025}},{"type":"Feature","id":"23afe37a-13aa-461e-b5b1-2bf7d7cf368e","geometry":{"type":"Point","coordinates":[-94.82008885309956,29.51262564516925]},"properties":{"substrate":"Mud","lease_number":null,"poll_year":2025}},{"type":"Feature","id":"23c1662e-e79e-40b4-a8f5-13d2158ea833","geometry":{"type":"Point","coordinates":[-94.8281364545898,29.510102561620933]},"properties":{"substrate":"Mud","lease_number":null,"poll_year":2025}},{"type":"Feature","id":"23d00394-37ca-47a0-9b14-a6e944f5e4fd","geometry":{"type":"Point","coordinates":[-94.81313939173853,29.50713030875023]},"properties":{"substrate":"Solid Reef","lease_number":null,"poll_year":2025}},{"type":"Feature","id":"23db0664-a089-4e33-b742-ca83b2c55286","geometry":{"type":"Point","coordinates":[-94.81651736443064,29.512877393065082]},"properties":{"substrate":"Buried Shell","lease_number":null,"poll_year":2025}},{"type":"Feature","id":"23e6be88-8cb4-4a88-ad3e-de57b2cbed6e","geometry":{"type":"Point","coordinates":[-94.83019005094,29.513699935269603]},"properties":{"substrate":"Mud","lease_number":null,"poll_year":2025}},{"type":"Feature","id":"23f74f54-7301-42ef-95d6-043539256646","geometry":{"type":"Point","coordinates":[-94.82070955302828,29.512452231141243]},"properties":{"substrate":"Mud","lease_number":null,"poll_year":2025}},{"type":"Feature","id":"23fb9878-72ee-4d0f-8a5d-797707415f43","geometry":{"type":"Point","coordinates":[-94.82408405373182,29.510240787308494]},"properties":{"substrate":"Mud","lease_number":null,"poll_year":2025}},{"type":"Feature","id":"241a4cbf-aa98-47df-b405-8f859665dbc9","geometry":{"type":"Point","coordinates":[-94.82759513698612,29.513954235239627]},"properties":{"substrate":"Mud","lease_number":null,"poll_year":2025}},{"type":"Feature","id":"243428ae-312d-4537-8397-a321ef12d5e6","geometry":{"type":"Point","coordinates":[-94.8143336812475,29.513288702136105]},"properties":{"substrate":"Solid Reef","lease_number":null,"poll_year":2025}},{"type":"Feature","id":"247253cd-eaf9-4643-959b-4ffa84ba07b3","geometry":{"type":"Point","coordinates":[-94.83134940496761,29.51213381136092]},"properties":{"substrate":"Mud","lease_number":null,"poll_year":2025}},{"type":"Feature","id":"248a18bd-8fb7-4232-9ce9-f5070c5765bd","geometry":{"type":"Point","coordinates":[-94.82444783638759,29.510830024856507]},"properties":{"substrate":"Mud","lease_number":null,"poll_year":2025}},{"type":"Feature","id":"24a22cd9-d660-4bef-b827-97144496dd68","geometry":{"type":"Point","coordinates":[-94.81245611965869,29.514613781303353]},"properties":{"substrate":"Mud","lease_number":null,"poll_year":2025}},{"type":"Feature","id":"24ae0d93-ca73-43c1-bed5-3dde77c49577","geometry":{"type":"Point","coordinates":[-94.8329990981048,29.506682136923242]},"properties":{"substrate":"Mud","lease_number":null,"poll_year":2025}},{"type":"Feature","id":"24d60465-a328-4ce0-b83c-f2e1c371f211","geometry":{"type":"Point","coordinates":[-94.81611968025436,29.51572752466688]},"properties":{"substrate":"Mud","lease_number":null,"poll_year":2025}},{"type":"Feature","id":"24fbc6c3-4179-4301-8b41-cbd9eb29f6e9","geometry":{"type":"Point","coordinates":[-94.81462514503131,29.513920612335685]},"properties":{"substrate":"Buried Shell","lease_number":null,"poll_year":2025}},{"type":"Feature","id":"25054b74-65a9-42c8-be0b-bb0476b29c86","geometry":{"type":"Point","coordinates":[-94.82161702214515,29.512597923304284]},"properties":{"substrate":"Mud","lease_number":null,"poll_year":2025}},{"type":"Feature","id":"250ea9ca-a34e-4472-b1a1-8c6dd55b31a4","geometry":{"type":"Point","coordinates":[-94.82630455077363,29.51085415028189]},"properties":{"substrate":"Mud","lease_number":null,"poll_year":2025}},{"type":"Feature","id":"2534b307-13a8-4d63-81a4-c0ffaed48ba3","geometry":{"type":"Point","coordinates":[-94.82945688912424,29.511078543824695]},"properties":{"substrate":"Mud","lease_number":null,"poll_year":2025}},{"type":"Feature","id":"2539ce1c-c9f9-4327-b651-7b070e1ba996","geometry":{"type":"Point","coordinates":[-94.82694829787926,29.50796071166997]},"properties":{"substrate":"Mud","lease_number":null,"poll_year":2025}},{"type":"Feature","id":"25478570-fbe4-4c7f-bb75-b5976d3b3c65","geometry":{"type":"Point","coordinates":[-94.82576001989615,29.51185693265256]},"properties":{"substrate":"Mud","lease_number":null,"poll_year":2025}},{"type":"Feature","id":"254c9626-2629-4a60-b989-b24d0ae9a79c","geometry":{"type":"Point","coordinates":[-94.81421386575154,29.514938733305982]},"properties":{"substrate":"Buried Shell","lease_number":null,"poll_year":2025}},{"type":"Feature","id":"255faebe-e856-49cd-8f88-c7674b22129f","geometry":{"type":"Point","coordinates":[-94.8226068398241,29.51478223461681]},"properties":{"substrate":"Mud","lease_number":null,"poll_year":2025}},{"type":"Feature","id":"2562f8b9-bd5c-44b6-9cfe-7983cceaac86","geometry":{"type":"Point","coordinates":[-94.81690613642097,29.514840295969115]},"properties":{"substrate":"Mud","lease_number":null,"poll_year":2025}},{"type":"Feature","id":"257a9af3-f45a-4e71-8205-8a04e3330493","geometry":{"type":"Point","coordinates":[-94.82308628506429,29.515082834963035]},"properties":{"substrate":"Mud","lease_number":null,"poll_year":2025}},{"type":"Feature","id":"258b4c46-1f79-410b-a9ec-809dfeddbf47","geometry":{"type":"Point","coordinates":[-94.81306245283106,29.5145939547869]},"properties":{"substrate":"Mud","lease_number":null,"poll_year":2025}},{"type":"Feature","id":"25915a30-1417-4b6f-9935-9b87f9c78db3","geometry":{"type":"Point","coordinates":[-94.82591368481035,29.509982283776722]},"properties":{"substrate":"Mud","lease_number":null,"poll_year":2025}},{"type":"Feature","id":"25a89963-81e9-4f38-9dde-34f51f33b503","geometry":{"type":"Point","coordinates":[-94.8337394617142,29.50821381819241]},"properties":{"substrate":"Mud","lease_number":null,"poll_year":2025}},{"type":"Feature","id":"25abe6b1-949e-40d6-a617-e71274997b4d","geometry":{"type":"Point","coordinates":[-94.81239324657194,29.506952289105055]},"properties":{"substrate":"Solid Reef","lease_number":null,"poll_year":2025}},{"type":"Feature","id":"25b98d24-30e8-4030-a50e-590744065a5a","geometry":{"type":"Point","coordinates":[-94.82582092836736,29.51209711787921]},"properties":{"substrate":"Mud","lease_number":null,"poll_year":2025}},{"type":"Feature","id":"2618d6a1-b14d-45c8-aee0-1bd8df8eb5ab","geometry":{"type":"Point","coordinates":[-94.83071840136257,29.506347434326667]},"properties":{"substrate":"Solid Reef","lease_number":null,"poll_year":2025}},{"type":"Feature","id":"262f4f15-8af1-4b11-b583-8158490b8e36","geometry":{"type":"Point","coordinates":[-94.8288626472756,29.511559433366692]},"properties":{"substrate":"Mud","lease_number":null,"poll_year":2025}},{"type":"Feature","id":"264229db-06fe-4621-b288-522e6b6ef48f","geometry":{"type":"Point","coordinates":[-94.83161795901673,29.508080267195403]},"properties":{"substrate":"Mud","lease_number":null,"poll_year":2025}},{"type":"Feature","id":"265f51c9-29fe-4f7b-9f34-9e09749475a2","geometry":{"type":"Point","coordinates":[-94.8221883488692,29.51391431067832]},"properties":{"substrate":"Mud","lease_number":null,"poll_year":2025}},{"type":"Feature","id":"26615ae7-52d3-4ed3-9497-4c089ecc2372","geometry":{"type":"Point","coordinates":[-94.82276927139716,29.512372395671427]},"properties":{"substrate":"Mud","lease_number":null,"poll_year":2025}},{"type":"Feature","id":"266d93fe-7e1a-445b-bd1f-0566c08c27d5","geometry":{"type":"Point","coordinates":[-94.82769991827747,29.510013302327884]},"properties":{"substrate":"Mud","lease_number":null,"poll_year":2025}},{"type":"Feature","id":"2671044d-47ea-4fa6-991e-506909a25ab6","geometry":{"type":"Point","coordinates":[-94.82421496791312,29.51601838184858]},"properties":{"substrate":"Mud","lease_number":null,"poll_year":2025}},{"type":"Feature","id":"267eaf6f-6862-4b43-8dd1-172338737ae8","geometry":{"type":"Point","coordinates":[-94.81567841341375,29.51346720392252]},"properties":{"substrate":"Buried Shell","lease_number":null,"poll_year":2025}},{"type":"Feature","id":"26832e3b-6593-4811-95a7-c43e53733472","geometry":{"type":"Point","coordinates":[-94.81296801474187,29.515746573137715]},"properties":{"substrate":"Solid Reef","lease_number":null,"poll_year":2025}},{"type":"Feature","id":"26836644-4a2c-49a5-b826-fb35263f205d","geometry":{"type":"Point","coordinates":[-94.82143164670143,29.515785496359396]},"properties":{"substrate":"Mud","lease_number":null,"poll_year":2025}},{"type":"Feature","id":"268e96f1-f636-46af-a51c-21a03175c5cd","geometry":{"type":"Point","coordinates":[-94.8314207976765,29.51126955777842]},"properties":{"substrate":"Mud","lease_number":null,"poll_year":2025}},{"type":"Feature","id":"268f1202-8049-4ae7-8e92-4d7ff69c8c55","geometry":{"type":"Point","coordinates":[-94.82607428022695,29.5153557297233]},"properties":{"substrate":"Mud","lease_number":null,"poll_year":2025}},{"type":"Feature","id":"26982c83-9dbc-449c-9463-7bd5aa6bbc18","geometry":{"type":"Point","coordinates":[-94.82258009787643,29.515573355981715]},"properties":{"substrate":"Mud","lease_number":null,"poll_year":2025}},{"type":"Feature","id":"26e4fcb5-7c6a-4e46-8b7f-1383f1fb5fbf","geometry":{"type":"Point","coordinates":[-94.81605477607675,29.513072008286844]},"properties":{"substrate":"Buried Shell","lease_number":null,"poll_year":2025}},{"type":"Feature","id":"26f31e99-5c3c-456e-a7bd-48832811df88","geometry":{"type":"Point","coordinates":[-94.82203916205671,29.515006452941236]},"properties":{"substrate":"Mud","lease_number":null,"poll_year":2025}},{"type":"Feature","id":"270978f7-fa33-4312-84c0-82b7df9b76d1","geometry":{"type":"Point","coordinates":[-94.82942098885222,29.50929240801044]},"properties":{"substrate":"Mud","lease_number":null,"poll_year":2025}},{"type":"Feature","id":"2719653d-9cdb-4a7c-813a-ca2f8df48f35","geometry":{"type":"Point","coordinates":[-94.83058466018306,29.50953668881444]},"properties":{"substrate":"Mud","lease_number":null,"poll_year":2025}},{"type":"Feature","id":"275d5835-bdbc-4388-b1d8-ea650f88abc0","geometry":{"type":"Point","coordinates":[-94.83234959728978,29.508578590773347]},"properties":{"substrate":"Mud","lease_number":null,"poll_year":2025}},{"type":"Feature","id":"27757156-d744-4c40-8afb-563485fd8502","geometry":{"type":"Point","coordinates":[-94.82755045388556,29.513158527186526]},"properties":{"substrate":"Mud","lease_number":null,"poll_year":2025}},{"type":"Feature","id":"2781c846-fe3f-44b2-9b9f-ae12a6d2a9f3","geometry":{"type":"Point","coordinates":[-94.8296803297798,29.512015595088904]},"properties":{"substrate":"Mud","lease_number":null,"poll_year":2025}},{"type":"Feature","id":"278c01e6-7366-4a26-b8b9-c4fa8b3faf4f","geometry":{"type":"Point","coordinates":[-94.83151322443776,29.509678066626247]},"properties":{"substrate":"Mud","lease_number":null,"poll_year":2025}},{"type":"Feature","id":"279c0749-81c5-4ae9-b85b-7e09a1664431","geometry":{"type":"Point","coordinates":[-94.81795041266741,29.513246081833053]},"properties":{"substrate":"Mud","lease_number":null,"poll_year":2025}},{"type":"Feature","id":"279c5fb1-1424-4e67-97a0-7e406ee821f6","geometry":{"type":"Point","coordinates":[-94.81338280104453,29.506763302816417]},"properties":{"substrate":"Buried Shell","lease_number":null,"poll_year":2025}},{"type":"Feature","id":"27ae2417-f8f8-4fe7-abd2-557ec63aa622","geometry":{"type":"Point","coordinates":[-94.82051882182884,29.512955755312543]},"properties":{"substrate":"Mud","lease_number":null,"poll_year":2025}},{"type":"Feature","id":"27b938cc-bedc-4e7e-a87e-906c3189d0ca","geometry":{"type":"Point","coordinates":[-94.81654325028387,29.51476188671285]},"properties":{"substrate":"Mud","lease_number":null,"poll_year":2025}},{"type":"Feature","id":"280bcc22-08f8-4cc5-a6c3-fd5e5db60763","geometry":{"type":"Point","coordinates":[-94.82299868315441,29.510156536190628]},"properties":{"substrate":"Mud","lease_number":null,"poll_year":2025}},{"type":"Feature","id":"280c3fa6-6e79-409d-bb5f-0a12a23bb8b4","geometry":{"type":"Point","coordinates":[-94.82238630342185,29.514647481369387]},"properties":{"substrate":"Mud","lease_number":null,"poll_year":2025}},{"type":"Feature","id":"2815658b-4ac2-4af2-aff1-81852cf4bddd","geometry":{"type":"Point","coordinates":[-94.81716661102244,29.515024777658617]},"properties":{"substrate":"Mud","lease_number":null,"poll_year":2025}},{"type":"Feature","id":"284d3147-1b08-4665-9070-273bc7af4d78","geometry":{"type":"Point","coordinates":[-94.83286270869185,29.507855373694845]},"properties":{"substrate":"Mud","lease_number":null,"poll_year":2025}},{"type":"Feature","id":"28772b2d-aef6-4bf0-a257-ef446c3752ec","geometry":{"type":"Point","coordinates":[-94.83327771957335,29.50790860597777]},"properties":{"substrate":"Mud","lease_number":null,"poll_year":2025}},{"type":"Feature","id":"28807022-f03f-4ffe-8727-7c331d321d40","geometry":{"type":"Point","coordinates":[-94.82838735674359,29.514127907015215]},"properties":{"substrate":"Mud","lease_number":null,"poll_year":2025}},{"type":"Feature","id":"28893042-b3e4-4610-b610-316572f56fd5","geometry":{"type":"Point","coordinates":[-94.82840503019851,29.508118572623005]},"properties":{"substrate":"Mud","lease_number":null,"poll_year":2025}},{"type":"Feature","id":"28a08cd0-7e90-4f52-a77e-83ce0edec0a3","geometry":{"type":"Point","coordinates":[-94.81561708632762,29.514034003795196]},"properties":{"substrate":"Mud","lease_number":null,"poll_year":2025}},{"type":"Feature","id":"28a8c1de-15e7-4538-980f-c8f7764b5f16","geometry":{"type":"Point","coordinates":[-94.81680730557007,29.51326506666732]},"properties":{"substrate":"Mud","lease_number":null,"poll_year":2025}},{"type":"Feature","id":"28cdbb84-509e-496a-bc3c-2fb3e3e104d8","geometry":{"type":"Point","coordinates":[-94.82630350064304,29.51576313882393]},"properties":{"substrate":"Mud","lease_number":null,"poll_year":2025}},{"type":"Feature","id":"28f2d26b-72e3-4dc0-9f36-c0bb09942f5a","geometry":{"type":"Point","coordinates":[-94.82852723700977,29.507803725297734]},"properties":{"substrate":"Mud","lease_number":null,"poll_year":2025}},{"type":"Feature","id":"28f9f3aa-f55b-4d19-8aee-cdd3b5765998","geometry":{"type":"Point","coordinates":[-94.82375883036131,29.51427850533423]},"properties":{"substrate":"Mud","lease_number":null,"poll_year":2025}},{"type":"Feature","id":"2908dfb7-b420-453c-b4bc-4e54fd6bbfe8","geometry":{"type":"Point","coordinates":[-94.82211622493169,29.515306188021878]},"properties":{"substrate":"Mud","lease_number":null,"poll_year":2025}},{"type":"Feature","id":"29129fb6-01ac-4569-890b-71185364dacb","geometry":{"type":"Point","coordinates":[-94.82390733984408,29.510029119228882]},"properties":{"substrate":"Buried Shell","lease_number":null,"poll_year":2025}},{"type":"Feature","id":"29435632-5325-4809-ba02-381e191ab37c","geometry":{"type":"Point","coordinates":[-94.82640194342179,29.508437928326217]},"properties":{"substrate":"Mud","lease_number":null,"poll_year":2025}},{"type":"Feature","id":"294554f6-ccc7-4fc6-bcaf-5207cfdd3faf","geometry":{"type":"Point","coordinates":[-94.82093511640286,29.514942569296544]},"properties":{"substrate":"Mud","lease_number":null,"poll_year":2025}},{"type":"Feature","id":"294acc36-115d-4118-9589-c51755ece7c0","geometry":{"type":"Point","coordinates":[-94.82700486299608,29.51524288070594]},"properties":{"substrate":"Mud","lease_number":null,"poll_year":2025}},{"type":"Feature","id":"299b38f0-bf79-45e3-af70-a0278b62cbe6","geometry":{"type":"Point","coordinates":[-94.82296011578433,29.513840017384222]},"properties":{"substrate":"Mud","lease_number":null,"poll_year":2025}},{"type":"Feature","id":"29a7c486-db17-4874-8264-385bba027c18","geometry":{"type":"Point","coordinates":[-94.82507207028864,29.51473145670368]},"properties":{"substrate":"Mud","lease_number":null,"poll_year":2025}},{"type":"Feature","id":"29ce6540-8e71-4239-a54f-4c416f8f4bdd","geometry":{"type":"Point","coordinates":[-94.82579947659838,29.5105674466692]},"properties":{"substrate":"Mud","lease_number":null,"poll_year":2025}},{"type":"Feature","id":"29d70cb4-5c16-4de0-9bff-795cc66ad11a","geometry":{"type":"Point","coordinates":[-94.82280443325399,29.510508521352353]},"properties":{"substrate":"Mud","lease_number":null,"poll_year":2025}},{"type":"Feature","id":"29d7e76d-c01e-40bf-bd60-d408caeee034","geometry":{"type":"Point","coordinates":[-94.82356335336222,29.511522018107765]},"properties":{"substrate":"Mud","lease_number":null,"poll_year":2025}},{"type":"Feature","id":"29e890e3-dd90-4a8d-88e1-0dc4ce9af1a8","geometry":{"type":"Point","coordinates":[-94.82757292344577,29.50953919520165]},"properties":{"substrate":"Mud","lease_number":null,"poll_year":2025}},{"type":"Feature","id":"29fd0b1d-229c-4f07-b64e-ff02c200792a","geometry":{"type":"Point","coordinates":[-94.8254217700557,29.509376927998535]},"properties":{"substrate":"Mud","lease_number":null,"poll_year":2025}},{"type":"Feature","id":"2a088572-0b59-4bc6-97c1-518c285e4059","geometry":{"type":"Point","coordinates":[-94.82746620808159,29.51189738727818]},"properties":{"substrate":"Mud","lease_number":null,"poll_year":2025}},{"type":"Feature","id":"2a15d4ce-4538-4d7f-a78e-6a39f99632b9","geometry":{"type":"Point","coordinates":[-94.83049100003491,29.510656940786873]},"properties":{"substrate":"Mud","lease_number":null,"poll_year":2025}},{"type":"Feature","id":"2a2fe81d-89d3-452f-92d4-4f414e786462","geometry":{"type":"Point","coordinates":[-94.82206064796169,29.512178288030103]},"properties":{"substrate":"Mud","lease_number":null,"poll_year":2025}},{"type":"Feature","id":"2a357cd4-099b-405b-b517-7eadddb7123c","geometry":{"type":"Point","coordinates":[-94.8264199815927,29.5149759073083]},"properties":{"substrate":"Mud","lease_number":null,"poll_year":2025}},{"type":"Feature","id":"2a454d49-22fa-4440-ac26-06507b1f305e","geometry":{"type":"Point","coordinates":[-94.8264659142498,29.509745197192952]},"properties":{"substrate":"Mud","lease_number":null,"poll_year":2025}},{"type":"Feature","id":"2a528478-12c7-479c-a0cd-c6371818e129","geometry":{"type":"Point","coordinates":[-94.83086015102283,29.50655424181574]},"properties":{"substrate":"Mud","lease_number":null,"poll_year":2025}},{"type":"Feature","id":"2a5a4773-8906-4073-9344-10340405d617","geometry":{"type":"Point","coordinates":[-94.8272469625584,29.511498504963587]},"properties":{"substrate":"Mud","lease_number":null,"poll_year":2025}},{"type":"Feature","id":"2a5cb87b-f176-4eac-b4fd-6e4ba9aa5aae","geometry":{"type":"Point","coordinates":[-94.83082190255466,29.510748813754038]},"properties":{"substrate":"Mud","lease_number":null,"poll_year":2025}},{"type":"Feature","id":"2a85e79a-8d14-47f4-8353-4be7e855884f","geometry":{"type":"Point","coordinates":[-94.83253993323049,29.508213783793636]},"properties":{"substrate":"Mud","lease_number":null,"poll_year":2025}},{"type":"Feature","id":"2a869864-f701-4393-88d9-6b6e757142c0","geometry":{"type":"Point","coordinates":[-94.819446644808,29.515093830098298]},"properties":{"substrate":"Mud","lease_number":null,"poll_year":2025}},{"type":"Feature","id":"2a8af020-f19a-44f6-96af-3c4855f0f5b2","geometry":{"type":"Point","coordinates":[-94.8269870916248,29.509000864638566]},"properties":{"substrate":"Mud","lease_number":null,"poll_year":2025}},{"type":"Feature","id":"2a993e0f-5388-4123-86c5-f0daff27a114","geometry":{"type":"Point","coordinates":[-94.8171132762474,29.513003547036792]},"properties":{"substrate":"Mud","lease_number":null,"poll_year":2025}},{"type":"Feature","id":"2a9fb132-3f58-465d-be43-707a8ba666a1","geometry":{"type":"Point","coordinates":[-94.82214780879876,29.513155783236193]},"properties":{"substrate":"Mud","lease_number":null,"poll_year":2025}},{"type":"Feature","id":"2aa07e50-394e-4f08-b6e5-92488d466c09","geometry":{"type":"Point","coordinates":[-94.82420567394321,29.514624577145657]},"properties":{"substrate":"Mud","lease_number":null,"poll_year":2025}},{"type":"Feature","id":"2ab38fe8-c7d3-4e12-bc86-0c4be57827a9","geometry":{"type":"Point","coordinates":[-94.83116672087647,29.507240521208068]},"properties":{"substrate":"Mud","lease_number":null,"poll_year":2025}},{"type":"Feature","id":"2ab76d97-aa69-45a0-bba9-54c7052738bb","geometry":{"type":"Point","coordinates":[-94.83382993643637,29.508862498881903]},"properties":{"substrate":"Mud","lease_number":null,"poll_year":2025}},{"type":"Feature","id":"2acd3da0-62b4-4eaa-a8a9-dcd871545d2f","geometry":{"type":"Point","coordinates":[-94.81605419935835,29.514677726913067]},"properties":{"substrate":"Mud","lease_number":null,"poll_year":2025}},{"type":"Feature","id":"2acfbfdc-fb2b-4298-a2a1-8caa31d8c7b0","geometry":{"type":"Point","coordinates":[-94.81221351434485,29.51547918518613]},"properties":{"substrate":"Solid Reef","lease_number":null,"poll_year":2025}},{"type":"Feature","id":"2af9b1e8-d07f-4d40-a6e6-f2cf32a786d6","geometry":{"type":"Point","coordinates":[-94.83116011825913,29.510342761173465]},"properties":{"substrate":"Mud","lease_number":null,"poll_year":2025}},{"type":"Feature","id":"2b0b4d45-0fb6-4008-8c1d-3c699dec1ec1","geometry":{"type":"Point","coordinates":[-94.83023461186968,29.507861119874477]},"properties":{"substrate":"Buried Shell","lease_number":null,"poll_year":2025}},{"type":"Feature","id":"2b182f5e-2123-4fb7-bce7-967f1ade407c","geometry":{"type":"Point","coordinates":[-94.82080424983228,29.511670254687093]},"properties":{"substrate":"Mud","lease_number":null,"poll_year":2025}},{"type":"Feature","id":"2b1aff46-754d-44f0-9ade-b522bf8719e1","geometry":{"type":"Point","coordinates":[-94.8204365469286,29.51202833622954]},"properties":{"substrate":"Mud","lease_number":null,"poll_year":2025}},{"type":"Feature","id":"2b2240be-93ec-4d23-8e48-ed31d522604a","geometry":{"type":"Point","coordinates":[-94.8156402179462,29.515375376291505]},"properties":{"substrate":"Mud","lease_number":null,"poll_year":2025}},{"type":"Feature","id":"2b46692d-7223-4fec-8f05-032dc9a52ac3","geometry":{"type":"Point","coordinates":[-94.83174418758551,29.5080236326446]},"properties":{"substrate":"Mud","lease_number":null,"poll_year":2025}},{"type":"Feature","id":"2b6313a0-0020-4fdc-b02a-98d0fba96e16","geometry":{"type":"Point","coordinates":[-94.82283937143035,29.51151765429625]},"properties":{"substrate":"Mud","lease_number":null,"poll_year":2025}},{"type":"Feature","id":"2b6a5451-7259-46c6-b0df-b8e9b71bae82","geometry":{"type":"Point","coordinates":[-94.83070641604004,29.512636817248335]},"properties":{"substrate":"Mud","lease_number":null,"poll_year":2025}},{"type":"Feature","id":"2b885279-037a-4636-8615-a59ec37162ce","geometry":{"type":"Point","coordinates":[-94.8293844768275,29.50798942689914]},"properties":{"substrate":"Mud","lease_number":null,"poll_year":2025}},{"type":"Feature","id":"2b935d0b-01c3-4c25-a647-8583d6bebf45","geometry":{"type":"Point","coordinates":[-94.82944430372712,29.514023940385457]},"properties":{"substrate":"Mud","lease_number":null,"poll_year":2025}},{"type":"Feature","id":"2b93f2ea-94a8-44e9-8144-8886af603f51","geometry":{"type":"Point","coordinates":[-94.82399569903374,29.51282401877039]},"properties":{"substrate":"Mud","lease_number":null,"poll_year":2025}},{"type":"Feature","id":"2b99d130-0b99-47a9-959e-8b9c734c25c2","geometry":{"type":"Point","coordinates":[-94.82766092780089,29.512598676917587]},"properties":{"substrate":"Mud","lease_number":null,"poll_year":2025}},{"type":"Feature","id":"2ba2ad3f-a0bc-4cca-922c-28991d9592c4","geometry":{"type":"Point","coordinates":[-94.82905275684085,29.507042369641123]},"properties":{"substrate":"Mud","lease_number":null,"poll_year":2025}},{"type":"Feature","id":"2bfd90f3-ef59-49a4-b8d1-2e82600f7514","geometry":{"type":"Point","coordinates":[-94.8239168152737,29.51522880320105]},"properties":{"substrate":"Mud","lease_number":null,"poll_year":2025}},{"type":"Feature","id":"2c05d49a-f567-46dc-a2ec-0f7a2a27e34c","geometry":{"type":"Point","coordinates":[-94.81860616935009,29.514526306014165]},"properties":{"substrate":"Mud","lease_number":null,"poll_year":2025}},{"type":"Feature","id":"2c1753ec-bb0f-4f22-8d5f-b06077e787e9","geometry":{"type":"Point","coordinates":[-94.82524452256867,29.511302878237576]},"properties":{"substrate":"Mud","lease_number":null,"poll_year":2025}},{"type":"Feature","id":"2c19d722-36b7-4876-9c72-cdd86b77511f","geometry":{"type":"Point","coordinates":[-94.82512203278812,29.51447117835976]},"properties":{"substrate":"Mud","lease_number":null,"poll_year":2025}},{"type":"Feature","id":"2c1d00bc-e64a-4c2d-b6a4-9ffdd319ca5a","geometry":{"type":"Point","coordinates":[-94.82530957856156,29.51106533193996]},"properties":{"substrate":"Mud","lease_number":null,"poll_year":2025}},{"type":"Feature","id":"2c6e078c-a6b0-49ce-9e4f-f1316a5333b0","geometry":{"type":"Point","coordinates":[-94.81810919797871,29.513280395247417]},"properties":{"substrate":"Mud","lease_number":null,"poll_year":2025}},{"type":"Feature","id":"2c731c04-b698-44cc-a1ea-2bf38930075d","geometry":{"type":"Point","coordinates":[-94.822428517952,29.513027800151725]},"properties":{"substrate":"Mud","lease_number":null,"poll_year":2025}},{"type":"Feature","id":"2c75b742-4a33-41f1-a94e-0fd2b56f3f2b","geometry":{"type":"Point","coordinates":[-94.83014085290684,29.509483445660873]},"properties":{"substrate":"Mud","lease_number":null,"poll_year":2025}},{"type":"Feature","id":"2c905cb8-1a2d-4d36-87e9-ffcc2de14473","geometry":{"type":"Point","coordinates":[-94.83291681242478,29.508581068258174]},"properties":{"substrate":"Mud","lease_number":null,"poll_year":2025}},{"type":"Feature","id":"2c961565-e8d8-49e6-8a3f-667cdf29ad7c","geometry":{"type":"Point","coordinates":[-94.82028293232008,29.513518438229877]},"properties":{"substrate":"Mud","lease_number":null,"poll_year":2025}},{"type":"Feature","id":"2c9e1888-e3ee-4c32-ab01-e58a2ea3e9fb","geometry":{"type":"Point","coordinates":[-94.83027367780475,29.509423411929276]},"properties":{"substrate":"Mud","lease_number":null,"poll_year":2025}},{"type":"Feature","id":"2c9f2ce1-1627-410e-810f-7c1d2748355a","geometry":{"type":"Point","coordinates":[-94.83319682089211,29.50610195591732]},"properties":{"substrate":"Mud","lease_number":null,"poll_year":2025}},{"type":"Feature","id":"2ca69ef1-a93c-4962-81f0-046d11825d89","geometry":{"type":"Point","coordinates":[-94.83361285405638,29.509115743870797]},"properties":{"substrate":"Mud","lease_number":null,"poll_year":2025}},{"type":"Feature","id":"2cbc142c-5df5-4a57-a93e-7d6d92489df9","geometry":{"type":"Point","coordinates":[-94.81361242390588,29.51488724408903]},"properties":{"substrate":"Buried Shell","lease_number":null,"poll_year":2025}},{"type":"Feature","id":"2cc24692-45d6-43cb-ae89-b6eab470caea","geometry":{"type":"Point","coordinates":[-94.82006143202554,29.514325865693397]},"properties":{"substrate":"Mud","lease_number":null,"poll_year":2025}},{"type":"Feature","id":"2cfbe48e-1008-42c6-83df-d81defd07f50","geometry":{"type":"Point","coordinates":[-94.82627968540656,29.510366798374548]},"properties":{"substrate":"Mud","lease_number":null,"poll_year":2025}},{"type":"Feature","id":"2d3cff77-eca1-44fe-842f-aa2a5b4483e1","geometry":{"type":"Point","coordinates":[-94.82187458800172,29.511433688022038]},"properties":{"substrate":"Mud","lease_number":null,"poll_year":2025}},{"type":"Feature","id":"2d48d11b-6aed-490a-9b28-2f7a6405edd8","geometry":{"type":"Point","coordinates":[-94.81495576637839,29.51540947400694]},"properties":{"substrate":"Mud","lease_number":null,"poll_year":2025}},{"type":"Feature","id":"2d4aea25-1ab7-4821-bb57-a5de8c0986e6","geometry":{"type":"Point","coordinates":[-94.82787842520254,29.514356277062706]},"properties":{"substrate":"Mud","lease_number":null,"poll_year":2025}},{"type":"Feature","id":"2d6a181d-9c52-49d4-aefb-14ea6dbe1cb0","geometry":{"type":"Point","coordinates":[-94.82345057526821,29.515919492939595]},"properties":{"substrate":"Mud","lease_number":null,"poll_year":2025}},{"type":"Feature","id":"2d75b5c1-e001-4c04-9557-6e84c52e61f1","geometry":{"type":"Point","coordinates":[-94.82179777485841,29.513324617343734]},"properties":{"substrate":"Mud","lease_number":null,"poll_year":2025}},{"type":"Feature","id":"2d7de12e-fe91-4b63-9734-5aa69b63dda1","geometry":{"type":"Point","coordinates":[-94.82654509355557,29.51439516876756]},"properties":{"substrate":"Mud","lease_number":null,"poll_year":2025}},{"type":"Feature","id":"2d877238-8c14-41f7-9c91-66fe14b5d261","geometry":{"type":"Point","coordinates":[-94.82782193015431,29.508121282311073]},"properties":{"substrate":"Mud","lease_number":null,"poll_year":2025}},{"type":"Feature","id":"2d903d8e-5475-492c-86ad-d9a10eeb31f3","geometry":{"type":"Point","coordinates":[-94.81486492514361,29.51331739865538]},"properties":{"substrate":"Solid Reef","lease_number":null,"poll_year":2025}},{"type":"Feature","id":"2dae43ba-1130-42e3-b3c8-378f183c8858","geometry":{"type":"Point","coordinates":[-94.83300089114212,29.506988103363284]},"properties":{"substrate":"Mud","lease_number":null,"poll_year":2025}},{"type":"Feature","id":"2db6b661-eda9-4324-9ca2-055c2af42ae9","geometry":{"type":"Point","coordinates":[-94.81695882979892,29.51302851467415]},"properties":{"substrate":"Mud","lease_number":null,"poll_year":2025}},{"type":"Feature","id":"2db712a0-6a4f-491b-b6a1-6929535eb401","geometry":{"type":"Point","coordinates":[-94.82242807957415,29.51118166291685]},"properties":{"substrate":"Mud","lease_number":null,"poll_year":2025}},{"type":"Feature","id":"2dd9b149-a3b0-41f2-a39b-b00d7b9ad238","geometry":{"type":"Point","coordinates":[-94.82129701169822,29.515292517028335]},"properties":{"substrate":"Mud","lease_number":null,"poll_year":2025}},{"type":"Feature","id":"2de73ae5-7fdd-49b9-8c8c-2056e11917b0","geometry":{"type":"Point","coordinates":[-94.83314566183668,29.505593522283146]},"properties":{"substrate":"Mud","lease_number":null,"poll_year":2025}},{"type":"Feature","id":"2deea5c0-f08a-4b10-858f-ed7f44c14d58","geometry":{"type":"Point","coordinates":[-94.82794674297821,29.511433647370247]},"properties":{"substrate":"Mud","lease_number":null,"poll_year":2025}},{"type":"Feature","id":"2df8ae78-4572-444c-85cb-e8d10317fc1a","geometry":{"type":"Point","coordinates":[-94.8220710100285,29.512894712832036]},"properties":{"substrate":"Mud","lease_number":null,"poll_year":2025}},{"type":"Feature","id":"2e1c4fa5-b169-4a4d-b564-0a45bdda2542","geometry":{"type":"Point","coordinates":[-94.82956263790118,29.507356127945528]},"properties":{"substrate":"Solid Reef","lease_number":null,"poll_year":2025}},{"type":"Feature","id":"2e3332a7-9fee-4194-9349-268a6806b1f2","geometry":{"type":"Point","coordinates":[-94.8325929715615,29.509750016076005]},"properties":{"substrate":"Mud","lease_number":null,"poll_year":2025}},{"type":"Feature","id":"2e34712b-e134-4287-a470-73842b38f854","geometry":{"type":"Point","coordinates":[-94.83127435431886,29.51133288165141]},"properties":{"substrate":"Mud","lease_number":null,"poll_year":2025}},{"type":"Feature","id":"2e414863-f68a-4c9c-aec9-36b98e5f032d","geometry":{"type":"Point","coordinates":[-94.82601628139894,29.51097357261652]},"properties":{"substrate":"Mud","lease_number":null,"poll_year":2025}},{"type":"Feature","id":"2e42e74f-33cb-4387-a4fa-023e62510508","geometry":{"type":"Point","coordinates":[-94.81275119466997,29.51580693770028]},"properties":{"substrate":"Solid Reef","lease_number":null,"poll_year":2025}},{"type":"Feature","id":"2e74eec5-aeb3-4573-a0e3-55ffe8553d4f","geometry":{"type":"Point","coordinates":[-94.82613502520478,29.51582382701352]},"properties":{"substrate":"Mud","lease_number":null,"poll_year":2025}},{"type":"Feature","id":"2e7691e4-fc78-43aa-9a18-e1063c1a76b4","geometry":{"type":"Point","coordinates":[-94.82501089411949,29.51165080284063]},"properties":{"substrate":"Mud","lease_number":null,"poll_year":2025}},{"type":"Feature","id":"2e9bdd81-5a60-4001-b943-dfdbc85c7291","geometry":{"type":"Point","coordinates":[-94.83302200873781,29.507792432289015]},"properties":{"substrate":"Mud","lease_number":null,"poll_year":2025}},{"type":"Feature","id":"2e9dfcc7-0ef3-45a1-9b06-8a4e150aa6d1","geometry":{"type":"Point","coordinates":[-94.82119348355667,29.511479009305283]},"properties":{"substrate":"Mud","lease_number":null,"poll_year":2025}},{"type":"Feature","id":"2ea103ca-37e2-4479-981f-09f1ad3ebc42","geometry":{"type":"Point","coordinates":[-94.82704200114654,29.50870220226]},"properties":{"substrate":"Mud","lease_number":null,"poll_year":2025}},{"type":"Feature","id":"2eb4cfef-65b9-49bf-a7c9-233aae835e44","geometry":{"type":"Point","coordinates":[-94.82394040413475,29.51572340728236]},"properties":{"substrate":"Mud","lease_number":null,"poll_year":2025}},{"type":"Feature","id":"2eeea15d-ddc6-4667-95c5-d4da3d7cf3dc","geometry":{"type":"Point","coordinates":[-94.82929302743327,29.512718315303868]},"properties":{"substrate":"Mud","lease_number":null,"poll_year":2025}},{"type":"Feature","id":"2f029d0c-c47b-4798-9003-889c61d6a6a9","geometry":{"type":"Point","coordinates":[-94.8145164704415,29.516100708941327]},"properties":{"substrate":"Mud","lease_number":null,"poll_year":2025}},{"type":"Feature","id":"2f1284f7-ed09-4c18-8c83-ca1b0ff6e810","geometry":{"type":"Point","coordinates":[-94.8203713364255,29.510730314709374]},"properties":{"substrate":"Buried Shell","lease_number":null,"poll_year":2025}},{"type":"Feature","id":"2f42249b-94f3-4617-81a9-6d157e915636","geometry":{"type":"Point","coordinates":[-94.83144175177881,29.510738384148922]},"properties":{"substrate":"Mud","lease_number":null,"poll_year":2025}},{"type":"Feature","id":"2f4cbe68-123a-47a2-9f03-d5d4c2e9164e","geometry":{"type":"Point","coordinates":[-94.81846743623255,29.51559006631692]},"properties":{"substrate":"Mud","lease_number":null,"poll_year":2025}},{"type":"Feature","id":"2f4da7e7-68d1-41ef-a8d1-76bd145dc55e","geometry":{"type":"Point","coordinates":[-94.82027541342116,29.513069473062167]},"properties":{"substrate":"Mud","lease_number":null,"poll_year":2025}},{"type":"Feature","id":"2f95e160-7a9d-41a4-a0a7-b8fdea2c524e","geometry":{"type":"Point","coordinates":[-94.82223580956062,29.51472670137875]},"properties":{"substrate":"Mud","lease_number":null,"poll_year":2025}},{"type":"Feature","id":"2fbea9f2-5b1c-47ac-b7eb-bfd1ae1a0015","geometry":{"type":"Point","coordinates":[-94.82518843984718,29.5092170817162]},"properties":{"substrate":"Buried Shell","lease_number":null,"poll_year":2025}},{"type":"Feature","id":"2fe55315-d470-41f9-8f62-b3863b012231","geometry":{"type":"Point","coordinates":[-94.83110102887638,29.508301596017095]},"properties":{"substrate":"Mud","lease_number":null,"poll_year":2025}},{"type":"Feature","id":"2fe9caaa-38ab-4669-b507-773045832181","geometry":{"type":"Point","coordinates":[-94.82564339341945,29.512686436868467]},"properties":{"substrate":"Mud","lease_number":null,"poll_year":2025}},{"type":"Feature","id":"301b76eb-4c7f-4f03-8aaa-f40938844a7d","geometry":{"type":"Point","coordinates":[-94.8273679611356,29.513232227631335]},"properties":{"substrate":"Mud","lease_number":null,"poll_year":2025}},{"type":"Feature","id":"305d7b5a-7afa-4e5a-9c6c-0ea4da21a268","geometry":{"type":"Point","coordinates":[-94.82847154864866,29.50756593937748]},"properties":{"substrate":"Mud","lease_number":null,"poll_year":2025}},{"type":"Feature","id":"308b4e1f-4526-42ee-9b33-b179ed4d9fb7","geometry":{"type":"Point","coordinates":[-94.83098930270954,29.50937736266902]},"properties":{"substrate":"Mud","lease_number":null,"poll_year":2025}},{"type":"Feature","id":"30953fd3-5d6c-4054-8bf6-e0df0fe5d39e","geometry":{"type":"Point","coordinates":[-94.8199708899297,29.51170448733231]},"properties":{"substrate":"Solid Reef","lease_number":null,"poll_year":2025}},{"type":"Feature","id":"30975484-651e-469a-9694-9bb670372bdb","geometry":{"type":"Point","coordinates":[-94.81561484592929,29.514336424698193]},"properties":{"substrate":"Mud","lease_number":null,"poll_year":2025}},{"type":"Feature","id":"30c02836-dc47-4218-b4fe-684e00b53734","geometry":{"type":"Point","coordinates":[-94.82708528736684,29.514376744654854]},"properties":{"substrate":"Mud","lease_number":null,"poll_year":2025}},{"type":"Feature","id":"30c48a17-e0fb-4dea-b9df-3e9ebf09b507","geometry":{"type":"Point","coordinates":[-94.81783486416904,29.512319047690216]},"properties":{"substrate":"Buried Shell","lease_number":null,"poll_year":2025}},{"type":"Feature","id":"30c8c66c-c82a-4b49-8dce-abeaea7ed68c","geometry":{"type":"Point","coordinates":[-94.83076788056842,29.5074043327568]},"properties":{"substrate":"Buried Shell","lease_number":null,"poll_year":2025}},{"type":"Feature","id":"30caf091-f982-4974-829e-6d11690a3eac","geometry":{"type":"Point","coordinates":[-94.8206588494187,29.51174836379604]},"properties":{"substrate":"Mud","lease_number":null,"poll_year":2025}},{"type":"Feature","id":"30cf5c0b-0724-4824-9497-4011b7308fb5","geometry":{"type":"Point","coordinates":[-94.81715378128355,29.514209249866504]},"properties":{"substrate":"Mud","lease_number":null,"poll_year":2025}},{"type":"Feature","id":"30f6381f-b4b5-4729-a286-a17fdc521467","geometry":{"type":"Point","coordinates":[-94.82627041119956,29.511646310825434]},"properties":{"substrate":"Mud","lease_number":null,"poll_year":2025}},{"type":"Feature","id":"314e5a7e-247e-4772-b367-b7afb2542896","geometry":{"type":"Point","coordinates":[-94.82666419668749,29.51328653824875]},"properties":{"substrate":"Mud","lease_number":null,"poll_year":2025}},{"type":"Feature","id":"318a5d2c-4b79-4b8e-a863-b9cc111a5767","geometry":{"type":"Point","coordinates":[-94.82623890458758,29.51558341063824]},"properties":{"substrate":"Mud","lease_number":null,"poll_year":2025}},{"type":"Feature","id":"31a45012-84fb-4d10-9e2b-04338901c31d","geometry":{"type":"Point","coordinates":[-94.81224442986534,29.507483392694226]},"properties":{"substrate":"Solid Reef","lease_number":null,"poll_year":2025}},{"type":"Feature","id":"31b48792-123e-4254-abcc-9eab638d1218","geometry":{"type":"Point","coordinates":[-94.82744429368024,29.51296511994061]},"properties":{"substrate":"Mud","lease_number":null,"poll_year":2025}},{"type":"Feature","id":"31c50148-10e8-4112-9dfb-22f62599a7b9","geometry":{"type":"Point","coordinates":[-94.8298939392729,29.508305122670468]},"properties":{"substrate":"Mud","lease_number":null,"poll_year":2025}},{"type":"Feature","id":"321a168d-34dd-4ae4-a275-48e25d42a22b","geometry":{"type":"Point","coordinates":[-94.82889956264388,29.513393354334468]},"properties":{"substrate":"Mud","lease_number":null,"poll_year":2025}},{"type":"Feature","id":"321cd543-0815-4c9e-a3d0-e415a3096349","geometry":{"type":"Point","coordinates":[-94.81256291587124,29.50710951602801]},"properties":{"substrate":"Solid Reef","lease_number":null,"poll_year":2025}},{"type":"Feature","id":"322041ef-46bb-40d7-9ede-4cc688802744","geometry":{"type":"Point","coordinates":[-94.8309879246939,29.510673440073752]},"properties":{"substrate":"Mud","lease_number":null,"poll_year":2025}},{"type":"Feature","id":"3231c08b-37e5-4952-91c7-06123dc638d7","geometry":{"type":"Point","coordinates":[-94.8213176522885,29.513782852904143]},"properties":{"substrate":"Mud","lease_number":null,"poll_year":2025}},{"type":"Feature","id":"32539104-1583-4ee3-94f9-9b1f5e646072","geometry":{"type":"Point","coordinates":[-94.82932566682081,29.514755158277886]},"properties":{"substrate":"Mud","lease_number":null,"poll_year":2025}},{"type":"Feature","id":"3254c404-e86a-4b36-8ef7-4d7f7cea69bb","geometry":{"type":"Point","coordinates":[-94.83115656182893,29.5113900052998]},"properties":{"substrate":"Mud","lease_number":null,"poll_year":2025}},{"type":"Feature","id":"3258b285-56ab-476a-a0c8-1b43b99e09e3","geometry":{"type":"Point","coordinates":[-94.81925892925298,29.51382847332635]},"properties":{"substrate":"Buried Shell","lease_number":null,"poll_year":2025}},{"type":"Feature","id":"325bd46c-741e-41db-abf6-b6dfa352eb5e","geometry":{"type":"Point","coordinates":[-94.82706944917005,29.510779512326156]},"properties":{"substrate":"Mud","lease_number":null,"poll_year":2025}},{"type":"Feature","id":"325dcc83-173f-4e91-94f6-de1baf20c8c8","geometry":{"type":"Point","coordinates":[-94.82106515203184,29.511542784125428]},"properties":{"substrate":"Mud","lease_number":null,"poll_year":2025}},{"type":"Feature","id":"3264169c-95ea-46be-b720-2d3366769c43","geometry":{"type":"Point","coordinates":[-94.82980539772524,29.513016263818766]},"properties":{"substrate":"Mud","lease_number":null,"poll_year":2025}},{"type":"Feature","id":"3264ee9d-3447-4cd1-a6ba-f4c238ff8e87","geometry":{"type":"Point","coordinates":[-94.82001343234494,29.51208937610557]},"properties":{"substrate":"Buried Shell","lease_number":null,"poll_year":2025}},{"type":"Feature","id":"3264fbcd-148d-4cc9-9112-bd390cb615ab","geometry":{"type":"Point","coordinates":[-94.83217586580878,29.507029914011575]},"properties":{"substrate":"Mud","lease_number":null,"poll_year":2025}},{"type":"Feature","id":"32732cf4-9759-46af-bc62-f7f465d94905","geometry":{"type":"Point","coordinates":[-94.82789467482772,29.51041876208228]},"properties":{"substrate":"Mud","lease_number":null,"poll_year":2025}},{"type":"Feature","id":"329005a0-1df1-4564-a2e1-c2d734a471f6","geometry":{"type":"Point","coordinates":[-94.82213131662846,29.513728566005465]},"properties":{"substrate":"Mud","lease_number":null,"poll_year":2025}},{"type":"Feature","id":"3293ac2f-6443-47b7-bd30-4f5abe1a3c66","geometry":{"type":"Point","coordinates":[-94.82792880541862,29.509127397134012]},"properties":{"substrate":"Mud","lease_number":null,"poll_year":2025}},{"type":"Feature","id":"32b1d8e9-c1bb-4b3f-a0a2-34a06edb004a","geometry":{"type":"Point","coordinates":[-94.82173074257192,29.51094713865492]},"properties":{"substrate":"Mud","lease_number":null,"poll_year":2025}},{"type":"Feature","id":"32b812f4-5178-4c7f-975f-822d2645f0dc","geometry":{"type":"Point","coordinates":[-94.82034681331655,29.514066505638805]},"properties":{"substrate":"Mud","lease_number":null,"poll_year":2025}},{"type":"Feature","id":"32d16061-00e4-4a08-ba3a-27f1cc455389","geometry":{"type":"Point","coordinates":[-94.8255162916882,29.510687177359937]},"properties":{"substrate":"Mud","lease_number":null,"poll_year":2025}},{"type":"Feature","id":"32d25702-1d73-4149-8eb5-20d9b103e6e5","geometry":{"type":"Point","coordinates":[-94.8211299735644,29.514344286688402]},"properties":{"substrate":"Mud","lease_number":null,"poll_year":2025}},{"type":"Feature","id":"32eb4068-c596-4151-b33d-6031caf15b36","geometry":{"type":"Point","coordinates":[-94.831056303555,29.511961860729528]},"properties":{"substrate":"Mud","lease_number":null,"poll_year":2025}},{"type":"Feature","id":"3312d91d-55fb-4ce1-8bf6-6e5016ef5323","geometry":{"type":"Point","coordinates":[-94.8169273609162,29.51259336175477]},"properties":{"substrate":"Buried Shell","lease_number":null,"poll_year":2025}},{"type":"Feature","id":"331a6e7e-565d-4526-8e9b-94a6c42e0865","geometry":{"type":"Point","coordinates":[-94.83047269506437,29.507230193657033]},"properties":{"substrate":"Buried Shell","lease_number":null,"poll_year":2025}},{"type":"Feature","id":"33238881-8468-4239-9d05-d65cb1f370e5","geometry":{"type":"Point","coordinates":[-94.82618191456767,29.509859465012163]},"properties":{"substrate":"Mud","lease_number":null,"poll_year":2025}},{"type":"Feature","id":"33266bf8-d96c-411a-8ec2-87f488c8f948","geometry":{"type":"Point","coordinates":[-94.828741718767,29.513460222114546]},"properties":{"substrate":"Mud","lease_number":null,"poll_year":2025}},{"type":"Feature","id":"3333e97e-f62c-4d5a-a9cb-596aae36a2ec","geometry":{"type":"Point","coordinates":[-94.824651907569,29.513377824079864]},"properties":{"substrate":"Mud","lease_number":null,"poll_year":2025}},{"type":"Feature","id":"3375aec3-9804-40af-8f6d-b97b7a836100","geometry":{"type":"Point","coordinates":[-94.81957453526006,29.514309452993636]},"properties":{"substrate":"Mud","lease_number":null,"poll_year":2025}},{"type":"Feature","id":"33ae0ff9-ad13-4638-9430-7aa179dc8f29","geometry":{"type":"Point","coordinates":[-94.824517278854,29.514473352384503]},"properties":{"substrate":"Mud","lease_number":null,"poll_year":2025}},{"type":"Feature","id":"33b05563-9808-4c21-aebc-6b5f5169e1f0","geometry":{"type":"Point","coordinates":[-94.83201948618581,29.50686238830303]},"properties":{"substrate":"Mud","lease_number":null,"poll_year":2025}},{"type":"Feature","id":"33bc6a97-20e2-4c37-84a2-bef4e08a179a","geometry":{"type":"Point","coordinates":[-94.82234228058304,29.513327646628568]},"properties":{"substrate":"Mud","lease_number":null,"poll_year":2025}},{"type":"Feature","id":"33d4f35a-7620-41a3-a58a-81ae04dea0c1","geometry":{"type":"Point","coordinates":[-94.82312126635976,29.511411481969606]},"properties":{"substrate":"Mud","lease_number":null,"poll_year":2025}},{"type":"Feature","id":"33d5b1bb-3358-4146-a28e-a353eceaee65","geometry":{"type":"Point","coordinates":[-94.81684148736493,29.51411606514543]},"properties":{"substrate":"Mud","lease_number":null,"poll_year":2025}},{"type":"Feature","id":"33dce0b4-6ae5-4ef8-a30f-9d5fd0f6fa48","geometry":{"type":"Point","coordinates":[-94.8301513057035,29.509221745831436]},"properties":{"substrate":"Mud","lease_number":null,"poll_year":2025}},{"type":"Feature","id":"342a9279-df69-4e59-8197-5f6fd3e57dce","geometry":{"type":"Point","coordinates":[-94.83161674629109,29.511905943662434]},"properties":{"substrate":"Mud","lease_number":null,"poll_year":2025}},{"type":"Feature","id":"344cc192-24c1-402b-9c27-3210efd5a526","geometry":{"type":"Point","coordinates":[-94.82925497389952,29.509363594715555]},"properties":{"substrate":"Mud","lease_number":null,"poll_year":2025}},{"type":"Feature","id":"345b98ef-26cf-4576-8a0e-b75273cdac3b","geometry":{"type":"Point","coordinates":[-94.82250914174875,29.514024614250086]},"properties":{"substrate":"Mud","lease_number":null,"poll_year":2025}},{"type":"Feature","id":"3464f5db-295c-4e4e-b1e8-764a0e6d5a91","geometry":{"type":"Point","coordinates":[-94.82537479265793,29.51042854128495]},"properties":{"substrate":"Mud","lease_number":null,"poll_year":2025}},{"type":"Feature","id":"346ef609-354d-43b4-bef6-c72e798ce676","geometry":{"type":"Point","coordinates":[-94.82396494610829,29.51390712173837]},"properties":{"substrate":"Mud","lease_number":null,"poll_year":2025}},{"type":"Feature","id":"346fc480-6bba-46eb-9478-2174a6663114","geometry":{"type":"Point","coordinates":[-94.82371394424152,29.51293969261635]},"properties":{"substrate":"Mud","lease_number":null,"poll_year":2025}},{"type":"Feature","id":"348b72c0-0323-49b2-bb28-ab686f4540ef","geometry":{"type":"Point","coordinates":[-94.82686428923053,29.515307442707538]},"properties":{"substrate":"Mud","lease_number":null,"poll_year":2025}},{"type":"Feature","id":"349de3ef-55b2-4a4e-8f60-dca0c0f1622e","geometry":{"type":"Point","coordinates":[-94.81853691014,29.51185184338008]},"properties":{"substrate":"Buried Shell","lease_number":null,"poll_year":2025}},{"type":"Feature","id":"349e9018-cdb3-43c7-b0eb-2d7298134208","geometry":{"type":"Point","coordinates":[-94.813403499127,29.51446224304746]},"properties":{"substrate":"Buried Shell","lease_number":null,"poll_year":2025}},{"type":"Feature","id":"349f87cb-f4b3-4536-a62c-c0d2c6eb2baf","geometry":{"type":"Point","coordinates":[-94.8193733288061,29.511219775637965]},"properties":{"substrate":"Buried Shell","lease_number":null,"poll_year":2025}},{"type":"Feature","id":"34c03cdf-89f3-466d-beee-4a4c3d2309ef","geometry":{"type":"Point","coordinates":[-94.8286758920196,29.514007933362727]},"properties":{"substrate":"Mud","lease_number":null,"poll_year":2025}},{"type":"Feature","id":"34c23f8e-5452-4a33-8e5c-edd075c5b927","geometry":{"type":"Point","coordinates":[-94.8198541035529,29.512740074687258]},"properties":{"substrate":"Buried Shell","lease_number":null,"poll_year":2025}},{"type":"Feature","id":"34ccd590-88fd-4034-b800-7b5002bd15e1","geometry":{"type":"Point","coordinates":[-94.82514929755531,29.51368505625826]},"properties":{"substrate":"Mud","lease_number":null,"poll_year":2025}},{"type":"Feature","id":"34f15a64-fc56-4e37-88ee-1a82d6ad8e98","geometry":{"type":"Point","coordinates":[-94.82162694673241,29.515169625751682]},"properties":{"substrate":"Mud","lease_number":null,"poll_year":2025}},{"type":"Feature","id":"352eab17-659e-472b-aeb9-a8f4aec404d6","geometry":{"type":"Point","coordinates":[-94.8280019255878,29.514003934733683]},"properties":{"substrate":"Mud","lease_number":null,"poll_year":2025}},{"type":"Feature","id":"352f9bfa-cfb7-4368-b8d0-b29611da5556","geometry":{"type":"Point","coordinates":[-94.816829589179,29.512746871268895]},"properties":{"substrate":"Buried Shell","lease_number":null,"poll_year":2025}},{"type":"Feature","id":"353dc912-fc88-407f-b8d7-b49f1795bde5","geometry":{"type":"Point","coordinates":[-94.81805444656047,29.514747289283928]},"properties":{"substrate":"Buried Shell","lease_number":null,"poll_year":2025}},{"type":"Feature","id":"353e50da-6a29-4f71-ac45-28f29b9e2127","geometry":{"type":"Point","coordinates":[-94.82832799606963,29.513112031681207]},"properties":{"substrate":"Mud","lease_number":null,"poll_year":2025}},{"type":"Feature","id":"355a60ec-a7bd-46bb-b204-5f065af72909","geometry":{"type":"Point","coordinates":[-94.81773808596854,29.514491415314858]},"properties":{"substrate":"Mud","lease_number":null,"poll_year":2025}},{"type":"Feature","id":"3560cc47-d030-4bb5-b204-722475716663","geometry":{"type":"Point","coordinates":[-94.83093116374435,29.507566753226463]},"properties":{"substrate":"Mud","lease_number":null,"poll_year":2025}},{"type":"Feature","id":"35652b8c-7f25-40b5-99a9-ff444b618a2d","geometry":{"type":"Point","coordinates":[-94.83286460144214,29.50621770937079]},"properties":{"substrate":"Mud","lease_number":null,"poll_year":2025}},{"type":"Feature","id":"359e55e1-cc28-41e0-9d1c-e02db8232603","geometry":{"type":"Point","coordinates":[-94.81403917576813,29.513666000363635]},"properties":{"substrate":"Buried Shell","lease_number":null,"poll_year":2025}},{"type":"Feature","id":"35a279d9-9bed-402d-87fa-83c3055ab8e9","geometry":{"type":"Point","coordinates":[-94.81982911062505,29.512858315129314]},"properties":{"substrate":"Buried Shell","lease_number":null,"poll_year":2025}},{"type":"Feature","id":"35cc9f14-02de-42d3-b4c8-edd6b578d65d","geometry":{"type":"Point","coordinates":[-94.81220357358791,29.50567583987335]},"properties":{"substrate":"Buried Shell","lease_number":null,"poll_year":2025}},{"type":"Feature","id":"35ed87c5-b3f8-4979-b151-e65a38cdd843","geometry":{"type":"Point","coordinates":[-94.82182899760275,29.51277508638061]},"properties":{"substrate":"Mud","lease_number":null,"poll_year":2025}},{"type":"Feature","id":"36072140-9c64-4bdc-b6c8-c6d8b92cdbfc","geometry":{"type":"Point","coordinates":[-94.82727266156206,29.51589723705875]},"properties":{"substrate":"Mud","lease_number":null,"poll_year":2025}},{"type":"Feature","id":"3638c3c7-a12c-475f-a060-14327afa0f97","geometry":{"type":"Point","coordinates":[-94.82878247443311,29.512398501704176]},"properties":{"substrate":"Mud","lease_number":null,"poll_year":2025}},{"type":"Feature","id":"365f7419-f8b5-4d50-af6a-b50b7d7284b7","geometry":{"type":"Point","coordinates":[-94.83396592340407,29.508492939652886]},"properties":{"substrate":"Mud","lease_number":null,"poll_year":2025}},{"type":"Feature","id":"36678ca7-c7d5-4e64-b82f-6ca9e04f0942","geometry":{"type":"Point","coordinates":[-94.83188435082097,29.51032299088986]},"properties":{"substrate":"Mud","lease_number":null,"poll_year":2025}},{"type":"Feature","id":"3674b53e-5a28-4781-9388-9ceb35134a16","geometry":{"type":"Point","coordinates":[-94.82983591259713,29.514039049961934]},"properties":{"substrate":"Mud","lease_number":null,"poll_year":2025}},{"type":"Feature","id":"36949433-b537-45ce-a47b-b08fc0bc3673","geometry":{"type":"Point","coordinates":[-94.82386764598662,29.51287552389038]},"properties":{"substrate":"Mud","lease_number":null,"poll_year":2025}},{"type":"Feature","id":"36be4300-a19f-45f9-a518-e9d4796fdafb","geometry":{"type":"Point","coordinates":[-94.8255617051191,29.515558104358746]},"properties":{"substrate":"Mud","lease_number":null,"poll_year":2025}},{"type":"Feature","id":"36e41b5a-6934-4132-a47b-6d7e3d965954","geometry":{"type":"Point","coordinates":[-94.82795641783382,29.514576267892338]},"properties":{"substrate":"Mud","lease_number":null,"poll_year":2025}},{"type":"Feature","id":"36e56c7e-7575-476d-b4f0-7e5098ab2535","geometry":{"type":"Point","coordinates":[-94.82384324504855,29.515626494306602]},"properties":{"substrate":"Buried Shell","lease_number":null,"poll_year":2025}},{"type":"Feature","id":"37145188-c707-40f7-9cb2-abf5ea8c99e3","geometry":{"type":"Point","coordinates":[-94.81478932023434,29.514689306834097]},"properties":{"substrate":"Mud","lease_number":null,"poll_year":2025}},{"type":"Feature","id":"37253953-0215-4d07-b969-f4268035ce24","geometry":{"type":"Point","coordinates":[-94.82042412232991,29.51517202490154]},"properties":{"substrate":"Mud","lease_number":null,"poll_year":2025}},{"type":"Feature","id":"374f0003-fd89-4607-ad9b-d29cf0f055a2","geometry":{"type":"Point","coordinates":[-94.82199646513128,29.51322484476856]},"properties":{"substrate":"Mud","lease_number":null,"poll_year":2025}},{"type":"Feature","id":"3759821e-bda1-4af8-bec6-147482130eb3","geometry":{"type":"Point","coordinates":[-94.81364215185359,29.50696739270091]},"properties":{"substrate":"Buried Shell","lease_number":null,"poll_year":2025}},{"type":"Feature","id":"3764747b-1bce-428d-9d72-1613e63fb386","geometry":{"type":"Point","coordinates":[-94.82711191343185,29.509480947090047]},"properties":{"substrate":"Mud","lease_number":null,"poll_year":2025}},{"type":"Feature","id":"376f8a02-7be8-4134-a2f4-935e20a11e8d","geometry":{"type":"Point","coordinates":[-94.83319540604555,29.508453712638254]},"properties":{"substrate":"Mud","lease_number":null,"poll_year":2025}},{"type":"Feature","id":"378ccc7b-f3fc-4f9a-921b-41c72106211b","geometry":{"type":"Point","coordinates":[-94.82811342537917,29.508245157037628]},"properties":{"substrate":"Mud","lease_number":null,"poll_year":2025}},{"type":"Feature","id":"37d7f716-b8b8-469d-9f98-1eb472058bae","geometry":{"type":"Point","coordinates":[-94.81518555363142,29.51610605987954]},"properties":{"substrate":"Mud","lease_number":null,"poll_year":2025}},{"type":"Feature","id":"37fae95d-e67d-49a1-9cef-e75f4e6d6aaf","geometry":{"type":"Point","coordinates":[-94.82200415111684,29.513487301145126]},"properties":{"substrate":"Mud","lease_number":null,"poll_year":2025}},{"type":"Feature","id":"3814988d-6f05-4b6b-a18e-306fa83cf8f1","geometry":{"type":"Point","coordinates":[-94.8313017798845,29.50740930967419]},"properties":{"substrate":"Mud","lease_number":null,"poll_year":2025}},{"type":"Feature","id":"3839e236-337d-4c96-bd7a-f94a0d2c5bb3","geometry":{"type":"Point","coordinates":[-94.8188220542758,29.512566412256636]},"properties":{"substrate":"Solid Reef","lease_number":null,"poll_year":2025}},{"type":"Feature","id":"3847adc1-73af-444b-ba6d-77e1982ba2a9","geometry":{"type":"Point","coordinates":[-94.82049515122111,29.51489719171555]},"properties":{"substrate":"Mud","lease_number":null,"poll_year":2025}},{"type":"Feature","id":"385ccc48-42ff-4d34-9362-756b61bcff64","geometry":{"type":"Point","coordinates":[-94.83063625581973,29.512516149191573]},"properties":{"substrate":"Mud","lease_number":null,"poll_year":2025}},{"type":"Feature","id":"385f5786-e215-406f-8c8c-87e0dfb0ecab","geometry":{"type":"Point","coordinates":[-94.82814851626914,29.50957088387396]},"properties":{"substrate":"Mud","lease_number":null,"poll_year":2025}},{"type":"Feature","id":"3876a86e-1ae5-44e6-b58a-af19d6c18c31","geometry":{"type":"Point","coordinates":[-94.83095122312464,29.507029789705435]},"properties":{"substrate":"Mud","lease_number":null,"poll_year":2025}},{"type":"Feature","id":"3876c320-b60d-4ab2-9b9c-5975f1226088","geometry":{"type":"Point","coordinates":[-94.82362622734729,29.509627122760552]},"properties":{"substrate":"Buried Shell","lease_number":null,"poll_year":2025}},{"type":"Feature","id":"3891fb28-fb9e-41c4-a5bb-91ee4955b1dd","geometry":{"type":"Point","coordinates":[-94.82284600818367,29.514677128099866]},"properties":{"substrate":"Mud","lease_number":null,"poll_year":2025}},{"type":"Feature","id":"3899a141-98c3-415b-bb7d-9369eeff1caf","geometry":{"type":"Point","coordinates":[-94.82426799995592,29.51508808198399]},"properties":{"substrate":"Mud","lease_number":null,"poll_year":2025}},{"type":"Feature","id":"391dad95-354b-4eec-82c8-5f73a6335d95","geometry":{"type":"Point","coordinates":[-94.8339004209485,29.50803444873456]},"properties":{"substrate":"Mud","lease_number":null,"poll_year":2025}},{"type":"Feature","id":"3944f8fc-49c3-4e9e-9333-ae7ee90b815e","geometry":{"type":"Point","coordinates":[-94.82281798972997,29.51285014892112]},"properties":{"substrate":"Mud","lease_number":null,"poll_year":2025}},{"type":"Feature","id":"396e6130-d1c7-4f5d-adbe-752f4b3f4b33","geometry":{"type":"Point","coordinates":[-94.81256804614983,29.506867465317566]},"properties":{"substrate":"Solid Reef","lease_number":null,"poll_year":2025}},{"type":"Feature","id":"398954c7-6e14-4b5c-8770-6b695c88543c","geometry":{"type":"Point","coordinates":[-94.82633569716116,29.511874749013035]},"properties":{"substrate":"Mud","lease_number":null,"poll_year":2025}},{"type":"Feature","id":"398f468d-5b55-4674-bd1f-65dccb54a404","geometry":{"type":"Point","coordinates":[-94.82353875209986,29.512805865640633]},"properties":{"substrate":"Mud","lease_number":null,"poll_year":2025}},{"type":"Feature","id":"39aad9b4-1e25-4895-83b7-8fa6e5b21f15","geometry":{"type":"Point","coordinates":[-94.82381531103648,29.513189923914034]},"properties":{"substrate":"Mud","lease_number":null,"poll_year":2025}},{"type":"Feature","id":"39abce9f-f8e4-4b70-96c8-c93ae0b88a2f","geometry":{"type":"Point","coordinates":[-94.82392081008177,29.51264241931342]},"properties":{"substrate":"Mud","lease_number":null,"poll_year":2025}},{"type":"Feature","id":"39c60f4b-9540-4726-9c97-af4a9e390039","geometry":{"type":"Point","coordinates":[-94.82179197084336,29.51357797234045]},"properties":{"substrate":"Mud","lease_number":null,"poll_year":2025}},{"type":"Feature","id":"39e3090d-791f-454a-a443-a2cc33eb6df7","geometry":{"type":"Point","coordinates":[-94.83295701203375,29.5072581648219]},"properties":{"substrate":"Mud","lease_number":null,"poll_year":2025}},{"type":"Feature","id":"39eeb2ac-0da6-4987-a5d9-6b2a850827f1","geometry":{"type":"Point","coordinates":[-94.82761861535437,29.5118505956874]},"properties":{"substrate":"Mud","lease_number":null,"poll_year":2025}},{"type":"Feature","id":"3a1ab8da-0b87-488b-9383-1e9c75a3c7e4","geometry":{"type":"Point","coordinates":[-94.82655765379987,29.508901283247805]},"properties":{"substrate":"Mud","lease_number":null,"poll_year":2025}},{"type":"Feature","id":"3a7b4894-0011-444b-acf0-a69d81e4f6eb","geometry":{"type":"Point","coordinates":[-94.83308336457004,29.5094443206616]},"properties":{"substrate":"Mud","lease_number":null,"poll_year":2025}},{"type":"Feature","id":"3a8acc81-bf7f-4171-b610-307286e844ff","geometry":{"type":"Point","coordinates":[-94.83123938470149,29.50875539813551]},"properties":{"substrate":"Mud","lease_number":null,"poll_year":2025}},{"type":"Feature","id":"3a9ba3d2-3c19-46be-a15c-87f037a0e1ec","geometry":{"type":"Point","coordinates":[-94.8188508138396,29.515551390047985]},"properties":{"substrate":"Mud","lease_number":null,"poll_year":2025}},{"type":"Feature","id":"3ac6cf75-f7d0-40c0-8a21-fb807709df53","geometry":{"type":"Point","coordinates":[-94.81678518096291,29.51222912272906]},"properties":{"substrate":"Buried Shell","lease_number":null,"poll_year":2025}},{"type":"Feature","id":"3ae01786-ed22-4f13-952d-f634253df233","geometry":{"type":"Point","coordinates":[-94.83269756330834,29.510277171098718]},"properties":{"substrate":"Mud","lease_number":null,"poll_year":2025}},{"type":"Feature","id":"3b1314c5-5241-40b1-9cfc-c8a051b7b4ff","geometry":{"type":"Point","coordinates":[-94.82723139026297,29.508354616200442]},"properties":{"substrate":"Mud","lease_number":null,"poll_year":2025}},{"type":"Feature","id":"3b18ecb5-5620-4a9e-a03b-042c363b26a8","geometry":{"type":"Point","coordinates":[-94.82146223882843,29.51137193634362]},"properties":{"substrate":"Mud","lease_number":null,"poll_year":2025}},{"type":"Feature","id":"3b19b091-0c4b-44ac-a92e-bebabc682b29","geometry":{"type":"Point","coordinates":[-94.83228966259233,29.507790345681702]},"properties":{"substrate":"Mud","lease_number":null,"poll_year":2025}},{"type":"Feature","id":"3b1c78fe-ee17-451e-8cee-b661d90ae6b5","geometry":{"type":"Point","coordinates":[-94.82671760781936,29.510678552076833]},"properties":{"substrate":"Mud","lease_number":null,"poll_year":2025}},{"type":"Feature","id":"3b2c4a1e-b2cc-484a-a754-e43350944e4c","geometry":{"type":"Point","coordinates":[-94.81413667172255,29.50562008116873]},"properties":{"substrate":"Mud","lease_number":null,"poll_year":2025}},{"type":"Feature","id":"3b3b4a8a-ccd3-405a-b355-5348cee46a0d","geometry":{"type":"Point","coordinates":[-94.82327730282631,29.511349271380816]},"properties":{"substrate":"Mud","lease_number":null,"poll_year":2025}},{"type":"Feature","id":"3b652a99-fdc0-42ea-ace8-2c0e8b2c4f98","geometry":{"type":"Point","coordinates":[-94.82003630884196,29.513618299634988]},"properties":{"substrate":"Mud","lease_number":null,"poll_year":2025}},{"type":"Feature","id":"3b763c1c-b18d-4275-9705-adf3a19c57fa","geometry":{"type":"Point","coordinates":[-94.82583506066342,29.513381906380957]},"properties":{"substrate":"Mud","lease_number":null,"poll_year":2025}},{"type":"Feature","id":"3bd064d9-5a5c-4955-842f-58ce4dc63cb2","geometry":{"type":"Point","coordinates":[-94.83170483239292,29.507528543751004]},"properties":{"substrate":"Mud","lease_number":null,"poll_year":2025}},{"type":"Feature","id":"3be24d9b-1e26-4483-bfb3-7fbf3f4f430c","geometry":{"type":"Point","coordinates":[-94.82501550157856,29.50984120737428]},"properties":{"substrate":"Buried Shell","lease_number":null,"poll_year":2025}},{"type":"Feature","id":"3bec9aa6-7251-4cc6-b6a8-e86ae9caeaa2","geometry":{"type":"Point","coordinates":[-94.82853261342673,29.51275646731588]},"properties":{"substrate":"Mud","lease_number":null,"poll_year":2025}},{"type":"Feature","id":"3c11b12a-1219-45b1-8335-2a996a52fcae","geometry":{"type":"Point","coordinates":[-94.82812715882324,29.515243828170128]},"properties":{"substrate":"Mud","lease_number":null,"poll_year":2025}},{"type":"Feature","id":"3c19e784-d705-4f12-8aa5-02b2e42568d2","geometry":{"type":"Point","coordinates":[-94.81876567421195,29.514442548615733]},"properties":{"substrate":"Mud","lease_number":null,"poll_year":2025}},{"type":"Feature","id":"3c2534c3-ddaf-467a-8764-e4f873ddb01d","geometry":{"type":"Point","coordinates":[-94.82971362673413,29.511742752300336]},"properties":{"substrate":"Mud","lease_number":null,"poll_year":2025}},{"type":"Feature","id":"3c4f8f01-df41-44ae-9020-d82649f22e73","geometry":{"type":"Point","coordinates":[-94.82639955480143,29.512095975727185]},"properties":{"substrate":"Mud","lease_number":null,"poll_year":2025}},{"type":"Feature","id":"3c71efb6-f44a-4e04-8bd0-2a36fb2a9f6d","geometry":{"type":"Point","coordinates":[-94.8161424004445,29.5159562077058]},"properties":{"substrate":"Mud","lease_number":null,"poll_year":2025}},{"type":"Feature","id":"3c82eb43-9ed8-4429-bc9c-4079133071ec","geometry":{"type":"Point","coordinates":[-94.82750895621102,29.51009256974376]},"properties":{"substrate":"Mud","lease_number":null,"poll_year":2025}},{"type":"Feature","id":"3c8e052d-046a-4484-bb3d-dd2436908222","geometry":{"type":"Point","coordinates":[-94.81390833524867,29.513465605244125]},"properties":{"substrate":"Solid Reef","lease_number":null,"poll_year":2025}},{"type":"Feature","id":"3cab8108-a5af-4ebc-8328-2fcf5237280c","geometry":{"type":"Point","coordinates":[-94.83103885917052,29.511442433632684]},"properties":{"substrate":"Mud","lease_number":null,"poll_year":2025}},{"type":"Feature","id":"3caeb224-34b7-4859-8c01-44359fdc95f9","geometry":{"type":"Point","coordinates":[-94.82450352205373,29.513668999931784]},"properties":{"substrate":"Mud","lease_number":null,"poll_year":2025}},{"type":"Feature","id":"3cbff36f-fbbb-45f3-8031-52d659ce4d2a","geometry":{"type":"Point","coordinates":[-94.8257283542824,29.50955527016419]},"properties":{"substrate":"Mud","lease_number":null,"poll_year":2025}},{"type":"Feature","id":"3ccf387f-97fc-4e70-9617-023c4ec51d12","geometry":{"type":"Point","coordinates":[-94.81764941506346,29.514377082367748]},"properties":{"substrate":"Mud","lease_number":null,"poll_year":2025}},{"type":"Feature","id":"3ccf9401-b451-4f46-9799-f956b294fab0","geometry":{"type":"Point","coordinates":[-94.81640148714888,29.512417015297448]},"properties":{"substrate":"Mud","lease_number":null,"poll_year":2025}},{"type":"Feature","id":"3cd589b0-9d2a-40b6-8d4f-1f357b1e739a","geometry":{"type":"Point","coordinates":[-94.8267479205703,29.51400176382584]},"properties":{"substrate":"Mud","lease_number":null,"poll_year":2025}},{"type":"Feature","id":"3cd78f2c-46a8-4d30-8dd8-931c6ec1cade","geometry":{"type":"Point","coordinates":[-94.81849761243957,29.514588939917413]},"properties":{"substrate":"Buried Shell","lease_number":null,"poll_year":2025}},{"type":"Feature","id":"3d430ae8-4aa4-4d43-9213-7573578491b5","geometry":{"type":"Point","coordinates":[-94.82772092358378,29.514117705246026]},"properties":{"substrate":"Mud","lease_number":null,"poll_year":2025}},{"type":"Feature","id":"3d58a8ef-3bb4-4ebe-8903-af1723e8c500","geometry":{"type":"Point","coordinates":[-94.83398343156895,29.505236718916443]},"properties":{"substrate":"Mud","lease_number":null,"poll_year":2025}},{"type":"Feature","id":"3d592de3-ef6d-4c63-9773-162452d147ee","geometry":{"type":"Point","coordinates":[-94.82640558070037,29.513907544663248]},"properties":{"substrate":"Mud","lease_number":null,"poll_year":2025}},{"type":"Feature","id":"3d61e83d-bdf7-4888-8b70-edb3ceeaebe7","geometry":{"type":"Point","coordinates":[-94.81868750640916,29.51356877193636]},"properties":{"substrate":"Mud","lease_number":null,"poll_year":2025}},{"type":"Feature","id":"3d630375-96ec-433d-b37a-2afc217bed62","geometry":{"type":"Point","coordinates":[-94.82066724058177,29.513325443654473]},"properties":{"substrate":"Mud","lease_number":null,"poll_year":2025}},{"type":"Feature","id":"3d6b594f-025d-4be7-b878-cbfe9ba9e0e4","geometry":{"type":"Point","coordinates":[-94.83096037066919,29.50887578532379]},"properties":{"substrate":"Mud","lease_number":null,"poll_year":2025}},{"type":"Feature","id":"3d8689c4-25e4-4867-8443-5795f0f65e6d","geometry":{"type":"Point","coordinates":[-94.8192404518059,29.513107062079968]},"properties":{"substrate":"Buried Shell","lease_number":null,"poll_year":2025}},{"type":"Feature","id":"3da6ae8f-c68f-48ae-978d-ee45b03942eb","geometry":{"type":"Point","coordinates":[-94.83308702700145,29.509007264324826]},"properties":{"substrate":"Mud","lease_number":null,"poll_year":2025}},{"type":"Feature","id":"3db287af-b8c6-4fe1-be44-eed5f370f71e","geometry":{"type":"Point","coordinates":[-94.8285835631747,29.50910161235242]},"properties":{"substrate":"Mud","lease_number":null,"poll_year":2025}},{"type":"Feature","id":"3de4f961-2c73-4e71-b5eb-b56231ebdf01","geometry":{"type":"Point","coordinates":[-94.81491879621287,29.514636314984408]},"properties":{"substrate":"Mud","lease_number":null,"poll_year":2025}},{"type":"Feature","id":"3de74a19-0f0a-4844-9b03-8f425b09edf9","geometry":{"type":"Point","coordinates":[-94.82969222167755,29.509173141612628]},"properties":{"substrate":"Mud","lease_number":null,"poll_year":2025}},{"type":"Feature","id":"3df34e6e-c8ff-481d-a365-4ec364334d4a","geometry":{"type":"Point","coordinates":[-94.82080658365538,29.512229429960517]},"properties":{"substrate":"Mud","lease_number":null,"poll_year":2025}},{"type":"Feature","id":"3e0ffe65-bed0-4a95-8020-2fe2d8a1769b","geometry":{"type":"Point","coordinates":[-94.82400015018597,29.509723964084642]},"properties":{"substrate":"Buried Shell","lease_number":null,"poll_year":2025}},{"type":"Feature","id":"3e135dfd-403d-460f-9795-bc357177e5dd","geometry":{"type":"Point","coordinates":[-94.83221559559884,29.50922431711445]},"properties":{"substrate":"Mud","lease_number":null,"poll_year":2025}},{"type":"Feature","id":"3e1d6563-f27e-4fe7-aaf5-1cbba59255ca","geometry":{"type":"Point","coordinates":[-94.81791311641344,29.514803322824005]},"properties":{"substrate":"Buried Shell","lease_number":null,"poll_year":2025}},{"type":"Feature","id":"3e31af5a-7bf4-4102-8c97-e6fb0bc483c5","geometry":{"type":"Point","coordinates":[-94.82504711868332,29.514257722679474]},"properties":{"substrate":"Mud","lease_number":null,"poll_year":2025}},{"type":"Feature","id":"3e8b61df-a048-468a-adbb-533b6885a05c","geometry":{"type":"Point","coordinates":[-94.82560854956621,29.50875794988567]},"properties":{"substrate":"Mud","lease_number":null,"poll_year":2025}},{"type":"Feature","id":"3eb3e73d-bf17-4734-81f8-588f6c78d31b","geometry":{"type":"Point","coordinates":[-94.82864025315733,29.511434919302747]},"properties":{"substrate":"Mud","lease_number":null,"poll_year":2025}},{"type":"Feature","id":"3f073a26-1cf0-4087-be35-3bd7fe32233f","geometry":{"type":"Point","coordinates":[-94.82937359373786,29.512967799792335]},"properties":{"substrate":"Mud","lease_number":null,"poll_year":2025}},{"type":"Feature","id":"3f167085-a47e-45ec-a139-8c357748ea5b","geometry":{"type":"Point","coordinates":[-94.8214745664091,29.51317469929328]},"properties":{"substrate":"Mud","lease_number":null,"poll_year":2025}},{"type":"Feature","id":"3f1fa15a-da9e-46a4-85bb-feef5bf88fd1","geometry":{"type":"Point","coordinates":[-94.83134133719803,29.511842523991177]},"properties":{"substrate":"Mud","lease_number":null,"poll_year":2025}},{"type":"Feature","id":"3f29c082-86d1-4eae-8c75-3509d555c211","geometry":{"type":"Point","coordinates":[-94.82363230085691,29.515344402378997]},"properties":{"substrate":"Mud","lease_number":null,"poll_year":2025}},{"type":"Feature","id":"3f2c4b85-1eaf-439d-b9dc-dd30165f85ee","geometry":{"type":"Point","coordinates":[-94.83252208640074,29.507192243611545]},"properties":{"substrate":"Mud","lease_number":null,"poll_year":2025}},{"type":"Feature","id":"3f3aefa3-35f7-4750-a580-d2dd26c9febc","geometry":{"type":"Point","coordinates":[-94.82079862997185,29.511885281693644]},"properties":{"substrate":"Mud","lease_number":null,"poll_year":2025}},{"type":"Feature","id":"3f51e4e1-84f4-4fd4-a2fd-f5f84c9b2363","geometry":{"type":"Point","coordinates":[-94.823956218077,29.512373186810798]},"properties":{"substrate":"Mud","lease_number":null,"poll_year":2025}},{"type":"Feature","id":"3f61f627-f111-4322-8a67-15b925afa491","geometry":{"type":"Point","coordinates":[-94.81359171414532,29.515729160832688]},"properties":{"substrate":"Solid Reef","lease_number":null,"poll_year":2025}},{"type":"Feature","id":"3f6ee9cb-e48e-4c78-97e2-da6bd605284a","geometry":{"type":"Point","coordinates":[-94.8235923231318,29.51201328029445]},"properties":{"substrate":"Mud","lease_number":null,"poll_year":2025}},{"type":"Feature","id":"3f71e753-dd28-4a20-8675-bbcbefad7252","geometry":{"type":"Point","coordinates":[-94.82434594677312,29.51455293682167]},"properties":{"substrate":"Mud","lease_number":null,"poll_year":2025}},{"type":"Feature","id":"3f77a841-93ff-4851-b6c6-06f96ec8463e","geometry":{"type":"Point","coordinates":[-94.82295255735951,29.51305724331909]},"properties":{"substrate":"Mud","lease_number":null,"poll_year":2025}},{"type":"Feature","id":"3fa712ad-54e1-4acb-b07d-2916084a7783","geometry":{"type":"Point","coordinates":[-94.82027775443078,29.51195336689092]},"properties":{"substrate":"Mud","lease_number":null,"poll_year":2025}},{"type":"Feature","id":"3fcfbe27-1191-409c-b3a9-7f6921e9af2e","geometry":{"type":"Point","coordinates":[-94.8251476922659,29.515213352965144]},"properties":{"substrate":"Mud","lease_number":null,"poll_year":2025}},{"type":"Feature","id":"3fdd674b-b076-4389-bbe1-a82baed5cb37","geometry":{"type":"Point","coordinates":[-94.82790916555156,29.513534965975015]},"properties":{"substrate":"Mud","lease_number":null,"poll_year":2025}},{"type":"Feature","id":"3fe0ae97-c408-49da-8d57-b7eda6c17b11","geometry":{"type":"Point","coordinates":[-94.82177047775187,29.51437405624129]},"properties":{"substrate":"Mud","lease_number":null,"poll_year":2025}},{"type":"Feature","id":"3fe3f9c7-ab04-49f9-bfa4-dcc84a4f393c","geometry":{"type":"Point","coordinates":[-94.82810158019383,29.51165870725471]},"properties":{"substrate":"Mud","lease_number":null,"poll_year":2025}},{"type":"Feature","id":"3ffc43ea-c85a-4662-8056-f2096dedff65","geometry":{"type":"Point","coordinates":[-94.82597613119734,29.514102346304693]},"properties":{"substrate":"Mud","lease_number":null,"poll_year":2025}},{"type":"Feature","id":"4004c889-aa18-42e2-8be3-7958de724976","geometry":{"type":"Point","coordinates":[-94.82474618485976,29.512286364699055]},"properties":{"substrate":"Mud","lease_number":null,"poll_year":2025}},{"type":"Feature","id":"402283fb-0c40-4e46-80be-9751543f8858","geometry":{"type":"Point","coordinates":[-94.82711298063042,29.51129014638687]},"properties":{"substrate":"Mud","lease_number":null,"poll_year":2025}},{"type":"Feature","id":"4032933f-9797-41d4-9772-0567916a6f71","geometry":{"type":"Point","coordinates":[-94.83201999912383,29.51000836619089]},"properties":{"substrate":"Mud","lease_number":null,"poll_year":2025}},{"type":"Feature","id":"4035f0f2-1eb4-4172-ab3f-185bfaec1cd4","geometry":{"type":"Point","coordinates":[-94.81525246015379,29.51473723063563]},"properties":{"substrate":"Mud","lease_number":null,"poll_year":2025}},{"type":"Feature","id":"403764ac-82a3-4029-9830-251ef127edd5","geometry":{"type":"Point","coordinates":[-94.83201650467737,29.507906416176265]},"properties":{"substrate":"Mud","lease_number":null,"poll_year":2025}},{"type":"Feature","id":"4043e740-7abd-41d9-80ae-82291a02af34","geometry":{"type":"Point","coordinates":[-94.82943223486127,29.50952756622103]},"properties":{"substrate":"Mud","lease_number":null,"poll_year":2025}},{"type":"Feature","id":"4068033d-0584-4fb2-9361-d09926f47b3e","geometry":{"type":"Point","coordinates":[-94.8222038169601,29.512839113672644]},"properties":{"substrate":"Mud","lease_number":null,"poll_year":2025}},{"type":"Feature","id":"406f9c53-38b9-49f6-960b-c974ea839671","geometry":{"type":"Point","coordinates":[-94.83216851579313,29.50888780761725]},"properties":{"substrate":"Mud","lease_number":null,"poll_year":2025}},{"type":"Feature","id":"40aed30e-2562-4b22-925d-45a3345aa2e7","geometry":{"type":"Point","coordinates":[-94.82853662889605,29.51169703009053]},"properties":{"substrate":"Mud","lease_number":null,"poll_year":2025}},{"type":"Feature","id":"40b0a4bd-e44a-4b93-8edc-a8799e686baf","geometry":{"type":"Point","coordinates":[-94.82994845533256,29.51347081091619]},"properties":{"substrate":"Mud","lease_number":null,"poll_year":2025}},{"type":"Feature","id":"40c86371-bbaa-45fa-8849-80b89a37809e","geometry":{"type":"Point","coordinates":[-94.82393306489887,29.51473693904662]},"properties":{"substrate":"Mud","lease_number":null,"poll_year":2025}},{"type":"Feature","id":"40cb9b17-65ef-4d03-a2bf-f34e46754237","geometry":{"type":"Point","coordinates":[-94.82668856259127,29.51275971238216]},"properties":{"substrate":"Mud","lease_number":null,"poll_year":2025}},{"type":"Feature","id":"40d3013d-f992-4549-a6d2-0ec898aff328","geometry":{"type":"Point","coordinates":[-94.8318529547018,29.511087076825092]},"properties":{"substrate":"Mud","lease_number":null,"poll_year":2025}},{"type":"Feature","id":"40d97097-c409-455a-afa5-c099936f3700","geometry":{"type":"Point","coordinates":[-94.82603409588936,29.51534200479673]},"properties":{"substrate":"Mud","lease_number":null,"poll_year":2025}},{"type":"Feature","id":"40e911d3-b47d-45ff-beb9-2cc3cbebfc93","geometry":{"type":"Point","coordinates":[-94.83004454722018,29.506614162323817]},"properties":{"substrate":"Buried Shell","lease_number":null,"poll_year":2025}},{"type":"Feature","id":"40ed3df0-15d7-4738-b6d3-6f5859981566","geometry":{"type":"Point","coordinates":[-94.82782965656409,29.51201816864622]},"properties":{"substrate":"Mud","lease_number":null,"poll_year":2025}},{"type":"Feature","id":"4107f375-18da-4d32-926d-87fa2208fdaa","geometry":{"type":"Point","coordinates":[-94.83300530007354,29.50590798323235]},"properties":{"substrate":"Mud","lease_number":null,"poll_year":2025}},{"type":"Feature","id":"41160246-6590-4865-bec2-5e19ed1188bf","geometry":{"type":"Point","coordinates":[-94.83281863375076,29.50810120513139]},"properties":{"substrate":"Mud","lease_number":null,"poll_year":2025}},{"type":"Feature","id":"411fa4b4-b2fc-42fc-9c89-c9cfb5707a7f","geometry":{"type":"Point","coordinates":[-94.81979231024113,29.515000463264904]},"properties":{"substrate":"Mud","lease_number":null,"poll_year":2025}},{"type":"Feature","id":"41257230-bde1-40e8-9a52-fa1fd82aa35c","geometry":{"type":"Point","coordinates":[-94.83038971139337,29.512764985321454]},"properties":{"substrate":"Mud","lease_number":null,"poll_year":2025}},{"type":"Feature","id":"415e7f01-622b-4432-b745-9ef1e3719c29","geometry":{"type":"Point","coordinates":[-94.81773025804915,29.51283117182658]},"properties":{"substrate":"Mud","lease_number":null,"poll_year":2025}},{"type":"Feature","id":"416abba4-c1fb-40c2-99d5-7095e7f4235b","geometry":{"type":"Point","coordinates":[-94.83021339456099,29.50734778773453]},"properties":{"substrate":"Solid Reef","lease_number":null,"poll_year":2025}},{"type":"Feature","id":"41746db4-7aac-40e0-97e6-4dcbea00cfaf","geometry":{"type":"Point","coordinates":[-94.83361322506059,29.507773455809847]},"properties":{"substrate":"Mud","lease_number":null,"poll_year":2025}},{"type":"Feature","id":"41858937-7421-42b6-b808-59ab2932fc6a","geometry":{"type":"Point","coordinates":[-94.82212815635529,29.51576388068767]},"properties":{"substrate":"Mud","lease_number":null,"poll_year":2025}},{"type":"Feature","id":"419555e2-15d0-4dad-aba9-37ab0677c5f1","geometry":{"type":"Point","coordinates":[-94.82684378967572,29.51244361538962]},"properties":{"substrate":"Mud","lease_number":null,"poll_year":2025}},{"type":"Feature","id":"419d0972-eb00-4f77-9370-bdf1be65ba5a","geometry":{"type":"Point","coordinates":[-94.8132059173752,29.515899959046273]},"properties":{"substrate":"Solid Reef","lease_number":null,"poll_year":2025}},{"type":"Feature","id":"41b88677-4643-47f2-9a25-0f003759fb24","geometry":{"type":"Point","coordinates":[-94.82532105094604,29.509167680858265]},"properties":{"substrate":"Buried Shell","lease_number":null,"poll_year":2025}},{"type":"Feature","id":"41baa784-8644-405d-9f76-24ec4eed6f86","geometry":{"type":"Point","coordinates":[-94.81699965643196,29.51428058008163]},"properties":{"substrate":"Mud","lease_number":null,"poll_year":2025}},{"type":"Feature","id":"41c05a78-8f71-495e-88cd-6a976ea86903","geometry":{"type":"Point","coordinates":[-94.82893280120771,29.509512748356954]},"properties":{"substrate":"Mud","lease_number":null,"poll_year":2025}},{"type":"Feature","id":"41d32c88-a904-406e-8f59-b4e0a679da22","geometry":{"type":"Point","coordinates":[-94.83023661960434,29.512833002696116]},"properties":{"substrate":"Mud","lease_number":null,"poll_year":2025}},{"type":"Feature","id":"4209eb2c-74bc-4ea8-bc86-19b73921082e","geometry":{"type":"Point","coordinates":[-94.8306803523204,29.508487117675664]},"properties":{"substrate":"Mud","lease_number":null,"poll_year":2025}},{"type":"Feature","id":"420bf35e-7e0c-4665-bb0f-d8adc9c2b933","geometry":{"type":"Point","coordinates":[-94.83383347579858,29.50663499423787]},"properties":{"substrate":"Mud","lease_number":null,"poll_year":2025}},{"type":"Feature","id":"42130987-2275-4f22-9775-b64ba2941998","geometry":{"type":"Point","coordinates":[-94.82745233539866,29.51504687582027]},"properties":{"substrate":"Mud","lease_number":null,"poll_year":2025}},{"type":"Feature","id":"424fd556-2bb8-4d8e-9728-f441c6c1a778","geometry":{"type":"Point","coordinates":[-94.83077675682173,29.512905172703363]},"properties":{"substrate":"Mud","lease_number":null,"poll_year":2025}},{"type":"Feature","id":"4253bc5a-ec32-4c38-9387-8ba768b9cf84","geometry":{"type":"Point","coordinates":[-94.82262874614062,29.51216464084868]},"properties":{"substrate":"Mud","lease_number":null,"poll_year":2025}},{"type":"Feature","id":"4276e824-c8aa-4384-81ab-7f9c1126887c","geometry":{"type":"Point","coordinates":[-94.82650222415356,29.510516415692525]},"properties":{"substrate":"Mud","lease_number":null,"poll_year":2025}},{"type":"Feature","id":"427bf18b-101f-41b3-afe5-4c03b05fd189","geometry":{"type":"Point","coordinates":[-94.83174878695975,29.50698861075142]},"properties":{"substrate":"Mud","lease_number":null,"poll_year":2025}},{"type":"Feature","id":"429496e3-1d88-4cfa-85e2-2099a24215ca","geometry":{"type":"Point","coordinates":[-94.83111717429699,29.50777133167604]},"properties":{"substrate":"Mud","lease_number":null,"poll_year":2025}},{"type":"Feature","id":"42998a0a-80dc-4fa9-a7f6-0937bf5c427b","geometry":{"type":"Point","coordinates":[-94.82302891056541,29.514342099371326]},"properties":{"substrate":"Mud","lease_number":null,"poll_year":2025}},{"type":"Feature","id":"42bb338a-7d47-493e-b098-4b5a6ace4eec","geometry":{"type":"Point","coordinates":[-94.82252323541725,29.515311681278003]},"properties":{"substrate":"Mud","lease_number":null,"poll_year":2025}},{"type":"Feature","id":"42c611e5-e7d0-4e92-9a74-b43edd0a86bd","geometry":{"type":"Point","coordinates":[-94.82746052713574,29.507688502932456]},"properties":{"substrate":"Mud","lease_number":null,"poll_year":2025}},{"type":"Feature","id":"42c8ac6d-4d7e-4ac4-aada-3ede97752181","geometry":{"type":"Point","coordinates":[-94.82322113027327,29.511125105150835]},"properties":{"substrate":"Mud","lease_number":null,"poll_year":2025}},{"type":"Feature","id":"42d87397-4ff3-47e8-95d9-f4c6274eb190","geometry":{"type":"Point","coordinates":[-94.82851551758856,29.510963032805112]},"properties":{"substrate":"Mud","lease_number":null,"poll_year":2025}},{"type":"Feature","id":"42db0ae8-1fff-491f-98b0-091cd74e4264","geometry":{"type":"Point","coordinates":[-94.81924853125356,29.514097430692516]},"properties":{"substrate":"Mud","lease_number":null,"poll_year":2025}},{"type":"Feature","id":"42e65046-6a1b-4a2e-a6c2-c63f6de03cb6","geometry":{"type":"Point","coordinates":[-94.81908198270158,29.513626844929277]},"properties":{"substrate":"Mud","lease_number":null,"poll_year":2025}},{"type":"Feature","id":"4319e4f2-1c80-42f8-b982-a1c8ceb7dcdc","geometry":{"type":"Point","coordinates":[-94.82096536178017,29.512869093960198]},"properties":{"substrate":"Mud","lease_number":null,"poll_year":2025}},{"type":"Feature","id":"432af7fb-4c45-4e6c-9b40-2427b560368e","geometry":{"type":"Point","coordinates":[-94.82239811087796,29.515190877261116]},"properties":{"substrate":"Mud","lease_number":null,"poll_year":2025}},{"type":"Feature","id":"435856d5-5afb-419f-beb8-acc221b22d71","geometry":{"type":"Point","coordinates":[-94.82529309178115,29.515156050111564]},"properties":{"substrate":"Mud","lease_number":null,"poll_year":2025}},{"type":"Feature","id":"43767622-72cd-46d4-bd1d-5c42c94ffb47","geometry":{"type":"Point","coordinates":[-94.8292508937515,29.50827146661845]},"properties":{"substrate":"Mud","lease_number":null,"poll_year":2025}},{"type":"Feature","id":"4385f953-20d2-4d61-b24f-dd039589bc6a","geometry":{"type":"Point","coordinates":[-94.82290805571866,29.512552209298352]},"properties":{"substrate":"Mud","lease_number":null,"poll_year":2025}},{"type":"Feature","id":"43a26a25-b416-4de9-a9dc-3c7f36c162b4","geometry":{"type":"Point","coordinates":[-94.8289980584232,29.508673910179688]},"properties":{"substrate":"Mud","lease_number":null,"poll_year":2025}},{"type":"Feature","id":"43ad9af7-62c7-45e8-a398-5a237e570d5b","geometry":{"type":"Point","coordinates":[-94.82736385044487,29.509900330087483]},"properties":{"substrate":"Mud","lease_number":null,"poll_year":2025}},{"type":"Feature","id":"43b832e9-56b3-4d58-9a19-0c40fdfe211c","geometry":{"type":"Point","coordinates":[-94.82648281964511,29.512323911010917]},"properties":{"substrate":"Mud","lease_number":null,"poll_year":2025}},{"type":"Feature","id":"43cd5321-589a-4615-90ad-3927271a432f","geometry":{"type":"Point","coordinates":[-94.8279699275974,29.50748193073562]},"properties":{"substrate":"Mud","lease_number":null,"poll_year":2025}},{"type":"Feature","id":"43e62402-de05-44a9-92eb-5592b05d2b63","geometry":{"type":"Point","coordinates":[-94.82281844158254,29.515001549099]},"properties":{"substrate":"Mud","lease_number":null,"poll_year":2025}},{"type":"Feature","id":"43e676f1-e05a-4e3a-a854-a420760ccbef","geometry":{"type":"Point","coordinates":[-94.81340344343144,29.50705619889061]},"properties":{"substrate":"Buried Shell","lease_number":null,"poll_year":2025}},{"type":"Feature","id":"43e6d666-1e57-4ef2-bc15-1da29356b4dc","geometry":{"type":"Point","coordinates":[-94.8301546851656,29.508976511272135]},"properties":{"substrate":"Mud","lease_number":null,"poll_year":2025}},{"type":"Feature","id":"43ee90ef-d56b-4dd9-9a9a-0b0a78f8220d","geometry":{"type":"Point","coordinates":[-94.81864026490669,29.51284977836946]},"properties":{"substrate":"Buried Shell","lease_number":null,"poll_year":2025}},{"type":"Feature","id":"43f4b24b-c01d-48c8-b6eb-0d1d2e3fcc55","geometry":{"type":"Point","coordinates":[-94.82741953521268,29.51584220317719]},"properties":{"substrate":"Mud","lease_number":null,"poll_year":2025}},{"type":"Feature","id":"440e55a6-72b2-4850-9690-e148b9e2248b","geometry":{"type":"Point","coordinates":[-94.82924050743017,29.50696873661512]},"properties":{"substrate":"Solid Reef","lease_number":null,"poll_year":2025}},{"type":"Feature","id":"44186a97-2239-456f-8d44-1646e2ab6bad","geometry":{"type":"Point","coordinates":[-94.82827414296666,29.510807953917883]},"properties":{"substrate":"Mud","lease_number":null,"poll_year":2025}},{"type":"Feature","id":"442411c6-dd48-456a-986a-4ea7888badad","geometry":{"type":"Point","coordinates":[-94.82204589223484,29.511882475167816]},"properties":{"substrate":"Mud","lease_number":null,"poll_year":2025}},{"type":"Feature","id":"4425f919-aa95-4e6c-a54f-6657aeb03c55","geometry":{"type":"Point","coordinates":[-94.82168314892985,29.511517305629145]},"properties":{"substrate":"Mud","lease_number":null,"poll_year":2025}},{"type":"Feature","id":"442dc4fd-56ed-4164-88c7-2c99991ed257","geometry":{"type":"Point","coordinates":[-94.81662999160768,29.51523181992108]},"properties":{"substrate":"Mud","lease_number":null,"poll_year":2025}},{"type":"Feature","id":"44422041-b983-4500-a26d-9fce6fab82e9","geometry":{"type":"Point","coordinates":[-94.81434989314343,29.51381464812902]},"properties":{"substrate":"Buried Shell","lease_number":null,"poll_year":2025}},{"type":"Feature","id":"4449221c-884a-4ec3-9809-3c9ac077bc04","geometry":{"type":"Point","coordinates":[-94.8290927255828,29.51414399532039]},"properties":{"substrate":"Mud","lease_number":null,"poll_year":2025}},{"type":"Feature","id":"444a9dc5-22ff-4481-a6ce-7fef267b8e8b","geometry":{"type":"Point","coordinates":[-94.82801586564437,29.51479480186302]},"properties":{"substrate":"Mud","lease_number":null,"poll_year":2025}},{"type":"Feature","id":"44616ba1-7de3-449c-a698-95d7c676eaf5","geometry":{"type":"Point","coordinates":[-94.82708665819595,29.51002479131475]},"properties":{"substrate":"Mud","lease_number":null,"poll_year":2025}},{"type":"Feature","id":"447e2e1f-d26d-4033-ac48-819c97d7ae8a","geometry":{"type":"Point","coordinates":[-94.82721604344465,29.515393472675466]},"properties":{"substrate":"Mud","lease_number":null,"poll_year":2025}},{"type":"Feature","id":"449422c9-6aeb-4e6d-b507-0a2f9584fc1d","geometry":{"type":"Point","coordinates":[-94.82428402410396,29.511973132947336]},"properties":{"substrate":"Mud","lease_number":null,"poll_year":2025}},{"type":"Feature","id":"44b5772c-f54e-4739-9ff2-dd273db8a7a5","geometry":{"type":"Point","coordinates":[-94.82409709637145,29.51385126828569]},"properties":{"substrate":"Mud","lease_number":null,"poll_year":2025}},{"type":"Feature","id":"44bdd3d9-718e-4a1d-9c05-8025ad16cb78","geometry":{"type":"Point","coordinates":[-94.82441318118057,29.510099726120018]},"properties":{"substrate":"Mud","lease_number":null,"poll_year":2025}},{"type":"Feature","id":"44cb160e-daa0-41f0-be6c-bffaf467b4e7","geometry":{"type":"Point","coordinates":[-94.8284581619543,29.50860819862839]},"properties":{"substrate":"Mud","lease_number":null,"poll_year":2025}},{"type":"Feature","id":"44d81794-4418-4df3-b614-79934f990a88","geometry":{"type":"Point","coordinates":[-94.82153125639172,29.51507844863468]},"properties":{"substrate":"Mud","lease_number":null,"poll_year":2025}},{"type":"Feature","id":"44e63492-1d2c-462a-88be-7d7854e11231","geometry":{"type":"Point","coordinates":[-94.8318940265749,29.50796021288644]},"properties":{"substrate":"Mud","lease_number":null,"poll_year":2025}},{"type":"Feature","id":"44f18c1e-16d4-41c6-af81-b62283452e8e","geometry":{"type":"Point","coordinates":[-94.82055673971699,29.51092594332365]},"properties":{"substrate":"Buried Shell","lease_number":null,"poll_year":2025}},{"type":"Feature","id":"4514dc96-321b-4bbf-b692-3ce9bbb689e8","geometry":{"type":"Point","coordinates":[-94.81420845430026,29.51412124264122]},"properties":{"substrate":"Buried Shell","lease_number":null,"poll_year":2025}},{"type":"Feature","id":"451fa1ef-31e0-4992-aae0-c16621508299","geometry":{"type":"Point","coordinates":[-94.8296580362894,29.51410875973984]},"properties":{"substrate":"Mud","lease_number":null,"poll_year":2025}},{"type":"Feature","id":"456abed4-daf9-4c09-844f-e155dee5941f","geometry":{"type":"Point","coordinates":[-94.82929572507408,29.512182874614656]},"properties":{"substrate":"Mud","lease_number":null,"poll_year":2025}},{"type":"Feature","id":"456cc7e2-8c57-4542-91c5-708de7f2259d","geometry":{"type":"Point","coordinates":[-94.82656623540576,29.513063250308917]},"properties":{"substrate":"Mud","lease_number":null,"poll_year":2025}},{"type":"Feature","id":"457be845-66d8-41e6-95dc-be16b456fcb3","geometry":{"type":"Point","coordinates":[-94.82492879169577,29.512709652669518]},"properties":{"substrate":"Mud","lease_number":null,"poll_year":2025}},{"type":"Feature","id":"45cf7243-3b36-47e1-922c-2ca0e1621191","geometry":{"type":"Point","coordinates":[-94.82446569579376,29.512149139330624]},"properties":{"substrate":"Mud","lease_number":null,"poll_year":2025}},{"type":"Feature","id":"45d14873-85f9-4698-9d87-cb947682874e","geometry":{"type":"Point","coordinates":[-94.81581403836041,29.512658085706448]},"properties":{"substrate":"Solid Reef","lease_number":null,"poll_year":2025}},{"type":"Feature","id":"45d9694c-5c5a-4e22-9d9c-5419ecc2a2f0","geometry":{"type":"Point","coordinates":[-94.82830525701483,29.513646708377404]},"properties":{"substrate":"Mud","lease_number":null,"poll_year":2025}},{"type":"Feature","id":"45de1284-2f79-41fd-9a18-f316b6a7286b","geometry":{"type":"Point","coordinates":[-94.82533991556703,29.51547889594444]},"properties":{"substrate":"Mud","lease_number":null,"poll_year":2025}},{"type":"Feature","id":"45f51749-271f-4a9f-9102-d5d881cb4e7e","geometry":{"type":"Point","coordinates":[-94.82897043163494,29.509728972940877]},"properties":{"substrate":"Mud","lease_number":null,"poll_year":2025}},{"type":"Feature","id":"4628282b-b473-4d99-bb27-10c2b0006a2f","geometry":{"type":"Point","coordinates":[-94.82544092573082,29.510997769930473]},"properties":{"substrate":"Mud","lease_number":null,"poll_year":2025}},{"type":"Feature","id":"4664af94-56c3-40a2-a53f-35d8afe303ea","geometry":{"type":"Point","coordinates":[-94.82042054703507,29.511875740287415]},"properties":{"substrate":"Mud","lease_number":null,"poll_year":2025}},{"type":"Feature","id":"467c4ff7-d5d2-4579-908a-9de8c2d495b3","geometry":{"type":"Point","coordinates":[-94.82493220529385,29.509340909758603]},"properties":{"substrate":"Buried Shell","lease_number":null,"poll_year":2025}},{"type":"Feature","id":"4686d04e-d8d9-4c63-ad94-a76baa3cfa13","geometry":{"type":"Point","coordinates":[-94.829842422688,29.510381039946395]},"properties":{"substrate":"Mud","lease_number":null,"poll_year":2025}},{"type":"Feature","id":"469fd9a0-6e9e-4259-86c1-703cc5cd0464","geometry":{"type":"Point","coordinates":[-94.82787585242757,29.514855123215842]},"properties":{"substrate":"Mud","lease_number":null,"poll_year":2025}},{"type":"Feature","id":"46ce4eb1-ed7e-4096-a331-bd18907d74f3","geometry":{"type":"Point","coordinates":[-94.81744128439529,29.51492977067411]},"properties":{"substrate":"Mud","lease_number":null,"poll_year":2025}},{"type":"Feature","id":"470170de-b81c-4a7d-a72e-ca0727c851ea","geometry":{"type":"Point","coordinates":[-94.82139754485662,29.51514116662384]},"properties":{"substrate":"Mud","lease_number":null,"poll_year":2025}},{"type":"Feature","id":"47061fd1-90a7-42ff-90d9-8eb275cf9d65","geometry":{"type":"Point","coordinates":[-94.8220305328401,29.511114308935333]},"properties":{"substrate":"Mud","lease_number":null,"poll_year":2025}},{"type":"Feature","id":"47170ac2-c93d-48ce-ad10-8eb70683557f","geometry":{"type":"Point","coordinates":[-94.82597432827855,29.512031853371973]},"properties":{"substrate":"Mud","lease_number":null,"poll_year":2025}},{"type":"Feature","id":"472ce348-8a76-4ab8-8d67-7b0be5fa08f9","geometry":{"type":"Point","coordinates":[-94.81709520034725,29.514557716388747]},"properties":{"substrate":"Mud","lease_number":null,"poll_year":2025}},{"type":"Feature","id":"4741e5a2-11fa-4308-a686-6e76e44551f8","geometry":{"type":"Point","coordinates":[-94.8227992032624,29.515203786857114]},"properties":{"substrate":"Mud","lease_number":null,"poll_year":2025}},{"type":"Feature","id":"476c0e39-d5f9-42a6-86b9-334740af2b35","geometry":{"type":"Point","coordinates":[-94.83283579157269,29.508997910275518]},"properties":{"substrate":"Mud","lease_number":null,"poll_year":2025}},{"type":"Feature","id":"4785af6f-674c-44dd-bf58-d047e135a516","geometry":{"type":"Point","coordinates":[-94.83310141531737,29.507984975374587]},"properties":{"substrate":"Mud","lease_number":null,"poll_year":2025}},{"type":"Feature","id":"47881646-9f68-48ed-9cb1-ea84bcb22376","geometry":{"type":"Point","coordinates":[-94.82827622256654,29.509518492878982]},"properties":{"substrate":"Mud","lease_number":null,"poll_year":2025}},{"type":"Feature","id":"47911d1f-9e9a-497a-9c83-d4c405dc0320","geometry":{"type":"Point","coordinates":[-94.82300799598897,29.510697090219537]},"properties":{"substrate":"Mud","lease_number":null,"poll_year":2025}},{"type":"Feature","id":"47b11ded-6f07-4e9f-ba7a-9d0050145434","geometry":{"type":"Point","coordinates":[-94.8337875215819,29.505811523689758]},"properties":{"substrate":"Mud","lease_number":null,"poll_year":2025}},{"type":"Feature","id":"47d0b4db-6666-481a-83a5-f7d0d796fe2f","geometry":{"type":"Point","coordinates":[-94.8134601459905,29.515790092161243]},"properties":{"substrate":"Solid Reef","lease_number":null,"poll_year":2025}},{"type":"Feature","id":"47d6254d-765a-45e7-a8cc-f3989270631f","geometry":{"type":"Point","coordinates":[-94.82624881390349,29.51397299010779]},"properties":{"substrate":"Mud","lease_number":null,"poll_year":2025}},{"type":"Feature","id":"47fc677e-66aa-40fa-933b-c7456c3c824b","geometry":{"type":"Point","coordinates":[-94.82029551322563,29.512646123274255]},"properties":{"substrate":"Buried Shell","lease_number":null,"poll_year":2025}},{"type":"Feature","id":"480a9b3d-d71c-474a-8cdf-44d05bfc2f50","geometry":{"type":"Point","coordinates":[-94.82953996262678,29.508697728095004]},"properties":{"substrate":"Mud","lease_number":null,"poll_year":2025}},{"type":"Feature","id":"481caa25-1466-48f7-8316-fd9e6ec7326a","geometry":{"type":"Point","coordinates":[-94.82234548577198,29.510682008287954]},"properties":{"substrate":"Mud","lease_number":null,"poll_year":2025}},{"type":"Feature","id":"48243bdf-bbba-4cc7-bbd2-f607ac333328","geometry":{"type":"Point","coordinates":[-94.82728171837674,29.513790860342365]},"properties":{"substrate":"Mud","lease_number":null,"poll_year":2025}},{"type":"Feature","id":"48476a20-b3e8-4ca9-8df5-f83cd126b1c5","geometry":{"type":"Point","coordinates":[-94.82287729021681,29.510743827619592]},"properties":{"substrate":"Mud","lease_number":null,"poll_year":2025}},{"type":"Feature","id":"48491ea1-5c47-423d-91d8-0b299b1a3d5a","geometry":{"type":"Point","coordinates":[-94.81958014523902,29.513992479813524]},"properties":{"substrate":"Mud","lease_number":null,"poll_year":2025}},{"type":"Feature","id":"486aeb03-0816-45f3-b845-446a440c1882","geometry":{"type":"Point","coordinates":[-94.82847093869259,29.507278557233196]},"properties":{"substrate":"Buried Shell","lease_number":null,"poll_year":2025}},{"type":"Feature","id":"4871c9e2-af15-4c34-bf1d-d9eb084bd55f","geometry":{"type":"Point","coordinates":[-94.82967196376957,29.50786229725493]},"properties":{"substrate":"Mud","lease_number":null,"poll_year":2025}},{"type":"Feature","id":"48c5f613-e4de-4211-a7b4-1b7d9eb4cc36","geometry":{"type":"Point","coordinates":[-94.82892117431297,29.512337287682495]},"properties":{"substrate":"Mud","lease_number":null,"poll_year":2025}},{"type":"Feature","id":"48eec896-d57d-4f82-a215-d35dfa612064","geometry":{"type":"Point","coordinates":[-94.81358978725903,29.515974092918714]},"properties":{"substrate":"Solid Reef","lease_number":null,"poll_year":2025}},{"type":"Feature","id":"48f44e1a-a674-436a-8fd4-3711f597ab2a","geometry":{"type":"Point","coordinates":[-94.82669210464844,29.511728466359564]},"properties":{"substrate":"Mud","lease_number":null,"poll_year":2025}},{"type":"Feature","id":"491e48a4-2366-4a6d-b3e4-d01b71557483","geometry":{"type":"Point","coordinates":[-94.82817749592019,29.513701178248983]},"properties":{"substrate":"Mud","lease_number":null,"poll_year":2025}},{"type":"Feature","id":"494fe706-cd26-4906-b667-97839b4015fe","geometry":{"type":"Point","coordinates":[-94.81811753793781,29.51318169284719]},"properties":{"substrate":"Mud","lease_number":null,"poll_year":2025}},{"type":"Feature","id":"49a9da39-9151-4950-a265-3375017dd79a","geometry":{"type":"Point","coordinates":[-94.81804744419283,29.51521657137364]},"properties":{"substrate":"Mud","lease_number":null,"poll_year":2025}},{"type":"Feature","id":"49add155-3a95-4e4a-9932-568bd043a173","geometry":{"type":"Point","coordinates":[-94.81542725164684,29.515193120063156]},"properties":{"substrate":"Mud","lease_number":null,"poll_year":2025}},{"type":"Feature","id":"49b26db7-9b5d-4663-a631-dfac1d622e79","geometry":{"type":"Point","coordinates":[-94.82711269406782,29.511805588839138]},"properties":{"substrate":"Mud","lease_number":null,"poll_year":2025}},{"type":"Feature","id":"4a1f2f1b-bfc5-4fd0-aa08-7c47cd08e615","geometry":{"type":"Point","coordinates":[-94.82747805326693,29.50850925635406]},"properties":{"substrate":"Mud","lease_number":null,"poll_year":2025}},{"type":"Feature","id":"4a2f1969-dc64-432e-8170-173637f777bb","geometry":{"type":"Point","coordinates":[-94.81622493765283,29.513801504613415]},"properties":{"substrate":"Mud","lease_number":null,"poll_year":2025}},{"type":"Feature","id":"4a4d1044-d8d7-401f-9ce9-6d9e80648781","geometry":{"type":"Point","coordinates":[-94.82611279998633,29.51327226816087]},"properties":{"substrate":"Mud","lease_number":null,"poll_year":2025}},{"type":"Feature","id":"4a549d4a-98cb-4adb-9429-855489de9eb9","geometry":{"type":"Point","coordinates":[-94.81288944898544,29.506967849272108]},"properties":{"substrate":"Solid Reef","lease_number":null,"poll_year":2025}},{"type":"Feature","id":"4a7dc65b-324d-4df8-ad00-75f64d6a5b49","geometry":{"type":"Point","coordinates":[-94.82904370002616,29.51386190316944]},"properties":{"substrate":"Mud","lease_number":null,"poll_year":2025}},{"type":"Feature","id":"4a83703c-10bc-4eaa-ae72-709e5f7fae1f","geometry":{"type":"Point","coordinates":[-94.81653404075557,29.515548686030975]},"properties":{"substrate":"Mud","lease_number":null,"poll_year":2025}},{"type":"Feature","id":"4ac3598a-cda6-442f-9e9a-b6c32468338b","geometry":{"type":"Point","coordinates":[-94.82764470422687,29.50843423906546]},"properties":{"substrate":"Mud","lease_number":null,"poll_year":2025}},{"type":"Feature","id":"4aea51d4-0413-4da6-ad25-2ab57543c5e8","geometry":{"type":"Point","coordinates":[-94.82975859370231,29.509648093993103]},"properties":{"substrate":"Mud","lease_number":null,"poll_year":2025}},{"type":"Feature","id":"4af109e1-4176-4f80-9bd1-acb17207177e","geometry":{"type":"Point","coordinates":[-94.82590915909793,29.513078251365126]},"properties":{"substrate":"Mud","lease_number":null,"poll_year":2025}},{"type":"Feature","id":"4b211dd6-2bd5-4fe1-8738-152968ab0b93","geometry":{"type":"Point","coordinates":[-94.83126766007338,29.51117271793295]},"properties":{"substrate":"Mud","lease_number":null,"poll_year":2025}},{"type":"Feature","id":"4b45fb55-1f77-48d1-b999-f8e279387cff","geometry":{"type":"Point","coordinates":[-94.8180833067356,29.51222024585079]},"properties":{"substrate":"Mud","lease_number":null,"poll_year":2025}},{"type":"Feature","id":"4b4b9ff8-aad7-4479-818d-1df8dc5622ed","geometry":{"type":"Point","coordinates":[-94.8279764412815,29.515108190610825]},"properties":{"substrate":"Mud","lease_number":null,"poll_year":2025}},{"type":"Feature","id":"4b58b777-d15b-468b-b1c7-617fce85fc12","geometry":{"type":"Point","coordinates":[-94.82160976824923,29.512066934105224]},"properties":{"substrate":"Mud","lease_number":null,"poll_year":2025}},{"type":"Feature","id":"4b6a07e9-52a4-4879-b5da-4842a56b3f13","geometry":{"type":"Point","coordinates":[-94.82024993630137,29.51495554615374]},"properties":{"substrate":"Mud","lease_number":null,"poll_year":2025}},{"type":"Feature","id":"4b9a1a07-ff88-441c-9d31-fda52461b52e","geometry":{"type":"Point","coordinates":[-94.832892962154,29.507028623260503]},"properties":{"substrate":"Mud","lease_number":null,"poll_year":2025}},{"type":"Feature","id":"4ba81560-5fe0-4cc1-87e9-a8eae384c87a","geometry":{"type":"Point","coordinates":[-94.82900634358508,29.51488831507128]},"properties":{"substrate":"Mud","lease_number":null,"poll_year":2025}},{"type":"Feature","id":"4ba877f6-f424-49c6-92c7-2afba89ede4c","geometry":{"type":"Point","coordinates":[-94.81863556402281,29.514646766858387]},"properties":{"substrate":"Buried Shell","lease_number":null,"poll_year":2025}},{"type":"Feature","id":"4ba9fa87-a639-4438-87a4-9e4f8da082b8","geometry":{"type":"Point","coordinates":[-94.82953721468033,29.51364133307497]},"properties":{"substrate":"Mud","lease_number":null,"poll_year":2025}},{"type":"Feature","id":"4bc4f812-6ba7-49fc-9e93-7bb06f00dfff","geometry":{"type":"Point","coordinates":[-94.83075769816469,29.511561974883296]},"properties":{"substrate":"Mud","lease_number":null,"poll_year":2025}},{"type":"Feature","id":"4c14816f-607c-4fc3-91cf-fb25be2acafe","geometry":{"type":"Point","coordinates":[-94.82845427943565,29.514930507853567]},"properties":{"substrate":"Mud","lease_number":null,"poll_year":2025}},{"type":"Feature","id":"4c2f62c4-2049-460b-9fad-b13253677823","geometry":{"type":"Point","coordinates":[-94.83151827835954,29.508648366073004]},"properties":{"substrate":"Mud","lease_number":null,"poll_year":2025}},{"type":"Feature","id":"4c4678a4-909d-4778-8b4f-de93a478958b","geometry":{"type":"Point","coordinates":[-94.81963936936906,29.51107457713239]},"properties":{"substrate":"Buried Shell","lease_number":null,"poll_year":2025}},{"type":"Feature","id":"4c47068d-bf85-491f-a415-f33b5b767f8c","geometry":{"type":"Point","coordinates":[-94.81640279958751,29.514819886319366]},"properties":{"substrate":"Mud","lease_number":null,"poll_year":2025}},{"type":"Feature","id":"4c71616c-e906-4e5a-80df-5b9cc91f079b","geometry":{"type":"Point","coordinates":[-94.81425654740562,29.515146744316475]},"properties":{"substrate":"Mud","lease_number":null,"poll_year":2025}},{"type":"Feature","id":"4c8a14a7-5d25-4074-85ae-05bb34f42db3","geometry":{"type":"Point","coordinates":[-94.82818965282092,29.507693848842848]},"properties":{"substrate":"Mud","lease_number":null,"poll_year":2025}},{"type":"Feature","id":"4c99d844-6cbd-4315-96e3-acdae6014fcd","geometry":{"type":"Point","coordinates":[-94.83195296683732,29.5076621376927]},"properties":{"substrate":"Mud","lease_number":null,"poll_year":2025}},{"type":"Feature","id":"4ca2c634-030f-4000-b9f4-32cf691c858c","geometry":{"type":"Point","coordinates":[-94.82813949359043,29.514234412642406]},"properties":{"substrate":"Mud","lease_number":null,"poll_year":2025}},{"type":"Feature","id":"4caee086-6037-4d50-ba8b-914cb11b6696","geometry":{"type":"Point","coordinates":[-94.82266626877004,29.511377883237454]},"properties":{"substrate":"Mud","lease_number":null,"poll_year":2025}},{"type":"Feature","id":"4cb3f252-8a72-4f8a-9171-e3a9a278dbd3","geometry":{"type":"Point","coordinates":[-94.81959302797851,29.511873595913876]},"properties":{"substrate":"Mud","lease_number":null,"poll_year":2025}},{"type":"Feature","id":"4ceb5156-7dbe-4496-aeb1-ba6aa7445c46","geometry":{"type":"Point","coordinates":[-94.81922495766389,29.511501333389432]},"properties":{"substrate":"Mud","lease_number":null,"poll_year":2025}},{"type":"Feature","id":"4d0a9a2d-c7d0-4f95-9d9b-784bf478dfb0","geometry":{"type":"Point","coordinates":[-94.829925605785,29.509578479647416]},"properties":{"substrate":"Mud","lease_number":null,"poll_year":2025}},{"type":"Feature","id":"4d5f348b-a95c-4b5b-854a-c3f56bcb5c0f","geometry":{"type":"Point","coordinates":[-94.8291676639421,29.511421188372147]},"properties":{"substrate":"Mud","lease_number":null,"poll_year":2025}},{"type":"Feature","id":"4d6105fb-510c-4fc3-a269-389386674a33","geometry":{"type":"Point","coordinates":[-94.82313852928459,29.511702499307866]},"properties":{"substrate":"Mud","lease_number":null,"poll_year":2025}},{"type":"Feature","id":"4d6f7de3-69db-4c89-b43f-2f5351d7634f","geometry":{"type":"Point","coordinates":[-94.82148506681645,29.514077876903897]},"properties":{"substrate":"Mud","lease_number":null,"poll_year":2025}},{"type":"Feature","id":"4d725c45-3f24-4a03-9c26-cd9c370d7672","geometry":{"type":"Point","coordinates":[-94.81311455421923,29.514324794705193]},"properties":{"substrate":"Mud","lease_number":null,"poll_year":2025}},{"type":"Feature","id":"4d8d43c2-6636-4d85-8de8-27fa099bda99","geometry":{"type":"Point","coordinates":[-94.82179031434997,29.515101538809144]},"properties":{"substrate":"Mud","lease_number":null,"poll_year":2025}},{"type":"Feature","id":"4d9d9b89-3e84-4f6d-8c68-7a6a0cdebb0a","geometry":{"type":"Point","coordinates":[-94.83013575856087,29.51235421588084]},"properties":{"substrate":"Mud","lease_number":null,"poll_year":2025}},{"type":"Feature","id":"4dbd2374-ae81-4d03-92b4-b70c34680664","geometry":{"type":"Point","coordinates":[-94.8249947145629,29.5145252131393]},"properties":{"substrate":"Mud","lease_number":null,"poll_year":2025}},{"type":"Feature","id":"4e0f47e1-db6e-4c4b-acde-52bd860160e1","geometry":{"type":"Point","coordinates":[-94.8261040468022,29.51563828831394]},"properties":{"substrate":"Mud","lease_number":null,"poll_year":2025}},{"type":"Feature","id":"4e18d5e4-94ea-4740-88c9-1d2a2d3ca13a","geometry":{"type":"Point","coordinates":[-94.82630968644209,29.50981107296137]},"properties":{"substrate":"Mud","lease_number":null,"poll_year":2025}},{"type":"Feature","id":"4e1c0a52-afd4-4aae-a054-c0ccf80e754a","geometry":{"type":"Point","coordinates":[-94.82674400481397,29.509108856358502]},"properties":{"substrate":"Mud","lease_number":null,"poll_year":2025}},{"type":"Feature","id":"4e560311-76d8-4a2c-9927-2c93d7049849","geometry":{"type":"Point","coordinates":[-94.82808752874617,29.50877004333564]},"properties":{"substrate":"Mud","lease_number":null,"poll_year":2025}},{"type":"Feature","id":"4e5a7369-17d3-42f7-b600-d884e1858399","geometry":{"type":"Point","coordinates":[-94.82905073113989,29.508359669686484]},"properties":{"substrate":"Mud","lease_number":null,"poll_year":2025}},{"type":"Feature","id":"4e6935b0-0dc5-49f5-a2bc-455844d30c25","geometry":{"type":"Point","coordinates":[-94.81506680174077,29.514568295694627]},"properties":{"substrate":"Mud","lease_number":null,"poll_year":2025}},{"type":"Feature","id":"4e7392ef-dd44-454c-bd1f-f9eb3c7911ed","geometry":{"type":"Point","coordinates":[-94.82484055288036,29.514598870374954]},"properties":{"substrate":"Mud","lease_number":null,"poll_year":2025}},{"type":"Feature","id":"4e7763c5-7364-4932-85ba-2f1178e484bb","geometry":{"type":"Point","coordinates":[-94.81367642258168,29.514092232088394]},"properties":{"substrate":"Buried Shell","lease_number":null,"poll_year":2025}},{"type":"Feature","id":"4e791abf-de4d-4873-9d0d-4f721647121c","geometry":{"type":"Point","coordinates":[-94.82452827692805,29.515475167853566]},"properties":{"substrate":"Mud","lease_number":null,"poll_year":2025}},{"type":"Feature","id":"4e94de30-9533-41a6-a0b8-f326c4fe9df8","geometry":{"type":"Point","coordinates":[-94.82512887795059,29.516075172180923]},"properties":{"substrate":"Mud","lease_number":null,"poll_year":2025}},{"type":"Feature","id":"4ec6e8f1-fc15-468a-88db-9d93ba3dc92a","geometry":{"type":"Point","coordinates":[-94.82865093143111,29.514856366181032]},"properties":{"substrate":"Mud","lease_number":null,"poll_year":2025}},{"type":"Feature","id":"4ed140d4-bc4e-4e4f-861b-c87539bdf3c9","geometry":{"type":"Point","coordinates":[-94.82372112357727,29.51569039393589]},"properties":{"substrate":"Buried Shell","lease_number":null,"poll_year":2025}},{"type":"Feature","id":"4edb7d3a-b4a8-4a34-ad35-594cd0a98f54","geometry":{"type":"Point","coordinates":[-94.82255268758215,29.5119660173551]},"properties":{"substrate":"Mud","lease_number":null,"poll_year":2025}},{"type":"Feature","id":"4ee97b0e-1623-4e83-a42c-592bd5670635","geometry":{"type":"Point","coordinates":[-94.81834036773898,29.514237979739814]},"properties":{"substrate":"Buried Shell","lease_number":null,"poll_year":2025}},{"type":"Feature","id":"4ef8d413-19db-44b4-9100-83993e868677","geometry":{"type":"Point","coordinates":[-94.81793440918061,29.513860491334782]},"properties":{"substrate":"Mud","lease_number":null,"poll_year":2025}},{"type":"Feature","id":"4efe1143-9a5f-4a20-a9c5-70927ff70d23","geometry":{"type":"Point","coordinates":[-94.82795697838256,29.510176253346046]},"properties":{"substrate":"Mud","lease_number":null,"poll_year":2025}},{"type":"Feature","id":"4f02d420-0491-4204-bc7c-e18358d8ee0d","geometry":{"type":"Point","coordinates":[-94.81609320959787,29.515442582034897]},"properties":{"substrate":"Mud","lease_number":null,"poll_year":2025}},{"type":"Feature","id":"4f0b918f-8a77-46ed-99cd-5d2cc0a1dbb5","geometry":{"type":"Point","coordinates":[-94.82673467131816,29.512190198139738]},"properties":{"substrate":"Mud","lease_number":null,"poll_year":2025}},{"type":"Feature","id":"4f2a4093-282c-4f1c-b76b-10559f4466b0","geometry":{"type":"Point","coordinates":[-94.82520096505718,29.515540749869583]},"properties":{"substrate":"Mud","lease_number":null,"poll_year":2025}},{"type":"Feature","id":"4f4b632b-1efd-44e0-a438-f95b77aaacc9","geometry":{"type":"Point","coordinates":[-94.8284818370536,29.510455735265403]},"properties":{"substrate":"Mud","lease_number":null,"poll_year":2025}},{"type":"Feature","id":"4f5896c8-59c4-4fc2-a159-e630f8b89baa","geometry":{"type":"Point","coordinates":[-94.82054803773681,29.513387048735567]},"properties":{"substrate":"Mud","lease_number":null,"poll_year":2025}},{"type":"Feature","id":"4f5a05ea-6ec5-4351-8803-af0bfd57b5ec","geometry":{"type":"Point","coordinates":[-94.81689902356055,29.515650336383132]},"properties":{"substrate":"Mud","lease_number":null,"poll_year":2025}},{"type":"Feature","id":"4f946ec9-e180-46b2-b14d-3f57c8978657","geometry":{"type":"Point","coordinates":[-94.81427789676667,29.515440898960346]},"properties":{"substrate":"Buried Shell","lease_number":null,"poll_year":2025}},{"type":"Feature","id":"4fabc415-8b70-42f4-9acf-17c05cb7428a","geometry":{"type":"Point","coordinates":[-94.83354761660381,29.505165834998706]},"properties":{"substrate":"Buried Shell","lease_number":null,"poll_year":2025}},{"type":"Feature","id":"4fc5b9d2-2884-44e7-8f7d-dff6539edec8","geometry":{"type":"Point","coordinates":[-94.83110924037639,29.51014691800743]},"properties":{"substrate":"Mud","lease_number":null,"poll_year":2025}},{"type":"Feature","id":"4fe21b16-b8ec-4fa0-a6f2-6cbc578204e8","geometry":{"type":"Point","coordinates":[-94.8264095853899,29.511055559834734]},"properties":{"substrate":"Mud","lease_number":null,"poll_year":2025}},{"type":"Feature","id":"4fe7a5c6-c041-4732-8918-80ffb316f216","geometry":{"type":"Point","coordinates":[-94.83293891098079,29.509076973659173]},"properties":{"substrate":"Mud","lease_number":null,"poll_year":2025}},{"type":"Feature","id":"4ff98afb-085a-4b7e-81ab-6c4b6210da4c","geometry":{"type":"Point","coordinates":[-94.81716610976252,29.51368976629073]},"properties":{"substrate":"Mud","lease_number":null,"poll_year":2025}},{"type":"Feature","id":"50105fb0-cf58-4f53-a24d-0b4889886790","geometry":{"type":"Point","coordinates":[-94.8291764674319,29.509894832628774]},"properties":{"substrate":"Mud","lease_number":null,"poll_year":2025}},{"type":"Feature","id":"50292b50-72c8-4c33-8e51-25c804abe310","geometry":{"type":"Point","coordinates":[-94.81511209210244,29.51560862779382]},"properties":{"substrate":"Mud","lease_number":null,"poll_year":2025}},{"type":"Feature","id":"50414483-1192-4d3c-8627-01da9e4c1e71","geometry":{"type":"Point","coordinates":[-94.82782816805566,29.510228605693626]},"properties":{"substrate":"Mud","lease_number":null,"poll_year":2025}},{"type":"Feature","id":"5042a827-d40d-49c1-8b86-006a9b3ff5f7","geometry":{"type":"Point","coordinates":[-94.82570834880102,29.514963622292154]},"properties":{"substrate":"Mud","lease_number":null,"poll_year":2025}},{"type":"Feature","id":"505025f8-d994-4280-b4f1-3dab9e3ca420","geometry":{"type":"Point","coordinates":[-94.82849930299768,29.511492042111822]},"properties":{"substrate":"Mud","lease_number":null,"poll_year":2025}},{"type":"Feature","id":"505a969a-b040-47d5-8932-2ae918a7a6e2","geometry":{"type":"Point","coordinates":[-94.82405769356812,29.514148619339654]},"properties":{"substrate":"Mud","lease_number":null,"poll_year":2025}},{"type":"Feature","id":"506a5dc5-eff9-4110-b687-6edb33b3f2aa","geometry":{"type":"Point","coordinates":[-94.83319118755696,29.505310222639384]},"properties":{"substrate":"Mud","lease_number":null,"poll_year":2025}},{"type":"Feature","id":"50716d4e-4d68-46ee-8c14-819c3a922519","geometry":{"type":"Point","coordinates":[-94.8299230914005,29.513841334627813]},"properties":{"substrate":"Mud","lease_number":null,"poll_year":2025}},{"type":"Feature","id":"5074ac2d-89a2-4c1d-b7e7-d17e6ddadd2f","geometry":{"type":"Point","coordinates":[-94.83140046969991,29.508461176373263]},"properties":{"substrate":"Mud","lease_number":null,"poll_year":2025}},{"type":"Feature","id":"50813f34-e382-4abc-9dcc-018340b4d02b","geometry":{"type":"Point","coordinates":[-94.82790203472484,29.513019604250616]},"properties":{"substrate":"Mud","lease_number":null,"poll_year":2025}},{"type":"Feature","id":"50856b26-c407-4c16-bc12-1dd19b346273","geometry":{"type":"Point","coordinates":[-94.8184109681338,29.513159830367442]},"properties":{"substrate":"Mud","lease_number":null,"poll_year":2025}},{"type":"Feature","id":"509a3ec0-a419-4882-b80c-0368c689138a","geometry":{"type":"Point","coordinates":[-94.82570861739728,29.511354811757634]},"properties":{"substrate":"Mud","lease_number":null,"poll_year":2025}},{"type":"Feature","id":"50a4af78-614e-4975-9303-16a4f08f59ec","geometry":{"type":"Point","coordinates":[-94.82118528014149,29.51329551666113]},"properties":{"substrate":"Mud","lease_number":null,"poll_year":2025}},{"type":"Feature","id":"50a594c4-b0fd-427e-a7ea-bee6f02e585e","geometry":{"type":"Point","coordinates":[-94.82556941266422,29.50962558969094]},"properties":{"substrate":"Mud","lease_number":null,"poll_year":2025}},{"type":"Feature","id":"50cb60e4-dfd6-4340-a356-d260c35b7527","geometry":{"type":"Point","coordinates":[-94.81940725008954,29.513533773807357]},"properties":{"substrate":"Mud","lease_number":null,"poll_year":2025}},{"type":"Feature","id":"50d77c8f-98e6-497b-8177-ff1128fd2d36","geometry":{"type":"Point","coordinates":[-94.82155224822327,29.510200361728185]},"properties":{"substrate":"Mud","lease_number":null,"poll_year":2025}},{"type":"Feature","id":"50e8f7fa-e0a9-40f2-95a9-de5da3266a9e","geometry":{"type":"Point","coordinates":[-94.82799179438804,29.509347583828713]},"properties":{"substrate":"Mud","lease_number":null,"poll_year":2025}},{"type":"Feature","id":"50f28f53-6994-40b9-b6c1-4271e0e8907b","geometry":{"type":"Point","coordinates":[-94.82993907602267,29.51190432776057]},"properties":{"substrate":"Mud","lease_number":null,"poll_year":2025}},{"type":"Feature","id":"50f8dd5f-f2fa-4fd2-a694-0348ba0dfa93","geometry":{"type":"Point","coordinates":[-94.8324291736509,29.505882403246396]},"properties":{"substrate":"Buried Shell","lease_number":null,"poll_year":2025}},{"type":"Feature","id":"50fd5ebd-8358-4579-8940-7c03bf3345ec","geometry":{"type":"Point","coordinates":[-94.83316182342693,29.50949938303885]},"properties":{"substrate":"Mud","lease_number":null,"poll_year":2025}},{"type":"Feature","id":"51005527-c391-437f-a37c-3a8f98307dda","geometry":{"type":"Point","coordinates":[-94.82845077061613,29.515453759275218]},"properties":{"substrate":"Mud","lease_number":null,"poll_year":2025}},{"type":"Feature","id":"511dd1ba-8458-446d-bf4f-b2fcaf116483","geometry":{"type":"Point","coordinates":[-94.83395828143595,29.505743685322393]},"properties":{"substrate":"Mud","lease_number":null,"poll_year":2025}},{"type":"Feature","id":"5123aecd-0db8-4f16-9eb6-b4941ddc5365","geometry":{"type":"Point","coordinates":[-94.82874106299684,29.507967335796383]},"properties":{"substrate":"Mud","lease_number":null,"poll_year":2025}},{"type":"Feature","id":"51337d2f-1558-40e7-b5c3-bc783e8855d9","geometry":{"type":"Point","coordinates":[-94.81567803342638,29.515895744734166]},"properties":{"substrate":"Mud","lease_number":null,"poll_year":2025}},{"type":"Feature","id":"514bb33c-65ee-47ec-a2e2-7999ba0fab8b","geometry":{"type":"Point","coordinates":[-94.82691496139907,29.5082354526759]},"properties":{"substrate":"Buried Shell","lease_number":null,"poll_year":2025}},{"type":"Feature","id":"5169e861-beb6-4380-9f27-b9d6ee886e20","geometry":{"type":"Point","coordinates":[-94.82113060058848,29.51568393526047]},"properties":{"substrate":"Mud","lease_number":null,"poll_year":2025}},{"type":"Feature","id":"51709791-7ef6-43df-833e-daf648fc94f7","geometry":{"type":"Point","coordinates":[-94.8144471510443,29.5158967781826]},"properties":{"substrate":"Solid Reef","lease_number":null,"poll_year":2025}},{"type":"Feature","id":"51784561-cfd2-48f7-b837-3d470e4e7b0c","geometry":{"type":"Point","coordinates":[-94.82528114957776,29.509441323313588]},"properties":{"substrate":"Mud","lease_number":null,"poll_year":2025}},{"type":"Feature","id":"518c6ef7-f05a-47d7-9272-5b5b987f4bc9","geometry":{"type":"Point","coordinates":[-94.82816870860009,29.513178153855698]},"properties":{"substrate":"Mud","lease_number":null,"poll_year":2025}},{"type":"Feature","id":"51997027-20a2-49f7-9c87-de8939887c85","geometry":{"type":"Point","coordinates":[-94.82231154292896,29.51568882734362]},"properties":{"substrate":"Mud","lease_number":null,"poll_year":2025}},{"type":"Feature","id":"51aa1e96-50c7-4817-9c33-0484ac28346c","geometry":{"type":"Point","coordinates":[-94.8180532553944,29.512174212716303]},"properties":{"substrate":"Buried Shell","lease_number":null,"poll_year":2025}},{"type":"Feature","id":"51f11383-2886-484f-a25a-2b4ba15c791e","geometry":{"type":"Point","coordinates":[-94.81232736592565,29.51467036135397]},"properties":{"substrate":"Mud","lease_number":null,"poll_year":2025}},{"type":"Feature","id":"5229a4d8-126e-453d-a49d-0667b7201d82","geometry":{"type":"Point","coordinates":[-94.82888359778465,29.510282838963455]},"properties":{"substrate":"Mud","lease_number":null,"poll_year":2025}},{"type":"Feature","id":"52320a7a-93ff-4152-a193-c2ba98a3f06b","geometry":{"type":"Point","coordinates":[-94.82370212600563,29.509331179703086]},"properties":{"substrate":"Mud","lease_number":null,"poll_year":2025}},{"type":"Feature","id":"52582b99-a32a-4653-ac69-0853a4315164","geometry":{"type":"Point","coordinates":[-94.81408503206843,29.51391945222413]},"properties":{"substrate":"Buried Shell","lease_number":null,"poll_year":2025}},{"type":"Feature","id":"525c132c-4293-4783-ac0b-a339c7d19274","geometry":{"type":"Point","coordinates":[-94.81925400379028,29.511289869641452]},"properties":{"substrate":"Buried Shell","lease_number":null,"poll_year":2025}},{"type":"Feature","id":"525cbb05-5371-41ff-80e7-8434f1ca8f3d","geometry":{"type":"Point","coordinates":[-94.81507853104343,29.514263753050354]},"properties":{"substrate":"Mud","lease_number":null,"poll_year":2025}},{"type":"Feature","id":"525e3ece-7d0e-4165-97e1-8f39910f2931","geometry":{"type":"Point","coordinates":[-94.82870663416527,29.515011337239734]},"properties":{"substrate":"Mud","lease_number":null,"poll_year":2025}},{"type":"Feature","id":"52818ef2-4cef-4d9b-b0b4-dff8896640a2","geometry":{"type":"Point","coordinates":[-94.81946434521237,29.514078688355323]},"properties":{"substrate":"Mud","lease_number":null,"poll_year":2025}},{"type":"Feature","id":"528620ff-f74f-46c8-9925-671552740acc","geometry":{"type":"Point","coordinates":[-94.81414425979175,29.514657293778328]},"properties":{"substrate":"Mud","lease_number":null,"poll_year":2025}},{"type":"Feature","id":"529a6130-9c75-4afa-9799-061b29667a0c","geometry":{"type":"Point","coordinates":[-94.82617370666091,29.51453843864379]},"properties":{"substrate":"Mud","lease_number":null,"poll_year":2025}},{"type":"Feature","id":"52a70eed-c13c-43fa-87e3-09abfa0be1bb","geometry":{"type":"Point","coordinates":[-94.82617431841362,29.51296705712628]},"properties":{"substrate":"Mud","lease_number":null,"poll_year":2025}},{"type":"Feature","id":"52bc53bf-eb87-48da-b170-08bad118af83","geometry":{"type":"Point","coordinates":[-94.81293696806733,29.51601708808521]},"properties":{"substrate":"Solid Reef","lease_number":null,"poll_year":2025}},{"type":"Feature","id":"52d4c85e-0226-49f2-9385-5fade06c898d","geometry":{"type":"Point","coordinates":[-94.82774622373545,29.513889255703887]},"properties":{"substrate":"Mud","lease_number":null,"poll_year":2025}},{"type":"Feature","id":"52fb9709-7557-43a4-9b4b-4a8d5fb01ce4","geometry":{"type":"Point","coordinates":[-94.82268062115334,29.51190745637166]},"properties":{"substrate":"Mud","lease_number":null,"poll_year":2025}},{"type":"Feature","id":"530a610d-e9ce-47c3-b76d-44bd24201c90","geometry":{"type":"Point","coordinates":[-94.82538485019585,29.508858678296665]},"properties":{"substrate":"Buried Shell","lease_number":null,"poll_year":2025}},{"type":"Feature","id":"5331ffe3-5956-4748-9af7-df0e8f115ccd","geometry":{"type":"Point","coordinates":[-94.82568190329738,29.51033282404416]},"properties":{"substrate":"Mud","lease_number":null,"poll_year":2025}},{"type":"Feature","id":"534e183a-5162-4ba6-9fc6-f61e0d57312a","geometry":{"type":"Point","coordinates":[-94.81725762742872,29.515523374270625]},"properties":{"substrate":"Mud","lease_number":null,"poll_year":2025}},{"type":"Feature","id":"53562c8a-38b7-4f30-b98e-29e53d5bb412","geometry":{"type":"Point","coordinates":[-94.83165134310762,29.509418940141536]},"properties":{"substrate":"Mud","lease_number":null,"poll_year":2025}},{"type":"Feature","id":"536b363b-5422-4d34-be58-082ec4603c56","geometry":{"type":"Point","coordinates":[-94.8224048958533,29.510124521701215]},"properties":{"substrate":"Mud","lease_number":null,"poll_year":2025}},{"type":"Feature","id":"5377cae9-4cde-460f-9976-899bc847a867","geometry":{"type":"Point","coordinates":[-94.8221267397121,29.514784327333903]},"properties":{"substrate":"Mud","lease_number":null,"poll_year":2025}},{"type":"Feature","id":"5379fe20-be84-441b-acac-f4feae7878c2","geometry":{"type":"Point","coordinates":[-94.82021537901072,29.51470745337215]},"properties":{"substrate":"Mud","lease_number":null,"poll_year":2025}},{"type":"Feature","id":"539294b4-296e-4908-a438-a2f15933feac","geometry":{"type":"Point","coordinates":[-94.81958143342312,29.514644824232654]},"properties":{"substrate":"Mud","lease_number":null,"poll_year":2025}},{"type":"Feature","id":"53c098d3-8c5f-4f56-bac9-6675469593a4","geometry":{"type":"Point","coordinates":[-94.82565454959698,29.513460728688486]},"properties":{"substrate":"Mud","lease_number":null,"poll_year":2025}},{"type":"Feature","id":"53c65a4a-46a5-42d0-8c68-2399c0b15c37","geometry":{"type":"Point","coordinates":[-94.82739175660916,29.51558359981774]},"properties":{"substrate":"Mud","lease_number":null,"poll_year":2025}},{"type":"Feature","id":"53da3911-7626-4994-a596-9c9d018746b7","geometry":{"type":"Point","coordinates":[-94.82230157162932,29.513084829033232]},"properties":{"substrate":"Mud","lease_number":null,"poll_year":2025}},{"type":"Feature","id":"53f7ac93-0ecd-4abf-acff-a91eaddaa453","geometry":{"type":"Point","coordinates":[-94.81996982183284,29.511572834374004]},"properties":{"substrate":"Mud","lease_number":null,"poll_year":2025}},{"type":"Feature","id":"540ff3c5-84b6-4a41-86e3-7db7f7dfd939","geometry":{"type":"Point","coordinates":[-94.81570248916168,29.513770687350522]},"properties":{"substrate":"Mud","lease_number":null,"poll_year":2025}},{"type":"Feature","id":"543ab07f-bd61-44dc-a925-0b834cac671c","geometry":{"type":"Point","coordinates":[-94.82406506244841,29.513336764188974]},"properties":{"substrate":"Mud","lease_number":null,"poll_year":2025}},{"type":"Feature","id":"543e7672-7c3b-4f80-bfc3-673050a44e15","geometry":{"type":"Point","coordinates":[-94.82968432458789,29.513587762964143]},"properties":{"substrate":"Mud","lease_number":null,"poll_year":2025}},{"type":"Feature","id":"5453698c-a829-4ff8-b092-1669e7615795","geometry":{"type":"Point","coordinates":[-94.81832053114087,29.515638182780002]},"properties":{"substrate":"Mud","lease_number":null,"poll_year":2025}},{"type":"Feature","id":"546600a0-21ce-41ee-b164-86ea02f2774e","geometry":{"type":"Point","coordinates":[-94.83202092888014,29.507098791309744]},"properties":{"substrate":"Mud","lease_number":null,"poll_year":2025}},{"type":"Feature","id":"546a65a4-ca35-41a0-bcc2-b28597747327","geometry":{"type":"Point","coordinates":[-94.83005301743499,29.507411261038474]},"properties":{"substrate":"Solid Reef","lease_number":null,"poll_year":2025}},{"type":"Feature","id":"549edc06-c0ba-413a-9f27-c3b945e738cf","geometry":{"type":"Point","coordinates":[-94.82605429630513,29.509641010290412]},"properties":{"substrate":"Mud","lease_number":null,"poll_year":2025}},{"type":"Feature","id":"54bbd508-a055-4ee1-8f27-947b1f4b6fdc","geometry":{"type":"Point","coordinates":[-94.8216514141458,29.51049161004428]},"properties":{"substrate":"Mud","lease_number":null,"poll_year":2025}},{"type":"Feature","id":"54ce456b-84be-4653-86f1-844ec16c8437","geometry":{"type":"Point","coordinates":[-94.82904143716996,29.50995098064925]},"properties":{"substrate":"Mud","lease_number":null,"poll_year":2025}},{"type":"Feature","id":"54f77b55-209a-45ba-8695-a4ee1aca7400","geometry":{"type":"Point","coordinates":[-94.82874787043006,29.513708309354158]},"properties":{"substrate":"Mud","lease_number":null,"poll_year":2025}},{"type":"Feature","id":"54f82cb4-df37-474a-b034-cdfd51c21419","geometry":{"type":"Point","coordinates":[-94.81592343968728,29.514727264231595]},"properties":{"substrate":"Mud","lease_number":null,"poll_year":2025}},{"type":"Feature","id":"5500fde0-ea4e-4a19-ac83-bf08f280e0b9","geometry":{"type":"Point","coordinates":[-94.83065073935707,29.50663599025433]},"properties":{"substrate":"Buried Shell","lease_number":null,"poll_year":2025}},{"type":"Feature","id":"55040d19-2388-4b75-8c6a-a2984c987baa","geometry":{"type":"Point","coordinates":[-94.83061770740574,29.51299041436042]},"properties":{"substrate":"Mud","lease_number":null,"poll_year":2025}},{"type":"Feature","id":"551d73a9-7657-47db-b187-85b1a16e2401","geometry":{"type":"Point","coordinates":[-94.82250221394128,29.512712156632976]},"properties":{"substrate":"Mud","lease_number":null,"poll_year":2025}},{"type":"Feature","id":"5529bc39-f89d-447b-ba7e-dee6aa8f3494","geometry":{"type":"Point","coordinates":[-94.81344710784246,29.514952975016318]},"properties":{"substrate":"Buried Shell","lease_number":null,"poll_year":2025}},{"type":"Feature","id":"5531f710-f6e1-448b-81ca-877978af2678","geometry":{"type":"Point","coordinates":[-94.81637349833956,29.514547256688196]},"properties":{"substrate":"Mud","lease_number":null,"poll_year":2025}},{"type":"Feature","id":"5532cd16-6f97-447b-81d8-7793fd41f8f4","geometry":{"type":"Point","coordinates":[-94.82633530459736,29.510581442736353]},"properties":{"substrate":"Mud","lease_number":null,"poll_year":2025}},{"type":"Feature","id":"5548dd00-80ee-46b9-9436-1c0510936415","geometry":{"type":"Point","coordinates":[-94.82216738668207,29.51234511230358]},"properties":{"substrate":"Mud","lease_number":null,"poll_year":2025}},{"type":"Feature","id":"555b5f85-959b-413d-b7b9-1132438d888d","geometry":{"type":"Point","coordinates":[-94.82951531644865,29.51416687932758]},"properties":{"substrate":"Mud","lease_number":null,"poll_year":2025}},{"type":"Feature","id":"55981891-edff-459f-97fe-53fba1b2ff80","geometry":{"type":"Point","coordinates":[-94.8278553016688,29.514065888060127]},"properties":{"substrate":"Mud","lease_number":null,"poll_year":2025}},{"type":"Feature","id":"55a324ce-8006-4bd2-a298-5d72926e15f8","geometry":{"type":"Point","coordinates":[-94.82754856203357,29.514185434811537]},"properties":{"substrate":"Mud","lease_number":null,"poll_year":2025}},{"type":"Feature","id":"55d913a5-8728-44d1-9e20-e7227f89ac1a","geometry":{"type":"Point","coordinates":[-94.82824862991427,29.512874585785056]},"properties":{"substrate":"Mud","lease_number":null,"poll_year":2025}},{"type":"Feature","id":"55e6fa1f-3f93-41ee-9355-9c26436a08fa","geometry":{"type":"Point","coordinates":[-94.82892455826665,29.514424730362034]},"properties":{"substrate":"Mud","lease_number":null,"poll_year":2025}},{"type":"Feature","id":"55f99321-f3bf-4c08-87b9-5abd76baa315","geometry":{"type":"Point","coordinates":[-94.81481498240706,29.51415894071262]},"properties":{"substrate":"Mud","lease_number":null,"poll_year":2025}},{"type":"Feature","id":"56010fa9-66e4-4e48-b004-55060755b3f5","geometry":{"type":"Point","coordinates":[-94.81752813441528,29.515423548359767]},"properties":{"substrate":"Mud","lease_number":null,"poll_year":2025}},{"type":"Feature","id":"5623f80d-03f0-499a-bc72-b5e6a480260d","geometry":{"type":"Point","coordinates":[-94.82953330700883,29.509998121790538]},"properties":{"substrate":"Mud","lease_number":null,"poll_year":2025}},{"type":"Feature","id":"563019b1-a16f-4f18-a72b-89f718f40071","geometry":{"type":"Point","coordinates":[-94.81204228736685,29.514784268703426]},"properties":{"substrate":"Mud","lease_number":null,"poll_year":2025}},{"type":"Feature","id":"5670ec7c-6f1b-4843-9ea2-f2b79c78b999","geometry":{"type":"Point","coordinates":[-94.83349783556405,29.505443374657393]},"properties":{"substrate":"Mud","lease_number":null,"poll_year":2025}},{"type":"Feature","id":"567b1cf0-c788-454e-ab9a-9e70c06db73d","geometry":{"type":"Point","coordinates":[-94.82478292505657,29.514855278781944]},"properties":{"substrate":"Mud","lease_number":null,"poll_year":2025}},{"type":"Feature","id":"5697e3c5-86a7-4d9c-baae-f04e2edaffe4","geometry":{"type":"Point","coordinates":[-94.82250293618677,29.513763959631422]},"properties":{"substrate":"Mud","lease_number":null,"poll_year":2025}},{"type":"Feature","id":"569b8030-ee4b-43d1-8db8-a5f9553634b1","geometry":{"type":"Point","coordinates":[-94.81594620658984,29.515501438031983]},"properties":{"substrate":"Mud","lease_number":null,"poll_year":2025}},{"type":"Feature","id":"569ba470-7849-4426-9543-95dc07771c2f","geometry":{"type":"Point","coordinates":[-94.82876334570746,29.5144898182161]},"properties":{"substrate":"Mud","lease_number":null,"poll_year":2025}},{"type":"Feature","id":"56ada501-8199-449c-9b84-d15f92cfc8f4","geometry":{"type":"Point","coordinates":[-94.82890965341947,29.507097470069397]},"properties":{"substrate":"Buried Shell","lease_number":null,"poll_year":2025}},{"type":"Feature","id":"56ba9780-e13f-47cf-8287-f320dd1fade2","geometry":{"type":"Point","coordinates":[-94.83006850708544,29.512907885390263]},"properties":{"substrate":"Mud","lease_number":null,"poll_year":2025}},{"type":"Feature","id":"56d31244-9fe8-43c3-99bb-dada6a1d5cae","geometry":{"type":"Point","coordinates":[-94.82737704759468,29.511683485255226]},"properties":{"substrate":"Mud","lease_number":null,"poll_year":2025}},{"type":"Feature","id":"56eb3563-2ef5-47b5-a947-27bf61e6acca","geometry":{"type":"Point","coordinates":[-94.8302503530484,29.51152744590101]},"properties":{"substrate":"Mud","lease_number":null,"poll_year":2025}},{"type":"Feature","id":"57178c8c-9e96-4e3d-b3c1-e2383b0ff874","geometry":{"type":"Point","coordinates":[-94.81215673632732,29.515802327828016]},"properties":{"substrate":"Buried Shell","lease_number":null,"poll_year":2025}},{"type":"Feature","id":"575294ff-444a-4f34-a831-c42632b86acc","geometry":{"type":"Point","coordinates":[-94.83056277362948,29.511411739170505]},"properties":{"substrate":"Mud","lease_number":null,"poll_year":2025}},{"type":"Feature","id":"575aa8e7-4271-4d9c-8c3b-745d1b72fa3a","geometry":{"type":"Point","coordinates":[-94.82990239691131,29.509830132708846]},"properties":{"substrate":"Mud","lease_number":null,"poll_year":2025}},{"type":"Feature","id":"575b422d-acf1-49e0-a422-48cc58de1d65","geometry":{"type":"Point","coordinates":[-94.81514721802668,29.51368341067839]},"properties":{"substrate":"Solid Reef","lease_number":null,"poll_year":2025}},{"type":"Feature","id":"576452da-574a-4a4c-8b9c-a4f5406ea4a2","geometry":{"type":"Point","coordinates":[-94.82436051924365,29.509830247630227]},"properties":{"substrate":"Mud","lease_number":null,"poll_year":2025}},{"type":"Feature","id":"5771bc9c-3f67-48e9-a625-658dc6b6d3ef","geometry":{"type":"Point","coordinates":[-94.82181905504918,29.514076153155923]},"properties":{"substrate":"Mud","lease_number":null,"poll_year":2025}},{"type":"Feature","id":"57795fbd-0fbc-4c43-a3ac-a4df399b240f","geometry":{"type":"Point","coordinates":[-94.8303488703873,29.51173689533065]},"properties":{"substrate":"Mud","lease_number":null,"poll_year":2025}},{"type":"Feature","id":"577c5b07-5e7b-49f6-afba-0310b8023d70","geometry":{"type":"Point","coordinates":[-94.822162163877,29.51341433807649]},"properties":{"substrate":"Mud","lease_number":null,"poll_year":2025}},{"type":"Feature","id":"5787ae1a-7d50-4ad1-863c-fbb8d62432b8","geometry":{"type":"Point","coordinates":[-94.81790514027202,29.5152672693063]},"properties":{"substrate":"Mud","lease_number":null,"poll_year":2025}},{"type":"Feature","id":"57aaa964-fa28-474b-86c8-ca4ccbfe2b84","geometry":{"type":"Point","coordinates":[-94.82718119060824,29.51412526080928]},"properties":{"substrate":"Mud","lease_number":null,"poll_year":2025}},{"type":"Feature","id":"57c3b48e-4b59-489d-a0c4-7e2efc790c5e","geometry":{"type":"Point","coordinates":[-94.82266218592709,29.51395088780292]},"properties":{"substrate":"Mud","lease_number":null,"poll_year":2025}},{"type":"Feature","id":"57d301d0-54bb-4516-bfe5-f1c328468e82","geometry":{"type":"Point","coordinates":[-94.81447869718212,29.506541590675315]},"properties":{"substrate":"Mud","lease_number":null,"poll_year":2025}},{"type":"Feature","id":"57eaef0e-b32a-4775-98dc-a65b6d9b3aba","geometry":{"type":"Point","coordinates":[-94.81758894227518,29.512418846174533]},"properties":{"substrate":"Mud","lease_number":null,"poll_year":2025}},{"type":"Feature","id":"57f08694-50a3-4f6b-ad83-7f712d9d7b55","geometry":{"type":"Point","coordinates":[-94.82886647140376,29.514947222985366]},"properties":{"substrate":"Mud","lease_number":null,"poll_year":2025}},{"type":"Feature","id":"58039e90-00c5-4195-a13f-36475ecdbacb","geometry":{"type":"Point","coordinates":[-94.82602603081473,29.509930265120587]},"properties":{"substrate":"Mud","lease_number":null,"poll_year":2025}},{"type":"Feature","id":"58099eb1-8c38-4a4f-8170-07a923dd1396","geometry":{"type":"Point","coordinates":[-94.82352788697649,29.512541907305454]},"properties":{"substrate":"Mud","lease_number":null,"poll_year":2025}},{"type":"Feature","id":"583aa010-82c0-4d5b-8a69-fc50ddfe541f","geometry":{"type":"Point","coordinates":[-94.81330877267861,29.514774539952903]},"properties":{"substrate":"Buried Shell","lease_number":null,"poll_year":2025}},{"type":"Feature","id":"583b3696-0bf9-46de-a681-c7b40d2822ac","geometry":{"type":"Point","coordinates":[-94.82560313721662,29.511927460874322]},"properties":{"substrate":"Mud","lease_number":null,"poll_year":2025}},{"type":"Feature","id":"584be442-c2c8-4b4e-8d60-43c588766cc5","geometry":{"type":"Point","coordinates":[-94.82174600135534,29.512539830958875]},"properties":{"substrate":"Mud","lease_number":null,"poll_year":2025}},{"type":"Feature","id":"58874012-9170-4406-bf08-806f51c77808","geometry":{"type":"Point","coordinates":[-94.81903353925324,29.512030633824967]},"properties":{"substrate":"Buried Shell","lease_number":null,"poll_year":2025}},{"type":"Feature","id":"58908dad-ae52-49d4-a904-aad537fefe7e","geometry":{"type":"Point","coordinates":[-94.82238081202054,29.51253635370374]},"properties":{"substrate":"Mud","lease_number":null,"poll_year":2025}},{"type":"Feature","id":"58a43aa9-05ad-48d6-b97d-c8d7d0c69ed6","geometry":{"type":"Point","coordinates":[-94.81851457442876,29.515700396204753]},"properties":{"substrate":"Mud","lease_number":null,"poll_year":2025}},{"type":"Feature","id":"58b96f67-3c0c-45ea-8e7c-f4f4345c17f7","geometry":{"type":"Point","coordinates":[-94.83085468028275,29.506297942942638]},"properties":{"substrate":"Buried Shell","lease_number":null,"poll_year":2025}},{"type":"Feature","id":"58c631b9-f6d4-49ab-836e-260bd0f8ba03","geometry":{"type":"Point","coordinates":[-94.83086266720395,29.512569676091147]},"properties":{"substrate":"Mud","lease_number":null,"poll_year":2025}},{"type":"Feature","id":"58ea8f84-13dc-4fb0-9463-bd1fa2ad40c4","geometry":{"type":"Point","coordinates":[-94.81859745479352,29.514026571740917]},"properties":{"substrate":"Mud","lease_number":null,"poll_year":2025}},{"type":"Feature","id":"58f8ca8c-0a31-4780-af69-22634e1a7f1d","geometry":{"type":"Point","coordinates":[-94.8169768140709,29.514059838133786]},"properties":{"substrate":"Mud","lease_number":null,"poll_year":2025}},{"type":"Feature","id":"590f54f3-0ee9-4122-b6e7-4134d6352236","geometry":{"type":"Point","coordinates":[-94.81723100585528,29.515264007903973]},"properties":{"substrate":"Mud","lease_number":null,"poll_year":2025}},{"type":"Feature","id":"59154f83-01ae-4362-8780-f9266eeceaca","geometry":{"type":"Point","coordinates":[-94.81979473299744,29.511249883051388]},"properties":{"substrate":"Solid Reef","lease_number":null,"poll_year":2025}},{"type":"Feature","id":"59402cae-849c-4bf3-ab04-1e725467aff6","geometry":{"type":"Point","coordinates":[-94.81202394466709,29.50562035167517]},"properties":{"substrate":"Buried Shell","lease_number":null,"poll_year":2025}},{"type":"Feature","id":"596dd0b8-3fcb-450c-96dc-cad91866a1c9","geometry":{"type":"Point","coordinates":[-94.82967155593444,29.51394520529038]},"properties":{"substrate":"Mud","lease_number":null,"poll_year":2025}},{"type":"Feature","id":"5976e33b-3d49-4502-a246-9c8a7ef52659","geometry":{"type":"Point","coordinates":[-94.8187981096819,29.51250883428943]},"properties":{"substrate":"Buried Shell","lease_number":null,"poll_year":2025}},{"type":"Feature","id":"597749e0-2909-4180-9055-2a362d244706","geometry":{"type":"Point","coordinates":[-94.82826174621573,29.510048351707855]},"properties":{"substrate":"Mud","lease_number":null,"poll_year":2025}},{"type":"Feature","id":"59a48be2-c83c-4afc-b10e-8e778f9afa70","geometry":{"type":"Point","coordinates":[-94.82975667759582,29.508065332632547]},"properties":{"substrate":"Buried Shell","lease_number":null,"poll_year":2025}},{"type":"Feature","id":"59ae7269-5c29-4d6b-8322-ac4d80bc751a","geometry":{"type":"Point","coordinates":[-94.82108150586157,29.51471329922556]},"properties":{"substrate":"Mud","lease_number":null,"poll_year":2025}},{"type":"Feature","id":"59c071cd-e436-48d6-b419-ed2e4cf66cdf","geometry":{"type":"Point","coordinates":[-94.82814863664338,29.512663403211185]},"properties":{"substrate":"Mud","lease_number":null,"poll_year":2025}},{"type":"Feature","id":"59c9a368-a45e-4a90-bd0f-11137505dff6","geometry":{"type":"Point","coordinates":[-94.82886376837305,29.512091630702695]},"properties":{"substrate":"Mud","lease_number":null,"poll_year":2025}},{"type":"Feature","id":"59f06790-da76-4b23-a7a0-9659314bac14","geometry":{"type":"Point","coordinates":[-94.82577290173734,29.511589314749227]},"properties":{"substrate":"Mud","lease_number":null,"poll_year":2025}},{"type":"Feature","id":"59fec335-b840-44dd-a3e2-a5b26b41dfd6","geometry":{"type":"Point","coordinates":[-94.83104691166871,29.506743495870857]},"properties":{"substrate":"Mud","lease_number":null,"poll_year":2025}},{"type":"Feature","id":"5a077b04-eef7-4262-bdb6-821303de4c8d","geometry":{"type":"Point","coordinates":[-94.81978874842103,29.513378411174475]},"properties":{"substrate":"Mud","lease_number":null,"poll_year":2025}},{"type":"Feature","id":"5a40c4cc-0a5b-4d82-b2eb-409ae06c4bc3","geometry":{"type":"Point","coordinates":[-94.82967655236403,29.507313529380287]},"properties":{"substrate":"Solid Reef","lease_number":null,"poll_year":2025}},{"type":"Feature","id":"5a655c85-52bf-4bf2-bddd-27956dc1edfa","geometry":{"type":"Point","coordinates":[-94.83283226478689,29.507311265295066]},"properties":{"substrate":"Mud","lease_number":null,"poll_year":2025}},{"type":"Feature","id":"5a6aa445-8386-4dc6-967c-00004f795155","geometry":{"type":"Point","coordinates":[-94.82588603915747,29.51102992095321]},"properties":{"substrate":"Mud","lease_number":null,"poll_year":2025}},{"type":"Feature","id":"5a788b99-1c85-48fe-83b2-6243a6c4522a","geometry":{"type":"Point","coordinates":[-94.82760982803427,29.513653229722667]},"properties":{"substrate":"Mud","lease_number":null,"poll_year":2025}},{"type":"Feature","id":"5a8cd468-6b39-4e8b-a9f4-f9c5366fcd6f","geometry":{"type":"Point","coordinates":[-94.83324578985487,29.509367040808474]},"properties":{"substrate":"Mud","lease_number":null,"poll_year":2025}},{"type":"Feature","id":"5a8db0ff-e969-42f3-bc3d-b96313254f26","geometry":{"type":"Point","coordinates":[-94.81896663812077,29.511414379974994]},"properties":{"substrate":"Buried Shell","lease_number":null,"poll_year":2025}},{"type":"Feature","id":"5a91185c-1d99-4a67-88a3-684037d00061","geometry":{"type":"Point","coordinates":[-94.82699850292386,29.51472263633012]},"properties":{"substrate":"Mud","lease_number":null,"poll_year":2025}},{"type":"Feature","id":"5a95e068-7554-4df5-9077-74ff1a4aeb94","geometry":{"type":"Point","coordinates":[-94.82557193603186,29.51140696023665]},"properties":{"substrate":"Mud","lease_number":null,"poll_year":2025}},{"type":"Feature","id":"5ab7831f-3cfb-43c8-beca-6e377ab382ae","geometry":{"type":"Point","coordinates":[-94.8293956734292,29.51347832822198]},"properties":{"substrate":"Mud","lease_number":null,"poll_year":2025}},{"type":"Feature","id":"5abb25c1-7c06-45ed-8eb4-2308d1dfefc5","geometry":{"type":"Point","coordinates":[-94.82728962714451,29.510965325734087]},"properties":{"substrate":"Mud","lease_number":null,"poll_year":2025}},{"type":"Feature","id":"5ac3fa6e-385b-4e37-9439-36b20b4959f4","geometry":{"type":"Point","coordinates":[-94.83080129789698,29.507094894823368]},"properties":{"substrate":"Buried Shell","lease_number":null,"poll_year":2025}},{"type":"Feature","id":"5ac771f5-4851-4dd9-9ce6-82cb45e2095c","geometry":{"type":"Point","coordinates":[-94.81256952208184,29.514022741187826]},"properties":{"substrate":"Mud","lease_number":null,"poll_year":2025}},{"type":"Feature","id":"5acc46d4-0eab-4357-a24d-dcab5c62a99e","geometry":{"type":"Point","coordinates":[-94.82879894504384,29.509568337616724]},"properties":{"substrate":"Mud","lease_number":null,"poll_year":2025}},{"type":"Feature","id":"5ad3e76e-b721-40fc-8c22-8267dcec5661","geometry":{"type":"Point","coordinates":[-94.82746738038303,29.512689945388683]},"properties":{"substrate":"Mud","lease_number":null,"poll_year":2025}},{"type":"Feature","id":"5ad533b8-a215-4ca2-a430-318502486dcc","geometry":{"type":"Point","coordinates":[-94.82803840796811,29.507753275364433]},"properties":{"substrate":"Mud","lease_number":null,"poll_year":2025}},{"type":"Feature","id":"5af6b752-2f01-4bf3-b8c5-549db666f26b","geometry":{"type":"Point","coordinates":[-94.82361820898507,29.510955658376314]},"properties":{"substrate":"Mud","lease_number":null,"poll_year":2025}},{"type":"Feature","id":"5b41ada0-5a72-4691-ae28-0d5d2b2ebbbf","geometry":{"type":"Point","coordinates":[-94.83334331455538,29.508387423201935]},"properties":{"substrate":"Mud","lease_number":null,"poll_year":2025}},{"type":"Feature","id":"5b54dbf1-8b17-494b-bb47-92a632ca6a25","geometry":{"type":"Point","coordinates":[-94.82128965359774,29.51359304289603]},"properties":{"substrate":"Mud","lease_number":null,"poll_year":2025}},{"type":"Feature","id":"5b58319c-dbc7-44f1-867e-c7823e2d68ec","geometry":{"type":"Point","coordinates":[-94.82679228566724,29.50828707192657]},"properties":{"substrate":"Mud","lease_number":null,"poll_year":2025}},{"type":"Feature","id":"5b62e28c-1eef-4687-bbad-67440d27412e","geometry":{"type":"Point","coordinates":[-94.8327096393607,29.507609926304582]},"properties":{"substrate":"Mud","lease_number":null,"poll_year":2025}},{"type":"Feature","id":"5b721ebf-3daf-4efa-84d1-d6e78c45fcfb","geometry":{"type":"Point","coordinates":[-94.83127633690071,29.51080728003183]},"properties":{"substrate":"Mud","lease_number":null,"poll_year":2025}},{"type":"Feature","id":"5b8d7e00-104a-407d-bf37-9efe6508a14f","geometry":{"type":"Point","coordinates":[-94.82160366329856,29.51365263715744]},"properties":{"substrate":"Mud","lease_number":null,"poll_year":2025}},{"type":"Feature","id":"5b976563-8d53-4ab6-b35c-da04bce11455","geometry":{"type":"Point","coordinates":[-94.82102625767497,29.513367145367166]},"properties":{"substrate":"Mud","lease_number":null,"poll_year":2025}},{"type":"Feature","id":"5bafa397-9389-416a-b27d-a6f61a9948fd","geometry":{"type":"Point","coordinates":[-94.82976547839064,29.508362738209332]},"properties":{"substrate":"Mud","lease_number":null,"poll_year":2025}},{"type":"Feature","id":"5bb145fc-857e-4af1-a22c-b2cfb02dd985","geometry":{"type":"Point","coordinates":[-94.83245268974841,29.50966511176407]},"properties":{"substrate":"Mud","lease_number":null,"poll_year":2025}},{"type":"Feature","id":"5bc3c8c6-87b2-4f3c-a426-a1ddf02eab5b","geometry":{"type":"Point","coordinates":[-94.83137461259278,29.50921929572468]},"properties":{"substrate":"Mud","lease_number":null,"poll_year":2025}},{"type":"Feature","id":"5bced5cf-6b75-4a30-be46-4e8f56a5371e","geometry":{"type":"Point","coordinates":[-94.81293464682065,29.51516853210207]},"properties":{"substrate":"Buried Shell","lease_number":null,"poll_year":2025}},{"type":"Feature","id":"5bddb2f7-2c86-42bf-acf3-adc1ac6da0f9","geometry":{"type":"Point","coordinates":[-94.83323780742528,29.506353022667327]},"properties":{"substrate":"Mud","lease_number":null,"poll_year":2025}},{"type":"Feature","id":"5be162b7-0a9d-4955-a021-c7fc7eeaa3f3","geometry":{"type":"Point","coordinates":[-94.82455915292266,29.515265349362846]},"properties":{"substrate":"Mud","lease_number":null,"poll_year":2025}},{"type":"Feature","id":"5bebd709-e439-4d1c-94e0-53ae647bf809","geometry":{"type":"Point","coordinates":[-94.81991863133639,29.511199010335808]},"properties":{"substrate":"Buried Shell","lease_number":null,"poll_year":2025}},{"type":"Feature","id":"5c2ccc37-433f-4ef1-ba3e-6cbb167af815","geometry":{"type":"Point","coordinates":[-94.8293827727234,29.510813943060466]},"properties":{"substrate":"Mud","lease_number":null,"poll_year":2025}},{"type":"Feature","id":"5c6f59a8-9b1c-4fb3-a2ee-682bd4dc347a","geometry":{"type":"Point","coordinates":[-94.82946606810981,29.50766581369116]},"properties":{"substrate":"Mud","lease_number":null,"poll_year":2025}},{"type":"Feature","id":"5c8f46a2-25c3-4267-bf11-fcd04a7e45b8","geometry":{"type":"Point","coordinates":[-94.82652812617647,29.515454291636384]},"properties":{"substrate":"Mud","lease_number":null,"poll_year":2025}},{"type":"Feature","id":"5c93f208-27ee-4e5e-995e-65ff14b0f2f8","geometry":{"type":"Point","coordinates":[-94.82313247913115,29.51009222263527]},"properties":{"substrate":"Mud","lease_number":null,"poll_year":2025}},{"type":"Feature","id":"5ccc9106-2e76-47b2-91ee-c154e5dd90e8","geometry":{"type":"Point","coordinates":[-94.83162747397222,29.511043196165847]},"properties":{"substrate":"Mud","lease_number":null,"poll_year":2025}},{"type":"Feature","id":"5cd9c146-654b-4ea7-951a-47d042f35c60","geometry":{"type":"Point","coordinates":[-94.81931377140106,29.513403670312222]},"properties":{"substrate":"Buried Shell","lease_number":null,"poll_year":2025}},{"type":"Feature","id":"5cfd1586-2e45-4e48-88cc-e49a3329d3b6","geometry":{"type":"Point","coordinates":[-94.82336491371933,29.514745982214748]},"properties":{"substrate":"Mud","lease_number":null,"poll_year":2025}},{"type":"Feature","id":"5d0769a2-29fb-47d2-8d66-cebb39ce722d","geometry":{"type":"Point","coordinates":[-94.82823765699308,29.512087796167634]},"properties":{"substrate":"Mud","lease_number":null,"poll_year":2025}},{"type":"Feature","id":"5d08f245-bbfa-4ce5-ac86-6a7b9e8521f7","geometry":{"type":"Point","coordinates":[-94.81475330497798,29.513117495349782]},"properties":{"substrate":"Solid Reef","lease_number":null,"poll_year":2025}},{"type":"Feature","id":"5d2149ff-2de9-4893-a2d9-eb358dec539e","geometry":{"type":"Point","coordinates":[-94.81580895569253,29.51424917587499]},"properties":{"substrate":"Mud","lease_number":null,"poll_year":2025}},{"type":"Feature","id":"5d42a71c-64f7-480c-8b14-8036704f782b","geometry":{"type":"Point","coordinates":[-94.82445617814334,29.5093018886812]},"properties":{"substrate":"Solid Reef","lease_number":null,"poll_year":2025}},{"type":"Feature","id":"5d4345ad-177d-4d1b-87ff-a279a5ff7e6b","geometry":{"type":"Point","coordinates":[-94.82736964996833,29.508297186722935]},"properties":{"substrate":"Mud","lease_number":null,"poll_year":2025}},{"type":"Feature","id":"5d697f23-a7d3-466d-b033-ce161d714a52","geometry":{"type":"Point","coordinates":[-94.82521389810233,29.51570178065316]},"properties":{"substrate":"Mud","lease_number":null,"poll_year":2025}},{"type":"Feature","id":"5d6ed747-eeba-405c-b300-5a826251b97e","geometry":{"type":"Point","coordinates":[-94.82259619478799,29.515783774985664]},"properties":{"substrate":"Mud","lease_number":null,"poll_year":2025}},{"type":"Feature","id":"5d7b46c2-970a-4bd8-b799-bf9f2803f27b","geometry":{"type":"Point","coordinates":[-94.82290998529989,29.512038506157168]},"properties":{"substrate":"Mud","lease_number":null,"poll_year":2025}},{"type":"Feature","id":"5d9c91f5-e180-4282-ad28-762dafec9b21","geometry":{"type":"Point","coordinates":[-94.81913433382138,29.513483564381612]},"properties":{"substrate":"Mud","lease_number":null,"poll_year":2025}},{"type":"Feature","id":"5da486c7-1eca-47ac-80f9-f070904bb1f3","geometry":{"type":"Point","coordinates":[-94.81513765096891,29.513201654101692]},"properties":{"substrate":"Solid Reef","lease_number":null,"poll_year":2025}},{"type":"Feature","id":"5dbcffa8-9d1b-4f20-b4b0-195df791edc7","geometry":{"type":"Point","coordinates":[-94.8123132938167,29.515930763153147]},"properties":{"substrate":"Solid Reef","lease_number":null,"poll_year":2025}},{"type":"Feature","id":"5e0983cb-55a0-4900-8ddc-07d58f7d05db","geometry":{"type":"Point","coordinates":[-94.82827260235594,29.512613383320506]},"properties":{"substrate":"Mud","lease_number":null,"poll_year":2025}},{"type":"Feature","id":"5e38595a-6a00-492f-ad27-835d9bc35aa1","geometry":{"type":"Point","coordinates":[-94.82541209699671,29.51250858412707]},"properties":{"substrate":"Mud","lease_number":null,"poll_year":2025}},{"type":"Feature","id":"5e8ca946-c9e0-4a72-b4e6-351f7b7b1d7f","geometry":{"type":"Point","coordinates":[-94.81447344203772,29.514287102949556]},"properties":{"substrate":"Mud","lease_number":null,"poll_year":2025}},{"type":"Feature","id":"5e8d2d89-bd9a-41d3-bc17-b01f8e44c69b","geometry":{"type":"Point","coordinates":[-94.83062109495268,29.508780606829013]},"properties":{"substrate":"Mud","lease_number":null,"poll_year":2025}},{"type":"Feature","id":"5e8d5ef5-7f95-47a9-a153-96447d181f27","geometry":{"type":"Point","coordinates":[-94.83123515543313,29.50852603274396]},"properties":{"substrate":"Mud","lease_number":null,"poll_year":2025}},{"type":"Feature","id":"5ea38c07-d915-426a-b738-3ef8a5837578","geometry":{"type":"Point","coordinates":[-94.81980268668097,29.51177798714105]},"properties":{"substrate":"Buried Shell","lease_number":null,"poll_year":2025}},{"type":"Feature","id":"5ea5623c-11ee-4e7e-98f4-f553379883d8","geometry":{"type":"Point","coordinates":[-94.82596538195662,29.51384493926292]},"properties":{"substrate":"Mud","lease_number":null,"poll_year":2025}},{"type":"Feature","id":"5ea85c39-f615-4773-ade1-5c5d8d2507c9","geometry":{"type":"Point","coordinates":[-94.82997205317675,29.51164358090586]},"properties":{"substrate":"Mud","lease_number":null,"poll_year":2025}},{"type":"Feature","id":"5eb8f58d-c4cb-49cc-976f-e59bef183b9d","geometry":{"type":"Point","coordinates":[-94.82414750443529,29.512032955654874]},"properties":{"substrate":"Mud","lease_number":null,"poll_year":2025}},{"type":"Feature","id":"5ebfbc82-1dd3-4d30-9b7c-09db6bcf434a","geometry":{"type":"Point","coordinates":[-94.81817196416593,29.51484090338047]},"properties":{"substrate":"Mud","lease_number":null,"poll_year":2025}},{"type":"Feature","id":"5ec59013-d58f-41fe-865c-84cdd936457f","geometry":{"type":"Point","coordinates":[-94.82573987158266,29.512375712671776]},"properties":{"substrate":"Mud","lease_number":null,"poll_year":2025}},{"type":"Feature","id":"5ef57125-a2ff-4a7c-b5f7-199eb7e61d09","geometry":{"type":"Point","coordinates":[-94.83087653898856,29.51151035730255]},"properties":{"substrate":"Mud","lease_number":null,"poll_year":2025}},{"type":"Feature","id":"5f1992c7-37fe-42bc-a144-e1a0b6d6b0a3","geometry":{"type":"Point","coordinates":[-94.82702895491367,29.514194631250835]},"properties":{"substrate":"Mud","lease_number":null,"poll_year":2025}},{"type":"Feature","id":"5f405b1f-d2ba-4aec-af85-66a6f10b722a","geometry":{"type":"Point","coordinates":[-94.82139771104494,29.510846270821645]},"properties":{"substrate":"Mud","lease_number":null,"poll_year":2025}},{"type":"Feature","id":"5f7155b0-545c-4283-8b4f-cf955a49bbab","geometry":{"type":"Point","coordinates":[-94.82123953658804,29.51033526161561]},"properties":{"substrate":"Mud","lease_number":null,"poll_year":2025}},{"type":"Feature","id":"5f8005b3-db17-448a-9b14-a9e7db2e22b2","geometry":{"type":"Point","coordinates":[-94.82087431483117,29.510801327632038]},"properties":{"substrate":"Buried Shell","lease_number":null,"poll_year":2025}},{"type":"Feature","id":"5f8f090d-6a33-4cd9-aadc-352f7d0f55a2","geometry":{"type":"Point","coordinates":[-94.8291643491587,29.51276896211033]},"properties":{"substrate":"Mud","lease_number":null,"poll_year":2025}},{"type":"Feature","id":"5f92f51d-5a4d-4660-a374-9d2fa1d629c4","geometry":{"type":"Point","coordinates":[-94.82789239490351,29.513823491252356]},"properties":{"substrate":"Mud","lease_number":null,"poll_year":2025}},{"type":"Feature","id":"5fae9bb4-180a-4e55-a4ea-0d1e19b0378b","geometry":{"type":"Point","coordinates":[-94.82487391900496,29.51406131563233]},"properties":{"substrate":"Mud","lease_number":null,"poll_year":2025}},{"type":"Feature","id":"5fc64f4f-07a0-46cd-9891-a358735ea505","geometry":{"type":"Point","coordinates":[-94.81246213118457,29.514346867222187]},"properties":{"substrate":"Mud","lease_number":null,"poll_year":2025}},{"type":"Feature","id":"5fc993a2-f177-455c-a69c-5a84bcc4a25d","geometry":{"type":"Point","coordinates":[-94.82943001692084,29.506889511315865]},"properties":{"substrate":"Solid Reef","lease_number":null,"poll_year":2025}},{"type":"Feature","id":"5fd59c04-27d4-4e76-8613-dd11f215230a","geometry":{"type":"Point","coordinates":[-94.82707199769051,29.510281800766975]},"properties":{"substrate":"Mud","lease_number":null,"poll_year":2025}},{"type":"Feature","id":"5fd627da-e892-4d74-928f-440726b0eb88","geometry":{"type":"Point","coordinates":[-94.81533770308775,29.514982101801447]},"properties":{"substrate":"Mud","lease_number":null,"poll_year":2025}},{"type":"Feature","id":"5fe16b3c-7570-4520-ade0-eb7dd4a47a49","geometry":{"type":"Point","coordinates":[-94.83199135993425,29.505817947813707]},"properties":{"substrate":"Mud","lease_number":null,"poll_year":2025}},{"type":"Feature","id":"5ffbf58b-eb82-4a8c-a0fb-67ecb143d9c5","geometry":{"type":"Point","coordinates":[-94.82925729155295,29.508043519864206]},"properties":{"substrate":"Mud","lease_number":null,"poll_year":2025}},{"type":"Feature","id":"5ffdf56a-ad94-427b-895d-83f5f9771980","geometry":{"type":"Point","coordinates":[-94.82765190871542,29.509247180343916]},"properties":{"substrate":"Mud","lease_number":null,"poll_year":2025}},{"type":"Feature","id":"60367d6e-f797-44c4-a578-36d97c96e331","geometry":{"type":"Point","coordinates":[-94.8180524037915,29.51276003993759]},"properties":{"substrate":"Mud","lease_number":null,"poll_year":2025}},{"type":"Feature","id":"60a4f68b-4666-4579-bc0f-375c2bedc56f","geometry":{"type":"Point","coordinates":[-94.8158516831607,29.516073415634335]},"properties":{"substrate":"Mud","lease_number":null,"poll_year":2025}},{"type":"Feature","id":"60ae4718-1b40-4077-bca3-5a54bb1e203f","geometry":{"type":"Point","coordinates":[-94.83341587237919,29.508196413973003]},"properties":{"substrate":"Mud","lease_number":null,"poll_year":2025}},{"type":"Feature","id":"60b6c624-11ac-46ae-8102-78a6211e7c3e","geometry":{"type":"Point","coordinates":[-94.81450679917916,29.513977664166575]},"properties":{"substrate":"Mud","lease_number":null,"poll_year":2025}},{"type":"Feature","id":"611e39ac-32ad-42ef-bb1b-9b6f882ad5f0","geometry":{"type":"Point","coordinates":[-94.81381615732073,29.514285469887344]},"properties":{"substrate":"Mud","lease_number":null,"poll_year":2025}},{"type":"Feature","id":"6121b75a-547d-48a0-8c21-3a1eef295c48","geometry":{"type":"Point","coordinates":[-94.81787863278463,29.51277617927432]},"properties":{"substrate":"Mud","lease_number":null,"poll_year":2025}},{"type":"Feature","id":"61281da8-f6b4-494c-828c-1faee53d30b4","geometry":{"type":"Point","coordinates":[-94.82065068373277,29.514493644061034]},"properties":{"substrate":"Mud","lease_number":null,"poll_year":2025}},{"type":"Feature","id":"615e11d3-335f-487f-9bf2-129d9b8c8679","geometry":{"type":"Point","coordinates":[-94.83033238001363,29.513603914676846]},"properties":{"substrate":"Mud","lease_number":null,"poll_year":2025}},{"type":"Feature","id":"617d89cf-45a5-48ab-b8a9-d581f5f20729","geometry":{"type":"Point","coordinates":[-94.83337991461501,29.507331686622187]},"properties":{"substrate":"Mud","lease_number":null,"poll_year":2025}},{"type":"Feature","id":"61906e37-7155-4e8e-9ec5-d65cf9c656cb","geometry":{"type":"Point","coordinates":[-94.82791343614241,29.510957956777812]},"properties":{"substrate":"Mud","lease_number":null,"poll_year":2025}},{"type":"Feature","id":"619a0b9d-2f83-459e-9f0b-baad5540cad7","geometry":{"type":"Point","coordinates":[-94.8197173359492,29.511027029190952]},"properties":{"substrate":"Solid Reef","lease_number":null,"poll_year":2025}},{"type":"Feature","id":"619a8f80-94de-4051-8c05-4d81efe3b647","geometry":{"type":"Point","coordinates":[-94.82225570544755,29.510186959757444]},"properties":{"substrate":"Mud","lease_number":null,"poll_year":2025}},{"type":"Feature","id":"61a99893-422d-465f-aa0b-0677f9bb33df","geometry":{"type":"Point","coordinates":[-94.81733424743425,29.513455494872897]},"properties":{"substrate":"Buried Shell","lease_number":null,"poll_year":2025}},{"type":"Feature","id":"61cd725f-40e7-4716-85df-2b6cf0cf6b27","geometry":{"type":"Point","coordinates":[-94.8260030662828,29.51516191313727]},"properties":{"substrate":"Mud","lease_number":null,"poll_year":2025}},{"type":"Feature","id":"61d9d7fc-f4df-4c0d-a7ac-f8b681d6eb13","geometry":{"type":"Point","coordinates":[-94.81203983316951,29.505025575135612]},"properties":{"substrate":"Buried Shell","lease_number":null,"poll_year":2025}},{"type":"Feature","id":"61dae808-2839-45db-98c0-7cc10950dc2f","geometry":{"type":"Point","coordinates":[-94.8213283835629,29.51063639270174]},"properties":{"substrate":"Mud","lease_number":null,"poll_year":2025}},{"type":"Feature","id":"61eafd6d-d12f-4152-87d5-2860178868bc","geometry":{"type":"Point","coordinates":[-94.81901863440605,29.514291953667826]},"properties":{"substrate":"Mud","lease_number":null,"poll_year":2025}},{"type":"Feature","id":"61f42e91-758e-4e23-a1b9-50b080c25e0c","geometry":{"type":"Point","coordinates":[-94.82724495572207,29.512532323746214]},"properties":{"substrate":"Mud","lease_number":null,"poll_year":2025}},{"type":"Feature","id":"61fc50ec-c603-42f6-8570-13289ec81ca7","geometry":{"type":"Point","coordinates":[-94.8187102301926,29.51228581434076]},"properties":{"substrate":"Buried Shell","lease_number":null,"poll_year":2025}},{"type":"Feature","id":"620ce8c6-7df8-4fbc-9e27-400ec8b3df30","geometry":{"type":"Point","coordinates":[-94.81918219605974,29.51199344935972]},"properties":{"substrate":"Buried Shell","lease_number":null,"poll_year":2025}},{"type":"Feature","id":"6253f6ef-2368-4ab6-97ad-19afaf9bc26d","geometry":{"type":"Point","coordinates":[-94.81438361140762,29.51564720710604]},"properties":{"substrate":"Mud","lease_number":null,"poll_year":2025}},{"type":"Feature","id":"625f0c1d-0c0e-464c-a7e7-4f94a96bf699","geometry":{"type":"Point","coordinates":[-94.8264589145771,29.51260093697571]},"properties":{"substrate":"Buried Shell","lease_number":null,"poll_year":2025}},{"type":"Feature","id":"625faaa4-c6f0-4145-b07f-dff9ae30569b","geometry":{"type":"Point","coordinates":[-94.81329682867857,29.515594282986942]},"properties":{"substrate":"Solid Reef","lease_number":null,"poll_year":2025}},{"type":"Feature","id":"626a26bd-97ca-450f-b173-8d0108967c43","geometry":{"type":"Point","coordinates":[-94.81210430795238,29.507527814335617]},"properties":{"substrate":"Solid Reef","lease_number":null,"poll_year":2025}},{"type":"Feature","id":"6284ac5b-c181-458d-9732-4b0a943196f2","geometry":{"type":"Point","coordinates":[-94.81381040091641,29.514028896652007]},"properties":{"substrate":"Buried Shell","lease_number":null,"poll_year":2025}},{"type":"Feature","id":"628e1177-cdd0-4c4d-8c9d-9c5eab8e530c","geometry":{"type":"Point","coordinates":[-94.8287078423993,29.50905092071286]},"properties":{"substrate":"Mud","lease_number":null,"poll_year":2025}},{"type":"Feature","id":"62927bc4-673f-4a04-a3db-08f3faaafe79","geometry":{"type":"Point","coordinates":[-94.824209018371,29.5112472062813]},"properties":{"substrate":"Mud","lease_number":null,"poll_year":2025}},{"type":"Feature","id":"6293d749-fc50-40fe-94bd-a504154f84d4","geometry":{"type":"Point","coordinates":[-94.81895718425073,29.513791559224487]},"properties":{"substrate":"Mud","lease_number":null,"poll_year":2025}},{"type":"Feature","id":"6299759d-80ea-48e1-ab8c-f08a61d08c3a","geometry":{"type":"Point","coordinates":[-94.82912203491556,29.507545879287218]},"properties":{"substrate":"Buried Shell","lease_number":null,"poll_year":2025}},{"type":"Feature","id":"62d68c75-3b1e-4577-8db3-e6321aae3d33","geometry":{"type":"Point","coordinates":[-94.83169720839109,29.508337897634608]},"properties":{"substrate":"Mud","lease_number":null,"poll_year":2025}},{"type":"Feature","id":"62ddb09f-7020-4afc-8b6a-179ef6b9ff9a","geometry":{"type":"Point","coordinates":[-94.83332363785739,29.506542658618603]},"properties":{"substrate":"Mud","lease_number":null,"poll_year":2025}},{"type":"Feature","id":"62ed8489-6505-4758-9dbb-85979fba29fb","geometry":{"type":"Point","coordinates":[-94.83295467012582,29.508350898010427]},"properties":{"substrate":"Mud","lease_number":null,"poll_year":2025}},{"type":"Feature","id":"62f18875-a17f-4b96-baa3-2ac7fa65bccf","geometry":{"type":"Point","coordinates":[-94.82398972344048,29.509472448352625]},"properties":{"substrate":"Mud","lease_number":null,"poll_year":2025}},{"type":"Feature","id":"63565ab8-ad52-4c7b-8049-b31461ec4d75","geometry":{"type":"Point","coordinates":[-94.81548405122392,29.513877650675404]},"properties":{"substrate":"Buried Shell","lease_number":null,"poll_year":2025}},{"type":"Feature","id":"63574331-a477-4eea-be49-8e994326e7b6","geometry":{"type":"Point","coordinates":[-94.82326553309944,29.513149539380922]},"properties":{"substrate":"Mud","lease_number":null,"poll_year":2025}},{"type":"Feature","id":"636f5558-6fb0-4249-97e4-868fb1154f2b","geometry":{"type":"Point","coordinates":[-94.82726142543449,29.51461647361926]},"properties":{"substrate":"Mud","lease_number":null,"poll_year":2025}},{"type":"Feature","id":"63a225f5-ed46-4459-82cb-07442471de33","geometry":{"type":"Point","coordinates":[-94.82057938983856,29.510635695361408]},"properties":{"substrate":"Mud","lease_number":null,"poll_year":2025}},{"type":"Feature","id":"63c012d1-71af-4850-970a-f55f6207a788","geometry":{"type":"Point","coordinates":[-94.83095690227387,29.509910128102856]},"properties":{"substrate":"Mud","lease_number":null,"poll_year":2025}},{"type":"Feature","id":"63c1994e-1b60-432a-855d-fb86b79f1420","geometry":{"type":"Point","coordinates":[-94.83099698689848,29.509676324040612]},"properties":{"substrate":"Mud","lease_number":null,"poll_year":2025}},{"type":"Feature","id":"641759ce-4d33-4f05-a950-aa9d78e05ca8","geometry":{"type":"Point","coordinates":[-94.82599468320456,29.513568258327275]},"properties":{"substrate":"Mud","lease_number":null,"poll_year":2025}},{"type":"Feature","id":"64202d45-940d-4c6c-9014-8b1987b2caf9","geometry":{"type":"Point","coordinates":[-94.8309538830362,29.508365637865605]},"properties":{"substrate":"Mud","lease_number":null,"poll_year":2025}},{"type":"Feature","id":"645b21ff-42df-4458-a20f-8faf34685ae9","geometry":{"type":"Point","coordinates":[-94.82657826923732,29.514908534744656]},"properties":{"substrate":"Mud","lease_number":null,"poll_year":2025}},{"type":"Feature","id":"64ac6880-7a1b-4e2c-8a72-b54a79723608","geometry":{"type":"Point","coordinates":[-94.81275175881196,29.50599122309982]},"properties":{"substrate":"Mud","lease_number":null,"poll_year":2025}},{"type":"Feature","id":"64c0c0d9-86c9-4ac8-ad15-eb264984bcde","geometry":{"type":"Point","coordinates":[-94.82993371038548,29.512963322688865]},"properties":{"substrate":"Mud","lease_number":null,"poll_year":2025}},{"type":"Feature","id":"64ca897a-e2da-426f-8216-a8e0f61a3c60","geometry":{"type":"Point","coordinates":[-94.82449004103628,29.512624439701028]},"properties":{"substrate":"Mud","lease_number":null,"poll_year":2025}},{"type":"Feature","id":"64fee3da-f33c-457f-bcfc-5dca6aa27755","geometry":{"type":"Point","coordinates":[-94.82713810471226,29.515953445851554]},"properties":{"substrate":"Mud","lease_number":null,"poll_year":2025}},{"type":"Feature","id":"650ae668-347c-469b-960d-96404c7718c0","geometry":{"type":"Point","coordinates":[-94.82783563485229,29.509957703149368]},"properties":{"substrate":"Mud","lease_number":null,"poll_year":2025}},{"type":"Feature","id":"6529a959-bb09-49ec-9f3a-e50fd775f9d6","geometry":{"type":"Point","coordinates":[-94.83252394860831,29.507429358064538]},"properties":{"substrate":"Mud","lease_number":null,"poll_year":2025}},{"type":"Feature","id":"6558c33c-0667-4e64-b666-1263baecd5f8","geometry":{"type":"Point","coordinates":[-94.82732110321375,29.513013039086296]},"properties":{"substrate":"Mud","lease_number":null,"poll_year":2025}},{"type":"Feature","id":"655f481f-c8af-4b67-9331-df7f5da8147e","geometry":{"type":"Point","coordinates":[-94.81433580127157,29.515945501904575]},"properties":{"substrate":"Solid Reef","lease_number":null,"poll_year":2025}},{"type":"Feature","id":"65646c62-f4db-4b11-9352-56c0c9adc941","geometry":{"type":"Point","coordinates":[-94.82346043877001,29.512076171388554]},"properties":{"substrate":"Mud","lease_number":null,"poll_year":2025}},{"type":"Feature","id":"65657fd5-a16e-434f-abae-694dbeeaeea1","geometry":{"type":"Point","coordinates":[-94.81218287999702,29.50516527521994]},"properties":{"substrate":"Solid Reef","lease_number":null,"poll_year":2025}},{"type":"Feature","id":"6570dcf1-e7da-4bac-a985-d84790fd2d6f","geometry":{"type":"Point","coordinates":[-94.82824179104001,29.507938421203857]},"properties":{"substrate":"Mud","lease_number":null,"poll_year":2025}},{"type":"Feature","id":"65730e3e-4e03-455b-948c-79cd4b40fdef","geometry":{"type":"Point","coordinates":[-94.82292233893168,29.512309418767856]},"properties":{"substrate":"Mud","lease_number":null,"poll_year":2025}},{"type":"Feature","id":"6585ab2c-1a00-425b-b2ba-279ca7e87954","geometry":{"type":"Point","coordinates":[-94.8259485708844,29.510507555081265]},"properties":{"substrate":"Mud","lease_number":null,"poll_year":2025}},{"type":"Feature","id":"659515b7-9462-488b-9c94-4713707f91d9","geometry":{"type":"Point","coordinates":[-94.82538015829512,29.515629495380075]},"properties":{"substrate":"Mud","lease_number":null,"poll_year":2025}},{"type":"Feature","id":"65a05a65-37fd-477b-a053-23f03714cb9d","geometry":{"type":"Point","coordinates":[-94.82425650601188,29.511733919158132]},"properties":{"substrate":"Mud","lease_number":null,"poll_year":2025}},{"type":"Feature","id":"65aa8c75-23a9-4f12-ad0d-1bc2361d57e2","geometry":{"type":"Point","coordinates":[-94.82560539558123,29.515355112152427]},"properties":{"substrate":"Mud","lease_number":null,"poll_year":2025}},{"type":"Feature","id":"65ad5cc8-6f03-4ec5-a5f5-2e0001936408","geometry":{"type":"Point","coordinates":[-94.81429813042014,29.506141714689686]},"properties":{"substrate":"Mud","lease_number":null,"poll_year":2025}},{"type":"Feature","id":"65f9a894-3a58-4ccf-943a-d63b12df928c","geometry":{"type":"Point","coordinates":[-94.83097846633227,29.508073998009717]},"properties":{"substrate":"Mud","lease_number":null,"poll_year":2025}},{"type":"Feature","id":"65ff475b-c78e-424d-aaaa-8d43f0d892d5","geometry":{"type":"Point","coordinates":[-94.82419077089264,29.514089697671032]},"properties":{"substrate":"Mud","lease_number":null,"poll_year":2025}},{"type":"Feature","id":"6627b41c-5489-4ff5-aaf3-469908aeec72","geometry":{"type":"Point","coordinates":[-94.82742916694916,29.51063280827849]},"properties":{"substrate":"Mud","lease_number":null,"poll_year":2025}},{"type":"Feature","id":"6640ae7b-8dc1-41c3-ad35-d17131bf5fc4","geometry":{"type":"Point","coordinates":[-94.82630084701971,29.51369654326485]},"properties":{"substrate":"Mud","lease_number":null,"poll_year":2025}},{"type":"Feature","id":"66481e05-8a25-4d81-86a1-0859aef2fe06","geometry":{"type":"Point","coordinates":[-94.81677827740997,29.512630577269835]},"properties":{"substrate":"Mud","lease_number":null,"poll_year":2025}},{"type":"Feature","id":"665ec916-bb89-4405-afe7-eec19f6fa412","geometry":{"type":"Point","coordinates":[-94.82838394404384,29.511764260165815]},"properties":{"substrate":"Mud","lease_number":null,"poll_year":2025}},{"type":"Feature","id":"667d0522-fdc5-4adc-8acc-aa318953a53d","geometry":{"type":"Point","coordinates":[-94.82325203770895,29.51266536776408]},"properties":{"substrate":"Mud","lease_number":null,"poll_year":2025}},{"type":"Feature","id":"667f703f-6899-4482-9fef-71135fd58f3a","geometry":{"type":"Point","coordinates":[-94.81736795312202,29.511990649091018]},"properties":{"substrate":"Buried Shell","lease_number":null,"poll_year":2025}},{"type":"Feature","id":"668600c5-23d1-467b-a916-975c6ff2f4b9","geometry":{"type":"Point","coordinates":[-94.82945741374036,29.509778684672696]},"properties":{"substrate":"Mud","lease_number":null,"poll_year":2025}},{"type":"Feature","id":"66a1e60c-6425-4d6a-85af-999a7dcd441a","geometry":{"type":"Point","coordinates":[-94.82571475828057,29.510070020979175]},"properties":{"substrate":"Mud","lease_number":null,"poll_year":2025}},{"type":"Feature","id":"66c50e24-35c9-423f-9140-d280be59243a","geometry":{"type":"Point","coordinates":[-94.83242230962382,29.510637968753468]},"properties":{"substrate":"Mud","lease_number":null,"poll_year":2025}},{"type":"Feature","id":"66c8e312-4ddd-4fe2-a7f7-283447b9cb92","geometry":{"type":"Point","coordinates":[-94.82680348855715,29.510400233269813]},"properties":{"substrate":"Mud","lease_number":null,"poll_year":2025}},{"type":"Feature","id":"66db2549-26d5-4d06-9a32-abaa9c7dfd89","geometry":{"type":"Point","coordinates":[-94.82768023259635,29.515217952701672]},"properties":{"substrate":"Mud","lease_number":null,"poll_year":2025}},{"type":"Feature","id":"66eea60c-bf8c-49c5-bb26-efde72e8932e","geometry":{"type":"Point","coordinates":[-94.82286070462172,29.515670054813558]},"properties":{"substrate":"Mud","lease_number":null,"poll_year":2025}},{"type":"Feature","id":"67519bc6-90d7-410c-bd3d-fa5b4872fd3c","geometry":{"type":"Point","coordinates":[-94.81216152794104,29.504885443296022]},"properties":{"substrate":"Mud","lease_number":null,"poll_year":2025}},{"type":"Feature","id":"677a2db8-bfd0-4d3f-b4ba-305998ac32ae","geometry":{"type":"Point","coordinates":[-94.8288295048315,29.50845318727637]},"properties":{"substrate":"Mud","lease_number":null,"poll_year":2025}},{"type":"Feature","id":"67808bc7-f86e-4ba6-9129-8ec5507bb97b","geometry":{"type":"Point","coordinates":[-94.82471533940785,29.51518944824674]},"properties":{"substrate":"Mud","lease_number":null,"poll_year":2025}},{"type":"Feature","id":"67ad20f7-4db4-4f4b-a58e-92c5bfbbba3d","geometry":{"type":"Point","coordinates":[-94.82855959612293,29.51405728182679]},"properties":{"substrate":"Mud","lease_number":null,"poll_year":2025}},{"type":"Feature","id":"67b02e04-6263-42c0-9862-b3d654afcc92","geometry":{"type":"Point","coordinates":[-94.82362652019806,29.514339729908066]},"properties":{"substrate":"Mud","lease_number":null,"poll_year":2025}},{"type":"Feature","id":"67d35bdd-5b4e-4a82-a074-25306e7b2ddd","geometry":{"type":"Point","coordinates":[-94.82689741730157,29.508758565151396]},"properties":{"substrate":"Mud","lease_number":null,"poll_year":2025}},{"type":"Feature","id":"67d8ec2e-363b-4680-94f4-6fc1aaf36e7f","geometry":{"type":"Point","coordinates":[-94.82393863355531,29.51366552818765]},"properties":{"substrate":"Mud","lease_number":null,"poll_year":2025}},{"type":"Feature","id":"67da2c85-e04f-4766-8f61-8d8de7a54ef7","geometry":{"type":"Point","coordinates":[-94.82047498134803,29.51360711984674]},"properties":{"substrate":"Mud","lease_number":null,"poll_year":2025}},{"type":"Feature","id":"67df0195-fafe-41f6-b3d0-b2bce2a162c8","geometry":{"type":"Point","coordinates":[-94.82375717027466,29.51480551873027]},"properties":{"substrate":"Mud","lease_number":null,"poll_year":2025}},{"type":"Feature","id":"67eab1a6-f9db-4324-99f5-9dd436c9753a","geometry":{"type":"Point","coordinates":[-94.81698102806789,29.513188043018747]},"properties":{"substrate":"Mud","lease_number":null,"poll_year":2025}},{"type":"Feature","id":"6816f7ac-8899-4a0d-b3d4-1641d0c74133","geometry":{"type":"Point","coordinates":[-94.81700403841391,29.515833408697606]},"properties":{"substrate":"Mud","lease_number":null,"poll_year":2025}},{"type":"Feature","id":"681f7572-949e-48f3-bab9-425373ff9e92","geometry":{"type":"Point","coordinates":[-94.83382905878233,29.50714146736343]},"properties":{"substrate":"Mud","lease_number":null,"poll_year":2025}},{"type":"Feature","id":"6853a61b-8c84-4083-87f6-b4c36e174bfd","geometry":{"type":"Point","coordinates":[-94.82275844490134,29.516105270332826]},"properties":{"substrate":"Mud","lease_number":null,"poll_year":2025}},{"type":"Feature","id":"685ac681-ad09-40a4-a63b-a4d55f245c52","geometry":{"type":"Point","coordinates":[-94.81418293675631,29.51360645379683]},"properties":{"substrate":"Buried Shell","lease_number":null,"poll_year":2025}},{"type":"Feature","id":"688ff6ba-47d8-4916-a294-215a4e3ba992","geometry":{"type":"Point","coordinates":[-94.81248082422732,29.50557455164629]},"properties":{"substrate":"Buried Shell","lease_number":null,"poll_year":2025}},{"type":"Feature","id":"68b03d1b-3eb3-46cf-a972-9a2186f10572","geometry":{"type":"Point","coordinates":[-94.83255649906263,29.509235589637097]},"properties":{"substrate":"Mud","lease_number":null,"poll_year":2025}},{"type":"Feature","id":"68fdfe2f-fd34-4611-bbf4-bbaab719b993","geometry":{"type":"Point","coordinates":[-94.82261169162494,29.51086363627875]},"properties":{"substrate":"Mud","lease_number":null,"poll_year":2025}},{"type":"Feature","id":"6900bd52-c119-4424-b075-b17a90b6aefc","geometry":{"type":"Point","coordinates":[-94.82980692036963,29.50726410413948]},"properties":{"substrate":"Buried Shell","lease_number":null,"poll_year":2025}},{"type":"Feature","id":"6907bcd8-254d-4a69-bd72-22d9089b91d8","geometry":{"type":"Point","coordinates":[-94.82845810985202,29.513579339619408]},"properties":{"substrate":"Mud","lease_number":null,"poll_year":2025}},{"type":"Feature","id":"696c809e-cf2c-422c-a49d-47cdbe287910","geometry":{"type":"Point","coordinates":[-94.82506078475375,29.510357603151036]},"properties":{"substrate":"Mud","lease_number":null,"poll_year":2025}},{"type":"Feature","id":"698b66f9-a870-41b6-99d8-dd3a3cbeaf2a","geometry":{"type":"Point","coordinates":[-94.8295741004042,29.512602842116365]},"properties":{"substrate":"Mud","lease_number":null,"poll_year":2025}},{"type":"Feature","id":"699ba93d-32f0-4861-81b8-631eef09492e","geometry":{"type":"Point","coordinates":[-94.81531032243788,29.51313053732637]},"properties":{"substrate":"Solid Reef","lease_number":null,"poll_year":2025}},{"type":"Feature","id":"69b3f849-ed09-441a-9b2a-c0a3d0f44429","geometry":{"type":"Point","coordinates":[-94.83213659056622,29.507359367712315]},"properties":{"substrate":"Mud","lease_number":null,"poll_year":2025}},{"type":"Feature","id":"69db79ec-168a-476f-bd71-1e8d00a7cfc4","geometry":{"type":"Point","coordinates":[-94.82407871234915,29.513602938272633]},"properties":{"substrate":"Mud","lease_number":null,"poll_year":2025}},{"type":"Feature","id":"69e623b4-f35b-4dfe-845f-bb6d5fee1b9b","geometry":{"type":"Point","coordinates":[-94.82410647029141,29.515147346253844]},"properties":{"substrate":"Mud","lease_number":null,"poll_year":2025}},{"type":"Feature","id":"69ecab85-df4e-47b9-ae31-cffd0ff23613","geometry":{"type":"Point","coordinates":[-94.81711128737736,29.51313860032063]},"properties":{"substrate":"Mud","lease_number":null,"poll_year":2025}},{"type":"Feature","id":"6a105d54-3df1-45b9-bfb7-a77020ffcc2e","geometry":{"type":"Point","coordinates":[-94.83037602106845,29.513286781373356]},"properties":{"substrate":"Mud","lease_number":null,"poll_year":2025}},{"type":"Feature","id":"6a40c9ac-fa2d-40a0-94d8-31f060bfdf2f","geometry":{"type":"Point","coordinates":[-94.83180795719089,29.51097054404308]},"properties":{"substrate":"Mud","lease_number":null,"poll_year":2025}},{"type":"Feature","id":"6a5189b4-67be-4dd9-82c4-3e93cf360525","geometry":{"type":"Point","coordinates":[-94.82093506789384,29.511608468755313]},"properties":{"substrate":"Mud","lease_number":null,"poll_year":2025}},{"type":"Feature","id":"6a80ccf8-24b2-4b51-89ce-a1d2fa6979a4","geometry":{"type":"Point","coordinates":[-94.8176043897048,29.513371060374094]},"properties":{"substrate":"Mud","lease_number":null,"poll_year":2025}},{"type":"Feature","id":"6aa0bc29-966a-4bdd-86a9-3deace200cc8","geometry":{"type":"Point","coordinates":[-94.82271047037361,29.513167145222543]},"properties":{"substrate":"Mud","lease_number":null,"poll_year":2025}},{"type":"Feature","id":"6aac5a01-feef-4782-8ae5-6da3cfed8635","geometry":{"type":"Point","coordinates":[-94.81299214708368,29.507201508702632]},"properties":{"substrate":"Solid Reef","lease_number":null,"poll_year":2025}},{"type":"Feature","id":"6ac093bc-3896-4399-a1a3-60693232d9a3","geometry":{"type":"Point","coordinates":[-94.82145125782239,29.511611555942054]},"properties":{"substrate":"Mud","lease_number":null,"poll_year":2025}},{"type":"Feature","id":"6ac8823a-383e-47bb-95e7-e4252e1d0022","geometry":{"type":"Point","coordinates":[-94.81421957364685,29.51386707989652]},"properties":{"substrate":"Buried Shell","lease_number":null,"poll_year":2025}},{"type":"Feature","id":"6adfeef3-bddf-4726-a916-fba0421f1db0","geometry":{"type":"Point","coordinates":[-94.82318668886528,29.51346460069557]},"properties":{"substrate":"Mud","lease_number":null,"poll_year":2025}},{"type":"Feature","id":"6afacc5e-59ff-4751-980b-e5e29db90de5","geometry":{"type":"Point","coordinates":[-94.82499654982101,29.51294579576892]},"properties":{"substrate":"Mud","lease_number":null,"poll_year":2025}},{"type":"Feature","id":"6b09a1fa-fa97-494b-b891-1794ff89771c","geometry":{"type":"Point","coordinates":[-94.81324512434577,29.514526041003755]},"properties":{"substrate":"Mud","lease_number":null,"poll_year":2025}},{"type":"Feature","id":"6b2df62b-e696-40b1-8433-df36fba17c9a","geometry":{"type":"Point","coordinates":[-94.83109685710019,29.506963941053726]},"properties":{"substrate":"Mud","lease_number":null,"poll_year":2025}},{"type":"Feature","id":"6b4b3d1a-efba-42ec-abc0-3dea152d58ca","geometry":{"type":"Point","coordinates":[-94.8271799302719,29.508640107274303]},"properties":{"substrate":"Mud","lease_number":null,"poll_year":2025}},{"type":"Feature","id":"6b4b87ee-259b-468b-8196-e68a7885e4d6","geometry":{"type":"Point","coordinates":[-94.82722005711732,29.513299914793052]},"properties":{"substrate":"Mud","lease_number":null,"poll_year":2025}},{"type":"Feature","id":"6b838255-60b1-4711-b117-de6d157e2d77","geometry":{"type":"Point","coordinates":[-94.81752420069265,29.514408324714]},"properties":{"substrate":"Mud","lease_number":null,"poll_year":2025}},{"type":"Feature","id":"6b9087b7-6f3e-47b4-9057-0cfbcd60a904","geometry":{"type":"Point","coordinates":[-94.82727663121729,29.508875812686274]},"properties":{"substrate":"Mud","lease_number":null,"poll_year":2025}},{"type":"Feature","id":"6b96a66b-1b1f-4b86-b98c-f724b75208f5","geometry":{"type":"Point","coordinates":[-94.8247308057021,29.513860764946134]},"properties":{"substrate":"Mud","lease_number":null,"poll_year":2025}},{"type":"Feature","id":"6ba3f6cc-f970-4f23-b5ea-97e827f7f2a7","geometry":{"type":"Point","coordinates":[-94.81879439065662,29.51504265990919]},"properties":{"substrate":"Mud","lease_number":null,"poll_year":2025}},{"type":"Feature","id":"6bac7a98-3ce7-4b5b-bb35-c7dd141a572e","geometry":{"type":"Point","coordinates":[-94.82044245514822,29.512433573711053]},"properties":{"substrate":"Mud","lease_number":null,"poll_year":2025}},{"type":"Feature","id":"6bec0cf1-876a-4d64-a068-e7715904a659","geometry":{"type":"Point","coordinates":[-94.82822113158512,29.511606380663164]},"properties":{"substrate":"Mud","lease_number":null,"poll_year":2025}},{"type":"Feature","id":"6bef41ce-191d-4005-a9e7-94abfcd3d0e3","geometry":{"type":"Point","coordinates":[-94.8309831528431,29.511265323729347]},"properties":{"substrate":"Mud","lease_number":null,"poll_year":2025}},{"type":"Feature","id":"6c082188-617a-4acd-a36f-a4b0a33e4cc9","geometry":{"type":"Point","coordinates":[-94.83005069169673,29.511062513664903]},"properties":{"substrate":"Mud","lease_number":null,"poll_year":2025}},{"type":"Feature","id":"6c0bf69c-1bf5-4a03-b838-4a9e43d07cc7","geometry":{"type":"Point","coordinates":[-94.83346872386062,29.50922594009509]},"properties":{"substrate":"Mud","lease_number":null,"poll_year":2025}},{"type":"Feature","id":"6c2e183a-f517-435a-b168-c3c4b18f24d7","geometry":{"type":"Point","coordinates":[-94.82620767555507,29.514765026961673]},"properties":{"substrate":"Mud","lease_number":null,"poll_year":2025}},{"type":"Feature","id":"6c3548c8-fb5f-4f09-af01-aaef3bfc0e90","geometry":{"type":"Point","coordinates":[-94.82543277441793,29.509682629088932]},"properties":{"substrate":"Mud","lease_number":null,"poll_year":2025}},{"type":"Feature","id":"6c3c9604-8e48-4049-b9bd-a90081994ddb","geometry":{"type":"Point","coordinates":[-94.82896190302964,29.507609819980463]},"properties":{"substrate":"Mud","lease_number":null,"poll_year":2025}},{"type":"Feature","id":"6c477d7d-c2f1-4858-9608-b1fec07c5042","geometry":{"type":"Point","coordinates":[-94.81737120143009,29.514457758192716]},"properties":{"substrate":"Mud","lease_number":null,"poll_year":2025}},{"type":"Feature","id":"6c6124c3-dccb-43c5-b767-8cf74e7562e4","geometry":{"type":"Point","coordinates":[-94.81321981970254,29.515640176980998]},"properties":{"substrate":"Solid Reef","lease_number":null,"poll_year":2025}},{"type":"Feature","id":"6c656229-f067-40f4-a929-6c1cdf7201fa","geometry":{"type":"Point","coordinates":[-94.82859671540876,29.51539903315602]},"properties":{"substrate":"Mud","lease_number":null,"poll_year":2025}},{"type":"Feature","id":"6c672947-2330-4ddb-acac-d99413cb9354","geometry":{"type":"Point","coordinates":[-94.82349682592891,29.510214901179733]},"properties":{"substrate":"Mud","lease_number":null,"poll_year":2025}},{"type":"Feature","id":"6c684453-5a3b-4b45-9bf2-4437e38916e6","geometry":{"type":"Point","coordinates":[-94.82038316544116,29.51099989321479]},"properties":{"substrate":"Mud","lease_number":null,"poll_year":2025}},{"type":"Feature","id":"6cc88864-47dc-4c02-836f-4c5dbef543ae","geometry":{"type":"Point","coordinates":[-94.82558689567628,29.515862163906917]},"properties":{"substrate":"Mud","lease_number":null,"poll_year":2025}},{"type":"Feature","id":"6cd304dc-3308-4c6c-9d31-935a24cd6108","geometry":{"type":"Point","coordinates":[-94.82263806256844,29.512426576196592]},"properties":{"substrate":"Mud","lease_number":null,"poll_year":2025}},{"type":"Feature","id":"6cf69d4a-351f-442d-badf-dd4045e55a04","geometry":{"type":"Point","coordinates":[-94.82665444457677,29.515923080302564]},"properties":{"substrate":"Mud","lease_number":null,"poll_year":2025}},{"type":"Feature","id":"6d31596c-44e4-460d-b5e2-37ba31331efb","geometry":{"type":"Point","coordinates":[-94.81529683243724,29.515772421892137]},"properties":{"substrate":"Mud","lease_number":null,"poll_year":2025}},{"type":"Feature","id":"6d364431-e9e5-40f3-9b31-e9ca95b56744","geometry":{"type":"Point","coordinates":[-94.83312985058934,29.508288232884432]},"properties":{"substrate":"Mud","lease_number":null,"poll_year":2025}},{"type":"Feature","id":"6d41f69d-c6b5-4d0b-bf1c-d3d601990e31","geometry":{"type":"Point","coordinates":[-94.82760849942596,29.51497413432615]},"properties":{"substrate":"Mud","lease_number":null,"poll_year":2025}},{"type":"Feature","id":"6d676e73-9a77-4551-9b20-ca241fdbce6d","geometry":{"type":"Point","coordinates":[-94.82572871989672,29.510863465852925]},"properties":{"substrate":"Mud","lease_number":null,"poll_year":2025}},{"type":"Feature","id":"6d6bd675-259a-4eb0-9201-bc2ad9e1a04f","geometry":{"type":"Point","coordinates":[-94.83130657419316,29.5095481536202]},"properties":{"substrate":"Mud","lease_number":null,"poll_year":2025}},{"type":"Feature","id":"6d6ffccc-a3bc-451d-8041-6643fedbf991","geometry":{"type":"Point","coordinates":[-94.826114443005,29.51377881830574]},"properties":{"substrate":"Mud","lease_number":null,"poll_year":2025}},{"type":"Feature","id":"6d868991-a824-475f-9f2b-40bd7c043455","geometry":{"type":"Point","coordinates":[-94.8200517095592,29.513270249678925]},"properties":{"substrate":"Mud","lease_number":null,"poll_year":2025}},{"type":"Feature","id":"6dab22fd-9143-456c-a9e4-58cd0cf79ca3","geometry":{"type":"Point","coordinates":[-94.83187010713382,29.510061913961035]},"properties":{"substrate":"Mud","lease_number":null,"poll_year":2025}},{"type":"Feature","id":"6dccadf7-dd84-417a-8686-d2da6e71ec50","geometry":{"type":"Point","coordinates":[-94.8184666223589,29.512587297668784]},"properties":{"substrate":"Solid Reef","lease_number":null,"poll_year":2025}},{"type":"Feature","id":"6de01d6e-0f7c-4f4b-9622-2264e66327f1","geometry":{"type":"Point","coordinates":[-94.83004321501862,29.50824204629453]},"properties":{"substrate":"Mud","lease_number":null,"poll_year":2025}},{"type":"Feature","id":"6df28880-9528-40c1-9c9e-e7df0582eae3","geometry":{"type":"Point","coordinates":[-94.83199174800644,29.50631402389246]},"properties":{"substrate":"Mud","lease_number":null,"poll_year":2025}},{"type":"Feature","id":"6dfbbe9a-00a0-463b-a458-1e7a9dedead5","geometry":{"type":"Point","coordinates":[-94.8198892393586,29.513862597360628]},"properties":{"substrate":"Mud","lease_number":null,"poll_year":2025}},{"type":"Feature","id":"6e0aca38-17d5-4e38-8d5c-7ee562cbda49","geometry":{"type":"Point","coordinates":[-94.82693564960006,29.509554886310156]},"properties":{"substrate":"Mud","lease_number":null,"poll_year":2025}},{"type":"Feature","id":"6e0fda24-f5ae-43f8-91bd-918033d37869","geometry":{"type":"Point","coordinates":[-94.82337767518626,29.51026052399185]},"properties":{"substrate":"Mud","lease_number":null,"poll_year":2025}},{"type":"Feature","id":"6e19603c-7e96-48a4-bbb2-13bfe08dc5d8","geometry":{"type":"Point","coordinates":[-94.81710594689301,29.51605771537384]},"properties":{"substrate":"Mud","lease_number":null,"poll_year":2025}},{"type":"Feature","id":"6e1d9e60-288f-4d49-a27d-94da8ff7aca5","geometry":{"type":"Point","coordinates":[-94.82427391356545,29.512480675390062]},"properties":{"substrate":"Mud","lease_number":null,"poll_year":2025}},{"type":"Feature","id":"6e1f9c50-1b4b-4ac5-98a0-4f6abc0ac729","geometry":{"type":"Point","coordinates":[-94.81319703842694,29.506823686808758]},"properties":{"substrate":"Buried Shell","lease_number":null,"poll_year":2025}},{"type":"Feature","id":"6e445c09-b00f-44cb-b3ec-fc0a6bff51c8","geometry":{"type":"Point","coordinates":[-94.8220463782234,29.51603384134233]},"properties":{"substrate":"Mud","lease_number":null,"poll_year":2025}},{"type":"Feature","id":"6e798606-8d1b-48c6-876b-65f312419f3d","geometry":{"type":"Point","coordinates":[-94.82116786629972,29.512255714271287]},"properties":{"substrate":"Mud","lease_number":null,"poll_year":2025}},{"type":"Feature","id":"6e7bff96-6cde-474c-9dce-a37555fc1f5c","geometry":{"type":"Point","coordinates":[-94.82931772212042,29.507731812772608]},"properties":{"substrate":"Mud","lease_number":null,"poll_year":2025}},{"type":"Feature","id":"6e8107e7-1d1f-42a5-8c0a-c048346676dd","geometry":{"type":"Point","coordinates":[-94.83262260338945,29.506611799715824]},"properties":{"substrate":"Mud","lease_number":null,"poll_year":2025}},{"type":"Feature","id":"6e89a049-fee0-4547-8a81-650a0ea6ed0e","geometry":{"type":"Point","coordinates":[-94.83224795201706,29.50730676996012]},"properties":{"substrate":"Mud","lease_number":null,"poll_year":2025}},{"type":"Feature","id":"6e957c66-f71c-47af-9910-90a83c9f1543","geometry":{"type":"Point","coordinates":[-94.8211280224236,29.512802308655626]},"properties":{"substrate":"Mud","lease_number":null,"poll_year":2025}},{"type":"Feature","id":"6e9cdaa0-efb0-417f-965b-93b3bbaa84ce","geometry":{"type":"Point","coordinates":[-94.82387232980251,29.511397123277852]},"properties":{"substrate":"Mud","lease_number":null,"poll_year":2025}},{"type":"Feature","id":"6eb09445-ecb0-410b-9403-bd9dcaf00ace","geometry":{"type":"Point","coordinates":[-94.82658346599122,29.508365995143272]},"properties":{"substrate":"Buried Shell","lease_number":null,"poll_year":2025}},{"type":"Feature","id":"6ec8f3f9-8ff3-4d71-9674-02155e4f322f","geometry":{"type":"Point","coordinates":[-94.83138164370652,29.506596560815062]},"properties":{"substrate":"Buried Shell","lease_number":null,"poll_year":2025}},{"type":"Feature","id":"6ef1bbf3-7865-4323-abbe-0448950c6a5b","geometry":{"type":"Point","coordinates":[-94.82690367137259,29.515506796819178]},"properties":{"substrate":"Mud","lease_number":null,"poll_year":2025}},{"type":"Feature","id":"6f09dc7a-9d14-4836-bb49-2f9913c63854","geometry":{"type":"Point","coordinates":[-94.81476251989615,29.513849635216506]},"properties":{"substrate":"Buried Shell","lease_number":null,"poll_year":2025}},{"type":"Feature","id":"6f1f1119-4c83-451b-9265-f09839b34fcb","geometry":{"type":"Point","coordinates":[-94.81239489677714,29.51487553833064]},"properties":{"substrate":"Mud","lease_number":null,"poll_year":2025}},{"type":"Feature","id":"6f2bee1a-88c4-4f89-80af-9737d3fdc0e8","geometry":{"type":"Point","coordinates":[-94.83270381917598,29.50735420628839]},"properties":{"substrate":"Mud","lease_number":null,"poll_year":2025}},{"type":"Feature","id":"6f5f4e3c-58f0-4d19-87a3-1eb015771f2a","geometry":{"type":"Point","coordinates":[-94.83284867700712,29.505711876617056]},"properties":{"substrate":"Mud","lease_number":null,"poll_year":2025}},{"type":"Feature","id":"6f8b65da-b397-40f7-ac11-d0cb329f8829","geometry":{"type":"Point","coordinates":[-94.83343358985154,29.507656757381724]},"properties":{"substrate":"Mud","lease_number":null,"poll_year":2025}},{"type":"Feature","id":"6f8bc9da-4cc2-4af0-8195-903c68a8501b","geometry":{"type":"Point","coordinates":[-94.82252691132338,29.515131484811878]},"properties":{"substrate":"Mud","lease_number":null,"poll_year":2025}},{"type":"Feature","id":"6fb7e243-5a6b-4928-a26b-9695b6ff66cd","geometry":{"type":"Point","coordinates":[-94.82468250328927,29.509701939811617]},"properties":{"substrate":"Buried Shell","lease_number":null,"poll_year":2025}},{"type":"Feature","id":"6fbb5b7b-caec-466d-ac61-0f18bbb7f03f","geometry":{"type":"Point","coordinates":[-94.81256714424127,29.505006337011576]},"properties":{"substrate":"Buried Shell","lease_number":null,"poll_year":2025}},{"type":"Feature","id":"6fc43fee-b9ac-481a-b926-ba9cae739e67","geometry":{"type":"Point","coordinates":[-94.83186688038532,29.509883052805964]},"properties":{"substrate":"Mud","lease_number":null,"poll_year":2025}},{"type":"Feature","id":"6fc44549-ab6f-41ee-a097-cf687f721d1d","geometry":{"type":"Point","coordinates":[-94.82101382678806,29.512118852379807]},"properties":{"substrate":"Mud","lease_number":null,"poll_year":2025}},{"type":"Feature","id":"6fcdd6a5-b647-4d8d-88e5-70384cbbe5ec","geometry":{"type":"Point","coordinates":[-94.81945372892233,29.512386367254503]},"properties":{"substrate":"Mud","lease_number":null,"poll_year":2025}},{"type":"Feature","id":"7031e2ad-b281-42c1-99d9-c75b2aaff8f4","geometry":{"type":"Point","coordinates":[-94.83122529372794,29.50824772912719]},"properties":{"substrate":"Mud","lease_number":null,"poll_year":2025}},{"type":"Feature","id":"703fc5e2-6463-488b-a3ba-fc0ce98b3d33","geometry":{"type":"Point","coordinates":[-94.81701736042957,29.515072359682026]},"properties":{"substrate":"Mud","lease_number":null,"poll_year":2025}},{"type":"Feature","id":"70486354-513f-4e3d-9eb9-480528b20bc2","geometry":{"type":"Point","coordinates":[-94.8280081913369,29.515866461084006]},"properties":{"substrate":"Mud","lease_number":null,"poll_year":2025}},{"type":"Feature","id":"7065d1c5-78df-405e-9888-c57e0a5d038c","geometry":{"type":"Point","coordinates":[-94.82905998738057,29.51333154600198]},"properties":{"substrate":"Mud","lease_number":null,"poll_year":2025}},{"type":"Feature","id":"706d327b-c01b-4331-b66d-e01adb537d31","geometry":{"type":"Point","coordinates":[-94.81581110895426,29.51502984331944]},"properties":{"substrate":"Mud","lease_number":null,"poll_year":2025}},{"type":"Feature","id":"70a67f0c-9802-4b70-85bc-e95b2258d541","geometry":{"type":"Point","coordinates":[-94.82904443574638,29.512019436662616]},"properties":{"substrate":"Mud","lease_number":null,"poll_year":2025}},{"type":"Feature","id":"70b79faa-0973-4ec0-a930-136f157e8d0c","geometry":{"type":"Point","coordinates":[-94.82368213759224,29.513786256632237]},"properties":{"substrate":"Mud","lease_number":null,"poll_year":2025}},{"type":"Feature","id":"70d8c8d7-bb6a-49d8-8b75-5809a090b8cb","geometry":{"type":"Point","coordinates":[-94.82949046365799,29.510537646289322]},"properties":{"substrate":"Mud","lease_number":null,"poll_year":2025}},{"type":"Feature","id":"70e7bf78-9e31-48d2-9541-8e1e90a194af","geometry":{"type":"Point","coordinates":[-94.83394389761162,29.504994778655394]},"properties":{"substrate":"Mud","lease_number":null,"poll_year":2025}},{"type":"Feature","id":"7125b44e-9241-4bfa-9e4b-13409ed45167","geometry":{"type":"Point","coordinates":[-94.82872660012076,29.50933156824868]},"properties":{"substrate":"Mud","lease_number":null,"poll_year":2025}},{"type":"Feature","id":"7141bfc4-b810-4d60-9857-31a0cd240f36","geometry":{"type":"Point","coordinates":[-94.81651234644146,29.515284723122846]},"properties":{"substrate":"Mud","lease_number":null,"poll_year":2025}},{"type":"Feature","id":"714b0e4d-e48b-4332-b16b-ad91725416cf","geometry":{"type":"Point","coordinates":[-94.83113593201843,29.509615808065394]},"properties":{"substrate":"Mud","lease_number":null,"poll_year":2025}},{"type":"Feature","id":"71819d9b-cf52-4c3a-9c06-975e165ff9d1","geometry":{"type":"Point","coordinates":[-94.82627430629462,29.51111994470069]},"properties":{"substrate":"Mud","lease_number":null,"poll_year":2025}},{"type":"Feature","id":"71a69c58-9262-43ad-99c7-365942c5cda5","geometry":{"type":"Point","coordinates":[-94.8296272618044,29.511006205998324]},"properties":{"substrate":"Mud","lease_number":null,"poll_year":2025}},{"type":"Feature","id":"71b548cc-47e1-40c2-9bb5-aabac004a922","geometry":{"type":"Point","coordinates":[-94.81858005712141,29.513616343699848]},"properties":{"substrate":"Mud","lease_number":null,"poll_year":2025}},{"type":"Feature","id":"71b56b55-8c61-4986-aa16-f82705d6e3e7","geometry":{"type":"Point","coordinates":[-94.82908535221094,29.51358553576149]},"properties":{"substrate":"Mud","lease_number":null,"poll_year":2025}},{"type":"Feature","id":"71cf24ff-25f2-443c-a735-0a7192264bed","geometry":{"type":"Point","coordinates":[-94.82160909361444,29.510998544663472]},"properties":{"substrate":"Mud","lease_number":null,"poll_year":2025}},{"type":"Feature","id":"71de79c7-0e76-4fe8-8832-45fd0f59634a","geometry":{"type":"Point","coordinates":[-94.82811168444415,29.511356880310842]},"properties":{"substrate":"Mud","lease_number":null,"poll_year":2025}},{"type":"Feature","id":"71ea6fab-1a8a-49b5-8fb7-46f855b1dc7a","geometry":{"type":"Point","coordinates":[-94.82430592413228,29.513229962115073]},"properties":{"substrate":"Mud","lease_number":null,"poll_year":2025}},{"type":"Feature","id":"721c02ad-8a7c-42a8-a3a1-1eebba4327d7","geometry":{"type":"Point","coordinates":[-94.82706840083613,29.508428632076722]},"properties":{"substrate":"Mud","lease_number":null,"poll_year":2025}},{"type":"Feature","id":"72270d8c-e428-4639-b963-c4e4ffe02944","geometry":{"type":"Point","coordinates":[-94.82539131986253,29.51329596616808]},"properties":{"substrate":"Mud","lease_number":null,"poll_year":2025}},{"type":"Feature","id":"72272f72-a548-4f68-b2f9-4d5b2e353c40","geometry":{"type":"Point","coordinates":[-94.81677561929504,29.515167104650875]},"properties":{"substrate":"Mud","lease_number":null,"poll_year":2025}},{"type":"Feature","id":"72335ace-c423-4dbc-a856-4655b894bb46","geometry":{"type":"Point","coordinates":[-94.82547031860692,29.50856555290096]},"properties":{"substrate":"Buried Shell","lease_number":null,"poll_year":2025}},{"type":"Feature","id":"7242b6cf-aa01-489b-8b4a-b9f72dd5696d","geometry":{"type":"Point","coordinates":[-94.8243304104103,29.509332526713095]},"properties":{"substrate":"Buried Shell","lease_number":null,"poll_year":2025}},{"type":"Feature","id":"724654f8-b312-430a-a34c-3600453e3de2","geometry":{"type":"Point","coordinates":[-94.81510680461868,29.5147885956323]},"properties":{"substrate":"Mud","lease_number":null,"poll_year":2025}},{"type":"Feature","id":"72491d2a-417d-40bf-b0b5-eb773b13e27e","geometry":{"type":"Point","coordinates":[-94.83185512143827,29.507476365911145]},"properties":{"substrate":"Mud","lease_number":null,"poll_year":2025}},{"type":"Feature","id":"72510229-c002-4bf8-be57-02590328d0b8","geometry":{"type":"Point","coordinates":[-94.83086254682969,29.506821567345852]},"properties":{"substrate":"Mud","lease_number":null,"poll_year":2025}},{"type":"Feature","id":"7262554d-8445-4fa0-8ba6-3bc5db633a34","geometry":{"type":"Point","coordinates":[-94.82395241999998,29.51029480089316]},"properties":{"substrate":"Mud","lease_number":null,"poll_year":2025}},{"type":"Feature","id":"726e596d-e1b9-4144-89b8-425dc4fe1f47","geometry":{"type":"Point","coordinates":[-94.82388677022071,29.511082222826158]},"properties":{"substrate":"Mud","lease_number":null,"poll_year":2025}},{"type":"Feature","id":"7282f6d6-4bb2-4627-b9eb-c61c77f0b852","geometry":{"type":"Point","coordinates":[-94.83310480016934,29.50744740036164]},"properties":{"substrate":"Mud","lease_number":null,"poll_year":2025}},{"type":"Feature","id":"729e0a24-484c-4630-b4f6-40a9b5e23604","geometry":{"type":"Point","coordinates":[-94.82294265073857,29.515150367666738]},"properties":{"substrate":"Mud","lease_number":null,"poll_year":2025}},{"type":"Feature","id":"72b91c7a-0fae-4e08-932a-b5dcd1f6bc98","geometry":{"type":"Point","coordinates":[-94.81900026655343,29.512498609686062]},"properties":{"substrate":"Buried Shell","lease_number":null,"poll_year":2025}},{"type":"Feature","id":"72d29282-c4d8-4e7c-b858-b3c3f04ee05c","geometry":{"type":"Point","coordinates":[-94.82333530255264,29.511874155655548]},"properties":{"substrate":"Mud","lease_number":null,"poll_year":2025}},{"type":"Feature","id":"72e5f5cf-49b6-4d93-9589-9a468e084761","geometry":{"type":"Point","coordinates":[-94.82312198141874,29.512987151321187]},"properties":{"substrate":"Mud","lease_number":null,"poll_year":2025}},{"type":"Feature","id":"72efa4e6-ca2b-468f-8711-57395efd3045","geometry":{"type":"Point","coordinates":[-94.8250370332976,29.509003994902926]},"properties":{"substrate":"Solid Reef","lease_number":null,"poll_year":2025}},{"type":"Feature","id":"7305bbed-2641-4743-996f-efa60a6ac5db","geometry":{"type":"Point","coordinates":[-94.82441620670645,29.51192155779141]},"properties":{"substrate":"Mud","lease_number":null,"poll_year":2025}},{"type":"Feature","id":"7305ec03-ce38-4565-9656-2c6594a3ed03","geometry":{"type":"Point","coordinates":[-94.82708720526998,29.513348148043995]},"properties":{"substrate":"Mud","lease_number":null,"poll_year":2025}},{"type":"Feature","id":"732d871e-5da0-4d6a-8a90-cc4c7ba6adc8","geometry":{"type":"Point","coordinates":[-94.82776009641836,29.514650671653193]},"properties":{"substrate":"Mud","lease_number":null,"poll_year":2025}},{"type":"Feature","id":"733d3830-872c-408f-a1d4-b3f2a9b02c3c","geometry":{"type":"Point","coordinates":[-94.82752681831214,29.5155209422963]},"properties":{"substrate":"Mud","lease_number":null,"poll_year":2025}},{"type":"Feature","id":"73519751-efd7-4814-a462-8ebf2783ee0d","geometry":{"type":"Point","coordinates":[-94.82815925203509,29.513936741324596]},"properties":{"substrate":"Mud","lease_number":null,"poll_year":2025}},{"type":"Feature","id":"7379cbec-88a1-40c6-af04-cdb61efcb8de","geometry":{"type":"Point","coordinates":[-94.81394383577039,29.506357059907096]},"properties":{"substrate":"Mud","lease_number":null,"poll_year":2025}},{"type":"Feature","id":"737b3f03-8362-4118-a2e6-5e64e267dcb4","geometry":{"type":"Point","coordinates":[-94.81964681280951,29.51236396675321]},"properties":{"substrate":"Mud","lease_number":null,"poll_year":2025}},{"type":"Feature","id":"737db548-d598-4300-9c88-53da1868442d","geometry":{"type":"Point","coordinates":[-94.82170292444249,29.51283907536671]},"properties":{"substrate":"Mud","lease_number":null,"poll_year":2025}},{"type":"Feature","id":"737ddf97-2d1f-4eaa-ac8e-2a6e7a5ffe65","geometry":{"type":"Point","coordinates":[-94.82603975617394,29.510191767674602]},"properties":{"substrate":"Mud","lease_number":null,"poll_year":2025}},{"type":"Feature","id":"738ca9ba-a53d-454b-bd2e-7544df49c17a","geometry":{"type":"Point","coordinates":[-94.8292643711757,29.510115682945393]},"properties":{"substrate":"Mud","lease_number":null,"poll_year":2025}},{"type":"Feature","id":"738d8832-e779-4838-b9e9-816ce33a84c6","geometry":{"type":"Point","coordinates":[-94.82230180698792,29.510999997971854]},"properties":{"substrate":"Mud","lease_number":null,"poll_year":2025}},{"type":"Feature","id":"73aaa4f8-b2e9-4890-925f-23fee89d725b","geometry":{"type":"Point","coordinates":[-94.83079187456966,29.507908522325987]},"properties":{"substrate":"Mud","lease_number":null,"poll_year":2025}},{"type":"Feature","id":"73e9376d-ab5f-4312-9bf7-126c297f6bc1","geometry":{"type":"Point","coordinates":[-94.82307673776945,29.51487803207785]},"properties":{"substrate":"Mud","lease_number":null,"poll_year":2025}},{"type":"Feature","id":"73f46b28-bd29-4def-8eb7-86563d778680","geometry":{"type":"Point","coordinates":[-94.82770029018002,29.510283151673217]},"properties":{"substrate":"Mud","lease_number":null,"poll_year":2025}},{"type":"Feature","id":"74419b7e-9283-49d7-a930-8bf70d8be73a","geometry":{"type":"Point","coordinates":[-94.81278336244196,29.515535062755944]},"properties":{"substrate":"Solid Reef","lease_number":null,"poll_year":2025}},{"type":"Feature","id":"7444a257-32e0-4d34-9d59-053639030b93","geometry":{"type":"Point","coordinates":[-94.81360965619649,29.51518480004125]},"properties":{"substrate":"Solid Reef","lease_number":null,"poll_year":2025}},{"type":"Feature","id":"744a9dbe-056d-49d0-97e4-940d18ac61e1","geometry":{"type":"Point","coordinates":[-94.83149078003036,29.50761933364415]},"properties":{"substrate":"Mud","lease_number":null,"poll_year":2025}},{"type":"Feature","id":"74ad2417-1bee-455f-8dbd-54dbaa412c4f","geometry":{"type":"Point","coordinates":[-94.82486322186655,29.511729255158702]},"properties":{"substrate":"Mud","lease_number":null,"poll_year":2025}},{"type":"Feature","id":"74aeffaf-c957-4d8a-bfcb-a91912f77344","geometry":{"type":"Point","coordinates":[-94.83183288993162,29.508273116195205]},"properties":{"substrate":"Mud","lease_number":null,"poll_year":2025}},{"type":"Feature","id":"74bbc2fd-74b7-4363-ab20-b3a2acbc106d","geometry":{"type":"Point","coordinates":[-94.82887727813662,29.512887415937552]},"properties":{"substrate":"Mud","lease_number":null,"poll_year":2025}},{"type":"Feature","id":"74c05fc8-9c3b-4e17-a028-a885487e4862","geometry":{"type":"Point","coordinates":[-94.81861071841868,29.51347877538283]},"properties":{"substrate":"Mud","lease_number":null,"poll_year":2025}},{"type":"Feature","id":"74c748a0-e55c-4892-8b93-1c517a6252b4","geometry":{"type":"Point","coordinates":[-94.82919038862386,29.514809365670246]},"properties":{"substrate":"Mud","lease_number":null,"poll_year":2025}},{"type":"Feature","id":"74c8e78c-cced-443e-86ee-1e729aadfd43","geometry":{"type":"Point","coordinates":[-94.83046554896629,29.50805711600305]},"properties":{"substrate":"Mud","lease_number":null,"poll_year":2025}},{"type":"Feature","id":"74d1e08c-5330-44ff-8c24-56df35a80a17","geometry":{"type":"Point","coordinates":[-94.81504802515471,29.515104649341446]},"properties":{"substrate":"Mud","lease_number":null,"poll_year":2025}},{"type":"Feature","id":"74db8be7-5bb1-4326-bccc-6a35ad6f415b","geometry":{"type":"Point","coordinates":[-94.82892419175403,29.511300654893546]},"properties":{"substrate":"Mud","lease_number":null,"poll_year":2025}},{"type":"Feature","id":"74e6884f-70fa-4454-a19e-75c81ac11b78","geometry":{"type":"Point","coordinates":[-94.82263112937108,29.514531628111165]},"properties":{"substrate":"Mud","lease_number":null,"poll_year":2025}},{"type":"Feature","id":"752501f4-d58e-4af5-b06c-5d1486c86370","geometry":{"type":"Point","coordinates":[-94.81289165884104,29.507259506386877]},"properties":{"substrate":"Solid Reef","lease_number":null,"poll_year":2025}},{"type":"Feature","id":"7538bb87-40fc-4cff-ac56-d500a2ab95b4","geometry":{"type":"Point","coordinates":[-94.82222304539876,29.509932106205756]},"properties":{"substrate":"Mud","lease_number":null,"poll_year":2025}},{"type":"Feature","id":"75618cd6-ba43-4c2d-a01d-9f11f6c17727","geometry":{"type":"Point","coordinates":[-94.82774855216864,29.513077542315305]},"properties":{"substrate":"Mud","lease_number":null,"poll_year":2025}},{"type":"Feature","id":"75931a20-0b5e-47b1-b52b-8c4d9f323f41","geometry":{"type":"Point","coordinates":[-94.82549423355643,29.510171174152134]},"properties":{"substrate":"Mud","lease_number":null,"poll_year":2025}},{"type":"Feature","id":"75cc2bf6-a32b-4793-949b-cb5547886540","geometry":{"type":"Point","coordinates":[-94.8210560053856,29.51431482435188]},"properties":{"substrate":"Mud","lease_number":null,"poll_year":2025}},{"type":"Feature","id":"7607cd6c-d5b0-4dad-9a04-d092b463872b","geometry":{"type":"Point","coordinates":[-94.82216836315078,29.515965610361047]},"properties":{"substrate":"Mud","lease_number":null,"poll_year":2025}},{"type":"Feature","id":"760a792f-6222-4579-b81a-489ffbbb1d6d","geometry":{"type":"Point","coordinates":[-94.83087532087303,29.51203768687177]},"properties":{"substrate":"Mud","lease_number":null,"poll_year":2025}},{"type":"Feature","id":"7611d949-3c89-4b06-8f79-bf2bff33d687","geometry":{"type":"Point","coordinates":[-94.8137791503243,29.514814725275833]},"properties":{"substrate":"Mud","lease_number":null,"poll_year":2025}},{"type":"Feature","id":"76134485-bdf8-4319-b77b-65dd82735536","geometry":{"type":"Point","coordinates":[-94.81447003293121,29.51505456264608]},"properties":{"substrate":"Mud","lease_number":null,"poll_year":2025}},{"type":"Feature","id":"7632cc1f-4046-4211-846c-c266d4d457f1","geometry":{"type":"Point","coordinates":[-94.81623495835981,29.5130044632518]},"properties":{"substrate":"Buried Shell","lease_number":null,"poll_year":2025}},{"type":"Feature","id":"763c32db-008d-4b57-8ec1-18dff49e238d","geometry":{"type":"Point","coordinates":[-94.83105393469761,29.50727938281148]},"properties":{"substrate":"Mud","lease_number":null,"poll_year":2025}},{"type":"Feature","id":"763e89f1-05e3-4d10-931b-b256abfb2ece","geometry":{"type":"Point","coordinates":[-94.81739886415096,29.514638237285048]},"properties":{"substrate":"Mud","lease_number":null,"poll_year":2025}},{"type":"Feature","id":"7640b59a-7f2b-4c44-9d1e-5b50a456a4c5","geometry":{"type":"Point","coordinates":[-94.82332161222769,29.510561495037035]},"properties":{"substrate":"Mud","lease_number":null,"poll_year":2025}},{"type":"Feature","id":"76420d13-7c42-40d4-bc4d-81ee120bc5ae","geometry":{"type":"Point","coordinates":[-94.82245671157719,29.514847688876664]},"properties":{"substrate":"Mud","lease_number":null,"poll_year":2025}},{"type":"Feature","id":"76702c40-7a21-495d-af1a-9837e3cacecc","geometry":{"type":"Point","coordinates":[-94.81650968832653,29.51236139398646]},"properties":{"substrate":"Mud","lease_number":null,"poll_year":2025}},{"type":"Feature","id":"76a3cb44-305a-4fa8-b400-fb50b814617f","geometry":{"type":"Point","coordinates":[-94.81570316379646,29.51559854734257]},"properties":{"substrate":"Mud","lease_number":null,"poll_year":2025}},{"type":"Feature","id":"76ab6eac-cc8c-4cf5-9d6b-d2a08f7a0578","geometry":{"type":"Point","coordinates":[-94.82003478619755,29.512207438284793]},"properties":{"substrate":"Mud","lease_number":null,"poll_year":2025}},{"type":"Feature","id":"76b42450-5189-4d4e-a38e-c32cbb16078c","geometry":{"type":"Point","coordinates":[-94.8152103902524,29.51399387601145]},"properties":{"substrate":"Mud","lease_number":null,"poll_year":2025}},{"type":"Feature","id":"76cda971-d0ea-4355-9567-07c8f060a371","geometry":{"type":"Point","coordinates":[-94.82774401837142,29.513602358996767]},"properties":{"substrate":"Mud","lease_number":null,"poll_year":2025}},{"type":"Feature","id":"76e7469a-87c6-4bb6-a7ed-527f1d78ef2e","geometry":{"type":"Point","coordinates":[-94.83189334205865,29.50900232501163]},"properties":{"substrate":"Mud","lease_number":null,"poll_year":2025}},{"type":"Feature","id":"77007eef-5209-4653-933c-fa2eefd1f692","geometry":{"type":"Point","coordinates":[-94.82720525737302,29.514884451717744]},"properties":{"substrate":"Mud","lease_number":null,"poll_year":2025}},{"type":"Feature","id":"7707bb51-198f-45e5-a886-2b29193cefb8","geometry":{"type":"Point","coordinates":[-94.82176867393478,29.51123338620374]},"properties":{"substrate":"Mud","lease_number":null,"poll_year":2025}},{"type":"Feature","id":"771d4abd-1c50-4f15-bc4e-1dddeaa1c4e1","geometry":{"type":"Point","coordinates":[-94.83142410257841,29.511119631211738]},"properties":{"substrate":"Mud","lease_number":null,"poll_year":2025}},{"type":"Feature","id":"77520789-3b8e-438a-81aa-f9e15686be88","geometry":{"type":"Point","coordinates":[-94.83037529343308,29.511186325378006]},"properties":{"substrate":"Mud","lease_number":null,"poll_year":2025}},{"type":"Feature","id":"7777472b-1601-440c-aa25-e516d9433da9","geometry":{"type":"Point","coordinates":[-94.82628574094987,29.514197677708008]},"properties":{"substrate":"Mud","lease_number":null,"poll_year":2025}},{"type":"Feature","id":"777cc24e-13fd-474c-9180-b12008703b15","geometry":{"type":"Point","coordinates":[-94.82417112743234,29.509915860875644]},"properties":{"substrate":"Mud","lease_number":null,"poll_year":2025}},{"type":"Feature","id":"77836220-555e-4bcf-acfe-c9e1dcd50329","geometry":{"type":"Point","coordinates":[-94.82463259558702,29.509454787925517]},"properties":{"substrate":"Buried Shell","lease_number":null,"poll_year":2025}},{"type":"Feature","id":"778d1419-103c-4275-ad12-a7deeff1b2f5","geometry":{"type":"Point","coordinates":[-94.82820431332635,29.513413468770242]},"properties":{"substrate":"Mud","lease_number":null,"poll_year":2025}},{"type":"Feature","id":"778f382a-4eb8-44eb-80b1-70642cacc81e","geometry":{"type":"Point","coordinates":[-94.81822692758658,29.51428391812647]},"properties":{"substrate":"Mud","lease_number":null,"poll_year":2025}},{"type":"Feature","id":"77ad522c-aaac-4bae-afea-976d246d0476","geometry":{"type":"Point","coordinates":[-94.81409989738974,29.515515147302228]},"properties":{"substrate":"Buried Shell","lease_number":null,"poll_year":2025}},{"type":"Feature","id":"77bcbe31-4fa6-4215-8fe7-14a202405680","geometry":{"type":"Point","coordinates":[-94.82436608340853,29.51372996220709]},"properties":{"substrate":"Mud","lease_number":null,"poll_year":2025}},{"type":"Feature","id":"77bf8bac-f3ef-4d3d-b168-cb95361c16b8","geometry":{"type":"Point","coordinates":[-94.82985200232218,29.50910781267753]},"properties":{"substrate":"Mud","lease_number":null,"poll_year":2025}},{"type":"Feature","id":"77ddcb43-0b51-4c91-bcc1-ff2b8ba82d0a","geometry":{"type":"Point","coordinates":[-94.82571392464399,29.509264349847975]},"properties":{"substrate":"Mud","lease_number":null,"poll_year":2025}},{"type":"Feature","id":"77ea58ef-2c53-44e7-917a-1a38f9266bc4","geometry":{"type":"Point","coordinates":[-94.82266198380614,29.51160176903608]},"properties":{"substrate":"Mud","lease_number":null,"poll_year":2025}},{"type":"Feature","id":"77fca711-95de-4050-ba24-5fad14802b1b","geometry":{"type":"Point","coordinates":[-94.82216468185476,29.511052692307974]},"properties":{"substrate":"Mud","lease_number":null,"poll_year":2025}},{"type":"Feature","id":"77fdd083-5075-4656-bb81-6549334052a5","geometry":{"type":"Point","coordinates":[-94.8283071821045,29.51551097987812]},"properties":{"substrate":"Mud","lease_number":null,"poll_year":2025}},{"type":"Feature","id":"781a33f3-527b-4df8-ad81-7585d32e02fc","geometry":{"type":"Point","coordinates":[-94.83048110239713,29.51168376512656]},"properties":{"substrate":"Mud","lease_number":null,"poll_year":2025}},{"type":"Feature","id":"7856f82c-4e6d-4359-9a88-2f93022b9b12","geometry":{"type":"Point","coordinates":[-94.82839175759018,29.512284111669754]},"properties":{"substrate":"Mud","lease_number":null,"poll_year":2025}},{"type":"Feature","id":"7872a59d-4354-4817-ba36-7b1d116f2bec","geometry":{"type":"Point","coordinates":[-94.81354511942985,29.5141496481155]},"properties":{"substrate":"Buried Shell","lease_number":null,"poll_year":2025}},{"type":"Feature","id":"7878ced0-a52f-42ad-8ea7-d49f153e6470","geometry":{"type":"Point","coordinates":[-94.82190562389648,29.5124656421932]},"properties":{"substrate":"Mud","lease_number":null,"poll_year":2025}},{"type":"Feature","id":"78857448-857b-48ff-873c-2a363f500f52","geometry":{"type":"Point","coordinates":[-94.82609620989967,29.514281043655533]},"properties":{"substrate":"Mud","lease_number":null,"poll_year":2025}},{"type":"Feature","id":"789ec221-64af-44a9-8eb8-2b95e955c9ef","geometry":{"type":"Point","coordinates":[-94.82908704284031,29.511738611300885]},"properties":{"substrate":"Mud","lease_number":null,"poll_year":2025}},{"type":"Feature","id":"78b5aa02-929c-4553-99ef-7fd25cc98786","geometry":{"type":"Point","coordinates":[-94.82796132533021,29.515649524162566]},"properties":{"substrate":"Mud","lease_number":null,"poll_year":2025}},{"type":"Feature","id":"78c6110d-86a3-4643-8f78-dae757f2e790","geometry":{"type":"Point","coordinates":[-94.81828390323348,29.513209818717993]},"properties":{"substrate":"Mud","lease_number":null,"poll_year":2025}},{"type":"Feature","id":"791c9723-cbe9-4977-b5be-2ee55ec87321","geometry":{"type":"Point","coordinates":[-94.82850210394473,29.50837334083462]},"properties":{"substrate":"Mud","lease_number":null,"poll_year":2025}},{"type":"Feature","id":"792f8eb7-ab0a-42d0-84a4-aa26c7e820ae","geometry":{"type":"Point","coordinates":[-94.83035228308705,29.510715524383336]},"properties":{"substrate":"Mud","lease_number":null,"poll_year":2025}},{"type":"Feature","id":"79410091-7b62-4290-bd2f-39311fcebe70","geometry":{"type":"Point","coordinates":[-94.81243902382052,29.507411888039353]},"properties":{"substrate":"Solid Reef","lease_number":null,"poll_year":2025}},{"type":"Feature","id":"7941dc8c-ca6d-40ef-bb2f-1b0cd96e4ef2","geometry":{"type":"Point","coordinates":[-94.82316370457042,29.510873044097742]},"properties":{"substrate":"Mud","lease_number":null,"poll_year":2025}},{"type":"Feature","id":"794a735e-e4d6-4d5b-bfb9-9736c1e5cbad","geometry":{"type":"Point","coordinates":[-94.83240162681273,29.509293733131045]},"properties":{"substrate":"Mud","lease_number":null,"poll_year":2025}},{"type":"Feature","id":"79518835-5ec7-44fb-8eab-75c946c618e3","geometry":{"type":"Point","coordinates":[-94.83361281003893,29.50826684467611]},"properties":{"substrate":"Mud","lease_number":null,"poll_year":2025}},{"type":"Feature","id":"79673d8e-2a77-4c20-b3f3-3486d3508515","geometry":{"type":"Point","coordinates":[-94.83059743512473,29.51163382136467]},"properties":{"substrate":"Mud","lease_number":null,"poll_year":2025}},{"type":"Feature","id":"79687be3-d774-41f4-a13e-8ca665696793","geometry":{"type":"Point","coordinates":[-94.82513294642051,29.513403437350643]},"properties":{"substrate":"Mud","lease_number":null,"poll_year":2025}},{"type":"Feature","id":"7976f263-5441-4bbb-b90a-604901ffd7ea","geometry":{"type":"Point","coordinates":[-94.82231675944583,29.511530706641974]},"properties":{"substrate":"Mud","lease_number":null,"poll_year":2025}},{"type":"Feature","id":"79779002-0fd8-4256-9484-d1f6228fd89f","geometry":{"type":"Point","coordinates":[-94.81408476077722,29.514174664719988]},"properties":{"substrate":"Buried Shell","lease_number":null,"poll_year":2025}},{"type":"Feature","id":"79b77349-47d2-432e-ac65-c6a6688ed78c","geometry":{"type":"Point","coordinates":[-94.83038000689336,29.512051838306046]},"properties":{"substrate":"Mud","lease_number":null,"poll_year":2025}},{"type":"Feature","id":"79c1b0ad-4144-4e27-b206-652f62a7a1bc","geometry":{"type":"Point","coordinates":[-94.82271884536699,29.515723645710757]},"properties":{"substrate":"Mud","lease_number":null,"poll_year":2025}},{"type":"Feature","id":"79ceb489-af07-4ab2-ba04-47bf17239d39","geometry":{"type":"Point","coordinates":[-94.83343185520472,29.507843480274698]},"properties":{"substrate":"Mud","lease_number":null,"poll_year":2025}},{"type":"Feature","id":"79f0126f-95e3-4621-b963-83db5c94b865","geometry":{"type":"Point","coordinates":[-94.82694322060128,29.513171683293642]},"properties":{"substrate":"Mud","lease_number":null,"poll_year":2025}},{"type":"Feature","id":"79fb724c-c9e6-4180-85cc-22891810a206","geometry":{"type":"Point","coordinates":[-94.81745782058304,29.514076792623424]},"properties":{"substrate":"Mud","lease_number":null,"poll_year":2025}},{"type":"Feature","id":"7a2684c9-4f8b-4275-b516-535dabaf3603","geometry":{"type":"Point","coordinates":[-94.83238097364601,29.507249958290256]},"properties":{"substrate":"Mud","lease_number":null,"poll_year":2025}},{"type":"Feature","id":"7a2b2aa4-df0d-4430-b931-10c56a1d4269","geometry":{"type":"Point","coordinates":[-94.81883652613502,29.51219834173011]},"properties":{"substrate":"Buried Shell","lease_number":null,"poll_year":2025}},{"type":"Feature","id":"7a302177-377f-40df-a9cc-65ed16a5adc3","geometry":{"type":"Point","coordinates":[-94.82572675528118,29.513678954713775]},"properties":{"substrate":"Mud","lease_number":null,"poll_year":2025}},{"type":"Feature","id":"7a497678-a463-462b-b438-73dd153e172a","geometry":{"type":"Point","coordinates":[-94.81204629205638,29.507327078709306]},"properties":{"substrate":"Solid Reef","lease_number":null,"poll_year":2025}},{"type":"Feature","id":"7a4d85e9-9301-4b08-a622-62df43e38c5d","geometry":{"type":"Point","coordinates":[-94.82077234257171,29.515360009723658]},"properties":{"substrate":"Mud","lease_number":null,"poll_year":2025}},{"type":"Feature","id":"7a67823e-fdc2-4b83-8bed-773af0e48a31","geometry":{"type":"Point","coordinates":[-94.83103062161936,29.509103708314093]},"properties":{"substrate":"Mud","lease_number":null,"poll_year":2025}},{"type":"Feature","id":"7a8c70bc-8654-4ff5-bbf6-9ca1034e6611","geometry":{"type":"Point","coordinates":[-94.82385800257204,29.512153084091523]},"properties":{"substrate":"Mud","lease_number":null,"poll_year":2025}},{"type":"Feature","id":"7aa3a57d-4660-445c-8ef5-d87427ce7fb2","geometry":{"type":"Point","coordinates":[-94.82988654793473,29.514240594673048]},"properties":{"substrate":"Mud","lease_number":null,"poll_year":2025}},{"type":"Feature","id":"7aa96d00-e734-4f27-a346-ffe557b61b74","geometry":{"type":"Point","coordinates":[-94.82577837786731,29.515979783916343]},"properties":{"substrate":"Mud","lease_number":null,"poll_year":2025}},{"type":"Feature","id":"7ab35084-6810-4608-aea4-252866bb246b","geometry":{"type":"Point","coordinates":[-94.82754037658471,29.511609402181765]},"properties":{"substrate":"Mud","lease_number":null,"poll_year":2025}},{"type":"Feature","id":"7abe2c1f-87d2-4049-aba5-0817e15e36f7","geometry":{"type":"Point","coordinates":[-94.83136755542792,29.508703692345307]},"properties":{"substrate":"Mud","lease_number":null,"poll_year":2025}},{"type":"Feature","id":"7acd8837-ecbe-4ed4-b1b0-87b0c443a50b","geometry":{"type":"Point","coordinates":[-94.82737325939914,29.514569677031503]},"properties":{"substrate":"Mud","lease_number":null,"poll_year":2025}},{"type":"Feature","id":"7ad16003-0c0a-4a6e-9886-a81dda9a7fe4","geometry":{"type":"Point","coordinates":[-94.8280238597521,29.509626635711896]},"properties":{"substrate":"Mud","lease_number":null,"poll_year":2025}},{"type":"Feature","id":"7ad6b0e0-a73d-48dc-b914-d9d10e54ffd1","geometry":{"type":"Point","coordinates":[-94.81410455335788,29.505772479361294]},"properties":{"substrate":"Mud","lease_number":null,"poll_year":2025}},{"type":"Feature","id":"7aeab1cd-c72d-4959-a385-b9adf3a46fc7","geometry":{"type":"Point","coordinates":[-94.8280044992611,29.514289890646836]},"properties":{"substrate":"Mud","lease_number":null,"poll_year":2025}},{"type":"Feature","id":"7aebb673-dba6-46c9-9cc2-b9886cfde98b","geometry":{"type":"Point","coordinates":[-94.82038000965957,29.514184499063635]},"properties":{"substrate":"Mud","lease_number":null,"poll_year":2025}},{"type":"Feature","id":"7aeedaf7-13b4-466f-a4e5-5128b6a53149","geometry":{"type":"Point","coordinates":[-94.82874162803714,29.508259173752393]},"properties":{"substrate":"Mud","lease_number":null,"poll_year":2025}},{"type":"Feature","id":"7af2fc2d-f75f-4a38-ab75-7bf87be0fcb6","geometry":{"type":"Point","coordinates":[-94.82699991687213,29.515762653368295]},"properties":{"substrate":"Mud","lease_number":null,"poll_year":2025}},{"type":"Feature","id":"7af41b6a-fe62-4e1d-b549-76947236022b","geometry":{"type":"Point","coordinates":[-94.82114955863423,29.513671957285474]},"properties":{"substrate":"Mud","lease_number":null,"poll_year":2025}},{"type":"Feature","id":"7af72504-d292-41cc-9f85-c6ec1f64328c","geometry":{"type":"Point","coordinates":[-94.8134824152264,29.506037715621357]},"properties":{"substrate":"Mud","lease_number":null,"poll_year":2025}},{"type":"Feature","id":"7aff6ef4-632c-41a8-a953-3fd2ea1d224e","geometry":{"type":"Point","coordinates":[-94.82687403415473,29.51061497215514]},"properties":{"substrate":"Mud","lease_number":null,"poll_year":2025}},{"type":"Feature","id":"7b390fdc-be19-400c-9647-791433335d88","geometry":{"type":"Point","coordinates":[-94.83210994922986,29.510454496155045]},"properties":{"substrate":"Mud","lease_number":null,"poll_year":2025}},{"type":"Feature","id":"7b63e144-1a5a-4803-bb09-fc70017b2497","geometry":{"type":"Point","coordinates":[-94.83349404108026,29.507051720743863]},"properties":{"substrate":"Mud","lease_number":null,"poll_year":2025}},{"type":"Feature","id":"7b69c3a2-604f-405f-bf33-cdd1812a61a1","geometry":{"type":"Point","coordinates":[-94.82349451905527,29.515798709973247]},"properties":{"substrate":"Buried Shell","lease_number":null,"poll_year":2025}},{"type":"Feature","id":"7b71bb96-839c-4a62-a509-e25a8b307cc3","geometry":{"type":"Point","coordinates":[-94.83166676807936,29.509611257326412]},"properties":{"substrate":"Mud","lease_number":null,"poll_year":2025}},{"type":"Feature","id":"7b7bf01a-273a-4603-a7e9-2f33b7ccae67","geometry":{"type":"Point","coordinates":[-94.82508566988373,29.5108739243706]},"properties":{"substrate":"Mud","lease_number":null,"poll_year":2025}},{"type":"Feature","id":"7bcceef0-1e97-4ea7-b8ea-bcd032c4f638","geometry":{"type":"Point","coordinates":[-94.81907980159205,29.515786954289403]},"properties":{"substrate":"Mud","lease_number":null,"poll_year":2025}},{"type":"Feature","id":"7bf9324f-6f3b-44f6-8011-0ada7ef454e6","geometry":{"type":"Point","coordinates":[-94.82153790661975,29.51078119625995]},"properties":{"substrate":"Mud","lease_number":null,"poll_year":2025}},{"type":"Feature","id":"7c17cee1-3043-4528-9de0-314cffb29a13","geometry":{"type":"Point","coordinates":[-94.83336077061797,29.507099013340635]},"properties":{"substrate":"Mud","lease_number":null,"poll_year":2025}},{"type":"Feature","id":"7c457891-6677-4be2-a211-09ba01c91d84","geometry":{"type":"Point","coordinates":[-94.81738063194395,29.513030267364876]},"properties":{"substrate":"Mud","lease_number":null,"poll_year":2025}},{"type":"Feature","id":"7c65b9d6-c899-4995-9d8e-4ad51b5fcca3","geometry":{"type":"Point","coordinates":[-94.82713817837413,29.514910349941868]},"properties":{"substrate":"Mud","lease_number":null,"poll_year":2025}},{"type":"Feature","id":"7ca080c2-c61a-4588-8f33-3a3dfb511401","geometry":{"type":"Point","coordinates":[-94.81912127680873,29.51391336320169]},"properties":{"substrate":"Mud","lease_number":null,"poll_year":2025}},{"type":"Feature","id":"7ccd564a-bf4d-4a0b-86a2-56886b11d32e","geometry":{"type":"Point","coordinates":[-94.81791407042428,29.513364763373044]},"properties":{"substrate":"Mud","lease_number":null,"poll_year":2025}},{"type":"Feature","id":"7cd9ee01-dac7-4b96-8108-045c8ba87341","geometry":{"type":"Point","coordinates":[-94.81929740768986,29.512436390384384]},"properties":{"substrate":"Mud","lease_number":null,"poll_year":2025}},{"type":"Feature","id":"7cf4b71b-0589-4c9a-8191-13756077e688","geometry":{"type":"Point","coordinates":[-94.81366405996673,29.505604424631834]},"properties":{"substrate":"Mud","lease_number":null,"poll_year":2025}},{"type":"Feature","id":"7d0b96ad-2f8b-4ff4-9ce5-f2d59d280df8","geometry":{"type":"Point","coordinates":[-94.82580451255386,29.513124746104207]},"properties":{"substrate":"Mud","lease_number":null,"poll_year":2025}},{"type":"Feature","id":"7d0bd00d-8ccd-41f8-894c-b60369fa6528","geometry":{"type":"Point","coordinates":[-94.81875151676304,29.51549182113842]},"properties":{"substrate":"Mud","lease_number":null,"poll_year":2025}},{"type":"Feature","id":"7d11bc7d-67aa-4e68-922b-d09949921e24","geometry":{"type":"Point","coordinates":[-94.81765064665373,29.512920204271406]},"properties":{"substrate":"Buried Shell","lease_number":null,"poll_year":2025}},{"type":"Feature","id":"7d5b445e-c2bd-40c6-b1ed-6504c5504269","geometry":{"type":"Point","coordinates":[-94.8244615788148,29.513985523839363]},"properties":{"substrate":"Mud","lease_number":null,"poll_year":2025}},{"type":"Feature","id":"7d973c79-bd43-4a0a-b063-65cbfa65ea4b","geometry":{"type":"Point","coordinates":[-94.83164492644157,29.50911575325218]},"properties":{"substrate":"Mud","lease_number":null,"poll_year":2025}},{"type":"Feature","id":"7d995c21-6a9f-43f8-be09-79999be96cdf","geometry":{"type":"Point","coordinates":[-94.81905390585737,29.514932201880956]},"properties":{"substrate":"Mud","lease_number":null,"poll_year":2025}},{"type":"Feature","id":"7d9ca8a7-c465-4765-9705-8bc7f35e30b4","geometry":{"type":"Point","coordinates":[-94.83037676307687,29.507795536791583]},"properties":{"substrate":"Mud","lease_number":null,"poll_year":2025}},{"type":"Feature","id":"7da74a48-dffd-4cbb-aca0-4648d7bde8a4","geometry":{"type":"Point","coordinates":[-94.82856715544604,29.510148070344457]},"properties":{"substrate":"Mud","lease_number":null,"poll_year":2025}},{"type":"Feature","id":"7dc27637-99c6-41e1-acd9-9ef5d0789ffc","geometry":{"type":"Point","coordinates":[-94.83161399115811,29.506747415824798]},"properties":{"substrate":"Mud","lease_number":null,"poll_year":2025}},{"type":"Feature","id":"7de3d456-440b-479e-82e4-f22ab8af3c33","geometry":{"type":"Point","coordinates":[-94.8138624861349,29.506562270934477]},"properties":{"substrate":"Buried Shell","lease_number":null,"poll_year":2025}},{"type":"Feature","id":"7deb860a-ee8a-4575-b6d7-d804ed5a5964","geometry":{"type":"Point","coordinates":[-94.82770877476788,29.513383269753817]},"properties":{"substrate":"Mud","lease_number":null,"poll_year":2025}},{"type":"Feature","id":"7dee2a8f-f07e-4b06-b9f8-5affb35415cd","geometry":{"type":"Point","coordinates":[-94.82239021378828,29.509864798299443]},"properties":{"substrate":"Mud","lease_number":null,"poll_year":2025}},{"type":"Feature","id":"7e02feed-5c47-4fc7-8279-932fef0a8694","geometry":{"type":"Point","coordinates":[-94.82959209904924,29.509715000991005]},"properties":{"substrate":"Mud","lease_number":null,"poll_year":2025}},{"type":"Feature","id":"7e13a6fe-44ff-4bff-a6dc-3a66c10f3564","geometry":{"type":"Point","coordinates":[-94.814447497794,29.5063012421605]},"properties":{"substrate":"Mud","lease_number":null,"poll_year":2025}},{"type":"Feature","id":"7e1aa31c-1be5-495b-8bd8-ed6f95ff5318","geometry":{"type":"Point","coordinates":[-94.82830105469596,29.51499680394936]},"properties":{"substrate":"Mud","lease_number":null,"poll_year":2025}},{"type":"Feature","id":"7e1ba294-e562-4e67-bb18-e48edfa88ea0","geometry":{"type":"Point","coordinates":[-94.82540194872897,29.513564984362176]},"properties":{"substrate":"Mud","lease_number":null,"poll_year":2025}},{"type":"Feature","id":"7e2579fa-587e-4d9b-b4eb-447481fb4851","geometry":{"type":"Point","coordinates":[-94.81779193637657,29.51530814705136]},"properties":{"substrate":"Mud","lease_number":null,"poll_year":2025}},{"type":"Feature","id":"7e25a3d0-d485-4cac-89e0-071bfa3a6aea","geometry":{"type":"Point","coordinates":[-94.8288108504163,29.513954536211834]},"properties":{"substrate":"Mud","lease_number":null,"poll_year":2025}},{"type":"Feature","id":"7e45b088-2d7e-4687-807f-7b5cbac60a61","geometry":{"type":"Point","coordinates":[-94.82412165541298,29.51548139280372]},"properties":{"substrate":"Mud","lease_number":null,"poll_year":2025}},{"type":"Feature","id":"7e521d0f-3425-4f20-92d8-65beeb41cfcd","geometry":{"type":"Point","coordinates":[-94.8213160236429,29.511123089753145]},"properties":{"substrate":"Mud","lease_number":null,"poll_year":2025}},{"type":"Feature","id":"7e8354a0-5477-42c9-8e7d-be911d5ef4fd","geometry":{"type":"Point","coordinates":[-94.8254310218048,29.509909074267025]},"properties":{"substrate":"Mud","lease_number":null,"poll_year":2025}},{"type":"Feature","id":"7e9322db-38d3-4c4b-9f86-3943f6974545","geometry":{"type":"Point","coordinates":[-94.82258671217184,29.51006459936202]},"properties":{"substrate":"Mud","lease_number":null,"poll_year":2025}},{"type":"Feature","id":"7ea74648-58f7-47ac-a2d0-1a35326fd883","geometry":{"type":"Point","coordinates":[-94.82311778359141,29.513215947652068]},"properties":{"substrate":"Mud","lease_number":null,"poll_year":2025}},{"type":"Feature","id":"7eada93f-c08b-44bd-9ca9-8410f33e87b2","geometry":{"type":"Point","coordinates":[-94.81555416742681,29.51352177473638]},"properties":{"substrate":"Buried Shell","lease_number":null,"poll_year":2025}},{"type":"Feature","id":"7eb62304-a720-43c4-8c2a-6d0e610a3eb0","geometry":{"type":"Point","coordinates":[-94.82605582433942,29.51147645762365]},"properties":{"substrate":"Mud","lease_number":null,"poll_year":2025}},{"type":"Feature","id":"7ec1fb00-6c93-47a0-9187-5388c970ce1e","geometry":{"type":"Point","coordinates":[-94.81944653341691,29.511396222683587]},"properties":{"substrate":"Buried Shell","lease_number":null,"poll_year":2025}},{"type":"Feature","id":"7ecbb8e6-99e5-4d81-9ea9-f4aa91c15677","geometry":{"type":"Point","coordinates":[-94.82637155072076,29.509518976019187]},"properties":{"substrate":"Mud","lease_number":null,"poll_year":2025}},{"type":"Feature","id":"7ef1f685-d120-4b9d-b290-e1efa6bca9b6","geometry":{"type":"Point","coordinates":[-94.83299645256629,29.505648185686216]},"properties":{"substrate":"Mud","lease_number":null,"poll_year":2025}},{"type":"Feature","id":"7efd020c-e2c7-4456-905e-757cdbe2694f","geometry":{"type":"Point","coordinates":[-94.83352182507369,29.506232555862116]},"properties":{"substrate":"Mud","lease_number":null,"poll_year":2025}},{"type":"Feature","id":"7f06fe91-2828-432b-ba0a-99ce476164c7","geometry":{"type":"Point","coordinates":[-94.82235180092842,29.51384457731409]},"properties":{"substrate":"Mud","lease_number":null,"poll_year":2025}},{"type":"Feature","id":"7f0856a5-a59d-4392-919a-1717a3421477","geometry":{"type":"Point","coordinates":[-94.82405614487257,29.509967469888092]},"properties":{"substrate":"Mud","lease_number":null,"poll_year":2025}},{"type":"Feature","id":"7f2b0cd6-4ac4-47c6-80e9-1bffe0acdcc1","geometry":{"type":"Point","coordinates":[-94.8225098550111,29.511443382695944]},"properties":{"substrate":"Mud","lease_number":null,"poll_year":2025}},{"type":"Feature","id":"7f36cc12-14e0-47ec-ab01-d49e2c762360","geometry":{"type":"Point","coordinates":[-94.8207585776866,29.514814415707026]},"properties":{"substrate":"Mud","lease_number":null,"poll_year":2025}},{"type":"Feature","id":"7f370898-62f4-47ee-8956-9beca55f6c1e","geometry":{"type":"Point","coordinates":[-94.82843339899519,29.51074046522311]},"properties":{"substrate":"Mud","lease_number":null,"poll_year":2025}},{"type":"Feature","id":"7f5c7c26-7f45-4251-b432-de59ef97752f","geometry":{"type":"Point","coordinates":[-94.82011373104305,29.51148967961768]},"properties":{"substrate":"Buried Shell","lease_number":null,"poll_year":2025}},{"type":"Feature","id":"7f619468-11eb-4f8f-a25a-2109243a8a13","geometry":{"type":"Point","coordinates":[-94.8242321643626,29.513538577656792]},"properties":{"substrate":"Mud","lease_number":null,"poll_year":2025}},{"type":"Feature","id":"7f75781d-70ab-4d1f-ab56-90ed9df95bfc","geometry":{"type":"Point","coordinates":[-94.8233577945707,29.513626583825204]},"properties":{"substrate":"Mud","lease_number":null,"poll_year":2025}},{"type":"Feature","id":"7f7e6299-e305-4419-a611-e8f57ff506b5","geometry":{"type":"Point","coordinates":[-94.83257631859276,29.507962035244397]},"properties":{"substrate":"Mud","lease_number":null,"poll_year":2025}},{"type":"Feature","id":"7f9baf36-ac2e-400e-8c4c-f79fe117e2a5","geometry":{"type":"Point","coordinates":[-94.8161811672406,29.512824497204324]},"properties":{"substrate":"Buried Shell","lease_number":null,"poll_year":2025}},{"type":"Feature","id":"7fa82c47-d021-4816-86f1-0eafd4afec72","geometry":{"type":"Point","coordinates":[-94.82786623506412,29.512777531710746]},"properties":{"substrate":"Mud","lease_number":null,"poll_year":2025}},{"type":"Feature","id":"7fbdc849-5733-4597-881d-38101a92fd29","geometry":{"type":"Point","coordinates":[-94.81945021022136,29.511183279612034]},"properties":{"substrate":"Buried Shell","lease_number":null,"poll_year":2025}},{"type":"Feature","id":"7ff6300b-6c71-4c18-8d60-7497d905e7ed","geometry":{"type":"Point","coordinates":[-94.82478643477438,29.510685584110014]},"properties":{"substrate":"Mud","lease_number":null,"poll_year":2025}},{"type":"Feature","id":"800767a4-e75d-4c0d-b825-e4acd1686321","geometry":{"type":"Point","coordinates":[-94.83119567088313,29.511725262693677]},"properties":{"substrate":"Mud","lease_number":null,"poll_year":2025}},{"type":"Feature","id":"801bbdca-eeb3-44b1-8273-d3c6411116d7","geometry":{"type":"Point","coordinates":[-94.82182433175315,29.515480679862105]},"properties":{"substrate":"Mud","lease_number":null,"poll_year":2025}},{"type":"Feature","id":"802261cb-dc49-4ab3-abd7-8b2aefbf1ede","geometry":{"type":"Point","coordinates":[-94.8305391353611,29.512009506733772]},"properties":{"substrate":"Mud","lease_number":null,"poll_year":2025}},{"type":"Feature","id":"8032458e-921c-4baf-8705-28ecfcaf6c5d","geometry":{"type":"Point","coordinates":[-94.8230518445546,29.51225261928665]},"properties":{"substrate":"Mud","lease_number":null,"poll_year":2025}},{"type":"Feature","id":"8035de67-9d71-4ec8-ac3f-b0cfd15765ee","geometry":{"type":"Point","coordinates":[-94.81234581372831,29.50563177236126]},"properties":{"substrate":"Buried Shell","lease_number":null,"poll_year":2025}},{"type":"Feature","id":"805d0fc1-6c03-47f8-bc99-3d565cb4f68c","geometry":{"type":"Point","coordinates":[-94.82268030314972,29.51506286000832]},"properties":{"substrate":"Mud","lease_number":null,"poll_year":2025}},{"type":"Feature","id":"805da5c6-00c5-41ab-8ddb-a48b0719da9f","geometry":{"type":"Point","coordinates":[-94.83067927344375,29.511050013187393]},"properties":{"substrate":"Mud","lease_number":null,"poll_year":2025}},{"type":"Feature","id":"8078a6a2-d7c0-457a-913d-d589773caad0","geometry":{"type":"Point","coordinates":[-94.8135746210021,29.51467532931494]},"properties":{"substrate":"Mud","lease_number":null,"poll_year":2025}},{"type":"Feature","id":"807c692b-d742-484c-8ccd-53dcc8d1bf9e","geometry":{"type":"Point","coordinates":[-94.82942364517054,29.508203582991985]},"properties":{"substrate":"Buried Shell","lease_number":null,"poll_year":2025}},{"type":"Feature","id":"808b9c83-731f-4f55-b222-4beb39a7fe98","geometry":{"type":"Point","coordinates":[-94.8195228578767,29.51241968969135]},"properties":{"substrate":"Buried Shell","lease_number":null,"poll_year":2025}},{"type":"Feature","id":"80a82a7b-202d-46ae-b1a8-9a2956e342de","geometry":{"type":"Point","coordinates":[-94.8275667133922,29.51056537888164]},"properties":{"substrate":"Mud","lease_number":null,"poll_year":2025}},{"type":"Feature","id":"80c12753-d7fb-4eaf-a8e7-8f7b3b5180c4","geometry":{"type":"Point","coordinates":[-94.82707324455212,29.511578229330393]},"properties":{"substrate":"Mud","lease_number":null,"poll_year":2025}},{"type":"Feature","id":"80ddf83d-bf80-4041-bb94-8e88211146aa","geometry":{"type":"Point","coordinates":[-94.81279359964294,29.505449259354556]},"properties":{"substrate":"Buried Shell","lease_number":null,"poll_year":2025}},{"type":"Feature","id":"80ff4ea3-e7dd-4be3-a4e7-46a08b8465d2","geometry":{"type":"Point","coordinates":[-94.83298122342728,29.5074972203199]},"properties":{"substrate":"Mud","lease_number":null,"poll_year":2025}},{"type":"Feature","id":"811183db-a6cc-45c4-ba1d-cd242a7f3922","geometry":{"type":"Point","coordinates":[-94.82323196036234,29.512418259856066]},"properties":{"substrate":"Mud","lease_number":null,"poll_year":2025}},{"type":"Feature","id":"8114c695-0fea-4877-964f-8e23a020a4d5","geometry":{"type":"Point","coordinates":[-94.81646785827533,29.516051563941705]},"properties":{"substrate":"Mud","lease_number":null,"poll_year":2025}},{"type":"Feature","id":"812a0ffd-f70f-48c3-9989-6085deca9073","geometry":{"type":"Point","coordinates":[-94.82288960162778,29.509662845386117]},"properties":{"substrate":"Mud","lease_number":null,"poll_year":2025}},{"type":"Feature","id":"813113bb-367c-483f-be35-d5dae919421e","geometry":{"type":"Point","coordinates":[-94.8253032795748,29.510249601818376]},"properties":{"substrate":"Mud","lease_number":null,"poll_year":2025}},{"type":"Feature","id":"8165c5d3-7085-4931-bbb3-bdd915e91f22","geometry":{"type":"Point","coordinates":[-94.81270259940635,29.50704715190822]},"properties":{"substrate":"Buried Shell","lease_number":null,"poll_year":2025}},{"type":"Feature","id":"817ea724-14b1-4817-bbdc-3c58168942ea","geometry":{"type":"Point","coordinates":[-94.81391973037806,29.51370964770673]},"properties":{"substrate":"Buried Shell","lease_number":null,"poll_year":2025}},{"type":"Feature","id":"81a33254-ed85-41e2-8672-33bc2c328e0d","geometry":{"type":"Point","coordinates":[-94.83333751143864,29.50601658806123]},"properties":{"substrate":"Mud","lease_number":null,"poll_year":2025}},{"type":"Feature","id":"81b83787-50dc-471c-8476-ec56c0131af1","geometry":{"type":"Point","coordinates":[-94.82723743861976,29.510214988738497]},"properties":{"substrate":"Mud","lease_number":null,"poll_year":2025}},{"type":"Feature","id":"81c08a01-317f-4c37-b740-9b8c155eb1ec","geometry":{"type":"Point","coordinates":[-94.81862711087598,29.51564786923385]},"properties":{"substrate":"Mud","lease_number":null,"poll_year":2025}},{"type":"Feature","id":"81ee7dac-94f8-4c56-8bf5-d4f609ee50a6","geometry":{"type":"Point","coordinates":[-94.81626349424313,29.513248258229268]},"properties":{"substrate":"Mud","lease_number":null,"poll_year":2025}},{"type":"Feature","id":"82024d4c-8ab0-4f15-93cc-7e8f62a9f290","geometry":{"type":"Point","coordinates":[-94.82181389602451,29.51591336964133]},"properties":{"substrate":"Mud","lease_number":null,"poll_year":2025}},{"type":"Feature","id":"8206ab85-c45e-43d9-b9cd-509681578f21","geometry":{"type":"Point","coordinates":[-94.8260645146415,29.51250555481779]},"properties":{"substrate":"Mud","lease_number":null,"poll_year":2025}},{"type":"Feature","id":"8221a2d2-26ae-440e-a5f1-da379482b922","geometry":{"type":"Point","coordinates":[-94.82303344076938,29.509599819108285]},"properties":{"substrate":"Mud","lease_number":null,"poll_year":2025}},{"type":"Feature","id":"822319bf-0793-4eac-936e-1cb514226292","geometry":{"type":"Point","coordinates":[-94.82820907978726,29.512362766754137]},"properties":{"substrate":"Mud","lease_number":null,"poll_year":2025}},{"type":"Feature","id":"824a1ebe-9ec6-41da-ac81-257b6e97f5ce","geometry":{"type":"Point","coordinates":[-94.81546674787494,29.514926093376005]},"properties":{"substrate":"Mud","lease_number":null,"poll_year":2025}},{"type":"Feature","id":"82533dc9-fa47-4eed-ad13-80abf5762fdd","geometry":{"type":"Point","coordinates":[-94.82668172641196,29.510196986023413]},"properties":{"substrate":"Mud","lease_number":null,"poll_year":2025}},{"type":"Feature","id":"82870911-2e9a-42ad-a5c8-7d63c4d2ba1d","geometry":{"type":"Point","coordinates":[-94.81368999432898,29.506635798712722]},"properties":{"substrate":"Buried Shell","lease_number":null,"poll_year":2025}},{"type":"Feature","id":"8288f2ce-264b-4d8b-bcd4-6d2cb9ee1582","geometry":{"type":"Point","coordinates":[-94.81995276282561,29.513203082362367]},"properties":{"substrate":"Mud","lease_number":null,"poll_year":2025}},{"type":"Feature","id":"828ba936-56f8-4a72-8864-6fa95285a23f","geometry":{"type":"Point","coordinates":[-94.82390338635852,29.51339859206202]},"properties":{"substrate":"Mud","lease_number":null,"poll_year":2025}},{"type":"Feature","id":"828e7456-642e-4401-99ef-c55121504e82","geometry":{"type":"Point","coordinates":[-94.82643205405179,29.510799790671346]},"properties":{"substrate":"Mud","lease_number":null,"poll_year":2025}},{"type":"Feature","id":"829f5461-e69c-4225-9ce1-ae4de9a1ffa0","geometry":{"type":"Point","coordinates":[-94.82923396859323,29.511166152648848]},"properties":{"substrate":"Mud","lease_number":null,"poll_year":2025}},{"type":"Feature","id":"82aeb2da-7344-4dbf-8511-31383827ee1c","geometry":{"type":"Point","coordinates":[-94.8123777102091,29.506717267200344]},"properties":{"substrate":"Buried Shell","lease_number":null,"poll_year":2025}},{"type":"Feature","id":"82b96e77-038f-4290-bb0f-47b87fa59019","geometry":{"type":"Point","coordinates":[-94.83358990030425,29.50813955120418]},"properties":{"substrate":"Mud","lease_number":null,"poll_year":2025}},{"type":"Feature","id":"82bdbb0d-d3cc-4e75-835d-1cb2d3af9bf3","geometry":{"type":"Point","coordinates":[-94.83030417471034,29.509159651946224]},"properties":{"substrate":"Mud","lease_number":null,"poll_year":2025}},{"type":"Feature","id":"82d3f815-f160-43a9-8929-78d4349f6a8d","geometry":{"type":"Point","coordinates":[-94.8290955948018,29.509438540173473]},"properties":{"substrate":"Mud","lease_number":null,"poll_year":2025}},{"type":"Feature","id":"82dc4fd0-b1ab-443e-9f4d-c729148ffb9f","geometry":{"type":"Point","coordinates":[-94.82704656458819,29.512052623193853]},"properties":{"substrate":"Mud","lease_number":null,"poll_year":2025}},{"type":"Feature","id":"82f88283-72fb-4e34-b4e9-2fedfec6a565","geometry":{"type":"Point","coordinates":[-94.82746464591132,29.51400612205807]},"properties":{"substrate":"Mud","lease_number":null,"poll_year":2025}},{"type":"Feature","id":"82fc5192-5b4a-414d-b9c5-14bb3dbfdb3d","geometry":{"type":"Point","coordinates":[-94.83175337555424,29.51145788991656]},"properties":{"substrate":"Mud","lease_number":null,"poll_year":2025}},{"type":"Feature","id":"8319e65d-0ab0-44db-b019-4faec093dac2","geometry":{"type":"Point","coordinates":[-94.83187054102011,29.506929678660583]},"properties":{"substrate":"Mud","lease_number":null,"poll_year":2025}},{"type":"Feature","id":"832354d3-df7a-482d-b943-b6829481eb0f","geometry":{"type":"Point","coordinates":[-94.81672578076306,29.51491741920456]},"properties":{"substrate":"Mud","lease_number":null,"poll_year":2025}},{"type":"Feature","id":"837e46e1-c260-41bd-b4d5-0294f959f0cd","geometry":{"type":"Point","coordinates":[-94.82169168292504,29.514133731794995]},"properties":{"substrate":"Mud","lease_number":null,"poll_year":2025}},{"type":"Feature","id":"83866fcc-1220-4b6c-8508-001b488b64b2","geometry":{"type":"Point","coordinates":[-94.82181232756601,29.510664644363263]},"properties":{"substrate":"Mud","lease_number":null,"poll_year":2025}},{"type":"Feature","id":"83893c63-f135-49ef-a682-4bbfb210573b","geometry":{"type":"Point","coordinates":[-94.81557615279507,29.514879331327986]},"properties":{"substrate":"Mud","lease_number":null,"poll_year":2025}},{"type":"Feature","id":"83895bd9-22d8-4c5d-98d6-27c17ff83adf","geometry":{"type":"Point","coordinates":[-94.81445478492759,29.513239304047005]},"properties":{"substrate":"Solid Reef","lease_number":null,"poll_year":2025}},{"type":"Feature","id":"83a2b188-cf5b-40f6-9d66-efc30269ab33","geometry":{"type":"Point","coordinates":[-94.82943958577523,29.51211687530815]},"properties":{"substrate":"Mud","lease_number":null,"poll_year":2025}},{"type":"Feature","id":"83b445e4-c9a4-4eb7-a787-4cbfff17fab0","geometry":{"type":"Point","coordinates":[-94.82713891768762,29.515698465325247]},"properties":{"substrate":"Mud","lease_number":null,"poll_year":2025}},{"type":"Feature","id":"83bcfcb7-eed8-42dc-882d-739fb368b0df","geometry":{"type":"Point","coordinates":[-94.82018872779285,29.511612765331222]},"properties":{"substrate":"Buried Shell","lease_number":null,"poll_year":2025}},{"type":"Feature","id":"83bfb2ca-9f15-499e-8c6f-c512559fded4","geometry":{"type":"Point","coordinates":[-94.83040236057089,29.510423315912043]},"properties":{"substrate":"Mud","lease_number":null,"poll_year":2025}},{"type":"Feature","id":"84023442-4617-4157-896c-e58acfb2873c","geometry":{"type":"Point","coordinates":[-94.82707246840774,29.509750538304058]},"properties":{"substrate":"Mud","lease_number":null,"poll_year":2025}},{"type":"Feature","id":"8406dd36-4cff-4751-8686-f1ad1fd764eb","geometry":{"type":"Point","coordinates":[-94.82683130219498,29.514276659637634]},"properties":{"substrate":"Mud","lease_number":null,"poll_year":2025}},{"type":"Feature","id":"8409e148-5295-407c-b852-5c71d33b2a9e","geometry":{"type":"Point","coordinates":[-94.81932768720313,29.51193762924853]},"properties":{"substrate":"Mud","lease_number":null,"poll_year":2025}},{"type":"Feature","id":"848321d4-9fbb-44d0-b03d-5cff74fd07cf","geometry":{"type":"Point","coordinates":[-94.8266985617387,29.515381907687928]},"properties":{"substrate":"Mud","lease_number":null,"poll_year":2025}},{"type":"Feature","id":"84ba9dc0-be76-4af0-a9a3-4b228f2f1447","geometry":{"type":"Point","coordinates":[-94.81323965270737,29.505763992821535]},"properties":{"substrate":"Mud","lease_number":null,"poll_year":2025}},{"type":"Feature","id":"84d2c30a-bd3d-4299-a5aa-0e8f36c632c1","geometry":{"type":"Point","coordinates":[-94.82346665241684,29.509438902138015]},"properties":{"substrate":"Mud","lease_number":null,"poll_year":2025}},{"type":"Feature","id":"84df5d83-4a8c-4daf-881b-a543c5bf26e3","geometry":{"type":"Point","coordinates":[-94.8306529752638,29.51058589961911]},"properties":{"substrate":"Mud","lease_number":null,"poll_year":2025}},{"type":"Feature","id":"84df72ad-1bd5-46d3-8aa3-7bb939de008a","geometry":{"type":"Point","coordinates":[-94.8210279698639,29.510746035340524]},"properties":{"substrate":"Mud","lease_number":null,"poll_year":2025}},{"type":"Feature","id":"84f68775-0f54-4f48-af33-7b6ef6053e27","geometry":{"type":"Point","coordinates":[-94.82126606204174,29.512000471138716]},"properties":{"substrate":"Mud","lease_number":null,"poll_year":2025}},{"type":"Feature","id":"84fd4935-5d24-49f5-96a0-b5dffab6d489","geometry":{"type":"Point","coordinates":[-94.81890365903283,29.514360948758537]},"properties":{"substrate":"Mud","lease_number":null,"poll_year":2025}},{"type":"Feature","id":"850e4a0e-459f-4507-ba0d-b20c8a069877","geometry":{"type":"Point","coordinates":[-94.81536853865818,29.513928179639816]},"properties":{"substrate":"Buried Shell","lease_number":null,"poll_year":2025}},{"type":"Feature","id":"85228009-07f3-4280-a7a7-57f6c9818722","geometry":{"type":"Point","coordinates":[-94.81399418724037,29.516082027950066]},"properties":{"substrate":"Solid Reef","lease_number":null,"poll_year":2025}},{"type":"Feature","id":"852cb9d7-d3eb-4dce-ab38-f0b6492463a3","geometry":{"type":"Point","coordinates":[-94.8256465168617,29.511650274368293]},"properties":{"substrate":"Mud","lease_number":null,"poll_year":2025}},{"type":"Feature","id":"852dbf78-089b-4b7f-8d0b-9c718b9300b2","geometry":{"type":"Point","coordinates":[-94.82907136993354,29.50812374964382]},"properties":{"substrate":"Mud","lease_number":null,"poll_year":2025}},{"type":"Feature","id":"8546e53f-25b7-488b-b0f6-a3452dab588d","geometry":{"type":"Point","coordinates":[-94.82822126363746,29.5118367076789]},"properties":{"substrate":"Mud","lease_number":null,"poll_year":2025}},{"type":"Feature","id":"854782b6-1cf9-4a11-9201-33c294feac36","geometry":{"type":"Point","coordinates":[-94.82823956860801,29.516093227008145]},"properties":{"substrate":"Mud","lease_number":null,"poll_year":2025}},{"type":"Feature","id":"85486932-f276-49b4-8d2a-cfc06c9f8bef","geometry":{"type":"Point","coordinates":[-94.82251184657608,29.512477713310997]},"properties":{"substrate":"Mud","lease_number":null,"poll_year":2025}},{"type":"Feature","id":"8568436a-3092-4868-a019-bb1050810b26","geometry":{"type":"Point","coordinates":[-94.81666234712759,29.514708517320628]},"properties":{"substrate":"Mud","lease_number":null,"poll_year":2025}},{"type":"Feature","id":"8583901d-097e-449f-b86d-1c511232533f","geometry":{"type":"Point","coordinates":[-94.82714112844153,29.514662408707213]},"properties":{"substrate":"Mud","lease_number":null,"poll_year":2025}},{"type":"Feature","id":"85899cd0-9a17-4abb-871f-f4a5f3950a7e","geometry":{"type":"Point","coordinates":[-94.82657231700024,29.510986625814184]},"properties":{"substrate":"Mud","lease_number":null,"poll_year":2025}},{"type":"Feature","id":"8590717e-797b-40d9-ac0a-e09b71f27ca2","geometry":{"type":"Point","coordinates":[-94.83223683626375,29.507551142334766]},"properties":{"substrate":"Mud","lease_number":null,"poll_year":2025}},{"type":"Feature","id":"85a22123-6502-4e99-97c6-523de6fe8ae8","geometry":{"type":"Point","coordinates":[-94.81634930760728,29.512769553899027]},"properties":{"substrate":"Buried Shell","lease_number":null,"poll_year":2025}},{"type":"Feature","id":"85a5b338-4a89-49a1-bc19-10f8b4029af4","geometry":{"type":"Point","coordinates":[-94.83111493120371,29.50881148033616]},"properties":{"substrate":"Mud","lease_number":null,"poll_year":2025}},{"type":"Feature","id":"85ad01b4-6bc6-4079-b839-a7d5d7d96499","geometry":{"type":"Point","coordinates":[-94.8330685270965,29.50851139688991]},"properties":{"substrate":"Mud","lease_number":null,"poll_year":2025}},{"type":"Feature","id":"85af6a32-bd78-4ed5-81d7-07fbaa42d83a","geometry":{"type":"Point","coordinates":[-94.83271744661884,29.506277300937942]},"properties":{"substrate":"Buried Shell","lease_number":null,"poll_year":2025}},{"type":"Feature","id":"85bfc30b-40b4-4d6e-b361-96d9ac8999e4","geometry":{"type":"Point","coordinates":[-94.8131912766327,29.515365303634333]},"properties":{"substrate":"Solid Reef","lease_number":null,"poll_year":2025}},{"type":"Feature","id":"85c7450c-d1a8-46e5-b42f-352d193b0c54","geometry":{"type":"Point","coordinates":[-94.82205078176493,29.514239639382012]},"properties":{"substrate":"Mud","lease_number":null,"poll_year":2025}},{"type":"Feature","id":"85d2bdcc-6103-40d2-be41-959e75d938ac","geometry":{"type":"Point","coordinates":[-94.82029719577017,29.512510271159194]},"properties":{"substrate":"Mud","lease_number":null,"poll_year":2025}},{"type":"Feature","id":"8607066a-fc9c-4c9d-89ac-0431e2a8cbc8","geometry":{"type":"Point","coordinates":[-94.8176815136652,29.513460830315942]},"properties":{"substrate":"Mud","lease_number":null,"poll_year":2025}},{"type":"Feature","id":"860e3aa6-e735-405e-904c-7a983ef5bdb5","geometry":{"type":"Point","coordinates":[-94.8243005540035,29.511492661269767]},"properties":{"substrate":"Mud","lease_number":null,"poll_year":2025}},{"type":"Feature","id":"8621b57f-902c-4916-819c-710deafac937","geometry":{"type":"Point","coordinates":[-94.82954419818333,29.512914555316474]},"properties":{"substrate":"Mud","lease_number":null,"poll_year":2025}},{"type":"Feature","id":"86251ccf-88c6-48f7-b708-4aa8ff28e4de","geometry":{"type":"Point","coordinates":[-94.81312927491179,29.50529084697028]},"properties":{"substrate":"Buried Shell","lease_number":null,"poll_year":2025}},{"type":"Feature","id":"86369355-c7bd-401a-9805-51a89344245e","geometry":{"type":"Point","coordinates":[-94.8255152325745,29.510385442895608]},"properties":{"substrate":"Mud","lease_number":null,"poll_year":2025}},{"type":"Feature","id":"8644ca4e-2a25-450a-ab26-fa28ae48a74c","geometry":{"type":"Point","coordinates":[-94.82606944100252,29.514828647272243]},"properties":{"substrate":"Mud","lease_number":null,"poll_year":2025}},{"type":"Feature","id":"86598c9c-d761-4afd-8c5b-ad40a3a5d002","geometry":{"type":"Point","coordinates":[-94.81519934456767,29.514215084804334]},"properties":{"substrate":"Mud","lease_number":null,"poll_year":2025}},{"type":"Feature","id":"867a5156-431a-4428-b58a-bec6d0e14a02","geometry":{"type":"Point","coordinates":[-94.81227575232268,29.51415746712423]},"properties":{"substrate":"Mud","lease_number":null,"poll_year":2025}},{"type":"Feature","id":"867b429c-7a63-4abf-bbe5-4c55ed02fd30","geometry":{"type":"Point","coordinates":[-94.81968592276203,29.512820220223766]},"properties":{"substrate":"Buried Shell","lease_number":null,"poll_year":2025}},{"type":"Feature","id":"867c23a5-af57-4ec5-8be7-785245a11657","geometry":{"type":"Point","coordinates":[-94.83379893557591,29.506110916203617]},"properties":{"substrate":"Mud","lease_number":null,"poll_year":2025}},{"type":"Feature","id":"869ffd1e-1f4a-4ae8-9d97-81aad62f379b","geometry":{"type":"Point","coordinates":[-94.8330201564117,29.50956372667853]},"properties":{"substrate":"Mud","lease_number":null,"poll_year":2025}},{"type":"Feature","id":"86b20c67-0efe-47c6-a376-7c791ba9c579","geometry":{"type":"Point","coordinates":[-94.82058592059066,29.5112243802466]},"properties":{"substrate":"Mud","lease_number":null,"poll_year":2025}},{"type":"Feature","id":"86bcda67-f8a3-4249-88b5-cb610fc6a21c","geometry":{"type":"Point","coordinates":[-94.81939821842768,29.51196184665782]},"properties":{"substrate":"Mud","lease_number":null,"poll_year":2025}},{"type":"Feature","id":"86bcede7-6c7c-4d46-ac59-655fa903e53f","geometry":{"type":"Point","coordinates":[-94.82687654943751,29.51085829131758]},"properties":{"substrate":"Mud","lease_number":null,"poll_year":2025}},{"type":"Feature","id":"86c48ff1-cd9f-49b8-8d8e-d2e457e455cd","geometry":{"type":"Point","coordinates":[-94.82986717127406,29.506967405991503]},"properties":{"substrate":"Solid Reef","lease_number":null,"poll_year":2025}},{"type":"Feature","id":"86c5cebb-db50-4ac0-b9b9-91d117693791","geometry":{"type":"Point","coordinates":[-94.81332513459319,29.506285490348713]},"properties":{"substrate":"Buried Shell","lease_number":null,"poll_year":2025}},{"type":"Feature","id":"86db7c3f-2e6f-4920-8bd9-6221d7b686fa","geometry":{"type":"Point","coordinates":[-94.8296344618014,29.508415458153788]},"properties":{"substrate":"Mud","lease_number":null,"poll_year":2025}},{"type":"Feature","id":"86e63c52-bc04-4054-a4f3-f2921c5336ad","geometry":{"type":"Point","coordinates":[-94.82419560113391,29.510944436078418]},"properties":{"substrate":"Mud","lease_number":null,"poll_year":2025}},{"type":"Feature","id":"87106fe9-1c80-4a5a-8806-8c794d777242","geometry":{"type":"Point","coordinates":[-94.8202232599307,29.51425286570557]},"properties":{"substrate":"Mud","lease_number":null,"poll_year":2025}},{"type":"Feature","id":"871bb297-316a-4b71-a753-848dd21394d1","geometry":{"type":"Point","coordinates":[-94.81264864838701,29.514524985652475]},"properties":{"substrate":"Mud","lease_number":null,"poll_year":2025}},{"type":"Feature","id":"874d3af5-2bce-4b93-8e70-380323e5366b","geometry":{"type":"Point","coordinates":[-94.83072058067545,29.508179652382516]},"properties":{"substrate":"Mud","lease_number":null,"poll_year":2025}},{"type":"Feature","id":"874dbc8a-2a4e-4fc6-b923-4a821e2f0a5f","geometry":{"type":"Point","coordinates":[-94.81883878899123,29.511675176671247]},"properties":{"substrate":"Buried Shell","lease_number":null,"poll_year":2025}},{"type":"Feature","id":"87511660-e54a-4e26-a37a-81fb90f86346","geometry":{"type":"Point","coordinates":[-94.83011217778466,29.508434973165002]},"properties":{"substrate":"Mud","lease_number":null,"poll_year":2025}},{"type":"Feature","id":"8756b854-873a-4dd2-8c94-016f7b484393","geometry":{"type":"Point","coordinates":[-94.82359852779548,29.514864517374296]},"properties":{"substrate":"Mud","lease_number":null,"poll_year":2025}},{"type":"Feature","id":"875ac8ea-b443-4ac0-8181-8f42d27298fa","geometry":{"type":"Point","coordinates":[-94.82772272470592,29.50891688689524]},"properties":{"substrate":"Mud","lease_number":null,"poll_year":2025}},{"type":"Feature","id":"87727750-9909-42c2-b332-d49e79481020","geometry":{"type":"Point","coordinates":[-94.82380142308219,29.515075116869927]},"properties":{"substrate":"Mud","lease_number":null,"poll_year":2025}},{"type":"Feature","id":"877586ba-22d3-4b5c-b67d-51ecddb5f994","geometry":{"type":"Point","coordinates":[-94.82955354515387,29.51399656130807]},"properties":{"substrate":"Mud","lease_number":null,"poll_year":2025}},{"type":"Feature","id":"877dfaf2-01b2-46db-ad33-f2e464f0618c","geometry":{"type":"Point","coordinates":[-94.82571761492316,29.5144421358558]},"properties":{"substrate":"Mud","lease_number":null,"poll_year":2025}},{"type":"Feature","id":"878661cb-5e52-48ae-b3f0-41e9ae41aaa9","geometry":{"type":"Point","coordinates":[-94.82005426975776,29.514683689247523]},"properties":{"substrate":"Mud","lease_number":null,"poll_year":2025}},{"type":"Feature","id":"8792299c-bebe-4dc0-a132-07ca71b66e39","geometry":{"type":"Point","coordinates":[-94.8239968605554,29.51183694220763]},"properties":{"substrate":"Mud","lease_number":null,"poll_year":2025}},{"type":"Feature","id":"879cb123-a64c-4309-b775-af942fe8d8db","geometry":{"type":"Point","coordinates":[-94.82554077976286,29.512218353211118]},"properties":{"substrate":"Mud","lease_number":null,"poll_year":2025}},{"type":"Feature","id":"879d6198-b575-49c9-b1b1-97ee517d6669","geometry":{"type":"Point","coordinates":[-94.82759920994762,29.507630742377817]},"properties":{"substrate":"Mud","lease_number":null,"poll_year":2025}},{"type":"Feature","id":"87ade25d-8f34-4c06-a79a-6354967dec6e","geometry":{"type":"Point","coordinates":[-94.8255718147593,29.51243782021935]},"properties":{"substrate":"Mud","lease_number":null,"poll_year":2025}},{"type":"Feature","id":"87bd1c6f-62f3-4a10-be10-14bd20d6b8d6","geometry":{"type":"Point","coordinates":[-94.82733228364577,29.514826014374187]},"properties":{"substrate":"Mud","lease_number":null,"poll_year":2025}},{"type":"Feature","id":"87bfef57-9ffb-4d73-aabd-ec8496db1b35","geometry":{"type":"Point","coordinates":[-94.82142402359793,29.512675221016487]},"properties":{"substrate":"Mud","lease_number":null,"poll_year":2025}},{"type":"Feature","id":"87c2a29d-dacb-4860-901f-d6ac1c5d4d10","geometry":{"type":"Point","coordinates":[-94.82762938076473,29.51133923115718]},"properties":{"substrate":"Mud","lease_number":null,"poll_year":2025}},{"type":"Feature","id":"87cf7282-a2a7-4f43-a0e9-63b427d125fb","geometry":{"type":"Point","coordinates":[-94.81541552144586,29.512839321619406]},"properties":{"substrate":"Solid Reef","lease_number":null,"poll_year":2025}},{"type":"Feature","id":"87d8ff05-599b-4e81-bc0d-48d4c528e766","geometry":{"type":"Point","coordinates":[-94.81398856288838,29.515565593367146]},"properties":{"substrate":"Solid Reef","lease_number":null,"poll_year":2025}},{"type":"Feature","id":"87ddc63f-6f48-4da8-b568-cc49f5001a09","geometry":{"type":"Point","coordinates":[-94.82126076557483,29.512744866848024]},"properties":{"substrate":"Mud","lease_number":null,"poll_year":2025}},{"type":"Feature","id":"87e4fedd-b99c-4c0f-988e-5283d680ef51","geometry":{"type":"Point","coordinates":[-94.82631879356245,29.514711280772357]},"properties":{"substrate":"Mud","lease_number":null,"poll_year":2025}},{"type":"Feature","id":"880cfed6-2ebf-40ea-8ae9-ee322dc0a4be","geometry":{"type":"Point","coordinates":[-94.82063245062744,29.513939732285547]},"properties":{"substrate":"Mud","lease_number":null,"poll_year":2025}},{"type":"Feature","id":"880e2f2b-1880-462c-9bf5-2aeb89fc9f2a","geometry":{"type":"Point","coordinates":[-94.82638420798312,29.51552016837967]},"properties":{"substrate":"Mud","lease_number":null,"poll_year":2025}},{"type":"Feature","id":"88269f41-587e-472b-a683-a2c9abcf31a8","geometry":{"type":"Point","coordinates":[-94.83090860704758,29.51022394475194]},"properties":{"substrate":"Mud","lease_number":null,"poll_year":2025}},{"type":"Feature","id":"882d70f0-dd70-4091-a8e9-8de291ab8d8f","geometry":{"type":"Point","coordinates":[-94.81411900994574,29.516027416303203]},"properties":{"substrate":"Solid Reef","lease_number":null,"poll_year":2025}},{"type":"Feature","id":"883b7162-233f-4602-946c-b5e8ff3e9ec9","geometry":{"type":"Point","coordinates":[-94.82544694264661,29.51592405824787]},"properties":{"substrate":"Mud","lease_number":null,"poll_year":2025}},{"type":"Feature","id":"88521278-ac70-428c-ae3e-9f0c052ca649","geometry":{"type":"Point","coordinates":[-94.82371990725836,29.512202817303933]},"properties":{"substrate":"Mud","lease_number":null,"poll_year":2025}},{"type":"Feature","id":"885be188-c6e9-41bb-be19-d3dce05d02ef","geometry":{"type":"Point","coordinates":[-94.82364956108677,29.514618319309598]},"properties":{"substrate":"Mud","lease_number":null,"poll_year":2025}},{"type":"Feature","id":"8864ab31-a4da-48e4-93a7-99b396a1fa88","geometry":{"type":"Point","coordinates":[-94.82531059455614,29.511527353652724]},"properties":{"substrate":"Mud","lease_number":null,"poll_year":2025}},{"type":"Feature","id":"88e2c744-7ead-40d5-bddf-52ee1343eaf2","geometry":{"type":"Point","coordinates":[-94.81818381833443,29.515176047718274]},"properties":{"substrate":"Mud","lease_number":null,"poll_year":2025}},{"type":"Feature","id":"88e7851c-df9c-4d93-a8e2-67ff86a7e409","geometry":{"type":"Point","coordinates":[-94.82985251166694,29.507785936365334]},"properties":{"substrate":"Mud","lease_number":null,"poll_year":2025}},{"type":"Feature","id":"88f3f6fb-421e-47fa-b39d-f2c9813724e4","geometry":{"type":"Point","coordinates":[-94.82940226975835,29.514533352633148]},"properties":{"substrate":"Mud","lease_number":null,"poll_year":2025}},{"type":"Feature","id":"88fc5d3d-434e-4207-89f6-0125024f34df","geometry":{"type":"Point","coordinates":[-94.82122276773661,29.51422523965903]},"properties":{"substrate":"Mud","lease_number":null,"poll_year":2025}},{"type":"Feature","id":"8907018e-5351-43b7-a4f5-6f86993b3046","geometry":{"type":"Point","coordinates":[-94.82436453830624,29.51118134630102]},"properties":{"substrate":"Mud","lease_number":null,"poll_year":2025}},{"type":"Feature","id":"894cd70b-2035-4123-9092-afad7f791461","geometry":{"type":"Point","coordinates":[-94.82751392479285,29.510867892234188]},"properties":{"substrate":"Mud","lease_number":null,"poll_year":2025}},{"type":"Feature","id":"896f5ffa-3447-4ac3-91c2-16a7aba8bf4c","geometry":{"type":"Point","coordinates":[-94.8247959865608,29.512010975662836]},"properties":{"substrate":"Mud","lease_number":null,"poll_year":2025}},{"type":"Feature","id":"89d23913-5d6d-4e1e-b70d-163c390e8cb4","geometry":{"type":"Point","coordinates":[-94.8209370280178,29.510484636630583]},"properties":{"substrate":"Mud","lease_number":null,"poll_year":2025}},{"type":"Feature","id":"8a112d7b-524b-4a66-81fd-aba7739f9db1","geometry":{"type":"Point","coordinates":[-94.81913403198745,29.512948016731574]},"properties":{"substrate":"Mud","lease_number":null,"poll_year":2025}},{"type":"Feature","id":"8a1ac1d2-cebc-407b-8cfc-4f9e95a5b54a","geometry":{"type":"Point","coordinates":[-94.81737891885669,29.512520340191706]},"properties":{"substrate":"Mud","lease_number":null,"poll_year":2025}},{"type":"Feature","id":"8a1ceff1-4d59-414d-a2b1-1811200cd3e8","geometry":{"type":"Point","coordinates":[-94.82206102884736,29.511342609950916]},"properties":{"substrate":"Mud","lease_number":null,"poll_year":2025}},{"type":"Feature","id":"8a381eb1-c28c-48cd-8bf4-13cfcc0791a0","geometry":{"type":"Point","coordinates":[-94.81987116166184,29.51094465028322]},"properties":{"substrate":"Buried Shell","lease_number":null,"poll_year":2025}},{"type":"Feature","id":"8a3afe0f-a1bd-4f06-84d1-ecd7a91e3609","geometry":{"type":"Point","coordinates":[-94.82770509706509,29.510501547157983]},"properties":{"substrate":"Mud","lease_number":null,"poll_year":2025}},{"type":"Feature","id":"8aa0596b-9e4d-4684-8d7f-d3a4d2600630","geometry":{"type":"Point","coordinates":[-94.82036016856989,29.514599841297393]},"properties":{"substrate":"Mud","lease_number":null,"poll_year":2025}},{"type":"Feature","id":"8aa3b6a4-274c-468f-97cf-bcf892975420","geometry":{"type":"Point","coordinates":[-94.81934877605275,29.51394100027781]},"properties":{"substrate":"Mud","lease_number":null,"poll_year":2025}},{"type":"Feature","id":"8aad4aaf-1400-49f7-8ec0-c3f8369c4bec","geometry":{"type":"Point","coordinates":[-94.81713181837318,29.5147434126355]},"properties":{"substrate":"Mud","lease_number":null,"poll_year":2025}},{"type":"Feature","id":"8ac4e454-fd44-4b1c-ac9c-5ad8b32e4b00","geometry":{"type":"Point","coordinates":[-94.82523869070585,29.509988854610082]},"properties":{"substrate":"Mud","lease_number":null,"poll_year":2025}},{"type":"Feature","id":"8ae19d9f-b631-45b7-a09f-197d1110214c","geometry":{"type":"Point","coordinates":[-94.82690519401699,29.512924590693302]},"properties":{"substrate":"Mud","lease_number":null,"poll_year":2025}},{"type":"Feature","id":"8af8a020-8cc5-49b0-96b2-3eeebb33a09a","geometry":{"type":"Point","coordinates":[-94.82201454013311,29.51379258565867]},"properties":{"substrate":"Mud","lease_number":null,"poll_year":2025}},{"type":"Feature","id":"8b159d95-be1b-40b9-9957-4d5729dff834","geometry":{"type":"Point","coordinates":[-94.8242405034234,29.515602908632957]},"properties":{"substrate":"Mud","lease_number":null,"poll_year":2025}},{"type":"Feature","id":"8b16eca2-d82f-4b43-8266-09f8b0a86cb4","geometry":{"type":"Point","coordinates":[-94.82872509634097,29.51109942407149]},"properties":{"substrate":"Mud","lease_number":null,"poll_year":2025}},{"type":"Feature","id":"8b2672d2-6497-49e7-99bf-d581acfd9f89","geometry":{"type":"Point","coordinates":[-94.81627424528047,29.515659940753924]},"properties":{"substrate":"Mud","lease_number":null,"poll_year":2025}},{"type":"Feature","id":"8b376f3e-3215-4f4d-a943-d0fdf4936f2c","geometry":{"type":"Point","coordinates":[-94.82373368382157,29.510105408066657]},"properties":{"substrate":"Mud","lease_number":null,"poll_year":2025}},{"type":"Feature","id":"8b705adb-94a6-457b-9112-5e650020e44c","geometry":{"type":"Point","coordinates":[-94.83182278657962,29.50771467662576]},"properties":{"substrate":"Mud","lease_number":null,"poll_year":2025}},{"type":"Feature","id":"8b991053-604b-487f-a13d-8a26f867bcc5","geometry":{"type":"Point","coordinates":[-94.82858161293221,29.51352091637556]},"properties":{"substrate":"Mud","lease_number":null,"poll_year":2025}},{"type":"Feature","id":"8b9ade92-368f-4b82-99a2-e6737451685d","geometry":{"type":"Point","coordinates":[-94.82176189524765,29.513042650334857]},"properties":{"substrate":"Mud","lease_number":null,"poll_year":2025}},{"type":"Feature","id":"8bcc8994-f304-4e20-ba75-50662f02f973","geometry":{"type":"Point","coordinates":[-94.83156849418393,29.510440298372878]},"properties":{"substrate":"Mud","lease_number":null,"poll_year":2025}},{"type":"Feature","id":"8be7a7bb-3140-4c1e-8602-a74e46da92f6","geometry":{"type":"Point","coordinates":[-94.82208682397075,29.510541846752677]},"properties":{"substrate":"Mud","lease_number":null,"poll_year":2025}},{"type":"Feature","id":"8bebe3c6-cc0c-4e16-a9b7-062a6db75a10","geometry":{"type":"Point","coordinates":[-94.82528108400075,29.512058096300724]},"properties":{"substrate":"Mud","lease_number":null,"poll_year":2025}},{"type":"Feature","id":"8bf031d3-0d58-4c0b-8cce-ac0b960d1333","geometry":{"type":"Point","coordinates":[-94.83177941232442,29.50853773767306]},"properties":{"substrate":"Mud","lease_number":null,"poll_year":2025}},{"type":"Feature","id":"8bf40f84-5f95-4db2-b67a-f3898001e0b4","geometry":{"type":"Point","coordinates":[-94.82582757859542,29.515478715363855]},"properties":{"substrate":"Mud","lease_number":null,"poll_year":2025}},{"type":"Feature","id":"8c002118-a319-431d-8b01-ab76148d0195","geometry":{"type":"Point","coordinates":[-94.83344950260849,29.505718497763382]},"properties":{"substrate":"Mud","lease_number":null,"poll_year":2025}},{"type":"Feature","id":"8c46e272-0fdf-4ef2-8ca4-1e3e96f4229b","geometry":{"type":"Point","coordinates":[-94.82731420235574,29.50858179062988]},"properties":{"substrate":"Mud","lease_number":null,"poll_year":2025}},{"type":"Feature","id":"8c70426a-6ae7-4167-ac36-d7becca58261","geometry":{"type":"Point","coordinates":[-94.8178413562936,29.51599033180436]},"properties":{"substrate":"Mud","lease_number":null,"poll_year":2025}},{"type":"Feature","id":"8c9947a4-67bd-46bd-b9b9-2812c63c658f","geometry":{"type":"Point","coordinates":[-94.82167965897496,29.515996923354358]},"properties":{"substrate":"Mud","lease_number":null,"poll_year":2025}},{"type":"Feature","id":"8ca8ab4f-22f2-4e9c-9c4a-55068a6458f5","geometry":{"type":"Point","coordinates":[-94.82928283155479,29.509096128922444]},"properties":{"substrate":"Mud","lease_number":null,"poll_year":2025}},{"type":"Feature","id":"8cc78774-c145-46a5-81e9-257c5ffadbc2","geometry":{"type":"Point","coordinates":[-94.81332190335311,29.513725679010754]},"properties":{"substrate":"Buried Shell","lease_number":null,"poll_year":2025}},{"type":"Feature","id":"8ce9e09e-ad89-4d3a-8729-4aba35546abe","geometry":{"type":"Point","coordinates":[-94.83000991716597,29.513259494343284]},"properties":{"substrate":"Mud","lease_number":null,"poll_year":2025}},{"type":"Feature","id":"8ce9f8e4-b414-46c7-8e95-8e15d456738b","geometry":{"type":"Point","coordinates":[-94.82626130767248,29.513466472204694]},"properties":{"substrate":"Mud","lease_number":null,"poll_year":2025}},{"type":"Feature","id":"8cf40d0c-a8e4-4ffd-975d-6ae6d0c08bcd","geometry":{"type":"Point","coordinates":[-94.81791549425401,29.51442087324479]},"properties":{"substrate":"Mud","lease_number":null,"poll_year":2025}},{"type":"Feature","id":"8d197a85-a4e0-4fc3-9304-0586919ef2e7","geometry":{"type":"Point","coordinates":[-94.8270240483156,29.513657415985264]},"properties":{"substrate":"Mud","lease_number":null,"poll_year":2025}},{"type":"Feature","id":"8d378cd1-61bb-4966-a45e-feeadc7079c2","geometry":{"type":"Point","coordinates":[-94.82870248484694,29.510085751094152]},"properties":{"substrate":"Mud","lease_number":null,"poll_year":2025}},{"type":"Feature","id":"8d572b55-cb72-4a50-a801-050d546e7d89","geometry":{"type":"Point","coordinates":[-94.82418492465676,29.513014500183253]},"properties":{"substrate":"Mud","lease_number":null,"poll_year":2025}},{"type":"Feature","id":"8d604bfe-a433-4352-81e1-8d53be85e08c","geometry":{"type":"Point","coordinates":[-94.8172291436477,29.512589929843315]},"properties":{"substrate":"Mud","lease_number":null,"poll_year":2025}},{"type":"Feature","id":"8de226f0-b707-48f7-87c9-c47a9641d730","geometry":{"type":"Point","coordinates":[-94.82757249584769,29.510338047858152]},"properties":{"substrate":"Mud","lease_number":null,"poll_year":2025}},{"type":"Feature","id":"8dfc0687-eedd-4c7f-a74d-5fdf3f1027f8","geometry":{"type":"Point","coordinates":[-94.82059864792161,29.515390669373915]},"properties":{"substrate":"Mud","lease_number":null,"poll_year":2025}},{"type":"Feature","id":"8e38df33-7ac4-4e0e-8b21-c18dd1261935","geometry":{"type":"Point","coordinates":[-94.8212248590146,29.514646322829662]},"properties":{"substrate":"Mud","lease_number":null,"poll_year":2025}},{"type":"Feature","id":"8e4097f8-1145-4134-9769-07625d245566","geometry":{"type":"Point","coordinates":[-94.82371192842201,29.513471590320705]},"properties":{"substrate":"Mud","lease_number":null,"poll_year":2025}},{"type":"Feature","id":"8e6ad800-9786-47cf-85e3-7a4f915d54ad","geometry":{"type":"Point","coordinates":[-94.81494356276524,29.514108203137496]},"properties":{"substrate":"Mud","lease_number":null,"poll_year":2025}},{"type":"Feature","id":"8e879040-1103-4d72-a1f4-ba278fe87244","geometry":{"type":"Point","coordinates":[-94.81914571996761,29.511335485714962]},"properties":{"substrate":"Buried Shell","lease_number":null,"poll_year":2025}},{"type":"Feature","id":"8e9cf479-938f-4371-9d8b-fb12f35e0f9f","geometry":{"type":"Point","coordinates":[-94.82543383442997,29.5138039483553]},"properties":{"substrate":"Mud","lease_number":null,"poll_year":2025}},{"type":"Feature","id":"8eba19bb-4bd1-4a37-b6fe-156f83a4f707","geometry":{"type":"Point","coordinates":[-94.82586589174228,29.51523243123877]},"properties":{"substrate":"Mud","lease_number":null,"poll_year":2025}},{"type":"Feature","id":"8ec68cf3-9384-429c-ba7e-416aef4b2034","geometry":{"type":"Point","coordinates":[-94.83004797968289,29.513773538383532]},"properties":{"substrate":"Mud","lease_number":null,"poll_year":2025}},{"type":"Feature","id":"8ee9b0db-c242-4a23-8615-00e7c18c0a64","geometry":{"type":"Point","coordinates":[-94.82934008927269,29.51059713524681]},"properties":{"substrate":"Mud","lease_number":null,"poll_year":2025}},{"type":"Feature","id":"8eed4c6a-28fd-44e7-b092-4327e65b2fac","geometry":{"type":"Point","coordinates":[-94.81962119555254,29.511797509321745]},"properties":{"substrate":"Mud","lease_number":null,"poll_year":2025}},{"type":"Feature","id":"8ef1f62f-d3a0-47b0-97fb-483e48f2dfc5","geometry":{"type":"Point","coordinates":[-94.81713298887799,29.513510022696885]},"properties":{"substrate":"Mud","lease_number":null,"poll_year":2025}},{"type":"Feature","id":"8efe489c-323f-4370-a850-1dfbd631fbef","geometry":{"type":"Point","coordinates":[-94.82470925062685,29.509158150922644]},"properties":{"substrate":"Solid Reef","lease_number":null,"poll_year":2025}},{"type":"Feature","id":"8f00547c-9e91-482b-93ad-8018e4f03149","geometry":{"type":"Point","coordinates":[-94.81599535072408,29.515224302745523]},"properties":{"substrate":"Mud","lease_number":null,"poll_year":2025}},{"type":"Feature","id":"8f1336b3-5633-410f-9940-247ce12d3dd1","geometry":{"type":"Point","coordinates":[-94.81807180201176,29.513803721648596]},"properties":{"substrate":"Mud","lease_number":null,"poll_year":2025}},{"type":"Feature","id":"8f3408f8-6aeb-4c2f-994b-2d1fe001708c","geometry":{"type":"Point","coordinates":[-94.82382865012013,29.513972682099915]},"properties":{"substrate":"Mud","lease_number":null,"poll_year":2025}},{"type":"Feature","id":"8f354eb0-7227-4659-9260-fffe072debf1","geometry":{"type":"Point","coordinates":[-94.82394305057159,29.513125940621986]},"properties":{"substrate":"Mud","lease_number":null,"poll_year":2025}},{"type":"Feature","id":"8f6ae679-0afa-408e-94b5-e2c2e64bf8b5","geometry":{"type":"Point","coordinates":[-94.82103251713585,29.513740912147895]},"properties":{"substrate":"Mud","lease_number":null,"poll_year":2025}},{"type":"Feature","id":"8f7250a7-bf29-4306-85ac-f0a13c4b926b","geometry":{"type":"Point","coordinates":[-94.828057027349,29.510650015072567]},"properties":{"substrate":"Mud","lease_number":null,"poll_year":2025}},{"type":"Feature","id":"8f79694f-b314-4541-93f8-b8ee31162912","geometry":{"type":"Point","coordinates":[-94.82499191361585,29.513755043800362]},"properties":{"substrate":"Mud","lease_number":null,"poll_year":2025}},{"type":"Feature","id":"8f95bde0-05b6-482c-83de-307d434ef8a6","geometry":{"type":"Point","coordinates":[-94.83042635277549,29.509107325626374]},"properties":{"substrate":"Mud","lease_number":null,"poll_year":2025}},{"type":"Feature","id":"8f9f565e-a997-4ade-8bb1-2178a89928c0","geometry":{"type":"Point","coordinates":[-94.82068880194521,29.512297999616855]},"properties":{"substrate":"Mud","lease_number":null,"poll_year":2025}},{"type":"Feature","id":"8fa9e157-3cdf-47ca-aab7-dae07cd0ad71","geometry":{"type":"Point","coordinates":[-94.82884871710048,29.515290926977894]},"properties":{"substrate":"Mud","lease_number":null,"poll_year":2025}},{"type":"Feature","id":"8fad22fe-e31c-4e28-8a08-6c56381c14b9","geometry":{"type":"Point","coordinates":[-94.81724004829692,29.512978136139047]},"properties":{"substrate":"Buried Shell","lease_number":null,"poll_year":2025}},{"type":"Feature","id":"8fb27bb3-c06f-4370-a455-bed4dc16b121","geometry":{"type":"Point","coordinates":[-94.83266357644787,29.509054201859968]},"properties":{"substrate":"Mud","lease_number":null,"poll_year":2025}},{"type":"Feature","id":"8fbd5327-05d3-4ca8-8aa9-d339d0afb5d0","geometry":{"type":"Point","coordinates":[-94.82982241181672,29.511955494845797]},"properties":{"substrate":"Mud","lease_number":null,"poll_year":2025}},{"type":"Feature","id":"8fc6e946-bc8e-4668-b6ff-f9dd1d2c8f39","geometry":{"type":"Point","coordinates":[-94.81899014343851,29.515497685708112]},"properties":{"substrate":"Mud","lease_number":null,"poll_year":2025}},{"type":"Feature","id":"8fd47581-91b4-439d-aee5-8c22908a5c75","geometry":{"type":"Point","coordinates":[-94.82485843743936,29.511247099961]},"properties":{"substrate":"Mud","lease_number":null,"poll_year":2025}},{"type":"Feature","id":"8fecd2c2-fbd6-463e-bc46-6d35201a92ae","geometry":{"type":"Point","coordinates":[-94.8287951748146,29.515774680315904]},"properties":{"substrate":"Mud","lease_number":null,"poll_year":2025}},{"type":"Feature","id":"8ff1eebc-f2f6-426d-9b6a-272daf782d3e","geometry":{"type":"Point","coordinates":[-94.83372126094822,29.50509180579168]},"properties":{"substrate":"Mud","lease_number":null,"poll_year":2025}},{"type":"Feature","id":"8ff46787-3e08-440f-a70b-07734c466f8d","geometry":{"type":"Point","coordinates":[-94.83284877941506,29.506740717347355]},"properties":{"substrate":"Mud","lease_number":null,"poll_year":2025}},{"type":"Feature","id":"8ffa336d-d172-4f9f-8ad8-3de43121914b","geometry":{"type":"Point","coordinates":[-94.8207295612046,29.514498153929935]},"properties":{"substrate":"Mud","lease_number":null,"poll_year":2025}},{"type":"Feature","id":"90073c97-224e-484d-8f55-d426cab23e00","geometry":{"type":"Point","coordinates":[-94.83070458976508,29.50766330569395]},"properties":{"substrate":"Mud","lease_number":null,"poll_year":2025}},{"type":"Feature","id":"90119a9a-7e88-44d8-b5b4-3ad0baee0f28","geometry":{"type":"Point","coordinates":[-94.82992129387162,29.51088778905811]},"properties":{"substrate":"Mud","lease_number":null,"poll_year":2025}},{"type":"Feature","id":"90128f37-a884-47fb-9d00-7cfb364b3396","geometry":{"type":"Point","coordinates":[-94.83206675104447,29.508684117188285]},"properties":{"substrate":"Mud","lease_number":null,"poll_year":2025}},{"type":"Feature","id":"90150183-93da-4aad-9ff5-1bd677794570","geometry":{"type":"Point","coordinates":[-94.82815467961028,29.515050743076237]},"properties":{"substrate":"Mud","lease_number":null,"poll_year":2025}},{"type":"Feature","id":"9020b1bd-aee9-412f-b3bb-be7982e413e2","geometry":{"type":"Point","coordinates":[-94.81833589233223,29.512647137993753]},"properties":{"substrate":"Mud","lease_number":null,"poll_year":2025}},{"type":"Feature","id":"9026f78e-f842-4930-b214-0da5aacc730f","geometry":{"type":"Point","coordinates":[-94.82653897602849,29.513856791327132]},"properties":{"substrate":"Mud","lease_number":null,"poll_year":2025}},{"type":"Feature","id":"90378117-db1a-4f89-ae30-d22b6d2109b7","geometry":{"type":"Point","coordinates":[-94.8292787172708,29.507479804250334]},"properties":{"substrate":"Buried Shell","lease_number":null,"poll_year":2025}},{"type":"Feature","id":"9055f4a8-0521-418c-bfd6-5f79a71f0ed7","geometry":{"type":"Point","coordinates":[-94.81750437038275,29.514594338621762]},"properties":{"substrate":"Mud","lease_number":null,"poll_year":2025}},{"type":"Feature","id":"9061b172-f063-4daf-aad7-b3beb9e8e7be","geometry":{"type":"Point","coordinates":[-94.82739654642626,29.509611251072183]},"properties":{"substrate":"Mud","lease_number":null,"poll_year":2025}},{"type":"Feature","id":"90649eea-489c-4a1a-b63e-064a80c1aa11","geometry":{"type":"Point","coordinates":[-94.82756158940184,29.512916759862993]},"properties":{"substrate":"Mud","lease_number":null,"poll_year":2025}},{"type":"Feature","id":"9088befa-b20a-4c05-b2ec-33849e9655b4","geometry":{"type":"Point","coordinates":[-94.82582425303224,29.510276866988423]},"properties":{"substrate":"Mud","lease_number":null,"poll_year":2025}},{"type":"Feature","id":"90aa2e68-cc5e-4214-bbe0-231e901d510e","geometry":{"type":"Point","coordinates":[-94.81372907014553,29.51591309290861]},"properties":{"substrate":"Solid Reef","lease_number":null,"poll_year":2025}},{"type":"Feature","id":"90b8bd1b-2cd9-4e23-bf37-e10b441eb634","geometry":{"type":"Point","coordinates":[-94.81887027763686,29.512055551669608]},"properties":{"substrate":"Buried Shell","lease_number":null,"poll_year":2025}},{"type":"Feature","id":"90c9a761-9c2b-42eb-aef5-d482c364cabb","geometry":{"type":"Point","coordinates":[-94.82944766971448,29.512653431912433]},"properties":{"substrate":"Mud","lease_number":null,"poll_year":2025}},{"type":"Feature","id":"90d2e42d-b279-46ce-9759-0b8807338b28","geometry":{"type":"Point","coordinates":[-94.82592816385609,29.50968783573734]},"properties":{"substrate":"Buried Shell","lease_number":null,"poll_year":2025}},{"type":"Feature","id":"9108b66c-c4f1-4073-a127-3d6bf9d0c57b","geometry":{"type":"Point","coordinates":[-94.81675844710006,29.515695812124775]},"properties":{"substrate":"Mud","lease_number":null,"poll_year":2025}},{"type":"Feature","id":"9118f864-d605-4c30-a8c6-ff648bb093f3","geometry":{"type":"Point","coordinates":[-94.8188506305833,29.512956261107234]},"properties":{"substrate":"Mud","lease_number":null,"poll_year":2025}},{"type":"Feature","id":"9120fdf6-bc9b-4b86-8ea8-608052a4e467","geometry":{"type":"Point","coordinates":[-94.82181918799985,29.510107672089326]},"properties":{"substrate":"Mud","lease_number":null,"poll_year":2025}},{"type":"Feature","id":"91210552-22bf-47cc-8491-f14a30bd3e2f","geometry":{"type":"Point","coordinates":[-94.82585865940594,29.51080158561628]},"properties":{"substrate":"Mud","lease_number":null,"poll_year":2025}},{"type":"Feature","id":"91309c1a-8493-4a7b-8e1f-ba63608a693a","geometry":{"type":"Point","coordinates":[-94.82945867138177,29.508495108333477]},"properties":{"substrate":"Mud","lease_number":null,"poll_year":2025}},{"type":"Feature","id":"91659bc3-d7a7-4c71-a2e6-3c26a5703679","geometry":{"type":"Point","coordinates":[-94.82825750257433,29.51418255017508]},"properties":{"substrate":"Mud","lease_number":null,"poll_year":2025}},{"type":"Feature","id":"9166ed14-e183-4324-bcc9-d79614a26547","geometry":{"type":"Point","coordinates":[-94.8163950462283,29.51373011386611]},"properties":{"substrate":"Mud","lease_number":null,"poll_year":2025}},{"type":"Feature","id":"916ce8ec-2362-4090-a59a-e92b1a006023","geometry":{"type":"Point","coordinates":[-94.822372758624,29.512045094837504]},"properties":{"substrate":"Mud","lease_number":null,"poll_year":2025}},{"type":"Feature","id":"9171ebba-ad4e-4752-8be7-8826c7ee7719","geometry":{"type":"Point","coordinates":[-94.83171571278763,29.51038748019768]},"properties":{"substrate":"Mud","lease_number":null,"poll_year":2025}},{"type":"Feature","id":"91a482af-8225-4409-a17a-36d16cc3a8c7","geometry":{"type":"Point","coordinates":[-94.82983625575358,29.513526470704956]},"properties":{"substrate":"Mud","lease_number":null,"poll_year":2025}},{"type":"Feature","id":"91a52eb1-1c4f-4361-a6bf-f47454922c29","geometry":{"type":"Point","coordinates":[-94.829406234922,29.510056687787475]},"properties":{"substrate":"Mud","lease_number":null,"poll_year":2025}},{"type":"Feature","id":"91a734e1-6e28-4d1b-a890-90281b134d2b","geometry":{"type":"Point","coordinates":[-94.82017988028564,29.513729068669303]},"properties":{"substrate":"Mud","lease_number":null,"poll_year":2025}},{"type":"Feature","id":"91ad3a53-c448-48dc-8b44-a19edbd207f5","geometry":{"type":"Point","coordinates":[-94.82039836224082,29.514630405805562]},"properties":{"substrate":"Mud","lease_number":null,"poll_year":2025}},{"type":"Feature","id":"91b18467-1abe-42d8-81aa-78a7993372b7","geometry":{"type":"Point","coordinates":[-94.82450286987685,29.51028637571088]},"properties":{"substrate":"Buried Shell","lease_number":null,"poll_year":2025}},{"type":"Feature","id":"91d1958d-802c-4744-8216-19428975cf99","geometry":{"type":"Point","coordinates":[-94.81879819232691,29.513527344700748]},"properties":{"substrate":"Mud","lease_number":null,"poll_year":2025}},{"type":"Feature","id":"91d84c12-746b-4ed5-8dc0-d0198824550e","geometry":{"type":"Point","coordinates":[-94.82700687073073,29.509242310621083]},"properties":{"substrate":"Mud","lease_number":null,"poll_year":2025}},{"type":"Feature","id":"923cc0fd-766a-401a-bbd5-585e11dc0549","geometry":{"type":"Point","coordinates":[-94.82221739679224,29.512107873338365]},"properties":{"substrate":"Mud","lease_number":null,"poll_year":2025}},{"type":"Feature","id":"9240f657-e4f0-4381-899a-71f9cb402d26","geometry":{"type":"Point","coordinates":[-94.82299638167066,29.51462926133693]},"properties":{"substrate":"Mud","lease_number":null,"poll_year":2025}},{"type":"Feature","id":"92424d27-e13b-4983-b59e-4a7580142b0f","geometry":{"type":"Point","coordinates":[-94.82203264477934,29.511650174302506]},"properties":{"substrate":"Mud","lease_number":null,"poll_year":2025}},{"type":"Feature","id":"92844202-61a9-4e47-a949-120ca0a368b3","geometry":{"type":"Point","coordinates":[-94.82872821169838,29.515495159143303]},"properties":{"substrate":"Mud","lease_number":null,"poll_year":2025}},{"type":"Feature","id":"928a8113-93dd-4bac-8cd1-16cef87ab3cb","geometry":{"type":"Point","coordinates":[-94.82857793433114,29.509396506148715]},"properties":{"substrate":"Mud","lease_number":null,"poll_year":2025}},{"type":"Feature","id":"92935625-1f57-4601-9738-b7de3812d1e1","geometry":{"type":"Point","coordinates":[-94.81588590987134,29.515272713315152]},"properties":{"substrate":"Mud","lease_number":null,"poll_year":2025}},{"type":"Feature","id":"929c5d34-e1a6-4a1c-af16-457ecbe4f783","geometry":{"type":"Point","coordinates":[-94.81356973776022,29.506491610758825]},"properties":{"substrate":"Buried Shell","lease_number":null,"poll_year":2025}},{"type":"Feature","id":"92a7cfa9-62b4-48b7-8347-6b53e677cbed","geometry":{"type":"Point","coordinates":[-94.82206586986844,29.51081730779986]},"properties":{"substrate":"Mud","lease_number":null,"poll_year":2025}},{"type":"Feature","id":"92e06d03-3b25-4702-ac4c-c1eb5263e763","geometry":{"type":"Point","coordinates":[-94.82287627422222,29.510987779705168]},"properties":{"substrate":"Mud","lease_number":null,"poll_year":2025}},{"type":"Feature","id":"92ee282c-4a14-415b-91e3-25a199ff5250","geometry":{"type":"Point","coordinates":[-94.82412731300263,29.511782687099352]},"properties":{"substrate":"Mud","lease_number":null,"poll_year":2025}},{"type":"Feature","id":"92f23ce0-119f-4a91-aa53-dd55ceed07e1","geometry":{"type":"Point","coordinates":[-94.82956119161358,29.512061972270292]},"properties":{"substrate":"Mud","lease_number":null,"poll_year":2025}},{"type":"Feature","id":"9311c15c-4da1-4141-93d7-cbce6bfca8a4","geometry":{"type":"Point","coordinates":[-94.83327634065938,29.50824448782522]},"properties":{"substrate":"Mud","lease_number":null,"poll_year":2025}},{"type":"Feature","id":"931f997f-4e66-4b05-93fd-595b19cf1232","geometry":{"type":"Point","coordinates":[-94.82007722440822,29.510866872806268]},"properties":{"substrate":"Buried Shell","lease_number":null,"poll_year":2025}},{"type":"Feature","id":"933d34c8-4906-49ed-b3ee-9124e0afd6b7","geometry":{"type":"Point","coordinates":[-94.82411348433718,29.509676446779913]},"properties":{"substrate":"Mud","lease_number":null,"poll_year":2025}},{"type":"Feature","id":"937e712d-dc87-4651-998f-88896c36f12a","geometry":{"type":"Point","coordinates":[-94.82807117581474,29.51583499717609]},"properties":{"substrate":"Mud","lease_number":null,"poll_year":2025}},{"type":"Feature","id":"93a5f966-2c25-44ba-a19b-124fa4de8fb2","geometry":{"type":"Point","coordinates":[-94.81657751472373,29.51313827902038]},"properties":{"substrate":"Mud","lease_number":null,"poll_year":2025}},{"type":"Feature","id":"93be993c-c92d-4fd4-a024-57a46810da2f","geometry":{"type":"Point","coordinates":[-94.83095331619926,29.50863954673295]},"properties":{"substrate":"Mud","lease_number":null,"poll_year":2025}},{"type":"Feature","id":"93c6dcf2-32d6-41b5-b103-e9ff46657b07","geometry":{"type":"Point","coordinates":[-94.83243962105766,29.508023616226982]},"properties":{"substrate":"Mud","lease_number":null,"poll_year":2025}},{"type":"Feature","id":"93f35ab1-3be1-4972-9e3e-1ad4598648ac","geometry":{"type":"Point","coordinates":[-94.82956020526339,29.511808765922567]},"properties":{"substrate":"Mud","lease_number":null,"poll_year":2025}},{"type":"Feature","id":"94051bd6-9950-40e2-ab45-ac9bad84b79c","geometry":{"type":"Point","coordinates":[-94.81776495278206,29.514850164644542]},"properties":{"substrate":"Mud","lease_number":null,"poll_year":2025}},{"type":"Feature","id":"941cf31b-0788-4de3-9e0e-beff8628019b","geometry":{"type":"Point","coordinates":[-94.81277056324579,29.513947362127936]},"properties":{"substrate":"Buried Shell","lease_number":null,"poll_year":2025}},{"type":"Feature","id":"942a01e3-c372-4162-be99-dd2dce6d99fd","geometry":{"type":"Point","coordinates":[-94.81543584582916,29.515706307666353]},"properties":{"substrate":"Mud","lease_number":null,"poll_year":2025}},{"type":"Feature","id":"943b0ca5-4b6c-4a8a-8741-0c42fd80cc0d","geometry":{"type":"Point","coordinates":[-94.82355217742177,29.512271590235596]},"properties":{"substrate":"Mud","lease_number":null,"poll_year":2025}},{"type":"Feature","id":"94723160-cd13-440e-b10a-0f084b9f1d85","geometry":{"type":"Point","coordinates":[-94.82191120243438,29.515052083756242]},"properties":{"substrate":"Mud","lease_number":null,"poll_year":2025}},{"type":"Feature","id":"94be206a-4624-4717-af0c-1544ca94fe22","geometry":{"type":"Point","coordinates":[-94.82658659212844,29.51073571987369]},"properties":{"substrate":"Mud","lease_number":null,"poll_year":2025}},{"type":"Feature","id":"94d073f2-ebd3-4b93-83a6-96e4a542596d","geometry":{"type":"Point","coordinates":[-94.82279906941345,29.511317504306856]},"properties":{"substrate":"Mud","lease_number":null,"poll_year":2025}},{"type":"Feature","id":"950eb0e7-2f35-4d95-8569-aa5ce7e0bffa","geometry":{"type":"Point","coordinates":[-94.81989969485018,29.514382839121584]},"properties":{"substrate":"Mud","lease_number":null,"poll_year":2025}},{"type":"Feature","id":"950fd956-e686-45df-b6f4-1aecd9050043","geometry":{"type":"Point","coordinates":[-94.82592807402457,29.511529069626516]},"properties":{"substrate":"Mud","lease_number":null,"poll_year":2025}},{"type":"Feature","id":"951db654-59f3-43bd-b1a6-28b53b5cddf8","geometry":{"type":"Point","coordinates":[-94.82115749974135,29.51119259671629]},"properties":{"substrate":"Mud","lease_number":null,"poll_year":2025}},{"type":"Feature","id":"951ea86a-0d2f-43fd-9a40-2405fce82298","geometry":{"type":"Point","coordinates":[-94.82672138074355,29.51195754931501]},"properties":{"substrate":"Mud","lease_number":null,"poll_year":2025}},{"type":"Feature","id":"952357e8-8cb6-4537-b5ec-85f3e3fd4796","geometry":{"type":"Point","coordinates":[-94.81694631716533,29.51460484600365]},"properties":{"substrate":"Mud","lease_number":null,"poll_year":2025}},{"type":"Feature","id":"954099d2-5eeb-4e02-a212-faaab55d9edb","geometry":{"type":"Point","coordinates":[-94.83191844458094,29.511360987709978]},"properties":{"substrate":"Mud","lease_number":null,"poll_year":2025}},{"type":"Feature","id":"954da3e5-3cee-4c36-b5c2-d602884bfc3a","geometry":{"type":"Point","coordinates":[-94.82757650143556,29.511104840942643]},"properties":{"substrate":"Mud","lease_number":null,"poll_year":2025}},{"type":"Feature","id":"9558e461-5717-43e6-9336-59b6c3c7b236","geometry":{"type":"Point","coordinates":[-94.82860588091962,29.510406227127188]},"properties":{"substrate":"Mud","lease_number":null,"poll_year":2025}},{"type":"Feature","id":"9577f903-b0d6-457f-86b5-dcda8003665d","geometry":{"type":"Point","coordinates":[-94.82142110497158,29.510271080293656]},"properties":{"substrate":"Mud","lease_number":null,"poll_year":2025}},{"type":"Feature","id":"9597cfe2-9cbb-432f-8185-b7ddbafb8f80","geometry":{"type":"Point","coordinates":[-94.83047864819976,29.506708199079004]},"properties":{"substrate":"Buried Shell","lease_number":null,"poll_year":2025}},{"type":"Feature","id":"95de8e87-2c29-4429-a6d1-f19403ffc062","geometry":{"type":"Point","coordinates":[-94.81630363186835,29.51404333079973]},"properties":{"substrate":"Mud","lease_number":null,"poll_year":2025}},{"type":"Feature","id":"95f28321-c910-4a48-a94b-4e3390caf28a","geometry":{"type":"Point","coordinates":[-94.82153978859027,29.512426554307403]},"properties":{"substrate":"Mud","lease_number":null,"poll_year":2025}},{"type":"Feature","id":"95f4517b-eae7-40c4-a3af-a9149bf5855a","geometry":{"type":"Point","coordinates":[-94.81769941169892,29.512374512672796]},"properties":{"substrate":"Mud","lease_number":null,"poll_year":2025}},{"type":"Feature","id":"95fcaa76-065f-4f36-98da-d10cb3743357","geometry":{"type":"Point","coordinates":[-94.81945177328996,29.51337568364691]},"properties":{"substrate":"Buried Shell","lease_number":null,"poll_year":2025}},{"type":"Feature","id":"9608ca2c-b00a-467a-8fd7-f53241262045","geometry":{"type":"Point","coordinates":[-94.81731166468631,29.51362148838771]},"properties":{"substrate":"Mud","lease_number":null,"poll_year":2025}},{"type":"Feature","id":"961429d9-1c5c-423d-91d0-85f185abcf33","geometry":{"type":"Point","coordinates":[-94.83328895659922,29.507693887150783]},"properties":{"substrate":"Mud","lease_number":null,"poll_year":2025}},{"type":"Feature","id":"961c811b-c995-4356-b6d7-201bece2b2f7","geometry":{"type":"Point","coordinates":[-94.8222693975691,29.513646913977233]},"properties":{"substrate":"Mud","lease_number":null,"poll_year":2025}},{"type":"Feature","id":"962acc0b-49d2-4532-af9c-f6fae84f7a73","geometry":{"type":"Point","coordinates":[-94.82852827905548,29.515932625235912]},"properties":{"substrate":"Mud","lease_number":null,"poll_year":2025}},{"type":"Feature","id":"967232e3-6247-47ac-b556-9a52965b4345","geometry":{"type":"Point","coordinates":[-94.81311811603933,29.515947292849592]},"properties":{"substrate":"Solid Reef","lease_number":null,"poll_year":2025}},{"type":"Feature","id":"9679bb4e-44d4-401d-91ca-fa6e3ac55c09","geometry":{"type":"Point","coordinates":[-94.81423074240078,29.515993443872826]},"properties":{"substrate":"Solid Reef","lease_number":null,"poll_year":2025}},{"type":"Feature","id":"9686fa9c-55b0-4857-bb8e-3061106dd580","geometry":{"type":"Point","coordinates":[-94.81436902097079,29.514049060993155]},"properties":{"substrate":"Buried Shell","lease_number":null,"poll_year":2025}},{"type":"Feature","id":"969c602e-c804-4ea8-81d5-74d0ad39c593","geometry":{"type":"Point","coordinates":[-94.83387028336904,29.506332539380278]},"properties":{"substrate":"Mud","lease_number":null,"poll_year":2025}},{"type":"Feature","id":"96aa6d27-e090-445c-97f4-79aec59f294b","geometry":{"type":"Point","coordinates":[-94.82784480395641,29.509701404293033]},"properties":{"substrate":"Mud","lease_number":null,"poll_year":2025}},{"type":"Feature","id":"97238af7-c6ae-4b0b-8baa-fb374a4f5c5e","geometry":{"type":"Point","coordinates":[-94.8339642552326,29.506579103936804]},"properties":{"substrate":"Mud","lease_number":null,"poll_year":2025}},{"type":"Feature","id":"9728d4fb-643a-41c2-a2c2-3635b04f215b","geometry":{"type":"Point","coordinates":[-94.82448096266202,29.51059176369134]},"properties":{"substrate":"Mud","lease_number":null,"poll_year":2025}},{"type":"Feature","id":"973516bc-7897-45a3-9112-869fdd07c9d1","geometry":{"type":"Point","coordinates":[-94.82669753586265,29.51433202035739]},"properties":{"substrate":"Mud","lease_number":null,"poll_year":2025}},{"type":"Feature","id":"974505a9-69db-4e18-b4bc-49bbfbc39c6b","geometry":{"type":"Point","coordinates":[-94.82860509399542,29.51376028463618]},"properties":{"substrate":"Mud","lease_number":null,"poll_year":2025}},{"type":"Feature","id":"974e4c40-74a6-4d3b-aefa-d76d112d5efd","geometry":{"type":"Point","coordinates":[-94.83182610585459,29.505887965813017]},"properties":{"substrate":"Mud","lease_number":null,"poll_year":2025}},{"type":"Feature","id":"974fecc5-fe9b-4544-a7e0-77a14f68ed8b","geometry":{"type":"Point","coordinates":[-94.83176178288699,29.50669775263977]},"properties":{"substrate":"Mud","lease_number":null,"poll_year":2025}},{"type":"Feature","id":"9773315e-3799-4aa5-b312-58efa1105095","geometry":{"type":"Point","coordinates":[-94.82598076919913,29.508610394669066]},"properties":{"substrate":"Buried Shell","lease_number":null,"poll_year":2025}},{"type":"Feature","id":"97832204-0e79-461d-9819-73dd8a0601fd","geometry":{"type":"Point","coordinates":[-94.83272079823315,29.505754976214234]},"properties":{"substrate":"Mud","lease_number":null,"poll_year":2025}},{"type":"Feature","id":"978c02d9-1394-45b9-a71c-9dca98366320","geometry":{"type":"Point","coordinates":[-94.8243563016534,29.51554579283427]},"properties":{"substrate":"Mud","lease_number":null,"poll_year":2025}},{"type":"Feature","id":"979d2a7d-37fb-4ecd-bf04-56b109c88a75","geometry":{"type":"Point","coordinates":[-94.82482314712342,29.511480246839543]},"properties":{"substrate":"Mud","lease_number":null,"poll_year":2025}},{"type":"Feature","id":"97a61841-3cb0-477a-918b-ee136f6688dd","geometry":{"type":"Point","coordinates":[-94.82862319415008,29.51454600590178]},"properties":{"substrate":"Mud","lease_number":null,"poll_year":2025}},{"type":"Feature","id":"97cda597-84c3-411a-9483-2eefe7bf3fee","geometry":{"type":"Point","coordinates":[-94.81755556806574,29.51289114881435]},"properties":{"substrate":"Mud","lease_number":null,"poll_year":2025}},{"type":"Feature","id":"97ce4afc-ded8-4bb0-93b1-919f594f6955","geometry":{"type":"Point","coordinates":[-94.81477536221146,29.514921975958945]},"properties":{"substrate":"Mud","lease_number":null,"poll_year":2025}},{"type":"Feature","id":"97f7e26c-b94a-48fd-9be0-f911fdbdd7f6","geometry":{"type":"Point","coordinates":[-94.82351164543617,29.51073728888792]},"properties":{"substrate":"Mud","lease_number":null,"poll_year":2025}},{"type":"Feature","id":"98426f24-efce-43f8-b97e-58b61349d078","geometry":{"type":"Point","coordinates":[-94.83142456071921,29.507350551387155]},"properties":{"substrate":"Mud","lease_number":null,"poll_year":2025}},{"type":"Feature","id":"9890b850-6e35-47e6-964b-f6c316264bcc","geometry":{"type":"Point","coordinates":[-94.82527896756993,29.508647516270482]},"properties":{"substrate":"Buried Shell","lease_number":null,"poll_year":2025}},{"type":"Feature","id":"9894b392-e34d-4728-be1b-9463ea61b8a3","geometry":{"type":"Point","coordinates":[-94.8258599035726,29.512861227946626]},"properties":{"substrate":"Mud","lease_number":null,"poll_year":2025}},{"type":"Feature","id":"98a88c2e-9a78-4213-8a18-1886ce6e1cce","geometry":{"type":"Point","coordinates":[-94.82532162407121,29.50972830061123]},"properties":{"substrate":"Mud","lease_number":null,"poll_year":2025}},{"type":"Feature","id":"98a8d69b-6e6f-48d1-a590-f26a5cf9f838","geometry":{"type":"Point","coordinates":[-94.81818088533501,29.51375817938997]},"properties":{"substrate":"Buried Shell","lease_number":null,"poll_year":2025}},{"type":"Feature","id":"98cb0301-c74e-430e-8e72-616c14c826e6","geometry":{"type":"Point","coordinates":[-94.82465125000222,29.513085087793424]},"properties":{"substrate":"Mud","lease_number":null,"poll_year":2025}},{"type":"Feature","id":"98e036d7-49a8-4028-979a-04a0e4531a89","geometry":{"type":"Point","coordinates":[-94.82477723872081,29.51100638033282]},"properties":{"substrate":"Mud","lease_number":null,"poll_year":2025}},{"type":"Feature","id":"98ea7b3f-4f5b-4343-b0e7-a60d07449d1e","geometry":{"type":"Point","coordinates":[-94.81545529166011,29.513559426126147]},"properties":{"substrate":"Buried Shell","lease_number":null,"poll_year":2025}},{"type":"Feature","id":"98eddac8-078c-429c-9878-e9c459d1dd92","geometry":{"type":"Point","coordinates":[-94.82096480392637,29.511271916368862]},"properties":{"substrate":"Mud","lease_number":null,"poll_year":2025}},{"type":"Feature","id":"992685a2-7161-417e-abbc-c771cfe4cfe3","geometry":{"type":"Point","coordinates":[-94.82742163727045,29.51039681066532]},"properties":{"substrate":"Mud","lease_number":null,"poll_year":2025}},{"type":"Feature","id":"995502b2-fc42-40ff-8cb7-7b88ef10d64a","geometry":{"type":"Point","coordinates":[-94.82584390278076,29.511304397991776]},"properties":{"substrate":"Mud","lease_number":null,"poll_year":2025}},{"type":"Feature","id":"99767faa-dbdd-4c07-89ed-55bc475468a5","geometry":{"type":"Point","coordinates":[-94.82703496194799,29.51287694433811]},"properties":{"substrate":"Mud","lease_number":null,"poll_year":2025}},{"type":"Feature","id":"999459c4-b837-4fd4-a51e-37d98a5b2f1c","geometry":{"type":"Point","coordinates":[-94.82462425472963,29.51417111638224]},"properties":{"substrate":"Mud","lease_number":null,"poll_year":2025}},{"type":"Feature","id":"999f9595-dcf0-4536-b45f-86cb82a55878","geometry":{"type":"Point","coordinates":[-94.82292432690339,29.516043741170584]},"properties":{"substrate":"Mud","lease_number":null,"poll_year":2025}},{"type":"Feature","id":"99b0847d-0dc0-4940-acb8-cf7d99edba94","geometry":{"type":"Point","coordinates":[-94.8274290339985,29.513499809920912]},"properties":{"substrate":"Mud","lease_number":null,"poll_year":2025}},{"type":"Feature","id":"99b1741a-430e-4fce-bff3-859faf72b6a9","geometry":{"type":"Point","coordinates":[-94.82596141230138,29.515699397150495]},"properties":{"substrate":"Mud","lease_number":null,"poll_year":2025}},{"type":"Feature","id":"99b80d20-d86e-4e9f-b3c8-7657327c679f","geometry":{"type":"Point","coordinates":[-94.83187162887992,29.506364355708676]},"properties":{"substrate":"Mud","lease_number":null,"poll_year":2025}},{"type":"Feature","id":"99ca16e1-9879-415a-8693-3ae73998f48e","geometry":{"type":"Point","coordinates":[-94.83026785043351,29.51229894398158]},"properties":{"substrate":"Mud","lease_number":null,"poll_year":2025}},{"type":"Feature","id":"99ce3b5a-0c86-4605-a69c-e171bf202486","geometry":{"type":"Point","coordinates":[-94.82813693698512,29.509841011929833]},"properties":{"substrate":"Mud","lease_number":null,"poll_year":2025}},{"type":"Feature","id":"99d630bb-063c-4a77-85ab-979bd3d97934","geometry":{"type":"Point","coordinates":[-94.82121704456995,29.513071876952353]},"properties":{"substrate":"Mud","lease_number":null,"poll_year":2025}},{"type":"Feature","id":"9a2da142-1fd1-4f64-abd9-ebb103f933f0","geometry":{"type":"Point","coordinates":[-94.83314919580899,29.508859948697918]},"properties":{"substrate":"Mud","lease_number":null,"poll_year":2025}},{"type":"Feature","id":"9a366678-ce3d-4b6e-b3ce-adc09d0128d6","geometry":{"type":"Point","coordinates":[-94.83037802700647,29.510164264040142]},"properties":{"substrate":"Mud","lease_number":null,"poll_year":2025}},{"type":"Feature","id":"9a47e46b-7d69-434a-9634-09082efbac30","geometry":{"type":"Point","coordinates":[-94.82783207303218,29.514596469648065]},"properties":{"substrate":"Mud","lease_number":null,"poll_year":2025}},{"type":"Feature","id":"9a5e0a61-107c-46f2-bfae-b661dd2a8b82","geometry":{"type":"Point","coordinates":[-94.8245103896741,29.509775191687105]},"properties":{"substrate":"Buried Shell","lease_number":null,"poll_year":2025}},{"type":"Feature","id":"9a87d649-2acb-4aec-9820-7c738eb34424","geometry":{"type":"Point","coordinates":[-94.8223595462028,29.510425286762604]},"properties":{"substrate":"Buried Shell","lease_number":null,"poll_year":2025}},{"type":"Feature","id":"9a910a85-236a-4616-a6d5-f111df230836","geometry":{"type":"Point","coordinates":[-94.83149555996602,29.508130741983084]},"properties":{"substrate":"Mud","lease_number":null,"poll_year":2025}},{"type":"Feature","id":"9aa7018a-d1cd-425b-9821-194a8452b3d8","geometry":{"type":"Point","coordinates":[-94.83329340056494,29.50552772664224]},"properties":{"substrate":"Mud","lease_number":null,"poll_year":2025}},{"type":"Feature","id":"9ac95293-800a-414a-a3a6-c8485fe091f7","geometry":{"type":"Point","coordinates":[-94.82472021097163,29.514394075891335]},"properties":{"substrate":"Mud","lease_number":null,"poll_year":2025}},{"type":"Feature","id":"9aead0d2-22ed-40f7-b360-89cec903eba5","geometry":{"type":"Point","coordinates":[-94.82077766958132,29.511363108641397]},"properties":{"substrate":"Mud","lease_number":null,"poll_year":2025}},{"type":"Feature","id":"9aed3319-8b5a-4cc0-a736-9e713f839146","geometry":{"type":"Point","coordinates":[-94.82234201917329,29.511749247970105]},"properties":{"substrate":"Mud","lease_number":null,"poll_year":2025}},{"type":"Feature","id":"9aefbdbc-527c-44f1-b141-612a66f6d9a1","geometry":{"type":"Point","coordinates":[-94.82955058969658,29.50922669138817]},"properties":{"substrate":"Mud","lease_number":null,"poll_year":2025}},{"type":"Feature","id":"9af58972-d9f5-4e47-835c-4179050e5c86","geometry":{"type":"Point","coordinates":[-94.83234578214476,29.505671249084916]},"properties":{"substrate":"Mud","lease_number":null,"poll_year":2025}},{"type":"Feature","id":"9b0a08e3-bab7-4a87-933e-e4140869c2cd","geometry":{"type":"Point","coordinates":[-94.82965948976354,29.506780185038824]},"properties":{"substrate":"Buried Shell","lease_number":null,"poll_year":2025}},{"type":"Feature","id":"9b201407-0a78-4fc3-a988-2fe0ac079973","geometry":{"type":"Point","coordinates":[-94.83340563607653,29.50522831364035]},"properties":{"substrate":"Mud","lease_number":null,"poll_year":2025}},{"type":"Feature","id":"9b30bb9f-f070-43b9-84e7-4f71ff53f1d2","geometry":{"type":"Point","coordinates":[-94.81948878657462,29.514335124659393]},"properties":{"substrate":"Mud","lease_number":null,"poll_year":2025}},{"type":"Feature","id":"9b351534-2b62-4958-a15e-234272378950","geometry":{"type":"Point","coordinates":[-94.82423038480005,29.513790065305326]},"properties":{"substrate":"Mud","lease_number":null,"poll_year":2025}},{"type":"Feature","id":"9b3bfa6f-c58e-4172-9c2b-f99eef4ca1c0","geometry":{"type":"Point","coordinates":[-94.8299831940829,29.50773332632601]},"properties":{"substrate":"Mud","lease_number":null,"poll_year":2025}},{"type":"Feature","id":"9b5b4ece-376a-4e67-8c22-9c53438efbdb","geometry":{"type":"Point","coordinates":[-94.8202942187533,29.515315796334033]},"properties":{"substrate":"Mud","lease_number":null,"poll_year":2025}},{"type":"Feature","id":"9b64941c-b0b6-45c5-84b3-a8784ab8d810","geometry":{"type":"Point","coordinates":[-94.82658067941723,29.513569058838275]},"properties":{"substrate":"Mud","lease_number":null,"poll_year":2025}},{"type":"Feature","id":"9b6d4080-8576-4f65-ab1a-ec5a6673e533","geometry":{"type":"Point","coordinates":[-94.82527567793936,29.514409270622483]},"properties":{"substrate":"Mud","lease_number":null,"poll_year":2025}},{"type":"Feature","id":"9b74491a-08a7-4e09-8e8c-aa0b7166f0e3","geometry":{"type":"Point","coordinates":[-94.82076283929432,29.513878225259205]},"properties":{"substrate":"Mud","lease_number":null,"poll_year":2025}},{"type":"Feature","id":"9b8fb56f-3c59-4be9-8f7c-b134a1babec6","geometry":{"type":"Point","coordinates":[-94.82145131172132,29.5129542097853]},"properties":{"substrate":"Mud","lease_number":null,"poll_year":2025}},{"type":"Feature","id":"9b95dff2-faee-46b0-97dd-c9937b3b97cd","geometry":{"type":"Point","coordinates":[-94.81888973155267,29.51453816972474]},"properties":{"substrate":"Mud","lease_number":null,"poll_year":2025}},{"type":"Feature","id":"9bbea54e-9344-442f-987f-0c54ac8428c7","geometry":{"type":"Point","coordinates":[-94.83032104237643,29.508907156799026]},"properties":{"substrate":"Mud","lease_number":null,"poll_year":2025}},{"type":"Feature","id":"9c097ca7-5f20-4ce6-acc5-94f549f86dfc","geometry":{"type":"Point","coordinates":[-94.8209337895912,29.514373870186496]},"properties":{"substrate":"Mud","lease_number":null,"poll_year":2025}},{"type":"Feature","id":"9c0ce84c-12f7-45ce-819a-e96a7d795ccb","geometry":{"type":"Point","coordinates":[-94.82193873400124,29.510340429923506]},"properties":{"substrate":"Mud","lease_number":null,"poll_year":2025}},{"type":"Feature","id":"9c2936f0-f823-4ac9-8e79-c5fca4186b8b","geometry":{"type":"Point","coordinates":[-94.82574125139493,29.51109428238244]},"properties":{"substrate":"Mud","lease_number":null,"poll_year":2025}},{"type":"Feature","id":"9c3b14e1-8285-4660-a560-ba9a3074d285","geometry":{"type":"Point","coordinates":[-94.8270205754287,29.512362032683015]},"properties":{"substrate":"Mud","lease_number":null,"poll_year":2025}},{"type":"Feature","id":"9c46b69c-7c21-4ae2-afe5-87eb6d2be3d4","geometry":{"type":"Point","coordinates":[-94.8229293583673,29.509931268140637]},"properties":{"substrate":"Mud","lease_number":null,"poll_year":2025}},{"type":"Feature","id":"9c4c2fa9-b4a8-42ca-9f01-55b1103ed017","geometry":{"type":"Point","coordinates":[-94.83006143644585,29.507940047332276]},"properties":{"substrate":"Buried Shell","lease_number":null,"poll_year":2025}},{"type":"Feature","id":"9c53802e-797a-43a6-ad49-b6edcc7290c9","geometry":{"type":"Point","coordinates":[-94.82134435560863,29.513224298324126]},"properties":{"substrate":"Mud","lease_number":null,"poll_year":2025}},{"type":"Feature","id":"9c548aa6-cea5-4282-853b-b3e9e60383bf","geometry":{"type":"Point","coordinates":[-94.82057370440113,29.51509430304931]},"properties":{"substrate":"Mud","lease_number":null,"poll_year":2025}},{"type":"Feature","id":"9c6a1573-f577-4006-9a0f-a3fbe7d22a30","geometry":{"type":"Point","coordinates":[-94.83285714991688,29.50754724586585]},"properties":{"substrate":"Mud","lease_number":null,"poll_year":2025}},{"type":"Feature","id":"9c6a1a1f-4648-4a3e-ba17-221662c49510","geometry":{"type":"Point","coordinates":[-94.82132627342028,29.511424443644184]},"properties":{"substrate":"Mud","lease_number":null,"poll_year":2025}},{"type":"Feature","id":"9cb98fe5-5d76-480d-bd00-4848074dfc59","geometry":{"type":"Point","coordinates":[-94.81520710241847,29.51504166632058]},"properties":{"substrate":"Mud","lease_number":null,"poll_year":2025}},{"type":"Feature","id":"9cd19024-432b-40ce-b2d5-33bb62e609fd","geometry":{"type":"Point","coordinates":[-94.82912343898235,29.509661794674894]},"properties":{"substrate":"Mud","lease_number":null,"poll_year":2025}},{"type":"Feature","id":"9cd446e0-e34a-423b-913b-636e244f8541","geometry":{"type":"Point","coordinates":[-94.82830999472965,29.508673766330922]},"properties":{"substrate":"Mud","lease_number":null,"poll_year":2025}},{"type":"Feature","id":"9d013347-5b3a-4165-8def-16aded718b3a","geometry":{"type":"Point","coordinates":[-94.81309742514338,29.50583181163003]},"properties":{"substrate":"Buried Shell","lease_number":null,"poll_year":2025}},{"type":"Feature","id":"9d06479b-e22f-494b-811f-ed9560cbe3d7","geometry":{"type":"Point","coordinates":[-94.82663284278914,29.5091572596899]},"properties":{"substrate":"Mud","lease_number":null,"poll_year":2025}},{"type":"Feature","id":"9d178d90-cd8b-4ee9-b76a-ad040b6cac12","geometry":{"type":"Point","coordinates":[-94.82626080641253,29.513202713375474]},"properties":{"substrate":"Mud","lease_number":null,"poll_year":2025}},{"type":"Feature","id":"9d1a78b0-00cc-4699-b2b8-8f32aa3989b2","geometry":{"type":"Point","coordinates":[-94.83278388601725,29.509137082647463]},"properties":{"substrate":"Mud","lease_number":null,"poll_year":2025}},{"type":"Feature","id":"9d36267c-7f3b-4232-8c16-8b9e6219b892","geometry":{"type":"Point","coordinates":[-94.82298104563213,29.51146820687336]},"properties":{"substrate":"Mud","lease_number":null,"poll_year":2025}},{"type":"Feature","id":"9d517cd8-882d-4e82-a055-aca40991e240","geometry":{"type":"Point","coordinates":[-94.81823796428817,29.512027995381764]},"properties":{"substrate":"Buried Shell","lease_number":null,"poll_year":2025}},{"type":"Feature","id":"9d5ff8ce-f6aa-4987-b87a-535f387d6c23","geometry":{"type":"Point","coordinates":[-94.8181839342171,29.5141967192896]},"properties":{"substrate":"Buried Shell","lease_number":null,"poll_year":2025}},{"type":"Feature","id":"9d6109f2-2d78-4d49-842a-22c09c4bf0a7","geometry":{"type":"Point","coordinates":[-94.83034724443664,29.506492379271876]},"properties":{"substrate":"Solid Reef","lease_number":null,"poll_year":2025}},{"type":"Feature","id":"9d687a4b-6396-481b-98b7-dbc23f91cde5","geometry":{"type":"Point","coordinates":[-94.8168972152519,29.515120420106147]},"properties":{"substrate":"Mud","lease_number":null,"poll_year":2025}},{"type":"Feature","id":"9d836720-7e53-4767-8487-d74e154fb88d","geometry":{"type":"Point","coordinates":[-94.81492274341022,29.51377842586853]},"properties":{"substrate":"Buried Shell","lease_number":null,"poll_year":2025}},{"type":"Feature","id":"9d84df80-a067-48d8-87ab-8c2d0279d9d5","geometry":{"type":"Point","coordinates":[-94.82737101900082,29.51247054068596]},"properties":{"substrate":"Mud","lease_number":null,"poll_year":2025}},{"type":"Feature","id":"9da88fb1-4a5b-4fb9-b782-658a20e8432c","geometry":{"type":"Point","coordinates":[-94.82763519016969,29.514460784316615]},"properties":{"substrate":"Mud","lease_number":null,"poll_year":2025}},{"type":"Feature","id":"9db9d6aa-561b-4995-9c92-0e7acb08ae01","geometry":{"type":"Point","coordinates":[-94.82071010010229,29.515025002017374]},"properties":{"substrate":"Mud","lease_number":null,"poll_year":2025}},{"type":"Feature","id":"9dea4ccf-5692-4b4d-abdd-1d6e5ca62aa9","geometry":{"type":"Point","coordinates":[-94.81623550812878,29.51247574406394]},"properties":{"substrate":"Mud","lease_number":null,"poll_year":2025}},{"type":"Feature","id":"9e11eafd-5fab-42e6-8142-31563b7f5181","geometry":{"type":"Point","coordinates":[-94.82508388942283,29.509519138629503]},"properties":{"substrate":"Mud","lease_number":null,"poll_year":2025}},{"type":"Feature","id":"9e2c9739-d456-4e50-b9b3-50d38985d2de","geometry":{"type":"Point","coordinates":[-94.82679850111069,29.51270744186445]},"properties":{"substrate":"Mud","lease_number":null,"poll_year":2025}},{"type":"Feature","id":"9e74dc7e-9e15-4bef-8a82-bedb8ae5a3e3","geometry":{"type":"Point","coordinates":[-94.83032416132708,29.50993901164292]},"properties":{"substrate":"Mud","lease_number":null,"poll_year":2025}},{"type":"Feature","id":"9eb31bb4-748c-4959-85b6-95ceeaf85be1","geometry":{"type":"Point","coordinates":[-94.82513616238921,29.508708801320715]},"properties":{"substrate":"Solid Reef","lease_number":null,"poll_year":2025}},{"type":"Feature","id":"9ee5fb07-c22f-4e9a-a7e6-2a3f220f9990","geometry":{"type":"Point","coordinates":[-94.81833716075342,29.51514733999996]},"properties":{"substrate":"Mud","lease_number":null,"poll_year":2025}},{"type":"Feature","id":"9eeda2ed-bc2d-4e0b-ae1f-d77585507b1d","geometry":{"type":"Point","coordinates":[-94.82439369762038,29.5147898323444]},"properties":{"substrate":"Mud","lease_number":null,"poll_year":2025}},{"type":"Feature","id":"9eedcea0-3e0d-4799-bd2c-288c73b9f926","geometry":{"type":"Point","coordinates":[-94.82077992255606,29.514439908671946]},"properties":{"substrate":"Mud","lease_number":null,"poll_year":2025}},{"type":"Feature","id":"9ef6b0c8-73f2-4caa-9191-7d6efa9a44ec","geometry":{"type":"Point","coordinates":[-94.82709508798658,29.508165745889237]},"properties":{"substrate":"Buried Shell","lease_number":null,"poll_year":2025}},{"type":"Feature","id":"9f157d5f-9242-4f70-825f-b8a88105a318","geometry":{"type":"Point","coordinates":[-94.81677123102487,29.51594063563097]},"properties":{"substrate":"Mud","lease_number":null,"poll_year":2025}},{"type":"Feature","id":"9f2507a7-ab18-4814-bdb6-f3fb24229799","geometry":{"type":"Point","coordinates":[-94.8320944766474,29.510841759226444]},"properties":{"substrate":"Mud","lease_number":null,"poll_year":2025}},{"type":"Feature","id":"9f273094-48ea-48cd-a9e3-2c4369e7c42e","geometry":{"type":"Point","coordinates":[-94.82265268624295,29.514252704666365]},"properties":{"substrate":"Mud","lease_number":null,"poll_year":2025}},{"type":"Feature","id":"9f372355-562a-40b9-8186-758b9650cf91","geometry":{"type":"Point","coordinates":[-94.82550447614729,29.516096089701705]},"properties":{"substrate":"Mud","lease_number":null,"poll_year":2025}},{"type":"Feature","id":"9f5f1ac0-77b6-4a4f-9b5c-0e15dcefeeb4","geometry":{"type":"Point","coordinates":[-94.81291323098426,29.514408202762127]},"properties":{"substrate":"Mud","lease_number":null,"poll_year":2025}},{"type":"Feature","id":"9f7d2d47-1c3e-450a-a692-f68f636ed2c2","geometry":{"type":"Point","coordinates":[-94.82519788832734,29.513159313629224]},"properties":{"substrate":"Mud","lease_number":null,"poll_year":2025}},{"type":"Feature","id":"9f8ef757-63e3-44fd-92b7-770550f0fce2","geometry":{"type":"Point","coordinates":[-94.82914570731994,29.514655953093143]},"properties":{"substrate":"Mud","lease_number":null,"poll_year":2025}},{"type":"Feature","id":"9fa0b9c4-ffe2-42d5-9d8c-ab01801b27a8","geometry":{"type":"Point","coordinates":[-94.81539150857999,29.516007106172637]},"properties":{"substrate":"Mud","lease_number":null,"poll_year":2025}},{"type":"Feature","id":"9fb01092-036e-482d-93e4-9fd55e40d979","geometry":{"type":"Point","coordinates":[-94.82942915543647,29.51160008667937]},"properties":{"substrate":"Mud","lease_number":null,"poll_year":2025}},{"type":"Feature","id":"9fb07377-15c5-4519-b86a-cae946322983","geometry":{"type":"Point","coordinates":[-94.81838004542675,29.51183793191889]},"properties":{"substrate":"Mud","lease_number":null,"poll_year":2025}},{"type":"Feature","id":"9fd7f00f-c98f-4283-8181-b1daf600f330","geometry":{"type":"Point","coordinates":[-94.8191700113112,29.51256658267965]},"properties":{"substrate":"Buried Shell","lease_number":null,"poll_year":2025}},{"type":"Feature","id":"9fe6643b-c859-49a9-99df-32a1baff90fe","geometry":{"type":"Point","coordinates":[-94.81515274266569,29.515842858268137]},"properties":{"substrate":"Mud","lease_number":null,"poll_year":2025}},{"type":"Feature","id":"a026673d-47a5-4f6d-9c16-3e34db5dee8e","geometry":{"type":"Point","coordinates":[-94.8277424121837,29.514916770361456]},"properties":{"substrate":"Mud","lease_number":null,"poll_year":2025}},{"type":"Feature","id":"a02e8d38-4ff1-4345-9cf5-aabd1b192c65","geometry":{"type":"Point","coordinates":[-94.83336680460174,29.50683482121998]},"properties":{"substrate":"Mud","lease_number":null,"poll_year":2025}},{"type":"Feature","id":"a0483c60-fc42-4567-8d3d-619ce16ce9ed","geometry":{"type":"Point","coordinates":[-94.81656675111002,29.513685902109746]},"properties":{"substrate":"Mud","lease_number":null,"poll_year":2025}},{"type":"Feature","id":"a04c303b-2e65-4bac-9c7c-a9919ce3cbc4","geometry":{"type":"Point","coordinates":[-94.83092648531834,29.512808304716]},"properties":{"substrate":"Mud","lease_number":null,"poll_year":2025}},{"type":"Feature","id":"a05ae832-60ff-4b47-81ba-ddd1ab114256","geometry":{"type":"Point","coordinates":[-94.81598295756642,29.512575148388347]},"properties":{"substrate":"Buried Shell","lease_number":null,"poll_year":2025}},{"type":"Feature","id":"a05cc30b-0407-4697-80b4-d46268571155","geometry":{"type":"Point","coordinates":[-94.82462413076212,29.511072062965496]},"properties":{"substrate":"Mud","lease_number":null,"poll_year":2025}},{"type":"Feature","id":"a0682bd1-0a3d-4c02-9670-bd7158d78517","geometry":{"type":"Point","coordinates":[-94.8235385661486,29.51410937262783]},"properties":{"substrate":"Mud","lease_number":null,"poll_year":2025}},{"type":"Feature","id":"a0829bc7-78a7-47f2-a424-e31c137a0062","geometry":{"type":"Point","coordinates":[-94.81615367519966,29.514340933792415]},"properties":{"substrate":"Mud","lease_number":null,"poll_year":2025}},{"type":"Feature","id":"a0906d65-3da5-49bf-9f5b-46b689092db4","geometry":{"type":"Point","coordinates":[-94.83293501768233,29.506476181861622]},"properties":{"substrate":"Mud","lease_number":null,"poll_year":2025}},{"type":"Feature","id":"a0b31663-6cd8-4787-92d3-4efc3700c09d","geometry":{"type":"Point","coordinates":[-94.83137315642371,29.508183740365823]},"properties":{"substrate":"Mud","lease_number":null,"poll_year":2025}},{"type":"Feature","id":"a0c7d55d-ed0e-4d90-9b69-2570c66b6908","geometry":{"type":"Point","coordinates":[-94.8183063790819,29.512127640146314]},"properties":{"substrate":"Mud","lease_number":null,"poll_year":2025}},{"type":"Feature","id":"a0d32d5b-860e-4d5d-92d4-b40aa6511ba2","geometry":{"type":"Point","coordinates":[-94.82449450656155,29.509509457843368]},"properties":{"substrate":"Mud","lease_number":null,"poll_year":2025}},{"type":"Feature","id":"a0e5e819-f69b-44c7-80ea-8bcb6c185fa6","geometry":{"type":"Point","coordinates":[-94.83071385858219,29.509485784748378]},"properties":{"substrate":"Mud","lease_number":null,"poll_year":2025}},{"type":"Feature","id":"a0ebc90a-8ed1-4ffe-b5bb-8c8be985a9fd","geometry":{"type":"Point","coordinates":[-94.8156256427807,29.514584694281066]},"properties":{"substrate":"Mud","lease_number":null,"poll_year":2025}},{"type":"Feature","id":"a0fdb400-4292-4cf8-adeb-4b5905b3d738","geometry":{"type":"Point","coordinates":[-94.82382313356598,29.509802217760857]},"properties":{"substrate":"Buried Shell","lease_number":null,"poll_year":2025}},{"type":"Feature","id":"a106a8d6-24b9-4482-a486-ed4b0a226785","geometry":{"type":"Point","coordinates":[-94.81479554016936,29.51521643222454]},"properties":{"substrate":"Mud","lease_number":null,"poll_year":2025}},{"type":"Feature","id":"a10c24f9-2dec-4fe4-87e8-26960ac8cf9c","geometry":{"type":"Point","coordinates":[-94.8278132892596,29.51177448484332]},"properties":{"substrate":"Mud","lease_number":null,"poll_year":2025}},{"type":"Feature","id":"a1216617-4edd-4592-87b9-4f3fbf9d30c0","geometry":{"type":"Point","coordinates":[-94.81530837309371,29.513618175336948]},"properties":{"substrate":"Solid Reef","lease_number":null,"poll_year":2025}},{"type":"Feature","id":"a128e4d8-7e24-44ad-9bfc-cc8321acaa0e","geometry":{"type":"Point","coordinates":[-94.82764317798919,29.509786436786182]},"properties":{"substrate":"Mud","lease_number":null,"poll_year":2025}},{"type":"Feature","id":"a1305cc6-2a50-4be8-a533-2a491510fb4d","geometry":{"type":"Point","coordinates":[-94.82193462959869,29.512238192701115]},"properties":{"substrate":"Mud","lease_number":null,"poll_year":2025}},{"type":"Feature","id":"a13efe3f-d582-400c-9bf1-065bcaa54a54","geometry":{"type":"Point","coordinates":[-94.82502244735235,29.51007136328867]},"properties":{"substrate":"Mud","lease_number":null,"poll_year":2025}},{"type":"Feature","id":"a14231f8-7192-447e-991b-9132c0ddc3dd","geometry":{"type":"Point","coordinates":[-94.82666235244622,29.508023563065105]},"properties":{"substrate":"Mud","lease_number":null,"poll_year":2025}},{"type":"Feature","id":"a142762c-7323-4a92-b6d9-c398dd550ee1","geometry":{"type":"Point","coordinates":[-94.82671116420381,29.51093009217405]},"properties":{"substrate":"Mud","lease_number":null,"poll_year":2025}},{"type":"Feature","id":"a14f21a3-b3a5-4e6f-9fbf-fc860f6fdb5f","geometry":{"type":"Point","coordinates":[-94.82660095079993,29.509688132813327]},"properties":{"substrate":"Mud","lease_number":null,"poll_year":2025}},{"type":"Feature","id":"a1599274-0826-4873-baed-3679b50788ad","geometry":{"type":"Point","coordinates":[-94.82844285286524,29.51382633133948]},"properties":{"substrate":"Mud","lease_number":null,"poll_year":2025}},{"type":"Feature","id":"a15fde44-e116-4838-87c6-abae1e999d8a","geometry":{"type":"Point","coordinates":[-94.82498928155205,29.508765309620674]},"properties":{"substrate":"Solid Reef","lease_number":null,"poll_year":2025}},{"type":"Feature","id":"a17ff959-de68-4bc4-a046-3a2c37f0c4b7","geometry":{"type":"Point","coordinates":[-94.82241355740926,29.513571091385753]},"properties":{"substrate":"Mud","lease_number":null,"poll_year":2025}},{"type":"Feature","id":"a1812c4b-d1b3-49e8-9e22-a9e9d113e8f0","geometry":{"type":"Point","coordinates":[-94.83004540780621,29.510556802057987]},"properties":{"substrate":"Mud","lease_number":null,"poll_year":2025}},{"type":"Feature","id":"a18d699e-c3c4-4002-ba14-f479d78c1e61","geometry":{"type":"Point","coordinates":[-94.82512079940123,29.51135431064555]},"properties":{"substrate":"Mud","lease_number":null,"poll_year":2025}},{"type":"Feature","id":"a1b71881-4d90-425b-81f7-086e4af8fd8a","geometry":{"type":"Point","coordinates":[-94.82815872741895,29.514730793788114]},"properties":{"substrate":"Mud","lease_number":null,"poll_year":2025}},{"type":"Feature","id":"a1f4a24e-3c89-4a98-9533-7d8511ea0072","geometry":{"type":"Point","coordinates":[-94.82040076882747,29.513012769381373]},"properties":{"substrate":"Mud","lease_number":null,"poll_year":2025}},{"type":"Feature","id":"a1f93a4a-1b68-4b42-b821-77b8434cc59e","geometry":{"type":"Point","coordinates":[-94.8170314747593,29.5156042266353]},"properties":{"substrate":"Mud","lease_number":null,"poll_year":2025}},{"type":"Feature","id":"a2107468-bc20-4c30-b04e-1abf461dd1fa","geometry":{"type":"Point","coordinates":[-94.82599873101324,29.51122916387969]},"properties":{"substrate":"Mud","lease_number":null,"poll_year":2025}},{"type":"Feature","id":"a223250c-a4e6-4214-9e57-896ce7233a50","geometry":{"type":"Point","coordinates":[-94.83075562844625,29.509997865367833]},"properties":{"substrate":"Mud","lease_number":null,"poll_year":2025}},{"type":"Feature","id":"a239e9c6-6fd2-4e77-8efd-9171d086ec7a","geometry":{"type":"Point","coordinates":[-94.81983007900894,29.511661058800147]},"properties":{"substrate":"Mud","lease_number":null,"poll_year":2025}},{"type":"Feature","id":"a2552cf0-66a8-4556-b4ec-0d41525f774f","geometry":{"type":"Point","coordinates":[-94.8240177904032,29.510786625656433]},"properties":{"substrate":"Mud","lease_number":null,"poll_year":2025}},{"type":"Feature","id":"a2621187-0414-4ef7-bceb-4c3630487d5a","geometry":{"type":"Point","coordinates":[-94.83181044013435,29.509345556668876]},"properties":{"substrate":"Mud","lease_number":null,"poll_year":2025}},{"type":"Feature","id":"a262f8d7-6c1b-4167-bed9-dbedb0e621b8","geometry":{"type":"Point","coordinates":[-94.83286204843012,29.50596085925306]},"properties":{"substrate":"Mud","lease_number":null,"poll_year":2025}},{"type":"Feature","id":"a2709894-a2f6-4f59-8884-50a81d99a8d0","geometry":{"type":"Point","coordinates":[-94.81995882914872,29.515092651238458]},"properties":{"substrate":"Mud","lease_number":null,"poll_year":2025}},{"type":"Feature","id":"a27fcb09-169d-40c4-877a-7e47ed78a42c","geometry":{"type":"Point","coordinates":[-94.8273020050308,29.51354284600773]},"properties":{"substrate":"Mud","lease_number":null,"poll_year":2025}},{"type":"Feature","id":"a2d337a8-6737-415e-98e9-f0207733af1e","geometry":{"type":"Point","coordinates":[-94.8139870833631,29.51472309208464]},"properties":{"substrate":"Mud","lease_number":null,"poll_year":2025}},{"type":"Feature","id":"a2ef15cc-3c31-4b79-b63b-e1026251bfbf","geometry":{"type":"Point","coordinates":[-94.82738303037449,29.515323071164765]},"properties":{"substrate":"Mud","lease_number":null,"poll_year":2025}},{"type":"Feature","id":"a2fe8b56-06db-4b19-8463-8de60d77b7a4","geometry":{"type":"Point","coordinates":[-94.83112956386138,29.507483684304123]},"properties":{"substrate":"Mud","lease_number":null,"poll_year":2025}},{"type":"Feature","id":"a302c788-cf7e-4df2-aebc-a45c110382c3","geometry":{"type":"Point","coordinates":[-94.83070561564114,29.508985344654953]},"properties":{"substrate":"Mud","lease_number":null,"poll_year":2025}},{"type":"Feature","id":"a31a8cd8-2167-43fe-8eba-6948915a9764","geometry":{"type":"Point","coordinates":[-94.8254406418632,29.511467780029513]},"properties":{"substrate":"Mud","lease_number":null,"poll_year":2025}},{"type":"Feature","id":"a325d91b-d882-4670-8abb-51aa6488b2b2","geometry":{"type":"Point","coordinates":[-94.82419735734031,29.514364697215754]},"properties":{"substrate":"Mud","lease_number":null,"poll_year":2025}},{"type":"Feature","id":"a33f9e48-64d6-4d90-8d21-314a6f7b5adf","geometry":{"type":"Point","coordinates":[-94.81301811737852,29.50613862029994]},"properties":{"substrate":"Mud","lease_number":null,"poll_year":2025}},{"type":"Feature","id":"a3404023-c268-4344-a03c-cc7cb7edb433","geometry":{"type":"Point","coordinates":[-94.83213220229608,29.50626066724583]},"properties":{"substrate":"Mud","lease_number":null,"poll_year":2025}},{"type":"Feature","id":"a350df1e-63c3-420b-875a-6dd679b92ebc","geometry":{"type":"Point","coordinates":[-94.8259943148953,29.510734655883443]},"properties":{"substrate":"Mud","lease_number":null,"poll_year":2025}},{"type":"Feature","id":"a370b446-320d-4fcf-a5e5-be974970ee5c","geometry":{"type":"Point","coordinates":[-94.82758252733446,29.513433366657246]},"properties":{"substrate":"Mud","lease_number":null,"poll_year":2025}},{"type":"Feature","id":"a3728313-2b6a-4f71-9662-1507d36fa08a","geometry":{"type":"Point","coordinates":[-94.81649661514419,29.51501097607683]},"properties":{"substrate":"Mud","lease_number":null,"poll_year":2025}},{"type":"Feature","id":"a39bb8e1-54e9-4b67-8732-b13ae2da2987","geometry":{"type":"Point","coordinates":[-94.81883463518135,29.51404073931375]},"properties":{"substrate":"Mud","lease_number":null,"poll_year":2025}},{"type":"Feature","id":"a3a9d461-9d09-4e60-b2f7-f7036475ab24","geometry":{"type":"Point","coordinates":[-94.82432932524542,29.50905629938621]},"properties":{"substrate":"Solid Reef","lease_number":null,"poll_year":2025}},{"type":"Feature","id":"a3db1c53-befa-4a8e-9e00-724a2b28bc32","geometry":{"type":"Point","coordinates":[-94.82557830418891,29.514272645384313]},"properties":{"substrate":"Mud","lease_number":null,"poll_year":2025}},{"type":"Feature","id":"a45d36ee-a1f3-4c45-b0d0-f832c949bb3b","geometry":{"type":"Point","coordinates":[-94.82334343140764,29.51289088614489]},"properties":{"substrate":"Mud","lease_number":null,"poll_year":2025}},{"type":"Feature","id":"a466d901-1a23-49d4-95b5-1a481aa75565","geometry":{"type":"Point","coordinates":[-94.83256309898503,29.5076746948778]},"properties":{"substrate":"Mud","lease_number":null,"poll_year":2025}},{"type":"Feature","id":"a480d6a1-6218-4ead-b32b-baa91c1bad28","geometry":{"type":"Point","coordinates":[-94.83162959758955,29.51065813298842]},"properties":{"substrate":"Mud","lease_number":null,"poll_year":2025}},{"type":"Feature","id":"a481cd3a-0ffd-4f37-a2c0-6512d96a7c2d","geometry":{"type":"Point","coordinates":[-94.81953840591765,29.511145194239063]},"properties":{"substrate":"Buried Shell","lease_number":null,"poll_year":2025}},{"type":"Feature","id":"a49eecdf-e3c7-4c2d-ab23-410feb9c2cf0","geometry":{"type":"Point","coordinates":[-94.83176193290564,29.50616881991405]},"properties":{"substrate":"Mud","lease_number":null,"poll_year":2025}},{"type":"Feature","id":"a4bec6fb-1172-42c4-8c22-ee3f7339930a","geometry":{"type":"Point","coordinates":[-94.81404373741314,29.515005028614695]},"properties":{"substrate":"Buried Shell","lease_number":null,"poll_year":2025}},{"type":"Feature","id":"a4de1d83-4b0f-4ff1-b62b-a82503860852","geometry":{"type":"Point","coordinates":[-94.81874739619084,29.51271193774135]},"properties":{"substrate":"Solid Reef","lease_number":null,"poll_year":2025}},{"type":"Feature","id":"a4f039fc-4695-4a57-b7c5-9dfcb9ce49d4","geometry":{"type":"Point","coordinates":[-94.82408292724446,29.51566593195465]},"properties":{"substrate":"Mud","lease_number":null,"poll_year":2025}},{"type":"Feature","id":"a502b6d8-26ec-4507-8355-99e9a39a7aae","geometry":{"type":"Point","coordinates":[-94.83057104801156,29.5069494206803]},"properties":{"substrate":"Buried Shell","lease_number":null,"poll_year":2025}},{"type":"Feature","id":"a509dba9-f22a-4560-9b8b-b0b9488a9215","geometry":{"type":"Point","coordinates":[-94.83169374808061,29.507770481084354]},"properties":{"substrate":"Mud","lease_number":null,"poll_year":2025}},{"type":"Feature","id":"a50dbcc4-af4b-496c-82c8-02f49bf4c249","geometry":{"type":"Point","coordinates":[-94.81839092132991,29.51360879513428]},"properties":{"substrate":"Mud","lease_number":null,"poll_year":2025}},{"type":"Feature","id":"a5312f28-f328-4a4e-b968-00936adfbf9b","geometry":{"type":"Point","coordinates":[-94.82739216713924,29.509058660373505]},"properties":{"substrate":"Buried Shell","lease_number":null,"poll_year":2025}},{"type":"Feature","id":"a5395a76-44b9-4301-868a-c7f70da62cbf","geometry":{"type":"Point","coordinates":[-94.81732534423148,29.515971529624476]},"properties":{"substrate":"Mud","lease_number":null,"poll_year":2025}},{"type":"Feature","id":"a545f17c-46b4-4dfc-9a2a-192966200372","geometry":{"type":"Point","coordinates":[-94.81231098694307,29.505462924641225]},"properties":{"substrate":"Buried Shell","lease_number":null,"poll_year":2025}},{"type":"Feature","id":"a550e18e-72cf-4994-92db-0660a9c72c2e","geometry":{"type":"Point","coordinates":[-94.82536651378426,29.51075346919919]},"properties":{"substrate":"Mud","lease_number":null,"poll_year":2025}},{"type":"Feature","id":"a555e205-f741-4d1f-942e-a1cdfe8dd5e5","geometry":{"type":"Point","coordinates":[-94.8223508532058,29.515383854989892]},"properties":{"substrate":"Mud","lease_number":null,"poll_year":2025}},{"type":"Feature","id":"a56004dd-489c-41e3-b625-5ef2dae133d8","geometry":{"type":"Point","coordinates":[-94.82512625666658,29.51289199623594]},"properties":{"substrate":"Mud","lease_number":null,"poll_year":2025}},{"type":"Feature","id":"a573e450-0379-4e67-a2b8-b50e0d362e90","geometry":{"type":"Point","coordinates":[-94.83024004757546,29.511783494660396]},"properties":{"substrate":"Mud","lease_number":null,"poll_year":2025}},{"type":"Feature","id":"a5831898-755e-4f1b-bf8a-3304372dd430","geometry":{"type":"Point","coordinates":[-94.81279624518145,29.514979615874136]},"properties":{"substrate":"Buried Shell","lease_number":null,"poll_year":2025}},{"type":"Feature","id":"a5853e04-4b09-4bf6-97cf-f6e10903cc9a","geometry":{"type":"Point","coordinates":[-94.82155680896996,29.5144872611382]},"properties":{"substrate":"Mud","lease_number":null,"poll_year":2025}},{"type":"Feature","id":"a5a19b84-ba41-44c1-ac19-c67240eaa25e","geometry":{"type":"Point","coordinates":[-94.8272433360596,29.514310521636784]},"properties":{"substrate":"Mud","lease_number":null,"poll_year":2025}},{"type":"Feature","id":"a5a85345-1b63-4875-85f2-46587fa0120b","geometry":{"type":"Point","coordinates":[-94.82386844728387,29.511891448232433]},"properties":{"substrate":"Mud","lease_number":null,"poll_year":2025}},{"type":"Feature","id":"a5b51964-825d-43b4-8f50-50955f082a38","geometry":{"type":"Point","coordinates":[-94.83157860382414,29.50649912936473]},"properties":{"substrate":"Buried Shell","lease_number":null,"poll_year":2025}},{"type":"Feature","id":"a5be52d0-f5d5-4250-ad73-f90d1b982459","geometry":{"type":"Point","coordinates":[-94.82941405655319,29.50742342032028]},"properties":{"substrate":"Solid Reef","lease_number":null,"poll_year":2025}},{"type":"Feature","id":"a5d28bb7-9a2e-4f02-a49c-9479fba9ee0d","geometry":{"type":"Point","coordinates":[-94.82880526379357,29.51083589985934]},"properties":{"substrate":"Mud","lease_number":null,"poll_year":2025}},{"type":"Feature","id":"a5e7cf5c-fb79-46b8-9705-021e86109c87","geometry":{"type":"Point","coordinates":[-94.82986961199668,29.50934003963558]},"properties":{"substrate":"Mud","lease_number":null,"poll_year":2025}},{"type":"Feature","id":"a5ed44a1-7647-4d95-ad8c-cbfd99267197","geometry":{"type":"Point","coordinates":[-94.82473901810043,29.514118021852678]},"properties":{"substrate":"Mud","lease_number":null,"poll_year":2025}},{"type":"Feature","id":"a5ee3dce-98b3-44cf-a1b3-cf2c115db4cd","geometry":{"type":"Point","coordinates":[-94.82949790620012,29.510279381175128]},"properties":{"substrate":"Mud","lease_number":null,"poll_year":2025}},{"type":"Feature","id":"a605171f-0d75-4467-8017-b69f988fcb02","geometry":{"type":"Point","coordinates":[-94.81275816020667,29.50578341061774]},"properties":{"substrate":"Buried Shell","lease_number":null,"poll_year":2025}},{"type":"Feature","id":"a60b7cb9-d3f0-4ae7-acd4-44cdf1680516","geometry":{"type":"Point","coordinates":[-94.82930478997359,29.50855763417317]},"properties":{"substrate":"Mud","lease_number":null,"poll_year":2025}},{"type":"Feature","id":"a67d4421-7f18-44d4-a29c-844ca9249522","geometry":{"type":"Point","coordinates":[-94.8305793484448,29.509040840390252]},"properties":{"substrate":"Mud","lease_number":null,"poll_year":2025}},{"type":"Feature","id":"a69a8cdc-5cb8-4c9a-bc24-d0d8ca381a5f","geometry":{"type":"Point","coordinates":[-94.82469356065211,29.510212340866737]},"properties":{"substrate":"Mud","lease_number":null,"poll_year":2025}},{"type":"Feature","id":"a69daf7e-661a-4329-87ca-10a6196d000c","geometry":{"type":"Point","coordinates":[-94.81287715823572,29.50616982062602]},"properties":{"substrate":"Buried Shell","lease_number":null,"poll_year":2025}},{"type":"Feature","id":"a6ab2a29-bc62-45d0-a471-218347512ce7","geometry":{"type":"Point","coordinates":[-94.82107285778032,29.510994657708462]},"properties":{"substrate":"Mud","lease_number":null,"poll_year":2025}},{"type":"Feature","id":"a6fda0c2-e20a-4592-a144-bc9f202e227f","geometry":{"type":"Point","coordinates":[-94.8152388372025,29.51554887521055]},"properties":{"substrate":"Mud","lease_number":null,"poll_year":2025}},{"type":"Feature","id":"a708d89f-11d7-49dc-a7f2-02a93a84e14f","geometry":{"type":"Point","coordinates":[-94.82263919714065,29.513704563217843]},"properties":{"substrate":"Mud","lease_number":null,"poll_year":2025}},{"type":"Feature","id":"a7240d58-d207-40d0-97b0-329b4e4b7b54","geometry":{"type":"Point","coordinates":[-94.81748020121003,29.515912569930613]},"properties":{"substrate":"Mud","lease_number":null,"poll_year":2025}},{"type":"Feature","id":"a74d1a77-8d32-4b92-bebc-d47f1eef273f","geometry":{"type":"Point","coordinates":[-94.82043040963858,29.513443293319416]},"properties":{"substrate":"Mud","lease_number":null,"poll_year":2025}},{"type":"Feature","id":"a7515392-321c-4412-b9c5-7a5a9feb292c","geometry":{"type":"Point","coordinates":[-94.82078056035992,29.512817237047305]},"properties":{"substrate":"Mud","lease_number":null,"poll_year":2025}},{"type":"Feature","id":"a75a227f-747c-465f-a3b1-4f660b5bb7dd","geometry":{"type":"Point","coordinates":[-94.8330824105592,29.506411617354363]},"properties":{"substrate":"Mud","lease_number":null,"poll_year":2025}},{"type":"Feature","id":"a78a56e7-4186-46fa-bf42-792363370d12","geometry":{"type":"Point","coordinates":[-94.83118154307866,29.50668667919409]},"properties":{"substrate":"Mud","lease_number":null,"poll_year":2025}},{"type":"Feature","id":"a7904047-04f8-44db-adb5-8ba26510fde0","geometry":{"type":"Point","coordinates":[-94.82715923218944,29.51101336231005]},"properties":{"substrate":"Mud","lease_number":null,"poll_year":2025}},{"type":"Feature","id":"a7b8ab44-f9e3-4758-a8e5-d222fa55d7dd","geometry":{"type":"Point","coordinates":[-94.82952154177356,29.51313455397029]},"properties":{"substrate":"Mud","lease_number":null,"poll_year":2025}},{"type":"Feature","id":"a7b992dd-3d3b-4739-8404-0f239798cbba","geometry":{"type":"Point","coordinates":[-94.82861019013802,29.508318338042614]},"properties":{"substrate":"Mud","lease_number":null,"poll_year":2025}},{"type":"Feature","id":"a7fd0ff4-fc44-4377-9c56-dab3d7f3abd8","geometry":{"type":"Point","coordinates":[-94.83125869758179,29.507957155296445]},"properties":{"substrate":"Mud","lease_number":null,"poll_year":2025}},{"type":"Feature","id":"a8270427-fc44-4ec7-825a-4861d58cc93d","geometry":{"type":"Point","coordinates":[-94.82552363092408,29.513510169665768]},"properties":{"substrate":"Mud","lease_number":null,"poll_year":2025}},{"type":"Feature","id":"a827f8e3-a554-435b-be8b-abc1de4b6675","geometry":{"type":"Point","coordinates":[-94.8121576400325,29.515983555765516]},"properties":{"substrate":"Buried Shell","lease_number":null,"poll_year":2025}},{"type":"Feature","id":"a845507a-d61b-4f5a-b017-66d5ea436509","geometry":{"type":"Point","coordinates":[-94.82556896170996,29.510936697343684]},"properties":{"substrate":"Mud","lease_number":null,"poll_year":2025}},{"type":"Feature","id":"a89d25ce-ffe2-4bfa-9308-9bab19444e3f","geometry":{"type":"Point","coordinates":[-94.82301765557321,29.510404017053602]},"properties":{"substrate":"Mud","lease_number":null,"poll_year":2025}},{"type":"Feature","id":"a8a05b51-4a76-4d90-b3c6-8e61a40953ab","geometry":{"type":"Point","coordinates":[-94.82589551279045,29.50891928306617]},"properties":{"substrate":"Mud","lease_number":null,"poll_year":2025}},{"type":"Feature","id":"a8bd05de-b821-493c-a717-e7297b47b820","geometry":{"type":"Point","coordinates":[-94.83223046181847,29.505967484292093]},"properties":{"substrate":"Mud","lease_number":null,"poll_year":2025}},{"type":"Feature","id":"a8ce6916-fd8e-4514-8d25-00012ea75f2d","geometry":{"type":"Point","coordinates":[-94.83364091293427,29.505637285687648]},"properties":{"substrate":"Buried Shell","lease_number":null,"poll_year":2025}},{"type":"Feature","id":"a8cf1cbb-dc7b-46b3-88ab-31c045d1c5e4","geometry":{"type":"Point","coordinates":[-94.82667961986262,29.51506905996828]},"properties":{"substrate":"Mud","lease_number":null,"poll_year":2025}},{"type":"Feature","id":"a8d33f34-d5a6-4683-8928-e059c6e752b2","geometry":{"type":"Point","coordinates":[-94.82984391389137,29.51169373808439]},"properties":{"substrate":"Mud","lease_number":null,"poll_year":2025}},{"type":"Feature","id":"a8d447c2-f642-4b0c-ac82-655556dcc781","geometry":{"type":"Point","coordinates":[-94.81341606206624,29.51393117763672]},"properties":{"substrate":"Buried Shell","lease_number":null,"poll_year":2025}},{"type":"Feature","id":"a8e8ab5f-6a28-4187-913f-3ab44953b2ea","geometry":{"type":"Point","coordinates":[-94.82042153967346,29.51131694768917]},"properties":{"substrate":"Buried Shell","lease_number":null,"poll_year":2025}},{"type":"Feature","id":"a8fd2934-94f8-45be-b188-a622e1d48105","geometry":{"type":"Point","coordinates":[-94.83225209864041,29.510387347296128]},"properties":{"substrate":"Mud","lease_number":null,"poll_year":2025}},{"type":"Feature","id":"a90a1a89-6bc0-4d52-bc6b-dfd635591be5","geometry":{"type":"Point","coordinates":[-94.82111862335078,29.51487292732251]},"properties":{"substrate":"Mud","lease_number":null,"poll_year":2025}},{"type":"Feature","id":"a90f5dea-8fc0-43d0-aa68-7f59d8ce0d55","geometry":{"type":"Point","coordinates":[-94.8296555856853,29.50994011316682]},"properties":{"substrate":"Mud","lease_number":null,"poll_year":2025}},{"type":"Feature","id":"a914b598-04a8-4d6d-be0e-bcee9118a3d3","geometry":{"type":"Point","coordinates":[-94.82283716516801,29.511840176358717]},"properties":{"substrate":"Mud","lease_number":null,"poll_year":2025}},{"type":"Feature","id":"a92174d0-7df3-4d7e-940f-c86e0b444b96","geometry":{"type":"Point","coordinates":[-94.82115215566371,29.512606610182605]},"properties":{"substrate":"Mud","lease_number":null,"poll_year":2025}},{"type":"Feature","id":"a9346728-3c83-4f0e-8fbc-d9c6b7d9d0f7","geometry":{"type":"Point","coordinates":[-94.83272877976445,29.509683768922752]},"properties":{"substrate":"Mud","lease_number":null,"poll_year":2025}},{"type":"Feature","id":"a936de93-544a-4afa-8a67-5e646c8a397c","geometry":{"type":"Point","coordinates":[-94.8173723827147,29.515482127633963]},"properties":{"substrate":"Mud","lease_number":null,"poll_year":2025}},{"type":"Feature","id":"a94c5337-4617-4676-8a21-58b5cb389f1b","geometry":{"type":"Point","coordinates":[-94.81898158698542,29.512937290286562]},"properties":{"substrate":"Buried Shell","lease_number":null,"poll_year":2025}},{"type":"Feature","id":"a9629c64-e3bb-4055-a39b-9d0bc42e3ebe","geometry":{"type":"Point","coordinates":[-94.82909663864416,29.50729092370724]},"properties":{"substrate":"Buried Shell","lease_number":null,"poll_year":2025}},{"type":"Feature","id":"a96990d5-f40f-4afe-8b60-6aabd3f1ac92","geometry":{"type":"Point","coordinates":[-94.81713659561386,29.51253974731091]},"properties":{"substrate":"Buried Shell","lease_number":null,"poll_year":2025}},{"type":"Feature","id":"a98709e3-90b4-4743-86f2-67dd3d089df6","geometry":{"type":"Point","coordinates":[-94.82662198125905,29.512251378634755]},"properties":{"substrate":"Mud","lease_number":null,"poll_year":2025}},{"type":"Feature","id":"a9bdd531-938c-466e-9ffb-f1266f4e8ba6","geometry":{"type":"Point","coordinates":[-94.81995469420346,29.512810081644947]},"properties":{"substrate":"Buried Shell","lease_number":null,"poll_year":2025}},{"type":"Feature","id":"a9c46ed9-d92f-4361-86ab-3a10405af746","geometry":{"type":"Point","coordinates":[-94.8147900882939,29.51599051707443]},"properties":{"substrate":"Mud","lease_number":null,"poll_year":2025}},{"type":"Feature","id":"a9c994c6-c168-45ad-81f0-8a6bdf65b15e","geometry":{"type":"Point","coordinates":[-94.82232203974307,29.514899818357797]},"properties":{"substrate":"Mud","lease_number":null,"poll_year":2025}},{"type":"Feature","id":"a9d6a0b8-850c-4cd0-bb6b-70e2976508db","geometry":{"type":"Point","coordinates":[-94.82359909463243,29.511768953870604]},"properties":{"substrate":"Mud","lease_number":null,"poll_year":2025}},{"type":"Feature","id":"a9d87822-2b67-4836-9ba6-adfd408e5d0f","geometry":{"type":"Point","coordinates":[-94.83098022433528,29.510428917317856]},"properties":{"substrate":"Mud","lease_number":null,"poll_year":2025}},{"type":"Feature","id":"a9da53dd-ec99-454f-895a-49537368bac6","geometry":{"type":"Point","coordinates":[-94.83154427290891,29.507837132113224]},"properties":{"substrate":"Mud","lease_number":null,"poll_year":2025}},{"type":"Feature","id":"a9fa0afc-09cc-4670-8080-b77e8ce662e4","geometry":{"type":"Point","coordinates":[-94.82192078656016,29.512968274316812]},"properties":{"substrate":"Mud","lease_number":null,"poll_year":2025}},{"type":"Feature","id":"a9ffa2df-4688-414a-beca-2a17d9b43db2","geometry":{"type":"Point","coordinates":[-94.82603170277743,29.508858245969282]},"properties":{"substrate":"Mud","lease_number":null,"poll_year":2025}},{"type":"Feature","id":"aa075427-67df-4a21-a9a7-e4cbc86c7974","geometry":{"type":"Point","coordinates":[-94.82293593044191,29.514943298658498]},"properties":{"substrate":"Mud","lease_number":null,"poll_year":2025}},{"type":"Feature","id":"aa11d8c2-4a51-4078-a39c-c857447687ff","geometry":{"type":"Point","coordinates":[-94.8268402071944,29.51345641264728]},"properties":{"substrate":"Mud","lease_number":null,"poll_year":2025}},{"type":"Feature","id":"aa39dc23-6f46-40d9-af44-9e5ef6c09ae7","geometry":{"type":"Point","coordinates":[-94.81423540106384,29.515706110669736]},"properties":{"substrate":"Mud","lease_number":null,"poll_year":2025}},{"type":"Feature","id":"aa66e0fb-7cdf-438a-80fa-3c00a30b1ba4","geometry":{"type":"Point","coordinates":[-94.8130980674388,29.506633842642604]},"properties":{"substrate":"Buried Shell","lease_number":null,"poll_year":2025}},{"type":"Feature","id":"aa6abb69-4198-45bd-b7b6-f42c01e7c0e3","geometry":{"type":"Point","coordinates":[-94.82430720962144,29.51269756281721]},"properties":{"substrate":"Mud","lease_number":null,"poll_year":2025}},{"type":"Feature","id":"aa8b90c5-ee2f-4424-a636-bffe34a5adb7","geometry":{"type":"Point","coordinates":[-94.81782844929961,29.513291162307127]},"properties":{"substrate":"Buried Shell","lease_number":null,"poll_year":2025}},{"type":"Feature","id":"aa948550-26bd-4076-a931-bc063b10eb57","geometry":{"type":"Point","coordinates":[-94.81437293043889,29.514544050766258]},"properties":{"substrate":"Mud","lease_number":null,"poll_year":2025}},{"type":"Feature","id":"aa976ab6-fa4c-405c-bb01-47aaf19ed48d","geometry":{"type":"Point","coordinates":[-94.83219851143878,29.50649034267324]},"properties":{"substrate":"Mud","lease_number":null,"poll_year":2025}},{"type":"Feature","id":"aaa2e5e7-d6da-48cb-86d9-b054dddac9db","geometry":{"type":"Point","coordinates":[-94.82826191330238,29.508183679386168]},"properties":{"substrate":"Mud","lease_number":null,"poll_year":2025}},{"type":"Feature","id":"aaaec033-bf43-4c58-ae60-3b68a303fcb7","geometry":{"type":"Point","coordinates":[-94.82904282955865,29.507840246777736]},"properties":{"substrate":"Mud","lease_number":null,"poll_year":2025}},{"type":"Feature","id":"ab18e99d-1470-4a75-abcb-011288e93b68","geometry":{"type":"Point","coordinates":[-94.82643100032797,29.508239915134453]},"properties":{"substrate":"Mud","lease_number":null,"poll_year":2025}},{"type":"Feature","id":"ab2eafcc-f786-4fb1-aadc-72bd42045448","geometry":{"type":"Point","coordinates":[-94.82201809925826,29.514515875234782]},"properties":{"substrate":"Mud","lease_number":null,"poll_year":2025}},{"type":"Feature","id":"ab31967e-884f-4c0f-9abf-2622c7451ed9","geometry":{"type":"Point","coordinates":[-94.83110904903523,29.510618328301636]},"properties":{"substrate":"Mud","lease_number":null,"poll_year":2025}},{"type":"Feature","id":"ab3c7915-ceb3-4898-8a05-61e14184a8c5","geometry":{"type":"Point","coordinates":[-94.82239576537674,29.514357129944276]},"properties":{"substrate":"Mud","lease_number":null,"poll_year":2025}},{"type":"Feature","id":"ab4461db-11f1-4fc3-8c69-3e29fe6ea75a","geometry":{"type":"Point","coordinates":[-94.83267330610073,29.508464319162968]},"properties":{"substrate":"Mud","lease_number":null,"poll_year":2025}},{"type":"Feature","id":"ab62e70b-a19a-499b-bb7b-d055bb4f418c","geometry":{"type":"Point","coordinates":[-94.81489505014665,29.515705909764517]},"properties":{"substrate":"Mud","lease_number":null,"poll_year":2025}},{"type":"Feature","id":"ab6a7057-38a8-422f-ab1d-487bd4d7e2e4","geometry":{"type":"Point","coordinates":[-94.82723694993625,29.510712240162945]},"properties":{"substrate":"Mud","lease_number":null,"poll_year":2025}},{"type":"Feature","id":"aba8acd3-1c23-4d24-bfc6-2688a9ef9d83","geometry":{"type":"Point","coordinates":[-94.81467368459938,29.514431301688706]},"properties":{"substrate":"Mud","lease_number":null,"poll_year":2025}},{"type":"Feature","id":"abb03073-4a6b-4fc8-8143-caef36bb5557","geometry":{"type":"Point","coordinates":[-94.83060279267708,29.506404507625625]},"properties":{"substrate":"Solid Reef","lease_number":null,"poll_year":2025}},{"type":"Feature","id":"abbaf747-df4a-435b-9f53-d31dd794c49b","geometry":{"type":"Point","coordinates":[-94.82785607242333,29.50783441616321]},"properties":{"substrate":"Buried Shell","lease_number":null,"poll_year":2025}},{"type":"Feature","id":"abd88dac-e2c1-42d5-a7a5-11f7bf0fd41d","geometry":{"type":"Point","coordinates":[-94.82536115443527,29.51177173381965]},"properties":{"substrate":"Mud","lease_number":null,"poll_year":2025}},{"type":"Feature","id":"ac0394d5-d553-48e0-80b5-1d814685ca5d","geometry":{"type":"Point","coordinates":[-94.82414497477946,29.512551769950935]},"properties":{"substrate":"Mud","lease_number":null,"poll_year":2025}},{"type":"Feature","id":"ac075475-ba55-4337-b11b-32e0a494a471","geometry":{"type":"Point","coordinates":[-94.82951766284816,29.507111681611033]},"properties":{"substrate":"Solid Reef","lease_number":null,"poll_year":2025}},{"type":"Feature","id":"ac081a56-5a02-46b3-bebb-f97f4652c72f","geometry":{"type":"Point","coordinates":[-94.82965201128879,29.512309596227134]},"properties":{"substrate":"Mud","lease_number":null,"poll_year":2025}},{"type":"Feature","id":"ac0aaa88-24a7-4d45-a348-d24f0a470b82","geometry":{"type":"Point","coordinates":[-94.82526735774321,29.51494030694552]},"properties":{"substrate":"Mud","lease_number":null,"poll_year":2025}},{"type":"Feature","id":"ac0d6e35-718d-4779-bd86-e91220aba5aa","geometry":{"type":"Point","coordinates":[-94.8173503614138,29.515205246358946]},"properties":{"substrate":"Mud","lease_number":null,"poll_year":2025}},{"type":"Feature","id":"ac1ad0f7-24fe-4539-a3c2-79179dd3d96b","geometry":{"type":"Point","coordinates":[-94.83023948702673,29.513345891911325]},"properties":{"substrate":"Mud","lease_number":null,"poll_year":2025}},{"type":"Feature","id":"ac75dbff-dc3d-4758-99e4-be5858751a8c","geometry":{"type":"Point","coordinates":[-94.82073501577501,29.513492686618495]},"properties":{"substrate":"Mud","lease_number":null,"poll_year":2025}},{"type":"Feature","id":"ac80236e-bc20-421e-826e-aa0bb2605f08","geometry":{"type":"Point","coordinates":[-94.8292233109807,29.513541122250626]},"properties":{"substrate":"Mud","lease_number":null,"poll_year":2025}},{"type":"Feature","id":"ac9925de-6e60-42ba-a89d-cea31b5b57b4","geometry":{"type":"Point","coordinates":[-94.81867300760048,29.515015525791352]},"properties":{"substrate":"Mud","lease_number":null,"poll_year":2025}},{"type":"Feature","id":"ac9dcdfa-dbcc-4cbb-9856-179eded21df4","geometry":{"type":"Point","coordinates":[-94.81503017293505,29.51589270067328]},"properties":{"substrate":"Mud","lease_number":null,"poll_year":2025}},{"type":"Feature","id":"acb75344-ce8d-492f-83f7-e1c1106ec876","geometry":{"type":"Point","coordinates":[-94.82739021779508,29.50935892513441]},"properties":{"substrate":"Mud","lease_number":null,"poll_year":2025}},{"type":"Feature","id":"acba8b7f-013a-4541-9b68-fcd657c79798","geometry":{"type":"Point","coordinates":[-94.8225659565972,29.509790570047755]},"properties":{"substrate":"Mud","lease_number":null,"poll_year":2025}},{"type":"Feature","id":"acdb21e3-5186-497b-91e0-4dee635260e5","geometry":{"type":"Point","coordinates":[-94.82820972926922,29.508491389366814]},"properties":{"substrate":"Mud","lease_number":null,"poll_year":2025}},{"type":"Feature","id":"acde77d8-e1bc-490a-8b85-584aad98e180","geometry":{"type":"Point","coordinates":[-94.82736603155436,29.512221274646233]},"properties":{"substrate":"Mud","lease_number":null,"poll_year":2025}},{"type":"Feature","id":"ace617ca-6da8-40fe-a5a8-b83f1634fb89","geometry":{"type":"Point","coordinates":[-94.8323805074204,29.5091600913083]},"properties":{"substrate":"Mud","lease_number":null,"poll_year":2025}},{"type":"Feature","id":"ace8f846-dede-4ab9-b73c-288115d29747","geometry":{"type":"Point","coordinates":[-94.82461739429579,29.51208581987709]},"properties":{"substrate":"Mud","lease_number":null,"poll_year":2025}},{"type":"Feature","id":"acee11fd-a2d4-4923-b945-4dc9b45ac4e0","geometry":{"type":"Point","coordinates":[-94.8261459055995,29.510659630862676]},"properties":{"substrate":"Mud","lease_number":null,"poll_year":2025}},{"type":"Feature","id":"acf9a64c-737a-4b7b-9117-66e6ef3aa1c6","geometry":{"type":"Point","coordinates":[-94.82308731543192,29.513765849115206]},"properties":{"substrate":"Mud","lease_number":null,"poll_year":2025}},{"type":"Feature","id":"ad11aade-0444-491f-8886-a12ae506e2ba","geometry":{"type":"Point","coordinates":[-94.82925879443442,29.508813624774557]},"properties":{"substrate":"Mud","lease_number":null,"poll_year":2025}},{"type":"Feature","id":"ad19f4a3-c159-48d3-a226-9b57fd06c766","geometry":{"type":"Point","coordinates":[-94.82518981516787,29.5089445550434]},"properties":{"substrate":"Buried Shell","lease_number":null,"poll_year":2025}},{"type":"Feature","id":"ad2d1fde-3bf3-4e0a-9f21-7911f08ea3ca","geometry":{"type":"Point","coordinates":[-94.82495706257606,29.51141593725226]},"properties":{"substrate":"Mud","lease_number":null,"poll_year":2025}},{"type":"Feature","id":"ad37bb92-6768-4bf6-99a7-0a6a24c27e15","geometry":{"type":"Point","coordinates":[-94.82203556789726,29.515516423873866]},"properties":{"substrate":"Mud","lease_number":null,"poll_year":2025}},{"type":"Feature","id":"ad438588-3106-4487-adc1-65027f98ad9b","geometry":{"type":"Point","coordinates":[-94.81366286341076,29.513576659002172]},"properties":{"substrate":"Buried Shell","lease_number":null,"poll_year":2025}},{"type":"Feature","id":"ad4adf99-f9bb-4f05-987a-07af7a759121","geometry":{"type":"Point","coordinates":[-94.82741585122172,29.51373668836493]},"properties":{"substrate":"Mud","lease_number":null,"poll_year":2025}},{"type":"Feature","id":"ad50489f-e6c3-4cdb-87c6-e1c2985d1379","geometry":{"type":"Point","coordinates":[-94.81457065771778,29.51345271418839]},"properties":{"substrate":"Buried Shell","lease_number":null,"poll_year":2025}},{"type":"Feature","id":"ad50d78e-8700-4eaa-ac32-8df4f34a3994","geometry":{"type":"Point","coordinates":[-94.83210083582128,29.509426153635406]},"properties":{"substrate":"Mud","lease_number":null,"poll_year":2025}},{"type":"Feature","id":"ad59725d-fb3e-4d91-ad07-518f9fd01116","geometry":{"type":"Point","coordinates":[-94.82075898013184,29.510549790341933]},"properties":{"substrate":"Mud","lease_number":null,"poll_year":2025}},{"type":"Feature","id":"ad9dba86-6b9c-4397-969c-6821aa027ed4","geometry":{"type":"Point","coordinates":[-94.82449713772701,29.511127946877227]},"properties":{"substrate":"Mud","lease_number":null,"poll_year":2025}},{"type":"Feature","id":"ada824eb-0f4d-45a1-b4e5-b185dfd10d33","geometry":{"type":"Point","coordinates":[-94.82501530484751,29.51563091031704]},"properties":{"substrate":"Mud","lease_number":null,"poll_year":2025}},{"type":"Feature","id":"adafbb2e-cb90-4f54-b361-1e1d4b2da367","geometry":{"type":"Point","coordinates":[-94.82250108925055,29.511672195024595]},"properties":{"substrate":"Mud","lease_number":null,"poll_year":2025}},{"type":"Feature","id":"adb8217f-2659-4fdd-b00c-e6251990f506","geometry":{"type":"Point","coordinates":[-94.82867970985956,29.50774221063391]},"properties":{"substrate":"Mud","lease_number":null,"poll_year":2025}},{"type":"Feature","id":"adcca8ba-259e-45ea-b2ac-3e39451246ac","geometry":{"type":"Point","coordinates":[-94.8220438162282,29.512412410743064]},"properties":{"substrate":"Mud","lease_number":null,"poll_year":2025}},{"type":"Feature","id":"adce5d75-2c80-4dda-adb5-f5241157eefd","geometry":{"type":"Point","coordinates":[-94.82962640660824,29.508115927823575]},"properties":{"substrate":"Mud","lease_number":null,"poll_year":2025}},{"type":"Feature","id":"ade20d8f-f5dd-4d47-8d51-ea72ad03605e","geometry":{"type":"Point","coordinates":[-94.81286262888432,29.506479399766103]},"properties":{"substrate":"Buried Shell","lease_number":null,"poll_year":2025}},{"type":"Feature","id":"aded577f-6251-4f53-97ca-dad52ec8efb2","geometry":{"type":"Point","coordinates":[-94.81752571704884,29.512453930682405]},"properties":{"substrate":"Mud","lease_number":null,"poll_year":2025}},{"type":"Feature","id":"adf97a7e-cae3-47cb-84c7-53bfa78761db","geometry":{"type":"Point","coordinates":[-94.83350085210675,29.50593493215766]},"properties":{"substrate":"Mud","lease_number":null,"poll_year":2025}},{"type":"Feature","id":"ae0a0a1a-dc86-4af8-8363-8ce452bf5ccc","geometry":{"type":"Point","coordinates":[-94.81900406373214,29.511604971924093]},"properties":{"substrate":"Buried Shell","lease_number":null,"poll_year":2025}},{"type":"Feature","id":"ae1dc37f-1058-49c8-baf2-073a9e4cef09","geometry":{"type":"Point","coordinates":[-94.82545960080728,29.509110248714872]},"properties":{"substrate":"Buried Shell","lease_number":null,"poll_year":2025}},{"type":"Feature","id":"ae2a0421-ac1e-486a-83f8-f703b9fae72c","geometry":{"type":"Point","coordinates":[-94.81979572473752,29.51326374863446]},"properties":{"substrate":"Mud","lease_number":null,"poll_year":2025}},{"type":"Feature","id":"ae467075-680e-4fd1-92d1-fc7b8d03383d","geometry":{"type":"Point","coordinates":[-94.82169120591963,29.51180477033363]},"properties":{"substrate":"Mud","lease_number":null,"poll_year":2025}},{"type":"Feature","id":"ae56a970-b392-4bbd-9639-f8e20cc53b53","geometry":{"type":"Point","coordinates":[-94.83169636666966,29.509942983070417]},"properties":{"substrate":"Mud","lease_number":null,"poll_year":2025}},{"type":"Feature","id":"ae7c93d1-7164-4c40-9859-2921e7c31ed2","geometry":{"type":"Point","coordinates":[-94.83213757601808,29.508149604253862]},"properties":{"substrate":"Mud","lease_number":null,"poll_year":2025}},{"type":"Feature","id":"ae8de37e-1518-4318-82da-293c1c18d2c4","geometry":{"type":"Point","coordinates":[-94.82011585286374,29.51111938964548]},"properties":{"substrate":"Buried Shell","lease_number":null,"poll_year":2025}},{"type":"Feature","id":"ae906ae8-f859-4ad3-8aa8-9772c5f9c185","geometry":{"type":"Point","coordinates":[-94.82399056516189,29.515552593917917]},"properties":{"substrate":"Buried Shell","lease_number":null,"poll_year":2025}},{"type":"Feature","id":"ae98224c-ebb0-4da1-8fe1-237d1dbe14de","geometry":{"type":"Point","coordinates":[-94.82719530763293,29.511993985647894]},"properties":{"substrate":"Mud","lease_number":null,"poll_year":2025}},{"type":"Feature","id":"ae986172-9ef9-431b-a2b4-942bc1a9eca2","geometry":{"type":"Point","coordinates":[-94.82897886681548,29.51050064264693]},"properties":{"substrate":"Mud","lease_number":null,"poll_year":2025}},{"type":"Feature","id":"aea6a619-ad74-4978-9c7a-b94292a14a1f","geometry":{"type":"Point","coordinates":[-94.81987261962753,29.51217259290997]},"properties":{"substrate":"Buried Shell","lease_number":null,"poll_year":2025}},{"type":"Feature","id":"aecfb964-bac3-4e7f-9f82-1ac4cc998e15","geometry":{"type":"Point","coordinates":[-94.82483094988997,29.512488013746943]},"properties":{"substrate":"Mud","lease_number":null,"poll_year":2025}},{"type":"Feature","id":"aefaa28b-1e38-4430-b96f-5cdc3b104316","geometry":{"type":"Point","coordinates":[-94.82521077735503,29.510817943379156]},"properties":{"substrate":"Mud","lease_number":null,"poll_year":2025}},{"type":"Feature","id":"af137fc2-19c8-465f-b3fd-7c6b71115738","geometry":{"type":"Point","coordinates":[-94.83278328055275,29.506542425641236]},"properties":{"substrate":"Mud","lease_number":null,"poll_year":2025}},{"type":"Feature","id":"af2d8900-eea7-420e-8541-76c6407bf798","geometry":{"type":"Point","coordinates":[-94.8256962404093,29.512155157319]},"properties":{"substrate":"Mud","lease_number":null,"poll_year":2025}},{"type":"Feature","id":"af5e71bc-ce94-4cb8-a4c0-c2deb89cd70e","geometry":{"type":"Point","coordinates":[-94.82332574357967,29.50949595414966]},"properties":{"substrate":"Mud","lease_number":null,"poll_year":2025}},{"type":"Feature","id":"af669fea-9f38-4b0c-98b6-73c506441169","geometry":{"type":"Point","coordinates":[-94.82796038838737,29.511199621677857]},"properties":{"substrate":"Mud","lease_number":null,"poll_year":2025}},{"type":"Feature","id":"af78f466-51af-4451-9ce9-39ecb3a853fc","geometry":{"type":"Point","coordinates":[-94.81665009680206,29.514173639071373]},"properties":{"substrate":"Mud","lease_number":null,"poll_year":2025}},{"type":"Feature","id":"af7bc092-b658-4012-a2ae-9525072b944b","geometry":{"type":"Point","coordinates":[-94.83082724842892,29.512437405887766]},"properties":{"substrate":"Mud","lease_number":null,"poll_year":2025}},{"type":"Feature","id":"af945bb2-c7bc-4e7e-a17b-eae99fb17abd","geometry":{"type":"Point","coordinates":[-94.8263067184084,29.51291220692711]},"properties":{"substrate":"Mud","lease_number":null,"poll_year":2025}},{"type":"Feature","id":"afa2555f-a9cd-4af3-839d-99274601ca28","geometry":{"type":"Point","coordinates":[-94.82803285458303,29.510362418877776]},"properties":{"substrate":"Mud","lease_number":null,"poll_year":2025}},{"type":"Feature","id":"afc90310-173e-4f78-a1c4-249edc7d3f8a","geometry":{"type":"Point","coordinates":[-94.81954785260118,29.513785432670485]},"properties":{"substrate":"Mud","lease_number":null,"poll_year":2025}},{"type":"Feature","id":"afe63c25-7272-42f2-97c8-b081f851aa65","geometry":{"type":"Point","coordinates":[-94.82948329061044,29.514791431783635]},"properties":{"substrate":"Mud","lease_number":null,"poll_year":2025}},{"type":"Feature","id":"aff2046c-8f05-4d0d-8948-d5021a6d91d2","geometry":{"type":"Point","coordinates":[-94.8215609780512,29.513448022906914]},"properties":{"substrate":"Mud","lease_number":null,"poll_year":2025}},{"type":"Feature","id":"b001954a-3d42-492f-9d43-99784b6dc4fb","geometry":{"type":"Point","coordinates":[-94.82779853892264,29.512540969978808]},"properties":{"substrate":"Mud","lease_number":null,"poll_year":2025}},{"type":"Feature","id":"b02eb7ab-e4a8-4187-8b3a-90a5ffba5865","geometry":{"type":"Point","coordinates":[-94.83032646999737,29.50728976508332]},"properties":{"substrate":"Buried Shell","lease_number":null,"poll_year":2025}},{"type":"Feature","id":"b0398aa0-2044-49a4-b072-742ebc3f2072","geometry":{"type":"Point","coordinates":[-94.8288478241751,29.510034941899224]},"properties":{"substrate":"Mud","lease_number":null,"poll_year":2025}},{"type":"Feature","id":"b03a93ee-e239-4e67-a66f-531e340a9b4d","geometry":{"type":"Point","coordinates":[-94.81800831807061,29.515923748682454]},"properties":{"substrate":"Mud","lease_number":null,"poll_year":2025}},{"type":"Feature","id":"b062c9a8-3e37-4568-9670-bd87c7fc99d9","geometry":{"type":"Point","coordinates":[-94.83147849467055,29.509478693216504]},"properties":{"substrate":"Mud","lease_number":null,"poll_year":2025}},{"type":"Feature","id":"b0809db1-58a1-467a-8896-386ad461154a","geometry":{"type":"Point","coordinates":[-94.83018956944301,29.508177457896107]},"properties":{"substrate":"Mud","lease_number":null,"poll_year":2025}},{"type":"Feature","id":"b08119df-dbca-4462-9e12-e5fc538c78ef","geometry":{"type":"Point","coordinates":[-94.82984509607428,29.513316264334716]},"properties":{"substrate":"Mud","lease_number":null,"poll_year":2025}},{"type":"Feature","id":"b08d3e23-0afa-413a-932f-7a908d17bf85","geometry":{"type":"Point","coordinates":[-94.82224281462321,29.511254472805064]},"properties":{"substrate":"Mud","lease_number":null,"poll_year":2025}},{"type":"Feature","id":"b0aaa3de-db42-455e-99e1-64b3e482dd65","geometry":{"type":"Point","coordinates":[-94.82676089942952,29.515560996773353]},"properties":{"substrate":"Mud","lease_number":null,"poll_year":2025}},{"type":"Feature","id":"b1188d19-5a08-4268-8d4c-33a9d740083f","geometry":{"type":"Point","coordinates":[-94.8298525673625,29.512478612332096]},"properties":{"substrate":"Mud","lease_number":null,"poll_year":2025}},{"type":"Feature","id":"b1274344-0501-4075-84c9-253c7becd223","geometry":{"type":"Point","coordinates":[-94.82283795658378,29.515455584625194]},"properties":{"substrate":"Mud","lease_number":null,"poll_year":2025}},{"type":"Feature","id":"b1517eb1-a8e2-4f18-92db-e4d0673b7996","geometry":{"type":"Point","coordinates":[-94.82264244095714,29.51266210393261]},"properties":{"substrate":"Mud","lease_number":null,"poll_year":2025}},{"type":"Feature","id":"b195c883-ae5a-488a-842a-995c14b26328","geometry":{"type":"Point","coordinates":[-94.81756510907238,29.51489444937586]},"properties":{"substrate":"Mud","lease_number":null,"poll_year":2025}},{"type":"Feature","id":"b19ba559-a811-4e18-9aed-58e8e1e61d85","geometry":{"type":"Point","coordinates":[-94.8280614767046,29.50856149933173]},"properties":{"substrate":"Mud","lease_number":null,"poll_year":2025}},{"type":"Feature","id":"b1a6f8be-52b4-4a7d-b0b6-602b620aa2a3","geometry":{"type":"Point","coordinates":[-94.82764499258607,29.50872513674999]},"properties":{"substrate":"Mud","lease_number":null,"poll_year":2025}},{"type":"Feature","id":"b1cb6e79-af85-4c16-a404-e1c46a069d1f","geometry":{"type":"Point","coordinates":[-94.82317540422866,29.511928863354868]},"properties":{"substrate":"Mud","lease_number":null,"poll_year":2025}},{"type":"Feature","id":"b1cf6655-2431-4686-b431-9721206ee088","geometry":{"type":"Point","coordinates":[-94.82007965884264,29.51475879571349]},"properties":{"substrate":"Mud","lease_number":null,"poll_year":2025}},{"type":"Feature","id":"b20d277c-609a-4ae7-bdab-5bde96235321","geometry":{"type":"Point","coordinates":[-94.82457370024036,29.511846518796844]},"properties":{"substrate":"Mud","lease_number":null,"poll_year":2025}},{"type":"Feature","id":"b224ff11-c1b3-4c89-a9cb-3690b7bf7a59","geometry":{"type":"Point","coordinates":[-94.81385308706207,29.51562312894532]},"properties":{"substrate":"Solid Reef","lease_number":null,"poll_year":2025}},{"type":"Feature","id":"b24aca22-b2f0-43b7-a9d5-737063dce189","geometry":{"type":"Point","coordinates":[-94.81728718739147,29.51497670389953]},"properties":{"substrate":"Mud","lease_number":null,"poll_year":2025}},{"type":"Feature","id":"b25758b6-a819-4c3f-ad07-606bc49fa088","geometry":{"type":"Point","coordinates":[-94.82360344427505,29.510452860685756]},"properties":{"substrate":"Mud","lease_number":null,"poll_year":2025}},{"type":"Feature","id":"b2800d91-b04c-40de-8200-3fe1eb4fa48c","geometry":{"type":"Point","coordinates":[-94.81243398696672,29.505383279112284]},"properties":{"substrate":"Buried Shell","lease_number":null,"poll_year":2025}},{"type":"Feature","id":"b2802ee2-8951-4902-928a-dc4d9cd601e3","geometry":{"type":"Point","coordinates":[-94.82088450801471,29.512382968169902]},"properties":{"substrate":"Mud","lease_number":null,"poll_year":2025}},{"type":"Feature","id":"b28b2d56-1c0c-47c8-9cec-49b6b9a1b6b6","geometry":{"type":"Point","coordinates":[-94.82060291312258,29.51355118961706]},"properties":{"substrate":"Mud","lease_number":null,"poll_year":2025}},{"type":"Feature","id":"b28cc924-5a5f-4f1f-8c51-c7ac3a10fc6a","geometry":{"type":"Point","coordinates":[-94.83267281382396,29.506814786784265]},"properties":{"substrate":"Mud","lease_number":null,"poll_year":2025}},{"type":"Feature","id":"b2a9fe44-8321-4c66-ba46-e7f181333cc2","geometry":{"type":"Point","coordinates":[-94.82896404730823,29.507348868178106]},"properties":{"substrate":"Buried Shell","lease_number":null,"poll_year":2025}},{"type":"Feature","id":"b2adf251-22f1-4b44-8ec0-222f6c425d9b","geometry":{"type":"Point","coordinates":[-94.82892238344535,29.511020363049226]},"properties":{"substrate":"Mud","lease_number":null,"poll_year":2025}},{"type":"Feature","id":"b2c6fc38-184a-4bc2-92a4-c55dcb60d72d","geometry":{"type":"Point","coordinates":[-94.82586359924167,29.514671860732292]},"properties":{"substrate":"Mud","lease_number":null,"poll_year":2025}},{"type":"Feature","id":"b2c956c6-b587-4d9a-ac12-3a407f5f5d35","geometry":{"type":"Point","coordinates":[-94.8122381497432,29.514943225175124]},"properties":{"substrate":"Mud","lease_number":null,"poll_year":2025}},{"type":"Feature","id":"b2edb158-4f07-4913-8457-43d725d58a48","geometry":{"type":"Point","coordinates":[-94.81319887188842,29.515048046081493]},"properties":{"substrate":"Buried Shell","lease_number":null,"poll_year":2025}},{"type":"Feature","id":"b2f28632-c884-4c92-acd6-1e674ffe68cc","geometry":{"type":"Point","coordinates":[-94.8312734569019,29.510085304700105]},"properties":{"substrate":"Mud","lease_number":null,"poll_year":2025}},{"type":"Feature","id":"b30e9d99-ff12-47b7-99a4-0e162806a9d7","geometry":{"type":"Point","coordinates":[-94.82828574111528,29.515178847117145]},"properties":{"substrate":"Mud","lease_number":null,"poll_year":2025}},{"type":"Feature","id":"b315c58c-c075-4fdc-acf7-1c76ab89379d","geometry":{"type":"Point","coordinates":[-94.82594287376887,29.515902241700847]},"properties":{"substrate":"Mud","lease_number":null,"poll_year":2025}},{"type":"Feature","id":"b32bb140-5a81-4dad-8cdd-94805025b8fe","geometry":{"type":"Point","coordinates":[-94.81822420479295,29.512695691293874]},"properties":{"substrate":"Mud","lease_number":null,"poll_year":2025}},{"type":"Feature","id":"b32d5328-6342-43ac-bc6e-f698e5174a64","geometry":{"type":"Point","coordinates":[-94.82781119528669,29.515691937857863]},"properties":{"substrate":"Mud","lease_number":null,"poll_year":2025}},{"type":"Feature","id":"b33321c5-233d-43a3-9f20-5b07cc16c624","geometry":{"type":"Point","coordinates":[-94.81292797593134,29.514919114795614]},"properties":{"substrate":"Buried Shell","lease_number":null,"poll_year":2025}},{"type":"Feature","id":"b337e2ca-3cf3-46c4-a3f6-2882713282fb","geometry":{"type":"Point","coordinates":[-94.82917569038918,29.511965378655983]},"properties":{"substrate":"Mud","lease_number":null,"poll_year":2025}},{"type":"Feature","id":"b346c3da-d8b0-421b-b326-0d9b62f7c1ba","geometry":{"type":"Point","coordinates":[-94.83006560283212,29.510830651836166]},"properties":{"substrate":"Mud","lease_number":null,"poll_year":2025}},{"type":"Feature","id":"b34712a8-1494-4c83-ad64-5edfda98598f","geometry":{"type":"Point","coordinates":[-94.83212925133036,29.511169701091948]},"properties":{"substrate":"Mud","lease_number":null,"poll_year":2025}},{"type":"Feature","id":"b34dba67-d1ad-4b5d-9b9c-a695bcdeef94","geometry":{"type":"Point","coordinates":[-94.82691908556454,29.51188100467339]},"properties":{"substrate":"Mud","lease_number":null,"poll_year":2025}},{"type":"Feature","id":"b371b195-3c2a-43d3-aace-90f4a91edc06","geometry":{"type":"Point","coordinates":[-94.8184788412434,29.512047477644405]},"properties":{"substrate":"Mud","lease_number":null,"poll_year":2025}},{"type":"Feature","id":"b3857b64-86c6-4569-a8a9-4e5d0ae694fc","geometry":{"type":"Point","coordinates":[-94.83323997685667,29.5071513313169]},"properties":{"substrate":"Mud","lease_number":null,"poll_year":2025}},{"type":"Feature","id":"b391bd94-689c-41a3-9766-588543864aef","geometry":{"type":"Point","coordinates":[-94.82778298639013,29.511274336718767]},"properties":{"substrate":"Mud","lease_number":null,"poll_year":2025}},{"type":"Feature","id":"b396f82e-d8a2-45e8-8dc4-d1e5ebdb23d0","geometry":{"type":"Point","coordinates":[-94.83324119856546,29.508939478133083]},"properties":{"substrate":"Mud","lease_number":null,"poll_year":2025}},{"type":"Feature","id":"b3a10e40-402d-4a95-99b0-de2c44d3322a","geometry":{"type":"Point","coordinates":[-94.81395254942865,29.513974762325777]},"properties":{"substrate":"Buried Shell","lease_number":null,"poll_year":2025}},{"type":"Feature","id":"b3be1c8f-6072-4a5d-84bd-f069262b18c3","geometry":{"type":"Point","coordinates":[-94.8290126281988,29.510230486643863]},"properties":{"substrate":"Mud","lease_number":null,"poll_year":2025}},{"type":"Feature","id":"b3cd7b07-f20c-4ceb-94d8-e0acc4be9479","geometry":{"type":"Point","coordinates":[-94.83103404420058,29.511801744912095]},"properties":{"substrate":"Mud","lease_number":null,"poll_year":2025}},{"type":"Feature","id":"b3efdbba-9702-4022-92f3-4732c63f2808","geometry":{"type":"Point","coordinates":[-94.81873389271549,29.51395551104919]},"properties":{"substrate":"Mud","lease_number":null,"poll_year":2025}},{"type":"Feature","id":"b3f1cfa6-f243-47e1-a9fe-7832c80fdabc","geometry":{"type":"Point","coordinates":[-94.82592281259195,29.511786544317122]},"properties":{"substrate":"Mud","lease_number":null,"poll_year":2025}},{"type":"Feature","id":"b406a2b6-f3a5-41f8-bc55-104c46ae5ed1","geometry":{"type":"Point","coordinates":[-94.8246438910034,29.51360965271266]},"properties":{"substrate":"Mud","lease_number":null,"poll_year":2025}},{"type":"Feature","id":"b432b936-aa9d-4884-a6bd-cb40a5ac9a9d","geometry":{"type":"Point","coordinates":[-94.82246295037685,29.512228608331416]},"properties":{"substrate":"Mud","lease_number":null,"poll_year":2025}},{"type":"Feature","id":"b440a48d-e32d-41c7-b706-571079e5d441","geometry":{"type":"Point","coordinates":[-94.82887345131351,29.514770646107237]},"properties":{"substrate":"Mud","lease_number":null,"poll_year":2025}},{"type":"Feature","id":"b452fa9b-58c3-45b8-b3e4-b55e7b273c12","geometry":{"type":"Point","coordinates":[-94.81607989656537,29.514931986902837]},"properties":{"substrate":"Mud","lease_number":null,"poll_year":2025}},{"type":"Feature","id":"b456af17-2e88-49d5-aa8a-4970e7b3c48e","geometry":{"type":"Point","coordinates":[-94.82011339417481,29.512728866658804]},"properties":{"substrate":"Buried Shell","lease_number":null,"poll_year":2025}},{"type":"Feature","id":"b4a1e8cb-f992-44e4-996f-ac6b6f0806b9","geometry":{"type":"Point","coordinates":[-94.83365376243611,29.50537414363564]},"properties":{"substrate":"Mud","lease_number":null,"poll_year":2025}},{"type":"Feature","id":"b4b08aca-9c7c-4eb3-a61f-13ec5f09bbfb","geometry":{"type":"Point","coordinates":[-94.82388650342108,29.51084605505312]},"properties":{"substrate":"Mud","lease_number":null,"poll_year":2025}},{"type":"Feature","id":"b4bf1431-59e2-49d8-9c11-ff9e59b9c123","geometry":{"type":"Point","coordinates":[-94.81462833674553,29.515297693682246]},"properties":{"substrate":"Mud","lease_number":null,"poll_year":2025}},{"type":"Feature","id":"b4e00df7-6c73-421a-8add-0d050c1113d9","geometry":{"type":"Point","coordinates":[-94.82811301844235,29.511132369338082]},"properties":{"substrate":"Mud","lease_number":null,"poll_year":2025}},{"type":"Feature","id":"b4ef8d80-425f-466b-aa8b-127f97b4d774","geometry":{"type":"Point","coordinates":[-94.81730940901664,29.514145987205662]},"properties":{"substrate":"Mud","lease_number":null,"poll_year":2025}},{"type":"Feature","id":"b4f2d214-e3f6-4118-be01-eda07ae83d91","geometry":{"type":"Point","coordinates":[-94.82956231091441,29.50947156024976]},"properties":{"substrate":"Mud","lease_number":null,"poll_year":2025}},{"type":"Feature","id":"b4fb3273-45d0-4878-9e44-9d170c3273de","geometry":{"type":"Point","coordinates":[-94.81739709626646,29.512932576310355]},"properties":{"substrate":"Buried Shell","lease_number":null,"poll_year":2025}},{"type":"Feature","id":"b50778ca-b2d4-4821-94a1-3af7fe4c412b","geometry":{"type":"Point","coordinates":[-94.82623746279157,29.512164790164782]},"properties":{"substrate":"Mud","lease_number":null,"poll_year":2025}},{"type":"Feature","id":"b51440cb-43cf-4201-915f-c9f3a89ee03a","geometry":{"type":"Point","coordinates":[-94.82044874694847,29.5125761193302]},"properties":{"substrate":"Mud","lease_number":null,"poll_year":2025}},{"type":"Feature","id":"b53cd603-cd9d-4a16-a016-15844bc7f0b1","geometry":{"type":"Point","coordinates":[-94.83141701487084,29.50789196239038]},"properties":{"substrate":"Mud","lease_number":null,"poll_year":2025}},{"type":"Feature","id":"b547d125-d794-4d85-bb55-3a22949b0b61","geometry":{"type":"Point","coordinates":[-94.82343946220982,29.513067037901873]},"properties":{"substrate":"Mud","lease_number":null,"poll_year":2025}},{"type":"Feature","id":"b554a4f1-c36b-4fa9-a6dd-20850fcadf6e","geometry":{"type":"Point","coordinates":[-94.81483490344681,29.51544935107435]},"properties":{"substrate":"Mud","lease_number":null,"poll_year":2025}},{"type":"Feature","id":"b56143a1-f11c-4cd4-8109-415378acaa44","geometry":{"type":"Point","coordinates":[-94.82893392859339,29.51180107025089]},"properties":{"substrate":"Mud","lease_number":null,"poll_year":2025}},{"type":"Feature","id":"b56ba45d-2a04-4287-96ec-924df682a645","geometry":{"type":"Point","coordinates":[-94.83205750827851,29.50841859938131]},"properties":{"substrate":"Mud","lease_number":null,"poll_year":2025}},{"type":"Feature","id":"b5df3f88-fb27-4dcc-8052-932a7aa9890d","geometry":{"type":"Point","coordinates":[-94.812550817361,29.506623429813196]},"properties":{"substrate":"Buried Shell","lease_number":null,"poll_year":2025}},{"type":"Feature","id":"b5e7ff06-f353-44e4-a322-efda3f2a6b09","geometry":{"type":"Point","coordinates":[-94.83042758526406,29.50859075929634]},"properties":{"substrate":"Mud","lease_number":null,"poll_year":2025}},{"type":"Feature","id":"b6162c38-0c87-4ade-9220-2c4d47121da1","geometry":{"type":"Point","coordinates":[-94.82267360531097,29.515258856263912]},"properties":{"substrate":"Mud","lease_number":null,"poll_year":2025}},{"type":"Feature","id":"b62b2d77-488f-4f31-a259-8047a4e849d4","geometry":{"type":"Point","coordinates":[-94.81419310838025,29.506718546228317]},"properties":{"substrate":"Mud","lease_number":null,"poll_year":2025}},{"type":"Feature","id":"b64e761c-b0e7-4811-89ed-78ab4028c6f5","geometry":{"type":"Point","coordinates":[-94.83134042810296,29.508982308985903]},"properties":{"substrate":"Mud","lease_number":null,"poll_year":2025}},{"type":"Feature","id":"b651416e-0a6e-4a72-95cf-7801d763b4f7","geometry":{"type":"Point","coordinates":[-94.82601984411737,29.514603738276584]},"properties":{"substrate":"Mud","lease_number":null,"poll_year":2025}},{"type":"Feature","id":"b6a23f88-5b9f-4193-ab04-5ba014b9a907","geometry":{"type":"Point","coordinates":[-94.8297967199996,29.511150880817592]},"properties":{"substrate":"Mud","lease_number":null,"poll_year":2025}},{"type":"Feature","id":"b6c4aa25-ff9a-430c-92b0-c3e149207712","geometry":{"type":"Point","coordinates":[-94.82454146868798,29.510038609993728]},"properties":{"substrate":"Mud","lease_number":null,"poll_year":2025}},{"type":"Feature","id":"b6c7feb5-0b67-419b-9677-64e155ad5fa9","geometry":{"type":"Point","coordinates":[-94.82616668542865,29.508800497808853]},"properties":{"substrate":"Buried Shell","lease_number":null,"poll_year":2025}},{"type":"Feature","id":"b6d37f06-9f20-4219-a06c-c0e4fbd2f675","geometry":{"type":"Point","coordinates":[-94.82577974240822,29.51263486520302]},"properties":{"substrate":"Mud","lease_number":null,"poll_year":2025}},{"type":"Feature","id":"b6ecd890-ab18-4658-9a88-7baed1368c04","geometry":{"type":"Point","coordinates":[-94.82842137324847,29.515638009235236]},"properties":{"substrate":"Mud","lease_number":null,"poll_year":2025}},{"type":"Feature","id":"b6fc458e-13ac-4bc3-9dcd-028498d05c18","geometry":{"type":"Point","coordinates":[-94.82865707770428,29.512974282093694]},"properties":{"substrate":"Mud","lease_number":null,"poll_year":2025}},{"type":"Feature","id":"b71985a5-7e63-4a8b-850b-c4a22eba50fa","geometry":{"type":"Point","coordinates":[-94.83383653456212,29.508564438071712]},"properties":{"substrate":"Mud","lease_number":null,"poll_year":2025}},{"type":"Feature","id":"b721d934-370f-4480-9e5a-c8674174bfad","geometry":{"type":"Point","coordinates":[-94.82719299626771,29.509147274755463]},"properties":{"substrate":"Mud","lease_number":null,"poll_year":2025}},{"type":"Feature","id":"b72c07f8-19ef-4a66-828e-482099a5698b","geometry":{"type":"Point","coordinates":[-94.82522856220103,29.510500158729627]},"properties":{"substrate":"Mud","lease_number":null,"poll_year":2025}},{"type":"Feature","id":"b73058e4-3b8d-4749-9e03-088011c8b9e5","geometry":{"type":"Point","coordinates":[-94.8144781366334,29.513749284665597]},"properties":{"substrate":"Mud","lease_number":null,"poll_year":2025}},{"type":"Feature","id":"b74390be-55cc-4738-ba42-83d1511bd7f0","geometry":{"type":"Point","coordinates":[-94.82974671707593,29.51435447670864]},"properties":{"substrate":"Mud","lease_number":null,"poll_year":2025}},{"type":"Feature","id":"b74f8843-fac7-45ba-a10e-b5e101c4e3eb","geometry":{"type":"Point","coordinates":[-94.81801991172767,29.51375713888391]},"properties":{"substrate":"Buried Shell","lease_number":null,"poll_year":2025}},{"type":"Feature","id":"b7502b06-5cca-4774-a190-786a0e7032fb","geometry":{"type":"Point","coordinates":[-94.82115914994652,29.513848918354594]},"properties":{"substrate":"Mud","lease_number":null,"poll_year":2025}},{"type":"Feature","id":"b77768f6-5983-463c-8ca6-540d66a9219e","geometry":{"type":"Point","coordinates":[-94.82560604236825,29.51478364331171]},"properties":{"substrate":"Mud","lease_number":null,"poll_year":2025}},{"type":"Feature","id":"b7a0b131-ab9f-46c2-b7b2-b451f8a8adb9","geometry":{"type":"Point","coordinates":[-94.81680674681795,29.513828208314106]},"properties":{"substrate":"Mud","lease_number":null,"poll_year":2025}},{"type":"Feature","id":"b7a76621-588e-4290-a2dd-d85ee8552a8e","geometry":{"type":"Point","coordinates":[-94.81651211557443,29.515790498661836]},"properties":{"substrate":"Mud","lease_number":null,"poll_year":2025}},{"type":"Feature","id":"b7ab8427-89f8-4381-8ef6-38bedff51a7b","geometry":{"type":"Point","coordinates":[-94.82256131500213,29.51349602390762]},"properties":{"substrate":"Mud","lease_number":null,"poll_year":2025}},{"type":"Feature","id":"b7d9711d-ea49-4bab-9980-0b0a17843fbf","geometry":{"type":"Point","coordinates":[-94.82965266166906,29.513080879618116]},"properties":{"substrate":"Mud","lease_number":null,"poll_year":2025}},{"type":"Feature","id":"b7ea2240-7b6e-4d8b-b6c3-36b3c6334e4f","geometry":{"type":"Point","coordinates":[-94.81953415688636,29.512989610717828]},"properties":{"substrate":"Buried Shell","lease_number":null,"poll_year":2025}},{"type":"Feature","id":"b7ed1718-2c36-40a1-94d2-e978f51957db","geometry":{"type":"Point","coordinates":[-94.82908558217966,29.51252976192836]},"properties":{"substrate":"Mud","lease_number":null,"poll_year":2025}},{"type":"Feature","id":"b81756fb-1488-4843-a392-435cc7bfcc2a","geometry":{"type":"Point","coordinates":[-94.82139380966167,29.514566765826867]},"properties":{"substrate":"Mud","lease_number":null,"poll_year":2025}},{"type":"Feature","id":"b81ab8ff-7040-4b2e-86c9-cc039305af8d","geometry":{"type":"Point","coordinates":[-94.8252904731921,29.513861050283708]},"properties":{"substrate":"Mud","lease_number":null,"poll_year":2025}},{"type":"Feature","id":"b8694ede-ab18-4a26-a429-6f081720e9b4","geometry":{"type":"Point","coordinates":[-94.81295803535738,29.505370129029203]},"properties":{"substrate":"Buried Shell","lease_number":null,"poll_year":2025}},{"type":"Feature","id":"b86b5323-4975-4e9d-8359-907da3275480","geometry":{"type":"Point","coordinates":[-94.82501225327051,29.513240926181506]},"properties":{"substrate":"Mud","lease_number":null,"poll_year":2025}},{"type":"Feature","id":"b885df9a-e5f2-4195-ab0c-363ee76af92b","geometry":{"type":"Point","coordinates":[-94.82079116676849,29.51326420908602]},"properties":{"substrate":"Mud","lease_number":null,"poll_year":2025}},{"type":"Feature","id":"b8a4e59d-8958-47ce-bdfd-90b4bb50d904","geometry":{"type":"Point","coordinates":[-94.83055517028892,29.50641410818288]},"properties":{"substrate":"Solid Reef","lease_number":null,"poll_year":2025}},{"type":"Feature","id":"b8b19d6d-8f08-45cc-8394-4f461fdc5572","geometry":{"type":"Point","coordinates":[-94.8141840533622,29.513344885016355]},"properties":{"substrate":"Solid Reef","lease_number":null,"poll_year":2025}},{"type":"Feature","id":"b8b34129-7b85-4700-a2bc-e8ccaa8e3212","geometry":{"type":"Point","coordinates":[-94.82142045818456,29.51248391186583]},"properties":{"substrate":"Mud","lease_number":null,"poll_year":2025}},{"type":"Feature","id":"b8bc45ed-53f5-4efe-8bbf-3ff74f2d16bb","geometry":{"type":"Point","coordinates":[-94.82351349237237,29.513862548892316]},"properties":{"substrate":"Mud","lease_number":null,"poll_year":2025}},{"type":"Feature","id":"b8ec7613-40e6-4258-828f-a7165cea6f01","geometry":{"type":"Point","coordinates":[-94.82695956724449,29.510076981131235]},"properties":{"substrate":"Mud","lease_number":null,"poll_year":2025}},{"type":"Feature","id":"b8f7bd58-6bc3-4e75-b7f3-b442538b56fb","geometry":{"type":"Point","coordinates":[-94.82854896366321,29.512498597959727]},"properties":{"substrate":"Mud","lease_number":null,"poll_year":2025}},{"type":"Feature","id":"b8ffec01-50ad-4ec1-84bb-36ab96ee327e","geometry":{"type":"Point","coordinates":[-94.82496448355865,29.51243540536955]},"properties":{"substrate":"Mud","lease_number":null,"poll_year":2025}},{"type":"Feature","id":"b9026ff4-65bf-4ddf-bfaa-dfb80a3cea0f","geometry":{"type":"Point","coordinates":[-94.8149844783315,29.513532483920976]},"properties":{"substrate":"Solid Reef","lease_number":null,"poll_year":2025}},{"type":"Feature","id":"b90a3703-c953-464f-8b70-cfcb5d81b37b","geometry":{"type":"Point","coordinates":[-94.83082447892289,29.5109918151966]},"properties":{"substrate":"Mud","lease_number":null,"poll_year":2025}},{"type":"Feature","id":"b92aedff-6741-41ef-a598-45ab140c862e","geometry":{"type":"Point","coordinates":[-94.81438296102736,29.515390509118205]},"properties":{"substrate":"Buried Shell","lease_number":null,"poll_year":2025}},{"type":"Feature","id":"b948a57f-5b7f-434f-b679-bcbbd6604e64","geometry":{"type":"Point","coordinates":[-94.81648886717487,29.514220896289455]},"properties":{"substrate":"Mud","lease_number":null,"poll_year":2025}},{"type":"Feature","id":"b94a1196-4ee3-454e-9190-80cba8f3b7d3","geometry":{"type":"Point","coordinates":[-94.82635630181882,29.508727557160835]},"properties":{"substrate":"Mud","lease_number":null,"poll_year":2025}},{"type":"Feature","id":"b965fc9e-f972-479f-a0d6-27d47557b0e7","geometry":{"type":"Point","coordinates":[-94.82815699726372,29.507414149776892]},"properties":{"substrate":"Mud","lease_number":null,"poll_year":2025}},{"type":"Feature","id":"b973698c-d54a-4afc-900e-bbf9b947c3c7","geometry":{"type":"Point","coordinates":[-94.812708157283,29.506788049179498]},"properties":{"substrate":"Buried Shell","lease_number":null,"poll_year":2025}},{"type":"Feature","id":"b9756c80-c57c-4652-baba-a2183d494346","geometry":{"type":"Point","coordinates":[-94.82884490734537,29.509785873905862]},"properties":{"substrate":"Mud","lease_number":null,"poll_year":2025}},{"type":"Feature","id":"b97876de-3905-4cea-863c-f29da25cf724","geometry":{"type":"Point","coordinates":[-94.83041519120809,29.50830654630948]},"properties":{"substrate":"Mud","lease_number":null,"poll_year":2025}},{"type":"Feature","id":"b981d399-ad97-4ec4-b75f-c1a815d6c476","geometry":{"type":"Point","coordinates":[-94.82443379212644,29.512906700250998]},"properties":{"substrate":"Mud","lease_number":null,"poll_year":2025}},{"type":"Feature","id":"b98f3932-d636-495b-b45e-2ed77d7daacf","geometry":{"type":"Point","coordinates":[-94.82777161461694,29.514403560774692]},"properties":{"substrate":"Mud","lease_number":null,"poll_year":2025}},{"type":"Feature","id":"b997f672-4945-4bef-8b23-b9e1262f86d4","geometry":{"type":"Point","coordinates":[-94.83018655020535,29.510785190325773]},"properties":{"substrate":"Mud","lease_number":null,"poll_year":2025}},{"type":"Feature","id":"b9bc78ab-6611-4f3a-9fe4-1baf73f0dd56","geometry":{"type":"Point","coordinates":[-94.82641152844586,29.508966345727664]},"properties":{"substrate":"Mud","lease_number":null,"poll_year":2025}},{"type":"Feature","id":"b9ca012d-1813-4430-b228-7f7f08ab7a51","geometry":{"type":"Point","coordinates":[-94.83193712864055,29.510913546804574]},"properties":{"substrate":"Mud","lease_number":null,"poll_year":2025}},{"type":"Feature","id":"b9dae338-880c-4f47-8ef5-54109bb5d8a0","geometry":{"type":"Point","coordinates":[-94.82284116895924,29.514170502712922]},"properties":{"substrate":"Mud","lease_number":null,"poll_year":2025}},{"type":"Feature","id":"b9f42dcc-f93d-4614-b724-4cc3f04d4130","geometry":{"type":"Point","coordinates":[-94.81491849887051,29.514862939043187]},"properties":{"substrate":"Mud","lease_number":null,"poll_year":2025}},{"type":"Feature","id":"ba135af1-3a85-4bb7-a630-fe72b1d2687b","geometry":{"type":"Point","coordinates":[-94.82091821639742,29.514428377972173]},"properties":{"substrate":"Mud","lease_number":null,"poll_year":2025}},{"type":"Feature","id":"ba1bdea3-12f2-4d14-860a-011973c20ff7","geometry":{"type":"Point","coordinates":[-94.8258725805979,29.509185643885495]},"properties":{"substrate":"Mud","lease_number":null,"poll_year":2025}},{"type":"Feature","id":"ba750057-6882-4bfa-96ad-7e38474e6a08","geometry":{"type":"Point","coordinates":[-94.82584281132769,29.509512406718976]},"properties":{"substrate":"Buried Shell","lease_number":null,"poll_year":2025}},{"type":"Feature","id":"ba85505b-597e-4ddb-bdb1-23ac839ca9d2","geometry":{"type":"Point","coordinates":[-94.8237888511598,29.50956236638134]},"properties":{"substrate":"Mud","lease_number":null,"poll_year":2025}},{"type":"Feature","id":"ba893982-a24d-453e-a86b-9fb5752a941e","geometry":{"type":"Point","coordinates":[-94.81304246441768,29.515430027376908]},"properties":{"substrate":"Solid Reef","lease_number":null,"poll_year":2025}},{"type":"Feature","id":"bac6231d-6de1-4d0d-84ba-297737d2217b","geometry":{"type":"Point","coordinates":[-94.82554653167561,29.509330876371806]},"properties":{"substrate":"Mud","lease_number":null,"poll_year":2025}},{"type":"Feature","id":"bad3183d-19df-41f6-b608-5f0f08d34464","geometry":{"type":"Point","coordinates":[-94.82316448879966,29.510347996713513]},"properties":{"substrate":"Mud","lease_number":null,"poll_year":2025}},{"type":"Feature","id":"bae76ba9-789a-489e-a77f-7df92ab5681e","geometry":{"type":"Point","coordinates":[-94.83164793040787,29.508593347012898]},"properties":{"substrate":"Mud","lease_number":null,"poll_year":2025}},{"type":"Feature","id":"baee4d19-752e-49a4-a2b2-23ed2f411804","geometry":{"type":"Point","coordinates":[-94.82614999383236,29.51091988461013]},"properties":{"substrate":"Mud","lease_number":null,"poll_year":2025}},{"type":"Feature","id":"bb20eb86-71db-44f2-ad8d-cfc87a0d0843","geometry":{"type":"Point","coordinates":[-94.8272492433809,29.51564194526113]},"properties":{"substrate":"Mud","lease_number":null,"poll_year":2025}},{"type":"Feature","id":"bb2c2903-1639-4b11-86b7-29f6b5daa822","geometry":{"type":"Point","coordinates":[-94.82307064359857,29.512483617143296]},"properties":{"substrate":"Mud","lease_number":null,"poll_year":2025}},{"type":"Feature","id":"bb324dc6-c1e0-464c-9ea2-5497bd937446","geometry":{"type":"Point","coordinates":[-94.81393577698397,29.50688385029735]},"properties":{"substrate":"Buried Shell","lease_number":null,"poll_year":2025}},{"type":"Feature","id":"bb3af0e9-6b7e-4456-95ba-ae3d0d61961f","geometry":{"type":"Point","coordinates":[-94.81418812632371,29.506427337092592]},"properties":{"substrate":"Mud","lease_number":null,"poll_year":2025}},{"type":"Feature","id":"bb3cd593-5a61-4fb2-abb5-844ef4a2c797","geometry":{"type":"Point","coordinates":[-94.83376784218899,29.508739814007818]},"properties":{"substrate":"Mud","lease_number":null,"poll_year":2025}},{"type":"Feature","id":"bb3d6784-6c2c-45ed-acfe-78f0ba3a1284","geometry":{"type":"Point","coordinates":[-94.83348161468496,29.50678902174048]},"properties":{"substrate":"Mud","lease_number":null,"poll_year":2025}},{"type":"Feature","id":"bb3fae13-ad3b-464a-b687-ba6fb88e14ec","geometry":{"type":"Point","coordinates":[-94.81687141473861,29.514337339337622]},"properties":{"substrate":"Mud","lease_number":null,"poll_year":2025}},{"type":"Feature","id":"bb5b6199-dc04-4525-89ed-dcc1e143ff8e","geometry":{"type":"Point","coordinates":[-94.82955764057326,29.51124661682898]},"properties":{"substrate":"Mud","lease_number":null,"poll_year":2025}},{"type":"Feature","id":"bb5c06c1-c468-41a8-a0f9-487bbbaeb322","geometry":{"type":"Point","coordinates":[-94.83333291386101,29.505770634291487]},"properties":{"substrate":"Mud","lease_number":null,"poll_year":2025}},{"type":"Feature","id":"bb6deb37-929c-4ad5-90c6-5d6aff5d79ab","geometry":{"type":"Point","coordinates":[-94.81911377767273,29.51339381478544]},"properties":{"substrate":"Buried Shell","lease_number":null,"poll_year":2025}},{"type":"Feature","id":"bb9622df-66a1-4180-8dff-b20aaa83720f","geometry":{"type":"Point","coordinates":[-94.82533303537025,29.512303003655212]},"properties":{"substrate":"Mud","lease_number":null,"poll_year":2025}},{"type":"Feature","id":"bb969992-4be6-4696-8937-428c04e4c95c","geometry":{"type":"Point","coordinates":[-94.82377272819707,29.515298845178886]},"properties":{"substrate":"Mud","lease_number":null,"poll_year":2025}},{"type":"Feature","id":"bba957db-6280-48d5-984d-95362f68c203","geometry":{"type":"Point","coordinates":[-94.81340937321063,29.505703221983058]},"properties":{"substrate":"Mud","lease_number":null,"poll_year":2025}},{"type":"Feature","id":"bbbed06a-d429-47bb-8de1-890a78071242","geometry":{"type":"Point","coordinates":[-94.82918844916115,29.513276465383697]},"properties":{"substrate":"Mud","lease_number":null,"poll_year":2025}},{"type":"Feature","id":"bbc5cd7f-ecb9-4204-8407-45668e5c58ce","geometry":{"type":"Point","coordinates":[-94.82881966468588,29.51184600674252]},"properties":{"substrate":"Mud","lease_number":null,"poll_year":2025}},{"type":"Feature","id":"bbc71459-9563-4c41-bb3f-9d59434e8b60","geometry":{"type":"Point","coordinates":[-94.82999602112686,29.510319168796105]},"properties":{"substrate":"Mud","lease_number":null,"poll_year":2025}},{"type":"Feature","id":"bbf771f2-fdc4-404f-a048-8f10e86d2e29","geometry":{"type":"Point","coordinates":[-94.82320684975521,29.51370326395269]},"properties":{"substrate":"Mud","lease_number":null,"poll_year":2025}},{"type":"Feature","id":"bc0b7b13-1152-431f-bfc4-e2da0ffe2e95","geometry":{"type":"Point","coordinates":[-94.82801060870334,29.513243073653072]},"properties":{"substrate":"Mud","lease_number":null,"poll_year":2025}},{"type":"Feature","id":"bc29b316-dfe0-4381-9bf1-3e0dc4e8fd52","geometry":{"type":"Point","coordinates":[-94.82831336341197,29.511045615739498]},"properties":{"substrate":"Mud","lease_number":null,"poll_year":2025}},{"type":"Feature","id":"bc2a5f97-674b-4f37-85f9-534be3b17002","geometry":{"type":"Point","coordinates":[-94.82107433461066,29.510418289109364]},"properties":{"substrate":"Mud","lease_number":null,"poll_year":2025}},{"type":"Feature","id":"bc4f6d6a-86a2-49e4-9fc8-14898085b59d","geometry":{"type":"Point","coordinates":[-94.81500772044284,29.515651541815377]},"properties":{"substrate":"Mud","lease_number":null,"poll_year":2025}},{"type":"Feature","id":"bc5240c9-182f-40b6-84f2-db1830035a23","geometry":{"type":"Point","coordinates":[-94.82426849941922,29.509610933669652]},"properties":{"substrate":"Mud","lease_number":null,"poll_year":2025}},{"type":"Feature","id":"bc55bf38-dc22-41c4-aec3-b9c6a21e6f73","geometry":{"type":"Point","coordinates":[-94.83004248199333,29.513765939797892]},"properties":{"substrate":"Mud","lease_number":null,"poll_year":2025}},{"type":"Feature","id":"bc5bbc3b-b806-4aae-ba5d-c5963b3cd1e1","geometry":{"type":"Point","coordinates":[-94.8176705281676,29.515838625973817]},"properties":{"substrate":"Mud","lease_number":null,"poll_year":2025}},{"type":"Feature","id":"bcb8eb52-4dc4-4c49-8b96-c3a5b2f288f9","geometry":{"type":"Point","coordinates":[-94.81594585355192,29.51419437796574]},"properties":{"substrate":"Mud","lease_number":null,"poll_year":2025}},{"type":"Feature","id":"bcd84c74-af22-4652-8b2d-85bfd23e602e","geometry":{"type":"Point","coordinates":[-94.83383075390329,29.507536087297318]},"properties":{"substrate":"Mud","lease_number":null,"poll_year":2025}},{"type":"Feature","id":"bcd988a5-9408-4f81-a03e-9af810e44065","geometry":{"type":"Point","coordinates":[-94.83186973343467,29.5071595816373]},"properties":{"substrate":"Mud","lease_number":null,"poll_year":2025}},{"type":"Feature","id":"bce06793-10e0-4a61-924a-5d8da97321d2","geometry":{"type":"Point","coordinates":[-94.82616944325656,29.515086466914727]},"properties":{"substrate":"Mud","lease_number":null,"poll_year":2025}},{"type":"Feature","id":"bcfdc6b1-dfc9-4d1f-b388-9d95064241fe","geometry":{"type":"Point","coordinates":[-94.83086679496266,29.509169987118216]},"properties":{"substrate":"Mud","lease_number":null,"poll_year":2025}},{"type":"Feature","id":"bd053a86-bc8c-4c11-9d67-86d92f19bc04","geometry":{"type":"Point","coordinates":[-94.82252361540462,29.51458802997073]},"properties":{"substrate":"Mud","lease_number":null,"poll_year":2025}},{"type":"Feature","id":"bd30fe32-6cb8-4c3f-8d8a-f912cb8726d3","geometry":{"type":"Point","coordinates":[-94.82574425536123,29.50976836363486]},"properties":{"substrate":"Mud","lease_number":null,"poll_year":2025}},{"type":"Feature","id":"bd4f051f-48e1-49bd-8671-1aff0bef745c","geometry":{"type":"Point","coordinates":[-94.82486359736235,29.515335392878885]},"properties":{"substrate":"Mud","lease_number":null,"poll_year":2025}},{"type":"Feature","id":"bd5f02f1-3e34-47ce-b480-0a0cf5322a2b","geometry":{"type":"Point","coordinates":[-94.81804435308993,29.512705864281415]},"properties":{"substrate":"Mud","lease_number":null,"poll_year":2025}},{"type":"Feature","id":"bd9b5c25-cab4-4436-9113-09e571a51c71","geometry":{"type":"Point","coordinates":[-94.82325805642135,29.51501131300586]},"properties":{"substrate":"Mud","lease_number":null,"poll_year":2025}},{"type":"Feature","id":"bdc3ec56-3db9-44e7-9a4e-c7f8ef36086a","geometry":{"type":"Point","coordinates":[-94.82126311287266,29.514812089250466]},"properties":{"substrate":"Mud","lease_number":null,"poll_year":2025}},{"type":"Feature","id":"bdcb0628-6a6e-4004-9e59-6336370f23f4","geometry":{"type":"Point","coordinates":[-94.81209524844274,29.515000854133934]},"properties":{"substrate":"Mud","lease_number":null,"poll_year":2025}},{"type":"Feature","id":"bdf82ea2-30c7-4a65-a547-5108156f8cf6","geometry":{"type":"Point","coordinates":[-94.81969533261463,29.512919871244197]},"properties":{"substrate":"Buried Shell","lease_number":null,"poll_year":2025}},{"type":"Feature","id":"be032bde-e4aa-4b95-8a5a-10e6c963d994","geometry":{"type":"Point","coordinates":[-94.82414602670664,29.510729296843518]},"properties":{"substrate":"Mud","lease_number":null,"poll_year":2025}},{"type":"Feature","id":"be327b4d-2a08-4c9d-8b0e-cbcf4f6df671","geometry":{"type":"Point","coordinates":[-94.82925716039892,29.51167165169883]},"properties":{"substrate":"Mud","lease_number":null,"poll_year":2025}},{"type":"Feature","id":"be4bc2d1-d8af-48d6-8de1-03565e4a8b2a","geometry":{"type":"Point","coordinates":[-94.83348885241121,29.508318664048865]},"properties":{"substrate":"Mud","lease_number":null,"poll_year":2025}},{"type":"Feature","id":"be5024f8-4248-4a5c-8867-46236fe66c81","geometry":{"type":"Point","coordinates":[-94.82651126390027,29.50866245465634]},"properties":{"substrate":"Mud","lease_number":null,"poll_year":2025}},{"type":"Feature","id":"be72f40b-a776-430d-bf7a-47323d895a38","geometry":{"type":"Point","coordinates":[-94.8263700370595,29.513417855952518]},"properties":{"substrate":"Mud","lease_number":null,"poll_year":2025}},{"type":"Feature","id":"be7e078b-a3bd-4a85-99b3-518cd4a0d461","geometry":{"type":"Point","coordinates":[-94.8285663415724,29.509907613125236]},"properties":{"substrate":"Mud","lease_number":null,"poll_year":2025}},{"type":"Feature","id":"be9494d5-5733-4e15-9399-0f1057ddb1d1","geometry":{"type":"Point","coordinates":[-94.81582918215945,29.514488998168794]},"properties":{"substrate":"Mud","lease_number":null,"poll_year":2025}},{"type":"Feature","id":"bec3e174-c91e-49c5-9160-7c3ba1cb6a23","geometry":{"type":"Point","coordinates":[-94.83179520380881,29.509558043137957]},"properties":{"substrate":"Mud","lease_number":null,"poll_year":2025}},{"type":"Feature","id":"bee5e884-6632-46b2-8748-8371aba6e6af","geometry":{"type":"Point","coordinates":[-94.83019075162592,29.507100133658636]},"properties":{"substrate":"Buried Shell","lease_number":null,"poll_year":2025}},{"type":"Feature","id":"beee7f46-e9fa-44d2-8808-0c097087b9a2","geometry":{"type":"Point","coordinates":[-94.82702304938898,29.515994984663255]},"properties":{"substrate":"Mud","lease_number":null,"poll_year":2025}},{"type":"Feature","id":"bef14ede-551a-4689-b41a-944dac6a3cbb","geometry":{"type":"Point","coordinates":[-94.82359801755243,29.515864766290502]},"properties":{"substrate":"Mud","lease_number":null,"poll_year":2025}},{"type":"Feature","id":"bef39810-8647-4109-aece-1ff12473c476","geometry":{"type":"Point","coordinates":[-94.8181782397965,29.514705717908747]},"properties":{"substrate":"Buried Shell","lease_number":null,"poll_year":2025}},{"type":"Feature","id":"befc933b-41b0-45b8-a9a1-a0224ed937df","geometry":{"type":"Point","coordinates":[-94.81460609356077,29.513181374674147]},"properties":{"substrate":"Solid Reef","lease_number":null,"poll_year":2025}},{"type":"Feature","id":"bf0634a2-030e-43b6-b117-26e580498904","geometry":{"type":"Point","coordinates":[-94.82373041125898,29.51171471201584]},"properties":{"substrate":"Mud","lease_number":null,"poll_year":2025}},{"type":"Feature","id":"bf133c2e-c938-4db6-93d1-e4804924c9e8","geometry":{"type":"Point","coordinates":[-94.8143338276729,29.514338160949674]},"properties":{"substrate":"Buried Shell","lease_number":null,"poll_year":2025}},{"type":"Feature","id":"bf17b1b6-c38d-45ac-b574-b4777e6d7e19","geometry":{"type":"Point","coordinates":[-94.8306382527746,29.507980888165058]},"properties":{"substrate":"Mud","lease_number":null,"poll_year":2025}},{"type":"Feature","id":"bf3007d6-4813-4e23-b9b4-c3227c2fee63","geometry":{"type":"Point","coordinates":[-94.81855925663102,29.516084750714292]},"properties":{"substrate":"Mud","lease_number":null,"poll_year":2025}},{"type":"Feature","id":"bf3da670-31ec-4d0d-8744-9eeb3602a2a6","geometry":{"type":"Point","coordinates":[-94.82033969506625,29.511547964098177]},"properties":{"substrate":"Mud","lease_number":null,"poll_year":2025}},{"type":"Feature","id":"bf422e61-f29b-4615-a8b6-f00bdbda93bf","geometry":{"type":"Point","coordinates":[-94.82932551770047,29.51425202376755]},"properties":{"substrate":"Mud","lease_number":null,"poll_year":2025}},{"type":"Feature","id":"bf44ac66-e716-4603-84ce-f5a8d74b1e5d","geometry":{"type":"Point","coordinates":[-94.82161287103023,29.51130223797083]},"properties":{"substrate":"Mud","lease_number":null,"poll_year":2025}},{"type":"Feature","id":"bf44de4d-4077-4210-8e1a-67ff5c4e37ea","geometry":{"type":"Point","coordinates":[-94.83011981526121,29.51157504364034]},"properties":{"substrate":"Mud","lease_number":null,"poll_year":2025}},{"type":"Feature","id":"bf54b9e4-e1de-4281-bca1-5686bad7bc1c","geometry":{"type":"Point","coordinates":[-94.8338238970627,29.505558193036162]},"properties":{"substrate":"Mud","lease_number":null,"poll_year":2025}},{"type":"Feature","id":"bf5c2f9c-8f47-496f-9427-b07ce589d97a","geometry":{"type":"Point","coordinates":[-94.81344319657771,29.516036893997907]},"properties":{"substrate":"Solid Reef","lease_number":null,"poll_year":2025}},{"type":"Feature","id":"bf63a32a-aa6c-4a68-903f-fb7fcfa830c9","geometry":{"type":"Point","coordinates":[-94.83061844941417,29.507470098251677]},"properties":{"substrate":"Buried Shell","lease_number":null,"poll_year":2025}},{"type":"Feature","id":"bfa6af62-1c34-4c60-b1b8-f8c1d74d40f0","geometry":{"type":"Point","coordinates":[-94.81465856505484,29.51366543828659]},"properties":{"substrate":"Buried Shell","lease_number":null,"poll_year":2025}},{"type":"Feature","id":"bfad2a87-5dd8-4822-bd24-017af0bd2d1a","geometry":{"type":"Point","coordinates":[-94.82358888168598,29.513001425358038]},"properties":{"substrate":"Mud","lease_number":null,"poll_year":2025}},{"type":"Feature","id":"bfd43efe-0ad7-4b79-99dd-fa366c33cc16","geometry":{"type":"Point","coordinates":[-94.83372171819072,29.50667688477576]},"properties":{"substrate":"Mud","lease_number":null,"poll_year":2025}},{"type":"Feature","id":"bff88b09-340c-4a99-9aa9-5a41c93a21b5","geometry":{"type":"Point","coordinates":[-94.82827597642816,29.515716283354756]},"properties":{"substrate":"Mud","lease_number":null,"poll_year":2025}},{"type":"Feature","id":"c00dc266-c999-4160-9e74-456a32723c09","geometry":{"type":"Point","coordinates":[-94.81612553188012,29.515165337925893]},"properties":{"substrate":"Mud","lease_number":null,"poll_year":2025}},{"type":"Feature","id":"c01000df-8458-4b79-a5ef-caa993c938c8","geometry":{"type":"Point","coordinates":[-94.81265086003924,29.515586975342867]},"properties":{"substrate":"Solid Reef","lease_number":null,"poll_year":2025}},{"type":"Feature","id":"c01b9e4d-19a0-43c2-8665-1839454093b0","geometry":{"type":"Point","coordinates":[-94.81465713134365,29.51420951565952]},"properties":{"substrate":"Mud","lease_number":null,"poll_year":2025}},{"type":"Feature","id":"c0299d62-70bb-4e9f-a974-73f265e38fad","geometry":{"type":"Point","coordinates":[-94.82641489443321,29.51413788598617]},"properties":{"substrate":"Mud","lease_number":null,"poll_year":2025}},{"type":"Feature","id":"c041e2aa-c6ae-46dd-ba0a-f8c5253ebcfb","geometry":{"type":"Point","coordinates":[-94.8211432803087,29.515363485318346]},"properties":{"substrate":"Mud","lease_number":null,"poll_year":2025}},{"type":"Feature","id":"c0509116-1e62-47ec-b745-2f336b66c062","geometry":{"type":"Point","coordinates":[-94.83194295780842,29.506605986230277]},"properties":{"substrate":"Mud","lease_number":null,"poll_year":2025}},{"type":"Feature","id":"c075432a-a60b-49be-b96d-aa5e504e42d0","geometry":{"type":"Point","coordinates":[-94.81566628975068,29.51508652007284]},"properties":{"substrate":"Mud","lease_number":null,"poll_year":2025}},{"type":"Feature","id":"c08d2979-73ed-4df5-a0da-256cf17d1a3d","geometry":{"type":"Point","coordinates":[-94.82487607765658,29.51434144270715]},"properties":{"substrate":"Mud","lease_number":null,"poll_year":2025}},{"type":"Feature","id":"c0d1c7bd-57fd-42c0-8836-7ccd3f14e0e2","geometry":{"type":"Point","coordinates":[-94.8291005193662,29.5151563729689]},"properties":{"substrate":"Mud","lease_number":null,"poll_year":2025}},{"type":"Feature","id":"c119cd24-1260-4e96-88b3-c0803ea8bf3b","geometry":{"type":"Point","coordinates":[-94.82168316509951,29.512357561806873]},"properties":{"substrate":"Mud","lease_number":null,"poll_year":2025}},{"type":"Feature","id":"c121bc29-e578-4be9-8d8d-2a1cd4250cd1","geometry":{"type":"Point","coordinates":[-94.81919013986179,29.515294974805457]},"properties":{"substrate":"Mud","lease_number":null,"poll_year":2025}},{"type":"Feature","id":"c1236935-aead-411e-bc69-aee5e5defc81","geometry":{"type":"Point","coordinates":[-94.83082207143794,29.511323401952655]},"properties":{"substrate":"Mud","lease_number":null,"poll_year":2025}},{"type":"Feature","id":"c12c71b3-895b-4afd-9189-5ead08f180de","geometry":{"type":"Point","coordinates":[-94.8192814419323,29.514701444134694]},"properties":{"substrate":"Mud","lease_number":null,"poll_year":2025}},{"type":"Feature","id":"c134ba3d-9a50-4fa1-87fb-7c251fed6ddc","geometry":{"type":"Point","coordinates":[-94.82150064899336,29.51521560671099]},"properties":{"substrate":"Mud","lease_number":null,"poll_year":2025}},{"type":"Feature","id":"c1757673-98c2-4ee2-b3ad-7db7796c0a68","geometry":{"type":"Point","coordinates":[-94.83227609443827,29.5080886777073]},"properties":{"substrate":"Mud","lease_number":null,"poll_year":2025}},{"type":"Feature","id":"c18349ef-fe62-4d85-b1f2-cf755a63b24d","geometry":{"type":"Point","coordinates":[-94.82459135842392,29.511362960105835]},"properties":{"substrate":"Mud","lease_number":null,"poll_year":2025}},{"type":"Feature","id":"c1b67410-5727-495c-8af8-8f8279dc1a80","geometry":{"type":"Point","coordinates":[-94.82615457074873,29.511959588148923]},"properties":{"substrate":"Mud","lease_number":null,"poll_year":2025}},{"type":"Feature","id":"c1cf106e-56e1-4d85-9df0-23ebc86c2865","geometry":{"type":"Point","coordinates":[-94.82823319775602,29.51029009617517]},"properties":{"substrate":"Mud","lease_number":null,"poll_year":2025}},{"type":"Feature","id":"c1ded607-f13d-4063-9d50-126606b6f3aa","geometry":{"type":"Point","coordinates":[-94.82470356788437,29.512794369933637]},"properties":{"substrate":"Mud","lease_number":null,"poll_year":2025}},{"type":"Feature","id":"c1e76156-6766-40fb-a65d-60b6edf13e70","geometry":{"type":"Point","coordinates":[-94.82380052566522,29.512428196780636]},"properties":{"substrate":"Mud","lease_number":null,"poll_year":2025}},{"type":"Feature","id":"c1ff092e-cde4-4be1-99f6-7885579b3672","geometry":{"type":"Point","coordinates":[-94.83232987567602,29.50696243921579]},"properties":{"substrate":"Mud","lease_number":null,"poll_year":2025}},{"type":"Feature","id":"c21193de-0301-47e3-b0d6-bb311f1d4ad3","geometry":{"type":"Point","coordinates":[-94.8137453557033,29.506096373817236]},"properties":{"substrate":"Mud","lease_number":null,"poll_year":2025}},{"type":"Feature","id":"c2332b2a-1e09-4237-804f-f129d2818d58","geometry":{"type":"Point","coordinates":[-94.81751364279312,29.51297841287979]},"properties":{"substrate":"Mud","lease_number":null,"poll_year":2025}},{"type":"Feature","id":"c23ac1c7-cf53-4075-90f2-4ae13284f635","geometry":{"type":"Point","coordinates":[-94.82340672760087,29.511589760354916]},"properties":{"substrate":"Mud","lease_number":null,"poll_year":2025}},{"type":"Feature","id":"c27ef75f-07e7-4f17-8f8a-71322ff77d87","geometry":{"type":"Point","coordinates":[-94.82733716059944,29.514058520111284]},"properties":{"substrate":"Mud","lease_number":null,"poll_year":2025}},{"type":"Feature","id":"c2abfea5-bdc2-401c-b320-b226b9970a7f","geometry":{"type":"Point","coordinates":[-94.81578412805469,29.513962321620642]},"properties":{"substrate":"Buried Shell","lease_number":null,"poll_year":2025}},{"type":"Feature","id":"c2bd56d2-1334-4d99-9cee-b5e9da1295be","geometry":{"type":"Point","coordinates":[-94.8240436205609,29.50918249720927]},"properties":{"substrate":"Mud","lease_number":null,"poll_year":2025}},{"type":"Feature","id":"c2cbd1cf-39ea-484f-ae19-d1398f55fc4a","geometry":{"type":"Point","coordinates":[-94.83121352489941,29.511896171638373]},"properties":{"substrate":"Mud","lease_number":null,"poll_year":2025}},{"type":"Feature","id":"c317faf2-38bd-4b4b-a746-2413274fc174","geometry":{"type":"Point","coordinates":[-94.82440011608307,29.513472551872976]},"properties":{"substrate":"Mud","lease_number":null,"poll_year":2025}},{"type":"Feature","id":"c31eede7-517c-4fe2-b68e-10ae5bdfb08d","geometry":{"type":"Point","coordinates":[-94.81378080681769,29.51511148172422]},"properties":{"substrate":"Buried Shell","lease_number":null,"poll_year":2025}},{"type":"Feature","id":"c32c3fcf-a4bc-40a0-859b-f9355c5e7e8a","geometry":{"type":"Point","coordinates":[-94.81627304692786,29.515898515188997]},"properties":{"substrate":"Mud","lease_number":null,"poll_year":2025}},{"type":"Feature","id":"c352b955-1c66-4c63-9d10-5e420f1562f8","geometry":{"type":"Point","coordinates":[-94.83013520699528,29.51002122563244]},"properties":{"substrate":"Mud","lease_number":null,"poll_year":2025}},{"type":"Feature","id":"c3950ffe-8fe2-4c56-bf85-e2e6f5e07952","geometry":{"type":"Point","coordinates":[-94.81504910762462,29.513725922916073]},"properties":{"substrate":"Solid Reef","lease_number":null,"poll_year":2025}},{"type":"Feature","id":"c39e2839-b764-418d-959a-667e335e304f","geometry":{"type":"Point","coordinates":[-94.82305669994872,29.51599277236647]},"properties":{"substrate":"Mud","lease_number":null,"poll_year":2025}},{"type":"Feature","id":"c3a8af0c-3477-4443-9092-a5441f41c4b2","geometry":{"type":"Point","coordinates":[-94.83003151715698,29.507170371238384]},"properties":{"substrate":"Solid Reef","lease_number":null,"poll_year":2025}},{"type":"Feature","id":"c3c1837d-d6d0-4086-8b21-1a151da1a959","geometry":{"type":"Point","coordinates":[-94.82371230571444,29.51039935611993]},"properties":{"substrate":"Mud","lease_number":null,"poll_year":2025}},{"type":"Feature","id":"c3e75d92-bdf1-4763-9bc0-8271f85b9f28","geometry":{"type":"Point","coordinates":[-94.81894854964422,29.51587376323575]},"properties":{"substrate":"Mud","lease_number":null,"poll_year":2025}},{"type":"Feature","id":"c4105521-be0d-4679-a736-98d311106052","geometry":{"type":"Point","coordinates":[-94.81248584041987,29.515374643023986]},"properties":{"substrate":"Buried Shell","lease_number":null,"poll_year":2025}},{"type":"Feature","id":"c41c765f-8a63-42cc-8a6a-bd2e9d643f97","geometry":{"type":"Point","coordinates":[-94.81800405017471,29.515745660856254]},"properties":{"substrate":"Mud","lease_number":null,"poll_year":2025}},{"type":"Feature","id":"c4606a25-963c-47e3-92ad-5edf949d9368","geometry":{"type":"Point","coordinates":[-94.81582019900661,29.513409291878602]},"properties":{"substrate":"Buried Shell","lease_number":null,"poll_year":2025}},{"type":"Feature","id":"c462abbc-9b7b-48e3-bf91-6013b65f3c04","geometry":{"type":"Point","coordinates":[-94.81554804271319,29.515139335795997]},"properties":{"substrate":"Mud","lease_number":null,"poll_year":2025}},{"type":"Feature","id":"c46d6220-b074-4335-9ed7-94d51bc2fea7","geometry":{"type":"Point","coordinates":[-94.83005409361671,29.509768527808312]},"properties":{"substrate":"Mud","lease_number":null,"poll_year":2025}},{"type":"Feature","id":"c4842cbd-b272-4450-af99-7f6a4b892866","geometry":{"type":"Point","coordinates":[-94.82848214517576,29.514604017358145]},"properties":{"substrate":"Mud","lease_number":null,"poll_year":2025}},{"type":"Feature","id":"c4ab8e32-eb4c-4f36-bc91-5ed803a729e5","geometry":{"type":"Point","coordinates":[-94.82830370023444,29.51387757484598]},"properties":{"substrate":"Mud","lease_number":null,"poll_year":2025}},{"type":"Feature","id":"c4accc88-bbe2-4c34-86a9-ba48afae1840","geometry":{"type":"Point","coordinates":[-94.83085038813233,29.50812899937087]},"properties":{"substrate":"Mud","lease_number":null,"poll_year":2025}},{"type":"Feature","id":"c4b55c41-58f8-4953-be02-12e55e57c5ca","geometry":{"type":"Point","coordinates":[-94.82157267231958,29.51289352378378]},"properties":{"substrate":"Mud","lease_number":null,"poll_year":2025}},{"type":"Feature","id":"c4c6f136-1076-4632-87ac-c6bebae4c4e2","geometry":{"type":"Point","coordinates":[-94.82830369664119,29.509764698657662]},"properties":{"substrate":"Mud","lease_number":null,"poll_year":2025}},{"type":"Feature","id":"c4cfb43d-4462-47c5-a490-1910cb27014d","geometry":{"type":"Point","coordinates":[-94.82774369228298,29.51103001867432]},"properties":{"substrate":"Mud","lease_number":null,"poll_year":2025}},{"type":"Feature","id":"c4f063c3-968a-447b-8e40-aca4fe46f65f","geometry":{"type":"Point","coordinates":[-94.82318817557707,29.514273303612388]},"properties":{"substrate":"Mud","lease_number":null,"poll_year":2025}},{"type":"Feature","id":"c52990f8-36a5-4e03-9756-da9d78c0a78a","geometry":{"type":"Point","coordinates":[-94.81340176897176,29.50652866981111]},"properties":{"substrate":"Buried Shell","lease_number":null,"poll_year":2025}},{"type":"Feature","id":"c52a5986-58b2-49ee-9e69-5d501bb7d27d","geometry":{"type":"Point","coordinates":[-94.83244601885912,29.510305765277582]},"properties":{"substrate":"Mud","lease_number":null,"poll_year":2025}},{"type":"Feature","id":"c52b62a3-c986-48e6-8b8f-e3b90bd9c588","geometry":{"type":"Point","coordinates":[-94.81622501490794,29.51460513133912]},"properties":{"substrate":"Mud","lease_number":null,"poll_year":2025}},{"type":"Feature","id":"c5344eb2-d982-4daf-8b49-608343fd562a","geometry":{"type":"Point","coordinates":[-94.8239924695903,29.512098429673127]},"properties":{"substrate":"Mud","lease_number":null,"poll_year":2025}},{"type":"Feature","id":"c5349a31-1286-4b19-bf97-a2e03c8fcaf7","geometry":{"type":"Point","coordinates":[-94.82365214194658,29.51248865009745]},"properties":{"substrate":"Mud","lease_number":null,"poll_year":2025}},{"type":"Feature","id":"c53bb23b-30fa-4ff6-8c38-4d20955e7053","geometry":{"type":"Point","coordinates":[-94.82811566038761,29.507997019664035]},"properties":{"substrate":"Mud","lease_number":null,"poll_year":2025}},{"type":"Feature","id":"c53f1422-f20e-4f32-8c5e-1776e6dc738f","geometry":{"type":"Point","coordinates":[-94.82453089911034,29.513422468278687]},"properties":{"substrate":"Mud","lease_number":null,"poll_year":2025}},{"type":"Feature","id":"c54ae2c2-47ff-4296-87a3-a2663ce89134","geometry":{"type":"Point","coordinates":[-94.82766217556083,29.510808766177295]},"properties":{"substrate":"Mud","lease_number":null,"poll_year":2025}},{"type":"Feature","id":"c579f6d0-b40e-48c5-9447-50a8d5f95948","geometry":{"type":"Point","coordinates":[-94.8214430580005,29.513719353107128]},"properties":{"substrate":"Mud","lease_number":null,"poll_year":2025}},{"type":"Feature","id":"c58fb760-a2f2-4faf-8d8e-9048e13c8330","geometry":{"type":"Point","coordinates":[-94.82432851586336,29.515960435304798]},"properties":{"substrate":"Mud","lease_number":null,"poll_year":2025}},{"type":"Feature","id":"c593d192-e4d6-4102-b7dd-cfaeeca55580","geometry":{"type":"Point","coordinates":[-94.83158046333676,29.50705747165992]},"properties":{"substrate":"Mud","lease_number":null,"poll_year":2025}},{"type":"Feature","id":"c59ec202-59ec-4345-8617-063973fa3a63","geometry":{"type":"Point","coordinates":[-94.82332470872048,29.514480505324073]},"properties":{"substrate":"Mud","lease_number":null,"poll_year":2025}},{"type":"Feature","id":"c5d5d4d9-4cf8-44a5-b05b-10a4246c889f","geometry":{"type":"Point","coordinates":[-94.82433811885373,29.51219922433676]},"properties":{"substrate":"Mud","lease_number":null,"poll_year":2025}},{"type":"Feature","id":"c5ecff9e-5b66-4f5b-9378-2d8c7da92780","geometry":{"type":"Point","coordinates":[-94.82110948209446,29.51175438493535]},"properties":{"substrate":"Mud","lease_number":null,"poll_year":2025}},{"type":"Feature","id":"c5f841bd-8d02-413d-8ee4-b129d713e83f","geometry":{"type":"Point","coordinates":[-94.83055624736895,29.508539585037838]},"properties":{"substrate":"Mud","lease_number":null,"poll_year":2025}},{"type":"Feature","id":"c618d826-5787-427a-b6ac-4b503e5ccf70","geometry":{"type":"Point","coordinates":[-94.82066259539344,29.51288301231546]},"properties":{"substrate":"Mud","lease_number":null,"poll_year":2025}},{"type":"Feature","id":"c62594ee-ecc1-49e4-a3ef-1a298f53ad91","geometry":{"type":"Point","coordinates":[-94.82694185606036,29.513920255077565]},"properties":{"substrate":"Mud","lease_number":null,"poll_year":2025}},{"type":"Feature","id":"c64e30ef-99a3-4f11-8db6-9a21c3ee7f99","geometry":{"type":"Point","coordinates":[-94.8228320519574,29.513899416845298]},"properties":{"substrate":"Mud","lease_number":null,"poll_year":2025}},{"type":"Feature","id":"c65b784d-625a-4c43-b01e-8875782289b2","geometry":{"type":"Point","coordinates":[-94.82440448369199,29.515341421622118]},"properties":{"substrate":"Mud","lease_number":null,"poll_year":2025}},{"type":"Feature","id":"c686329b-6d92-4b8d-b631-6842016e5674","geometry":{"type":"Point","coordinates":[-94.82390775037416,29.51421225567255]},"properties":{"substrate":"Mud","lease_number":null,"poll_year":2025}},{"type":"Feature","id":"c6aad788-213e-4135-911c-ee17ebe74515","geometry":{"type":"Point","coordinates":[-94.82889723870223,29.508196110638266]},"properties":{"substrate":"Mud","lease_number":null,"poll_year":2025}},{"type":"Feature","id":"c6c14263-ced2-4d97-85ca-2fc4cd3e0a07","geometry":{"type":"Point","coordinates":[-94.8305664540272,29.509299476883708]},"properties":{"substrate":"Mud","lease_number":null,"poll_year":2025}},{"type":"Feature","id":"c6d369e5-623c-40c5-89a7-c05fe048a6d0","geometry":{"type":"Point","coordinates":[-94.81899022159193,29.513977080984112]},"properties":{"substrate":"Mud","lease_number":null,"poll_year":2025}},{"type":"Feature","id":"c6de3f41-3a67-4fbd-a2f3-3dcad7126e62","geometry":{"type":"Point","coordinates":[-94.81637963922284,29.515850362890074]},"properties":{"substrate":"Mud","lease_number":null,"poll_year":2025}},{"type":"Feature","id":"c70f878f-3f39-477a-a9ad-ed69764e32ca","geometry":{"type":"Point","coordinates":[-94.82326823792677,29.51003423360986]},"properties":{"substrate":"Mud","lease_number":null,"poll_year":2025}},{"type":"Feature","id":"c728c211-fde0-4cd4-ac87-f749de19c01a","geometry":{"type":"Point","coordinates":[-94.8162595838767,29.515120260631768]},"properties":{"substrate":"Mud","lease_number":null,"poll_year":2025}},{"type":"Feature","id":"c74102a2-88e1-4872-9cf6-65b901420315","geometry":{"type":"Point","coordinates":[-94.8268701004321,29.513722062645215]},"properties":{"substrate":"Mud","lease_number":null,"poll_year":2025}},{"type":"Feature","id":"c7425cea-4a1e-47e4-b3d5-0334df6cffbd","geometry":{"type":"Point","coordinates":[-94.8305476163557,29.509844357938878]},"properties":{"substrate":"Mud","lease_number":null,"poll_year":2025}},{"type":"Feature","id":"c767e7e2-7d1a-49a1-916c-fa64d9a5b77d","geometry":{"type":"Point","coordinates":[-94.81892138369172,29.514909381367666]},"properties":{"substrate":"Mud","lease_number":null,"poll_year":2025}},{"type":"Feature","id":"c7875fab-6e83-4a4b-b264-9f99abf0b4e6","geometry":{"type":"Point","coordinates":[-94.82972390256266,29.512538429268613]},"properties":{"substrate":"Mud","lease_number":null,"poll_year":2025}},{"type":"Feature","id":"c78fbd53-a2b8-46c6-99ad-3547d637f1d9","geometry":{"type":"Point","coordinates":[-94.82509354541384,29.512642929800236]},"properties":{"substrate":"Mud","lease_number":null,"poll_year":2025}},{"type":"Feature","id":"c79920b6-fd08-45aa-bf68-8124b9288b1b","geometry":{"type":"Point","coordinates":[-94.82272974103307,29.513406380640525]},"properties":{"substrate":"Mud","lease_number":null,"poll_year":2025}},{"type":"Feature","id":"c79fb884-8a43-4da3-a5d3-c2f707fa2571","geometry":{"type":"Point","coordinates":[-94.82765527021124,29.508183587134884]},"properties":{"substrate":"Mud","lease_number":null,"poll_year":2025}},{"type":"Feature","id":"c7ac3a0b-1810-4198-aadc-a3efb0078a22","geometry":{"type":"Point","coordinates":[-94.82661857844074,29.511247763681155]},"properties":{"substrate":"Mud","lease_number":null,"poll_year":2025}},{"type":"Feature","id":"c7dbe0dd-07d0-40ac-a2fa-e08984b47d3a","geometry":{"type":"Point","coordinates":[-94.83325567581458,29.507383530709312]},"properties":{"substrate":"Mud","lease_number":null,"poll_year":2025}},{"type":"Feature","id":"c7e935e6-08a1-4d07-82e0-fb899eea8488","geometry":{"type":"Point","coordinates":[-94.82091723094555,29.51499154363412]},"properties":{"substrate":"Mud","lease_number":null,"poll_year":2025}},{"type":"Feature","id":"c7f4d46b-d62e-40b0-bfad-6c42ad5fbb88","geometry":{"type":"Point","coordinates":[-94.82897787956696,29.508933882899132]},"properties":{"substrate":"Mud","lease_number":null,"poll_year":2025}},{"type":"Feature","id":"c8072657-d04a-44d8-9e9d-2e4436b2240d","geometry":{"type":"Point","coordinates":[-94.83142934155316,29.507120482320992]},"properties":{"substrate":"Mud","lease_number":null,"poll_year":2025}},{"type":"Feature","id":"c86bdcc2-5c0e-4d67-8d01-b3695275b244","geometry":{"type":"Point","coordinates":[-94.82827870730662,29.511288957319767]},"properties":{"substrate":"Mud","lease_number":null,"poll_year":2025}},{"type":"Feature","id":"c8780549-aae5-4f4b-b4a5-12b150e84965","geometry":{"type":"Point","coordinates":[-94.8243395570565,29.51429832722207]},"properties":{"substrate":"Mud","lease_number":null,"poll_year":2025}},{"type":"Feature","id":"c89a6cf3-41b6-4fe5-91a7-8762a8389d98","geometry":{"type":"Point","coordinates":[-94.82689717655308,29.511122523753183]},"properties":{"substrate":"Mud","lease_number":null,"poll_year":2025}},{"type":"Feature","id":"c89e7b40-c766-498c-bba1-55e5b815b33b","geometry":{"type":"Point","coordinates":[-94.83249239797891,29.508524906187432]},"properties":{"substrate":"Mud","lease_number":null,"poll_year":2025}},{"type":"Feature","id":"c8a77ffa-5f36-4c17-b9fa-1268d4bf0e85","geometry":{"type":"Point","coordinates":[-94.82542609095223,29.51487099017332]},"properties":{"substrate":"Mud","lease_number":null,"poll_year":2025}},{"type":"Feature","id":"c8aee6d9-7381-40fe-b136-aa4d062287f4","geometry":{"type":"Point","coordinates":[-94.81895840056963,29.512146703366415]},"properties":{"substrate":"Buried Shell","lease_number":null,"poll_year":2025}},{"type":"Feature","id":"c8b8b031-7f1a-4a85-a820-4aee12a9f9be","geometry":{"type":"Point","coordinates":[-94.8123550753589,29.515425018802787]},"properties":{"substrate":"Solid Reef","lease_number":null,"poll_year":2025}},{"type":"Feature","id":"c90c3ea8-d233-4ae4-870b-469a3abbfc1f","geometry":{"type":"Point","coordinates":[-94.82080822667405,29.51294230132909]},"properties":{"substrate":"Mud","lease_number":null,"poll_year":2025}},{"type":"Feature","id":"c9131448-2168-4b87-8957-f60fead736b0","geometry":{"type":"Point","coordinates":[-94.83051452870883,29.511124816678482]},"properties":{"substrate":"Mud","lease_number":null,"poll_year":2025}},{"type":"Feature","id":"c914681b-7fc4-4716-b603-be20be849284","geometry":{"type":"Point","coordinates":[-94.83159792838254,29.507278557233196]},"properties":{"substrate":"Mud","lease_number":null,"poll_year":2025}},{"type":"Feature","id":"c933889c-3fb0-43a9-83ea-5cabfe65c0c7","geometry":{"type":"Point","coordinates":[-94.82725981655182,29.508086706029456]},"properties":{"substrate":"Mud","lease_number":null,"poll_year":2025}},{"type":"Feature","id":"c97d166f-7c49-4d36-91bc-5606b55cf9cf","geometry":{"type":"Point","coordinates":[-94.8244574456662,29.51142559831196]},"properties":{"substrate":"Mud","lease_number":null,"poll_year":2025}},{"type":"Feature","id":"c98b1f55-9000-4ee6-9cc5-5d46993b00a9","geometry":{"type":"Point","coordinates":[-94.82302179321341,29.515601749322368]},"properties":{"substrate":"Mud","lease_number":null,"poll_year":2025}},{"type":"Feature","id":"c9ec7f23-86e2-4ef1-a2c2-36a2698353a1","geometry":{"type":"Point","coordinates":[-94.83389892974513,29.507657585302294]},"properties":{"substrate":"Mud","lease_number":null,"poll_year":2025}},{"type":"Feature","id":"c9f0fb4d-bd3e-4a04-a7d6-90ae85d9859a","geometry":{"type":"Point","coordinates":[-94.81760820484982,29.513868883386245]},"properties":{"substrate":"Mud","lease_number":null,"poll_year":2025}},{"type":"Feature","id":"c9fb197b-3b13-4991-95cc-668f3c934d33","geometry":{"type":"Point","coordinates":[-94.82317642740979,29.51219833391256]},"properties":{"substrate":"Mud","lease_number":null,"poll_year":2025}},{"type":"Feature","id":"c9ffe7a8-af09-4c46-aab5-eea753ca7ad6","geometry":{"type":"Point","coordinates":[-94.82894365734792,29.513115765331438]},"properties":{"substrate":"Mud","lease_number":null,"poll_year":2025}},{"type":"Feature","id":"ca0b8312-2d09-4f14-97d7-06ddcc57e1da","geometry":{"type":"Point","coordinates":[-94.82481900499162,29.50937878707475]},"properties":{"substrate":"Buried Shell","lease_number":null,"poll_year":2025}},{"type":"Feature","id":"ca20f29e-41fc-4fd5-8729-a2ff3c6429b6","geometry":{"type":"Point","coordinates":[-94.82941543097557,29.508748017291545]},"properties":{"substrate":"Mud","lease_number":null,"poll_year":2025}},{"type":"Feature","id":"ca31ce41-1f50-4f87-ab3b-76c9d0627713","geometry":{"type":"Point","coordinates":[-94.83303677883772,29.506155380664715]},"properties":{"substrate":"Mud","lease_number":null,"poll_year":2025}},{"type":"Feature","id":"ca779d59-d11e-436f-b549-946f4d1af97b","geometry":{"type":"Point","coordinates":[-94.83045970812033,29.51088380828646]},"properties":{"substrate":"Mud","lease_number":null,"poll_year":2025}},{"type":"Feature","id":"ca77fe41-7214-4e4d-b5b4-571088a8add9","geometry":{"type":"Point","coordinates":[-94.81567956505396,29.512980852732763]},"properties":{"substrate":"Solid Reef","lease_number":null,"poll_year":2025}},{"type":"Feature","id":"cabdba0d-5056-4183-a2f3-869db9b171ff","geometry":{"type":"Point","coordinates":[-94.83110843728252,29.510875481656175]},"properties":{"substrate":"Mud","lease_number":null,"poll_year":2025}},{"type":"Feature","id":"cad10301-d168-4e2d-ac51-b73c12721ce2","geometry":{"type":"Point","coordinates":[-94.82132698308936,29.51301564467009]},"properties":{"substrate":"Mud","lease_number":null,"poll_year":2025}},{"type":"Feature","id":"cae61070-3ddd-43f1-98e7-4d996905da2b","geometry":{"type":"Point","coordinates":[-94.82218647139028,29.514171235207414]},"properties":{"substrate":"Mud","lease_number":null,"poll_year":2025}},{"type":"Feature","id":"caee05aa-0b7a-450f-a0d9-c327d78930b8","geometry":{"type":"Point","coordinates":[-94.8268017934362,29.513232469974366]},"properties":{"substrate":"Mud","lease_number":null,"poll_year":2025}},{"type":"Feature","id":"caf5cc75-78ff-4d4d-aa62-39cfba8e3270","geometry":{"type":"Point","coordinates":[-94.8168362609666,29.51305650690776]},"properties":{"substrate":"Mud","lease_number":null,"poll_year":2025}},{"type":"Feature","id":"cafad17d-3bd0-4ba6-98ae-764aa5d2d6c5","geometry":{"type":"Point","coordinates":[-94.81480108726625,29.514375285922775]},"properties":{"substrate":"Mud","lease_number":null,"poll_year":2025}},{"type":"Feature","id":"cb044123-fd36-4ebd-be07-9f26242f99ae","geometry":{"type":"Point","coordinates":[-94.83148418100632,29.5120325491392]},"properties":{"substrate":"Mud","lease_number":null,"poll_year":2025}},{"type":"Feature","id":"cb1584e9-5f75-48ab-a157-14b1115bf47e","geometry":{"type":"Point","coordinates":[-94.82448274491954,29.51423831198094]},"properties":{"substrate":"Mud","lease_number":null,"poll_year":2025}},{"type":"Feature","id":"cb51de29-a318-4c7f-a531-e561b8d4779d","geometry":{"type":"Point","coordinates":[-94.82484196682863,29.50883016579652]},"properties":{"substrate":"Solid Reef","lease_number":null,"poll_year":2025}},{"type":"Feature","id":"cb738638-4d8f-4abe-8ae5-cc36809a4454","geometry":{"type":"Point","coordinates":[-94.82852770593033,29.51196316314408]},"properties":{"substrate":"Mud","lease_number":null,"poll_year":2025}},{"type":"Feature","id":"cb80eb60-54b9-4ef7-bdc7-c91596e8b5ff","geometry":{"type":"Point","coordinates":[-94.82074007688333,29.511150442245928]},"properties":{"substrate":"Buried Shell","lease_number":null,"poll_year":2025}},{"type":"Feature","id":"cb918692-6400-4041-8fa4-542c40ce3d7f","geometry":{"type":"Point","coordinates":[-94.8222972094103,29.515901445898706]},"properties":{"substrate":"Mud","lease_number":null,"poll_year":2025}},{"type":"Feature","id":"cba940ff-183f-44be-bc50-757d375977ee","geometry":{"type":"Point","coordinates":[-94.8272237923123,29.509684197337698]},"properties":{"substrate":"Mud","lease_number":null,"poll_year":2025}},{"type":"Feature","id":"cba9d327-a178-4592-923a-7d1d181ed3d6","geometry":{"type":"Point","coordinates":[-94.81314904323793,29.506363230691743]},"properties":{"substrate":"Solid Reef","lease_number":null,"poll_year":2025}},{"type":"Feature","id":"cbc7fd78-7ee6-42d8-855f-b4dede13f79d","geometry":{"type":"Point","coordinates":[-94.83153860364116,29.511218596733052]},"properties":{"substrate":"Mud","lease_number":null,"poll_year":2025}},{"type":"Feature","id":"cbd5c899-aa1d-4b3b-a707-9c0b69ea1d1e","geometry":{"type":"Point","coordinates":[-94.83365241765812,29.508659077336738]},"properties":{"substrate":"Mud","lease_number":null,"poll_year":2025}},{"type":"Feature","id":"cc17662c-ef9c-4cbc-880e-7077b50a7f7b","geometry":{"type":"Point","coordinates":[-94.81287363683981,29.5067228946107]},"properties":{"substrate":"Buried Shell","lease_number":null,"poll_year":2025}},{"type":"Feature","id":"cc2138d1-7332-4448-8032-d7b646a1afdc","geometry":{"type":"Point","coordinates":[-94.8252562321084,29.512574351778277]},"properties":{"substrate":"Mud","lease_number":null,"poll_year":2025}},{"type":"Feature","id":"cc25799d-a9ac-45a0-a742-9d7d7b04386a","geometry":{"type":"Point","coordinates":[-94.82986055518201,29.511412022169708]},"properties":{"substrate":"Mud","lease_number":null,"poll_year":2025}},{"type":"Feature","id":"cc50f5a5-b0a5-4fee-8f95-9bd80a67ee23","geometry":{"type":"Point","coordinates":[-94.82808486434304,29.512154449826195]},"properties":{"substrate":"Mud","lease_number":null,"poll_year":2025}},{"type":"Feature","id":"cc59800c-b649-4bf7-88eb-13aedc63c5ab","geometry":{"type":"Point","coordinates":[-94.83324308143429,29.506886292642662]},"properties":{"substrate":"Mud","lease_number":null,"poll_year":2025}},{"type":"Feature","id":"cc72cbfa-8603-4fc2-b994-3828cbf901f2","geometry":{"type":"Point","coordinates":[-94.81927518067478,29.512013592998866]},"properties":{"substrate":"Mud","lease_number":null,"poll_year":2025}},{"type":"Feature","id":"cc7a1802-95a9-46a2-9533-8b1a95f4ab3c","geometry":{"type":"Point","coordinates":[-94.83041519929294,29.512237397651948]},"properties":{"substrate":"Mud","lease_number":null,"poll_year":2025}},{"type":"Feature","id":"cc828c68-a31e-420a-b11b-1b2f44de4932","geometry":{"type":"Point","coordinates":[-94.83002094308777,29.50927554106084]},"properties":{"substrate":"Mud","lease_number":null,"poll_year":2025}},{"type":"Feature","id":"cc9d4011-de30-48d7-bf65-98e32ac86054","geometry":{"type":"Point","coordinates":[-94.81371482915333,29.51567953801389]},"properties":{"substrate":"Solid Reef","lease_number":null,"poll_year":2025}},{"type":"Feature","id":"ccae414d-7b76-4843-a6a6-6bb800f4edc5","geometry":{"type":"Point","coordinates":[-94.81305441470589,29.506889930360995]},"properties":{"substrate":"Solid Reef","lease_number":null,"poll_year":2025}},{"type":"Feature","id":"ccce2c27-a64a-4cac-98cb-20c05a45638a","geometry":{"type":"Point","coordinates":[-94.81577545661726,29.515316086357878]},"properties":{"substrate":"Mud","lease_number":null,"poll_year":2025}},{"type":"Feature","id":"ccd2d68c-a8fd-4ae0-bd77-6cb9ac119b27","geometry":{"type":"Point","coordinates":[-94.8127493872596,29.51422668588539]},"properties":{"substrate":"Mud","lease_number":null,"poll_year":2025}},{"type":"Feature","id":"ccd3495d-2047-450d-b077-a178e2992a44","geometry":{"type":"Point","coordinates":[-94.82492881864523,29.51195639308976]},"properties":{"substrate":"Mud","lease_number":null,"poll_year":2025}},{"type":"Feature","id":"ccea3267-02e1-47d4-8c67-e3679697a63a","geometry":{"type":"Point","coordinates":[-94.83046375772562,29.50645354629308]},"properties":{"substrate":"Solid Reef","lease_number":null,"poll_year":2025}},{"type":"Feature","id":"cd14ccae-cefe-4b5f-b201-57fb6fcd8ef8","geometry":{"type":"Point","coordinates":[-94.82688407372633,29.51477603229408]},"properties":{"substrate":"Mud","lease_number":null,"poll_year":2025}},{"type":"Feature","id":"cd25bec6-9a49-427d-9309-8a9b9efc12d3","geometry":{"type":"Point","coordinates":[-94.820494310398,29.514554891957015]},"properties":{"substrate":"Mud","lease_number":null,"poll_year":2025}},{"type":"Feature","id":"cd37281d-346e-41ef-b206-a11282d5e827","geometry":{"type":"Point","coordinates":[-94.83032254795285,29.51313154969577]},"properties":{"substrate":"Mud","lease_number":null,"poll_year":2025}},{"type":"Feature","id":"cd76c854-4786-42d7-8ace-e625d98dbf43","geometry":{"type":"Point","coordinates":[-94.83070338961586,29.509246449377375]},"properties":{"substrate":"Mud","lease_number":null,"poll_year":2025}},{"type":"Feature","id":"cd8a54da-e116-4e60-ab63-4c4f6e0b2be5","geometry":{"type":"Point","coordinates":[-94.82124438120236,29.515215674722036]},"properties":{"substrate":"Mud","lease_number":null,"poll_year":2025}},{"type":"Feature","id":"cd9337fd-c8e2-4a99-ba24-f375436d9d9f","geometry":{"type":"Point","coordinates":[-94.82457031808333,29.50894252318482]},"properties":{"substrate":"Solid Reef","lease_number":null,"poll_year":2025}},{"type":"Feature","id":"cd9f2e0d-66e2-42b0-a899-eae2ab90449c","geometry":{"type":"Point","coordinates":[-94.82807190165349,29.515604121101315]},"properties":{"substrate":"Mud","lease_number":null,"poll_year":2025}},{"type":"Feature","id":"cda21e7a-2735-4514-bb6c-492c36be23bf","geometry":{"type":"Point","coordinates":[-94.833459430789,29.50873893527994]},"properties":{"substrate":"Mud","lease_number":null,"poll_year":2025}},{"type":"Feature","id":"cdbb8f04-dd5c-46b1-8074-473c179ad156","geometry":{"type":"Point","coordinates":[-94.82927893286646,29.50959391276247]},"properties":{"substrate":"Mud","lease_number":null,"poll_year":2025}},{"type":"Feature","id":"cdfb6cc9-7b7b-47c2-9180-8bb54ec7c191","geometry":{"type":"Point","coordinates":[-94.83359398943541,29.508792315637606]},"properties":{"substrate":"Mud","lease_number":null,"poll_year":2025}},{"type":"Feature","id":"ce4e1d81-933d-4b82-b359-bb7a0c844e1a","geometry":{"type":"Point","coordinates":[-94.82493223224331,29.510940738309515]},"properties":{"substrate":"Mud","lease_number":null,"poll_year":2025}},{"type":"Feature","id":"ce637bc2-cd31-406f-9ecb-6637e1979515","geometry":{"type":"Point","coordinates":[-94.8124187398614,29.507173307673384]},"properties":{"substrate":"Solid Reef","lease_number":null,"poll_year":2025}},{"type":"Feature","id":"ce668a50-b67c-4e79-8aff-a3d179cd43e2","geometry":{"type":"Point","coordinates":[-94.82426940671766,29.514842465295406]},"properties":{"substrate":"Mud","lease_number":null,"poll_year":2025}},{"type":"Feature","id":"ce6b83bf-1942-472e-8158-5c4b464caf91","geometry":{"type":"Point","coordinates":[-94.81373628631219,29.51460578565638]},"properties":{"substrate":"Buried Shell","lease_number":null,"poll_year":2025}},{"type":"Feature","id":"ce74f2b8-4397-4ac5-bd52-a59860437873","geometry":{"type":"Point","coordinates":[-94.82960428828932,29.511520308388015]},"properties":{"substrate":"Mud","lease_number":null,"poll_year":2025}},{"type":"Feature","id":"ceb76cdb-962a-45e8-a288-264f9f0dc16e","geometry":{"type":"Point","coordinates":[-94.82357944668053,29.511215214808114]},"properties":{"substrate":"Mud","lease_number":null,"poll_year":2025}},{"type":"Feature","id":"ced23392-7d9b-456d-95d4-c9432a514643","geometry":{"type":"Point","coordinates":[-94.82093851472958,29.513195443864568]},"properties":{"substrate":"Mud","lease_number":null,"poll_year":2025}},{"type":"Feature","id":"cee3b217-5917-4b76-a65c-2cfd65fa399e","geometry":{"type":"Point","coordinates":[-94.82526166601757,29.513353320106823]},"properties":{"substrate":"Mud","lease_number":null,"poll_year":2025}},{"type":"Feature","id":"cf4fe07b-391c-41a2-8a2c-8435edd85077","geometry":{"type":"Point","coordinates":[-94.81791255406807,29.51226242567371]},"properties":{"substrate":"Mud","lease_number":null,"poll_year":2025}},{"type":"Feature","id":"cf63a763-e584-4af4-8766-d9c55e360e80","geometry":{"type":"Point","coordinates":[-94.83154229841192,29.506002842323156]},"properties":{"substrate":"Mud","lease_number":null,"poll_year":2025}},{"type":"Feature","id":"cf7cabcc-d0a4-405b-bfa6-8f16ad075f0a","geometry":{"type":"Point","coordinates":[-94.82700414344552,29.510562450362777]},"properties":{"substrate":"Mud","lease_number":null,"poll_year":2025}},{"type":"Feature","id":"cf866402-c81f-4112-9938-bf806946ceb3","geometry":{"type":"Point","coordinates":[-94.83359724223507,29.5076029433108]},"properties":{"substrate":"Mud","lease_number":null,"poll_year":2025}},{"type":"Feature","id":"cf8b40dd-a802-48e9-91c4-cb5d02dd93a8","geometry":{"type":"Point","coordinates":[-94.81490720525075,29.51593895569161]},"properties":{"substrate":"Mud","lease_number":null,"poll_year":2025}},{"type":"Feature","id":"cfa80415-2660-48ea-9951-a541168ce09f","geometry":{"type":"Point","coordinates":[-94.82389409059196,29.511652952691215]},"properties":{"substrate":"Mud","lease_number":null,"poll_year":2025}},{"type":"Feature","id":"cfaa33a3-faaf-41b2-8a04-04e04e212f18","geometry":{"type":"Point","coordinates":[-94.83376883842062,29.507708322201868]},"properties":{"substrate":"Mud","lease_number":null,"poll_year":2025}},{"type":"Feature","id":"cfbb1b47-010a-4ebc-96c6-566d3d141e20","geometry":{"type":"Point","coordinates":[-94.82141153072727,29.513527576098575]},"properties":{"substrate":"Mud","lease_number":null,"poll_year":2025}},{"type":"Feature","id":"cfd71edc-90be-4ee6-b265-c603be222545","geometry":{"type":"Point","coordinates":[-94.82190243487722,29.511708865207513]},"properties":{"substrate":"Mud","lease_number":null,"poll_year":2025}},{"type":"Feature","id":"cff35e15-19fb-4d36-8af4-f8f51eb4d722","geometry":{"type":"Point","coordinates":[-94.8290803665611,29.514358466724683]},"properties":{"substrate":"Mud","lease_number":null,"poll_year":2025}},{"type":"Feature","id":"d01ff47c-7bda-458c-bbf2-924dac98b4f5","geometry":{"type":"Point","coordinates":[-94.81345518100193,29.514714782186726]},"properties":{"substrate":"Mud","lease_number":null,"poll_year":2025}},{"type":"Feature","id":"d030e91c-709b-488a-8cfe-e9e61eca085b","geometry":{"type":"Point","coordinates":[-94.83043008707213,29.50960179466557]},"properties":{"substrate":"Mud","lease_number":null,"poll_year":2025}},{"type":"Feature","id":"d05a5d3a-2eaf-4895-aeca-379dbe361d33","geometry":{"type":"Point","coordinates":[-94.82732010338883,29.5151108188111]},"properties":{"substrate":"Mud","lease_number":null,"poll_year":2025}},{"type":"Feature","id":"d05d5310-f6f7-4582-92aa-563d592d6561","geometry":{"type":"Point","coordinates":[-94.82018474017131,29.510824514939994]},"properties":{"substrate":"Buried Shell","lease_number":null,"poll_year":2025}},{"type":"Feature","id":"d0a1bfd5-c058-4b4d-81eb-4998c5630ca9","geometry":{"type":"Point","coordinates":[-94.8309498738551,29.512367194633388]},"properties":{"substrate":"Mud","lease_number":null,"poll_year":2025}},{"type":"Feature","id":"d0b266f3-f449-4ddb-84c6-a0cde6c5cf1f","geometry":{"type":"Point","coordinates":[-94.82986565940945,29.506694312710454]},"properties":{"substrate":"Solid Reef","lease_number":null,"poll_year":2025}},{"type":"Feature","id":"d0cb9936-98e1-4def-8f18-b0164cae644c","geometry":{"type":"Point","coordinates":[-94.82081498559825,29.51399899097381]},"properties":{"substrate":"Mud","lease_number":null,"poll_year":2025}},{"type":"Feature","id":"d0e97db3-373b-4765-b444-57d23110dbda","geometry":{"type":"Point","coordinates":[-94.83221030542013,29.508630586670446]},"properties":{"substrate":"Mud","lease_number":null,"poll_year":2025}},{"type":"Feature","id":"d101b875-520c-4552-965d-43725444937c","geometry":{"type":"Point","coordinates":[-94.82289695882996,29.51440767274067]},"properties":{"substrate":"Mud","lease_number":null,"poll_year":2025}},{"type":"Feature","id":"d10b9a98-5c55-46f3-a56a-f6a4d7f4cf10","geometry":{"type":"Point","coordinates":[-94.81886185143951,29.513881429638644]},"properties":{"substrate":"Mud","lease_number":null,"poll_year":2025}},{"type":"Feature","id":"d11fb039-a8c9-4aa8-b200-a615cd73250b","geometry":{"type":"Point","coordinates":[-94.81733972086927,29.512481514997496]},"properties":{"substrate":"Mud","lease_number":null,"poll_year":2025}},{"type":"Feature","id":"d121be24-be02-48a1-a388-bd6449ce49b7","geometry":{"type":"Point","coordinates":[-94.82549291393126,29.511721188143355]},"properties":{"substrate":"Mud","lease_number":null,"poll_year":2025}},{"type":"Feature","id":"d139dc39-a551-47db-93dc-9d5599603126","geometry":{"type":"Point","coordinates":[-94.82451995942681,29.515872822813105]},"properties":{"substrate":"Mud","lease_number":null,"poll_year":2025}},{"type":"Feature","id":"d13ddb86-c4e9-4bf7-8a49-b47a52b2def5","geometry":{"type":"Point","coordinates":[-94.83030241311405,29.50965320135732]},"properties":{"substrate":"Mud","lease_number":null,"poll_year":2025}},{"type":"Feature","id":"d18daf65-06a9-4599-84d2-4dc22a0357f5","geometry":{"type":"Point","coordinates":[-94.82752315228745,29.51215583197785]},"properties":{"substrate":"Mud","lease_number":null,"poll_year":2025}},{"type":"Feature","id":"d18dbc5b-6290-45b9-81b5-cd63030f12e2","geometry":{"type":"Point","coordinates":[-94.83245671959077,29.509807838745466]},"properties":{"substrate":"Mud","lease_number":null,"poll_year":2025}},{"type":"Feature","id":"d1a9e1ca-aa84-427d-adc8-017379dce994","geometry":{"type":"Point","coordinates":[-94.81371747020026,29.514328444664194]},"properties":{"substrate":"Buried Shell","lease_number":null,"poll_year":2025}},{"type":"Feature","id":"d20f36da-5fe6-4594-9b05-255a79248e28","geometry":{"type":"Point","coordinates":[-94.81391458842137,29.515830742211246]},"properties":{"substrate":"Solid Reef","lease_number":null,"poll_year":2025}},{"type":"Feature","id":"d25f5d25-506b-44ff-a348-0170631a6844","geometry":{"type":"Point","coordinates":[-94.8248199203749,29.513013751263582]},"properties":{"substrate":"Mud","lease_number":null,"poll_year":2025}},{"type":"Feature","id":"d2681005-f277-4e66-a3d0-d9c637fa920d","geometry":{"type":"Point","coordinates":[-94.82460716697629,29.51076683982414]},"properties":{"substrate":"Mud","lease_number":null,"poll_year":2025}},{"type":"Feature","id":"d2727a16-a184-4d87-be0a-fe31c49d5b38","geometry":{"type":"Point","coordinates":[-94.81261504600549,29.50734679328863]},"properties":{"substrate":"Buried Shell","lease_number":null,"poll_year":2025}},{"type":"Feature","id":"d28281e8-2fde-4cfe-b587-cd7a9cfa6a4f","geometry":{"type":"Point","coordinates":[-94.8286982969011,29.51162948101094]},"properties":{"substrate":"Mud","lease_number":null,"poll_year":2025}},{"type":"Feature","id":"d29c962c-4ec8-4b63-9204-a36e585e6f63","geometry":{"type":"Point","coordinates":[-94.82609275857234,29.509088996710545]},"properties":{"substrate":"Buried Shell","lease_number":null,"poll_year":2025}},{"type":"Feature","id":"d2a8b166-58ce-4dad-8547-f3f4aa22bedd","geometry":{"type":"Point","coordinates":[-94.82316928670159,29.514549075018845]},"properties":{"substrate":"Mud","lease_number":null,"poll_year":2025}},{"type":"Feature","id":"d2ece6ec-658e-46a4-bd28-8dc45aa4ad6e","geometry":{"type":"Point","coordinates":[-94.82316794372025,29.514022524644318]},"properties":{"substrate":"Mud","lease_number":null,"poll_year":2025}},{"type":"Feature","id":"d2f29e66-76d2-4d76-9dc5-d4129d1f6a33","geometry":{"type":"Point","coordinates":[-94.83063094767472,29.507161990358583]},"properties":{"substrate":"Buried Shell","lease_number":null,"poll_year":2025}},{"type":"Feature","id":"d30880ec-d35f-4d18-892f-d5820b5b1c91","geometry":{"type":"Point","coordinates":[-94.8283467322315,29.50843347838505]},"properties":{"substrate":"Mud","lease_number":null,"poll_year":2025}},{"type":"Feature","id":"d30a4934-7b70-40ea-84e8-d5bf13ac1fb7","geometry":{"type":"Point","coordinates":[-94.81408718083858,29.515760594285908]},"properties":{"substrate":"Buried Shell","lease_number":null,"poll_year":2025}},{"type":"Feature","id":"d31e2b34-c44f-407a-8d1d-f3e3dd5608e0","geometry":{"type":"Point","coordinates":[-94.81915236390745,29.512065440942383]},"properties":{"substrate":"Buried Shell","lease_number":null,"poll_year":2025}},{"type":"Feature","id":"d32f5e1f-cc58-4aeb-9ca7-6cbd93478ed7","geometry":{"type":"Point","coordinates":[-94.82299446556415,29.511767499791542]},"properties":{"substrate":"Mud","lease_number":null,"poll_year":2025}},{"type":"Feature","id":"d33551b1-1965-4095-b9c5-b267ba6b9b6c","geometry":{"type":"Point","coordinates":[-94.82870481597512,29.515850230777502]},"properties":{"substrate":"Mud","lease_number":null,"poll_year":2025}},{"type":"Feature","id":"d335bcb6-047d-452e-8e9a-1524444caf84","geometry":{"type":"Point","coordinates":[-94.82028094704329,29.510775108612293]},"properties":{"substrate":"Buried Shell","lease_number":null,"poll_year":2025}},{"type":"Feature","id":"d3857d48-a266-456c-b50b-b331536e514d","geometry":{"type":"Point","coordinates":[-94.82745000157556,29.511412398198964]},"properties":{"substrate":"Mud","lease_number":null,"poll_year":2025}},{"type":"Feature","id":"d3fcf32f-d73b-4ab2-abdc-b220811c98dd","geometry":{"type":"Point","coordinates":[-94.82557829969734,29.509844357938878]},"properties":{"substrate":"Mud","lease_number":null,"poll_year":2025}},{"type":"Feature","id":"d420fcd0-38da-4f2c-a770-a02a9ce60797","geometry":{"type":"Point","coordinates":[-94.82519387914623,29.514189553040328]},"properties":{"substrate":"Mud","lease_number":null,"poll_year":2025}},{"type":"Feature","id":"d43799cb-88e5-4155-ba97-fc13236cce22","geometry":{"type":"Point","coordinates":[-94.83279150283254,29.508631939944067]},"properties":{"substrate":"Mud","lease_number":null,"poll_year":2025}},{"type":"Feature","id":"d44cfc94-75ef-4b94-99d0-9d050e23dc51","geometry":{"type":"Point","coordinates":[-94.81498854859805,29.513265108881914]},"properties":{"substrate":"Solid Reef","lease_number":null,"poll_year":2025}},{"type":"Feature","id":"d46a275e-2cba-45e1-908d-0fb1642d4785","geometry":{"type":"Point","coordinates":[-94.8205055303559,29.511479178948285]},"properties":{"substrate":"Mud","lease_number":null,"poll_year":2025}},{"type":"Feature","id":"d471ac6f-e508-4d61-aca3-1b12621cfcc3","geometry":{"type":"Point","coordinates":[-94.81948741844045,29.51186601829318]},"properties":{"substrate":"Mud","lease_number":null,"poll_year":2025}},{"type":"Feature","id":"d48afbf6-b7db-4f79-87c8-0ab0ebb23ff3","geometry":{"type":"Point","coordinates":[-94.82450083788768,29.514982652926836]},"properties":{"substrate":"Mud","lease_number":null,"poll_year":2025}},{"type":"Feature","id":"d48e6594-f40d-4f4b-94a2-616c7a21c7f2","geometry":{"type":"Point","coordinates":[-94.8234060188301,29.50997146164067]},"properties":{"substrate":"Mud","lease_number":null,"poll_year":2025}},{"type":"Feature","id":"d495e653-b0d1-4ad8-88f8-aa850b852e5e","geometry":{"type":"Point","coordinates":[-94.82253949133062,29.514304631982434]},"properties":{"substrate":"Mud","lease_number":null,"poll_year":2025}},{"type":"Feature","id":"d4c6c431-9cf9-42dc-ba62-f94c927797b6","geometry":{"type":"Point","coordinates":[-94.8201536890052,29.512013196646002]},"properties":{"substrate":"Buried Shell","lease_number":null,"poll_year":2025}},{"type":"Feature","id":"d4ce318a-d74d-4774-b405-8f68e23c991f","geometry":{"type":"Point","coordinates":[-94.8152832939276,29.515252163040177]},"properties":{"substrate":"Mud","lease_number":null,"poll_year":2025}},{"type":"Feature","id":"d4e7693a-02d3-484e-aff6-c3f1940741c1","geometry":{"type":"Point","coordinates":[-94.82831562806479,29.507642294960473]},"properties":{"substrate":"Mud","lease_number":null,"poll_year":2025}},{"type":"Feature","id":"d4facf70-a859-48f7-9d4d-1ac8b6c75a44","geometry":{"type":"Point","coordinates":[-94.82167503265126,29.513971902699193]},"properties":{"substrate":"Mud","lease_number":null,"poll_year":2025}},{"type":"Feature","id":"d5133cfa-32d5-4f67-916a-9bfbf8281df4","geometry":{"type":"Point","coordinates":[-94.83273363336194,29.50549038029881]},"properties":{"substrate":"Mud","lease_number":null,"poll_year":2025}},{"type":"Feature","id":"d514749b-e32b-40d8-b9f5-427665d51d59","geometry":{"type":"Point","coordinates":[-94.81582013702287,29.514780786053183]},"properties":{"substrate":"Mud","lease_number":null,"poll_year":2025}},{"type":"Feature","id":"d5382fdc-5e44-4d5f-b353-1bc1da89db82","geometry":{"type":"Point","coordinates":[-94.83013642511081,29.507671024352273]},"properties":{"substrate":"Mud","lease_number":null,"poll_year":2025}},{"type":"Feature","id":"d53dce04-13d6-4464-a82c-b333af9a14d5","geometry":{"type":"Point","coordinates":[-94.82755706728268,29.515266782284844]},"properties":{"substrate":"Mud","lease_number":null,"poll_year":2025}},{"type":"Feature","id":"d54a413f-8e94-4c70-8d6c-47c6f1c01552","geometry":{"type":"Point","coordinates":[-94.82987927158095,29.51062676987355]},"properties":{"substrate":"Mud","lease_number":null,"poll_year":2025}},{"type":"Feature","id":"d56ec86a-cd51-4291-a60b-4d61b5cc736a","geometry":{"type":"Point","coordinates":[-94.82772684887141,29.511525920677837]},"properties":{"substrate":"Mud","lease_number":null,"poll_year":2025}},{"type":"Feature","id":"d5734aba-ddcb-4bca-b3a2-378c9075039b","geometry":{"type":"Point","coordinates":[-94.81643498802076,29.5139809099754]},"properties":{"substrate":"Mud","lease_number":null,"poll_year":2025}},{"type":"Feature","id":"d58f5351-e134-4c85-abe6-c19533e11351","geometry":{"type":"Point","coordinates":[-94.81698322265213,29.51214546974905]},"properties":{"substrate":"Buried Shell","lease_number":null,"poll_year":2025}},{"type":"Feature","id":"d5957ab9-080b-47ce-a1a7-f4bf091fd8a6","geometry":{"type":"Point","coordinates":[-94.8241353439413,29.509408999012642]},"properties":{"substrate":"Buried Shell","lease_number":null,"poll_year":2025}},{"type":"Feature","id":"d5977536-0ba8-4436-9592-616502b8be7f","geometry":{"type":"Point","coordinates":[-94.81377150566124,29.506466477330324]},"properties":{"substrate":"Buried Shell","lease_number":null,"poll_year":2025}},{"type":"Feature","id":"d5a09f2a-d226-444e-a91c-5b9100ab1b92","geometry":{"type":"Point","coordinates":[-94.83108257837875,29.506204263091632]},"properties":{"substrate":"Mud","lease_number":null,"poll_year":2025}},{"type":"Feature","id":"d5ba9f23-058f-4632-8c69-052eaab995c3","geometry":{"type":"Point","coordinates":[-94.81617332764313,29.514097951334616]},"properties":{"substrate":"Mud","lease_number":null,"poll_year":2025}},{"type":"Feature","id":"d60b74c5-364c-4f91-9e4f-0f6f5cea4355","geometry":{"type":"Point","coordinates":[-94.81890889441432,29.515426306319846]},"properties":{"substrate":"Mud","lease_number":null,"poll_year":2025}},{"type":"Feature","id":"d616d703-55b7-4d05-9a3c-33a3932e299d","geometry":{"type":"Point","coordinates":[-94.8255736706787,29.51374590829742]},"properties":{"substrate":"Mud","lease_number":null,"poll_year":2025}},{"type":"Feature","id":"d636ff37-10b9-4967-8ba8-68d6657e31ef","geometry":{"type":"Point","coordinates":[-94.82616181925475,29.509366960284968]},"properties":{"substrate":"Mud","lease_number":null,"poll_year":2025}},{"type":"Feature","id":"d6469699-d174-4e86-ba7d-160d1e8dbecb","geometry":{"type":"Point","coordinates":[-94.82707175963698,29.507869509296164]},"properties":{"substrate":"Mud","lease_number":null,"poll_year":2025}},{"type":"Feature","id":"d64a3dd4-2a56-40a6-ae43-2feba6118a06","geometry":{"type":"Point","coordinates":[-94.81474819176736,29.51577440592798]},"properties":{"substrate":"Mud","lease_number":null,"poll_year":2025}},{"type":"Feature","id":"d66648f0-248d-4ad1-a6fa-32fa93b8e489","geometry":{"type":"Point","coordinates":[-94.82862246471807,29.507497766013437]},"properties":{"substrate":"Mud","lease_number":null,"poll_year":2025}},{"type":"Feature","id":"d6709d8e-25bc-4572-b457-24db5606f07e","geometry":{"type":"Point","coordinates":[-94.83083298866357,29.50892878722541]},"properties":{"substrate":"Mud","lease_number":null,"poll_year":2025}},{"type":"Feature","id":"d6869676-4ac0-4b4d-84d6-6419970cdd51","geometry":{"type":"Point","coordinates":[-94.81514393109106,29.515322671697923]},"properties":{"substrate":"Mud","lease_number":null,"poll_year":2025}},{"type":"Feature","id":"d6a3128d-6533-4c8c-9cd4-eb0101d61b8e","geometry":{"type":"Point","coordinates":[-94.82866165012909,29.50720735733492]},"properties":{"substrate":"Buried Shell","lease_number":null,"poll_year":2025}},{"type":"Feature","id":"d6b4ce66-ff4d-44ff-8aac-8cddb5e3f3f9","geometry":{"type":"Point","coordinates":[-94.83339055426123,29.506290077982076]},"properties":{"substrate":"Mud","lease_number":null,"poll_year":2025}},{"type":"Feature","id":"d6b6ecc8-4ef5-4640-b9c7-7d686c486456","geometry":{"type":"Point","coordinates":[-94.82836078457751,29.511549378310416]},"properties":{"substrate":"Mud","lease_number":null,"poll_year":2025}},{"type":"Feature","id":"d6b799e1-130a-401b-997a-97f4398ca25a","geometry":{"type":"Point","coordinates":[-94.81284196044625,29.516047631840408]},"properties":{"substrate":"Buried Shell","lease_number":null,"poll_year":2025}},{"type":"Feature","id":"d6bfd5d9-7401-4a36-8c8f-49eda628e61f","geometry":{"type":"Point","coordinates":[-94.820591745267,29.512517951141824]},"properties":{"substrate":"Mud","lease_number":null,"poll_year":2025}},{"type":"Feature","id":"d6c17a29-51d8-4eb0-8421-6a55dbb66491","geometry":{"type":"Point","coordinates":[-94.83308649340218,29.50720885291485]},"properties":{"substrate":"Mud","lease_number":null,"poll_year":2025}},{"type":"Feature","id":"d6d601fc-fc9e-4ceb-b4e8-43024b592223","geometry":{"type":"Point","coordinates":[-94.82792350985001,29.512480798907728]},"properties":{"substrate":"Mud","lease_number":null,"poll_year":2025}},{"type":"Feature","id":"d6e7b690-1cc2-4c67-847a-cc2915f671c3","geometry":{"type":"Point","coordinates":[-94.82542529863814,29.514339101386582]},"properties":{"substrate":"Mud","lease_number":null,"poll_year":2025}},{"type":"Feature","id":"d6f1ebe0-a87e-4c5a-abd7-14e3dd94fe8d","geometry":{"type":"Point","coordinates":[-94.82833802665809,29.513354631102754]},"properties":{"substrate":"Mud","lease_number":null,"poll_year":2025}},{"type":"Feature","id":"d7010e69-1cca-4e55-84ae-86995d5a74dc","geometry":{"type":"Point","coordinates":[-94.82986082916815,29.512231758039988]},"properties":{"substrate":"Mud","lease_number":null,"poll_year":2025}},{"type":"Feature","id":"d709fc90-2d89-4d9a-8c2c-a632e30feb98","geometry":{"type":"Point","coordinates":[-94.83247877502762,29.506898143176272]},"properties":{"substrate":"Mud","lease_number":null,"poll_year":2025}},{"type":"Feature","id":"d714ec36-71e2-45cc-9245-5a9771e79fe5","geometry":{"type":"Point","coordinates":[-94.82971265026542,29.5094078458854]},"properties":{"substrate":"Mud","lease_number":null,"poll_year":2025}},{"type":"Feature","id":"d72dab73-9f1d-4d5b-9a7a-a7080d1bc9ef","geometry":{"type":"Point","coordinates":[-94.82702924776447,29.511068803773274]},"properties":{"substrate":"Mud","lease_number":null,"poll_year":2025}},{"type":"Feature","id":"d752da50-83cc-4444-a919-b3aaf71f4120","geometry":{"type":"Point","coordinates":[-94.82588125383195,29.514898838839134]},"properties":{"substrate":"Mud","lease_number":null,"poll_year":2025}},{"type":"Feature","id":"d75cac8c-5dec-4194-b2af-01adade36a91","geometry":{"type":"Point","coordinates":[-94.83193485320793,29.51052348135324]},"properties":{"substrate":"Mud","lease_number":null,"poll_year":2025}},{"type":"Feature","id":"d7607633-b2c1-445f-8bc8-b1f37a3d43de","geometry":{"type":"Point","coordinates":[-94.81211391992593,29.506382216035064]},"properties":{"substrate":"Buried Shell","lease_number":null,"poll_year":2025}},{"type":"Feature","id":"d76e6584-493a-4f05-93c1-f6723bc715d8","geometry":{"type":"Point","coordinates":[-94.82410148284497,29.510471936729605]},"properties":{"substrate":"Mud","lease_number":null,"poll_year":2025}},{"type":"Feature","id":"d785f145-2fd3-42a3-bc88-ef8b1d2540ec","geometry":{"type":"Point","coordinates":[-94.81247725791565,29.50626757371526]},"properties":{"substrate":"Buried Shell","lease_number":null,"poll_year":2025}},{"type":"Feature","id":"d79259c5-05d6-468b-a669-e8f81114927a","geometry":{"type":"Point","coordinates":[-94.82381931303108,29.513723798125476]},"properties":{"substrate":"Mud","lease_number":null,"poll_year":2025}},{"type":"Feature","id":"d79450b8-5fae-4687-b4ea-d915bcd74f93","geometry":{"type":"Point","coordinates":[-94.81640491332335,29.515602041690638]},"properties":{"substrate":"Mud","lease_number":null,"poll_year":2025}},{"type":"Feature","id":"d7bab80c-fac8-4afe-bc72-74c8f31227a1","geometry":{"type":"Point","coordinates":[-94.82706108944801,29.51312507287673]},"properties":{"substrate":"Mud","lease_number":null,"poll_year":2025}},{"type":"Feature","id":"d7d0959d-8a59-432a-878b-d6578a59fe7f","geometry":{"type":"Point","coordinates":[-94.82815458618549,29.515793175311764]},"properties":{"substrate":"Mud","lease_number":null,"poll_year":2025}},{"type":"Feature","id":"d7d6bf7b-0830-469a-92fd-cc0b494f4719","geometry":{"type":"Point","coordinates":[-94.83242612027725,29.51017949614968]},"properties":{"substrate":"Mud","lease_number":null,"poll_year":2025}},{"type":"Feature","id":"d7d8708b-a191-4c47-822b-30a38b8e4260","geometry":{"type":"Point","coordinates":[-94.83110557704664,29.512279139682597]},"properties":{"substrate":"Mud","lease_number":null,"poll_year":2025}},{"type":"Feature","id":"d7e1400e-3b8c-4b68-b56c-6bd9e80d252d","geometry":{"type":"Point","coordinates":[-94.82330495117412,29.51596800401989]},"properties":{"substrate":"Mud","lease_number":null,"poll_year":2025}},{"type":"Feature","id":"d7f5570f-341c-40cd-8e34-85581c728939","geometry":{"type":"Point","coordinates":[-94.82540177715074,29.514590321254072]},"properties":{"substrate":"Mud","lease_number":null,"poll_year":2025}},{"type":"Feature","id":"d81058c5-4183-4c17-af75-4da269f987fc","geometry":{"type":"Point","coordinates":[-94.82511698695117,29.512127143728588]},"properties":{"substrate":"Mud","lease_number":null,"poll_year":2025}},{"type":"Feature","id":"d831cf6f-27db-42e8-9a0c-f9909fef68c6","geometry":{"type":"Point","coordinates":[-94.8246942828976,29.50888866523562]},"properties":{"substrate":"Solid Reef","lease_number":null,"poll_year":2025}},{"type":"Feature","id":"d83ad8fe-a1de-4c73-8bfb-3f4bb076fa92","geometry":{"type":"Point","coordinates":[-94.83317767060687,29.506603132649932]},"properties":{"substrate":"Mud","lease_number":null,"poll_year":2025}},{"type":"Feature","id":"d83bacea-4c86-41dc-b070-863076d96f5f","geometry":{"type":"Point","coordinates":[-94.81605289680117,29.513855868865885]},"properties":{"substrate":"Buried Shell","lease_number":null,"poll_year":2025}},{"type":"Feature","id":"d83fe936-dd83-465d-996e-454a9c1cc37b","geometry":{"type":"Point","coordinates":[-94.8265953884317,29.512018619722333]},"properties":{"substrate":"Mud","lease_number":null,"poll_year":2025}},{"type":"Feature","id":"d846560a-fba2-49b4-8b5e-ef89dfcd0ec4","geometry":{"type":"Point","coordinates":[-94.82998045242465,29.51135969935948]},"properties":{"substrate":"Mud","lease_number":null,"poll_year":2025}},{"type":"Feature","id":"d8553c70-bf3d-4b52-b195-b002b34eb8d2","geometry":{"type":"Point","coordinates":[-94.8283476727676,29.512039458341885]},"properties":{"substrate":"Mud","lease_number":null,"poll_year":2025}},{"type":"Feature","id":"d879142c-c385-42be-b32d-e1a7c3f900c2","geometry":{"type":"Point","coordinates":[-94.8302036442469,29.512110153733197]},"properties":{"substrate":"Mud","lease_number":null,"poll_year":2025}},{"type":"Feature","id":"d8b79c7a-94f7-4377-a802-2d502b248c9c","geometry":{"type":"Point","coordinates":[-94.82869367866222,29.509851146115363]},"properties":{"substrate":"Mud","lease_number":null,"poll_year":2025}},{"type":"Feature","id":"d8c14aca-4a4a-4523-afe6-209d122d990d","geometry":{"type":"Point","coordinates":[-94.82194895593084,29.51060609513531]},"properties":{"substrate":"Mud","lease_number":null,"poll_year":2025}},{"type":"Feature","id":"d8c4592d-a443-4213-afa4-1ec0a3bb37a8","geometry":{"type":"Point","coordinates":[-94.83272357762064,29.507908878041654]},"properties":{"substrate":"Mud","lease_number":null,"poll_year":2025}},{"type":"Feature","id":"d8cca517-6e76-447a-9cb2-56026f9e913c","geometry":{"type":"Point","coordinates":[-94.8126794165838,29.514750362303605]},"properties":{"substrate":"Mud","lease_number":null,"poll_year":2025}},{"type":"Feature","id":"d8f0a433-c536-4be2-86dd-875c198a4e2a","geometry":{"type":"Point","coordinates":[-94.82929445216132,29.507205477110325]},"properties":{"substrate":"Buried Shell","lease_number":null,"poll_year":2025}},{"type":"Feature","id":"d8f81398-d7fb-4429-b1cf-5f56ba6e9646","geometry":{"type":"Point","coordinates":[-94.81218819263363,29.506812846353657]},"properties":{"substrate":"Solid Reef","lease_number":null,"poll_year":2025}},{"type":"Feature","id":"d9123282-3bdf-4723-8b09-b108d9555e7c","geometry":{"type":"Point","coordinates":[-94.81702079828216,29.514790305296895]},"properties":{"substrate":"Mud","lease_number":null,"poll_year":2025}},{"type":"Feature","id":"d91e4cef-46a5-42cc-b1b5-63a933b9346e","geometry":{"type":"Point","coordinates":[-94.82558309759928,29.511156206219187]},"properties":{"substrate":"Mud","lease_number":null,"poll_year":2025}},{"type":"Feature","id":"d92741b7-4f77-42c3-a1ef-5ad4b443815e","geometry":{"type":"Point","coordinates":[-94.83368739625864,29.506155373628456]},"properties":{"substrate":"Mud","lease_number":null,"poll_year":2025}},{"type":"Feature","id":"d973c0fa-2080-48fd-af21-42cefa355e47","geometry":{"type":"Point","coordinates":[-94.82478385211795,29.51333259511164]},"properties":{"substrate":"Mud","lease_number":null,"poll_year":2025}},{"type":"Feature","id":"d9b913f6-d637-44b0-8267-6c09b3398cd7","geometry":{"type":"Point","coordinates":[-94.82423795580124,29.5101829930302]},"properties":{"substrate":"Mud","lease_number":null,"poll_year":2025}},{"type":"Feature","id":"d9dd3a4a-2645-4f52-a355-82072f4dce57","geometry":{"type":"Point","coordinates":[-94.82688273882982,29.51606321562468]},"properties":{"substrate":"Mud","lease_number":null,"poll_year":2025}},{"type":"Feature","id":"d9e5aa5b-8a56-4782-b1f4-8b7f6f4e1d6a","geometry":{"type":"Point","coordinates":[-94.83086653265461,29.50942945431492]},"properties":{"substrate":"Mud","lease_number":null,"poll_year":2025}},{"type":"Feature","id":"d9fd956b-b012-4e8d-a91f-66c4b95971ee","geometry":{"type":"Point","coordinates":[-94.82674124518944,29.5111878967306]},"properties":{"substrate":"Mud","lease_number":null,"poll_year":2025}},{"type":"Feature","id":"da17ad38-b1ef-46da-abe8-f072c3f0acf9","geometry":{"type":"Point","coordinates":[-94.81654807064368,29.51447280281979]},"properties":{"substrate":"Mud","lease_number":null,"poll_year":2025}},{"type":"Feature","id":"da1d1649-d303-48fb-8a7a-795f59e77e89","geometry":{"type":"Point","coordinates":[-94.81972280040107,29.513931195616905]},"properties":{"substrate":"Mud","lease_number":null,"poll_year":2025}},{"type":"Feature","id":"da325259-93ab-4b2e-9f5c-4a873e8567f9","geometry":{"type":"Point","coordinates":[-94.8128023141995,29.5072847521974]},"properties":{"substrate":"Solid Reef","lease_number":null,"poll_year":2025}},{"type":"Feature","id":"da3fa31c-4799-45a4-946a-cea05f7809c2","geometry":{"type":"Point","coordinates":[-94.83374276571783,29.508992451075315]},"properties":{"substrate":"Mud","lease_number":null,"poll_year":2025}},{"type":"Feature","id":"da494144-69eb-458f-9281-50e53c71f23f","geometry":{"type":"Point","coordinates":[-94.82145788379593,29.512142365379884]},"properties":{"substrate":"Mud","lease_number":null,"poll_year":2025}},{"type":"Feature","id":"da8aa0db-de73-44b3-a107-064a50745479","geometry":{"type":"Point","coordinates":[-94.812311271709,29.51522535730769]},"properties":{"substrate":"Buried Shell","lease_number":null,"poll_year":2025}},{"type":"Feature","id":"da9caff4-33e4-461b-a913-b5f304425d11","geometry":{"type":"Point","coordinates":[-94.83071660742695,29.50977899191159]},"properties":{"substrate":"Mud","lease_number":null,"poll_year":2025}},{"type":"Feature","id":"da9fa381-877a-4e39-94e4-9eea0ade5a7e","geometry":{"type":"Point","coordinates":[-94.82508063392825,29.511896478870774]},"properties":{"substrate":"Mud","lease_number":null,"poll_year":2025}},{"type":"Feature","id":"db168cc3-4c61-495e-b358-d42093714234","geometry":{"type":"Point","coordinates":[-94.81338521122443,29.514213537732807]},"properties":{"substrate":"Buried Shell","lease_number":null,"poll_year":2025}},{"type":"Feature","id":"db1adb21-18f7-44a3-b7a4-c683c5632228","geometry":{"type":"Point","coordinates":[-94.81588351226785,29.512918919067765]},"properties":{"substrate":"Solid Reef","lease_number":null,"poll_year":2025}},{"type":"Feature","id":"db214353-1a30-40a2-a5b1-fd5563964917","geometry":{"type":"Point","coordinates":[-94.8241525421874,29.512760918630544]},"properties":{"substrate":"Mud","lease_number":null,"poll_year":2025}},{"type":"Feature","id":"db26e00e-7525-40a2-9d16-283c0045c6d9","geometry":{"type":"Point","coordinates":[-94.83253454783035,29.50873870934371]},"properties":{"substrate":"Mud","lease_number":null,"poll_year":2025}},{"type":"Feature","id":"db36bb82-aeb3-4d04-8998-59d1068ed9c7","geometry":{"type":"Point","coordinates":[-94.8247276786666,29.515777024730184]},"properties":{"substrate":"Mud","lease_number":null,"poll_year":2025}},{"type":"Feature","id":"db3f84f1-f4e7-4692-a44d-4a95917aab9e","geometry":{"type":"Point","coordinates":[-94.832722199605,29.506007537076957]},"properties":{"substrate":"Mud","lease_number":null,"poll_year":2025}},{"type":"Feature","id":"db7065d5-facb-4f48-979a-c10e8d3f0268","geometry":{"type":"Point","coordinates":[-94.83294762643565,29.50804944115454]},"properties":{"substrate":"Mud","lease_number":null,"poll_year":2025}},{"type":"Feature","id":"db81e0de-a870-4b42-b838-705e038e9b52","geometry":{"type":"Point","coordinates":[-94.82433604823702,29.514034639354225]},"properties":{"substrate":"Mud","lease_number":null,"poll_year":2025}},{"type":"Feature","id":"db86fb1d-4122-471f-a274-a0e50ef8c50d","geometry":{"type":"Point","coordinates":[-94.8270889003909,29.51543526968944]},"properties":{"substrate":"Mud","lease_number":null,"poll_year":2025}},{"type":"Feature","id":"db891aec-93e0-4715-9e5c-0eac03326d8a","geometry":{"type":"Point","coordinates":[-94.82913751378624,29.51016803766961]},"properties":{"substrate":"Mud","lease_number":null,"poll_year":2025}},{"type":"Feature","id":"db8a9abc-729a-4995-9252-a7fba22c677c","geometry":{"type":"Point","coordinates":[-94.8277935460863,29.508377989352915]},"properties":{"substrate":"Mud","lease_number":null,"poll_year":2025}},{"type":"Feature","id":"db91343b-7481-439b-982e-a16909074316","geometry":{"type":"Point","coordinates":[-94.828667476602,29.512448154274935]},"properties":{"substrate":"Mud","lease_number":null,"poll_year":2025}},{"type":"Feature","id":"db9de91e-2015-4fb0-b5d5-00b644588d8b","geometry":{"type":"Point","coordinates":[-94.82220361933074,29.515437110674473]},"properties":{"substrate":"Mud","lease_number":null,"poll_year":2025}},{"type":"Feature","id":"dbad5a8e-27a0-4fba-9929-73c910e85422","geometry":{"type":"Point","coordinates":[-94.82314374490312,29.510638672348]},"properties":{"substrate":"Buried Shell","lease_number":null,"poll_year":2025}},{"type":"Feature","id":"dbdbe82d-ab7c-4ffc-8de4-4f5f8878ca62","geometry":{"type":"Point","coordinates":[-94.82723956403373,29.509957649988507]},"properties":{"substrate":"Mud","lease_number":null,"poll_year":2025}},{"type":"Feature","id":"dbdcff9c-03e4-4f1a-acee-7b5aa93b60ba","geometry":{"type":"Point","coordinates":[-94.83215717995255,29.509944995364496]},"properties":{"substrate":"Mud","lease_number":null,"poll_year":2025}},{"type":"Feature","id":"dbf3c6f6-1184-4cee-9e97-73df02825ea9","geometry":{"type":"Point","coordinates":[-94.82408451726252,29.51232016325988]},"properties":{"substrate":"Mud","lease_number":null,"poll_year":2025}},{"type":"Feature","id":"dc213703-b2bd-49d1-85b0-122336682aec","geometry":{"type":"Point","coordinates":[-94.82461323060444,29.510535106310574]},"properties":{"substrate":"Mud","lease_number":null,"poll_year":2025}},{"type":"Feature","id":"dc350a23-6b2f-415d-8425-bad3a4545a4c","geometry":{"type":"Point","coordinates":[-94.82459086255389,29.513926322992432]},"properties":{"substrate":"Mud","lease_number":null,"poll_year":2025}},{"type":"Feature","id":"dc73cb08-0183-48aa-9320-c8e700c050b6","geometry":{"type":"Point","coordinates":[-94.82407953969752,29.516083511672903]},"properties":{"substrate":"Mud","lease_number":null,"poll_year":2025}},{"type":"Feature","id":"dc7b3d2b-436a-49dc-aee3-ba265407e6e0","geometry":{"type":"Point","coordinates":[-94.82365358733588,29.514061297652177]},"properties":{"substrate":"Mud","lease_number":null,"poll_year":2025}},{"type":"Feature","id":"dc84f789-25f4-4475-8d2f-63d1f09aa0cf","geometry":{"type":"Point","coordinates":[-94.8306957692073,29.511363551120972]},"properties":{"substrate":"Mud","lease_number":null,"poll_year":2025}},{"type":"Feature","id":"dc8f65b5-1470-4b76-bd75-27dc20684553","geometry":{"type":"Point","coordinates":[-94.83113521067125,29.508007999933145]},"properties":{"substrate":"Mud","lease_number":null,"poll_year":2025}},{"type":"Feature","id":"dca0be8a-1bd1-4e64-97be-ce3bda856d69","geometry":{"type":"Point","coordinates":[-94.8268749315717,29.514990446855638]},"properties":{"substrate":"Mud","lease_number":null,"poll_year":2025}},{"type":"Feature","id":"dcb1829d-3c9b-4314-9d0f-d45c94d94d9b","geometry":{"type":"Point","coordinates":[-94.82643072544347,29.513635927284042]},"properties":{"substrate":"Mud","lease_number":null,"poll_year":2025}},{"type":"Feature","id":"dcb33086-5d47-4780-ac75-93297eb54cc3","geometry":{"type":"Point","coordinates":[-94.82670541139274,29.508838415198248]},"properties":{"substrate":"Mud","lease_number":null,"poll_year":2025}},{"type":"Feature","id":"dcf2dc53-7f7c-4708-9a28-f746848daf99","geometry":{"type":"Point","coordinates":[-94.81536739240788,29.515493885698397]},"properties":{"substrate":"Mud","lease_number":null,"poll_year":2025}},{"type":"Feature","id":"dcf780ab-fe1b-4762-8666-c0e3b628696e","geometry":{"type":"Point","coordinates":[-94.83364934901313,29.50699421625628]},"properties":{"substrate":"Mud","lease_number":null,"poll_year":2025}},{"type":"Feature","id":"dcf88df0-426f-49d8-8aac-a3010a35feda","geometry":{"type":"Point","coordinates":[-94.81825118659083,29.515329129614713]},"properties":{"substrate":"Mud","lease_number":null,"poll_year":2025}},{"type":"Feature","id":"dd05e5a9-ec07-4707-b141-d2f922d1b1e1","geometry":{"type":"Point","coordinates":[-94.82576509627583,29.515471049677032]},"properties":{"substrate":"Mud","lease_number":null,"poll_year":2025}},{"type":"Feature","id":"dd70c718-f29e-4d87-ac07-9cb3ed8ba059","geometry":{"type":"Point","coordinates":[-94.83287257668525,29.509620561285114]},"properties":{"substrate":"Mud","lease_number":null,"poll_year":2025}},{"type":"Feature","id":"dd736144-16eb-457e-ad6d-82817867ea71","geometry":{"type":"Point","coordinates":[-94.82148047283206,29.51189852708711]},"properties":{"substrate":"Buried Shell","lease_number":null,"poll_year":2025}},{"type":"Feature","id":"dd76c3b8-5760-4de2-99d7-c261ab5be0c7","geometry":{"type":"Point","coordinates":[-94.8235417884055,29.513552145696295]},"properties":{"substrate":"Mud","lease_number":null,"poll_year":2025}},{"type":"Feature","id":"dd95c6a6-517b-4bd3-9dbe-d25096e94fbe","geometry":{"type":"Point","coordinates":[-94.820343589263,29.513140396787556]},"properties":{"substrate":"Mud","lease_number":null,"poll_year":2025}},{"type":"Feature","id":"dd9b6c31-011a-4dec-bc16-5e9345892eb7","geometry":{"type":"Point","coordinates":[-94.82188427543376,29.51557991003567]},"properties":{"substrate":"Mud","lease_number":null,"poll_year":2025}},{"type":"Feature","id":"dddc2cf3-c33a-498c-8e22-263ffcb3eb18","geometry":{"type":"Point","coordinates":[-94.82056313033192,29.51456073000181]},"properties":{"substrate":"Mud","lease_number":null,"poll_year":2025}},{"type":"Feature","id":"ddf031a5-987d-4f89-beb1-eeed60c2df36","geometry":{"type":"Point","coordinates":[-94.82998210801972,29.509045803936864]},"properties":{"substrate":"Mud","lease_number":null,"poll_year":2025}},{"type":"Feature","id":"ddf15351-17cd-4e11-b98f-ddfa7acb2c90","geometry":{"type":"Point","coordinates":[-94.82954172062978,29.50791965661784]},"properties":{"substrate":"Mud","lease_number":null,"poll_year":2025}},{"type":"Feature","id":"de129b90-822d-4d9b-8b74-b9d7c16fe9c6","geometry":{"type":"Point","coordinates":[-94.8234508986617,29.511266780942698]},"properties":{"substrate":"Mud","lease_number":null,"poll_year":2025}},{"type":"Feature","id":"de2aaa53-0ff1-47e9-9c1d-4c266bd78fa5","geometry":{"type":"Point","coordinates":[-94.82581332233187,29.508692708242712]},"properties":{"substrate":"Buried Shell","lease_number":null,"poll_year":2025}},{"type":"Feature","id":"de434b0c-a2c5-40e9-a414-d71968ccf0ad","geometry":{"type":"Point","coordinates":[-94.81909758643806,29.515447574191747]},"properties":{"substrate":"Mud","lease_number":null,"poll_year":2025}},{"type":"Feature","id":"de952511-90a9-494e-b5c8-72bcf57fe0ee","geometry":{"type":"Point","coordinates":[-94.82837539837054,29.512825100719056]},"properties":{"substrate":"Mud","lease_number":null,"poll_year":2025}},{"type":"Feature","id":"de97124e-ec4b-4b0e-887f-2aa7ea48c3b6","geometry":{"type":"Point","coordinates":[-94.81376865979841,29.51376766433292]},"properties":{"substrate":"Solid Reef","lease_number":null,"poll_year":2025}},{"type":"Feature","id":"deac75b7-0a52-478a-b5ed-7ac4a5abe03c","geometry":{"type":"Point","coordinates":[-94.82728404142007,29.512767859053724]},"properties":{"substrate":"Mud","lease_number":null,"poll_year":2025}},{"type":"Feature","id":"dead75a2-0f30-4e31-8be5-ed1a2a8e4958","geometry":{"type":"Point","coordinates":[-94.82472333800715,29.51539731021229]},"properties":{"substrate":"Mud","lease_number":null,"poll_year":2025}},{"type":"Feature","id":"ded69d8f-19ce-4ee2-8dae-48707f5789e5","geometry":{"type":"Point","coordinates":[-94.82218627735418,29.511827833893253]},"properties":{"substrate":"Mud","lease_number":null,"poll_year":2025}},{"type":"Feature","id":"deeb16a9-1e03-4c55-a8d3-3445aeb16d02","geometry":{"type":"Point","coordinates":[-94.82757743478513,29.508985297747916]},"properties":{"substrate":"Mud","lease_number":null,"poll_year":2025}},{"type":"Feature","id":"df220b8f-7347-4f07-ae51-41f0caf20229","geometry":{"type":"Point","coordinates":[-94.8289845522529,29.51522098114808]},"properties":{"substrate":"Mud","lease_number":null,"poll_year":2025}},{"type":"Feature","id":"df2aff04-7850-44e9-b66d-82831e278744","geometry":{"type":"Point","coordinates":[-94.82584983705152,29.51415364595708]},"properties":{"substrate":"Mud","lease_number":null,"poll_year":2025}},{"type":"Feature","id":"df351819-cebe-4673-a756-25450412a362","geometry":{"type":"Point","coordinates":[-94.82863054506407,29.50963328083737]},"properties":{"substrate":"Mud","lease_number":null,"poll_year":2025}},{"type":"Feature","id":"df3865aa-8412-4ced-aa63-e7a6b6a31fa3","geometry":{"type":"Point","coordinates":[-94.82197329488515,29.514012070360653]},"properties":{"substrate":"Mud","lease_number":null,"poll_year":2025}},{"type":"Feature","id":"df3ebd08-a217-4487-a94e-74beed28c75e","geometry":{"type":"Point","coordinates":[-94.82243555984552,29.510946707900032]},"properties":{"substrate":"Mud","lease_number":null,"poll_year":2025}},{"type":"Feature","id":"df3fbed1-294a-4088-ab0e-479f0463548a","geometry":{"type":"Point","coordinates":[-94.82926373876175,29.514601290645363]},"properties":{"substrate":"Mud","lease_number":null,"poll_year":2025}},{"type":"Feature","id":"df402880-b61a-44cc-8944-cba55bc33ce7","geometry":{"type":"Point","coordinates":[-94.81222256666797,29.515268947693308]},"properties":{"substrate":"Buried Shell","lease_number":null,"poll_year":2025}},{"type":"Feature","id":"df8a6529-bb50-4e99-8470-64a1407879df","geometry":{"type":"Point","coordinates":[-94.81356420144311,29.513861691316094]},"properties":{"substrate":"Solid Reef","lease_number":null,"poll_year":2025}},{"type":"Feature","id":"dfb56d6d-1b57-402b-a629-dbe22bf68395","geometry":{"type":"Point","coordinates":[-94.83330556644883,29.509565175316812]},"properties":{"substrate":"Mud","lease_number":null,"poll_year":2025}},{"type":"Feature","id":"dfec3a5a-5b8f-42a1-98f6-2b5ea299cb61","geometry":{"type":"Point","coordinates":[-94.82669117579043,29.509386722937503]},"properties":{"substrate":"Buried Shell","lease_number":null,"poll_year":2025}},{"type":"Feature","id":"dfef27cc-5ad8-4934-a97a-bb6bb16938e0","geometry":{"type":"Point","coordinates":[-94.82317974039655,29.509552125844767]},"properties":{"substrate":"Mud","lease_number":null,"poll_year":2025}},{"type":"Feature","id":"dfffc929-301e-4933-bfec-50e0bfca2908","geometry":{"type":"Point","coordinates":[-94.83009824042303,29.51184628035931]},"properties":{"substrate":"Mud","lease_number":null,"poll_year":2025}},{"type":"Feature","id":"e004776e-7e6b-4143-a56c-c1e47913e19f","geometry":{"type":"Point","coordinates":[-94.82379768339567,29.515782466366442]},"properties":{"substrate":"Mud","lease_number":null,"poll_year":2025}},{"type":"Feature","id":"e00b6ad3-d007-406c-816d-2e5a56f340f4","geometry":{"type":"Point","coordinates":[-94.81471176508259,29.51338764833812]},"properties":{"substrate":"Solid Reef","lease_number":null,"poll_year":2025}},{"type":"Feature","id":"e023dcf2-2555-42df-9247-658adc490649","geometry":{"type":"Point","coordinates":[-94.81583387136523,29.51583192966151]},"properties":{"substrate":"Mud","lease_number":null,"poll_year":2025}},{"type":"Feature","id":"e0377c28-88f4-417e-8f4a-64db13e033fe","geometry":{"type":"Point","coordinates":[-94.82772565590868,29.51284230010468]},"properties":{"substrate":"Mud","lease_number":null,"poll_year":2025}},{"type":"Feature","id":"e03bd242-a074-4511-9c9c-b30cdcc4785a","geometry":{"type":"Point","coordinates":[-94.829910442223,29.50800610330574]},"properties":{"substrate":"Buried Shell","lease_number":null,"poll_year":2025}},{"type":"Feature","id":"e04454a0-f211-4482-aad2-a70981e81033","geometry":{"type":"Point","coordinates":[-94.8297287525669,29.512846674803654]},"properties":{"substrate":"Mud","lease_number":null,"poll_year":2025}},{"type":"Feature","id":"e0549c8d-2076-4943-a740-a97adbee53ea","geometry":{"type":"Point","coordinates":[-94.83149764944736,29.51158977833546]},"properties":{"substrate":"Mud","lease_number":null,"poll_year":2025}},{"type":"Feature","id":"e06a9e5c-7e06-49a0-b408-1dc70cd0f6cf","geometry":{"type":"Point","coordinates":[-94.81217207056922,29.51446240330463]},"properties":{"substrate":"Mud","lease_number":null,"poll_year":2025}},{"type":"Feature","id":"e080309e-b9b4-4c8e-b207-0e57e8064d9f","geometry":{"type":"Point","coordinates":[-94.82998128695957,29.514133744302946]},"properties":{"substrate":"Mud","lease_number":null,"poll_year":2025}},{"type":"Feature","id":"e0dff26b-3d87-4ae2-83e0-5c54c48aeec2","geometry":{"type":"Point","coordinates":[-94.82800173604328,29.509893512206723]},"properties":{"substrate":"Mud","lease_number":null,"poll_year":2025}},{"type":"Feature","id":"e0eb7a34-4e43-4e4b-b241-99f63f2d17c0","geometry":{"type":"Point","coordinates":[-94.8246264627886,29.51492375832292]},"properties":{"substrate":"Mud","lease_number":null,"poll_year":2025}},{"type":"Feature","id":"e0f7d78a-6161-4dc2-94e6-a2dec34bb286","geometry":{"type":"Point","coordinates":[-94.81549581825584,29.514390944230136]},"properties":{"substrate":"Mud","lease_number":null,"poll_year":2025}},{"type":"Feature","id":"e106271f-6a50-42a7-a3ea-b33e8180a16b","geometry":{"type":"Point","coordinates":[-94.82271865133089,29.510815340084022]},"properties":{"substrate":"Mud","lease_number":null,"poll_year":2025}},{"type":"Feature","id":"e11275f7-b46e-4a6b-94e7-16b3c86f9dda","geometry":{"type":"Point","coordinates":[-94.83232569222176,29.506740889343742]},"properties":{"substrate":"Mud","lease_number":null,"poll_year":2025}},{"type":"Feature","id":"e112e65f-7c64-4026-96ef-fc59f75acc0f","geometry":{"type":"Point","coordinates":[-94.82197410606385,29.51486431568565]},"properties":{"substrate":"Mud","lease_number":null,"poll_year":2025}},{"type":"Feature","id":"e12f4901-b71c-4ff4-aabe-d25e1ed74816","geometry":{"type":"Point","coordinates":[-94.8305670639833,29.508241599110544]},"properties":{"substrate":"Mud","lease_number":null,"poll_year":2025}},{"type":"Feature","id":"e146f64d-e981-4133-8060-4b44c44e72f3","geometry":{"type":"Point","coordinates":[-94.81702093123283,29.513736657876766]},"properties":{"substrate":"Mud","lease_number":null,"poll_year":2025}},{"type":"Feature","id":"e14bcdc5-acc5-4fa2-898a-e945ec23229b","geometry":{"type":"Point","coordinates":[-94.83207446757275,29.50926997477143]},"properties":{"substrate":"Mud","lease_number":null,"poll_year":2025}},{"type":"Feature","id":"e178a180-0ddd-4971-b1ad-c238471c1593","geometry":{"type":"Point","coordinates":[-94.82791202578743,29.510714047617746]},"properties":{"substrate":"Mud","lease_number":null,"poll_year":2025}},{"type":"Feature","id":"e17d8fc5-95f8-476c-a8f5-0532e92acf97","geometry":{"type":"Point","coordinates":[-94.83133536519802,29.50974954935418]},"properties":{"substrate":"Mud","lease_number":null,"poll_year":2025}},{"type":"Feature","id":"e1b88cf9-f2be-46ee-9259-98d91093d361","geometry":{"type":"Point","coordinates":[-94.82153569137427,29.51419059979589]},"properties":{"substrate":"Mud","lease_number":null,"poll_year":2025}},{"type":"Feature","id":"e1bfd72f-23d7-4e0e-84f9-9a2268767ca9","geometry":{"type":"Point","coordinates":[-94.82638546742115,29.51445608682794]},"properties":{"substrate":"Mud","lease_number":null,"poll_year":2025}},{"type":"Feature","id":"e1cac9eb-4360-4ad9-97d7-642afcdf5895","geometry":{"type":"Point","coordinates":[-94.82298342077773,29.514107304130867]},"properties":{"substrate":"Mud","lease_number":null,"poll_year":2025}},{"type":"Feature","id":"e1ce5e2e-c4e4-498a-83a8-c1bc5dbe264c","geometry":{"type":"Point","coordinates":[-94.83189693442148,29.508754779742564]},"properties":{"substrate":"Mud","lease_number":null,"poll_year":2025}},{"type":"Feature","id":"e1d64fb4-07f0-4686-bb3d-12cb7fd79dea","geometry":{"type":"Point","coordinates":[-94.81269015234976,29.5150293836576]},"properties":{"substrate":"Buried Shell","lease_number":null,"poll_year":2025}},{"type":"Feature","id":"e1fb598e-95be-4fdb-8b49-f17455a406d3","geometry":{"type":"Point","coordinates":[-94.81280028041371,29.514700849230273]},"properties":{"substrate":"Mud","lease_number":null,"poll_year":2025}},{"type":"Feature","id":"e2066824-79e9-4337-9cab-b22849215f50","geometry":{"type":"Point","coordinates":[-94.81933027614778,29.5152003433081]},"properties":{"substrate":"Mud","lease_number":null,"poll_year":2025}},{"type":"Feature","id":"e20f2c01-9fc5-4414-9b50-3fefa3925419","geometry":{"type":"Point","coordinates":[-94.81380511163601,29.505557086773692]},"properties":{"substrate":"Mud","lease_number":null,"poll_year":2025}},{"type":"Feature","id":"e218c048-9dcd-4de2-9712-739bc26cc4b8","geometry":{"type":"Point","coordinates":[-94.82891667375341,29.51364397773002]},"properties":{"substrate":"Mud","lease_number":null,"poll_year":2025}},{"type":"Feature","id":"e218c1dd-e574-47e3-b43c-b74ec1fcc133","geometry":{"type":"Point","coordinates":[-94.82227736562568,29.5144067323044]},"properties":{"substrate":"Mud","lease_number":null,"poll_year":2025}},{"type":"Feature","id":"e2232a60-3461-41a1-9dee-831b6d68f476","geometry":{"type":"Point","coordinates":[-94.82920456673398,29.51041277838871]},"properties":{"substrate":"Mud","lease_number":null,"poll_year":2025}},{"type":"Feature","id":"e25b2fe7-456f-4267-8876-ba72011a7663","geometry":{"type":"Point","coordinates":[-94.81555406322222,29.5156567403394]},"properties":{"substrate":"Mud","lease_number":null,"poll_year":2025}},{"type":"Feature","id":"e293fcc8-b490-4860-9559-ea8994508f7e","geometry":{"type":"Point","coordinates":[-94.83160011488194,29.510160532626347]},"properties":{"substrate":"Mud","lease_number":null,"poll_year":2025}},{"type":"Feature","id":"e2978c87-0fed-4efe-87af-c1315e3f5780","geometry":{"type":"Point","coordinates":[-94.82310866030137,29.509860483668493]},"properties":{"substrate":"Mud","lease_number":null,"poll_year":2025}},{"type":"Feature","id":"e2b830c1-76dc-4369-8c10-9eddf638f8d4","geometry":{"type":"Point","coordinates":[-94.82001671568732,29.513801880633864]},"properties":{"substrate":"Mud","lease_number":null,"poll_year":2025}},{"type":"Feature","id":"e2ba2c1c-b715-418c-b331-af56873753b3","geometry":{"type":"Point","coordinates":[-94.83266177891899,29.508685734705104]},"properties":{"substrate":"Mud","lease_number":null,"poll_year":2025}},{"type":"Feature","id":"e2c6a304-88c7-4b93-be0c-2882c471a132","geometry":{"type":"Point","coordinates":[-94.83023476817654,29.51125233232722]},"properties":{"substrate":"Mud","lease_number":null,"poll_year":2025}},{"type":"Feature","id":"e2c87938-1d72-4fb7-b9ba-7391d68bd67a","geometry":{"type":"Point","coordinates":[-94.8234224463217,29.512334930680428]},"properties":{"substrate":"Mud","lease_number":null,"poll_year":2025}},{"type":"Feature","id":"e2d2e9f9-7520-49c8-90e1-70b535818e9f","geometry":{"type":"Point","coordinates":[-94.81582609375153,29.51555162613155]},"properties":{"substrate":"Mud","lease_number":null,"poll_year":2025}},{"type":"Feature","id":"e2da7169-e30f-4ced-b94a-45d0a9084e75","geometry":{"type":"Point","coordinates":[-94.82798303671233,29.508054902750963]},"properties":{"substrate":"Mud","lease_number":null,"poll_year":2025}},{"type":"Feature","id":"e2f19d05-5706-4acf-a325-9851d5e69cf8","geometry":{"type":"Point","coordinates":[-94.81257198705899,29.515088263347085]},"properties":{"substrate":"Buried Shell","lease_number":null,"poll_year":2025}},{"type":"Feature","id":"e331b147-8a5f-42e7-9b02-f05aa7c49e1a","geometry":{"type":"Point","coordinates":[-94.81300767356504,29.51385250813622]},"properties":{"substrate":"Buried Shell","lease_number":null,"poll_year":2025}},{"type":"Feature","id":"e334e75f-031c-4047-8263-3f27db1b6434","geometry":{"type":"Point","coordinates":[-94.82841411126772,29.509978492159455]},"properties":{"substrate":"Mud","lease_number":null,"poll_year":2025}},{"type":"Feature","id":"e347c48e-4220-4079-a1ff-66a495800702","geometry":{"type":"Point","coordinates":[-94.82601060494467,29.509437479296718]},"properties":{"substrate":"Mud","lease_number":null,"poll_year":2025}},{"type":"Feature","id":"e3509c01-25a5-4eb1-9c4f-2731cdbd0329","geometry":{"type":"Point","coordinates":[-94.819714608664,29.51226264065744]},"properties":{"substrate":"Solid Reef","lease_number":null,"poll_year":2025}},{"type":"Feature","id":"e351f555-f1a0-4316-b6da-4a2266899ab6","geometry":{"type":"Point","coordinates":[-94.82506750325373,29.515763088011365]},"properties":{"substrate":"Mud","lease_number":null,"poll_year":2025}},{"type":"Feature","id":"e38b6241-fe67-480e-bf8a-17e889a15c72","geometry":{"type":"Point","coordinates":[-94.83372304859564,29.50638609065832]},"properties":{"substrate":"Mud","lease_number":null,"poll_year":2025}},{"type":"Feature","id":"e39e763f-5241-4fc6-aa8b-9c55a93257ee","geometry":{"type":"Point","coordinates":[-94.82665187988664,29.508605256762536]},"properties":{"substrate":"Mud","lease_number":null,"poll_year":2025}},{"type":"Feature","id":"e3b75475-0efb-40e0-9dde-728e2353510b","geometry":{"type":"Point","coordinates":[-94.81562605870067,29.512767795731534]},"properties":{"substrate":"Solid Reef","lease_number":null,"poll_year":2025}},{"type":"Feature","id":"e3b7d2ab-c472-430c-ac39-a1cb845f7121","geometry":{"type":"Point","coordinates":[-94.8273259370483,29.507752671037665]},"properties":{"substrate":"Mud","lease_number":null,"poll_year":2025}},{"type":"Feature","id":"e3c76321-391c-4c9c-9ba2-71fdbdf4082e","geometry":{"type":"Point","coordinates":[-94.82978031406756,29.509886025124008]},"properties":{"substrate":"Mud","lease_number":null,"poll_year":2025}},{"type":"Feature","id":"e3dba5d7-87a5-4d49-944c-bcc2ee743023","geometry":{"type":"Point","coordinates":[-94.83216660687314,29.507844187797584]},"properties":{"substrate":"Mud","lease_number":null,"poll_year":2025}},{"type":"Feature","id":"e3ee7830-c295-4f71-88cf-574ac259765b","geometry":{"type":"Point","coordinates":[-94.824047911813,29.51101738138328]},"properties":{"substrate":"Mud","lease_number":null,"poll_year":2025}},{"type":"Feature","id":"e4161e18-eed5-4db6-9b2e-d15cd22f9b67","geometry":{"type":"Point","coordinates":[-94.82630953193187,29.51502994963577]},"properties":{"substrate":"Mud","lease_number":null,"poll_year":2025}},{"type":"Feature","id":"e428c19e-f97f-41c9-ab7c-c11163ab08d4","geometry":{"type":"Point","coordinates":[-94.82862627177825,29.515546971688835]},"properties":{"substrate":"Mud","lease_number":null,"poll_year":2025}},{"type":"Feature","id":"e43a1763-7540-44f0-a8df-a6e35aa114b4","geometry":{"type":"Point","coordinates":[-94.81603257241788,29.51286432916674]},"properties":{"substrate":"Buried Shell","lease_number":null,"poll_year":2025}},{"type":"Feature","id":"e455239c-2198-4813-9af0-a82f17dc34d1","geometry":{"type":"Point","coordinates":[-94.83227112136485,29.506194715677307]},"properties":{"substrate":"Mud","lease_number":null,"poll_year":2025}},{"type":"Feature","id":"e45c3751-1734-4da1-bd4b-4312ea8e80c0","geometry":{"type":"Point","coordinates":[-94.82498460043111,29.51528454566879]},"properties":{"substrate":"Mud","lease_number":null,"poll_year":2025}},{"type":"Feature","id":"e462904d-c255-49b8-a462-bfb3b9eecea2","geometry":{"type":"Point","coordinates":[-94.82861929456345,29.51064890730223]},"properties":{"substrate":"Mud","lease_number":null,"poll_year":2025}},{"type":"Feature","id":"e48eacfd-2dc5-4a02-b1be-bd009e0ef322","geometry":{"type":"Point","coordinates":[-94.82908298964173,29.51306939097812]},"properties":{"substrate":"Mud","lease_number":null,"poll_year":2025}},{"type":"Feature","id":"e4a64cca-0afa-4a97-b7c4-42865d05eb47","geometry":{"type":"Point","coordinates":[-94.82917920909014,29.51223089263234]},"properties":{"substrate":"Mud","lease_number":null,"poll_year":2025}},{"type":"Feature","id":"e4b8ea71-9340-4235-b07c-90bcf9ef4394","geometry":{"type":"Point","coordinates":[-94.81212098517565,29.506003986107505]},"properties":{"substrate":"Buried Shell","lease_number":null,"poll_year":2025}},{"type":"Feature","id":"e4f41689-73f3-43e2-92ed-9819ebe916bd","geometry":{"type":"Point","coordinates":[-94.82689398304224,29.512113012630603]},"properties":{"substrate":"Mud","lease_number":null,"poll_year":2025}},{"type":"Feature","id":"e54e7065-f5ff-412a-ad49-abe807243a01","geometry":{"type":"Point","coordinates":[-94.82685657360055,29.5090620806779]},"properties":{"substrate":"Mud","lease_number":null,"poll_year":2025}},{"type":"Feature","id":"e5548cae-6f0c-468f-8ae1-fc1bf4468197","geometry":{"type":"Point","coordinates":[-94.81861397211664,29.5116005940444]},"properties":{"substrate":"Solid Reef","lease_number":null,"poll_year":2025}},{"type":"Feature","id":"e5886b23-1091-4b78-a6a7-748792b4b5ff","geometry":{"type":"Point","coordinates":[-94.83264867968552,29.507134647733295]},"properties":{"substrate":"Mud","lease_number":null,"poll_year":2025}},{"type":"Feature","id":"e58f8d27-10f2-4d12-bffc-622d1378d2ad","geometry":{"type":"Point","coordinates":[-94.83162131063105,29.50886986017291]},"properties":{"substrate":"Mud","lease_number":null,"poll_year":2025}},{"type":"Feature","id":"e5a827d2-7c10-436d-97cf-4916da0e9a3e","geometry":{"type":"Point","coordinates":[-94.82179485713037,29.514620444081476]},"properties":{"substrate":"Mud","lease_number":null,"poll_year":2025}},{"type":"Feature","id":"e5afff0f-2740-4ddd-b508-9e5f23d654ea","geometry":{"type":"Point","coordinates":[-94.82126948911457,29.511680325366672]},"properties":{"substrate":"Mud","lease_number":null,"poll_year":2025}},{"type":"Feature","id":"e5d84a27-1fcd-4a99-a98a-eef5d4d88acb","geometry":{"type":"Point","coordinates":[-94.82631238498121,29.509296141801556]},"properties":{"substrate":"Buried Shell","lease_number":null,"poll_year":2025}},{"type":"Feature","id":"e5f3fa32-34b6-4914-937f-619646b99b8a","geometry":{"type":"Point","coordinates":[-94.82327734684375,29.511644576091335]},"properties":{"substrate":"Mud","lease_number":null,"poll_year":2025}},{"type":"Feature","id":"e62bc6f4-da1d-43e7-bf03-b24d1116f57b","geometry":{"type":"Point","coordinates":[-94.83200267511357,29.50741424437425]},"properties":{"substrate":"Mud","lease_number":null,"poll_year":2025}},{"type":"Feature","id":"e647c5e2-3372-4dc8-8fe5-e2538ba1b802","geometry":{"type":"Point","coordinates":[-94.81808983389445,29.51434540067229]},"properties":{"substrate":"Mud","lease_number":null,"poll_year":2025}},{"type":"Feature","id":"e64deaf2-ad04-4904-b6ff-6f5e7303b7d7","geometry":{"type":"Point","coordinates":[-94.82617459239978,29.50852814669868]},"properties":{"substrate":"Buried Shell","lease_number":null,"poll_year":2025}},{"type":"Feature","id":"e66b65a3-ae2b-4157-a4ca-578a7b5aee7a","geometry":{"type":"Point","coordinates":[-94.82942903057067,29.511862185313063]},"properties":{"substrate":"Mud","lease_number":null,"poll_year":2025}},{"type":"Feature","id":"e67e5684-f392-443c-878a-35091b55ebb5","geometry":{"type":"Point","coordinates":[-94.82336349887275,29.515858245869424]},"properties":{"substrate":"Mud","lease_number":null,"poll_year":2025}},{"type":"Feature","id":"e69c7760-0bc9-495b-b530-9fcb71d7382e","geometry":{"type":"Point","coordinates":[-94.82527722124503,29.51363216707357]},"properties":{"substrate":"Mud","lease_number":null,"poll_year":2025}},{"type":"Feature","id":"e69fd353-cb98-40fa-b3a6-c7571410211a","geometry":{"type":"Point","coordinates":[-94.8289078972131,29.512602614625212]},"properties":{"substrate":"Mud","lease_number":null,"poll_year":2025}},{"type":"Feature","id":"e6a1a3ac-f8af-45a1-8fab-a25e70a776bf","geometry":{"type":"Point","coordinates":[-94.82642963578704,29.510298917716725]},"properties":{"substrate":"Mud","lease_number":null,"poll_year":2025}},{"type":"Feature","id":"e6baf541-75d4-4bea-9466-795673134730","geometry":{"type":"Point","coordinates":[-94.82316056316188,29.51554847730803]},"properties":{"substrate":"Mud","lease_number":null,"poll_year":2025}},{"type":"Feature","id":"e6bde5b3-02c7-4a50-af5e-87f2acf190e4","geometry":{"type":"Point","coordinates":[-94.82646353371427,29.509236118122043]},"properties":{"substrate":"Mud","lease_number":null,"poll_year":2025}},{"type":"Feature","id":"e6c55617-0cc0-4add-b2b6-48e5588706cf","geometry":{"type":"Point","coordinates":[-94.81866341898315,29.512502798341664]},"properties":{"substrate":"Solid Reef","lease_number":null,"poll_year":2025}},{"type":"Feature","id":"e6d6c681-d4c9-4810-b097-ed3d64925100","geometry":{"type":"Point","coordinates":[-94.81609556857381,29.51330592567724]},"properties":{"substrate":"Buried Shell","lease_number":null,"poll_year":2025}},{"type":"Feature","id":"e6ec6a2c-000a-4288-a880-9dbc9a6285d9","geometry":{"type":"Point","coordinates":[-94.83057860463974,29.510074659256464]},"properties":{"substrate":"Mud","lease_number":null,"poll_year":2025}},{"type":"Feature","id":"e72ad432-8619-42d6-b7fb-8167f3dfe4a2","geometry":{"type":"Point","coordinates":[-94.8128782155528,29.505931662636534]},"properties":{"substrate":"Buried Shell","lease_number":null,"poll_year":2025}},{"type":"Feature","id":"e72eeaf2-4c48-4576-bdb6-386c51e398ba","geometry":{"type":"Point","coordinates":[-94.8176952426177,29.51396401566418]},"properties":{"substrate":"Mud","lease_number":null,"poll_year":2025}},{"type":"Feature","id":"e730d3d2-7621-4149-b1df-59e11c31ef11","geometry":{"type":"Point","coordinates":[-94.82520929693145,29.51467048330552]},"properties":{"substrate":"Mud","lease_number":null,"poll_year":2025}},{"type":"Feature","id":"e73c54fd-a885-418b-8035-906df7f6bf1b","geometry":{"type":"Point","coordinates":[-94.8323171375653,29.5098727333423]},"properties":{"substrate":"Mud","lease_number":null,"poll_year":2025}},{"type":"Feature","id":"e7767762-77af-4dc9-b7d4-82dbb9d79ea3","geometry":{"type":"Point","coordinates":[-94.83073978935117,29.511933400699714]},"properties":{"substrate":"Mud","lease_number":null,"poll_year":2025}},{"type":"Feature","id":"e785c5f4-800e-4702-83da-43d8604a523a","geometry":{"type":"Point","coordinates":[-94.82526836116138,29.516007936370134]},"properties":{"substrate":"Mud","lease_number":null,"poll_year":2025}},{"type":"Feature","id":"e78fff69-7aa6-4844-9515-e6ff9351ce64","geometry":{"type":"Point","coordinates":[-94.82106063620088,29.513134341333657]},"properties":{"substrate":"Mud","lease_number":null,"poll_year":2025}},{"type":"Feature","id":"e793e719-ea36-49e1-b8dd-3a174ef4f281","geometry":{"type":"Point","coordinates":[-94.83137194010482,29.506847515322843]},"properties":{"substrate":"Mud","lease_number":null,"poll_year":2025}},{"type":"Feature","id":"e7cf0c3f-b564-4410-a991-1db19d1e50c6","geometry":{"type":"Point","coordinates":[-94.8132469066033,29.514269461342522]},"properties":{"substrate":"Mud","lease_number":null,"poll_year":2025}},{"type":"Feature","id":"e7d9ccf0-0b2f-43ef-9d2d-88e3c1a3a905","geometry":{"type":"Point","coordinates":[-94.82767430012223,29.515740119156284]},"properties":{"substrate":"Mud","lease_number":null,"poll_year":2025}},{"type":"Feature","id":"e7f5a12c-26e7-4576-8e71-6f59c6cbf8d7","geometry":{"type":"Point","coordinates":[-94.82919569407393,29.50777841707318]},"properties":{"substrate":"Mud","lease_number":null,"poll_year":2025}},{"type":"Feature","id":"e802a786-0779-44c6-98b3-fd84613a1307","geometry":{"type":"Point","coordinates":[-94.8202134152935,29.513203552195215]},"properties":{"substrate":"Mud","lease_number":null,"poll_year":2025}},{"type":"Feature","id":"e811d56d-ae57-4503-adfe-c166128efe5e","geometry":{"type":"Point","coordinates":[-94.8220975597367,29.51265365080413]},"properties":{"substrate":"Mud","lease_number":null,"poll_year":2025}},{"type":"Feature","id":"e83b6cb6-2eaf-40fb-8299-5358e6b5f7d3","geometry":{"type":"Point","coordinates":[-94.81758562569514,29.514014771291734]},"properties":{"substrate":"Mud","lease_number":null,"poll_year":2025}},{"type":"Feature","id":"e84b097d-6a9e-4555-adce-88ae7fba38e5","geometry":{"type":"Point","coordinates":[-94.82931754335569,29.50983714916544]},"properties":{"substrate":"Mud","lease_number":null,"poll_year":2025}},{"type":"Feature","id":"e84bde1d-485b-409a-90a3-2ba225a3a91f","geometry":{"type":"Point","coordinates":[-94.82326033634554,29.50979687665248]},"properties":{"substrate":"Mud","lease_number":null,"poll_year":2025}},{"type":"Feature","id":"e86415d5-4652-4b20-9816-fcb43c12543a","geometry":{"type":"Point","coordinates":[-94.82490909164159,29.515829364800187]},"properties":{"substrate":"Mud","lease_number":null,"poll_year":2025}},{"type":"Feature","id":"e868dd80-91ba-462a-8513-28d483a3fef3","geometry":{"type":"Point","coordinates":[-94.82610310806272,29.510443426247427]},"properties":{"substrate":"Mud","lease_number":null,"poll_year":2025}},{"type":"Feature","id":"e86e38b0-a461-467c-9338-c9927e6400c3","geometry":{"type":"Point","coordinates":[-94.81919564294122,29.515683623349133]},"properties":{"substrate":"Mud","lease_number":null,"poll_year":2025}},{"type":"Feature","id":"e88b51ca-cb0a-4e4b-b5fa-0e8743345f22","geometry":{"type":"Point","coordinates":[-94.81203185343483,29.506039318326156]},"properties":{"substrate":"Buried Shell","lease_number":null,"poll_year":2025}},{"type":"Feature","id":"e89d9a76-d8d5-460a-9dcd-932db41b3e9d","geometry":{"type":"Point","coordinates":[-94.82608579662889,29.511727890200074]},"properties":{"substrate":"Mud","lease_number":null,"poll_year":2025}},{"type":"Feature","id":"e8abe4e4-e484-460a-bdcd-27cdaf7baac7","geometry":{"type":"Point","coordinates":[-94.82689367941167,29.511377540042215]},"properties":{"substrate":"Mud","lease_number":null,"poll_year":2025}},{"type":"Feature","id":"e8bce78a-b673-4a6e-94dd-0f68dac8b47e","geometry":{"type":"Point","coordinates":[-94.81864260411969,29.514129654214646]},"properties":{"substrate":"Buried Shell","lease_number":null,"poll_year":2025}},{"type":"Feature","id":"e8f64c06-41a9-4352-a0d9-b0589163b3ef","geometry":{"type":"Point","coordinates":[-94.83218719536113,29.508365092176742]},"properties":{"substrate":"Mud","lease_number":null,"poll_year":2025}},{"type":"Feature","id":"e9219575-6b1b-4ded-b3fa-4cdddae54504","geometry":{"type":"Point","coordinates":[-94.82517007109625,29.509782175312843]},"properties":{"substrate":"Mud","lease_number":null,"poll_year":2025}},{"type":"Feature","id":"e928f54b-24fa-481d-85a3-ed9884090f68","geometry":{"type":"Point","coordinates":[-94.82840125457936,29.510214908215712]},"properties":{"substrate":"Mud","lease_number":null,"poll_year":2025}},{"type":"Feature","id":"e93437b3-e07f-4c62-89af-017331767f95","geometry":{"type":"Point","coordinates":[-94.81661730559925,29.51497251534631]},"properties":{"substrate":"Mud","lease_number":null,"poll_year":2025}},{"type":"Feature","id":"e95fcf9f-0483-4ee7-8f9b-1b33f157c64f","geometry":{"type":"Point","coordinates":[-94.8297716237655,29.510947080803945]},"properties":{"substrate":"Mud","lease_number":null,"poll_year":2025}},{"type":"Feature","id":"e961c8d4-e72e-484c-be4c-e7f4ee8a0262","geometry":{"type":"Point","coordinates":[-94.81603447684627,29.51599967113633]},"properties":{"substrate":"Buried Shell","lease_number":null,"poll_year":2025}},{"type":"Feature","id":"e9669576-dd8c-4dfe-bf62-495a41460054","geometry":{"type":"Point","coordinates":[-94.82368022058742,29.509858688706874]},"properties":{"substrate":"Mud","lease_number":null,"poll_year":2025}},{"type":"Feature","id":"e96f90a1-0078-4bcf-82ed-d38c9c1e0589","geometry":{"type":"Point","coordinates":[-94.83004477179901,29.512166502218946]},"properties":{"substrate":"Mud","lease_number":null,"poll_year":2025}},{"type":"Feature","id":"e97efdb4-75b3-4504-87d6-2baecf1e7a34","geometry":{"type":"Point","coordinates":[-94.82117663295857,29.51068872683066]},"properties":{"substrate":"Mud","lease_number":null,"poll_year":2025}},{"type":"Feature","id":"e99b45c2-30a6-47eb-b90e-7bdafa3204b6","geometry":{"type":"Point","coordinates":[-94.81655196214548,29.51269872685157]},"properties":{"substrate":"Buried Shell","lease_number":null,"poll_year":2025}},{"type":"Feature","id":"e9aab9bc-b7fe-4e7e-952f-4c81b4baa6af","geometry":{"type":"Point","coordinates":[-94.81658404008597,29.513912217943236]},"properties":{"substrate":"Mud","lease_number":null,"poll_year":2025}},{"type":"Feature","id":"e9ba11f9-3965-458d-a998-376eca56918e","geometry":{"type":"Point","coordinates":[-94.82177498459966,29.512002757790047]},"properties":{"substrate":"Mud","lease_number":null,"poll_year":2025}},{"type":"Feature","id":"e9c0aea5-ccb4-4fb4-bd44-839c8c998d66","geometry":{"type":"Point","coordinates":[-94.82975475879437,29.508888100004917]},"properties":{"substrate":"Mud","lease_number":null,"poll_year":2025}},{"type":"Feature","id":"e9da4068-cd7e-4c2c-ab31-82a74abc3031","geometry":{"type":"Point","coordinates":[-94.82514742995782,29.51159367621231]},"properties":{"substrate":"Mud","lease_number":null,"poll_year":2025}},{"type":"Feature","id":"e9e9728f-f877-4d01-90fa-1336ebbf5039","geometry":{"type":"Point","coordinates":[-94.83017504907475,29.509709979625576]},"properties":{"substrate":"Mud","lease_number":null,"poll_year":2025}},{"type":"Feature","id":"e9ef872b-739a-4b54-9291-80e9008d91ef","geometry":{"type":"Point","coordinates":[-94.8261353441067,29.511173584913163]},"properties":{"substrate":"Mud","lease_number":null,"poll_year":2025}},{"type":"Feature","id":"e9f21111-d9c8-4e0d-a4ae-62459a15125e","geometry":{"type":"Point","coordinates":[-94.82486555389303,29.51380940338727]},"properties":{"substrate":"Mud","lease_number":null,"poll_year":2025}},{"type":"Feature","id":"ea1995d9-16a5-4161-9f8f-ccd3e6da1419","geometry":{"type":"Point","coordinates":[-94.819920923837,29.513320997836857]},"properties":{"substrate":"Mud","lease_number":null,"poll_year":2025}},{"type":"Feature","id":"ea3a5b9b-8538-4d07-8ac5-dcd3feea614c","geometry":{"type":"Point","coordinates":[-94.82814819557056,29.50928215962878]},"properties":{"substrate":"Mud","lease_number":null,"poll_year":2025}},{"type":"Feature","id":"ea404e18-e112-4981-961e-71d198c477f3","geometry":{"type":"Point","coordinates":[-94.82103869035849,29.512320482217408]},"properties":{"substrate":"Mud","lease_number":null,"poll_year":2025}},{"type":"Feature","id":"ea6c0949-a256-44bb-9f41-d99de360dcae","geometry":{"type":"Point","coordinates":[-94.81922734897917,29.514393377795134]},"properties":{"substrate":"Mud","lease_number":null,"poll_year":2025}},{"type":"Feature","id":"ea8fd168-fdfd-4ccf-88c3-b575d471b9e4","geometry":{"type":"Point","coordinates":[-94.83122462358475,29.512210984346066]},"properties":{"substrate":"Mud","lease_number":null,"poll_year":2025}},{"type":"Feature","id":"ea939640-752d-4545-a49b-2c49023c671a","geometry":{"type":"Point","coordinates":[-94.83078453892705,29.50871102003105]},"properties":{"substrate":"Mud","lease_number":null,"poll_year":2025}},{"type":"Feature","id":"eaa96e50-125e-460f-a08b-4f2c7a220db3","geometry":{"type":"Point","coordinates":[-94.81903692141029,29.514840202160393]},"properties":{"substrate":"Mud","lease_number":null,"poll_year":2025}},{"type":"Feature","id":"eab37ef7-6d56-4341-8889-39646e75e2db","geometry":{"type":"Point","coordinates":[-94.81306423239364,29.514881283330016]},"properties":{"substrate":"Mud","lease_number":null,"poll_year":2025}},{"type":"Feature","id":"eae2792c-0b82-40a0-af2d-0470ffd36ef0","geometry":{"type":"Point","coordinates":[-94.82348741877126,29.513331172325078]},"properties":{"substrate":"Mud","lease_number":null,"poll_year":2025}},{"type":"Feature","id":"eaf69911-39c6-4ee6-b785-ddcb835b0b43","geometry":{"type":"Point","coordinates":[-94.8293627537673,29.510338632625096]},"properties":{"substrate":"Mud","lease_number":null,"poll_year":2025}},{"type":"Feature","id":"eafa9f80-5b37-4137-8980-67c6437cdf64","geometry":{"type":"Point","coordinates":[-94.83074819488729,29.512093563214552]},"properties":{"substrate":"Mud","lease_number":null,"poll_year":2025}},{"type":"Feature","id":"eb278fb9-4c93-4626-90d9-83d5a4d13909","geometry":{"type":"Point","coordinates":[-94.82235248544467,29.514093388289186]},"properties":{"substrate":"Mud","lease_number":null,"poll_year":2025}},{"type":"Feature","id":"eb2c78da-16a8-4ca8-af75-64c967beb032","geometry":{"type":"Point","coordinates":[-94.8296642544278,29.510457872633015]},"properties":{"substrate":"Mud","lease_number":null,"poll_year":2025}},{"type":"Feature","id":"eb337e68-cd5a-4adb-ae98-bd43781afe72","geometry":{"type":"Point","coordinates":[-94.83241517071225,29.507737501888307]},"properties":{"substrate":"Mud","lease_number":null,"poll_year":2025}},{"type":"Feature","id":"eb4268d9-ef60-4a86-98e9-06e3bd895ebf","geometry":{"type":"Point","coordinates":[-94.81594300140091,29.51336176066888]},"properties":{"substrate":"Buried Shell","lease_number":null,"poll_year":2025}},{"type":"Feature","id":"eb70a66e-5314-4582-9d6a-2f3ffee8f1bb","geometry":{"type":"Point","coordinates":[-94.82027438305352,29.511395572254415]},"properties":{"substrate":"Buried Shell","lease_number":null,"poll_year":2025}},{"type":"Feature","id":"eb7a4a13-f1e1-444c-bd0d-f83a430e33d3","geometry":{"type":"Point","coordinates":[-94.81775336361659,29.51383133921096]},"properties":{"substrate":"Buried Shell","lease_number":null,"poll_year":2025}},{"type":"Feature","id":"eb9c2729-a78f-4017-9051-44ec104333cd","geometry":{"type":"Point","coordinates":[-94.83214346357647,29.50575293178266]},"properties":{"substrate":"Buried Shell","lease_number":null,"poll_year":2025}},{"type":"Feature","id":"eba29435-14de-4329-bd4e-6ecc775848f3","geometry":{"type":"Point","coordinates":[-94.83131088700483,29.506106484141675]},"properties":{"substrate":"Mud","lease_number":null,"poll_year":2025}},{"type":"Feature","id":"ebada650-58b6-4c33-ba72-4f0b840d08f4","geometry":{"type":"Point","coordinates":[-94.820919448886,29.5153223277343]},"properties":{"substrate":"Mud","lease_number":null,"poll_year":2025}},{"type":"Feature","id":"ebe6c63f-abdd-42ef-828b-63f506f850f3","geometry":{"type":"Point","coordinates":[-94.81595728102066,29.514979422784865]},"properties":{"substrate":"Mud","lease_number":null,"poll_year":2025}},{"type":"Feature","id":"ec187eab-5798-48a0-885d-640940dc78cf","geometry":{"type":"Point","coordinates":[-94.82187135227008,29.51387174379744]},"properties":{"substrate":"Mud","lease_number":null,"poll_year":2025}},{"type":"Feature","id":"ec1a718d-8e50-4f1a-a104-e83ba47054e6","geometry":{"type":"Point","coordinates":[-94.82051818941488,29.514122312849807]},"properties":{"substrate":"Mud","lease_number":null,"poll_year":2025}},{"type":"Feature","id":"ec1d20bf-f97b-4921-83f1-8b743758b2ad","geometry":{"type":"Point","coordinates":[-94.82163159102242,29.51310280465514]},"properties":{"substrate":"Mud","lease_number":null,"poll_year":2025}},{"type":"Feature","id":"ec2d23c0-7931-4dac-a411-ca70b0f74a91","geometry":{"type":"Point","coordinates":[-94.82589916803535,29.51436346987942]},"properties":{"substrate":"Mud","lease_number":null,"poll_year":2025}},{"type":"Feature","id":"ec5b64d3-aa77-4df0-9af2-f45653b7d251","geometry":{"type":"Point","coordinates":[-94.81643311593172,29.513191728979304]},"properties":{"substrate":"Mud","lease_number":null,"poll_year":2025}},{"type":"Feature","id":"ec617c20-a8f9-4cd6-94ec-9ba971ae77cd","geometry":{"type":"Point","coordinates":[-94.82910994988005,29.5088812773653]},"properties":{"substrate":"Mud","lease_number":null,"poll_year":2025}},{"type":"Feature","id":"ec717150-a017-4015-9d9c-45464eb543d5","geometry":{"type":"Point","coordinates":[-94.8284930920458,29.51304414426504]},"properties":{"substrate":"Mud","lease_number":null,"poll_year":2025}},{"type":"Feature","id":"ec792220-1739-4068-bbaf-a5544632e6cf","geometry":{"type":"Point","coordinates":[-94.82418814332043,29.509118752955164]},"properties":{"substrate":"Mud","lease_number":null,"poll_year":2025}},{"type":"Feature","id":"ec794ee3-53d8-434b-97a6-b1ba3f2b22bd","geometry":{"type":"Point","coordinates":[-94.83120430998122,29.509042432102525]},"properties":{"substrate":"Mud","lease_number":null,"poll_year":2025}},{"type":"Feature","id":"ec90f501-460b-4f05-9e23-c938600e1a54","geometry":{"type":"Point","coordinates":[-94.81568943035239,29.514835307690955]},"properties":{"substrate":"Mud","lease_number":null,"poll_year":2025}},{"type":"Feature","id":"ec91ac8c-3c4f-4e1c-bc97-87831341d594","geometry":{"type":"Point","coordinates":[-94.81726659800515,29.514694332642918]},"properties":{"substrate":"Mud","lease_number":null,"poll_year":2025}},{"type":"Feature","id":"ec95e5e1-1d51-40ef-8597-7a2b3f2adda2","geometry":{"type":"Point","coordinates":[-94.829088634655,29.511230165323376]},"properties":{"substrate":"Mud","lease_number":null,"poll_year":2025}},{"type":"Feature","id":"ecabb681-cd79-40b3-bfd9-4d9bac1a952f","geometry":{"type":"Point","coordinates":[-94.82923739476772,29.513768366342184]},"properties":{"substrate":"Mud","lease_number":null,"poll_year":2025}},{"type":"Feature","id":"ecccb25e-a8d9-4d2f-bb61-c6d4119a6ab2","geometry":{"type":"Point","coordinates":[-94.83082847283265,29.50841908018142]},"properties":{"substrate":"Mud","lease_number":null,"poll_year":2025}},{"type":"Feature","id":"ece38c5e-bf86-4604-bfc1-04834adbe0b6","geometry":{"type":"Point","coordinates":[-94.82842083515762,29.515122403373017]},"properties":{"substrate":"Mud","lease_number":null,"poll_year":2025}},{"type":"Feature","id":"eced2897-3b1b-48c2-bc72-cfc33d845d70","geometry":{"type":"Point","coordinates":[-94.82924088472261,29.51301681886358]},"properties":{"substrate":"Mud","lease_number":null,"poll_year":2025}},{"type":"Feature","id":"ecee14f3-88a0-4c20-a1e1-cc2f5b77da6e","geometry":{"type":"Point","coordinates":[-94.81837214564214,29.513054875389223]},"properties":{"substrate":"Mud","lease_number":null,"poll_year":2025}},{"type":"Feature","id":"ecf5ce00-2d4b-4a73-b1df-e025c64cd98b","geometry":{"type":"Point","coordinates":[-94.82780062840399,29.51538983369923]},"properties":{"substrate":"Mud","lease_number":null,"poll_year":2025}},{"type":"Feature","id":"ed07d86d-853d-44a4-b41e-0c9745ae7ad0","geometry":{"type":"Point","coordinates":[-94.83225023912777,29.509359811674674]},"properties":{"substrate":"Mud","lease_number":null,"poll_year":2025}},{"type":"Feature","id":"ed0b5bdf-b230-486f-8a09-aec53d7fa946","geometry":{"type":"Point","coordinates":[-94.83228173406164,29.509725953711524]},"properties":{"substrate":"Mud","lease_number":null,"poll_year":2025}},{"type":"Feature","id":"ed84d348-5031-40d7-aa70-e717cf751f1a","geometry":{"type":"Point","coordinates":[-94.82244509725888,29.515633407954308]},"properties":{"substrate":"Mud","lease_number":null,"poll_year":2025}},{"type":"Feature","id":"eda0a272-320b-4ad3-bc43-26cc58561ccc","geometry":{"type":"Point","coordinates":[-94.82857493216146,29.51220559567746]},"properties":{"substrate":"Mud","lease_number":null,"poll_year":2025}},{"type":"Feature","id":"eda28b18-52d6-4daf-9aa6-38174ff42077","geometry":{"type":"Point","coordinates":[-94.83050195498981,29.51344992803158]},"properties":{"substrate":"Mud","lease_number":null,"poll_year":2025}},{"type":"Feature","id":"edbcee19-51c4-4b88-98c7-453529657e17","geometry":{"type":"Point","coordinates":[-94.81710397958253,29.512096613643717]},"properties":{"substrate":"Buried Shell","lease_number":null,"poll_year":2025}},{"type":"Feature","id":"edcb29fe-6e1c-42e4-aaf7-183e027a05cc","geometry":{"type":"Point","coordinates":[-94.83269390357188,29.508151733070434]},"properties":{"substrate":"Mud","lease_number":null,"poll_year":2025}},{"type":"Feature","id":"edde37e4-f8b7-4278-8e9c-e12f8019a72a","geometry":{"type":"Point","coordinates":[-94.82375088655925,29.51089848210417]},"properties":{"substrate":"Mud","lease_number":null,"poll_year":2025}},{"type":"Feature","id":"ee3c3dc0-4424-41b4-ab97-14d53e449f9c","geometry":{"type":"Point","coordinates":[-94.81957578481662,29.51232492026136]},"properties":{"substrate":"Buried Shell","lease_number":null,"poll_year":2025}},{"type":"Feature","id":"ee492a47-49de-4500-956f-a191b7e47a6d","geometry":{"type":"Point","coordinates":[-94.81818730379773,29.51583932015144]},"properties":{"substrate":"Mud","lease_number":null,"poll_year":2025}},{"type":"Feature","id":"ee8079c7-e277-4076-af2f-9fc553374386","geometry":{"type":"Point","coordinates":[-94.81730094598835,29.51396229191425]},"properties":{"substrate":"Mud","lease_number":null,"poll_year":2025}},{"type":"Feature","id":"ee835ae8-1870-4d02-8409-28386babbd12","geometry":{"type":"Point","coordinates":[-94.82514744522919,29.513926336282108]},"properties":{"substrate":"Mud","lease_number":null,"poll_year":2025}},{"type":"Feature","id":"ee8bd633-1692-4ef6-90d1-79206ed9fd28","geometry":{"type":"Point","coordinates":[-94.82857419644124,29.50804420705917]},"properties":{"substrate":"Mud","lease_number":null,"poll_year":2025}},{"type":"Feature","id":"eea14d24-2caa-48f9-80b4-8e45d488937f","geometry":{"type":"Point","coordinates":[-94.81833008472393,29.514651095356665]},"properties":{"substrate":"Buried Shell","lease_number":null,"poll_year":2025}},{"type":"Feature","id":"eeae0d54-7963-4f79-9bd1-5b687e5ba375","geometry":{"type":"Point","coordinates":[-94.8192628746537,29.513623401326605]},"properties":{"substrate":"Buried Shell","lease_number":null,"poll_year":2025}},{"type":"Feature","id":"eeae1e2e-33f8-4e95-a04e-87fe3fd9bc9e","geometry":{"type":"Point","coordinates":[-94.82889222520463,29.50790531932102]},"properties":{"substrate":"Mud","lease_number":null,"poll_year":2025}},{"type":"Feature","id":"eec3e093-120b-47c6-8088-a95a8c8dd714","geometry":{"type":"Point","coordinates":[-94.82903774419583,29.512818404207298]},"properties":{"substrate":"Mud","lease_number":null,"poll_year":2025}},{"type":"Feature","id":"ef17342a-83ba-4ead-8939-c2e605df9fc0","geometry":{"type":"Point","coordinates":[-94.8331583289805,29.507747837205493]},"properties":{"substrate":"Mud","lease_number":null,"poll_year":2025}},{"type":"Feature","id":"ef18ef8a-f57e-41a7-a06a-b902a968f202","geometry":{"type":"Point","coordinates":[-94.8293269361403,29.511350938106325]},"properties":{"substrate":"Mud","lease_number":null,"poll_year":2025}},{"type":"Feature","id":"ef3becd5-1527-46a3-bb34-e46363e987a9","geometry":{"type":"Point","coordinates":[-94.83375701299823,29.508085940655665]},"properties":{"substrate":"Mud","lease_number":null,"poll_year":2025}},{"type":"Feature","id":"ef746fbe-b174-4e50-8366-084661b6d7a5","geometry":{"type":"Point","coordinates":[-94.82577565776862,29.515779495784976]},"properties":{"substrate":"Mud","lease_number":null,"poll_year":2025}},{"type":"Feature","id":"ef95dc8a-d9ae-418f-bae7-9d06213b5406","geometry":{"type":"Point","coordinates":[-94.82768117762403,29.512089814673153]},"properties":{"substrate":"Mud","lease_number":null,"poll_year":2025}},{"type":"Feature","id":"ef9d8830-be1d-4ba3-b996-69f50d13a932","geometry":{"type":"Point","coordinates":[-94.82500926457556,29.51399612274874]},"properties":{"substrate":"Mud","lease_number":null,"poll_year":2025}},{"type":"Feature","id":"efbb1f35-3633-416f-80aa-de5ed9eace90","geometry":{"type":"Point","coordinates":[-94.82936699201882,29.51319850833206]},"properties":{"substrate":"Mud","lease_number":null,"poll_year":2025}},{"type":"Feature","id":"efdd7582-7872-4788-b595-c540f308eacc","geometry":{"type":"Point","coordinates":[-94.82063119478268,29.511430926826097]},"properties":{"substrate":"Mud","lease_number":null,"poll_year":2025}},{"type":"Feature","id":"f00076b9-ac4a-4923-836d-89691121ba55","geometry":{"type":"Point","coordinates":[-94.82829996593782,29.514675054924048]},"properties":{"substrate":"Mud","lease_number":null,"poll_year":2025}},{"type":"Feature","id":"f021a448-3dc8-4540-acc2-3972c1f3abd8","geometry":{"type":"Point","coordinates":[-94.82364438768906,29.513255695031237]},"properties":{"substrate":"Mud","lease_number":null,"poll_year":2025}},{"type":"Feature","id":"f0252d09-5361-47f4-bfea-d25cf0dbc5bb","geometry":{"type":"Point","coordinates":[-94.82880057458777,29.50876233492439]},"properties":{"substrate":"Mud","lease_number":null,"poll_year":2025}},{"type":"Feature","id":"f0277105-7b48-4171-9114-17688063a90f","geometry":{"type":"Point","coordinates":[-94.82789023804852,29.51460151735026]},"properties":{"substrate":"Mud","lease_number":null,"poll_year":2025}},{"type":"Feature","id":"f03ef088-672d-4f6a-8adf-169fa930160f","geometry":{"type":"Point","coordinates":[-94.83203915120568,29.508941155061482]},"properties":{"substrate":"Mud","lease_number":null,"poll_year":2025}},{"type":"Feature","id":"f05767f0-42e0-4b52-8bd6-b11c23d23403","geometry":{"type":"Point","coordinates":[-94.81323906341255,29.514016420774965]},"properties":{"substrate":"Buried Shell","lease_number":null,"poll_year":2025}},{"type":"Feature","id":"f065be2c-54b2-4531-b754-7f550ed5b5ae","geometry":{"type":"Point","coordinates":[-94.82656631984742,29.509436085381264]},"properties":{"substrate":"Mud","lease_number":null,"poll_year":2025}},{"type":"Feature","id":"f0a51a73-e6c5-4cab-9afc-3ec82ff7e080","geometry":{"type":"Point","coordinates":[-94.82818577479385,29.510591945844222]},"properties":{"substrate":"Mud","lease_number":null,"poll_year":2025}},{"type":"Feature","id":"f0a808e7-ba6a-4273-b014-9dc64d7d7e92","geometry":{"type":"Point","coordinates":[-94.83033336995707,29.51263203602706]},"properties":{"substrate":"Mud","lease_number":null,"poll_year":2025}},{"type":"Feature","id":"f0ae007e-344c-4bb6-b7ea-fc21f73ace4a","geometry":{"type":"Point","coordinates":[-94.83146889707007,29.510023033881303]},"properties":{"substrate":"Mud","lease_number":null,"poll_year":2025}},{"type":"Feature","id":"f0ae58dd-523d-4a96-a2cd-f064961b107a","geometry":{"type":"Point","coordinates":[-94.82981903684619,29.508570901892128]},"properties":{"substrate":"Mud","lease_number":null,"poll_year":2025}},{"type":"Feature","id":"f11b6c40-d070-45d4-a6c2-21bfbfb7ffe5","geometry":{"type":"Point","coordinates":[-94.82916574603897,29.51067164199947]},"properties":{"substrate":"Mud","lease_number":null,"poll_year":2025}},{"type":"Feature","id":"f131f0b9-38ac-4c9f-b6d7-82d0532eb569","geometry":{"type":"Point","coordinates":[-94.82373402068978,29.511148118050436]},"properties":{"substrate":"Mud","lease_number":null,"poll_year":2025}},{"type":"Feature","id":"f14e3003-491d-4b93-a5c1-f71ecbfb6b79","geometry":{"type":"Point","coordinates":[-94.82047771312482,29.51308927329775]},"properties":{"substrate":"Mud","lease_number":null,"poll_year":2025}},{"type":"Feature","id":"f15ff86c-f00c-4a11-a9cb-03c991da6133","geometry":{"type":"Point","coordinates":[-94.81431766787925,29.505865842197547]},"properties":{"substrate":"Mud","lease_number":null,"poll_year":2025}},{"type":"Feature","id":"f18bc966-cc7f-41d4-85b5-e57fa10d800e","geometry":{"type":"Point","coordinates":[-94.81782639036098,29.514325765630257]},"properties":{"substrate":"Mud","lease_number":null,"poll_year":2025}},{"type":"Feature","id":"f19b9020-2371-4f04-996d-3a433b877ed3","geometry":{"type":"Point","coordinates":[-94.81306732978476,29.515715965971363]},"properties":{"substrate":"Solid Reef","lease_number":null,"poll_year":2025}},{"type":"Feature","id":"f1a7fe3f-a8de-47d6-9909-cf93605d0350","geometry":{"type":"Point","coordinates":[-94.83232284276566,29.506438007155698]},"properties":{"substrate":"Mud","lease_number":null,"poll_year":2025}},{"type":"Feature","id":"f1b7413f-4733-4485-8c5b-8ddcfcbb0aef","geometry":{"type":"Point","coordinates":[-94.82870606283674,29.512153901030725]},"properties":{"substrate":"Mud","lease_number":null,"poll_year":2025}},{"type":"Feature","id":"f1c86a19-b2a9-449a-b0f9-7cea21bb506d","geometry":{"type":"Point","coordinates":[-94.82971895643871,29.50703443828542]},"properties":{"substrate":"Buried Shell","lease_number":null,"poll_year":2025}},{"type":"Feature","id":"f205b7a3-7da2-47fe-a674-bc305b8f2555","geometry":{"type":"Point","coordinates":[-94.8234732676106,29.514407760295857]},"properties":{"substrate":"Mud","lease_number":null,"poll_year":2025}},{"type":"Feature","id":"f22a58ec-24cd-4b3c-a1b2-68580fbe2c44","geometry":{"type":"Point","coordinates":[-94.82592690262143,29.51229610228806]},"properties":{"substrate":"Mud","lease_number":null,"poll_year":2025}},{"type":"Feature","id":"f22c9d5c-c219-43e9-a382-cd4c30c23c40","geometry":{"type":"Point","coordinates":[-94.82392450485254,29.515020305336588]},"properties":{"substrate":"Mud","lease_number":null,"poll_year":2025}},{"type":"Feature","id":"f23e37f0-9a2a-4d56-bcf2-fd64c7c23018","geometry":{"type":"Point","coordinates":[-94.82352895237842,29.514668034112404]},"properties":{"substrate":"Mud","lease_number":null,"poll_year":2025}},{"type":"Feature","id":"f275101a-f975-4765-a9c0-ae00995beb86","geometry":{"type":"Point","coordinates":[-94.81825058382128,29.512584315267233]},"properties":{"substrate":"Buried Shell","lease_number":null,"poll_year":2025}},{"type":"Feature","id":"f295e285-e664-4401-9dec-776d87f5459d","geometry":{"type":"Point","coordinates":[-94.83147974063387,29.508924140295957]},"properties":{"substrate":"Mud","lease_number":null,"poll_year":2025}},{"type":"Feature","id":"f2a154c4-a197-44a2-9e9d-53d93729a929","geometry":{"type":"Point","coordinates":[-94.81270247723546,29.506542152010038]},"properties":{"substrate":"Buried Shell","lease_number":null,"poll_year":2025}},{"type":"Feature","id":"f2a81b5b-ab29-4927-b4b0-333acb43e08b","geometry":{"type":"Point","coordinates":[-94.83045354388084,29.513065110099134]},"properties":{"substrate":"Mud","lease_number":null,"poll_year":2025}},{"type":"Feature","id":"f2c820c8-7611-4d97-bcb8-c7aa208e17e8","geometry":{"type":"Point","coordinates":[-94.83048847397234,29.508839364285986]},"properties":{"substrate":"Mud","lease_number":null,"poll_year":2025}},{"type":"Feature","id":"f2e16e4e-bb8f-42f0-b722-cb9aaf9ce277","geometry":{"type":"Point","coordinates":[-94.8196306907451,29.513446321037165]},"properties":{"substrate":"Mud","lease_number":null,"poll_year":2025}},{"type":"Feature","id":"f2e559ac-9a1d-4363-8d3f-db1e513303b9","geometry":{"type":"Point","coordinates":[-94.8202475395962,29.51211438461989]},"properties":{"substrate":"Buried Shell","lease_number":null,"poll_year":2025}},{"type":"Feature","id":"f2ef3301-99fb-4ee8-90c7-285130bbc6dd","geometry":{"type":"Point","coordinates":[-94.83023467026017,29.508378661691527]},"properties":{"substrate":"Mud","lease_number":null,"poll_year":2025}},{"type":"Feature","id":"f32117d0-5d41-448b-a77d-2b3146125351","geometry":{"type":"Point","coordinates":[-94.82676617972676,29.508555123070902]},"properties":{"substrate":"Mud","lease_number":null,"poll_year":2025}},{"type":"Feature","id":"f322a855-d671-4fb5-9920-8b83896e32d9","geometry":{"type":"Point","coordinates":[-94.81747956160955,29.515151362817733]},"properties":{"substrate":"Mud","lease_number":null,"poll_year":2025}},{"type":"Feature","id":"f33d0153-c852-474c-a8d1-5b92f78d2e4e","geometry":{"type":"Point","coordinates":[-94.83029139797205,29.50760687730378]},"properties":{"substrate":"Buried Shell","lease_number":null,"poll_year":2025}},{"type":"Feature","id":"f34a8442-2e1b-4eff-b4d0-929cfb2cb003","geometry":{"type":"Point","coordinates":[-94.8250199473409,29.511182949706175]},"properties":{"substrate":"Mud","lease_number":null,"poll_year":2025}},{"type":"Feature","id":"f34ed16e-2d68-46bd-b627-4210c71cc010","geometry":{"type":"Point","coordinates":[-94.82751419967732,29.514511532659377]},"properties":{"substrate":"Mud","lease_number":null,"poll_year":2025}},{"type":"Feature","id":"f357df17-ac0a-4ea3-98e2-866aaf961872","geometry":{"type":"Point","coordinates":[-94.81291300011725,29.51548185168176]},"properties":{"substrate":"Solid Reef","lease_number":null,"poll_year":2025}},{"type":"Feature","id":"f36616d8-2e57-4504-829b-78b51b813f40","geometry":{"type":"Point","coordinates":[-94.83339330580094,29.50887135963716]},"properties":{"substrate":"Mud","lease_number":null,"poll_year":2025}},{"type":"Feature","id":"f3675e0f-3c32-4107-af89-989d7fa19f40","geometry":{"type":"Point","coordinates":[-94.81695329797338,29.515382410343566]},"properties":{"substrate":"Mud","lease_number":null,"poll_year":2025}},{"type":"Feature","id":"f36a7b2f-2eae-4ac8-a198-86125825055b","geometry":{"type":"Point","coordinates":[-94.82641894044527,29.513137344826326]},"properties":{"substrate":"Mud","lease_number":null,"poll_year":2025}},{"type":"Feature","id":"f3803c40-24ae-4271-92a5-4dabb4fff74e","geometry":{"type":"Point","coordinates":[-94.82718094357155,29.51229798085462]},"properties":{"substrate":"Mud","lease_number":null,"poll_year":2025}},{"type":"Feature","id":"f39020ff-b360-4a6b-87a4-eedc05941fd8","geometry":{"type":"Point","coordinates":[-94.82782420199366,29.515155383290093]},"properties":{"substrate":"Mud","lease_number":null,"poll_year":2025}},{"type":"Feature","id":"f3a4ec89-095b-4b9c-b4c8-9a7035f89a02","geometry":{"type":"Point","coordinates":[-94.82810556512044,29.51293855985498]},"properties":{"substrate":"Mud","lease_number":null,"poll_year":2025}},{"type":"Feature","id":"f3a927e5-29aa-48ed-9a2d-683d764222d1","geometry":{"type":"Point","coordinates":[-94.82879996822496,29.507424434310327]},"properties":{"substrate":"Mud","lease_number":null,"poll_year":2025}},{"type":"Feature","id":"f3b6c5ad-c1e4-4209-be67-7906548d420a","geometry":{"type":"Point","coordinates":[-94.82294599516636,29.51279461462296]},"properties":{"substrate":"Mud","lease_number":null,"poll_year":2025}},{"type":"Feature","id":"f3bfb839-6e77-4155-8d33-b3f0267e96b6","geometry":{"type":"Point","coordinates":[-94.82953764676998,29.51343389824733]},"properties":{"substrate":"Mud","lease_number":null,"poll_year":2025}},{"type":"Feature","id":"f3d2e464-b7bf-4697-8326-033ac2d9b5d6","geometry":{"type":"Point","coordinates":[-94.81406829106481,29.506822712684592]},"properties":{"substrate":"Mud","lease_number":null,"poll_year":2025}},{"type":"Feature","id":"f3d41b8d-55a2-4243-a278-7f545acfb3fb","geometry":{"type":"Point","coordinates":[-94.82473528110883,29.51178598926557]},"properties":{"substrate":"Mud","lease_number":null,"poll_year":2025}},{"type":"Feature","id":"f3f5ac5c-b8ef-4d89-a4ba-f7e5213e2fb3","geometry":{"type":"Point","coordinates":[-94.81216864259808,29.507040093822887]},"properties":{"substrate":"Solid Reef","lease_number":null,"poll_year":2025}},{"type":"Feature","id":"f4048f63-2cd1-4847-8f4c-3219f6818505","geometry":{"type":"Point","coordinates":[-94.81940832716955,29.51477725024456]},"properties":{"substrate":"Mud","lease_number":null,"poll_year":2025}},{"type":"Feature","id":"f4204d8a-8571-47d8-b954-949c0d94c545","geometry":{"type":"Point","coordinates":[-94.82100646329768,29.512680367315788]},"properties":{"substrate":"Mud","lease_number":null,"poll_year":2025}},{"type":"Feature","id":"f426343c-667d-499a-95d2-88a69c640029","geometry":{"type":"Point","coordinates":[-94.82797051958715,29.512207719718223]},"properties":{"substrate":"Mud","lease_number":null,"poll_year":2025}},{"type":"Feature","id":"f4282568-7e6a-49a6-82e6-073ab313b401","geometry":{"type":"Point","coordinates":[-94.81762721320122,29.51453895772023]},"properties":{"substrate":"Mud","lease_number":null,"poll_year":2025}},{"type":"Feature","id":"f434a6cb-ccba-4c65-bc7b-aa96f0c668a6","geometry":{"type":"Point","coordinates":[-94.82008905611883,29.51498875595617]},"properties":{"substrate":"Mud","lease_number":null,"poll_year":2025}},{"type":"Feature","id":"f463d708-93e5-455b-867d-82ae4505483b","geometry":{"type":"Point","coordinates":[-94.82957332875137,29.510738007335377]},"properties":{"substrate":"Mud","lease_number":null,"poll_year":2025}},{"type":"Feature","id":"f46c755a-50f8-457e-8374-7241d7877619","geometry":{"type":"Point","coordinates":[-94.82778599664464,29.508673173736472]},"properties":{"substrate":"Mud","lease_number":null,"poll_year":2025}},{"type":"Feature","id":"f4711193-3629-4ef5-b749-fa0e38e93617","geometry":{"type":"Point","coordinates":[-94.82420564789204,29.51226046502179]},"properties":{"substrate":"Mud","lease_number":null,"poll_year":2025}},{"type":"Feature","id":"f4760a95-a434-4c07-8be0-a70261749e9b","geometry":{"type":"Point","coordinates":[-94.81700843297227,29.5126739186111]},"properties":{"substrate":"Mud","lease_number":null,"poll_year":2025}},{"type":"Feature","id":"f4802a2f-0417-44ef-8cc6-0a083fc81c13","geometry":{"type":"Point","coordinates":[-94.81636817402487,29.51507278182022]},"properties":{"substrate":"Mud","lease_number":null,"poll_year":2025}},{"type":"Feature","id":"f48a1bc7-9de0-41df-a53f-53c429982773","geometry":{"type":"Point","coordinates":[-94.82802573004452,29.513767203883642]},"properties":{"substrate":"Mud","lease_number":null,"poll_year":2025}},{"type":"Feature","id":"f49aa645-a85b-4fb6-8a38-97cd196684c4","geometry":{"type":"Point","coordinates":[-94.81638946499542,29.515333477627163]},"properties":{"substrate":"Mud","lease_number":null,"poll_year":2025}},{"type":"Feature","id":"f49b5244-7275-4309-83c4-a333eb9e2101","geometry":{"type":"Point","coordinates":[-94.82216104727111,29.514461240072315]},"properties":{"substrate":"Mud","lease_number":null,"poll_year":2025}},{"type":"Feature","id":"f4a71841-1adc-46d0-bf70-dd399c35678d","geometry":{"type":"Point","coordinates":[-94.82734298707238,29.511938123321862]},"properties":{"substrate":"Mud","lease_number":null,"poll_year":2025}},{"type":"Feature","id":"f4aa6f24-286d-460b-a6b0-576a12ce46b5","geometry":{"type":"Point","coordinates":[-94.83015309963912,29.50871208013363]},"properties":{"substrate":"Mud","lease_number":null,"poll_year":2025}},{"type":"Feature","id":"f4abe90a-b8ca-430a-82ba-82901a627bb5","geometry":{"type":"Point","coordinates":[-94.82689400819507,29.51164817767757]},"properties":{"substrate":"Mud","lease_number":null,"poll_year":2025}},{"type":"Feature","id":"f4b1d48c-3671-4636-86e8-3e4d2ed66c46","geometry":{"type":"Point","coordinates":[-94.82998352106966,29.512422664280155]},"properties":{"substrate":"Mud","lease_number":null,"poll_year":2025}},{"type":"Feature","id":"f4ba0b62-4fc3-4ca7-a848-3163039e5800","geometry":{"type":"Point","coordinates":[-94.83015188421852,29.513197924363404]},"properties":{"substrate":"Mud","lease_number":null,"poll_year":2025}},{"type":"Feature","id":"f4c54156-245b-4cec-a1d9-b72f6c06456c","geometry":{"type":"Point","coordinates":[-94.83199992357385,29.50820637867468]},"properties":{"substrate":"Mud","lease_number":null,"poll_year":2025}},{"type":"Feature","id":"f4d9df1d-d903-469d-b3b3-d010d668114f","geometry":{"type":"Point","coordinates":[-94.82191486666242,29.51195453562443]},"properties":{"substrate":"Mud","lease_number":null,"poll_year":2025}},{"type":"Feature","id":"f4df4d85-bbd5-4bae-8ffe-73e7011230f1","geometry":{"type":"Point","coordinates":[-94.81991232965466,29.514224063916103]},"properties":{"substrate":"Mud","lease_number":null,"poll_year":2025}},{"type":"Feature","id":"f4f72902-34e0-45b2-b178-d632e78a662e","geometry":{"type":"Point","coordinates":[-94.82127735206824,29.51255328734107]},"properties":{"substrate":"Mud","lease_number":null,"poll_year":2025}},{"type":"Feature","id":"f4fed219-5025-4dac-9116-08b0f79def60","geometry":{"type":"Point","coordinates":[-94.8266708442206,29.511469862652195]},"properties":{"substrate":"Mud","lease_number":null,"poll_year":2025}},{"type":"Feature","id":"f50a7d7d-ec2a-445f-93e6-64a18bce3ede","geometry":{"type":"Point","coordinates":[-94.82470953269785,29.51465685131315]},"properties":{"substrate":"Mud","lease_number":null,"poll_year":2025}},{"type":"Feature","id":"f5128500-f76d-4b9b-96c2-ae294e315523","geometry":{"type":"Point","coordinates":[-94.83092478031594,29.507852324701435]},"properties":{"substrate":"Mud","lease_number":null,"poll_year":2025}},{"type":"Feature","id":"f51cd137-51ae-4e02-806b-4a3484da041d","geometry":{"type":"Point","coordinates":[-94.83291153931408,29.505433741953787]},"properties":{"substrate":"Mud","lease_number":null,"poll_year":2025}},{"type":"Feature","id":"f5368ace-61c5-463c-b390-a2fdf5d38cc2","geometry":{"type":"Point","coordinates":[-94.82498011783785,29.515067382359643]},"properties":{"substrate":"Mud","lease_number":null,"poll_year":2025}},{"type":"Feature","id":"f5396ca9-743b-4edf-8f79-140a84bbf08e","geometry":{"type":"Point","coordinates":[-94.82195261297237,29.51004657394865]},"properties":{"substrate":"Mud","lease_number":null,"poll_year":2025}},{"type":"Feature","id":"f5458da1-353e-4445-952d-1f3f4778d042","geometry":{"type":"Point","coordinates":[-94.81396361038475,29.505483025798444]},"properties":{"substrate":"Mud","lease_number":null,"poll_year":2025}},{"type":"Feature","id":"f58eb8e8-f9c7-4e73-b1c7-2edf95c6eb10","geometry":{"type":"Point","coordinates":[-94.81265015037016,29.515306854060675]},"properties":{"substrate":"Buried Shell","lease_number":null,"poll_year":2025}},{"type":"Feature","id":"f5964d96-ca75-44c4-9763-b23c043f376d","geometry":{"type":"Point","coordinates":[-94.81891083028376,29.51498685789612]},"properties":{"substrate":"Mud","lease_number":null,"poll_year":2025}},{"type":"Feature","id":"f5b51bb4-83bc-49c3-bfe7-2dd615379752","geometry":{"type":"Point","coordinates":[-94.82332240813504,29.51340348738264]},"properties":{"substrate":"Mud","lease_number":null,"poll_year":2025}},{"type":"Feature","id":"f5db9b4b-6989-4e7b-8f09-abe2527a7263","geometry":{"type":"Point","coordinates":[-94.8300290198405,29.508765769310962]},"properties":{"substrate":"Mud","lease_number":null,"poll_year":2025}},{"type":"Feature","id":"f6172419-cf59-4f70-9e77-c13ae0e01865","geometry":{"type":"Point","coordinates":[-94.82846423276898,29.509698606306248]},"properties":{"substrate":"Mud","lease_number":null,"poll_year":2025}},{"type":"Feature","id":"f619636f-295b-4389-8f08-9915dfdf4db5","geometry":{"type":"Point","coordinates":[-94.81681944719942,29.51464656438749]},"properties":{"substrate":"Mud","lease_number":null,"poll_year":2025}},{"type":"Feature","id":"f6366eba-c5af-4418-acb9-b9de4015c1c1","geometry":{"type":"Point","coordinates":[-94.82347255165331,29.5105039628357]},"properties":{"substrate":"Mud","lease_number":null,"poll_year":2025}},{"type":"Feature","id":"f636dfb7-9672-484e-9ec4-7d73d96fbcf2","geometry":{"type":"Point","coordinates":[-94.82663911572477,29.510459459632344]},"properties":{"substrate":"Mud","lease_number":null,"poll_year":2025}},{"type":"Feature","id":"f637726b-d78e-47ab-aeb9-b9ed32fbc986","geometry":{"type":"Point","coordinates":[-94.82942095112298,29.514037721776464]},"properties":{"substrate":"Mud","lease_number":null,"poll_year":2025}},{"type":"Feature","id":"f641e662-2c36-4d29-8e05-579e637e78fa","geometry":{"type":"Point","coordinates":[-94.82068217956495,29.510874273039974]},"properties":{"substrate":"Buried Shell","lease_number":null,"poll_year":2025}},{"type":"Feature","id":"f64b025a-6b2b-4233-b6c2-f00e1106bfb1","geometry":{"type":"Point","coordinates":[-94.82862376008872,29.508835417832344]},"properties":{"substrate":"Mud","lease_number":null,"poll_year":2025}},{"type":"Feature","id":"f64c2b23-5aa7-4d03-bb69-38691b46757c","geometry":{"type":"Point","coordinates":[-94.83030003617182,29.508645475806254]},"properties":{"substrate":"Mud","lease_number":null,"poll_year":2025}},{"type":"Feature","id":"f66d9815-bc5d-420a-b177-8a13e1b26920","geometry":{"type":"Point","coordinates":[-94.82506617464544,29.510562000843684]},"properties":{"substrate":"Mud","lease_number":null,"poll_year":2025}},{"type":"Feature","id":"f6852c0c-2150-47c0-a211-1c266f6b5ec5","geometry":{"type":"Point","coordinates":[-94.83262357356996,29.510090986647562]},"properties":{"substrate":"Buried Shell","lease_number":null,"poll_year":2025}},{"type":"Feature","id":"f68fb013-6ea2-44e1-8e46-acfb84ccd819","geometry":{"type":"Point","coordinates":[-94.83175789497842,29.508813408219904]},"properties":{"substrate":"Mud","lease_number":null,"poll_year":2025}},{"type":"Feature","id":"f6b7e63d-df08-4255-8da6-a5e5827a791f","geometry":{"type":"Point","coordinates":[-94.83256007166253,29.506070074616478]},"properties":{"substrate":"Mud","lease_number":null,"poll_year":2025}},{"type":"Feature","id":"f6c7d5ab-8653-4445-b031-813e80b7efe3","geometry":{"type":"Point","coordinates":[-94.82714048794271,29.515180946079916]},"properties":{"substrate":"Mud","lease_number":null,"poll_year":2025}},{"type":"Feature","id":"f6d2acee-2d1a-4f71-967b-c3bac9f6f6af","geometry":{"type":"Point","coordinates":[-94.82047400667594,29.510679351828962]},"properties":{"substrate":"Buried Shell","lease_number":null,"poll_year":2025}},{"type":"Feature","id":"f6d3b584-35a2-4bbb-a469-3246db0cc8d1","geometry":{"type":"Point","coordinates":[-94.82272394510287,29.51473771765964]},"properties":{"substrate":"Mud","lease_number":null,"poll_year":2025}},{"type":"Feature","id":"f6ff29c2-1dc0-4f59-8658-c1aab4cfe339","geometry":{"type":"Point","coordinates":[-94.8250604002748,29.509275701326175]},"properties":{"substrate":"Buried Shell","lease_number":null,"poll_year":2025}},{"type":"Feature","id":"f78cf780-eeec-4d47-a366-fbdfba65176f","geometry":{"type":"Point","coordinates":[-94.8237595463186,29.512718019800257]},"properties":{"substrate":"Mud","lease_number":null,"poll_year":2025}},{"type":"Feature","id":"f7a2b610-eb6f-4c78-8051-c43b97cd4c0b","geometry":{"type":"Point","coordinates":[-94.82485140363069,29.509907803878942]},"properties":{"substrate":"Mud","lease_number":null,"poll_year":2025}},{"type":"Feature","id":"f7a68443-da8d-4b6d-968d-66be61770b37","geometry":{"type":"Point","coordinates":[-94.83172156171844,29.507228953725377]},"properties":{"substrate":"Mud","lease_number":null,"poll_year":2025}},{"type":"Feature","id":"f7b963d0-ece8-47c0-b139-99bc6552a5e8","geometry":{"type":"Point","coordinates":[-94.82494408820843,29.514789188972703]},"properties":{"substrate":"Mud","lease_number":null,"poll_year":2025}},{"type":"Feature","id":"f7c33df5-2653-4672-866a-00fb331dfb47","geometry":{"type":"Point","coordinates":[-94.81491252597219,29.515161670798914]},"properties":{"substrate":"Mud","lease_number":null,"poll_year":2025}},{"type":"Feature","id":"f7c7d50f-01b3-4dd7-a12d-eea5802325fa","geometry":{"type":"Point","coordinates":[-94.81255942861131,29.514807959320954]},"properties":{"substrate":"Mud","lease_number":null,"poll_year":2025}},{"type":"Feature","id":"f7decdd5-532e-4e40-8cd0-3852b0755b53","geometry":{"type":"Point","coordinates":[-94.82694325294062,29.51443521587272]},"properties":{"substrate":"Mud","lease_number":null,"poll_year":2025}},{"type":"Feature","id":"f7f96d45-f634-498e-802f-27991a113a5a","geometry":{"type":"Point","coordinates":[-94.82393205788745,29.51449580323217]},"properties":{"substrate":"Mud","lease_number":null,"poll_year":2025}},{"type":"Feature","id":"f81b39af-e0d1-4333-9528-14fd1652e062","geometry":{"type":"Point","coordinates":[-94.8271438781846,29.508932979937608]},"properties":{"substrate":"Mud","lease_number":null,"poll_year":2025}},{"type":"Feature","id":"f8257e36-c758-4d8b-b764-db13771c4781","geometry":{"type":"Point","coordinates":[-94.817084312766,29.51533004033649]},"properties":{"substrate":"Mud","lease_number":null,"poll_year":2025}},{"type":"Feature","id":"f83a09af-f8b9-40d5-90ca-c66fc2c1a751","geometry":{"type":"Point","coordinates":[-94.83200010503354,29.5098313358651]},"properties":{"substrate":"Mud","lease_number":null,"poll_year":2025}},{"type":"Feature","id":"f83a9891-ad39-453d-9de1-20d38fe2c07d","geometry":{"type":"Point","coordinates":[-94.82578319373555,29.50896889590898]},"properties":{"substrate":"Mud","lease_number":null,"poll_year":2025}},{"type":"Feature","id":"f83b30e1-272e-44e6-8f0f-a9394ee1ffff","geometry":{"type":"Point","coordinates":[-94.81354849889196,29.505649493654694]},"properties":{"substrate":"Mud","lease_number":null,"poll_year":2025}},{"type":"Feature","id":"f8405a32-58e3-487d-8095-3b9635402f74","geometry":{"type":"Point","coordinates":[-94.82548680628565,29.515408553905022]},"properties":{"substrate":"Mud","lease_number":null,"poll_year":2025}},{"type":"Feature","id":"f845d064-4093-4ed9-b702-2ac4815893f0","geometry":{"type":"Point","coordinates":[-94.81958302613613,29.513338599739896]},"properties":{"substrate":"Mud","lease_number":null,"poll_year":2025}},{"type":"Feature","id":"f857df7c-a367-4ae7-84f5-fe4fe4e36b66","geometry":{"type":"Point","coordinates":[-94.81855590142342,29.513094063878487]},"properties":{"substrate":"Mud","lease_number":null,"poll_year":2025}},{"type":"Feature","id":"f86b17f6-9650-41ab-833b-81d57b7931ac","geometry":{"type":"Point","coordinates":[-94.82063471977186,29.51501918119753]},"properties":{"substrate":"Mud","lease_number":null,"poll_year":2025}},{"type":"Feature","id":"f86cae2a-85ab-4477-b334-da6f6a835131","geometry":{"type":"Point","coordinates":[-94.82655627578421,29.510248597237908]},"properties":{"substrate":"Mud","lease_number":null,"poll_year":2025}},{"type":"Feature","id":"f86f00bc-c0ab-4127-8069-e6f5ec0b1c3e","geometry":{"type":"Point","coordinates":[-94.82654269235881,29.511784864308822]},"properties":{"substrate":"Mud","lease_number":null,"poll_year":2025}},{"type":"Feature","id":"f89694f0-7b9e-4e5a-9ace-3c294eb27be0","geometry":{"type":"Point","coordinates":[-94.82636865365399,29.516052376940724]},"properties":{"substrate":"Mud","lease_number":null,"poll_year":2025}},{"type":"Feature","id":"f8a5b795-3919-4e00-9455-f11b8effc129","geometry":{"type":"Point","coordinates":[-94.81886313064048,29.512753415343074]},"properties":{"substrate":"Buried Shell","lease_number":null,"poll_year":2025}},{"type":"Feature","id":"f8cbe4aa-81ac-481a-b5d7-32cd1ea860a3","geometry":{"type":"Point","coordinates":[-94.83383154442072,29.5052956222838]},"properties":{"substrate":"Mud","lease_number":null,"poll_year":2025}},{"type":"Feature","id":"f8d10bd2-adf6-4df3-8c22-64c9c4c6931c","geometry":{"type":"Point","coordinates":[-94.82863312412725,29.51323732465195]},"properties":{"substrate":"Mud","lease_number":null,"poll_year":2025}},{"type":"Feature","id":"f8ed6cf3-ce98-42c9-b460-8e48bb3736f2","geometry":{"type":"Point","coordinates":[-94.82567017399471,29.513185495289022]},"properties":{"substrate":"Mud","lease_number":null,"poll_year":2025}},{"type":"Feature","id":"f91ebac6-0d3a-4cda-9203-b23b5b89b4b7","geometry":{"type":"Point","coordinates":[-94.81768227902984,29.516058024938843]},"properties":{"substrate":"Mud","lease_number":null,"poll_year":2025}},{"type":"Feature","id":"f93661b7-359a-4f52-954b-a5d4200b4614","geometry":{"type":"Point","coordinates":[-94.82846799940498,29.514377485747048]},"properties":{"substrate":"Mud","lease_number":null,"poll_year":2025}},{"type":"Feature","id":"f95541df-447e-465c-b740-8434527f9a35","geometry":{"type":"Point","coordinates":[-94.81724570768321,29.513084284933353]},"properties":{"substrate":"Mud","lease_number":null,"poll_year":2025}},{"type":"Feature","id":"f9582071-53eb-4d61-a8ea-bd04b8dfb201","geometry":{"type":"Point","coordinates":[-94.82726428926361,29.509411652377917]},"properties":{"substrate":"Mud","lease_number":null,"poll_year":2025}},{"type":"Feature","id":"f95dee94-43cf-4750-9385-cec41d58e7aa","geometry":{"type":"Point","coordinates":[-94.83237474562615,29.50880104584077]},"properties":{"substrate":"Mud","lease_number":null,"poll_year":2025}},{"type":"Feature","id":"f960fae9-a96c-4c0c-897c-7fddccf6f7d3","geometry":{"type":"Point","coordinates":[-94.83168219574607,29.505953513386668]},"properties":{"substrate":"Mud","lease_number":null,"poll_year":2025}},{"type":"Feature","id":"f96c2cae-dd59-4cb0-8aaa-972d055f4ec4","geometry":{"type":"Point","coordinates":[-94.82866153065316,29.5119160526249]},"properties":{"substrate":"Mud","lease_number":null,"poll_year":2025}},{"type":"Feature","id":"f97edf4f-21d4-4348-8f9c-e376f3b7ba9f","geometry":{"type":"Point","coordinates":[-94.81971295217062,29.511733837854777]},"properties":{"substrate":"Mud","lease_number":null,"poll_year":2025}},{"type":"Feature","id":"f98778c7-d333-4063-a6fb-7f1742517480","geometry":{"type":"Point","coordinates":[-94.83316837573864,29.505838328006117]},"properties":{"substrate":"Mud","lease_number":null,"poll_year":2025}},{"type":"Feature","id":"f9d4fecf-cec0-41fa-8136-0474f7e12899","geometry":{"type":"Point","coordinates":[-94.82197223307647,29.515837231364824]},"properties":{"substrate":"Mud","lease_number":null,"poll_year":2025}},{"type":"Feature","id":"f9edd0e2-bb2b-4a62-8b45-dd9ebc65284a","geometry":{"type":"Point","coordinates":[-94.82717796924963,29.513596510733958]},"properties":{"substrate":"Mud","lease_number":null,"poll_year":2025}},{"type":"Feature","id":"fa168ccf-afac-4be0-970c-be8d19689c65","geometry":{"type":"Point","coordinates":[-94.81244009461234,29.515155829661833]},"properties":{"substrate":"Buried Shell","lease_number":null,"poll_year":2025}},{"type":"Feature","id":"fa277de0-8b3f-4223-9c5b-21d8bd22c9c9","geometry":{"type":"Point","coordinates":[-94.82803950570938,29.511927822048225]},"properties":{"substrate":"Mud","lease_number":null,"poll_year":2025}},{"type":"Feature","id":"fa40d6ef-01be-4eab-8adb-4843f47923bc","geometry":{"type":"Point","coordinates":[-94.83301551840988,29.509889954337577]},"properties":{"substrate":"Buried Shell","lease_number":null,"poll_year":2025}},{"type":"Feature","id":"fa415e3e-076f-4579-ab44-856d2db0af4a","geometry":{"type":"Point","coordinates":[-94.8325269220319,29.506345625230324]},"properties":{"substrate":"Mud","lease_number":null,"poll_year":2025}},{"type":"Feature","id":"fa425119-f0b8-491e-9ae0-6a80679f8d2a","geometry":{"type":"Point","coordinates":[-94.82347995017798,29.51541339597049]},"properties":{"substrate":"Mud","lease_number":null,"poll_year":2025}},{"type":"Feature","id":"fa4af99b-a232-4a3f-afc9-a8bce97bc5b7","geometry":{"type":"Point","coordinates":[-94.8191534948864,29.512470619643466]},"properties":{"substrate":"Buried Shell","lease_number":null,"poll_year":2025}},{"type":"Feature","id":"fabb2afd-2730-4d56-96e6-b1f86b62c9e1","geometry":{"type":"Point","coordinates":[-94.82720435187122,29.507825181619975]},"properties":{"substrate":"Mud","lease_number":null,"poll_year":2025}},{"type":"Feature","id":"fac22bf8-335e-4477-84ea-f1d670476526","geometry":{"type":"Point","coordinates":[-94.82384239614062,29.510344130841432]},"properties":{"substrate":"Mud","lease_number":null,"poll_year":2025}},{"type":"Feature","id":"facc160d-9962-42d0-ab33-d43ca62c4731","geometry":{"type":"Point","coordinates":[-94.827290033183,29.510445938866365]},"properties":{"substrate":"Mud","lease_number":null,"poll_year":2025}},{"type":"Feature","id":"fae78c61-5894-4e80-a3f9-dc716e474f0f","geometry":{"type":"Point","coordinates":[-94.821816376273,29.51493828536983]},"properties":{"substrate":"Mud","lease_number":null,"poll_year":2025}},{"type":"Feature","id":"fb016b64-7f46-4076-a0ca-3c5f5a522333","geometry":{"type":"Point","coordinates":[-94.81534947640786,29.514149834170702]},"properties":{"substrate":"Mud","lease_number":null,"poll_year":2025}},{"type":"Feature","id":"fb793e93-de9d-4cfe-8ee7-32e5064d236c","geometry":{"type":"Point","coordinates":[-94.81937255266168,29.513056897784242]},"properties":{"substrate":"Buried Shell","lease_number":null,"poll_year":2025}},{"type":"Feature","id":"fbb82ffa-4cdd-4be5-b0ea-db1cffef89a1","geometry":{"type":"Point","coordinates":[-94.8195744085976,29.514939356351544]},"properties":{"substrate":"Mud","lease_number":null,"poll_year":2025}},{"type":"Feature","id":"fc0f0e1d-e39c-4cd8-a072-911444cbc8f5","geometry":{"type":"Point","coordinates":[-94.82370504103874,29.510652543321903]},"properties":{"substrate":"Mud","lease_number":null,"poll_year":2025}},{"type":"Feature","id":"fc1571b7-6b44-4e34-bb43-226e47948615","geometry":{"type":"Point","coordinates":[-94.82838436176044,29.50893458728725]},"properties":{"substrate":"Mud","lease_number":null,"poll_year":2025}},{"type":"Feature","id":"fc1ee28e-fe5b-4de4-9f0a-d0adba1b4a59","geometry":{"type":"Point","coordinates":[-94.82371524410372,29.511957869055454]},"properties":{"substrate":"Mud","lease_number":null,"poll_year":2025}},{"type":"Feature","id":"fc213ae2-45bc-4a67-9478-5f2020df5fe3","geometry":{"type":"Point","coordinates":[-94.82748079402685,29.51242311769972]},"properties":{"substrate":"Mud","lease_number":null,"poll_year":2025}},{"type":"Feature","id":"fc5bdddc-150d-4a45-8d23-fa745b91b417","geometry":{"type":"Point","coordinates":[-94.82538826559056,29.51409827575879]},"properties":{"substrate":"Mud","lease_number":null,"poll_year":2025}},{"type":"Feature","id":"fc607ef9-5408-42fb-989e-6c7a4ef95b3b","geometry":{"type":"Point","coordinates":[-94.81545564829128,29.513072356166827]},"properties":{"substrate":"Solid Reef","lease_number":null,"poll_year":2025}},{"type":"Feature","id":"fc648815-bf09-419b-9ae5-5f1bffd1c4da","geometry":{"type":"Point","coordinates":[-94.82695115901345,29.51500321107393]},"properties":{"substrate":"Mud","lease_number":null,"poll_year":2025}},{"type":"Feature","id":"fc7db44e-66d0-4e3d-93ab-fe650b4af836","geometry":{"type":"Point","coordinates":[-94.81987890603789,29.514852202638505]},"properties":{"substrate":"Mud","lease_number":null,"poll_year":2025}},{"type":"Feature","id":"fc970201-0513-4278-996d-9f4866ed3abf","geometry":{"type":"Point","coordinates":[-94.81319750734751,29.513766232171463]},"properties":{"substrate":"Buried Shell","lease_number":null,"poll_year":2025}},{"type":"Feature","id":"fcafe29a-b89e-4cfe-acd6-da98c61b3579","geometry":{"type":"Point","coordinates":[-94.83164073041087,29.511513828338828]},"properties":{"substrate":"Mud","lease_number":null,"poll_year":2025}},{"type":"Feature","id":"fcc29cbb-a17a-4c58-a5c4-98abaffd2276","geometry":{"type":"Point","coordinates":[-94.82332130230893,29.51548232384927]},"properties":{"substrate":"Mud","lease_number":null,"poll_year":2025}},{"type":"Feature","id":"fcd24e61-47db-4ff0-9306-ce7fd5a103a3","geometry":{"type":"Point","coordinates":[-94.82711492458468,29.513852705136447]},"properties":{"substrate":"Mud","lease_number":null,"poll_year":2025}},{"type":"Feature","id":"fcdcdd89-8027-489f-8e66-522a016e4881","geometry":{"type":"Point","coordinates":[-94.83046724588387,29.507530679616796]},"properties":{"substrate":"Mud","lease_number":null,"poll_year":2025}},{"type":"Feature","id":"fce4b831-5ae9-4333-a087-2a2f7b7bef19","geometry":{"type":"Point","coordinates":[-94.81650440174108,29.51342902169017]},"properties":{"substrate":"Buried Shell","lease_number":null,"poll_year":2025}},{"type":"Feature","id":"fcf0b95b-ed94-4668-a0c7-744d5f6f0e9a","geometry":{"type":"Point","coordinates":[-94.82622507322718,29.509571320888934]},"properties":{"substrate":"Mud","lease_number":null,"poll_year":2025}},{"type":"Feature","id":"fd212a23-8d6c-4dda-adfa-e90cf48f0455","geometry":{"type":"Point","coordinates":[-94.82873483228201,29.51035263497807]},"properties":{"substrate":"Mud","lease_number":null,"poll_year":2025}},{"type":"Feature","id":"fd36a98d-7783-4775-9301-4df9f5aad4f5","geometry":{"type":"Point","coordinates":[-94.82056660860871,29.512369658735608]},"properties":{"substrate":"Mud","lease_number":null,"poll_year":2025}},{"type":"Feature","id":"fd39d51e-4cd1-4eee-9492-586cb413fff6","geometry":{"type":"Point","coordinates":[-94.82572502961753,29.51530212925046]},"properties":{"substrate":"Mud","lease_number":null,"poll_year":2025}},{"type":"Feature","id":"fd6df80b-175e-4000-a73d-ba5512cfd925","geometry":{"type":"Point","coordinates":[-94.83017440498271,29.510245180882475]},"properties":{"substrate":"Mud","lease_number":null,"poll_year":2025}},{"type":"Feature","id":"fd848632-e32e-4d87-9144-bbbd0c0428d7","geometry":{"type":"Point","coordinates":[-94.81260170692184,29.50605668617143]},"properties":{"substrate":"Mud","lease_number":null,"poll_year":2025}},{"type":"Feature","id":"fdce7a7b-ebc9-43d8-8717-2000f7dd1c0c","geometry":{"type":"Point","coordinates":[-94.82389724906851,29.509242630370156]},"properties":{"substrate":"Mud","lease_number":null,"poll_year":2025}},{"type":"Feature","id":"fdd0a84c-4043-4f19-b6e7-e8ab3c3ac6dc","geometry":{"type":"Point","coordinates":[-94.81632556513433,29.51427726861588]},"properties":{"substrate":"Mud","lease_number":null,"poll_year":2025}},{"type":"Feature","id":"fdd8ed15-61d7-4764-8287-62227693ba03","geometry":{"type":"Point","coordinates":[-94.82487390912348,29.509622496189415]},"properties":{"substrate":"Buried Shell","lease_number":null,"poll_year":2025}},{"type":"Feature","id":"fdf22990-9af8-450e-be0b-ae62c2c8eba1","geometry":{"type":"Point","coordinates":[-94.82270565630199,29.515512642626426]},"properties":{"substrate":"Mud","lease_number":null,"poll_year":2025}},{"type":"Feature","id":"fe06128b-7a0f-4ba8-8b5e-15dadcf0b951","geometry":{"type":"Point","coordinates":[-94.82937898542617,29.51371643796922]},"properties":{"substrate":"Mud","lease_number":null,"poll_year":2025}},{"type":"Feature","id":"fe15b246-2f64-4450-b344-872fa9437a6c","geometry":{"type":"Point","coordinates":[-94.82708456242639,29.512592582343423]},"properties":{"substrate":"Mud","lease_number":null,"poll_year":2025}},{"type":"Feature","id":"fe366c4d-4204-425f-9414-4b3d5815618a","geometry":{"type":"Point","coordinates":[-94.82901093128123,29.511484999971664]},"properties":{"substrate":"Mud","lease_number":null,"poll_year":2025}},{"type":"Feature","id":"fe418257-c000-403b-94d5-b7648d8da3f7","geometry":{"type":"Point","coordinates":[-94.82548218355521,29.512752442057675]},"properties":{"substrate":"Mud","lease_number":null,"poll_year":2025}},{"type":"Feature","id":"fe6d5a9f-63f6-437b-ab69-4e500207f999","geometry":{"type":"Point","coordinates":[-94.8241563097217,29.51154652408764]},"properties":{"substrate":"Mud","lease_number":null,"poll_year":2025}},{"type":"Feature","id":"fe7054ca-79a8-4809-8533-b8f6e43d180a","geometry":{"type":"Point","coordinates":[-94.82845477530567,29.509155708632203]},"properties":{"substrate":"Mud","lease_number":null,"poll_year":2025}},{"type":"Feature","id":"fe70a42e-0f35-4269-9bab-f2604c6ad061","geometry":{"type":"Point","coordinates":[-94.82588170298959,29.513611776723952]},"properties":{"substrate":"Mud","lease_number":null,"poll_year":2025}},{"type":"Feature","id":"fe88dcfb-c7a0-4ea7-b3c1-23bfd2156e9d","geometry":{"type":"Point","coordinates":[-94.81227592839248,29.507236334680098]},"properties":{"substrate":"Solid Reef","lease_number":null,"poll_year":2025}},{"type":"Feature","id":"febc764f-997c-4b22-9165-3eda1c082689","geometry":{"type":"Point","coordinates":[-94.81978662929528,29.51370562014114]},"properties":{"substrate":"Mud","lease_number":null,"poll_year":2025}},{"type":"Feature","id":"fee8f634-ebe8-40d3-a7a0-6a1321c60bd4","geometry":{"type":"Point","coordinates":[-94.82686133107829,29.50930710316703]},"properties":{"substrate":"Buried Shell","lease_number":null,"poll_year":2025}},{"type":"Feature","id":"feede173-e359-400a-bfb9-6820938f03ab","geometry":{"type":"Point","coordinates":[-94.82514121541269,29.514998572240724]},"properties":{"substrate":"Mud","lease_number":null,"poll_year":2025}},{"type":"Feature","id":"fefbe4e7-08f2-4e6c-aa2c-5c0511bf219c","geometry":{"type":"Point","coordinates":[-94.8139800648258,29.51421349395515]},"properties":{"substrate":"Mud","lease_number":null,"poll_year":2025}},{"type":"Feature","id":"ff227cad-090a-4c02-9d38-9eac6deb020f","geometry":{"type":"Point","coordinates":[-94.83042205882843,29.509364106000643]},"properties":{"substrate":"Mud","lease_number":null,"poll_year":2025}},{"type":"Feature","id":"ff2c23c2-6525-4529-85df-340d211f3be8","geometry":{"type":"Point","coordinates":[-94.82737566418916,29.510153820302836]},"properties":{"substrate":"Mud","lease_number":null,"poll_year":2025}},{"type":"Feature","id":"ffa5f0a4-0e68-4d32-a1db-eb65e38ff92d","geometry":{"type":"Point","coordinates":[-94.81461206466247,29.514767304951448]},"properties":{"substrate":"Mud","lease_number":null,"poll_year":2025}},{"type":"Feature","id":"ffb7f340-c24d-4989-a15d-b7eff25653b6","geometry":{"type":"Point","coordinates":[-94.83191316877529,29.506106609230706]},"properties":{"substrate":"Mud","lease_number":null,"poll_year":2025}},{"type":"Feature","id":"ffba4fc8-f7ae-4f28-b859-cafb8f3a954a","geometry":{"type":"Point","coordinates":[-94.82873431485243,29.51534549289977]},"properties":{"substrate":"Mud","lease_number":null,"poll_year":2025}},{"type":"Feature","id":"ffca397a-2494-424b-8910-10d59c0cde7a","geometry":{"type":"Point","coordinates":[-94.82251592492746,29.51035703636495]},"properties":{"substrate":"Mud","lease_number":null,"poll_year":2025}},{"type":"Feature","id":"ffcdeb77-2ff9-471a-8a07-4fc2d563b722","geometry":{"type":"Point","coordinates":[-94.8228706893961,29.510214847237222]},"properties":{"substrate":"Mud","lease_number":null,"poll_year":2025}},{"type":"Feature","id":"ffea2e31-d59b-438e-b7ad-352633ebbcc1","geometry":{"type":"Point","coordinates":[-94.82332271715549,29.51394480269112]},"properties":{"substrate":"Mud","lease_number":null,"poll_year":2025}}]}