{"type":"FeatureCollection","features":[{"type":"Feature","id":"00127b69-a9ce-4ff9-9a87-c691e3740c51","geometry":{"type":"Point","coordinates":[-94.81321770327172,29.521875887338293]},"properties":{"substrate":"Mud","lease_number":null,"poll_year":2025}},{"type":"Feature","id":"00b38c2e-f3b3-4faf-9f30-d9aa2921cdc9","geometry":{"type":"Point","coordinates":[-94.81354361475175,29.518815296190578]},"properties":{"substrate":"Mud","lease_number":null,"poll_year":2025}},{"type":"Feature","id":"023d0e04-a5fa-4b65-9fe3-cb20845698a3","geometry":{"type":"Point","coordinates":[-94.82301925996431,29.516511774303947]},"properties":{"substrate":"Mud","lease_number":null,"poll_year":2025}},{"type":"Feature","id":"028eae30-ccae-49b9-81ad-e186869eeac6","geometry":{"type":"Point","coordinates":[-94.81234364429692,29.52326703218405]},"properties":{"substrate":"Mud","lease_number":null,"poll_year":2025}},{"type":"Feature","id":"02c40f91-deb3-46cb-9378-99c3cc15b5d3","geometry":{"type":"Point","coordinates":[-94.81215916806678,29.523925811704952]},"properties":{"substrate":"Mud","lease_number":null,"poll_year":2025}},{"type":"Feature","id":"02c9a928-014f-49c1-b786-5da801186df8","geometry":{"type":"Point","coordinates":[-94.81506138040803,29.520271406221937]},"properties":{"substrate":"Mud","lease_number":null,"poll_year":2025}},{"type":"Feature","id":"02fbc4c2-aa05-4f34-ae9e-68bdc85435f7","geometry":{"type":"Point","coordinates":[-94.81542972111556,29.518842105662394]},"properties":{"substrate":"Mud","lease_number":null,"poll_year":2025}},{"type":"Feature","id":"03204fa2-55d2-4616-ac95-a5264cab9af2","geometry":{"type":"Point","coordinates":[-94.81464736396157,29.516813997062464]},"properties":{"substrate":"Solid Reef","lease_number":null,"poll_year":2025}},{"type":"Feature","id":"0374ea8a-6304-4eb7-8830-f0b0f7cf3cbf","geometry":{"type":"Point","coordinates":[-94.81255071495305,29.520036062696207]},"properties":{"substrate":"Mud","lease_number":null,"poll_year":2025}},{"type":"Feature","id":"037bb8f2-bbb2-453e-9587-20e767b1caa1","geometry":{"type":"Point","coordinates":[-94.82639016111851,29.51699355030204]},"properties":{"substrate":"Mud","lease_number":null,"poll_year":2025}},{"type":"Feature","id":"0398b531-37d6-4695-a485-4c9433000348","geometry":{"type":"Point","coordinates":[-94.81241770320555,29.51776257479652]},"properties":{"substrate":"Mud","lease_number":null,"poll_year":2025}},{"type":"Feature","id":"0428dd68-e2ee-4cf5-92a4-a922994eabd8","geometry":{"type":"Point","coordinates":[-94.81728703737282,29.5162312920777]},"properties":{"substrate":"Mud","lease_number":null,"poll_year":2025}},{"type":"Feature","id":"04a1bb61-2ade-425f-86ab-daffd4559a17","geometry":{"type":"Point","coordinates":[-94.82427477055822,29.517410294356324]},"properties":{"substrate":"Mud","lease_number":null,"poll_year":2025}},{"type":"Feature","id":"052a59a0-c50b-473a-a7a4-d655c03a0d16","geometry":{"type":"Point","coordinates":[-94.81251073812628,29.51724412022436]},"properties":{"substrate":"Buried Shell","lease_number":null,"poll_year":2025}},{"type":"Feature","id":"05b6015e-1c6d-4a25-af6c-7fbff7fa6ee4","geometry":{"type":"Point","coordinates":[-94.81261750020285,29.51896749237956]},"properties":{"substrate":"Mud","lease_number":null,"poll_year":2025}},{"type":"Feature","id":"05d23627-2660-480c-b7bb-7d3ce71657fa","geometry":{"type":"Point","coordinates":[-94.81789168440739,29.516327381315048]},"properties":{"substrate":"Mud","lease_number":null,"poll_year":2025}},{"type":"Feature","id":"06703411-fa56-4c4c-85a2-b7e6f932c000","geometry":{"type":"Point","coordinates":[-94.82810039801092,29.51672686919724]},"properties":{"substrate":"Mud","lease_number":null,"poll_year":2025}},{"type":"Feature","id":"07057fae-600f-4f29-a1f7-ed279cd10e95","geometry":{"type":"Point","coordinates":[-94.81324620861231,29.52078174537814]},"properties":{"substrate":"Mud","lease_number":null,"poll_year":2025}},{"type":"Feature","id":"07d59150-615e-4395-8bc4-05de34bf63d2","geometry":{"type":"Point","coordinates":[-94.81657929069306,29.51856655467075]},"properties":{"substrate":"Mud","lease_number":null,"poll_year":2025}},{"type":"Feature","id":"0801019d-24bf-4449-8bcd-3f549f44c443","geometry":{"type":"Point","coordinates":[-94.81249419115875,29.516978548262667]},"properties":{"substrate":"Mud","lease_number":null,"poll_year":2025}},{"type":"Feature","id":"0821ea70-ddc1-4b29-b15c-b23c8923e7ba","geometry":{"type":"Point","coordinates":[-94.81500803485321,29.520663313297824]},"properties":{"substrate":"Mud","lease_number":null,"poll_year":2025}},{"type":"Feature","id":"08c747cf-093f-4f18-95e5-65041684458e","geometry":{"type":"Point","coordinates":[-94.81465824794954,29.516303849743956]},"properties":{"substrate":"Buried Shell","lease_number":null,"poll_year":2025}},{"type":"Feature","id":"090c0f77-b508-44fa-81d2-3b838c69713e","geometry":{"type":"Point","coordinates":[-94.81534974320749,29.517822477725723]},"properties":{"substrate":"Mud","lease_number":null,"poll_year":2025}},{"type":"Feature","id":"090c4ca0-7afb-4b3a-b337-21f8826b18b1","geometry":{"type":"Point","coordinates":[-94.81297738776354,29.51676558175804]},"properties":{"substrate":"Buried Shell","lease_number":null,"poll_year":2025}},{"type":"Feature","id":"091b08bb-04cd-41f9-8aa1-d790904a4213","geometry":{"type":"Point","coordinates":[-94.8130520584249,29.523186497048428]},"properties":{"substrate":"Mud","lease_number":null,"poll_year":2025}},{"type":"Feature","id":"0998d433-cb0c-4a67-9fdb-257e8eb6c3a9","geometry":{"type":"Point","coordinates":[-94.81230868096773,29.520646742941906]},"properties":{"substrate":"Mud","lease_number":null,"poll_year":2025}},{"type":"Feature","id":"09f2487b-975f-447b-a954-11bbdf4d1282","geometry":{"type":"Point","coordinates":[-94.81555340296049,29.518492174113284]},"properties":{"substrate":"Mud","lease_number":null,"poll_year":2025}},{"type":"Feature","id":"09f92d6e-6700-46cf-bcd0-7c242175d724","geometry":{"type":"Point","coordinates":[-94.82438247496752,29.517083302959826]},"properties":{"substrate":"Mud","lease_number":null,"poll_year":2025}},{"type":"Feature","id":"09fa2663-ae9a-4f7b-b56e-31c2741517bf","geometry":{"type":"Point","coordinates":[-94.82540947301779,29.517591765655553]},"properties":{"substrate":"Mud","lease_number":null,"poll_year":2025}},{"type":"Feature","id":"09fbc6f2-8028-4556-b299-2461a9a1b559","geometry":{"type":"Point","coordinates":[-94.81717201618551,29.516278666375896]},"properties":{"substrate":"Mud","lease_number":null,"poll_year":2025}},{"type":"Feature","id":"0a0f4c31-98db-4776-a3c6-3560e211d31f","geometry":{"type":"Point","coordinates":[-94.81399880727588,29.520991733783877]},"properties":{"substrate":"Mud","lease_number":null,"poll_year":2025}},{"type":"Feature","id":"0acafb90-9cc3-484e-a109-4a60faac482b","geometry":{"type":"Point","coordinates":[-94.81577407500836,29.519446486328942]},"properties":{"substrate":"Mud","lease_number":null,"poll_year":2025}},{"type":"Feature","id":"0ae5b552-8bf6-4b78-bd84-f7173ac8cf46","geometry":{"type":"Point","coordinates":[-94.81314375036428,29.517237414624354]},"properties":{"substrate":"Mud","lease_number":null,"poll_year":2025}},{"type":"Feature","id":"0aee200e-12f9-4cc2-9ac1-07f8b6fac64d","geometry":{"type":"Point","coordinates":[-94.8134958639045,29.51808634489931]},"properties":{"substrate":"Mud","lease_number":null,"poll_year":2025}},{"type":"Feature","id":"0b405974-0469-4fda-9cd0-ff51002161ae","geometry":{"type":"Point","coordinates":[-94.81404637486682,29.516304145237104]},"properties":{"substrate":"Buried Shell","lease_number":null,"poll_year":2025}},{"type":"Feature","id":"0b534eae-deb3-451c-9551-9a252d3bcf07","geometry":{"type":"Point","coordinates":[-94.81525664091313,29.51837735477088]},"properties":{"substrate":"Mud","lease_number":null,"poll_year":2025}},{"type":"Feature","id":"0b588d0a-d6c9-4dcf-a79d-40a1cc6fbc63","geometry":{"type":"Point","coordinates":[-94.82640725156679,29.517304612095813]},"properties":{"substrate":"Mud","lease_number":null,"poll_year":2025}},{"type":"Feature","id":"0bb04249-4864-4a30-9738-490baa56f751","geometry":{"type":"Point","coordinates":[-94.81361410106052,29.522785751934418]},"properties":{"substrate":"Mud","lease_number":null,"poll_year":2025}},{"type":"Feature","id":"0bc660b5-b157-4864-903a-4d7f6372fad3","geometry":{"type":"Point","coordinates":[-94.82394211362872,29.516262011657112]},"properties":{"substrate":"Mud","lease_number":null,"poll_year":2025}},{"type":"Feature","id":"0c0aead3-b6ba-4925-89ba-e3849f797a7a","geometry":{"type":"Point","coordinates":[-94.81524621057436,29.519671809026267]},"properties":{"substrate":"Mud","lease_number":null,"poll_year":2025}},{"type":"Feature","id":"0c53b559-f365-49c9-8cc9-5471a7bb0f26","geometry":{"type":"Point","coordinates":[-94.81553148766082,29.517738016383205]},"properties":{"substrate":"Mud","lease_number":null,"poll_year":2025}},{"type":"Feature","id":"0c5abd9e-31ab-4e48-8116-ac4717717538","geometry":{"type":"Point","coordinates":[-94.81548487318241,29.520078301797668]},"properties":{"substrate":"Mud","lease_number":null,"poll_year":2025}},{"type":"Feature","id":"0c5cde02-3ea8-4ab9-b852-e6eb61b21136","geometry":{"type":"Point","coordinates":[-94.81425380574738,29.51905413834781]},"properties":{"substrate":"Mud","lease_number":null,"poll_year":2025}},{"type":"Feature","id":"0cac868a-7378-4939-893b-55a8b9da915b","geometry":{"type":"Point","coordinates":[-94.81280777236316,29.518887113290095]},"properties":{"substrate":"Mud","lease_number":null,"poll_year":2025}},{"type":"Feature","id":"0d1cc6da-ba35-40b5-8307-0f87967bd67a","geometry":{"type":"Point","coordinates":[-94.82762920379663,29.517367819625328]},"properties":{"substrate":"Mud","lease_number":null,"poll_year":2025}},{"type":"Feature","id":"0d49153c-a6fb-4d6b-a9a3-34155fc6a452","geometry":{"type":"Point","coordinates":[-94.8262651946827,29.51736002822481]},"properties":{"substrate":"Mud","lease_number":null,"poll_year":2025}},{"type":"Feature","id":"0d4d9135-2b9a-4205-b125-db781d101ed1","geometry":{"type":"Point","coordinates":[-94.81258724135081,29.518220734761602]},"properties":{"substrate":"Mud","lease_number":null,"poll_year":2025}},{"type":"Feature","id":"0d971a85-666e-494f-bdb0-77278ebbd576","geometry":{"type":"Point","coordinates":[-94.8280993379989,29.51633780174522]},"properties":{"substrate":"Mud","lease_number":null,"poll_year":2025}},{"type":"Feature","id":"0e00ee28-f408-4d6e-83a2-c1baef344eaf","geometry":{"type":"Point","coordinates":[-94.81298347564622,29.52085844900684]},"properties":{"substrate":"Mud","lease_number":null,"poll_year":2025}},{"type":"Feature","id":"0e085ba1-1497-4928-a20b-1d0b8b475011","geometry":{"type":"Point","coordinates":[-94.81560933566334,29.519513290700175]},"properties":{"substrate":"Mud","lease_number":null,"poll_year":2025}},{"type":"Feature","id":"0e405697-75b9-46d0-90d7-b6a96a36f4c4","geometry":{"type":"Point","coordinates":[-94.81749092439958,29.517020700305718]},"properties":{"substrate":"Mud","lease_number":null,"poll_year":2025}},{"type":"Feature","id":"0e560f0a-b17a-4db2-b83e-4a112fef3d45","geometry":{"type":"Point","coordinates":[-94.82503252285656,29.51627837088268]},"properties":{"substrate":"Mud","lease_number":null,"poll_year":2025}},{"type":"Feature","id":"0eb0f65d-701e-44ab-bda5-e97d5f64a0c9","geometry":{"type":"Point","coordinates":[-94.81317862835348,29.516143729069384]},"properties":{"substrate":"Solid Reef","lease_number":null,"poll_year":2025}},{"type":"Feature","id":"0eb98ef0-c74f-404e-a02d-ad995afcefda","geometry":{"type":"Point","coordinates":[-94.81477783886668,29.520413281831914]},"properties":{"substrate":"Mud","lease_number":null,"poll_year":2025}},{"type":"Feature","id":"0ed1db39-6de6-401d-bd9d-2c2f28538ca3","geometry":{"type":"Point","coordinates":[-94.81291587292952,29.523647992077684]},"properties":{"substrate":"Mud","lease_number":null,"poll_year":2025}},{"type":"Feature","id":"0ef780d4-6abc-4a2e-bcd0-cfdfdc621fd4","geometry":{"type":"Point","coordinates":[-94.81210685737116,29.52451165297367]},"properties":{"substrate":"Mud","lease_number":null,"poll_year":2025}},{"type":"Feature","id":"0f1cf90c-65f5-46e5-935d-35c4c97890ba","geometry":{"type":"Point","coordinates":[-94.81652896707085,29.518965485736828]},"properties":{"substrate":"Mud","lease_number":null,"poll_year":2025}},{"type":"Feature","id":"0f8edbe2-44bd-4c15-9e3d-fdca1152f812","geometry":{"type":"Point","coordinates":[-94.8235246368718,29.516439424726137]},"properties":{"substrate":"Mud","lease_number":null,"poll_year":2025}},{"type":"Feature","id":"104ac3b7-7d8c-40b1-89c0-09012aea4057","geometry":{"type":"Point","coordinates":[-94.81784564574909,29.516989505669237]},"properties":{"substrate":"Mud","lease_number":null,"poll_year":2025}},{"type":"Feature","id":"10a51e1e-65b3-4859-b713-104589e47c24","geometry":{"type":"Point","coordinates":[-94.81334947983568,29.518400552850643]},"properties":{"substrate":"Mud","lease_number":null,"poll_year":2025}},{"type":"Feature","id":"10eff062-5b2a-4ba3-8c73-35ae26e47879","geometry":{"type":"Point","coordinates":[-94.81679699830048,29.5164393668783]},"properties":{"substrate":"Mud","lease_number":null,"poll_year":2025}},{"type":"Feature","id":"11e5b43c-161e-40d6-b7d0-0b60549debc2","geometry":{"type":"Point","coordinates":[-94.813329373743,29.518666147658678]},"properties":{"substrate":"Mud","lease_number":null,"poll_year":2025}},{"type":"Feature","id":"1233858b-81e6-4e42-b859-954369fb8e08","geometry":{"type":"Point","coordinates":[-94.81334501071716,29.52182832571092]},"properties":{"substrate":"Mud","lease_number":null,"poll_year":2025}},{"type":"Feature","id":"1251db11-d0bb-48f8-9090-2c73e0ac6541","geometry":{"type":"Point","coordinates":[-94.81252076871475,29.51749548609766]},"properties":{"substrate":"Mud","lease_number":null,"poll_year":2025}},{"type":"Feature","id":"126bf9ac-536c-489b-aa32-a7ba9a91c717","geometry":{"type":"Point","coordinates":[-94.81732218934818,29.516714825946526]},"properties":{"substrate":"Mud","lease_number":null,"poll_year":2025}},{"type":"Feature","id":"127ecb0f-c6b8-4fb5-bbd4-80bce70811e7","geometry":{"type":"Point","coordinates":[-94.81282774730182,29.52227406432302]},"properties":{"substrate":"Mud","lease_number":null,"poll_year":2025}},{"type":"Feature","id":"129f0d5f-df97-438a-b3ba-b30219e70de9","geometry":{"type":"Point","coordinates":[-94.81216961098197,29.521719319645186]},"properties":{"substrate":"Mud","lease_number":null,"poll_year":2025}},{"type":"Feature","id":"136dcd11-80cc-46d0-b1ca-cfb4d3ed1628","geometry":{"type":"Point","coordinates":[-94.81360968404427,29.520102834628602]},"properties":{"substrate":"Mud","lease_number":null,"poll_year":2025}},{"type":"Feature","id":"138e682c-db7f-4ab6-a643-fdc72fc59131","geometry":{"type":"Point","coordinates":[-94.8147414526061,29.51988787589158]},"properties":{"substrate":"Mud","lease_number":null,"poll_year":2025}},{"type":"Feature","id":"13ca72c6-e635-4082-9842-3692acdb5d3b","geometry":{"type":"Point","coordinates":[-94.81206312378987,29.517683890294723]},"properties":{"substrate":"Mud","lease_number":null,"poll_year":2025}},{"type":"Feature","id":"148de6fd-2ecf-476f-9868-dd15be82da4b","geometry":{"type":"Point","coordinates":[-94.81641203516692,29.51740034228654]},"properties":{"substrate":"Mud","lease_number":null,"poll_year":2025}},{"type":"Feature","id":"14af24c7-9a25-4345-8835-b53b6c509370","geometry":{"type":"Point","coordinates":[-94.81530086497456,29.517587045642347]},"properties":{"substrate":"Mud","lease_number":null,"poll_year":2025}},{"type":"Feature","id":"14b9cd3e-5053-46aa-8ed8-43287f27d01a","geometry":{"type":"Point","coordinates":[-94.81228343202005,29.523021949689888]},"properties":{"substrate":"Mud","lease_number":null,"poll_year":2025}},{"type":"Feature","id":"1550a9b6-08c0-42c1-9934-eea952246d4f","geometry":{"type":"Point","coordinates":[-94.81334671931283,29.521246278078756]},"properties":{"substrate":"Mud","lease_number":null,"poll_year":2025}},{"type":"Feature","id":"1577b6c6-7f55-4e48-8cd9-1beff657cd3c","geometry":{"type":"Point","coordinates":[-94.82479533528222,29.516217464081684]},"properties":{"substrate":"Mud","lease_number":null,"poll_year":2025}},{"type":"Feature","id":"158bcc4e-9fc6-43fb-a83d-d54924299add","geometry":{"type":"Point","coordinates":[-94.81272321304718,29.51996633276841]},"properties":{"substrate":"Mud","lease_number":null,"poll_year":2025}},{"type":"Feature","id":"160133d9-d28e-47a4-ae40-414b1cea16f2","geometry":{"type":"Point","coordinates":[-94.81306717617282,29.522474499844563]},"properties":{"substrate":"Mud","lease_number":null,"poll_year":2025}},{"type":"Feature","id":"164f00ee-8e4d-4a12-b7be-97494e72cfa0","geometry":{"type":"Point","coordinates":[-94.82620494198164,29.51633094521173]},"properties":{"substrate":"Mud","lease_number":null,"poll_year":2025}},{"type":"Feature","id":"166d63d8-fa69-4d50-a614-2d26e8095e0f","geometry":{"type":"Point","coordinates":[-94.81625238298139,29.518554241948877]},"properties":{"substrate":"Mud","lease_number":null,"poll_year":2025}},{"type":"Feature","id":"17eb91c5-cb3d-494d-ab37-9759f1b493db","geometry":{"type":"Point","coordinates":[-94.81351542741477,29.518589820715917]},"properties":{"substrate":"Mud","lease_number":null,"poll_year":2025}},{"type":"Feature","id":"18e6887a-0d38-494b-8869-7cd971278737","geometry":{"type":"Point","coordinates":[-94.8154664523292,29.518298477664096]},"properties":{"substrate":"Mud","lease_number":null,"poll_year":2025}},{"type":"Feature","id":"19f9545d-0532-40e0-9269-871e69a794c0","geometry":{"type":"Point","coordinates":[-94.82587468265564,29.518079861361976]},"properties":{"substrate":"Mud","lease_number":null,"poll_year":2025}},{"type":"Feature","id":"1a5f93fc-adcb-4f5f-920b-ef96908c6589","geometry":{"type":"Point","coordinates":[-94.81318271568804,29.519247199387696]},"properties":{"substrate":"Mud","lease_number":null,"poll_year":2025}},{"type":"Feature","id":"1a749c0b-aaf3-4957-b619-aea8a5cd1630","geometry":{"type":"Point","coordinates":[-94.81214591162814,29.524105847902412]},"properties":{"substrate":"Mud","lease_number":null,"poll_year":2025}},{"type":"Feature","id":"1a9e16e1-1438-4f1f-9cc3-dc7d734e06b9","geometry":{"type":"Point","coordinates":[-94.81297884932252,29.520623253805034]},"properties":{"substrate":"Mud","lease_number":null,"poll_year":2025}},{"type":"Feature","id":"1afe1686-6871-4db7-8eeb-b0e4a03679b8","geometry":{"type":"Point","coordinates":[-94.81203216425192,29.521787944624943]},"properties":{"substrate":"Mud","lease_number":null,"poll_year":2025}},{"type":"Feature","id":"1b2c30d7-bbbd-4955-9cad-748113b35747","geometry":{"type":"Point","coordinates":[-94.81418100537844,29.51649115470691]},"properties":{"substrate":"Buried Shell","lease_number":null,"poll_year":2025}},{"type":"Feature","id":"1c1b23af-c219-4f63-b489-f4779605793e","geometry":{"type":"Point","coordinates":[-94.81516668631551,29.516337724354212]},"properties":{"substrate":"Buried Shell","lease_number":null,"poll_year":2025}},{"type":"Feature","id":"1c7366ea-a417-4dcc-b6c3-55de58e325db","geometry":{"type":"Point","coordinates":[-94.81488609843484,29.52085157480069]},"properties":{"substrate":"Mud","lease_number":null,"poll_year":2025}},{"type":"Feature","id":"1d3d02aa-c706-44f6-b11d-dff4689fa9b7","geometry":{"type":"Point","coordinates":[-94.81773531197095,29.516366262881736]},"properties":{"substrate":"Mud","lease_number":null,"poll_year":2025}},{"type":"Feature","id":"1dbc8e2e-f8f0-4fa8-bbd3-d31d4b86afab","geometry":{"type":"Point","coordinates":[-94.8254631940684,29.517571247901888]},"properties":{"substrate":"Mud","lease_number":null,"poll_year":2025}},{"type":"Feature","id":"1dc4a27a-786d-44ce-bdbc-3d57bb2b9634","geometry":{"type":"Point","coordinates":[-94.82618445320664,29.51684974998403]},"properties":{"substrate":"Mud","lease_number":null,"poll_year":2025}},{"type":"Feature","id":"1df50ee9-48ed-40c6-b2a3-0c3a040b150b","geometry":{"type":"Point","coordinates":[-94.82665155559484,29.51689084909932]},"properties":{"substrate":"Mud","lease_number":null,"poll_year":2025}},{"type":"Feature","id":"1dfa5712-2b2e-4479-b769-ad65fb90d0fa","geometry":{"type":"Point","coordinates":[-94.8142955190176,29.516969466989607]},"properties":{"substrate":"Mud","lease_number":null,"poll_year":2025}},{"type":"Feature","id":"1e3c5d38-6715-4f72-870c-1578d5bdd029","geometry":{"type":"Point","coordinates":[-94.82774843898092,29.51728937167784]},"properties":{"substrate":"Mud","lease_number":null,"poll_year":2025}},{"type":"Feature","id":"1e8065ad-323f-4a23-bae3-e68336ae0e75","geometry":{"type":"Point","coordinates":[-94.81242451513036,29.51675957420621]},"properties":{"substrate":"Buried Shell","lease_number":null,"poll_year":2025}},{"type":"Feature","id":"1ec8a436-5db6-41db-bca5-a68e647469c2","geometry":{"type":"Point","coordinates":[-94.81391445816566,29.520509038004516]},"properties":{"substrate":"Mud","lease_number":null,"poll_year":2025}},{"type":"Feature","id":"1fc33ed3-8b07-46aa-9161-cb661a361f78","geometry":{"type":"Point","coordinates":[-94.81675392138766,29.516701538188457]},"properties":{"substrate":"Mud","lease_number":null,"poll_year":2025}},{"type":"Feature","id":"1fd5edd3-7ff3-4df4-ae87-41abea69b294","geometry":{"type":"Point","coordinates":[-94.82415076442145,29.516671669259363]},"properties":{"substrate":"Mud","lease_number":null,"poll_year":2025}},{"type":"Feature","id":"20215603-ad48-4472-a8dd-ae8b41daf7d3","geometry":{"type":"Point","coordinates":[-94.81234753669703,29.51982639280448]},"properties":{"substrate":"Mud","lease_number":null,"poll_year":2025}},{"type":"Feature","id":"2023a3ed-d7ff-4a48-bf31-6866ad91ad52","geometry":{"type":"Point","coordinates":[-94.82567649633768,29.51705587937024]},"properties":{"substrate":"Mud","lease_number":null,"poll_year":2025}},{"type":"Feature","id":"20377fbd-7c69-47ad-803b-d2394a1762d9","geometry":{"type":"Point","coordinates":[-94.81305599484249,29.51983334681369]},"properties":{"substrate":"Mud","lease_number":null,"poll_year":2025}},{"type":"Feature","id":"2058c6c7-e5f8-4d20-9801-daf80c4074a0","geometry":{"type":"Point","coordinates":[-94.8154193806083,29.517256391674508]},"properties":{"substrate":"Mud","lease_number":null,"poll_year":2025}},{"type":"Feature","id":"2103b4f2-ce25-4b5a-ae3f-ca02557729c1","geometry":{"type":"Point","coordinates":[-94.81380689030027,29.517187582262114]},"properties":{"substrate":"Mud","lease_number":null,"poll_year":2025}},{"type":"Feature","id":"2140ddc1-bcf2-4413-93de-e707be8b2bfa","geometry":{"type":"Point","coordinates":[-94.81565172356834,29.51742754377455]},"properties":{"substrate":"Mud","lease_number":null,"poll_year":2025}},{"type":"Feature","id":"21427e89-273f-4466-90cc-4f798bc99275","geometry":{"type":"Point","coordinates":[-94.82667625836683,29.51755673999412]},"properties":{"substrate":"Mud","lease_number":null,"poll_year":2025}},{"type":"Feature","id":"2227e9eb-58b3-429a-aa5f-5b24d6758e62","geometry":{"type":"Point","coordinates":[-94.82539697116397,29.517704021857295]},"properties":{"substrate":"Mud","lease_number":null,"poll_year":2025}},{"type":"Feature","id":"2232ec94-03b9-4370-939e-85eaf90d0eae","geometry":{"type":"Point","coordinates":[-94.81692382065566,29.516895680931462]},"properties":{"substrate":"Mud","lease_number":null,"poll_year":2025}},{"type":"Feature","id":"22663185-fdbe-4fb7-950a-a52c585e8f01","geometry":{"type":"Point","coordinates":[-94.8133488393369,29.523376091299507]},"properties":{"substrate":"Mud","lease_number":null,"poll_year":2025}},{"type":"Feature","id":"22bef2ea-0119-4e25-ad94-6e4de0cc2be8","geometry":{"type":"Point","coordinates":[-94.82561481531532,29.51695806634395]},"properties":{"substrate":"Mud","lease_number":null,"poll_year":2025}},{"type":"Feature","id":"22dd276e-be58-4efa-9d35-3834a0ea62a5","geometry":{"type":"Point","coordinates":[-94.8121529912509,29.517884249701805]},"properties":{"substrate":"Mud","lease_number":null,"poll_year":2025}},{"type":"Feature","id":"23095c38-1ceb-47e3-a209-62f0eb6b5335","geometry":{"type":"Point","coordinates":[-94.81265302497907,29.517443973166458]},"properties":{"substrate":"Mud","lease_number":null,"poll_year":2025}},{"type":"Feature","id":"232cf771-d67f-4fb5-8f03-c76970651878","geometry":{"type":"Point","coordinates":[-94.82396925712335,29.516139044948154]},"properties":{"substrate":"Mud","lease_number":null,"poll_year":2025}},{"type":"Feature","id":"2366b29c-5d4d-4643-b0f0-85659017d16d","geometry":{"type":"Point","coordinates":[-94.81566762734214,29.516653645804414]},"properties":{"substrate":"Mud","lease_number":null,"poll_year":2025}},{"type":"Feature","id":"23720d39-4248-4434-aeb2-a1ca17e8f4e6","geometry":{"type":"Point","coordinates":[-94.82426341136146,29.516623815947412]},"properties":{"substrate":"Mud","lease_number":null,"poll_year":2025}},{"type":"Feature","id":"239fb014-5e22-4c2a-b3aa-672f82bba0d6","geometry":{"type":"Point","coordinates":[-94.81344200541166,29.520706962313206]},"properties":{"substrate":"Mud","lease_number":null,"poll_year":2025}},{"type":"Feature","id":"23afa05b-b893-425d-b8fd-a748eebd030d","geometry":{"type":"Point","coordinates":[-94.81204066860272,29.525008001685396]},"properties":{"substrate":"Mud","lease_number":null,"poll_year":2025}},{"type":"Feature","id":"23cccac3-d32d-4e56-bef3-bd4fd2816b6b","geometry":{"type":"Point","coordinates":[-94.81671146880397,29.517998361370076]},"properties":{"substrate":"Mud","lease_number":null,"poll_year":2025}},{"type":"Feature","id":"23d12ee6-c929-49b9-a1d3-9ce9fb0dab34","geometry":{"type":"Point","coordinates":[-94.81230442295329,29.51704777838366]},"properties":{"substrate":"Mud","lease_number":null,"poll_year":2025}},{"type":"Feature","id":"2464c2df-04e7-46cc-b9df-5d4e7b3f53b6","geometry":{"type":"Point","coordinates":[-94.81530059009009,29.516283972746212]},"properties":{"substrate":"Mud","lease_number":null,"poll_year":2025}},{"type":"Feature","id":"248c6156-6c4d-4038-ac35-e2905ef88b13","geometry":{"type":"Point","coordinates":[-94.81570305060873,29.52032037407215]},"properties":{"substrate":"Mud","lease_number":null,"poll_year":2025}},{"type":"Feature","id":"2515f222-4012-48c5-b340-fd3c7f025ff9","geometry":{"type":"Point","coordinates":[-94.8145966136396,29.519432722871947]},"properties":{"substrate":"Mud","lease_number":null,"poll_year":2025}},{"type":"Feature","id":"25a8a5b7-4df1-4f12-88b5-73138d45c0b3","geometry":{"type":"Point","coordinates":[-94.82632218829592,29.51628158769383]},"properties":{"substrate":"Mud","lease_number":null,"poll_year":2025}},{"type":"Feature","id":"261831cd-33fb-411c-be6d-30513abf0f57","geometry":{"type":"Point","coordinates":[-94.8144041271321,29.519258798328487]},"properties":{"substrate":"Mud","lease_number":null,"poll_year":2025}},{"type":"Feature","id":"2669d680-4c3f-4e25-bbe0-48b08a21f42b","geometry":{"type":"Point","coordinates":[-94.82402969487735,29.517347919384978]},"properties":{"substrate":"Mud","lease_number":null,"poll_year":2025}},{"type":"Feature","id":"2680dbad-897a-4229-9f38-343d8975eff1","geometry":{"type":"Point","coordinates":[-94.81380964363662,29.517385094847512]},"properties":{"substrate":"Mud","lease_number":null,"poll_year":2025}},{"type":"Feature","id":"27136723-3b81-48d1-b7d3-c807f5c7ba8c","geometry":{"type":"Point","coordinates":[-94.81259334630148,29.51950638591623]},"properties":{"substrate":"Mud","lease_number":null,"poll_year":2025}},{"type":"Feature","id":"274a67b1-256f-4084-bce0-57ddaad99495","geometry":{"type":"Point","coordinates":[-94.81414762398249,29.520943171175038]},"properties":{"substrate":"Mud","lease_number":null,"poll_year":2025}},{"type":"Feature","id":"276e8ac2-f04a-454c-9591-43a636b76e24","geometry":{"type":"Point","coordinates":[-94.82592362826222,29.516448292635346]},"properties":{"substrate":"Mud","lease_number":null,"poll_year":2025}},{"type":"Feature","id":"27b81a74-16f0-451e-9b45-bb74416ddd6a","geometry":{"type":"Point","coordinates":[-94.81760843841178,29.51640587691187]},"properties":{"substrate":"Mud","lease_number":null,"poll_year":2025}},{"type":"Feature","id":"27c4be83-cf91-48d9-8df6-9377a2595529","geometry":{"type":"Point","coordinates":[-94.81218112558727,29.517098648941246]},"properties":{"substrate":"Mud","lease_number":null,"poll_year":2025}},{"type":"Feature","id":"28024b2b-9a7a-43d3-abf6-b27e03315b79","geometry":{"type":"Point","coordinates":[-94.8155840606645,29.516446395384403]},"properties":{"substrate":"Mud","lease_number":null,"poll_year":2025}},{"type":"Feature","id":"287b5c23-723d-43b8-8bd9-48f125e9a852","geometry":{"type":"Point","coordinates":[-94.81413397677669,29.521169714666673]},"properties":{"substrate":"Mud","lease_number":null,"poll_year":2025}},{"type":"Feature","id":"28ccd8e6-1ec4-41f6-9168-1860d8d0b970","geometry":{"type":"Point","coordinates":[-94.81533414216595,29.52014127933878]},"properties":{"substrate":"Mud","lease_number":null,"poll_year":2025}},{"type":"Feature","id":"28dc971c-d6e1-43da-8518-7ba44aa89237","geometry":{"type":"Point","coordinates":[-94.81280123532285,29.520705953146404]},"properties":{"substrate":"Mud","lease_number":null,"poll_year":2025}},{"type":"Feature","id":"28f764b9-1ec2-4373-95ce-810ba91086b9","geometry":{"type":"Point","coordinates":[-94.81363147268148,29.52087340982295]},"properties":{"substrate":"Mud","lease_number":null,"poll_year":2025}},{"type":"Feature","id":"29bd2be2-5db5-4822-a2b2-b530be61e576","geometry":{"type":"Point","coordinates":[-94.8174874281565,29.516445028144172]},"properties":{"substrate":"Mud","lease_number":null,"poll_year":2025}},{"type":"Feature","id":"29d329aa-fd67-4301-918d-6d90d30c7481","geometry":{"type":"Point","coordinates":[-94.8132461187808,29.517631150944386]},"properties":{"substrate":"Mud","lease_number":null,"poll_year":2025}},{"type":"Feature","id":"2a1bc6b3-ba74-4700-9c7a-34116fa37162","geometry":{"type":"Point","coordinates":[-94.82793838325617,29.516396085779096]},"properties":{"substrate":"Mud","lease_number":null,"poll_year":2025}},{"type":"Feature","id":"2a57a8d7-c4a2-4c18-a4ac-24c0e8326533","geometry":{"type":"Point","coordinates":[-94.82468715656245,29.51731939129658]},"properties":{"substrate":"Mud","lease_number":null,"poll_year":2025}},{"type":"Feature","id":"2a9a5000-3971-4539-8a1c-5d91d940476b","geometry":{"type":"Point","coordinates":[-94.81510817185455,29.519726445284263]},"properties":{"substrate":"Mud","lease_number":null,"poll_year":2025}},{"type":"Feature","id":"2aade442-5613-4596-913b-f7d2292a2b99","geometry":{"type":"Point","coordinates":[-94.82354641832248,29.516335304125334]},"properties":{"substrate":"Mud","lease_number":null,"poll_year":2025}},{"type":"Feature","id":"2aafb176-7ee1-4934-978a-8eaa6892597b","geometry":{"type":"Point","coordinates":[-94.82652389690813,29.516948966307677]},"properties":{"substrate":"Mud","lease_number":null,"poll_year":2025}},{"type":"Feature","id":"2b057610-b805-4c50-9b67-5993a25c65ac","geometry":{"type":"Point","coordinates":[-94.81335889507818,29.519690203252072]},"properties":{"substrate":"Mud","lease_number":null,"poll_year":2025}},{"type":"Feature","id":"2b4e3280-178c-41ba-88f8-036e9919b0cc","geometry":{"type":"Point","coordinates":[-94.81352816642381,29.519870948953283]},"properties":{"substrate":"Mud","lease_number":null,"poll_year":2025}},{"type":"Feature","id":"2b5744c3-66ba-4d86-ae04-0eebc5a67bcd","geometry":{"type":"Point","coordinates":[-94.81445121142939,29.518975013967342]},"properties":{"substrate":"Mud","lease_number":null,"poll_year":2025}},{"type":"Feature","id":"2b8f5eee-a382-4883-884d-9ed319460288","geometry":{"type":"Point","coordinates":[-94.8125570893983,29.520813916743595]},"properties":{"substrate":"Mud","lease_number":null,"poll_year":2025}},{"type":"Feature","id":"2c255deb-4c50-4751-83fb-cb65ac038195","geometry":{"type":"Point","coordinates":[-94.8121430109681,29.51840131032925]},"properties":{"substrate":"Mud","lease_number":null,"poll_year":2025}},{"type":"Feature","id":"2d28d542-841e-47db-8ce8-717d255d53cf","geometry":{"type":"Point","coordinates":[-94.8141462136275,29.517034651704087]},"properties":{"substrate":"Mud","lease_number":null,"poll_year":2025}},{"type":"Feature","id":"2d541701-3eb9-4124-bdf0-6bd9244d3405","geometry":{"type":"Point","coordinates":[-94.8148571556147,29.517247273685467]},"properties":{"substrate":"Mud","lease_number":null,"poll_year":2025}},{"type":"Feature","id":"2da06d03-54f7-49ac-86a7-263311355262","geometry":{"type":"Point","coordinates":[-94.8146368689441,29.517621771895396]},"properties":{"substrate":"Mud","lease_number":null,"poll_year":2025}},{"type":"Feature","id":"2e1a1845-59af-4575-9ef2-6cb51841cfb3","geometry":{"type":"Point","coordinates":[-94.8266814641039,29.51644209666853]},"properties":{"substrate":"Mud","lease_number":null,"poll_year":2025}},{"type":"Feature","id":"2e92fe84-6a50-43b5-a6b1-8297fa81e5c7","geometry":{"type":"Point","coordinates":[-94.81510438635394,29.5168881787322]},"properties":{"substrate":"Mud","lease_number":null,"poll_year":2025}},{"type":"Feature","id":"2ea9ca09-25b9-4436-8880-bb1e334eebf8","geometry":{"type":"Point","coordinates":[-94.81226085735696,29.519108127686515]},"properties":{"substrate":"Mud","lease_number":null,"poll_year":2025}},{"type":"Feature","id":"2ee00702-4a27-4753-b7b6-2606ef4d6ed8","geometry":{"type":"Point","coordinates":[-94.812097027107,29.516365936901412]},"properties":{"substrate":"Buried Shell","lease_number":null,"poll_year":2025}},{"type":"Feature","id":"2f73651f-a121-4de4-baa1-9e9dd22dafc9","geometry":{"type":"Point","coordinates":[-94.82555678774123,29.516602151206072]},"properties":{"substrate":"Mud","lease_number":null,"poll_year":2025}},{"type":"Feature","id":"2f863d70-1997-4c49-8c76-e00270f33b32","geometry":{"type":"Point","coordinates":[-94.81360897168024,29.52173749697177]},"properties":{"substrate":"Mud","lease_number":null,"poll_year":2025}},{"type":"Feature","id":"2fa72571-1fd0-47c3-82d5-33567e9611f3","geometry":{"type":"Point","coordinates":[-94.81613382602514,29.51912265569628]},"properties":{"substrate":"Mud","lease_number":null,"poll_year":2025}},{"type":"Feature","id":"31a99c5e-7caf-452e-8054-6c7cf2c10fe0","geometry":{"type":"Point","coordinates":[-94.82398380174612,29.516259171638335]},"properties":{"substrate":"Mud","lease_number":null,"poll_year":2025}},{"type":"Feature","id":"31c9e131-c018-40c8-b040-a30ce8704f4d","geometry":{"type":"Point","coordinates":[-94.81421198557764,29.51777814580928]},"properties":{"substrate":"Mud","lease_number":null,"poll_year":2025}},{"type":"Feature","id":"31d8402c-6f08-4c68-8b99-2d7b173f8f25","geometry":{"type":"Point","coordinates":[-94.8170283647918,29.51633608428953]},"properties":{"substrate":"Mud","lease_number":null,"poll_year":2025}},{"type":"Feature","id":"32ab5ed6-40ca-44ed-806c-1d9ed4ee42db","geometry":{"type":"Point","coordinates":[-94.81228855241717,29.5224800951116]},"properties":{"substrate":"Mud","lease_number":null,"poll_year":2025}},{"type":"Feature","id":"32b8f6ef-b324-4c7d-9939-8b2c82ba8b2f","geometry":{"type":"Point","coordinates":[-94.8252442701421,29.517783100328526]},"properties":{"substrate":"Mud","lease_number":null,"poll_year":2025}},{"type":"Feature","id":"32c9b38a-4d02-4ce9-aef5-5249581c811a","geometry":{"type":"Point","coordinates":[-94.81362242484995,29.51648300520807]},"properties":{"substrate":"Solid Reef","lease_number":null,"poll_year":2025}},{"type":"Feature","id":"32e4c359-ffad-48bf-94b9-de5a9cc17e61","geometry":{"type":"Point","coordinates":[-94.81662494577074,29.51649990066229]},"properties":{"substrate":"Mud","lease_number":null,"poll_year":2025}},{"type":"Feature","id":"333e13b5-127d-47e2-8edb-e906c9a23d52","geometry":{"type":"Point","coordinates":[-94.81373528469067,29.51642846100614]},"properties":{"substrate":"Solid Reef","lease_number":null,"poll_year":2025}},{"type":"Feature","id":"3455275a-07ba-4f23-a16a-4dc4d766a26a","geometry":{"type":"Point","coordinates":[-94.82284845160125,29.51655424235871]},"properties":{"substrate":"Mud","lease_number":null,"poll_year":2025}},{"type":"Feature","id":"34a28cbd-d025-42d3-855b-b1824df22ce2","geometry":{"type":"Point","coordinates":[-94.81666301457587,29.518405534699326]},"properties":{"substrate":"Mud","lease_number":null,"poll_year":2025}},{"type":"Feature","id":"352e6184-13d6-40c7-87d1-1d7aca68c536","geometry":{"type":"Point","coordinates":[-94.81741091774542,29.51703440467985]},"properties":{"substrate":"Mud","lease_number":null,"poll_year":2025}},{"type":"Feature","id":"3541b49f-5dda-4325-add6-884e1de11359","geometry":{"type":"Point","coordinates":[-94.8139184448889,29.518157740390897]},"properties":{"substrate":"Mud","lease_number":null,"poll_year":2025}},{"type":"Feature","id":"355a5feb-37de-4dab-a361-ce3c3afc41aa","geometry":{"type":"Point","coordinates":[-94.81231565458928,29.516805184687712]},"properties":{"substrate":"Mud","lease_number":null,"poll_year":2025}},{"type":"Feature","id":"3592c67f-b84e-4a19-83f6-a69f6ec17e7c","geometry":{"type":"Point","coordinates":[-94.81229605604472,29.517579180777183]},"properties":{"substrate":"Mud","lease_number":null,"poll_year":2025}},{"type":"Feature","id":"35e2c344-42ad-47e4-aae7-a2632cd5a802","geometry":{"type":"Point","coordinates":[-94.81712559304826,29.516804260689856]},"properties":{"substrate":"Mud","lease_number":null,"poll_year":2025}},{"type":"Feature","id":"3602f44a-fb6b-4830-82e6-0e4c538cd941","geometry":{"type":"Point","coordinates":[-94.81256406840976,29.522658909772666]},"properties":{"substrate":"Mud","lease_number":null,"poll_year":2025}},{"type":"Feature","id":"361ce187-2df1-4853-a951-0179f803569a","geometry":{"type":"Point","coordinates":[-94.81304588879554,29.516203354661464]},"properties":{"substrate":"Solid Reef","lease_number":null,"poll_year":2025}},{"type":"Feature","id":"361e0f7c-1d75-48ad-a2d2-14fbe667ca1d","geometry":{"type":"Point","coordinates":[-94.82472062240002,29.51684809194804]},"properties":{"substrate":"Mud","lease_number":null,"poll_year":2025}},{"type":"Feature","id":"36fa6f50-8b6b-4b49-a8fa-2adb450386aa","geometry":{"type":"Point","coordinates":[-94.82546649088549,29.51746787735234]},"properties":{"substrate":"Mud","lease_number":null,"poll_year":2025}},{"type":"Feature","id":"37005c8e-7323-4fd6-967e-51902ccf8ef2","geometry":{"type":"Point","coordinates":[-94.81412705256247,29.52169852288479]},"properties":{"substrate":"Mud","lease_number":null,"poll_year":2025}},{"type":"Feature","id":"372ba9da-7d65-4848-a6b4-35004fccd58e","geometry":{"type":"Point","coordinates":[-94.81600448120062,29.51699456419622]},"properties":{"substrate":"Mud","lease_number":null,"poll_year":2025}},{"type":"Feature","id":"375cc199-9910-4905-99de-6222e6794c76","geometry":{"type":"Point","coordinates":[-94.82456829328068,29.516321824012397]},"properties":{"substrate":"Mud","lease_number":null,"poll_year":2025}},{"type":"Feature","id":"37917446-442d-479d-8fdf-51269cecda30","geometry":{"type":"Point","coordinates":[-94.82669971787047,29.51720798830751]},"properties":{"substrate":"Mud","lease_number":null,"poll_year":2025}},{"type":"Feature","id":"37a3b9e9-dd3f-45b5-9072-1dee4994b1a8","geometry":{"type":"Point","coordinates":[-94.81304205119264,29.523573852102132]},"properties":{"substrate":"Mud","lease_number":null,"poll_year":2025}},{"type":"Feature","id":"381750d5-cedc-4a28-a832-39befdc2e238","geometry":{"type":"Point","coordinates":[-94.81284583757503,29.52092068110971]},"properties":{"substrate":"Mud","lease_number":null,"poll_year":2025}},{"type":"Feature","id":"398266cd-d77c-4a5f-9fe4-cea745e58db3","geometry":{"type":"Point","coordinates":[-94.82530004923304,29.51657249409539]},"properties":{"substrate":"Mud","lease_number":null,"poll_year":2025}},{"type":"Feature","id":"3a10d31c-c198-4e4d-9719-b025df8964e2","geometry":{"type":"Point","coordinates":[-94.8149942232557,29.518458319767014]},"properties":{"substrate":"Mud","lease_number":null,"poll_year":2025}},{"type":"Feature","id":"3a41081b-231b-4983-a9a5-f8a469e349cc","geometry":{"type":"Point","coordinates":[-94.82338779919951,29.51675949368858]},"properties":{"substrate":"Mud","lease_number":null,"poll_year":2025}},{"type":"Feature","id":"3a5f9556-2692-4faa-a152-3c6634a8ba8a","geometry":{"type":"Point","coordinates":[-94.82544069755875,29.516651116923303]},"properties":{"substrate":"Mud","lease_number":null,"poll_year":2025}},{"type":"Feature","id":"3ac11fc1-b3e1-417f-a602-5b5eebe57fdd","geometry":{"type":"Point","coordinates":[-94.81545931970585,29.520471559609966]},"properties":{"substrate":"Mud","lease_number":null,"poll_year":2025}},{"type":"Feature","id":"3b215ce3-f072-4636-9861-00c7bee54cc0","geometry":{"type":"Point","coordinates":[-94.82456145799966,29.517353565747335]},"properties":{"substrate":"Mud","lease_number":null,"poll_year":2025}},{"type":"Feature","id":"3b6be1cb-6065-43c6-b280-75264cf97f50","geometry":{"type":"Point","coordinates":[-94.81457124521596,29.520797479300224]},"properties":{"substrate":"Mud","lease_number":null,"poll_year":2025}},{"type":"Feature","id":"3bc96447-b163-4bb2-aa4a-a8a78e8f3936","geometry":{"type":"Point","coordinates":[-94.8226991605842,29.51624959468496]},"properties":{"substrate":"Mud","lease_number":null,"poll_year":2025}},{"type":"Feature","id":"3bcaf80a-0f09-4236-8c01-b0154ae6aa1b","geometry":{"type":"Point","coordinates":[-94.813177242253,29.51644299487268]},"properties":{"substrate":"Buried Shell","lease_number":null,"poll_year":2025}},{"type":"Feature","id":"3c1c6db8-de72-4faf-a8d6-f7e3f5db6fbb","geometry":{"type":"Point","coordinates":[-94.82381986818991,29.516815022684316]},"properties":{"substrate":"Mud","lease_number":null,"poll_year":2025}},{"type":"Feature","id":"3c3523ed-2541-48d4-bb68-ba67a3dc8ebe","geometry":{"type":"Point","coordinates":[-94.81332546876646,29.520218643205812]},"properties":{"substrate":"Mud","lease_number":null,"poll_year":2025}},{"type":"Feature","id":"3c44c88d-8d8f-4ee0-b490-4de94fcd7be9","geometry":{"type":"Point","coordinates":[-94.81688761315982,29.518736167714806]},"properties":{"substrate":"Mud","lease_number":null,"poll_year":2025}},{"type":"Feature","id":"3c531895-f40b-443f-b1a4-bcdcf1d26462","geometry":{"type":"Point","coordinates":[-94.81440897533967,29.519512629379317]},"properties":{"substrate":"Mud","lease_number":null,"poll_year":2025}},{"type":"Feature","id":"3cd1120d-5317-4b71-a4f9-0919af591c9c","geometry":{"type":"Point","coordinates":[-94.81467450925282,29.5181092858619]},"properties":{"substrate":"Mud","lease_number":null,"poll_year":2025}},{"type":"Feature","id":"3cd26afc-2f32-41ec-a659-09dfb88eda3c","geometry":{"type":"Point","coordinates":[-94.81666407997778,29.518899615926486]},"properties":{"substrate":"Mud","lease_number":null,"poll_year":2025}},{"type":"Feature","id":"3dc69e54-f341-4d34-9adb-18d8a2259f61","geometry":{"type":"Point","coordinates":[-94.81374273082605,29.520826504346445]},"properties":{"substrate":"Mud","lease_number":null,"poll_year":2025}},{"type":"Feature","id":"3e1bab1d-7198-4552-8954-1820af16540a","geometry":{"type":"Point","coordinates":[-94.81336164931285,29.517147486997665]},"properties":{"substrate":"Mud","lease_number":null,"poll_year":2025}},{"type":"Feature","id":"3e4247cc-656f-4b48-978e-c35b509bfaae","geometry":{"type":"Point","coordinates":[-94.82299271115441,29.516127949865147]},"properties":{"substrate":"Mud","lease_number":null,"poll_year":2025}},{"type":"Feature","id":"3e5fda1d-daa4-4ba1-ba5d-21c1a08c8ba6","geometry":{"type":"Point","coordinates":[-94.81573443325318,29.519970689962065]},"properties":{"substrate":"Mud","lease_number":null,"poll_year":2025}},{"type":"Feature","id":"3f12a64b-dcfa-4459-a25e-ddede5f4df0e","geometry":{"type":"Point","coordinates":[-94.8135593873715,29.518311418913914]},"properties":{"substrate":"Mud","lease_number":null,"poll_year":2025}},{"type":"Feature","id":"3f73210a-b764-4f31-bacb-cc6caa4a8135","geometry":{"type":"Point","coordinates":[-94.82678610166484,29.516622487795875]},"properties":{"substrate":"Mud","lease_number":null,"poll_year":2025}},{"type":"Feature","id":"4006cb9b-2b89-4b20-a7af-44081c66eca6","geometry":{"type":"Point","coordinates":[-94.81491753318159,29.516973733632383]},"properties":{"substrate":"Mud","lease_number":null,"poll_year":2025}},{"type":"Feature","id":"40be854f-c99c-40e2-ab0d-db111ef53f43","geometry":{"type":"Point","coordinates":[-94.81734621299383,29.517739895630484]},"properties":{"substrate":"Mud","lease_number":null,"poll_year":2025}},{"type":"Feature","id":"40f92832-9d5d-4e42-b17e-cf166072a9f4","geometry":{"type":"Point","coordinates":[-94.82708866143905,29.51651301021325]},"properties":{"substrate":"Mud","lease_number":null,"poll_year":2025}},{"type":"Feature","id":"4100f4ce-96f4-4233-a71a-3712d109ad3d","geometry":{"type":"Point","coordinates":[-94.81239174009721,29.521394151781973]},"properties":{"substrate":"Mud","lease_number":null,"poll_year":2025}},{"type":"Feature","id":"4105cffa-cd5a-4504-ba57-b81880bac0e1","geometry":{"type":"Point","coordinates":[-94.81326060321642,29.519979904636468]},"properties":{"substrate":"Mud","lease_number":null,"poll_year":2025}},{"type":"Feature","id":"41ed03ea-3205-4ad4-b410-cbddb36bb2d3","geometry":{"type":"Point","coordinates":[-94.81215820956439,29.51967547911662]},"properties":{"substrate":"Mud","lease_number":null,"poll_year":2025}},{"type":"Feature","id":"42c12c82-5b32-4254-943c-7a916b0df098","geometry":{"type":"Point","coordinates":[-94.81629756913848,29.51764466371509]},"properties":{"substrate":"Mud","lease_number":null,"poll_year":2025}},{"type":"Feature","id":"42da949f-00a9-42d4-95b5-9d2059482f4c","geometry":{"type":"Point","coordinates":[-94.8146510039351,29.520447483378824]},"properties":{"substrate":"Mud","lease_number":null,"poll_year":2025}},{"type":"Feature","id":"4310bfe6-1aea-4932-89f3-f71d23ca8b20","geometry":{"type":"Point","coordinates":[-94.81361044042573,29.51703528099051]},"properties":{"substrate":"Mud","lease_number":null,"poll_year":2025}},{"type":"Feature","id":"435b8f35-3aa1-4a5e-ad84-b4a340bb7e83","geometry":{"type":"Point","coordinates":[-94.81426062306208,29.51850374265395]},"properties":{"substrate":"Mud","lease_number":null,"poll_year":2025}},{"type":"Feature","id":"43961e3d-b4a9-4ca5-8429-d3ba26259737","geometry":{"type":"Point","coordinates":[-94.81438944416875,29.516156232044715]},"properties":{"substrate":"Mud","lease_number":null,"poll_year":2025}},{"type":"Feature","id":"43c4857c-0ad9-4b82-9dce-7977346b33a7","geometry":{"type":"Point","coordinates":[-94.82440707263665,29.51656709784172]},"properties":{"substrate":"Mud","lease_number":null,"poll_year":2025}},{"type":"Feature","id":"44395fb2-fd84-4118-995d-76ab79dd5f06","geometry":{"type":"Point","coordinates":[-94.81405794157442,29.51784539607833]},"properties":{"substrate":"Mud","lease_number":null,"poll_year":2025}},{"type":"Feature","id":"444a650a-f9fc-4ae2-9094-69beb62482e1","geometry":{"type":"Point","coordinates":[-94.82214165444076,29.516287849335637]},"properties":{"substrate":"Mud","lease_number":null,"poll_year":2025}},{"type":"Feature","id":"449cd6f2-f5ed-420a-a549-b524ddc43197","geometry":{"type":"Point","coordinates":[-94.82791141313639,29.516784393952804]},"properties":{"substrate":"Mud","lease_number":null,"poll_year":2025}},{"type":"Feature","id":"44b6b50d-0573-4885-8ce0-21218af875b1","geometry":{"type":"Point","coordinates":[-94.81240774538063,29.5175367936695]},"properties":{"substrate":"Mud","lease_number":null,"poll_year":2025}},{"type":"Feature","id":"44db38c8-c283-4497-a76c-497d4605bc24","geometry":{"type":"Point","coordinates":[-94.81261489059693,29.516929093345254]},"properties":{"substrate":"Buried Shell","lease_number":null,"poll_year":2025}},{"type":"Feature","id":"44e8eb67-1d0f-40a6-8802-6f96f01abe9c","geometry":{"type":"Point","coordinates":[-94.82489766507118,29.51634786961521]},"properties":{"substrate":"Mud","lease_number":null,"poll_year":2025}},{"type":"Feature","id":"44ffc553-91b5-481e-a5cc-312906d92de1","geometry":{"type":"Point","coordinates":[-94.81531493618516,29.520533309644872]},"properties":{"substrate":"Mud","lease_number":null,"poll_year":2025}},{"type":"Feature","id":"4508d8ed-4acd-4b48-b801-de80e77f4783","geometry":{"type":"Point","coordinates":[-94.8154353319928,29.518008258661027]},"properties":{"substrate":"Mud","lease_number":null,"poll_year":2025}},{"type":"Feature","id":"452cfb3e-26da-42f4-9ee9-60b85feb0dcd","geometry":{"type":"Point","coordinates":[-94.81829267168897,29.516193295376084]},"properties":{"substrate":"Mud","lease_number":null,"poll_year":2025}},{"type":"Feature","id":"456ad275-fb5a-4a24-bac1-9b233435b1d1","geometry":{"type":"Point","coordinates":[-94.81291140291266,29.52197288109615]},"properties":{"substrate":"Mud","lease_number":null,"poll_year":2025}},{"type":"Feature","id":"459d0c82-e602-4a53-889a-1af073485a31","geometry":{"type":"Point","coordinates":[-94.81290051443311,29.5232482352646]},"properties":{"substrate":"Mud","lease_number":null,"poll_year":2025}},{"type":"Feature","id":"46210495-8ab2-496d-ae5f-c94bfc51a403","geometry":{"type":"Point","coordinates":[-94.81348260027934,29.517525596334625]},"properties":{"substrate":"Mud","lease_number":null,"poll_year":2025}},{"type":"Feature","id":"4634c385-8417-493e-a0ca-38b7d4021772","geometry":{"type":"Point","coordinates":[-94.81689491376814,29.516649944335388]},"properties":{"substrate":"Mud","lease_number":null,"poll_year":2025}},{"type":"Feature","id":"4645cdc3-e826-4c46-8c7d-d86b26ef386a","geometry":{"type":"Point","coordinates":[-94.81225286684251,29.516298412826128]},"properties":{"substrate":"Mud","lease_number":null,"poll_year":2025}},{"type":"Feature","id":"4652fd90-dcb9-4ed4-863d-0388ddce29ee","geometry":{"type":"Point","coordinates":[-94.82400969658251,29.516733157390114]},"properties":{"substrate":"Mud","lease_number":null,"poll_year":2025}},{"type":"Feature","id":"46c013ee-4982-48b8-9b6c-fb8f11c0f730","geometry":{"type":"Point","coordinates":[-94.81243730175011,29.51854023525853]},"properties":{"substrate":"Mud","lease_number":null,"poll_year":2025}},{"type":"Feature","id":"48152706-7064-4c6c-bbcc-d6996f6d2d92","geometry":{"type":"Point","coordinates":[-94.81447095639935,29.521030507248444]},"properties":{"substrate":"Mud","lease_number":null,"poll_year":2025}},{"type":"Feature","id":"481c6c18-594f-4fde-b391-68dfeea9bfa5","geometry":{"type":"Point","coordinates":[-94.81253776304327,29.51974887620577]},"properties":{"substrate":"Mud","lease_number":null,"poll_year":2025}},{"type":"Feature","id":"481fe17c-53ae-40af-8f21-7bc818a182a6","geometry":{"type":"Point","coordinates":[-94.81507428740203,29.517154774204307]},"properties":{"substrate":"Mud","lease_number":null,"poll_year":2025}},{"type":"Feature","id":"4823479f-9d1a-405a-a29f-353160e489c4","geometry":{"type":"Point","coordinates":[-94.81283850642399,29.51759794669939]},"properties":{"substrate":"Mud","lease_number":null,"poll_year":2025}},{"type":"Feature","id":"483c7664-c9fc-4316-91ee-b66911192725","geometry":{"type":"Point","coordinates":[-94.81411565294152,29.51938046987134]},"properties":{"substrate":"Mud","lease_number":null,"poll_year":2025}},{"type":"Feature","id":"4843452c-163f-46a0-9722-0a113e37ffc4","geometry":{"type":"Point","coordinates":[-94.81625791031533,29.516416858613983]},"properties":{"substrate":"Mud","lease_number":null,"poll_year":2025}},{"type":"Feature","id":"487a08b6-13f5-49ef-b784-89d0a50cd79c","geometry":{"type":"Point","coordinates":[-94.82608278996763,29.517429216653714]},"properties":{"substrate":"Mud","lease_number":null,"poll_year":2025}},{"type":"Feature","id":"487c4883-2ad5-4ab3-a42a-28327d8f814f","geometry":{"type":"Point","coordinates":[-94.81222134406086,29.51889308632047]},"properties":{"substrate":"Mud","lease_number":null,"poll_year":2025}},{"type":"Feature","id":"49510d94-e9dc-4c99-ab4a-2466685f55cc","geometry":{"type":"Point","coordinates":[-94.81349638582569,29.52093439668104]},"properties":{"substrate":"Mud","lease_number":null,"poll_year":2025}},{"type":"Feature","id":"4991dc66-7956-4921-8b60-a7ce736866fb","geometry":{"type":"Point","coordinates":[-94.81488430809247,29.518018650776437]},"properties":{"substrate":"Mud","lease_number":null,"poll_year":2025}},{"type":"Feature","id":"49b4ab9c-32ec-4e54-a985-6ee08fd16865","geometry":{"type":"Point","coordinates":[-94.81216882226114,29.518652829670152]},"properties":{"substrate":"Mud","lease_number":null,"poll_year":2025}},{"type":"Feature","id":"49c5fd4c-4a42-4ffe-8acd-da03d1578cbc","geometry":{"type":"Point","coordinates":[-94.81382620228226,29.521830042291693]},"properties":{"substrate":"Mud","lease_number":null,"poll_year":2025}},{"type":"Feature","id":"4a000e73-5ee0-4acb-a4ee-1ce04c8b72a2","geometry":{"type":"Point","coordinates":[-94.81633598469331,29.5166133470797]},"properties":{"substrate":"Mud","lease_number":null,"poll_year":2025}},{"type":"Feature","id":"4a4a01eb-061b-48ac-9834-8086385f22ad","geometry":{"type":"Point","coordinates":[-94.81201196473444,29.517956771005746]},"properties":{"substrate":"Mud","lease_number":null,"poll_year":2025}},{"type":"Feature","id":"4a648f5f-ad34-4b29-8597-015e13a4aba5","geometry":{"type":"Point","coordinates":[-94.81285764592944,29.519618266340316]},"properties":{"substrate":"Mud","lease_number":null,"poll_year":2025}},{"type":"Feature","id":"4a65f3cf-cc94-4324-96a5-52f71ef62221","geometry":{"type":"Point","coordinates":[-94.82596661175025,29.518303038174807]},"properties":{"substrate":"Mud","lease_number":null,"poll_year":2025}},{"type":"Feature","id":"4aa27dff-27f1-4485-8ea1-838bbdeae926","geometry":{"type":"Point","coordinates":[-94.8139621623005,29.522286983177278]},"properties":{"substrate":"Mud","lease_number":null,"poll_year":2025}},{"type":"Feature","id":"4ab5ae85-e775-4701-83f4-41c014ff490f","geometry":{"type":"Point","coordinates":[-94.81553421943761,29.519348857750455]},"properties":{"substrate":"Mud","lease_number":null,"poll_year":2025}},{"type":"Feature","id":"4ab9533a-3f76-47f3-be07-a411e23481a9","geometry":{"type":"Point","coordinates":[-94.81214413206555,29.523079872648076]},"properties":{"substrate":"Mud","lease_number":null,"poll_year":2025}},{"type":"Feature","id":"4ae3ba9c-08e4-42da-994f-c4e376bbc61b","geometry":{"type":"Point","coordinates":[-94.82623040293174,29.516117854612745]},"properties":{"substrate":"Mud","lease_number":null,"poll_year":2025}},{"type":"Feature","id":"4b39dc5f-6f9e-472a-9f8b-a6a60e61e1f5","geometry":{"type":"Point","coordinates":[-94.8127947836225,29.517110037063485]},"properties":{"substrate":"Buried Shell","lease_number":null,"poll_year":2025}},{"type":"Feature","id":"4b5608f7-a69d-41a3-88b1-46e36d280099","geometry":{"type":"Point","coordinates":[-94.8129007426052,29.52168798966212]},"properties":{"substrate":"Mud","lease_number":null,"poll_year":2025}},{"type":"Feature","id":"4bbee937-70f9-42d1-954f-219e0d578a92","geometry":{"type":"Point","coordinates":[-94.81481278512787,29.51649811129053]},"properties":{"substrate":"Mud","lease_number":null,"poll_year":2025}},{"type":"Feature","id":"4bd30fbc-ecff-4b5f-b1b7-a8fbb193510d","geometry":{"type":"Point","coordinates":[-94.81233282858089,29.521153046682358]},"properties":{"substrate":"Mud","lease_number":null,"poll_year":2025}},{"type":"Feature","id":"4bdcc41d-4918-445f-9921-e69fa1dd1a9e","geometry":{"type":"Point","coordinates":[-94.8139076139015,29.51790980476685]},"properties":{"substrate":"Mud","lease_number":null,"poll_year":2025}},{"type":"Feature","id":"4be4f704-880d-4b7d-8c5f-d746c43b2562","geometry":{"type":"Point","coordinates":[-94.82316627285381,29.516471422365377]},"properties":{"substrate":"Mud","lease_number":null,"poll_year":2025}},{"type":"Feature","id":"4c2e69f2-ca46-4b80-b945-be9cd7b68b11","geometry":{"type":"Point","coordinates":[-94.81228476781486,29.517818488627967]},"properties":{"substrate":"Mud","lease_number":null,"poll_year":2025}},{"type":"Feature","id":"4c43e1ec-2e59-4f27-98d6-cc5e453e5e28","geometry":{"type":"Point","coordinates":[-94.82577378657788,29.517242158887203]},"properties":{"substrate":"Mud","lease_number":null,"poll_year":2025}},{"type":"Feature","id":"4c7b5c16-7602-4766-8f6d-0fe07fbf8f6d","geometry":{"type":"Point","coordinates":[-94.81320315685232,29.523482894390618]},"properties":{"substrate":"Mud","lease_number":null,"poll_year":2025}},{"type":"Feature","id":"4cad9e1e-5fa3-4bb4-b0ca-017ec9920674","geometry":{"type":"Point","coordinates":[-94.82740672613507,29.51640487630114]},"properties":{"substrate":"Mud","lease_number":null,"poll_year":2025}},{"type":"Feature","id":"4cc08eb6-29c1-46be-bb05-2dc85dd5c992","geometry":{"type":"Point","coordinates":[-94.81605821482765,29.51671707106]},"properties":{"substrate":"Mud","lease_number":null,"poll_year":2025}},{"type":"Feature","id":"4d83d976-ccf1-4059-8967-ed35a3032cb9","geometry":{"type":"Point","coordinates":[-94.81425082693389,29.517232915821605]},"properties":{"substrate":"Mud","lease_number":null,"poll_year":2025}},{"type":"Feature","id":"4da29771-c6e3-4fcc-928e-1a3649cf8e95","geometry":{"type":"Point","coordinates":[-94.81267850659043,29.51766384080847]},"properties":{"substrate":"Mud","lease_number":null,"poll_year":2025}},{"type":"Feature","id":"4f488015-7ff7-4a8f-a9ac-0e23f405a874","geometry":{"type":"Point","coordinates":[-94.81202518344385,29.523377889929705]},"properties":{"substrate":"Mud","lease_number":null,"poll_year":2025}},{"type":"Feature","id":"4f8373e3-3666-47fc-b4bd-6adb9ff5360c","geometry":{"type":"Point","coordinates":[-94.82589057115808,29.517494519111608]},"properties":{"substrate":"Mud","lease_number":null,"poll_year":2025}},{"type":"Feature","id":"4f9ecf39-be4a-4ae6-8ad5-e12d849b2e8a","geometry":{"type":"Point","coordinates":[-94.81279765912971,29.521229159072046]},"properties":{"substrate":"Mud","lease_number":null,"poll_year":2025}},{"type":"Feature","id":"4fbadbc9-6430-41ff-828b-cad7607e80d8","geometry":{"type":"Point","coordinates":[-94.81670211015533,29.516218538958512]},"properties":{"substrate":"Mud","lease_number":null,"poll_year":2025}},{"type":"Feature","id":"4fbe38e4-5129-49e1-893b-9d7fe632f82e","geometry":{"type":"Point","coordinates":[-94.81206214732116,29.517148999628546]},"properties":{"substrate":"Mud","lease_number":null,"poll_year":2025}},{"type":"Feature","id":"5067b8fe-d0e4-423e-a4f8-62fc38d20adc","geometry":{"type":"Point","coordinates":[-94.8129513653664,29.52399957622178]},"properties":{"substrate":"Mud","lease_number":null,"poll_year":2025}},{"type":"Feature","id":"51c34396-439a-43c5-b8ca-8572827fecad","geometry":{"type":"Point","coordinates":[-94.81346778256872,29.52250356193041]},"properties":{"substrate":"Mud","lease_number":null,"poll_year":2025}},{"type":"Feature","id":"522f536f-6f1e-41f0-9e2d-1a4ad7758aa9","geometry":{"type":"Point","coordinates":[-94.82727571134244,29.517263861795858]},"properties":{"substrate":"Mud","lease_number":null,"poll_year":2025}},{"type":"Feature","id":"52551a5e-d7de-4594-810a-c892d10e83a9","geometry":{"type":"Point","coordinates":[-94.81594583558562,29.51756927797221]},"properties":{"substrate":"Mud","lease_number":null,"poll_year":2025}},{"type":"Feature","id":"52816c7d-fc29-4edd-a7ca-cb6192bc4d21","geometry":{"type":"Point","coordinates":[-94.8127600493637,29.517851664658817]},"properties":{"substrate":"Mud","lease_number":null,"poll_year":2025}},{"type":"Feature","id":"52a26689-d105-47c8-8fc7-b0d4307af04f","geometry":{"type":"Point","coordinates":[-94.81268165698212,29.519198142685383]},"properties":{"substrate":"Mud","lease_number":null,"poll_year":2025}},{"type":"Feature","id":"531009c0-b3b6-4e7c-9a4a-f77084bcf48c","geometry":{"type":"Point","coordinates":[-94.82662717531801,29.51808746978596]},"properties":{"substrate":"Mud","lease_number":null,"poll_year":2025}},{"type":"Feature","id":"5340c9b5-3a10-4339-aad0-fb6152daa42c","geometry":{"type":"Point","coordinates":[-94.82414355633962,29.51650964019108]},"properties":{"substrate":"Mud","lease_number":null,"poll_year":2025}},{"type":"Feature","id":"54672f75-75fd-4d75-89fa-c8a29afe6bf5","geometry":{"type":"Point","coordinates":[-94.82594932996082,29.517199931891206]},"properties":{"substrate":"Mud","lease_number":null,"poll_year":2025}},{"type":"Feature","id":"54879130-9187-402e-9b09-bb1a21b35cfb","geometry":{"type":"Point","coordinates":[-94.81495003872014,29.52033445634068]},"properties":{"substrate":"Mud","lease_number":null,"poll_year":2025}},{"type":"Feature","id":"54894e47-4bfe-4ccb-9f02-bfce957c912d","geometry":{"type":"Point","coordinates":[-94.82514881066841,29.51622637500544]},"properties":{"substrate":"Mud","lease_number":null,"poll_year":2025}},{"type":"Feature","id":"5494c929-9405-4184-af96-2c453a5681eb","geometry":{"type":"Point","coordinates":[-94.81229451723065,29.523517939887594]},"properties":{"substrate":"Mud","lease_number":null,"poll_year":2025}},{"type":"Feature","id":"54eb6f8d-22de-4b4f-98ee-a1972cdb6a56","geometry":{"type":"Point","coordinates":[-94.81228641622343,29.523876278889276]},"properties":{"substrate":"Mud","lease_number":null,"poll_year":2025}},{"type":"Feature","id":"55016e07-8762-40d7-a263-ff49d4cf8c81","geometry":{"type":"Point","coordinates":[-94.8160266902494,29.516265177656443]},"properties":{"substrate":"Mud","lease_number":null,"poll_year":2025}},{"type":"Feature","id":"5507473e-0aa4-4772-a091-7f97c739203f","geometry":{"type":"Point","coordinates":[-94.81486452359667,29.520710877036255]},"properties":{"substrate":"Mud","lease_number":null,"poll_year":2025}},{"type":"Feature","id":"556dba36-84f4-44e0-9ae7-bc212ec6d8f5","geometry":{"type":"Point","coordinates":[-94.8122406012456,29.521991428113676]},"properties":{"substrate":"Mud","lease_number":null,"poll_year":2025}},{"type":"Feature","id":"561d1aa1-3f3c-4bad-9929-4f18cb910829","geometry":{"type":"Point","coordinates":[-94.82539569825121,29.517170217108283]},"properties":{"substrate":"Mud","lease_number":null,"poll_year":2025}},{"type":"Feature","id":"5646b0a4-43d5-45c9-bb03-0e63d0e244be","geometry":{"type":"Point","coordinates":[-94.81395107888653,29.5202146956325]},"properties":{"substrate":"Mud","lease_number":null,"poll_year":2025}},{"type":"Feature","id":"56a91e7f-75e4-42d3-a524-8b709f75a289","geometry":{"type":"Point","coordinates":[-94.81302824768,29.517279408652065]},"properties":{"substrate":"Mud","lease_number":null,"poll_year":2025}},{"type":"Feature","id":"56bc5546-7c41-4851-8985-a7a49a8063a4","geometry":{"type":"Point","coordinates":[-94.81481352264471,29.519338424341317]},"properties":{"substrate":"Mud","lease_number":null,"poll_year":2025}},{"type":"Feature","id":"572f9b75-5ff6-4b03-8b6b-3682a93d1d62","geometry":{"type":"Point","coordinates":[-94.82693737526371,29.51656519433916]},"properties":{"substrate":"Mud","lease_number":null,"poll_year":2025}},{"type":"Feature","id":"57ce0f5f-f408-4859-81ab-6ee8d5ba7a73","geometry":{"type":"Point","coordinates":[-94.8142027499982,29.52064410706846]},"properties":{"substrate":"Mud","lease_number":null,"poll_year":2025}},{"type":"Feature","id":"57d3ba16-583e-45e5-863e-5cc4a4fa64eb","geometry":{"type":"Point","coordinates":[-94.82660706293711,29.51617802977547]},"properties":{"substrate":"Mud","lease_number":null,"poll_year":2025}},{"type":"Feature","id":"57e7feac-fedf-488d-8c71-e55c13095fbb","geometry":{"type":"Point","coordinates":[-94.81249164712985,29.524672539725312]},"properties":{"substrate":"Mud","lease_number":null,"poll_year":2025}},{"type":"Feature","id":"58069e92-e588-4c21-9f6f-d49e62b020e1","geometry":{"type":"Point","coordinates":[-94.81283055184215,29.51659219983849]},"properties":{"substrate":"Buried Shell","lease_number":null,"poll_year":2025}},{"type":"Feature","id":"58979a1d-f53b-4352-954a-d290583530cf","geometry":{"type":"Point","coordinates":[-94.82656357459591,29.517812714871802]},"properties":{"substrate":"Mud","lease_number":null,"poll_year":2025}},{"type":"Feature","id":"58e18949-745a-4301-acc7-ab679716f26d","geometry":{"type":"Point","coordinates":[-94.81237382409721,29.51959137734046]},"properties":{"substrate":"Mud","lease_number":null,"poll_year":2025}},{"type":"Feature","id":"593240c5-e6d4-49c3-83de-897390c5c308","geometry":{"type":"Point","coordinates":[-94.8264105609603,29.517670625333672]},"properties":{"substrate":"Mud","lease_number":null,"poll_year":2025}},{"type":"Feature","id":"596e5ae9-1618-4011-bb13-8665913913e7","geometry":{"type":"Point","coordinates":[-94.82527746918004,29.517100569631662]},"properties":{"substrate":"Mud","lease_number":null,"poll_year":2025}},{"type":"Feature","id":"598429ae-eb48-4c12-99c0-1f1173329740","geometry":{"type":"Point","coordinates":[-94.82580947305087,29.516497448386545]},"properties":{"substrate":"Mud","lease_number":null,"poll_year":2025}},{"type":"Feature","id":"59940089-015b-4e2d-a04c-c243bcd96225","geometry":{"type":"Point","coordinates":[-94.81278323757614,29.52174627295947]},"properties":{"substrate":"Mud","lease_number":null,"poll_year":2025}},{"type":"Feature","id":"59b93f42-1fe7-426c-bfdd-4d615d35ee85","geometry":{"type":"Point","coordinates":[-94.82646009496338,29.516219563022915]},"properties":{"substrate":"Mud","lease_number":null,"poll_year":2025}},{"type":"Feature","id":"59d3ed26-30f7-4bc8-9850-f4e6a650dc7c","geometry":{"type":"Point","coordinates":[-94.82646496742548,29.518147983822963]},"properties":{"substrate":"Mud","lease_number":null,"poll_year":2025}},{"type":"Feature","id":"5a07fd76-16e5-409d-ab70-60d65e112efd","geometry":{"type":"Point","coordinates":[-94.81503198124372,29.517962364959207]},"properties":{"substrate":"Mud","lease_number":null,"poll_year":2025}},{"type":"Feature","id":"5a356cce-74bf-4aec-8d95-5b848e3c0537","geometry":{"type":"Point","coordinates":[-94.8127214936717,29.518422036631584]},"properties":{"substrate":"Mud","lease_number":null,"poll_year":2025}},{"type":"Feature","id":"5a38ba4b-5e2b-4906-89fc-9b23428158d3","geometry":{"type":"Point","coordinates":[-94.81746420940135,29.517980037972837]},"properties":{"substrate":"Mud","lease_number":null,"poll_year":2025}},{"type":"Feature","id":"5a3cdb16-9008-48c5-a055-07f93db31f3a","geometry":{"type":"Point","coordinates":[-94.82598239784474,29.51692668798328]},"properties":{"substrate":"Mud","lease_number":null,"poll_year":2025}},{"type":"Feature","id":"5accc622-f4b5-4d33-b936-f6e7c0f0121a","geometry":{"type":"Point","coordinates":[-94.81262515295074,29.517190832658407]},"properties":{"substrate":"Buried Shell","lease_number":null,"poll_year":2025}},{"type":"Feature","id":"5b0cf194-3422-4bc4-a79e-5195407434ba","geometry":{"type":"Point","coordinates":[-94.81236130158213,29.521634672387076]},"properties":{"substrate":"Mud","lease_number":null,"poll_year":2025}},{"type":"Feature","id":"5b4dc95c-9a63-4d94-8a8f-a6bb1ae1db82","geometry":{"type":"Point","coordinates":[-94.81278229075183,29.51737894896807]},"properties":{"substrate":"Mud","lease_number":null,"poll_year":2025}},{"type":"Feature","id":"5b7d4214-7f82-4d5c-9a62-ef3b6c7ae3a8","geometry":{"type":"Point","coordinates":[-94.82369860281308,29.516380043953802]},"properties":{"substrate":"Mud","lease_number":null,"poll_year":2025}},{"type":"Feature","id":"5bbf269a-be68-4131-aaba-595f2c7c86f1","geometry":{"type":"Point","coordinates":[-94.81603193641067,29.51828234624346]},"properties":{"substrate":"Mud","lease_number":null,"poll_year":2025}},{"type":"Feature","id":"5c361302-9cbe-4ff9-bc7b-d3da8b4637d5","geometry":{"type":"Point","coordinates":[-94.8124078783313,29.518296488205724]},"properties":{"substrate":"Mud","lease_number":null,"poll_year":2025}},{"type":"Feature","id":"5c39dad4-9d63-40a9-81ef-4ad54d4e9402","geometry":{"type":"Point","coordinates":[-94.81252187993074,29.5243130576215]},"properties":{"substrate":"Mud","lease_number":null,"poll_year":2025}},{"type":"Feature","id":"5c908e45-37c9-4cbb-bea1-0a04e984aaec","geometry":{"type":"Point","coordinates":[-94.81523458278131,29.518087589388266]},"properties":{"substrate":"Mud","lease_number":null,"poll_year":2025}},{"type":"Feature","id":"5d1d3567-02a0-4eb8-aef5-b3f783075e4c","geometry":{"type":"Point","coordinates":[-94.82732131341953,29.517521352384875]},"properties":{"substrate":"Mud","lease_number":null,"poll_year":2025}},{"type":"Feature","id":"5daf36be-aaf4-4e14-9611-524571c6fc9d","geometry":{"type":"Point","coordinates":[-94.81486954697573,29.517755017159633]},"properties":{"substrate":"Mud","lease_number":null,"poll_year":2025}},{"type":"Feature","id":"5dbfb378-0c59-416f-ade0-606c98091c30","geometry":{"type":"Point","coordinates":[-94.81350943385519,29.517314657199705]},"properties":{"substrate":"Mud","lease_number":null,"poll_year":2025}},{"type":"Feature","id":"5dc2011f-001a-4451-8cf9-b1656d04bb77","geometry":{"type":"Point","coordinates":[-94.81446297396971,29.520525383254707]},"properties":{"substrate":"Mud","lease_number":null,"poll_year":2025}},{"type":"Feature","id":"5e40469b-643c-4f96-a718-94512757ffcb","geometry":{"type":"Point","coordinates":[-94.82472296969787,29.517454811701377]},"properties":{"substrate":"Mud","lease_number":null,"poll_year":2025}},{"type":"Feature","id":"5e50363f-9c40-4206-b747-cb91fc030db5","geometry":{"type":"Point","coordinates":[-94.81236992900212,29.517282584781935]},"properties":{"substrate":"Buried Shell","lease_number":null,"poll_year":2025}},{"type":"Feature","id":"5f254df2-4e9d-4965-bc47-cc53a30c000b","geometry":{"type":"Point","coordinates":[-94.81329330279108,29.522580365090434]},"properties":{"substrate":"Mud","lease_number":null,"poll_year":2025}},{"type":"Feature","id":"5f29f539-404d-467d-9045-b7915110da2b","geometry":{"type":"Point","coordinates":[-94.81304026983342,29.51751196863537]},"properties":{"substrate":"Mud","lease_number":null,"poll_year":2025}},{"type":"Feature","id":"5f9d7f11-3770-40a9-ae37-0da141ef139a","geometry":{"type":"Point","coordinates":[-94.81204542697878,29.518703600925477]},"properties":{"substrate":"Buried Shell","lease_number":null,"poll_year":2025}},{"type":"Feature","id":"5fa1d95f-ec02-44a6-bffc-e1ed935fd840","geometry":{"type":"Point","coordinates":[-94.8135367408432,29.51678356219826]},"properties":{"substrate":"Mud","lease_number":null,"poll_year":2025}},{"type":"Feature","id":"5fa911f6-d2b1-4abd-9cbb-0d32988de9e6","geometry":{"type":"Point","coordinates":[-94.81512641124809,29.519491833728747]},"properties":{"substrate":"Mud","lease_number":null,"poll_year":2025}},{"type":"Feature","id":"5ff4d7e9-d2ea-47bc-aa3c-9e9fe70ba0d0","geometry":{"type":"Point","coordinates":[-94.82684858757767,29.5163654663015]},"properties":{"substrate":"Mud","lease_number":null,"poll_year":2025}},{"type":"Feature","id":"603e1fb3-7644-415f-8f0f-966168b04de7","geometry":{"type":"Point","coordinates":[-94.82503890808162,29.51679364018632]},"properties":{"substrate":"Mud","lease_number":null,"poll_year":2025}},{"type":"Feature","id":"606be91b-1aef-42da-bfc5-cb46772820c7","geometry":{"type":"Point","coordinates":[-94.8133124746359,29.52308309393308]},"properties":{"substrate":"Mud","lease_number":null,"poll_year":2025}},{"type":"Feature","id":"6087bfa8-af7a-4c2e-8771-aef84b8f8955","geometry":{"type":"Point","coordinates":[-94.81215945193442,29.52253580466293]},"properties":{"substrate":"Mud","lease_number":null,"poll_year":2025}},{"type":"Feature","id":"60a11d99-59af-499c-8eea-4d33acc17230","geometry":{"type":"Point","coordinates":[-94.81235466842207,29.520369845311293]},"properties":{"substrate":"Mud","lease_number":null,"poll_year":2025}},{"type":"Feature","id":"60bb4f61-3d40-4352-a963-1328f4dcb7a0","geometry":{"type":"Point","coordinates":[-94.81560783368019,29.51793388082012]},"properties":{"substrate":"Mud","lease_number":null,"poll_year":2025}},{"type":"Feature","id":"60ddcac5-9f43-4b5d-908a-d0d5e29c508f","geometry":{"type":"Point","coordinates":[-94.81448519379826,29.517920152334604]},"properties":{"substrate":"Mud","lease_number":null,"poll_year":2025}},{"type":"Feature","id":"6110d7aa-8d5b-4cd9-927b-a9315448a57f","geometry":{"type":"Point","coordinates":[-94.81541186799758,29.51699996511745]},"properties":{"substrate":"Mud","lease_number":null,"poll_year":2025}},{"type":"Feature","id":"61794f6b-5b6f-41c6-9b99-c20808342d4d","geometry":{"type":"Point","coordinates":[-94.81283991857562,29.51861696481938]},"properties":{"substrate":"Mud","lease_number":null,"poll_year":2025}},{"type":"Feature","id":"617de0a6-85f1-4abd-ba19-71cf7770333a","geometry":{"type":"Point","coordinates":[-94.82708434413577,29.51787991274291]},"properties":{"substrate":"Mud","lease_number":null,"poll_year":2025}},{"type":"Feature","id":"61b2d760-fb79-4b42-8e1b-d9d75998aafe","geometry":{"type":"Point","coordinates":[-94.81659974623038,29.51676447092774]},"properties":{"substrate":"Mud","lease_number":null,"poll_year":2025}},{"type":"Feature","id":"61ee4ded-ed9e-4792-aa7c-f0076368b729","geometry":{"type":"Point","coordinates":[-94.81742414543798,29.516168466103796]},"properties":{"substrate":"Mud","lease_number":null,"poll_year":2025}},{"type":"Feature","id":"62009065-8125-4e39-93ee-2b8dab9392e7","geometry":{"type":"Point","coordinates":[-94.81269657620236,29.522318871877175]},"properties":{"substrate":"Mud","lease_number":null,"poll_year":2025}},{"type":"Feature","id":"6241d121-e1f0-445e-8f0d-4b19fd3cabfe","geometry":{"type":"Point","coordinates":[-94.81414426607995,29.519615477226434]},"properties":{"substrate":"Mud","lease_number":null,"poll_year":2025}},{"type":"Feature","id":"62b5c38c-3cdb-447e-9b82-f2701fc7b362","geometry":{"type":"Point","coordinates":[-94.82683445797657,29.517481903734062]},"properties":{"substrate":"Mud","lease_number":null,"poll_year":2025}},{"type":"Feature","id":"62f8a4d8-16d6-45a8-93e4-5620cccf7ef8","geometry":{"type":"Point","coordinates":[-94.82715387284046,29.517042512703007]},"properties":{"substrate":"Mud","lease_number":null,"poll_year":2025}},{"type":"Feature","id":"634d96ba-debf-4e63-9bde-88e82d7fe024","geometry":{"type":"Point","coordinates":[-94.81646904764477,29.517572436895183]},"properties":{"substrate":"Mud","lease_number":null,"poll_year":2025}},{"type":"Feature","id":"63599c53-3f95-47b3-a2ad-fb5b7a7d998a","geometry":{"type":"Point","coordinates":[-94.81393443669756,29.519710092869698]},"properties":{"substrate":"Mud","lease_number":null,"poll_year":2025}},{"type":"Feature","id":"63de7cfb-90a0-445a-859c-2a96155067a3","geometry":{"type":"Point","coordinates":[-94.8167548753985,29.516451955807113]},"properties":{"substrate":"Mud","lease_number":null,"poll_year":2025}},{"type":"Feature","id":"63ed723a-9d11-4fb2-a7aa-09ed0b569f6d","geometry":{"type":"Point","coordinates":[-94.81443791187161,29.518197763337472]},"properties":{"substrate":"Mud","lease_number":null,"poll_year":2025}},{"type":"Feature","id":"646356ce-937d-4635-9cee-b9bb406ddba6","geometry":{"type":"Point","coordinates":[-94.8158091838646,29.51892109491133]},"properties":{"substrate":"Mud","lease_number":null,"poll_year":2025}},{"type":"Feature","id":"65230ce1-f79e-46be-b60b-389b30e0c9db","geometry":{"type":"Point","coordinates":[-94.81836299270772,29.516293459015934]},"properties":{"substrate":"Mud","lease_number":null,"poll_year":2025}},{"type":"Feature","id":"652a60f0-9ed7-4b63-bb4c-3ab622e734c6","geometry":{"type":"Point","coordinates":[-94.81333683335313,29.520995442129248]},"properties":{"substrate":"Mud","lease_number":null,"poll_year":2025}},{"type":"Feature","id":"6537f4b4-aba1-4f62-a944-bfaf4143bdc7","geometry":{"type":"Point","coordinates":[-94.81447936193544,29.518675318676095]},"properties":{"substrate":"Mud","lease_number":null,"poll_year":2025}},{"type":"Feature","id":"659fe60c-d915-4f02-ba31-0300d3a25678","geometry":{"type":"Point","coordinates":[-94.81575127666476,29.51764357478249]},"properties":{"substrate":"Mud","lease_number":null,"poll_year":2025}},{"type":"Feature","id":"65a65d27-8118-4e7f-8dd2-17818e448db2","geometry":{"type":"Point","coordinates":[-94.81733116621282,29.516491906727744]},"properties":{"substrate":"Mud","lease_number":null,"poll_year":2025}},{"type":"Feature","id":"65dcc217-b13d-436e-b488-5e502ccdf242","geometry":{"type":"Point","coordinates":[-94.81405626621641,29.518588678637215]},"properties":{"substrate":"Mud","lease_number":null,"poll_year":2025}},{"type":"Feature","id":"660249f7-be86-4f61-a103-31b0486a5e23","geometry":{"type":"Point","coordinates":[-94.81685703271091,29.51615670968116]},"properties":{"substrate":"Mud","lease_number":null,"poll_year":2025}},{"type":"Feature","id":"6618921e-c085-415f-a2ed-6846fdf55213","geometry":{"type":"Point","coordinates":[-94.81647615421697,29.516807229677756]},"properties":{"substrate":"Mud","lease_number":null,"poll_year":2025}},{"type":"Feature","id":"66264ef4-61f7-424e-b03a-b20eb4749f38","geometry":{"type":"Point","coordinates":[-94.81476091640336,29.5175594103436]},"properties":{"substrate":"Mud","lease_number":null,"poll_year":2025}},{"type":"Feature","id":"667fa1bc-e371-43cc-aba2-506e0fdcc888","geometry":{"type":"Point","coordinates":[-94.81287896474775,29.520135935649222]},"properties":{"substrate":"Mud","lease_number":null,"poll_year":2025}},{"type":"Feature","id":"66d1a7f8-f0f9-4c6a-8a0f-9b722af65c95","geometry":{"type":"Point","coordinates":[-94.82530505644242,29.516711642763315]},"properties":{"substrate":"Mud","lease_number":null,"poll_year":2025}},{"type":"Feature","id":"66f7da29-49fb-4ccf-8637-064e2761c241","geometry":{"type":"Point","coordinates":[-94.81384474710299,29.51921728430762]},"properties":{"substrate":"Mud","lease_number":null,"poll_year":2025}},{"type":"Feature","id":"671e3d78-e5b9-4e5d-a783-bba2936f1a34","geometry":{"type":"Point","coordinates":[-94.81387793356451,29.518436826613193]},"properties":{"substrate":"Mud","lease_number":null,"poll_year":2025}},{"type":"Feature","id":"672bf696-bd5f-4de8-8d84-aa3a3ab10e38","geometry":{"type":"Point","coordinates":[-94.82504717258223,29.516699337633007]},"properties":{"substrate":"Mud","lease_number":null,"poll_year":2025}},{"type":"Feature","id":"67300655-9d08-4fe8-a2fd-9f7b79047e21","geometry":{"type":"Point","coordinates":[-94.82600909577498,29.51804344363596]},"properties":{"substrate":"Mud","lease_number":null,"poll_year":2025}},{"type":"Feature","id":"673f3eb4-0965-4ca0-8be3-2d45da6c1806","geometry":{"type":"Point","coordinates":[-94.81235157821749,29.52193622166738]},"properties":{"substrate":"Mud","lease_number":null,"poll_year":2025}},{"type":"Feature","id":"67581a61-ff89-4306-bf67-11454509267d","geometry":{"type":"Point","coordinates":[-94.81656045841144,29.516286682215704]},"properties":{"substrate":"Mud","lease_number":null,"poll_year":2025}},{"type":"Feature","id":"67696d31-220a-4da9-a516-d7fc23638ab2","geometry":{"type":"Point","coordinates":[-94.81746898843866,29.517140245912024]},"properties":{"substrate":"Mud","lease_number":null,"poll_year":2025}},{"type":"Feature","id":"676eb477-56dd-43aa-a174-433fd5ae839d","geometry":{"type":"Point","coordinates":[-94.81210387855769,29.522055337012528]},"properties":{"substrate":"Mud","lease_number":null,"poll_year":2025}},{"type":"Feature","id":"67c3a626-6f32-43f0-b025-5ef14188fb1d","geometry":{"type":"Point","coordinates":[-94.8127029380712,29.516647507697815]},"properties":{"substrate":"Buried Shell","lease_number":null,"poll_year":2025}},{"type":"Feature","id":"67cee785-9253-4c08-806f-820caa2734f2","geometry":{"type":"Point","coordinates":[-94.81664912841819,29.517871385005535]},"properties":{"substrate":"Mud","lease_number":null,"poll_year":2025}},{"type":"Feature","id":"688252ca-1375-4515-b0cd-3e41c452a627","geometry":{"type":"Point","coordinates":[-94.8176613599618,29.5169690972347]},"properties":{"substrate":"Mud","lease_number":null,"poll_year":2025}},{"type":"Feature","id":"688bc7e8-8f74-440d-9564-b729a8d541b8","geometry":{"type":"Point","coordinates":[-94.81432706695206,29.517743622074523]},"properties":{"substrate":"Mud","lease_number":null,"poll_year":2025}},{"type":"Feature","id":"68b3bf13-75e4-4695-81b3-14172acf31dc","geometry":{"type":"Point","coordinates":[-94.81528130595588,29.51655022975913]},"properties":{"substrate":"Mud","lease_number":null,"poll_year":2025}},{"type":"Feature","id":"691cfab3-d8d0-4ac7-912c-450ce00f61c4","geometry":{"type":"Point","coordinates":[-94.81246492584343,29.523442702348124]},"properties":{"substrate":"Mud","lease_number":null,"poll_year":2025}},{"type":"Feature","id":"694e344e-2ab4-42df-ae38-4cd16e7bfed2","geometry":{"type":"Point","coordinates":[-94.81376510875809,29.521669873298165]},"properties":{"substrate":"Mud","lease_number":null,"poll_year":2025}},{"type":"Feature","id":"6953a517-ce32-4519-889d-9591ee2a8051","geometry":{"type":"Point","coordinates":[-94.81377181198674,29.519781318368167]},"properties":{"substrate":"Mud","lease_number":null,"poll_year":2025}},{"type":"Feature","id":"69d4b4e4-f6dd-4266-87bd-8edf191af382","geometry":{"type":"Point","coordinates":[-94.82595159910522,29.51625170066103]},"properties":{"substrate":"Mud","lease_number":null,"poll_year":2025}},{"type":"Feature","id":"69ed4318-755d-4d97-8ae6-a48ef22a02d8","geometry":{"type":"Point","coordinates":[-94.8168364433246,29.518335651995766]},"properties":{"substrate":"Mud","lease_number":null,"poll_year":2025}},{"type":"Feature","id":"6a593f88-9d97-4ce5-8ff7-5faf3ff43ec4","geometry":{"type":"Point","coordinates":[-94.82408140010847,29.516202691755495]},"properties":{"substrate":"Mud","lease_number":null,"poll_year":2025}},{"type":"Feature","id":"6a9cb852-ae23-462e-9e94-162c9882f679","geometry":{"type":"Point","coordinates":[-94.81400899686615,29.519150801022118]},"properties":{"substrate":"Mud","lease_number":null,"poll_year":2025}},{"type":"Feature","id":"6b481115-0c56-460f-b50f-806ab09ef1ed","geometry":{"type":"Point","coordinates":[-94.82762188791696,29.51688427167857]},"properties":{"substrate":"Mud","lease_number":null,"poll_year":2025}},{"type":"Feature","id":"6baca946-494a-43db-aabb-2e4604719cb8","geometry":{"type":"Point","coordinates":[-94.82613301657179,29.518250619649447]},"properties":{"substrate":"Mud","lease_number":null,"poll_year":2025}},{"type":"Feature","id":"6bed3025-4913-4141-9b25-d102c8f6feee","geometry":{"type":"Point","coordinates":[-94.81368528086868,29.519282373769634]},"properties":{"substrate":"Mud","lease_number":null,"poll_year":2025}},{"type":"Feature","id":"6c9936d5-1a83-4698-aca3-ec0c11226054","geometry":{"type":"Point","coordinates":[-94.81265914340446,29.522068254331312]},"properties":{"substrate":"Mud","lease_number":null,"poll_year":2025}},{"type":"Feature","id":"6cece126-153c-4105-8cf4-fde6a94f9635","geometry":{"type":"Point","coordinates":[-94.8141120605787,29.520431069326794]},"properties":{"substrate":"Mud","lease_number":null,"poll_year":2025}},{"type":"Feature","id":"6ceda020-11f6-41d6-aa1c-cb66a7f8c84f","geometry":{"type":"Point","coordinates":[-94.81366752387046,29.51744018730071]},"properties":{"substrate":"Mud","lease_number":null,"poll_year":2025}},{"type":"Feature","id":"6cfec99b-a063-4b6e-8633-3a1035d35a6b","geometry":{"type":"Point","coordinates":[-94.81312750882394,29.516968189654566]},"properties":{"substrate":"Buried Shell","lease_number":null,"poll_year":2025}},{"type":"Feature","id":"6d4166ec-1af1-4eb5-8c48-4b0ca5c7ded7","geometry":{"type":"Point","coordinates":[-94.81393298142682,29.516355064635604]},"properties":{"substrate":"Solid Reef","lease_number":null,"poll_year":2025}},{"type":"Feature","id":"6d7cb7b9-31d1-4b62-a0ff-070ce5da4af6","geometry":{"type":"Point","coordinates":[-94.81312468272404,29.51825606115264]},"properties":{"substrate":"Mud","lease_number":null,"poll_year":2025}},{"type":"Feature","id":"6deab652-d59f-48eb-9c1f-eed586db042e","geometry":{"type":"Point","coordinates":[-94.81379110510412,29.517962861348305]},"properties":{"substrate":"Mud","lease_number":null,"poll_year":2025}},{"type":"Feature","id":"6e123054-c0be-4d22-bcbb-6ef2a35933f5","geometry":{"type":"Point","coordinates":[-94.81206695240961,29.518952730617052]},"properties":{"substrate":"Mud","lease_number":null,"poll_year":2025}},{"type":"Feature","id":"6e4dc11a-ffd3-4a9a-b38a-6f3d68a53a3f","geometry":{"type":"Point","coordinates":[-94.81259304087429,29.520525266000472]},"properties":{"substrate":"Mud","lease_number":null,"poll_year":2025}},{"type":"Feature","id":"6e763e42-1e07-490b-bb71-190c6fb3dae8","geometry":{"type":"Point","coordinates":[-94.8126461501722,29.521818491328446]},"properties":{"substrate":"Mud","lease_number":null,"poll_year":2025}},{"type":"Feature","id":"6ee48194-866d-45df-aab8-ba13939a0903","geometry":{"type":"Point","coordinates":[-94.81540564536762,29.51959817737051]},"properties":{"substrate":"Mud","lease_number":null,"poll_year":2025}},{"type":"Feature","id":"6fa534e7-071d-4582-b9f5-fcf1a16a4412","geometry":{"type":"Point","coordinates":[-94.81707301555298,29.517317394783536]},"properties":{"substrate":"Mud","lease_number":null,"poll_year":2025}},{"type":"Feature","id":"6fc305f8-0004-4d33-a090-8298b25abe14","geometry":{"type":"Point","coordinates":[-94.8136585155648,29.517245072360094]},"properties":{"substrate":"Mud","lease_number":null,"poll_year":2025}},{"type":"Feature","id":"704af3f2-1b48-4438-8ea1-576b464d0fdd","geometry":{"type":"Point","coordinates":[-94.81458407136158,29.520236946655327]},"properties":{"substrate":"Mud","lease_number":null,"poll_year":2025}},{"type":"Feature","id":"706ad6a7-1716-43b4-a128-9f7caaf698cd","geometry":{"type":"Point","coordinates":[-94.81623932776536,29.518036358957367]},"properties":{"substrate":"Mud","lease_number":null,"poll_year":2025}},{"type":"Feature","id":"70867370-79da-4cb8-8871-5b7dbba9864a","geometry":{"type":"Point","coordinates":[-94.81410213778807,29.52154283822403]},"properties":{"substrate":"Mud","lease_number":null,"poll_year":2025}},{"type":"Feature","id":"70a89a8b-5d8b-4439-bbb8-a7e91e2462f4","geometry":{"type":"Point","coordinates":[-94.81538147439827,29.516762483002626]},"properties":{"substrate":"Mud","lease_number":null,"poll_year":2025}},{"type":"Feature","id":"71e92797-0933-4b26-9e8a-a63f510784f2","geometry":{"type":"Point","coordinates":[-94.81522287683487,29.520018326724035]},"properties":{"substrate":"Mud","lease_number":null,"poll_year":2025}},{"type":"Feature","id":"71fcf6fe-2834-4291-adc6-bce6bcd940be","geometry":{"type":"Point","coordinates":[-94.81583703882494,29.517078230366348]},"properties":{"substrate":"Mud","lease_number":null,"poll_year":2025}},{"type":"Feature","id":"721ecbf0-2814-4ff2-a5d7-025b2291e29c","geometry":{"type":"Point","coordinates":[-94.81386438966499,29.52218616338493]},"properties":{"substrate":"Mud","lease_number":null,"poll_year":2025}},{"type":"Feature","id":"72464c95-2bfc-4f77-be4b-cee038b51b4f","geometry":{"type":"Point","coordinates":[-94.81469305407356,29.517321437839705]},"properties":{"substrate":"Mud","lease_number":null,"poll_year":2025}},{"type":"Feature","id":"7275a367-17d2-48ca-83e6-66b12dae178b","geometry":{"type":"Point","coordinates":[-94.82505817155456,29.517310711076515]},"properties":{"substrate":"Mud","lease_number":null,"poll_year":2025}},{"type":"Feature","id":"72e000bd-3813-436f-a5e0-5de5257064f6","geometry":{"type":"Point","coordinates":[-94.82608190782204,29.51779884097058]},"properties":{"substrate":"Mud","lease_number":null,"poll_year":2025}},{"type":"Feature","id":"7346b635-5e4c-4201-947d-de713e6562ae","geometry":{"type":"Point","coordinates":[-94.81349582437863,29.51962658130749]},"properties":{"substrate":"Mud","lease_number":null,"poll_year":2025}},{"type":"Feature","id":"73693980-7279-4d52-beac-093ae3557b64","geometry":{"type":"Point","coordinates":[-94.8142511323611,29.516218302094703]},"properties":{"substrate":"Buried Shell","lease_number":null,"poll_year":2025}},{"type":"Feature","id":"73970e25-b490-4b31-8f3f-661fb2b5a6fa","geometry":{"type":"Point","coordinates":[-94.82583590957137,29.51698894361071]},"properties":{"substrate":"Mud","lease_number":null,"poll_year":2025}},{"type":"Feature","id":"739d714e-dfc7-4a3f-9685-d04250289e44","geometry":{"type":"Point","coordinates":[-94.81501565975333,29.520794969283276]},"properties":{"substrate":"Mud","lease_number":null,"poll_year":2025}},{"type":"Feature","id":"74da9af5-90ec-47c3-a598-1322f4d705f8","geometry":{"type":"Point","coordinates":[-94.8139542813805,29.519447034303152]},"properties":{"substrate":"Mud","lease_number":null,"poll_year":2025}},{"type":"Feature","id":"74ddd983-4d33-473a-908d-2881e3c5ed8f","geometry":{"type":"Point","coordinates":[-94.81250808719787,29.52159108083504]},"properties":{"substrate":"Mud","lease_number":null,"poll_year":2025}},{"type":"Feature","id":"74e287b5-a923-4508-ba37-7243290f1f4f","geometry":{"type":"Point","coordinates":[-94.81321626956054,29.51975052403212]},"properties":{"substrate":"Mud","lease_number":null,"poll_year":2025}},{"type":"Feature","id":"751b0090-1268-48eb-8f32-9f1970841e00","geometry":{"type":"Point","coordinates":[-94.81305635237196,29.52192589092573]},"properties":{"substrate":"Mud","lease_number":null,"poll_year":2025}},{"type":"Feature","id":"75346609-dd23-4405-95e6-7b022521ca26","geometry":{"type":"Point","coordinates":[-94.81326611258407,29.516895885742947]},"properties":{"substrate":"Mud","lease_number":null,"poll_year":2025}},{"type":"Feature","id":"759a4280-e804-4150-82e8-dd3517eed643","geometry":{"type":"Point","coordinates":[-94.81458455285858,29.51969673124322]},"properties":{"substrate":"Mud","lease_number":null,"poll_year":2025}},{"type":"Feature","id":"75bbfe7b-6ca4-4c25-94d5-aa1443f407f3","geometry":{"type":"Point","coordinates":[-94.81589110482864,29.520153871715507]},"properties":{"substrate":"Mud","lease_number":null,"poll_year":2025}},{"type":"Feature","id":"75f2d06a-d7fb-490f-a223-12b61375e7d8","geometry":{"type":"Point","coordinates":[-94.8248661512727,29.517390817816317]},"properties":{"substrate":"Mud","lease_number":null,"poll_year":2025}},{"type":"Feature","id":"764ba954-16c0-4185-9ce4-3c253b028f52","geometry":{"type":"Point","coordinates":[-94.8235184304115,29.516990440609533]},"properties":{"substrate":"Mud","lease_number":null,"poll_year":2025}},{"type":"Feature","id":"768ed5aa-4c3c-474b-abc8-c1a99ad874ee","geometry":{"type":"Point","coordinates":[-94.81279849186798,29.519413750920172]},"properties":{"substrate":"Mud","lease_number":null,"poll_year":2025}},{"type":"Feature","id":"76982f81-62f8-41d5-85ac-529fd907f9eb","geometry":{"type":"Point","coordinates":[-94.81548941506449,29.51750231910071]},"properties":{"substrate":"Mud","lease_number":null,"poll_year":2025}},{"type":"Feature","id":"76d9ddd6-a050-4051-9078-85a63a5e2d55","geometry":{"type":"Point","coordinates":[-94.81277140856048,29.52330803411043]},"properties":{"substrate":"Mud","lease_number":null,"poll_year":2025}},{"type":"Feature","id":"77ffd7e7-498a-482f-ac8d-126bdf162946","geometry":{"type":"Point","coordinates":[-94.81390833165541,29.52075928263614]},"properties":{"substrate":"Mud","lease_number":null,"poll_year":2025}},{"type":"Feature","id":"7859b003-80fe-42c3-a89d-dfb07f7d7c89","geometry":{"type":"Point","coordinates":[-94.82364904635213,29.51688089385151]},"properties":{"substrate":"Mud","lease_number":null,"poll_year":2025}},{"type":"Feature","id":"78b6db57-504d-4c26-9823-ea788d4bc8f0","geometry":{"type":"Point","coordinates":[-94.81414424092712,29.522069891176297]},"properties":{"substrate":"Mud","lease_number":null,"poll_year":2025}},{"type":"Feature","id":"799746d0-f170-4fcc-a099-d9d506388956","geometry":{"type":"Point","coordinates":[-94.81264773839362,29.518701526268764]},"properties":{"substrate":"Mud","lease_number":null,"poll_year":2025}},{"type":"Feature","id":"7ad6bcf8-ed43-4e21-9216-1bcf2ac5d9fd","geometry":{"type":"Point","coordinates":[-94.82516147871054,29.516641675245445]},"properties":{"substrate":"Mud","lease_number":null,"poll_year":2025}},{"type":"Feature","id":"7aef56bd-fa8a-4bd5-a030-711e33d0653a","geometry":{"type":"Point","coordinates":[-94.81370326244574,29.52133663121028]},"properties":{"substrate":"Mud","lease_number":null,"poll_year":2025}},{"type":"Feature","id":"7b59f431-333a-4e62-8b01-1afe3d64eb97","geometry":{"type":"Point","coordinates":[-94.82581633797626,29.517237587384642]},"properties":{"substrate":"Mud","lease_number":null,"poll_year":2025}},{"type":"Feature","id":"7b625797-5342-4d86-90ae-f5be8678b073","geometry":{"type":"Point","coordinates":[-94.82450600140393,29.516939759174527]},"properties":{"substrate":"Mud","lease_number":null,"poll_year":2025}},{"type":"Feature","id":"7beddc81-fb31-4051-a50e-170e66d48394","geometry":{"type":"Point","coordinates":[-94.82553063868163,29.51711094229721]},"properties":{"substrate":"Mud","lease_number":null,"poll_year":2025}},{"type":"Feature","id":"7c5da667-d0b3-4a0c-b682-2bffca0db5b4","geometry":{"type":"Point","coordinates":[-94.82420234299013,29.51716324415472]},"properties":{"substrate":"Mud","lease_number":null,"poll_year":2025}},{"type":"Feature","id":"7c8553ed-6e43-4d6f-baac-803242382905","geometry":{"type":"Point","coordinates":[-94.81346106406872,29.523293134624854]},"properties":{"substrate":"Mud","lease_number":null,"poll_year":2025}},{"type":"Feature","id":"7cb7393f-e30b-4983-abfe-c7cbf0beaaa6","geometry":{"type":"Point","coordinates":[-94.81293749088684,29.516546349271128]},"properties":{"substrate":"Buried Shell","lease_number":null,"poll_year":2025}},{"type":"Feature","id":"7cc6d809-8846-4c52-9c02-ea0095efb75c","geometry":{"type":"Point","coordinates":[-94.81398564156709,29.521232021620317]},"properties":{"substrate":"Mud","lease_number":null,"poll_year":2025}},{"type":"Feature","id":"7d144a53-189d-425d-b295-29ee699dd164","geometry":{"type":"Point","coordinates":[-94.82700697673194,29.516772162313398]},"properties":{"substrate":"Mud","lease_number":null,"poll_year":2025}},{"type":"Feature","id":"7d683351-39b7-4c73-bf5e-6dcc104ae945","geometry":{"type":"Point","coordinates":[-94.827476523436,29.51744792319306]},"properties":{"substrate":"Mud","lease_number":null,"poll_year":2025}},{"type":"Feature","id":"7d6d6310-56ad-4c60-8f44-848a1d9704db","geometry":{"type":"Point","coordinates":[-94.81412314039942,29.516797502685183]},"properties":{"substrate":"Buried Shell","lease_number":null,"poll_year":2025}},{"type":"Feature","id":"7d88eb44-a736-48dc-bf3c-2bb9ffc80306","geometry":{"type":"Point","coordinates":[-94.81353379706401,29.516295877682328]},"properties":{"substrate":"Buried Shell","lease_number":null,"poll_year":2025}},{"type":"Feature","id":"7e48bc76-b4f2-4696-b5fb-a21edc611b3c","geometry":{"type":"Point","coordinates":[-94.81254231031525,29.52237538195863]},"properties":{"substrate":"Mud","lease_number":null,"poll_year":2025}},{"type":"Feature","id":"7e616a46-cf74-4e55-a889-a2f8a0b9b9ae","geometry":{"type":"Point","coordinates":[-94.81279677967903,29.522779694712643]},"properties":{"substrate":"Mud","lease_number":null,"poll_year":2025}},{"type":"Feature","id":"7ed198ca-7677-4e4f-bec4-60254a636d58","geometry":{"type":"Point","coordinates":[-94.81354550660375,29.521173670801357]},"properties":{"substrate":"Mud","lease_number":null,"poll_year":2025}},{"type":"Feature","id":"7f75717a-4559-482f-8a7e-f1e2e11b7fe7","geometry":{"type":"Point","coordinates":[-94.81228969597252,29.518059732219307]},"properties":{"substrate":"Mud","lease_number":null,"poll_year":2025}},{"type":"Feature","id":"7ff94d95-0e2a-4ce1-b720-67f540104f4e","geometry":{"type":"Point","coordinates":[-94.81289642799688,29.52118762866237]},"properties":{"substrate":"Mud","lease_number":null,"poll_year":2025}},{"type":"Feature","id":"80601a82-d160-4144-a602-d0943d83faaa","geometry":{"type":"Point","coordinates":[-94.81297993628401,29.518052329384115]},"properties":{"substrate":"Mud","lease_number":null,"poll_year":2025}},{"type":"Feature","id":"806a2818-6d3c-403b-8fb0-7c5b4e4e077f","geometry":{"type":"Point","coordinates":[-94.82758259470812,29.517120301850518]},"properties":{"substrate":"Mud","lease_number":null,"poll_year":2025}},{"type":"Feature","id":"8082114c-f80b-4f08-bac9-b224cf0d44e7","geometry":{"type":"Point","coordinates":[-94.81403289474765,29.519918785095758]},"properties":{"substrate":"Mud","lease_number":null,"poll_year":2025}},{"type":"Feature","id":"819660b0-56dc-4353-8515-5790286484e0","geometry":{"type":"Point","coordinates":[-94.81292327684409,29.516255518622113]},"properties":{"substrate":"Solid Reef","lease_number":null,"poll_year":2025}},{"type":"Feature","id":"81b3b110-ee5d-4aab-b2bf-23113ed24788","geometry":{"type":"Point","coordinates":[-94.81505230742364,29.516154448920762]},"properties":{"substrate":"Mud","lease_number":null,"poll_year":2025}},{"type":"Feature","id":"82621324-8248-4b35-b82f-e92c2f30cd32","geometry":{"type":"Point","coordinates":[-94.81240689018449,29.520091625852157]},"properties":{"substrate":"Mud","lease_number":null,"poll_year":2025}},{"type":"Feature","id":"8265c515-751b-4860-bb15-289d9b32c027","geometry":{"type":"Point","coordinates":[-94.81543436271062,29.516234088320413]},"properties":{"substrate":"Mud","lease_number":null,"poll_year":2025}},{"type":"Feature","id":"82e16e66-2c65-4339-9d1e-4eb8c5f5c5b6","geometry":{"type":"Point","coordinates":[-94.81294331735975,29.517053624101898]},"properties":{"substrate":"Buried Shell","lease_number":null,"poll_year":2025}},{"type":"Feature","id":"83593cda-e39d-4327-bde9-6c7ba976f7a9","geometry":{"type":"Point","coordinates":[-94.81459316410889,29.521499776616743]},"properties":{"substrate":"Mud","lease_number":null,"poll_year":2025}},{"type":"Feature","id":"842f80c0-8f6e-46b9-afc9-e2e7a987a5a5","geometry":{"type":"Point","coordinates":[-94.81369364867557,29.51852200732811]},"properties":{"substrate":"Mud","lease_number":null,"poll_year":2025}},{"type":"Feature","id":"843806d6-fae3-4278-bb6f-2fe268325900","geometry":{"type":"Point","coordinates":[-94.81219614092726,29.521217629927484]},"properties":{"substrate":"Mud","lease_number":null,"poll_year":2025}},{"type":"Feature","id":"8449f53b-5ac5-41bb-8f8e-d1c50d7e5135","geometry":{"type":"Point","coordinates":[-94.81239876761768,29.518804589128433]},"properties":{"substrate":"Mud","lease_number":null,"poll_year":2025}},{"type":"Feature","id":"84d047e5-6cb1-433b-aceb-6cbb21ea3168","geometry":{"type":"Point","coordinates":[-94.81780849142893,29.516915255282196]},"properties":{"substrate":"Mud","lease_number":null,"poll_year":2025}},{"type":"Feature","id":"84eb184e-0521-4d2a-b8ad-fd9dfceee7d9","geometry":{"type":"Point","coordinates":[-94.81254452106916,29.51772060520255]},"properties":{"substrate":"Mud","lease_number":null,"poll_year":2025}},{"type":"Feature","id":"8503c47a-2771-4d5a-943d-4e916a1a64ac","geometry":{"type":"Point","coordinates":[-94.82761076228216,29.51633853969616]},"properties":{"substrate":"Mud","lease_number":null,"poll_year":2025}},{"type":"Feature","id":"853c37f9-bd6b-401a-85b8-7e2660166e30","geometry":{"type":"Point","coordinates":[-94.81248427735126,29.521892187030026]},"properties":{"substrate":"Mud","lease_number":null,"poll_year":2025}},{"type":"Feature","id":"8553a28b-28e9-4d64-926f-6b6591df5bc6","geometry":{"type":"Point","coordinates":[-94.82633268960159,29.51679660135728]},"properties":{"substrate":"Mud","lease_number":null,"poll_year":2025}},{"type":"Feature","id":"85a169a5-8575-44d8-832e-e57bf467d3fc","geometry":{"type":"Point","coordinates":[-94.8158189584332,29.51634666106436]},"properties":{"substrate":"Mud","lease_number":null,"poll_year":2025}},{"type":"Feature","id":"85f074cc-f349-48fc-a158-5b448f099afd","geometry":{"type":"Point","coordinates":[-94.82259216404731,29.516161196024168]},"properties":{"substrate":"Mud","lease_number":null,"poll_year":2025}},{"type":"Feature","id":"8630674e-cadf-4738-8b5d-589185f335eb","geometry":{"type":"Point","coordinates":[-94.81568410693602,29.517140592214663]},"properties":{"substrate":"Mud","lease_number":null,"poll_year":2025}},{"type":"Feature","id":"866a4356-4c1f-42cb-9d8e-15a33084cda0","geometry":{"type":"Point","coordinates":[-94.8122603956229,29.52145094066092]},"properties":{"substrate":"Mud","lease_number":null,"poll_year":2025}},{"type":"Feature","id":"86ed9a13-4edf-4dbd-8f99-4b27b0735cf2","geometry":{"type":"Point","coordinates":[-94.81216074461011,29.52333694196716]},"properties":{"substrate":"Mud","lease_number":null,"poll_year":2025}},{"type":"Feature","id":"876d4863-b28c-4910-8a30-0c915dd39da8","geometry":{"type":"Point","coordinates":[-94.81373697891328,29.52271483496876]},"properties":{"substrate":"Mud","lease_number":null,"poll_year":2025}},{"type":"Feature","id":"87ab8c9c-0335-4570-a8d3-db5b06aaf7cf","geometry":{"type":"Point","coordinates":[-94.81400524729816,29.51685061378872]},"properties":{"substrate":"Buried Shell","lease_number":null,"poll_year":2025}},{"type":"Feature","id":"87fb78c6-2ead-4797-9e0d-b9905ac799fd","geometry":{"type":"Point","coordinates":[-94.81734857735965,29.517072210325484]},"properties":{"substrate":"Mud","lease_number":null,"poll_year":2025}},{"type":"Feature","id":"88428dc9-0cf3-4da6-b0ef-bfb3eb95c8f6","geometry":{"type":"Point","coordinates":[-94.81339512593024,29.52044092573162]},"properties":{"substrate":"Mud","lease_number":null,"poll_year":2025}},{"type":"Feature","id":"8865c099-4495-4641-894d-8309654011c9","geometry":{"type":"Point","coordinates":[-94.81441633433847,29.51975592871471]},"properties":{"substrate":"Mud","lease_number":null,"poll_year":2025}},{"type":"Feature","id":"88aa409a-d876-42b0-811b-5a8694682ce8","geometry":{"type":"Point","coordinates":[-94.8149087656244,29.520131641780274]},"properties":{"substrate":"Mud","lease_number":null,"poll_year":2025}},{"type":"Feature","id":"88ab3806-3442-44b0-aebf-186b905e6223","geometry":{"type":"Point","coordinates":[-94.8150260146336,29.518726179816763]},"properties":{"substrate":"Mud","lease_number":null,"poll_year":2025}},{"type":"Feature","id":"89de0a6c-ba09-424e-9b67-2f64c3be92cf","geometry":{"type":"Point","coordinates":[-94.81647919501421,29.516553484866208]},"properties":{"substrate":"Mud","lease_number":null,"poll_year":2025}},{"type":"Feature","id":"8a1e36fc-f937-479b-91a0-74e04f703120","geometry":{"type":"Point","coordinates":[-94.81278016982944,29.520715941630737]},"properties":{"substrate":"Mud","lease_number":null,"poll_year":2025}},{"type":"Feature","id":"8a574fdd-bd79-43d5-af39-3d54fdd6d69c","geometry":{"type":"Point","coordinates":[-94.8150131076396,29.517700142976924]},"properties":{"substrate":"Mud","lease_number":null,"poll_year":2025}},{"type":"Feature","id":"8ab6f892-b8bf-4cee-bf5a-6e2b7a6eed74","geometry":{"type":"Point","coordinates":[-94.82747074996367,29.516938621767505]},"properties":{"substrate":"Mud","lease_number":null,"poll_year":2025}},{"type":"Feature","id":"8b3c7bf9-fc5f-40e9-a8d9-a5bccdda3915","geometry":{"type":"Point","coordinates":[-94.81503187973408,29.518176019980018]},"properties":{"substrate":"Mud","lease_number":null,"poll_year":2025}},{"type":"Feature","id":"8bbb3a21-0c8e-4b47-8221-9bdffd8f079c","geometry":{"type":"Point","coordinates":[-94.81615680403178,29.516929091000048]},"properties":{"substrate":"Mud","lease_number":null,"poll_year":2025}},{"type":"Feature","id":"8bdf294a-834d-4350-bc3d-ddb4b8231bee","geometry":{"type":"Point","coordinates":[-94.81797671174567,29.516453739707572]},"properties":{"substrate":"Mud","lease_number":null,"poll_year":2025}},{"type":"Feature","id":"8bedfcd3-a503-4330-a896-265366991e64","geometry":{"type":"Point","coordinates":[-94.82497872724578,29.517221243948512]},"properties":{"substrate":"Mud","lease_number":null,"poll_year":2025}},{"type":"Feature","id":"8c78fdae-5b35-49e3-b127-8bb63898ef60","geometry":{"type":"Point","coordinates":[-94.8127913179221,29.522026535880283]},"properties":{"substrate":"Mud","lease_number":null,"poll_year":2025}},{"type":"Feature","id":"8ce1cda7-0a4f-405c-9823-d1d07b20afde","geometry":{"type":"Point","coordinates":[-94.81430989296047,29.521102548684443]},"properties":{"substrate":"Mud","lease_number":null,"poll_year":2025}},{"type":"Feature","id":"8e0f2472-e796-40f7-a5de-d4c55247b058","geometry":{"type":"Point","coordinates":[-94.825677126955,29.517297324118218]},"properties":{"substrate":"Mud","lease_number":null,"poll_year":2025}},{"type":"Feature","id":"8e998efd-ffd8-4b33-bb48-5e0f9311f8c8","geometry":{"type":"Point","coordinates":[-94.81670150738579,29.5174779333841]},"properties":{"substrate":"Mud","lease_number":null,"poll_year":2025}},{"type":"Feature","id":"8e9c747c-1796-4bce-8c79-893f2ff8b9c9","geometry":{"type":"Point","coordinates":[-94.81282132255092,29.518118946282698]},"properties":{"substrate":"Mud","lease_number":null,"poll_year":2025}},{"type":"Feature","id":"8f4a63ff-a536-4531-8508-796a5380e913","geometry":{"type":"Point","coordinates":[-94.8134129206577,29.522016631947153]},"properties":{"substrate":"Mud","lease_number":null,"poll_year":2025}},{"type":"Feature","id":"8fd0d7ec-12b7-4b31-a0ae-06f71f85c880","geometry":{"type":"Point","coordinates":[-94.81241356287042,29.52242921318911]},"properties":{"substrate":"Mud","lease_number":null,"poll_year":2025}},{"type":"Feature","id":"8fd698a9-6e39-47a5-90b2-ed4fda91dbe2","geometry":{"type":"Point","coordinates":[-94.81331019561,29.5163886069946]},"properties":{"substrate":"Buried Shell","lease_number":null,"poll_year":2025}},{"type":"Feature","id":"906a2567-39d4-4e4b-a9fa-b6189a87f690","geometry":{"type":"Point","coordinates":[-94.81244755961234,29.519031309383514]},"properties":{"substrate":"Mud","lease_number":null,"poll_year":2025}},{"type":"Feature","id":"910b411e-a04c-4aab-9261-2bb73b6706ca","geometry":{"type":"Point","coordinates":[-94.81586375831475,29.51679804520174]},"properties":{"substrate":"Mud","lease_number":null,"poll_year":2025}},{"type":"Feature","id":"91c021a7-005d-4ba7-b824-cd517f1035a2","geometry":{"type":"Point","coordinates":[-94.81342091656204,29.51682625762061]},"properties":{"substrate":"Mud","lease_number":null,"poll_year":2025}},{"type":"Feature","id":"91d0660b-4f2d-4abd-9bae-57446fbe2d58","geometry":{"type":"Point","coordinates":[-94.81514197815363,29.519201173357786]},"properties":{"substrate":"Mud","lease_number":null,"poll_year":2025}},{"type":"Feature","id":"926f2c3d-596c-43fc-a7d9-4dea544c069e","geometry":{"type":"Point","coordinates":[-94.82428790302936,29.516447130207595]},"properties":{"substrate":"Mud","lease_number":null,"poll_year":2025}},{"type":"Feature","id":"93695e28-5fe7-4f03-bd4a-99cd03f7035e","geometry":{"type":"Point","coordinates":[-94.81342091656204,29.51785725392783]},"properties":{"substrate":"Mud","lease_number":null,"poll_year":2025}},{"type":"Feature","id":"93bd4828-0af0-4508-8cf2-f061f8f61c80","geometry":{"type":"Point","coordinates":[-94.81434699607665,29.517971568090736]},"properties":{"substrate":"Mud","lease_number":null,"poll_year":2025}},{"type":"Feature","id":"93e88d3b-9078-429e-a04c-f7f3976fdc06","geometry":{"type":"Point","coordinates":[-94.81468178740326,29.51655867630842]},"properties":{"substrate":"Mud","lease_number":null,"poll_year":2025}},{"type":"Feature","id":"93fd4246-36a5-4ff3-8f35-838f91ed4e84","geometry":{"type":"Point","coordinates":[-94.8121081114193,29.5249954239827]},"properties":{"substrate":"Mud","lease_number":null,"poll_year":2025}},{"type":"Feature","id":"944c5a6e-4a5d-4cb0-9791-cf10bbdfd84a","geometry":{"type":"Point","coordinates":[-94.81378261243141,29.519509207082965]},"properties":{"substrate":"Mud","lease_number":null,"poll_year":2025}},{"type":"Feature","id":"955ed2ba-f905-46c9-9d0e-d69717abe475","geometry":{"type":"Point","coordinates":[-94.8125755093532,29.518484853389378]},"properties":{"substrate":"Mud","lease_number":null,"poll_year":2025}},{"type":"Feature","id":"9560a574-65c3-49f0-b4c9-4f5e5c70dc4a","geometry":{"type":"Point","coordinates":[-94.81214037261611,29.5207120050205]},"properties":{"substrate":"Mud","lease_number":null,"poll_year":2025}},{"type":"Feature","id":"957b7037-2466-4734-835b-de17ceb2b4d3","geometry":{"type":"Point","coordinates":[-94.81481670807071,29.51624842131072]},"properties":{"substrate":"Mud","lease_number":null,"poll_year":2025}},{"type":"Feature","id":"96a270fc-70a2-4072-b1b5-1791c9a1ca0c","geometry":{"type":"Point","coordinates":[-94.82511113173213,29.51716392737909]},"properties":{"substrate":"Mud","lease_number":null,"poll_year":2025}},{"type":"Feature","id":"98112a6a-5664-4244-b828-dcfc698f8d0c","geometry":{"type":"Point","coordinates":[-94.8140854003777,29.518090620875604]},"properties":{"substrate":"Mud","lease_number":null,"poll_year":2025}},{"type":"Feature","id":"985f60ea-2423-4192-82fe-75bc4f64c228","geometry":{"type":"Point","coordinates":[-94.81355986258029,29.52036942866705]},"properties":{"substrate":"Mud","lease_number":null,"poll_year":2025}},{"type":"Feature","id":"9887f30c-9b07-4a87-8b91-f068f0e695a8","geometry":{"type":"Point","coordinates":[-94.81403867630483,29.52253449691265]},"properties":{"substrate":"Mud","lease_number":null,"poll_year":2025}},{"type":"Feature","id":"98d83162-1afa-4052-b325-93b92ae6c66b","geometry":{"type":"Point","coordinates":[-94.82580468143715,29.518338990688584]},"properties":{"substrate":"Mud","lease_number":null,"poll_year":2025}},{"type":"Feature","id":"98f6c5f2-84fe-49e5-a4e3-9e18b6883430","geometry":{"type":"Point","coordinates":[-94.82461336804668,29.516472795077313]},"properties":{"substrate":"Mud","lease_number":null,"poll_year":2025}},{"type":"Feature","id":"999ec635-f1c1-4010-a9b2-7abb0d4b6368","geometry":{"type":"Point","coordinates":[-94.81224743113671,29.52276806334495]},"properties":{"substrate":"Mud","lease_number":null,"poll_year":2025}},{"type":"Feature","id":"999ed5f5-cbab-4497-9123-f64c7a346d76","geometry":{"type":"Point","coordinates":[-94.81458748226473,29.52181563661359]},"properties":{"substrate":"Mud","lease_number":null,"poll_year":2025}},{"type":"Feature","id":"99af3b3a-69c4-4e8a-a687-c96962deb966","geometry":{"type":"Point","coordinates":[-94.82678669455291,29.516852783853658]},"properties":{"substrate":"Mud","lease_number":null,"poll_year":2025}},{"type":"Feature","id":"9a9eb735-0585-4dbf-82c5-665321fbae81","geometry":{"type":"Point","coordinates":[-94.8163029410639,29.518172124701778]},"properties":{"substrate":"Mud","lease_number":null,"poll_year":2025}},{"type":"Feature","id":"9acedc7f-6b34-446a-9e56-354390494e7f","geometry":{"type":"Point","coordinates":[-94.81570174086505,29.51928155610631]},"properties":{"substrate":"Mud","lease_number":null,"poll_year":2025}},{"type":"Feature","id":"9b14961a-3cb0-499e-aee6-8b8ef67eacfc","geometry":{"type":"Point","coordinates":[-94.81245364390175,29.52058641878765]},"properties":{"substrate":"Mud","lease_number":null,"poll_year":2025}},{"type":"Feature","id":"9b9da215-00c7-41b1-aedd-af5682182ab8","geometry":{"type":"Point","coordinates":[-94.82330883638772,29.51641679216722]},"properties":{"substrate":"Mud","lease_number":null,"poll_year":2025}},{"type":"Feature","id":"9c0e2a14-3542-4c00-b271-4caecff86909","geometry":{"type":"Point","coordinates":[-94.81325076666407,29.5179369732859]},"properties":{"substrate":"Mud","lease_number":null,"poll_year":2025}},{"type":"Feature","id":"9c1af5f0-ffb6-4b9f-a46e-2549e457fe68","geometry":{"type":"Point","coordinates":[-94.82546799825855,29.517021732960988]},"properties":{"substrate":"Mud","lease_number":null,"poll_year":2025}},{"type":"Feature","id":"9d4e3895-a4dd-4c34-899c-7ae87f95804f","geometry":{"type":"Point","coordinates":[-94.81315445558752,29.522629906357373]},"properties":{"substrate":"Mud","lease_number":null,"poll_year":2025}},{"type":"Feature","id":"9d9829d8-33de-4f10-9589-ee831b4b28a0","geometry":{"type":"Point","coordinates":[-94.8241250770959,29.51706801795044]},"properties":{"substrate":"Mud","lease_number":null,"poll_year":2025}},{"type":"Feature","id":"9d986d00-bb7a-4873-98d7-ea052b3a1f0e","geometry":{"type":"Point","coordinates":[-94.82299264557737,29.51676933012621]},"properties":{"substrate":"Mud","lease_number":null,"poll_year":2025}},{"type":"Feature","id":"9dcee75a-e6cb-4c6e-8265-bdc4f709b3f2","geometry":{"type":"Point","coordinates":[-94.81816902667495,29.51637227280213]},"properties":{"substrate":"Mud","lease_number":null,"poll_year":2025}},{"type":"Feature","id":"9e85d1a1-a02a-4dc5-9843-b9727ca2d7cf","geometry":{"type":"Point","coordinates":[-94.82716345966116,29.51623021172894]},"properties":{"substrate":"Mud","lease_number":null,"poll_year":2025}},{"type":"Feature","id":"9eb241d4-faba-411c-93a7-5b78fe462d78","geometry":{"type":"Point","coordinates":[-94.8142588794321,29.518766247877643]},"properties":{"substrate":"Mud","lease_number":null,"poll_year":2025}},{"type":"Feature","id":"9eb8e65a-f6fa-4634-8b08-5ff5204c119f","geometry":{"type":"Point","coordinates":[-94.81456877484892,29.516608121244424]},"properties":{"substrate":"Mud","lease_number":null,"poll_year":2025}},{"type":"Feature","id":"9ef6613b-383e-4bfb-923f-5fe4d2c5a5df","geometry":{"type":"Point","coordinates":[-94.81386411567881,29.51998419382163]},"properties":{"substrate":"Mud","lease_number":null,"poll_year":2025}},{"type":"Feature","id":"9f23517d-8f22-493d-a2ce-a035e69930ca","geometry":{"type":"Point","coordinates":[-94.81710879634909,29.517130164049863]},"properties":{"substrate":"Mud","lease_number":null,"poll_year":2025}},{"type":"Feature","id":"9f543e87-056b-48f7-906a-07b81706d53e","geometry":{"type":"Point","coordinates":[-94.81466722391586,29.521314425767255]},"properties":{"substrate":"Mud","lease_number":null,"poll_year":2025}},{"type":"Feature","id":"9fc70f94-9399-4a03-9f56-427957475792","geometry":{"type":"Point","coordinates":[-94.82574999829085,29.51689720998229]},"properties":{"substrate":"Mud","lease_number":null,"poll_year":2025}},{"type":"Feature","id":"9fca01b3-13ad-46be-bd58-b08143c8cf6f","geometry":{"type":"Point","coordinates":[-94.81476713813502,29.5208924518534]},"properties":{"substrate":"Mud","lease_number":null,"poll_year":2025}},{"type":"Feature","id":"a016eb48-e919-4c73-b2e2-049df2c90ed4","geometry":{"type":"Point","coordinates":[-94.8256712959905,29.51638526198356]},"properties":{"substrate":"Mud","lease_number":null,"poll_year":2025}},{"type":"Feature","id":"a02d7b13-54ae-4969-86a4-b94bb23f316e","geometry":{"type":"Point","coordinates":[-94.82609383295741,29.516182950758726]},"properties":{"substrate":"Mud","lease_number":null,"poll_year":2025}},{"type":"Feature","id":"a03f3bac-cdbf-487a-b98a-432e8d7a33d5","geometry":{"type":"Point","coordinates":[-94.81234386618078,29.522197364112564]},"properties":{"substrate":"Mud","lease_number":null,"poll_year":2025}},{"type":"Feature","id":"a0618bb1-3c2a-48aa-a7f6-5d1ba1c74315","geometry":{"type":"Point","coordinates":[-94.81491729602634,29.519574562917782]},"properties":{"substrate":"Mud","lease_number":null,"poll_year":2025}},{"type":"Feature","id":"a0882865-40bc-4412-9906-65c71b290ea2","geometry":{"type":"Point","coordinates":[-94.81689237602745,29.51639952928737]},"properties":{"substrate":"Mud","lease_number":null,"poll_year":2025}},{"type":"Feature","id":"a0f2f876-5e3e-472d-8f48-d030bd7722b8","geometry":{"type":"Point","coordinates":[-94.82577788020065,29.517905648385373]},"properties":{"substrate":"Mud","lease_number":null,"poll_year":2025}},{"type":"Feature","id":"a16a58f0-5fab-40d9-9523-86d70af45cb4","geometry":{"type":"Point","coordinates":[-94.82513439630138,29.517966709731663]},"properties":{"substrate":"Mud","lease_number":null,"poll_year":2025}},{"type":"Feature","id":"a1df0ab9-479f-4d45-8077-05beacd2189f","geometry":{"type":"Point","coordinates":[-94.81323699908403,29.522079376903626]},"properties":{"substrate":"Mud","lease_number":null,"poll_year":2025}},{"type":"Feature","id":"a1eae0b7-d6e6-433b-816f-4be2328ea14d","geometry":{"type":"Point","coordinates":[-94.81206609092524,29.52101984732216]},"properties":{"substrate":"Mud","lease_number":null,"poll_year":2025}},{"type":"Feature","id":"a1f13695-7f2c-4519-80e3-354f62b4b9d4","geometry":{"type":"Point","coordinates":[-94.82763738744887,29.516509153175598]},"properties":{"substrate":"Mud","lease_number":null,"poll_year":2025}},{"type":"Feature","id":"a2414ad8-f6b6-49cd-976e-ac646c013db2","geometry":{"type":"Point","coordinates":[-94.81430356612591,29.52161993602767]},"properties":{"substrate":"Mud","lease_number":null,"poll_year":2025}},{"type":"Feature","id":"a25b7c08-528d-4f04-9649-76c8fcacc7fe","geometry":{"type":"Point","coordinates":[-94.82613211915482,29.51711666528152]},"properties":{"substrate":"Mud","lease_number":null,"poll_year":2025}},{"type":"Feature","id":"a2e2f23a-031e-4d19-b693-d56a1370f472","geometry":{"type":"Point","coordinates":[-94.82699569389196,29.51710100817754]},"properties":{"substrate":"Mud","lease_number":null,"poll_year":2025}},{"type":"Feature","id":"a2eba6cb-3078-408b-8d32-1ff487b7aece","geometry":{"type":"Point","coordinates":[-94.8134101816944,29.521454114314754]},"properties":{"substrate":"Mud","lease_number":null,"poll_year":2025}},{"type":"Feature","id":"a2f12da0-3347-4295-af63-1c2651a0a5c3","geometry":{"type":"Point","coordinates":[-94.8258843655961,29.516827161293396]},"properties":{"substrate":"Mud","lease_number":null,"poll_year":2025}},{"type":"Feature","id":"a2fa2b24-2890-41e1-bc4a-f87e6c5281a5","geometry":{"type":"Point","coordinates":[-94.82628499265324,29.51791349602749]},"properties":{"substrate":"Mud","lease_number":null,"poll_year":2025}},{"type":"Feature","id":"a376121b-1878-4b18-9379-077e585d5066","geometry":{"type":"Point","coordinates":[-94.81399567844375,29.518887786340688]},"properties":{"substrate":"Mud","lease_number":null,"poll_year":2025}},{"type":"Feature","id":"a3a61ef9-3c3f-49ff-b5d8-cfac64fe627b","geometry":{"type":"Point","coordinates":[-94.8240793618311,29.51724178835163]},"properties":{"substrate":"Mud","lease_number":null,"poll_year":2025}},{"type":"Feature","id":"a40a8999-0640-41cb-9e5c-63db3e137809","geometry":{"type":"Point","coordinates":[-94.81608531879642,29.51970197177135]},"properties":{"substrate":"Mud","lease_number":null,"poll_year":2025}},{"type":"Feature","id":"a482f9a5-a5f4-4886-a5b7-ad648fe223ae","geometry":{"type":"Point","coordinates":[-94.82442669633403,29.51638209364282]},"properties":{"substrate":"Mud","lease_number":null,"poll_year":2025}},{"type":"Feature","id":"a4a722bf-768b-4474-9d98-9b236b4b1649","geometry":{"type":"Point","coordinates":[-94.81288876896078,29.519898191207282]},"properties":{"substrate":"Mud","lease_number":null,"poll_year":2025}},{"type":"Feature","id":"a4dfe5b8-91c0-4f31-9c5c-c40b3f991836","geometry":{"type":"Point","coordinates":[-94.81526317166524,29.518617260305767]},"properties":{"substrate":"Mud","lease_number":null,"poll_year":2025}},{"type":"Feature","id":"a5244844-3338-44e1-8965-bcc597940f70","geometry":{"type":"Point","coordinates":[-94.81325463660633,29.517190709928165]},"properties":{"substrate":"Mud","lease_number":null,"poll_year":2025}},{"type":"Feature","id":"a529139b-01e9-4a13-a4f6-2c2f67b9d591","geometry":{"type":"Point","coordinates":[-94.82518058228338,29.516741117691467]},"properties":{"substrate":"Mud","lease_number":null,"poll_year":2025}},{"type":"Feature","id":"a557c72c-ea33-4b54-ad7d-b22e32f4fdb2","geometry":{"type":"Point","coordinates":[-94.81461342291517,29.51710906929201]},"properties":{"substrate":"Mud","lease_number":null,"poll_year":2025}},{"type":"Feature","id":"a57607cf-c77f-41d4-a810-d940e3bdb433","geometry":{"type":"Point","coordinates":[-94.81442446499011,29.517435703359606]},"properties":{"substrate":"Mud","lease_number":null,"poll_year":2025}},{"type":"Feature","id":"a5d99e96-8263-4e57-92aa-5c90b98635b0","geometry":{"type":"Point","coordinates":[-94.81336403703487,29.522403618618025]},"properties":{"substrate":"Mud","lease_number":null,"poll_year":2025}},{"type":"Feature","id":"a64ea27a-447a-44a2-a94f-2af4f9e3a4bc","geometry":{"type":"Point","coordinates":[-94.81211702540188,29.522819852624707]},"properties":{"substrate":"Mud","lease_number":null,"poll_year":2025}},{"type":"Feature","id":"a6e38e97-8f2f-406f-8710-8ab86fbdc5aa","geometry":{"type":"Point","coordinates":[-94.81439843181319,29.52142047670543]},"properties":{"substrate":"Mud","lease_number":null,"poll_year":2025}},{"type":"Feature","id":"a6f8df64-62e7-4bc3-84eb-b47208b7db8e","geometry":{"type":"Point","coordinates":[-94.8151411418221,29.516597518699953]},"properties":{"substrate":"Mud","lease_number":null,"poll_year":2025}},{"type":"Feature","id":"a72399f4-a3f2-4f14-8c10-d044a9f3aae1","geometry":{"type":"Point","coordinates":[-94.81429266686658,29.521991452345883]},"properties":{"substrate":"Mud","lease_number":null,"poll_year":2025}},{"type":"Feature","id":"a737e6d9-4525-41b1-8a08-a8686976c49e","geometry":{"type":"Point","coordinates":[-94.82370908525415,29.51626031921545]},"properties":{"substrate":"Mud","lease_number":null,"poll_year":2025}},{"type":"Feature","id":"a78a4e7b-de28-4810-ab65-f77c8c8554cc","geometry":{"type":"Point","coordinates":[-94.81218533599102,29.520443881324002]},"properties":{"substrate":"Mud","lease_number":null,"poll_year":2025}},{"type":"Feature","id":"a792a6ec-5608-4f51-a19b-69e1668193c7","geometry":{"type":"Point","coordinates":[-94.81709233921308,29.517696018637263]},"properties":{"substrate":"Mud","lease_number":null,"poll_year":2025}},{"type":"Feature","id":"a7c931b7-de5d-4027-bd83-7ac23d20da8c","geometry":{"type":"Point","coordinates":[-94.81318305884449,29.52313088321973]},"properties":{"substrate":"Mud","lease_number":null,"poll_year":2025}},{"type":"Feature","id":"a7faffae-ddf6-4a34-8f90-4467585b955b","geometry":{"type":"Point","coordinates":[-94.8152293150605,29.520989810822265]},"properties":{"substrate":"Mud","lease_number":null,"poll_year":2025}},{"type":"Feature","id":"a8eb36de-3b28-4b35-a45c-0cde0f3d0e95","geometry":{"type":"Point","coordinates":[-94.81444946869773,29.521910426078634]},"properties":{"substrate":"Mud","lease_number":null,"poll_year":2025}},{"type":"Feature","id":"a9734cbe-2df3-4861-b77d-3b819fd044a6","geometry":{"type":"Point","coordinates":[-94.81346967981061,29.520160803814708]},"properties":{"substrate":"Mud","lease_number":null,"poll_year":2025}},{"type":"Feature","id":"a9931229-627c-45d6-9869-513249247c8e","geometry":{"type":"Point","coordinates":[-94.81355522637512,29.522998732346046]},"properties":{"substrate":"Mud","lease_number":null,"poll_year":2025}},{"type":"Feature","id":"a9dd8513-9fea-40c1-862a-d51389c217c5","geometry":{"type":"Point","coordinates":[-94.81297612922384,29.518311210978382]},"properties":{"substrate":"Mud","lease_number":null,"poll_year":2025}},{"type":"Feature","id":"aa119eea-d0f7-4d2f-a5fa-1b8dc6145c72","geometry":{"type":"Point","coordinates":[-94.82473430823339,29.51642062497486]},"properties":{"substrate":"Mud","lease_number":null,"poll_year":2025}},{"type":"Feature","id":"aac3704a-77f7-4217-9a9b-083c79df7fd3","geometry":{"type":"Point","coordinates":[-94.81499413342416,29.519772728254917]},"properties":{"substrate":"Mud","lease_number":null,"poll_year":2025}},{"type":"Feature","id":"ab2f231c-cad6-438d-a4a7-3eac29abb1bb","geometry":{"type":"Point","coordinates":[-94.81329379955945,29.52293201391536]},"properties":{"substrate":"Mud","lease_number":null,"poll_year":2025}},{"type":"Feature","id":"ab6455b6-3324-4e81-88f4-aab8e2af96a5","geometry":{"type":"Point","coordinates":[-94.82714346585789,29.517325390998014]},"properties":{"substrate":"Mud","lease_number":null,"poll_year":2025}},{"type":"Feature","id":"ab9afd18-36b1-41cf-b0eb-8baa7f2fecc8","geometry":{"type":"Point","coordinates":[-94.81304489615715,29.51649992020543]},"properties":{"substrate":"Buried Shell","lease_number":null,"poll_year":2025}},{"type":"Feature","id":"acb63dab-d050-4ce6-807b-f162ad79d939","geometry":{"type":"Point","coordinates":[-94.81641774755383,29.51634546736633]},"properties":{"substrate":"Mud","lease_number":null,"poll_year":2025}},{"type":"Feature","id":"ad47fc3b-ae21-4e11-a802-ddd9b1b5f69c","geometry":{"type":"Point","coordinates":[-94.815210377676,29.517886218061946]},"properties":{"substrate":"Mud","lease_number":null,"poll_year":2025}},{"type":"Feature","id":"ad787e98-b1ac-4259-9696-28db263ae118","geometry":{"type":"Point","coordinates":[-94.81205203857927,29.521293324846454]},"properties":{"substrate":"Mud","lease_number":null,"poll_year":2025}},{"type":"Feature","id":"ae208b77-02d5-4601-a711-129f72fa5813","geometry":{"type":"Point","coordinates":[-94.8149890804007,29.521179384957268]},"properties":{"substrate":"Mud","lease_number":null,"poll_year":2025}},{"type":"Feature","id":"b00ccc91-e336-44b7-9929-66720bbf4981","geometry":{"type":"Point","coordinates":[-94.81335659179778,29.519165564319177]},"properties":{"substrate":"Mud","lease_number":null,"poll_year":2025}},{"type":"Feature","id":"b00fd228-5270-4ada-bb76-d29f14aa6caa","geometry":{"type":"Point","coordinates":[-94.81703924069494,29.516596354710494]},"properties":{"substrate":"Mud","lease_number":null,"poll_year":2025}},{"type":"Feature","id":"b0107499-36b1-4cf6-813f-6247d9bd6ac4","geometry":{"type":"Point","coordinates":[-94.82569676502543,29.516547758723213]},"properties":{"substrate":"Mud","lease_number":null,"poll_year":2025}},{"type":"Feature","id":"b019efa0-6488-4c84-bc86-f049bf1df02c","geometry":{"type":"Point","coordinates":[-94.82698796927883,29.51740182599]},"properties":{"substrate":"Mud","lease_number":null,"poll_year":2025}},{"type":"Feature","id":"b02b43de-9c67-43d6-b77c-a9913e6b63e7","geometry":{"type":"Point","coordinates":[-94.81406333955096,29.520704510139407]},"properties":{"substrate":"Mud","lease_number":null,"poll_year":2025}},{"type":"Feature","id":"b0811c0f-b611-4f2c-8aaa-aef4af69c6d2","geometry":{"type":"Point","coordinates":[-94.81221664138036,29.52095454166739]},"properties":{"substrate":"Mud","lease_number":null,"poll_year":2025}},{"type":"Feature","id":"b0c2b51a-5b48-4332-9ff2-c29eed3fb00f","geometry":{"type":"Point","coordinates":[-94.82405704228955,29.516203669698104]},"properties":{"substrate":"Mud","lease_number":null,"poll_year":2025}},{"type":"Feature","id":"b0ea4f4e-582b-46d9-a55a-9a06e69bfc59","geometry":{"type":"Point","coordinates":[-94.81316301743048,29.518479150806993]},"properties":{"substrate":"Mud","lease_number":null,"poll_year":2025}},{"type":"Feature","id":"b14a5127-7fe6-4052-94d6-1f43c6786138","geometry":{"type":"Point","coordinates":[-94.82488953082627,29.516866686026635]},"properties":{"substrate":"Mud","lease_number":null,"poll_year":2025}},{"type":"Feature","id":"b25372e3-e687-4ae8-ac7a-f31abdb6d427","geometry":{"type":"Point","coordinates":[-94.82580816600212,29.516320836690213]},"properties":{"substrate":"Mud","lease_number":null,"poll_year":2025}},{"type":"Feature","id":"b253ee14-76ef-45be-92cc-61a1a11128d7","geometry":{"type":"Point","coordinates":[-94.81816518278386,29.51623381080683]},"properties":{"substrate":"Mud","lease_number":null,"poll_year":2025}},{"type":"Feature","id":"b30193b7-5341-492c-a9fb-14034a131225","geometry":{"type":"Point","coordinates":[-94.81399643841849,29.52214012931167]},"properties":{"substrate":"Mud","lease_number":null,"poll_year":2025}},{"type":"Feature","id":"b325c982-2b21-40af-bd39-d723af709fa4","geometry":{"type":"Point","coordinates":[-94.81499019341332,29.5192643797027]},"properties":{"substrate":"Mud","lease_number":null,"poll_year":2025}},{"type":"Feature","id":"b337e780-3c13-44d9-8f37-a67459a10877","geometry":{"type":"Point","coordinates":[-94.81297277311793,29.522215541353205]},"properties":{"substrate":"Mud","lease_number":null,"poll_year":2025}},{"type":"Feature","id":"b3b0a10c-f847-4a82-867f-87be82633ea0","geometry":{"type":"Point","coordinates":[-94.8148525427657,29.51983509235125]},"properties":{"substrate":"Mud","lease_number":null,"poll_year":2025}},{"type":"Feature","id":"b3f37212-b863-4d4f-993c-4d894d022a9f","geometry":{"type":"Point","coordinates":[-94.81357809838056,29.520640114955164]},"properties":{"substrate":"Mud","lease_number":null,"poll_year":2025}},{"type":"Feature","id":"b47018a1-8f7c-4ba8-b2cc-7c86c907f280","geometry":{"type":"Point","coordinates":[-94.81444405365319,29.517170463350496]},"properties":{"substrate":"Mud","lease_number":null,"poll_year":2025}},{"type":"Feature","id":"b4b3855c-8907-4d24-9673-6a2e3e8b66a3","geometry":{"type":"Point","coordinates":[-94.81431626740572,29.52060146094027]},"properties":{"substrate":"Mud","lease_number":null,"poll_year":2025}},{"type":"Feature","id":"b4c6f73f-c521-4d75-a2ea-7fa25c27d725","geometry":{"type":"Point","coordinates":[-94.81571436578805,29.518419077071638]},"properties":{"substrate":"Mud","lease_number":null,"poll_year":2025}},{"type":"Feature","id":"b5044f50-73d7-45d0-abbb-f68e68d6969b","geometry":{"type":"Point","coordinates":[-94.82678012786818,29.518021419609767]},"properties":{"substrate":"Mud","lease_number":null,"poll_year":2025}},{"type":"Feature","id":"b5378bbd-35be-407c-a8a2-72f09704b927","geometry":{"type":"Point","coordinates":[-94.81284216256721,29.523783310994116]},"properties":{"substrate":"Mud","lease_number":null,"poll_year":2025}},{"type":"Feature","id":"b5394d63-e550-4d19-a396-ce721be4639f","geometry":{"type":"Point","coordinates":[-94.82624798655512,29.51773965173484]},"properties":{"substrate":"Mud","lease_number":null,"poll_year":2025}},{"type":"Feature","id":"b5bac41a-fbc4-4253-bcbe-a6142c5dd41c","geometry":{"type":"Point","coordinates":[-94.82602181322447,29.516755628843057]},"properties":{"substrate":"Mud","lease_number":null,"poll_year":2025}},{"type":"Feature","id":"b5e6409b-da25-4d7c-aa1c-8e2a09abbf46","geometry":{"type":"Point","coordinates":[-94.81356970542086,29.521385636066093]},"properties":{"substrate":"Mud","lease_number":null,"poll_year":2025}},{"type":"Feature","id":"b6175300-64d0-478c-9db2-92ebb0c60552","geometry":{"type":"Point","coordinates":[-94.81423017017394,29.51802308231683]},"properties":{"substrate":"Mud","lease_number":null,"poll_year":2025}},{"type":"Feature","id":"b6837409-9411-486b-9cb5-ea4529422bc0","geometry":{"type":"Point","coordinates":[-94.81515256120598,29.520610275329606]},"properties":{"substrate":"Mud","lease_number":null,"poll_year":2025}},{"type":"Feature","id":"b69a67fe-a930-4188-b504-07147f0e1383","geometry":{"type":"Point","coordinates":[-94.81460755511975,29.517872621679906]},"properties":{"substrate":"Mud","lease_number":null,"poll_year":2025}},{"type":"Feature","id":"b69b8462-be1d-4d28-bb13-33fde16a1f40","geometry":{"type":"Point","coordinates":[-94.81324274560689,29.52245233295361]},"properties":{"substrate":"Mud","lease_number":null,"poll_year":2025}},{"type":"Feature","id":"b703f93e-a760-481b-bc79-2fb3c2f7573e","geometry":{"type":"Point","coordinates":[-94.81233937640098,29.524408524013904]},"properties":{"substrate":"Mud","lease_number":null,"poll_year":2025}},{"type":"Feature","id":"b75634ec-e84b-4f02-954a-ec9da1ebeccc","geometry":{"type":"Point","coordinates":[-94.81216464779003,29.52358197914301]},"properties":{"substrate":"Mud","lease_number":null,"poll_year":2025}},{"type":"Feature","id":"b7703615-c664-4625-8459-8be4a3150c44","geometry":{"type":"Point","coordinates":[-94.81397205005685,29.521768870713938]},"properties":{"substrate":"Mud","lease_number":null,"poll_year":2025}},{"type":"Feature","id":"b88a6beb-987b-4c34-92e0-049d44428007","geometry":{"type":"Point","coordinates":[-94.81353255379567,29.5190861570481]},"properties":{"substrate":"Mud","lease_number":null,"poll_year":2025}},{"type":"Feature","id":"b8c32f8b-479e-486f-84c2-9d99d6df3c5d","geometry":{"type":"Point","coordinates":[-94.82823729587034,29.51668631487767]},"properties":{"substrate":"Mud","lease_number":null,"poll_year":2025}},{"type":"Feature","id":"b8e31155-9ac2-45ef-912f-1e54cc249025","geometry":{"type":"Point","coordinates":[-94.8136916822634,29.521894847884834]},"properties":{"substrate":"Mud","lease_number":null,"poll_year":2025}},{"type":"Feature","id":"b8f8692f-c1e4-4c11-83ed-18a9cf392d40","geometry":{"type":"Point","coordinates":[-94.81383091484423,29.521284182207086]},"properties":{"substrate":"Mud","lease_number":null,"poll_year":2025}},{"type":"Feature","id":"b933578d-af89-485c-b388-9e190fb1021a","geometry":{"type":"Point","coordinates":[-94.81288997270326,29.51733031505231]},"properties":{"substrate":"Mud","lease_number":null,"poll_year":2025}},{"type":"Feature","id":"b94c17e1-a80c-4646-b35d-8c0e1e2beb42","geometry":{"type":"Point","coordinates":[-94.82613471798095,29.517981743674888]},"properties":{"substrate":"Mud","lease_number":null,"poll_year":2025}},{"type":"Feature","id":"b998396b-9767-46fe-9028-261c3db8d67d","geometry":{"type":"Point","coordinates":[-94.81267141259463,29.523159384656097]},"properties":{"substrate":"Mud","lease_number":null,"poll_year":2025}},{"type":"Feature","id":"b9b047f5-d1db-4d39-a68d-a778adff0c7f","geometry":{"type":"Point","coordinates":[-94.817039602716,29.518410704940266]},"properties":{"substrate":"Mud","lease_number":null,"poll_year":2025}},{"type":"Feature","id":"ba112324-29ea-401f-815e-ab3e3794fa84","geometry":{"type":"Point","coordinates":[-94.81298682726056,29.523058687674453]},"properties":{"substrate":"Mud","lease_number":null,"poll_year":2025}},{"type":"Feature","id":"ba271f65-3d34-49d0-8fa6-30af63c90ea6","geometry":{"type":"Point","coordinates":[-94.81240246328676,29.522707745927136]},"properties":{"substrate":"Mud","lease_number":null,"poll_year":2025}},{"type":"Feature","id":"ba358f55-a9cc-484c-a74d-343807ec9133","geometry":{"type":"Point","coordinates":[-94.8280957402462,29.51616115771943]},"properties":{"substrate":"Mud","lease_number":null,"poll_year":2025}},{"type":"Feature","id":"badd1187-425e-40d3-aa9f-29e915571975","geometry":{"type":"Point","coordinates":[-94.82858258670599,29.51648679267311]},"properties":{"substrate":"Mud","lease_number":null,"poll_year":2025}},{"type":"Feature","id":"bb2603ee-f2e5-4404-a64f-68beabff8412","geometry":{"type":"Point","coordinates":[-94.8125980894062,29.517924573717004]},"properties":{"substrate":"Mud","lease_number":null,"poll_year":2025}},{"type":"Feature","id":"bbcc65e4-3295-47d6-8350-306d8bbcbc23","geometry":{"type":"Point","coordinates":[-94.81533510695657,29.52074742981689]},"properties":{"substrate":"Mud","lease_number":null,"poll_year":2025}},{"type":"Feature","id":"bbe71ae4-f1ee-48da-8a52-5db412711571","geometry":{"type":"Point","coordinates":[-94.8130809572276,29.517706406876098]},"properties":{"substrate":"Mud","lease_number":null,"poll_year":2025}},{"type":"Feature","id":"bbfdd278-dff4-4719-aebb-7ae479233d59","geometry":{"type":"Point","coordinates":[-94.81369971859193,29.520320914224694]},"properties":{"substrate":"Mud","lease_number":null,"poll_year":2025}},{"type":"Feature","id":"bcfa8812-e81a-4138-a76d-9fa61e76a890","geometry":{"type":"Point","coordinates":[-94.82560722365285,29.517609879622714]},"properties":{"substrate":"Mud","lease_number":null,"poll_year":2025}},{"type":"Feature","id":"bda0bde2-fe71-4e6b-814f-588c30d88a0b","geometry":{"type":"Point","coordinates":[-94.8150338371631,29.517446936663525]},"properties":{"substrate":"Mud","lease_number":null,"poll_year":2025}},{"type":"Feature","id":"be89dd7d-d4b9-4f3f-814c-9787f4a848db","geometry":{"type":"Point","coordinates":[-94.82780785535046,29.516448179284964]},"properties":{"substrate":"Mud","lease_number":null,"poll_year":2025}},{"type":"Feature","id":"be9700e7-11e8-4675-8036-ff3a9f3712ea","geometry":{"type":"Point","coordinates":[-94.81522268818864,29.52019381961131]},"properties":{"substrate":"Mud","lease_number":null,"poll_year":2025}},{"type":"Feature","id":"bea4e9e7-637f-4772-85f1-4514a6648bb7","geometry":{"type":"Point","coordinates":[-94.81801330731372,29.516285991949793]},"properties":{"substrate":"Mud","lease_number":null,"poll_year":2025}},{"type":"Feature","id":"befa66d0-9d9f-43db-955f-0c8812f1901f","geometry":{"type":"Point","coordinates":[-94.81215794186643,29.516868092347305]},"properties":{"substrate":"Mud","lease_number":null,"poll_year":2025}},{"type":"Feature","id":"bf3fc804-0d99-4371-9535-f99bc9ac65f3","geometry":{"type":"Point","coordinates":[-94.82701839521751,29.516287685172763]},"properties":{"substrate":"Mud","lease_number":null,"poll_year":2025}},{"type":"Feature","id":"bf67de40-2d6c-4d02-8c98-22244dd35935","geometry":{"type":"Point","coordinates":[-94.82231011370935,29.516249292937776]},"properties":{"substrate":"Mud","lease_number":null,"poll_year":2025}},{"type":"Feature","id":"bf964cdc-9904-42c8-9223-6fe966e1a464","geometry":{"type":"Point","coordinates":[-94.81842113616449,29.51614804186907]},"properties":{"substrate":"Mud","lease_number":null,"poll_year":2025}},{"type":"Feature","id":"c067d5fe-ed53-4bc1-b1d9-2aded9ce8055","geometry":{"type":"Point","coordinates":[-94.81561897099309,29.519003537680458]},"properties":{"substrate":"Mud","lease_number":null,"poll_year":2025}},{"type":"Feature","id":"c085f860-2ff1-4a95-93e0-91fc5a274d7a","geometry":{"type":"Point","coordinates":[-94.81422478836708,29.519836189858946]},"properties":{"substrate":"Mud","lease_number":null,"poll_year":2025}},{"type":"Feature","id":"c095acf4-5b4d-4bdc-8de6-a401016baf99","geometry":{"type":"Point","coordinates":[-94.82313118735377,29.51661290931339]},"properties":{"substrate":"Mud","lease_number":null,"poll_year":2025}},{"type":"Feature","id":"c127121a-8f99-458b-907d-ef913f55992e","geometry":{"type":"Point","coordinates":[-94.82245153278959,29.516208855686134]},"properties":{"substrate":"Mud","lease_number":null,"poll_year":2025}},{"type":"Feature","id":"c16d9846-3343-4dea-a137-2722a55af4d4","geometry":{"type":"Point","coordinates":[-94.81356280007125,29.523204126939138]},"properties":{"substrate":"Mud","lease_number":null,"poll_year":2025}},{"type":"Feature","id":"c17dfa45-dd11-42c9-8413-d6cba299b2a0","geometry":{"type":"Point","coordinates":[-94.81251594116841,29.52107254269504]},"properties":{"substrate":"Mud","lease_number":null,"poll_year":2025}},{"type":"Feature","id":"c17f0b3c-768d-4e3e-bc65-bd2b798e3711","geometry":{"type":"Point","coordinates":[-94.81328629144029,29.52150659215227]},"properties":{"substrate":"Mud","lease_number":null,"poll_year":2025}},{"type":"Feature","id":"c21b7145-3f89-4fbf-8307-a49245162109","geometry":{"type":"Point","coordinates":[-94.81589205973778,29.51781810324187]},"properties":{"substrate":"Mud","lease_number":null,"poll_year":2025}},{"type":"Feature","id":"c292ba6d-f16d-4f2e-8c62-4812c5e8a96d","geometry":{"type":"Point","coordinates":[-94.813481887017,29.51654692071287]},"properties":{"substrate":"Solid Reef","lease_number":null,"poll_year":2025}},{"type":"Feature","id":"c2ab39bb-bb58-4210-8f70-95f061a57cad","geometry":{"type":"Point","coordinates":[-94.81286636318094,29.516825164770637]},"properties":{"substrate":"Buried Shell","lease_number":null,"poll_year":2025}},{"type":"Feature","id":"c2d55117-3ef7-47e6-80ee-05d389997962","geometry":{"type":"Point","coordinates":[-94.81361527426029,29.52245012470635]},"properties":{"substrate":"Mud","lease_number":null,"poll_year":2025}},{"type":"Feature","id":"c458007a-6a13-43f1-94d7-83cd24a22d31","geometry":{"type":"Point","coordinates":[-94.81754479277392,29.517516133631947]},"properties":{"substrate":"Mud","lease_number":null,"poll_year":2025}},{"type":"Feature","id":"c4befd6b-7092-4d26-a04c-852019a1c9e3","geometry":{"type":"Point","coordinates":[-94.8164198442217,29.51849220538173]},"properties":{"substrate":"Mud","lease_number":null,"poll_year":2025}},{"type":"Feature","id":"c4e39163-bb6a-47d0-b9c2-036006e5f111","geometry":{"type":"Point","coordinates":[-94.81374471969609,29.520581236932493]},"properties":{"substrate":"Mud","lease_number":null,"poll_year":2025}},{"type":"Feature","id":"c4f1ff70-951e-4da0-b01b-72ef4399b6de","geometry":{"type":"Point","coordinates":[-94.81503044332796,29.52008868432007]},"properties":{"substrate":"Mud","lease_number":null,"poll_year":2025}},{"type":"Feature","id":"c4ff71a8-1822-4dcc-bade-77dc5289090d","geometry":{"type":"Point","coordinates":[-94.81376297975086,29.522379363059976]},"properties":{"substrate":"Mud","lease_number":null,"poll_year":2025}},{"type":"Feature","id":"c52711f9-dcfe-40e1-8b92-056dc28b447a","geometry":{"type":"Point","coordinates":[-94.81268944807059,29.524199285282986]},"properties":{"substrate":"Mud","lease_number":null,"poll_year":2025}},{"type":"Feature","id":"c567b482-dbc1-4efe-9cea-3d5b7724ed32","geometry":{"type":"Point","coordinates":[-94.82662664800695,29.516687593779686]},"properties":{"substrate":"Mud","lease_number":null,"poll_year":2025}},{"type":"Feature","id":"c57923ac-0983-4407-bebb-30f6355a7074","geometry":{"type":"Point","coordinates":[-94.82465461059971,29.517730381354532]},"properties":{"substrate":"Mud","lease_number":null,"poll_year":2025}},{"type":"Feature","id":"c57bb901-655f-4ac7-a477-d2ed26d06ef7","geometry":{"type":"Point","coordinates":[-94.8121890963388,29.519892408189385]},"properties":{"substrate":"Mud","lease_number":null,"poll_year":2025}},{"type":"Feature","id":"c58c8118-a726-4c70-a7aa-c5028ff4978c","geometry":{"type":"Point","coordinates":[-94.81477012144009,29.518538209846188]},"properties":{"substrate":"Mud","lease_number":null,"poll_year":2025}},{"type":"Feature","id":"c6e58e27-6c2f-4866-bc23-12bb2a8063e0","geometry":{"type":"Point","coordinates":[-94.81585500513062,29.519819779616263]},"properties":{"substrate":"Mud","lease_number":null,"poll_year":2025}},{"type":"Feature","id":"c705e211-84be-465e-8fff-d4cb4ee390d2","geometry":{"type":"Point","coordinates":[-94.82643301794407,29.51786140796616]},"properties":{"substrate":"Mud","lease_number":null,"poll_year":2025}},{"type":"Feature","id":"c710eea5-86f6-4371-92c7-3c33e7205eb4","geometry":{"type":"Point","coordinates":[-94.8138971170874,29.521621911350266]},"properties":{"substrate":"Mud","lease_number":null,"poll_year":2025}},{"type":"Feature","id":"c73fd6d8-fbd1-419d-a356-105c1ff6e7a0","geometry":{"type":"Point","coordinates":[-94.8131554715821,29.51873155172232]},"properties":{"substrate":"Mud","lease_number":null,"poll_year":2025}},{"type":"Feature","id":"c7922b7f-fd43-4b7a-8beb-474ddf1a60d9","geometry":{"type":"Point","coordinates":[-94.81475573671743,29.52017436080439]},"properties":{"substrate":"Mud","lease_number":null,"poll_year":2025}},{"type":"Feature","id":"c7c74ff9-94a2-4354-a399-f84b23925e97","geometry":{"type":"Point","coordinates":[-94.82793326735063,29.51623142262635]},"properties":{"substrate":"Mud","lease_number":null,"poll_year":2025}},{"type":"Feature","id":"c7d6def8-442b-4431-bf99-a3e1356f9f64","geometry":{"type":"Point","coordinates":[-94.81730269860148,29.518100474381615]},"properties":{"substrate":"Mud","lease_number":null,"poll_year":2025}},{"type":"Feature","id":"c85c3ea7-7d4f-4c78-bf88-8b3dea5fac57","geometry":{"type":"Point","coordinates":[-94.81223661362408,29.517333979755556]},"properties":{"substrate":"Mud","lease_number":null,"poll_year":2025}},{"type":"Feature","id":"c8891801-6dd8-404a-8af4-5b3c5ee69be1","geometry":{"type":"Point","coordinates":[-94.8253353009214,29.516147550161456]},"properties":{"substrate":"Mud","lease_number":null,"poll_year":2025}},{"type":"Feature","id":"c896149f-c951-4cdb-b730-2a2165980241","geometry":{"type":"Point","coordinates":[-94.81243722629162,29.523976975838863]},"properties":{"substrate":"Mud","lease_number":null,"poll_year":2025}},{"type":"Feature","id":"c8ce375e-c48b-4cce-804f-4d4420466e11","geometry":{"type":"Point","coordinates":[-94.81598026711215,29.519358352331594]},"properties":{"substrate":"Mud","lease_number":null,"poll_year":2025}},{"type":"Feature","id":"c8fd1396-ea36-4ddc-a790-ffc7886b3d6b","geometry":{"type":"Point","coordinates":[-94.82657406063022,29.517253461785764]},"properties":{"substrate":"Mud","lease_number":null,"poll_year":2025}},{"type":"Feature","id":"c8fff1b0-8e3d-4ef2-b985-a2f8bafdb335","geometry":{"type":"Point","coordinates":[-94.81314078682215,29.521570868750345]},"properties":{"substrate":"Mud","lease_number":null,"poll_year":2025}},{"type":"Feature","id":"c9227544-8a00-40ef-bc28-53febbab62bd","geometry":{"type":"Point","coordinates":[-94.81461763601386,29.52096640384267]},"properties":{"substrate":"Mud","lease_number":null,"poll_year":2025}},{"type":"Feature","id":"c9331ce7-9056-4c31-bb92-c78b6987cf06","geometry":{"type":"Point","coordinates":[-94.82477742557039,29.516918838701237]},"properties":{"substrate":"Mud","lease_number":null,"poll_year":2025}},{"type":"Feature","id":"c9355f31-8818-48ba-8008-6f71e4018c6e","geometry":{"type":"Point","coordinates":[-94.81718371674208,29.51780758134097]},"properties":{"substrate":"Mud","lease_number":null,"poll_year":2025}},{"type":"Feature","id":"c9bc6ae1-8866-43d9-82c7-54545e309be8","geometry":{"type":"Point","coordinates":[-94.8248266784008,29.51772408071617]},"properties":{"substrate":"Mud","lease_number":null,"poll_year":2025}},{"type":"Feature","id":"ca3c8828-9acf-4456-8267-72348ab88013","geometry":{"type":"Point","coordinates":[-94.81460207539651,29.519948814878287]},"properties":{"substrate":"Mud","lease_number":null,"poll_year":2025}},{"type":"Feature","id":"ca569c81-c687-4891-b2d7-d9df8039e1cb","geometry":{"type":"Point","coordinates":[-94.8151462783889,29.517388582880148]},"properties":{"substrate":"Mud","lease_number":null,"poll_year":2025}},{"type":"Feature","id":"cae8e3f2-3cea-4717-8e99-009d0d8a0bf2","geometry":{"type":"Point","coordinates":[-94.81312708032755,29.519006321339287]},"properties":{"substrate":"Mud","lease_number":null,"poll_year":2025}},{"type":"Feature","id":"cb05b116-4672-4507-b61b-b68fbd574725","geometry":{"type":"Point","coordinates":[-94.81701798565702,29.517876478665585]},"properties":{"substrate":"Mud","lease_number":null,"poll_year":2025}},{"type":"Feature","id":"cb11831f-5043-462f-8ba3-a825bb1b2145","geometry":{"type":"Point","coordinates":[-94.81539588068048,29.519954929333643]},"properties":{"substrate":"Mud","lease_number":null,"poll_year":2025}},{"type":"Feature","id":"cb3e09cb-77fe-4c43-95bd-6622b1edc53d","geometry":{"type":"Point","coordinates":[-94.81218177057765,29.52226331932444]},"properties":{"substrate":"Mud","lease_number":null,"poll_year":2025}},{"type":"Feature","id":"cb68b203-56a1-419f-b0a6-89db7da18c44","geometry":{"type":"Point","coordinates":[-94.81283255239029,29.523113314286913]},"properties":{"substrate":"Mud","lease_number":null,"poll_year":2025}},{"type":"Feature","id":"cb6e462b-1d8b-4800-8da2-c84cfb7dc340","geometry":{"type":"Point","coordinates":[-94.82740575415792,29.517206912659464]},"properties":{"substrate":"Mud","lease_number":null,"poll_year":2025}},{"type":"Feature","id":"cb9278e3-70c0-4dc8-a2aa-59d0ff52000a","geometry":{"type":"Point","coordinates":[-94.81427226522815,29.516733248851928]},"properties":{"substrate":"Buried Shell","lease_number":null,"poll_year":2025}},{"type":"Feature","id":"cc0e3666-29b6-4db0-b4be-1eed0ff8a4dd","geometry":{"type":"Point","coordinates":[-94.81275129528126,29.516878070266344]},"properties":{"substrate":"Buried Shell","lease_number":null,"poll_year":2025}},{"type":"Feature","id":"cc174015-a082-4777-bf22-cc771f8af48e","geometry":{"type":"Point","coordinates":[-94.82621318941429,29.516664581357833]},"properties":{"substrate":"Mud","lease_number":null,"poll_year":2025}},{"type":"Feature","id":"cca0c187-aa6f-4f38-90d9-0d10eca4f81b","geometry":{"type":"Point","coordinates":[-94.81202466242098,29.519477964747985]},"properties":{"substrate":"Mud","lease_number":null,"poll_year":2025}},{"type":"Feature","id":"ccdce335-6dec-4af7-9f9a-9698009209fc","geometry":{"type":"Point","coordinates":[-94.82674266273095,29.516121553755994]},"properties":{"substrate":"Mud","lease_number":null,"poll_year":2025}},{"type":"Feature","id":"cd04824c-90d6-4ad5-8adb-31976a1aa304","geometry":{"type":"Point","coordinates":[-94.81400110875964,29.517106600614888]},"properties":{"substrate":"Mud","lease_number":null,"poll_year":2025}},{"type":"Feature","id":"cda656d1-e931-4b91-a256-42b4912a61e1","geometry":{"type":"Point","coordinates":[-94.81353483731311,29.521957775049263]},"properties":{"substrate":"Mud","lease_number":null,"poll_year":2025}},{"type":"Feature","id":"cdeb8b7f-5656-4d34-b112-0090a9ffb529","geometry":{"type":"Point","coordinates":[-94.8153827050902,29.51909892465834]},"properties":{"substrate":"Mud","lease_number":null,"poll_year":2025}},{"type":"Feature","id":"ce006689-9a22-47a9-becb-e2a5ce5084d5","geometry":{"type":"Point","coordinates":[-94.81784589188746,29.517362432013023]},"properties":{"substrate":"Mud","lease_number":null,"poll_year":2025}},{"type":"Feature","id":"ce35d706-dcc2-451f-8e54-5c9c2605ea6c","geometry":{"type":"Point","coordinates":[-94.81259744441581,29.516691117795734]},"properties":{"substrate":"Buried Shell","lease_number":null,"poll_year":2025}},{"type":"Feature","id":"ce427fbe-c217-4caf-a607-5fc4dd25f5e4","geometry":{"type":"Point","coordinates":[-94.8135309871338,29.522340501000635]},"properties":{"substrate":"Mud","lease_number":null,"poll_year":2025}},{"type":"Feature","id":"ce46b402-7e29-411e-853f-5b392f8f7e03","geometry":{"type":"Point","coordinates":[-94.8148353678758,29.518259109832666]},"properties":{"substrate":"Mud","lease_number":null,"poll_year":2025}},{"type":"Feature","id":"ce685fdb-db25-4b3f-815c-36f3d958619a","geometry":{"type":"Point","coordinates":[-94.8154568843731,29.516497177127487]},"properties":{"substrate":"Mud","lease_number":null,"poll_year":2025}},{"type":"Feature","id":"cee5966c-07da-4032-86c7-33fa77ca1a55","geometry":{"type":"Point","coordinates":[-94.81361821534452,29.517771491056216]},"properties":{"substrate":"Mud","lease_number":null,"poll_year":2025}},{"type":"Feature","id":"cf4c6497-7932-4bdb-964c-1cb8cf68029f","geometry":{"type":"Point","coordinates":[-94.824636231069,29.516970168976606]},"properties":{"substrate":"Mud","lease_number":null,"poll_year":2025}},{"type":"Feature","id":"d03ef4b7-0afd-493d-aaf9-ba714c1a42a8","geometry":{"type":"Point","coordinates":[-94.8162007442256,29.51666750735499]},"properties":{"substrate":"Mud","lease_number":null,"poll_year":2025}},{"type":"Feature","id":"d09f1415-7667-490c-a137-fb77e73c9df2","geometry":{"type":"Point","coordinates":[-94.81406499334939,29.5183572530473]},"properties":{"substrate":"Mud","lease_number":null,"poll_year":2025}},{"type":"Feature","id":"d0cdb3d9-df9b-46ae-b46b-986534a87da4","geometry":{"type":"Point","coordinates":[-94.81557511883418,29.520401403957834]},"properties":{"substrate":"Mud","lease_number":null,"poll_year":2025}},{"type":"Feature","id":"d1ae89ab-bcf5-4da0-9934-182b9cc4e591","geometry":{"type":"Point","coordinates":[-94.81534423294154,29.519418111264425]},"properties":{"substrate":"Mud","lease_number":null,"poll_year":2025}},{"type":"Feature","id":"d1b37e5c-e9c9-4eb6-a51a-f5c14bfba21a","geometry":{"type":"Point","coordinates":[-94.81370254559013,29.516706513866996]},"properties":{"substrate":"Buried Shell","lease_number":null,"poll_year":2025}},{"type":"Feature","id":"d1fd702b-ac16-495a-b0d4-b4ce115a9427","geometry":{"type":"Point","coordinates":[-94.82750611573809,29.516574706379494]},"properties":{"substrate":"Mud","lease_number":null,"poll_year":2025}},{"type":"Feature","id":"d21c4c7a-7a9f-4c30-b6df-74d06e4fdc56","geometry":{"type":"Point","coordinates":[-94.81318043935711,29.519490873797103]},"properties":{"substrate":"Mud","lease_number":null,"poll_year":2025}},{"type":"Feature","id":"d22dec29-0db8-4967-8506-2a9f603ff24d","geometry":{"type":"Point","coordinates":[-94.82401923489418,29.516553440307828]},"properties":{"substrate":"Mud","lease_number":null,"poll_year":2025}},{"type":"Feature","id":"d27d0f28-6f9c-4e93-8abb-e04ef2d2ac02","geometry":{"type":"Point","coordinates":[-94.81316540605083,29.522993635817077]},"properties":{"substrate":"Mud","lease_number":null,"poll_year":2025}},{"type":"Feature","id":"d2ef2dae-6af9-4417-85b0-f7b1ad3b5bbe","geometry":{"type":"Point","coordinates":[-94.81568957857442,29.516140086211465]},"properties":{"substrate":"Mud","lease_number":null,"poll_year":2025}},{"type":"Feature","id":"d3192039-a803-4bb3-ab46-b5f0462c71ee","geometry":{"type":"Point","coordinates":[-94.81240829604789,29.51623053692796]},"properties":{"substrate":"Buried Shell","lease_number":null,"poll_year":2025}},{"type":"Feature","id":"d37cc0ca-357d-4cd9-91f9-4fa504cc11a0","geometry":{"type":"Point","coordinates":[-94.81261586257408,29.523375130623027]},"properties":{"substrate":"Mud","lease_number":null,"poll_year":2025}},{"type":"Feature","id":"d3b0cfdc-e6e6-4738-be18-5073016cfd24","geometry":{"type":"Point","coordinates":[-94.81383518184184,29.52025935870286]},"properties":{"substrate":"Mud","lease_number":null,"poll_year":2025}},{"type":"Feature","id":"d474c8d5-5c25-45f2-9f47-e1bfe5277c88","geometry":{"type":"Point","coordinates":[-94.82629879077602,29.5182001741412]},"properties":{"substrate":"Mud","lease_number":null,"poll_year":2025}},{"type":"Feature","id":"d4cd83df-d574-4116-b648-48bce3897435","geometry":{"type":"Point","coordinates":[-94.81397672399126,29.517329724072003]},"properties":{"substrate":"Mud","lease_number":null,"poll_year":2025}},{"type":"Feature","id":"d528921f-4c08-435d-9a63-8f8aa3918c33","geometry":{"type":"Point","coordinates":[-94.8120990303501,29.521520044215475]},"properties":{"substrate":"Mud","lease_number":null,"poll_year":2025}},{"type":"Feature","id":"d5819e13-cc8c-4511-bf40-d96f154eb699","geometry":{"type":"Point","coordinates":[-94.81331481384889,29.51662713906229]},"properties":{"substrate":"Solid Reef","lease_number":null,"poll_year":2025}},{"type":"Feature","id":"d6038169-79f9-46ad-b487-2195a799472f","geometry":{"type":"Point","coordinates":[-94.81426370787676,29.520895732616633]},"properties":{"substrate":"Mud","lease_number":null,"poll_year":2025}},{"type":"Feature","id":"d6273907-18ea-4df3-acb8-027aae803f48","geometry":{"type":"Point","coordinates":[-94.81278141669105,29.51632001196741]},"properties":{"substrate":"Solid Reef","lease_number":null,"poll_year":2025}},{"type":"Feature","id":"d659c38d-84f2-4c25-a38e-ef32a75293ac","geometry":{"type":"Point","coordinates":[-94.82566447687917,29.518249559646762]},"properties":{"substrate":"Mud","lease_number":null,"poll_year":2025}},{"type":"Feature","id":"d74d3a49-2c60-434c-9858-c57c55824e9e","geometry":{"type":"Point","coordinates":[-94.81242693698837,29.5229484033297]},"properties":{"substrate":"Mud","lease_number":null,"poll_year":2025}},{"type":"Feature","id":"d77d0118-9b5a-4a0e-935a-3cd15fb457be","geometry":{"type":"Point","coordinates":[-94.81721185916331,29.51653743368517]},"properties":{"substrate":"Mud","lease_number":null,"poll_year":2025}},{"type":"Feature","id":"d85a09d0-31a5-4230-b37f-754d245433e4","geometry":{"type":"Point","coordinates":[-94.81443983067307,29.51691100036271]},"properties":{"substrate":"Solid Reef","lease_number":null,"poll_year":2025}},{"type":"Feature","id":"d893bbb4-19fc-4cc0-8a66-bd6f4a813dad","geometry":{"type":"Point","coordinates":[-94.81373413933866,29.521092155322325]},"properties":{"substrate":"Mud","lease_number":null,"poll_year":2025}},{"type":"Feature","id":"d8aaa736-597d-4e07-8c65-ddc333594be8","geometry":{"type":"Point","coordinates":[-94.82686709916074,29.517144457827158]},"properties":{"substrate":"Mud","lease_number":null,"poll_year":2025}},{"type":"Feature","id":"d8d8dfd8-e5bc-434e-915f-946785affb7f","geometry":{"type":"Point","coordinates":[-94.81257598815526,29.522876176387175]},"properties":{"substrate":"Mud","lease_number":null,"poll_year":2025}},{"type":"Feature","id":"d8e2cc3b-3efe-4e6c-8bbc-4fed4d0638a3","geometry":{"type":"Point","coordinates":[-94.81371673358173,29.51900876730059]},"properties":{"substrate":"Mud","lease_number":null,"poll_year":2025}},{"type":"Feature","id":"d8ffb687-00bd-48af-a5c9-a5a26811ef9f","geometry":{"type":"Point","coordinates":[-94.81389650443639,29.516622368191893]},"properties":{"substrate":"Buried Shell","lease_number":null,"poll_year":2025}},{"type":"Feature","id":"d908e4dd-2742-4322-86a4-c846f644f6f9","geometry":{"type":"Point","coordinates":[-94.81552165560005,29.519920289868253]},"properties":{"substrate":"Mud","lease_number":null,"poll_year":2025}},{"type":"Feature","id":"d9209e50-9f43-4cbf-a78f-f45c2b62f938","geometry":{"type":"Point","coordinates":[-94.81529214412977,29.517314834650204]},"properties":{"substrate":"Mud","lease_number":null,"poll_year":2025}},{"type":"Feature","id":"d9a87b15-5da0-4c9b-9d88-d16d6670df5f","geometry":{"type":"Point","coordinates":[-94.81368550724413,29.516228605276886]},"properties":{"substrate":"Buried Shell","lease_number":null,"poll_year":2025}},{"type":"Feature","id":"d9e8554a-d594-4283-bdbe-97ba0b900706","geometry":{"type":"Point","coordinates":[-94.81623698226414,29.516168080711413]},"properties":{"substrate":"Mud","lease_number":null,"poll_year":2025}},{"type":"Feature","id":"d9f91a3d-d423-44f2-b6c7-cd42386d1496","geometry":{"type":"Point","coordinates":[-94.81490508432837,29.517502995287323]},"properties":{"substrate":"Mud","lease_number":null,"poll_year":2025}},{"type":"Feature","id":"da08c02c-0a1a-4368-b907-d951035b5825","geometry":{"type":"Point","coordinates":[-94.81312428207545,29.520805598747224]},"properties":{"substrate":"Mud","lease_number":null,"poll_year":2025}},{"type":"Feature","id":"da41e5cf-0be7-4cde-a685-a38dfdb29060","geometry":{"type":"Point","coordinates":[-94.82849921855603,29.5163091303159]},"properties":{"substrate":"Mud","lease_number":null,"poll_year":2025}},{"type":"Feature","id":"da4fee91-10ce-4567-8ef8-1f1b491d0573","geometry":{"type":"Point","coordinates":[-94.81494811183386,29.519027794829487]},"properties":{"substrate":"Mud","lease_number":null,"poll_year":2025}},{"type":"Feature","id":"da8e5643-4443-4932-9e95-0ef6c7eb0b1f","geometry":{"type":"Point","coordinates":[-94.81482267018926,29.521258537318204]},"properties":{"substrate":"Mud","lease_number":null,"poll_year":2025}},{"type":"Feature","id":"dab83b06-6e38-40e6-96e7-98e82ce3566c","geometry":{"type":"Point","coordinates":[-94.81793070363008,29.51687019596541]},"properties":{"substrate":"Mud","lease_number":null,"poll_year":2025}},{"type":"Feature","id":"db113808-c418-476d-8b24-6e0df9942ebb","geometry":{"type":"Point","coordinates":[-94.81623859474008,29.517465908984054]},"properties":{"substrate":"Mud","lease_number":null,"poll_year":2025}},{"type":"Feature","id":"db2c7082-217f-47b5-a57b-feb59e3f60fd","geometry":{"type":"Point","coordinates":[-94.82571015441474,29.517428870352063]},"properties":{"substrate":"Mud","lease_number":null,"poll_year":2025}},{"type":"Feature","id":"db9fbcda-07bf-453e-a1b5-8a97d83ecf36","geometry":{"type":"Point","coordinates":[-94.81319623982465,29.521059969974896]},"properties":{"substrate":"Mud","lease_number":null,"poll_year":2025}},{"type":"Feature","id":"dba0f029-d78b-405e-a9b8-e07a9f46a543","geometry":{"type":"Point","coordinates":[-94.81707315928344,29.518224534668935]},"properties":{"substrate":"Mud","lease_number":null,"poll_year":2025}},{"type":"Feature","id":"dc15f327-dc98-4556-a6ac-36c3dc5686f1","geometry":{"type":"Point","coordinates":[-94.81514667005435,29.517647904716043]},"properties":{"substrate":"Mud","lease_number":null,"poll_year":2025}},{"type":"Feature","id":"dc21307c-6318-4c74-aa26-3c915e5c96b4","geometry":{"type":"Point","coordinates":[-94.8124044395804,29.519325218225042]},"properties":{"substrate":"Mud","lease_number":null,"poll_year":2025}},{"type":"Feature","id":"dc5de23c-5a84-4485-a479-ac837ad98e65","geometry":{"type":"Point","coordinates":[-94.82775477479863,29.516280706686256]},"properties":{"substrate":"Mud","lease_number":null,"poll_year":2025}},{"type":"Feature","id":"dcc9c1e8-d323-474f-8e2e-e8c846c32a96","geometry":{"type":"Point","coordinates":[-94.81312429016026,29.5221350741687]},"properties":{"substrate":"Mud","lease_number":null,"poll_year":2025}},{"type":"Feature","id":"dd069f85-89c4-4378-b4d1-aa59bda007ff","geometry":{"type":"Point","coordinates":[-94.8121920643725,29.517623748077845]},"properties":{"substrate":"Mud","lease_number":null,"poll_year":2025}},{"type":"Feature","id":"dd55f02f-2b6c-4492-9971-76b2e6ec7a34","geometry":{"type":"Point","coordinates":[-94.81215813141095,29.518120697321816]},"properties":{"substrate":"Mud","lease_number":null,"poll_year":2025}},{"type":"Feature","id":"dda72e26-38e3-45d5-96fb-b80a6d7ff411","geometry":{"type":"Point","coordinates":[-94.81478240769823,29.517033623739305]},"properties":{"substrate":"Mud","lease_number":null,"poll_year":2025}},{"type":"Feature","id":"ddd4e75d-af6f-4e82-9127-594ee3fce7b7","geometry":{"type":"Point","coordinates":[-94.81268517388646,29.52022278933021]},"properties":{"substrate":"Mud","lease_number":null,"poll_year":2025}},{"type":"Feature","id":"de1dc0c0-c617-491f-91f8-de3e267f42a5","geometry":{"type":"Point","coordinates":[-94.81474768511754,29.517813831162588]},"properties":{"substrate":"Mud","lease_number":null,"poll_year":2025}},{"type":"Feature","id":"de72fe56-c46c-4682-aa29-b9e0a3fabe00","geometry":{"type":"Point","coordinates":[-94.82625725357559,29.517049152651257]},"properties":{"substrate":"Mud","lease_number":null,"poll_year":2025}},{"type":"Feature","id":"de9f6c17-afa7-4842-acdd-413bbc00d257","geometry":{"type":"Point","coordinates":[-94.81318512676627,29.52027719078158]},"properties":{"substrate":"Mud","lease_number":null,"poll_year":2025}},{"type":"Feature","id":"ded49092-38d2-4733-9fd1-e90bb4c35d68","geometry":{"type":"Point","coordinates":[-94.81260327088876,29.52131122865831]},"properties":{"substrate":"Mud","lease_number":null,"poll_year":2025}},{"type":"Feature","id":"df0ac7af-8a4f-4ea9-a6bc-43ddbb7ee7d4","geometry":{"type":"Point","coordinates":[-94.81426828119986,29.518276782794484]},"properties":{"substrate":"Mud","lease_number":null,"poll_year":2025}},{"type":"Feature","id":"df2b34f7-d9ad-481f-bc9e-5881a6580cc3","geometry":{"type":"Point","coordinates":[-94.81286496360573,29.51835206716942]},"properties":{"substrate":"Mud","lease_number":null,"poll_year":2025}},{"type":"Feature","id":"df4fc05b-b1a8-4860-987d-feea48df708a","geometry":{"type":"Point","coordinates":[-94.82453647674994,29.517659133306086]},"properties":{"substrate":"Mud","lease_number":null,"poll_year":2025}},{"type":"Feature","id":"e0423ce4-9561-41bc-870b-9ebe247a9d69","geometry":{"type":"Point","coordinates":[-94.8272984432107,29.516997129809745]},"properties":{"substrate":"Mud","lease_number":null,"poll_year":2025}},{"type":"Feature","id":"e07dacfe-66d6-4a97-91af-708532ec3d45","geometry":{"type":"Point","coordinates":[-94.81239689283369,29.52087244130582]},"properties":{"substrate":"Mud","lease_number":null,"poll_year":2025}},{"type":"Feature","id":"e0a97a24-f714-4b95-ace7-f5a52c4c016f","geometry":{"type":"Point","coordinates":[-94.82723788238752,29.516465732177128]},"properties":{"substrate":"Mud","lease_number":null,"poll_year":2025}},{"type":"Feature","id":"e0da5019-7a22-4e05-bee3-977e40d404a8","geometry":{"type":"Point","coordinates":[-94.82648039958374,29.516737925128393]},"properties":{"substrate":"Mud","lease_number":null,"poll_year":2025}},{"type":"Feature","id":"e134d1c5-fff7-418c-b19b-081b8930e01d","geometry":{"type":"Point","coordinates":[-94.81387239455249,29.51691252784988]},"properties":{"substrate":"Mud","lease_number":null,"poll_year":2025}},{"type":"Feature","id":"e17e8a05-28ba-43fa-8162-766cfc9eed91","geometry":{"type":"Point","coordinates":[-94.81344198295376,29.522873442862128]},"properties":{"substrate":"Mud","lease_number":null,"poll_year":2025}},{"type":"Feature","id":"e240ba14-8932-462f-a92e-1bd3f72f0eb3","geometry":{"type":"Point","coordinates":[-94.81448007340114,29.51768537008549]},"properties":{"substrate":"Mud","lease_number":null,"poll_year":2025}},{"type":"Feature","id":"e24bb0f7-84d9-4437-8428-fa9f566c2879","geometry":{"type":"Point","coordinates":[-94.81372519840666,29.51698893266658]},"properties":{"substrate":"Mud","lease_number":null,"poll_year":2025}},{"type":"Feature","id":"e2f56bbb-1298-48f9-aee7-9a14f7c03f06","geometry":{"type":"Point","coordinates":[-94.8140790169493,29.52225471535162]},"properties":{"substrate":"Mud","lease_number":null,"poll_year":2025}},{"type":"Feature","id":"e2f94073-aa4f-482a-9f63-1fb066a21463","geometry":{"type":"Point","coordinates":[-94.82594467578933,29.517851115894246]},"properties":{"substrate":"Mud","lease_number":null,"poll_year":2025}},{"type":"Feature","id":"e39f7c44-ed60-4bc7-9a02-2910ec2534aa","geometry":{"type":"Point","coordinates":[-94.82621991599913,29.517065130269255]},"properties":{"substrate":"Mud","lease_number":null,"poll_year":2025}},{"type":"Feature","id":"e3c4e80e-f5f0-4d6b-af1d-f9efa0556dcf","geometry":{"type":"Point","coordinates":[-94.81366607309128,29.518011906142007]},"properties":{"substrate":"Mud","lease_number":null,"poll_year":2025}},{"type":"Feature","id":"e46052dd-a64c-4de1-bcb5-9856dcc88fcd","geometry":{"type":"Point","coordinates":[-94.81226410476671,29.52014746335367]},"properties":{"substrate":"Mud","lease_number":null,"poll_year":2025}},{"type":"Feature","id":"e490c6c9-d49b-4c81-af95-260c6ca6752d","geometry":{"type":"Point","coordinates":[-94.81349933858803,29.51935380828428]},"properties":{"substrate":"Mud","lease_number":null,"poll_year":2025}},{"type":"Feature","id":"e4ad3391-b5f9-4caf-af03-224ddbe61224","geometry":{"type":"Point","coordinates":[-94.81223326200974,29.516540408934752]},"properties":{"substrate":"Mud","lease_number":null,"poll_year":2025}},{"type":"Feature","id":"e4e31737-91fa-47c6-b846-a38476bd19b3","geometry":{"type":"Point","coordinates":[-94.81378286395967,29.516179213313]},"properties":{"substrate":"Solid Reef","lease_number":null,"poll_year":2025}},{"type":"Feature","id":"e4fdabdf-2f12-45b3-8f19-35a5a787af86","geometry":{"type":"Point","coordinates":[-94.81275844676924,29.520446518766043]},"properties":{"substrate":"Mud","lease_number":null,"poll_year":2025}},{"type":"Feature","id":"e5df0b55-8d4d-46fb-8c62-ec94f8b14f21","geometry":{"type":"Point","coordinates":[-94.81363356934935,29.51956375587802]},"properties":{"substrate":"Mud","lease_number":null,"poll_year":2025}},{"type":"Feature","id":"e5eba9da-c7ed-4738-8451-936f96fe77d9","geometry":{"type":"Point","coordinates":[-94.81231596810132,29.51859192038966]},"properties":{"substrate":"Mud","lease_number":null,"poll_year":2025}},{"type":"Feature","id":"e5f5681b-7004-4d4e-bfd3-a8b2d74eefd9","geometry":{"type":"Point","coordinates":[-94.81375105820874,29.51823167796284]},"properties":{"substrate":"Mud","lease_number":null,"poll_year":2025}},{"type":"Feature","id":"e676fe6a-6722-44da-bfdf-ba5eedb4c1b7","geometry":{"type":"Point","coordinates":[-94.81513179574989,29.52106826371799]},"properties":{"substrate":"Mud","lease_number":null,"poll_year":2025}},{"type":"Feature","id":"e67a2acb-1b74-4d1e-b9df-e853c98199e7","geometry":{"type":"Point","coordinates":[-94.81203343985963,29.52023861636121]},"properties":{"substrate":"Mud","lease_number":null,"poll_year":2025}},{"type":"Feature","id":"e700ac30-611c-494b-a25f-06744a506376","geometry":{"type":"Point","coordinates":[-94.81368720506002,29.52226545175264]},"properties":{"substrate":"Mud","lease_number":null,"poll_year":2025}},{"type":"Feature","id":"e73f6da8-324d-4e21-9c20-e61911029e7d","geometry":{"type":"Point","coordinates":[-94.81325586011172,29.520492789681935]},"properties":{"substrate":"Mud","lease_number":null,"poll_year":2025}},{"type":"Feature","id":"e7a00ecb-ef13-4e46-9286-220c3707c228","geometry":{"type":"Point","coordinates":[-94.81283447388667,29.521477711913416]},"properties":{"substrate":"Mud","lease_number":null,"poll_year":2025}},{"type":"Feature","id":"e974a1b6-1b3a-40c2-a2a1-17164bdda367","geometry":{"type":"Point","coordinates":[-94.8138590887065,29.52264906296402]},"properties":{"substrate":"Mud","lease_number":null,"poll_year":2025}},{"type":"Feature","id":"e98086bc-2fd8-4b3d-b15f-5a3ef51eeff0","geometry":{"type":"Point","coordinates":[-94.81764699500211,29.51658286134295]},"properties":{"substrate":"Mud","lease_number":null,"poll_year":2025}},{"type":"Feature","id":"e9a7302d-7b06-4db3-9bee-3823d8ece488","geometry":{"type":"Point","coordinates":[-94.81306161739785,29.521116831738606]},"properties":{"substrate":"Mud","lease_number":null,"poll_year":2025}},{"type":"Feature","id":"ea0a2445-1361-4c3e-a52a-8567fd64a143","geometry":{"type":"Point","coordinates":[-94.81349864778356,29.51708283627187]},"properties":{"substrate":"Mud","lease_number":null,"poll_year":2025}},{"type":"Feature","id":"ea0b738b-c363-4103-9164-4883491c0915","geometry":{"type":"Point","coordinates":[-94.82490889041897,29.516766613634175]},"properties":{"substrate":"Mud","lease_number":null,"poll_year":2025}},{"type":"Feature","id":"ea4e5a5a-38d1-458c-9d37-a66ec9a3420e","geometry":{"type":"Point","coordinates":[-94.8124988552117,29.52213372889247]},"properties":{"substrate":"Mud","lease_number":null,"poll_year":2025}},{"type":"Feature","id":"ea89668f-e8cf-4b32-9a18-5dd59fde102e","geometry":{"type":"Point","coordinates":[-94.81607509596849,29.518615735189435]},"properties":{"substrate":"Mud","lease_number":null,"poll_year":2025}},{"type":"Feature","id":"eae28695-f490-4206-b81a-83e4ffd71d04","geometry":{"type":"Point","coordinates":[-94.81453748473095,29.521374617382076]},"properties":{"substrate":"Mud","lease_number":null,"poll_year":2025}},{"type":"Feature","id":"ebc1acd5-4284-42bc-8924-4d6bf96fd53d","geometry":{"type":"Point","coordinates":[-94.81319473784148,29.51667388935857]},"properties":{"substrate":"Buried Shell","lease_number":null,"poll_year":2025}},{"type":"Feature","id":"ebf49ffc-7681-449a-89ee-6cad8ea2306f","geometry":{"type":"Point","coordinates":[-94.81640725882458,29.51710508563817]},"properties":{"substrate":"Mud","lease_number":null,"poll_year":2025}},{"type":"Feature","id":"ec5b6d77-78c5-4349-812e-450d7e917be7","geometry":{"type":"Point","coordinates":[-94.8163047583557,29.516870926876894]},"properties":{"substrate":"Mud","lease_number":null,"poll_year":2025}},{"type":"Feature","id":"ec658393-9c06-46e5-b214-b58b4da2cde5","geometry":{"type":"Point","coordinates":[-94.81443190663393,29.52156456522431]},"properties":{"substrate":"Mud","lease_number":null,"poll_year":2025}},{"type":"Feature","id":"ec8d8a4d-8736-45c3-aca3-5fb851549f1c","geometry":{"type":"Point","coordinates":[-94.82777691737208,29.516822557721387]},"properties":{"substrate":"Mud","lease_number":null,"poll_year":2025}},{"type":"Feature","id":"ece02522-6a0c-4d6f-99df-7038ea6d2608","geometry":{"type":"Point","coordinates":[-94.81667717202474,29.517000857062822]},"properties":{"substrate":"Mud","lease_number":null,"poll_year":2025}},{"type":"Feature","id":"ed050ba3-9d05-4afc-b90f-7b2217cd8209","geometry":{"type":"Point","coordinates":[-94.8125221593068,29.520300455651732]},"properties":{"substrate":"Mud","lease_number":null,"poll_year":2025}},{"type":"Feature","id":"ed1ba3fa-457b-4fe1-a34f-8c9a124ae008","geometry":{"type":"Point","coordinates":[-94.81854543155877,29.516213815754284]},"properties":{"substrate":"Mud","lease_number":null,"poll_year":2025}},{"type":"Feature","id":"ed4e274b-bcff-46d1-bcee-f4379f325583","geometry":{"type":"Point","coordinates":[-94.81255059188386,29.51616899767946]},"properties":{"substrate":"Buried Shell","lease_number":null,"poll_year":2025}},{"type":"Feature","id":"ee327050-c013-4026-a5b2-50128b572b8c","geometry":{"type":"Point","coordinates":[-94.81575152280315,29.518724287298756]},"properties":{"substrate":"Mud","lease_number":null,"poll_year":2025}},{"type":"Feature","id":"ef0894dc-4505-4ddd-ae82-665214c3391e","geometry":{"type":"Point","coordinates":[-94.81265737192673,29.523866325892065]},"properties":{"substrate":"Mud","lease_number":null,"poll_year":2025}},{"type":"Feature","id":"ef1081f8-b97c-4e0f-9638-28630bcb940d","geometry":{"type":"Point","coordinates":[-94.82606196162946,29.516384997759754]},"properties":{"substrate":"Mud","lease_number":null,"poll_year":2025}},{"type":"Feature","id":"ef38714b-c686-48a2-a01f-e39f1ffb5f55","geometry":{"type":"Point","coordinates":[-94.81556540714764,29.51719723808062]},"properties":{"substrate":"Mud","lease_number":null,"poll_year":2025}},{"type":"Feature","id":"efb67ed7-6547-47c2-bce7-3951b3781964","geometry":{"type":"Point","coordinates":[-94.82381726756718,29.51661602527135]},"properties":{"substrate":"Mud","lease_number":null,"poll_year":2025}},{"type":"Feature","id":"efeb6160-9eec-47a2-8358-e71599ba6dac","geometry":{"type":"Point","coordinates":[-94.8130371769339,29.52140650636953]},"properties":{"substrate":"Mud","lease_number":null,"poll_year":2025}},{"type":"Feature","id":"f0099b71-e3a5-4de0-a8b5-80ff1e119805","geometry":{"type":"Point","coordinates":[-94.8124491379523,29.517984439809712]},"properties":{"substrate":"Mud","lease_number":null,"poll_year":2025}},{"type":"Feature","id":"f07282f1-6f6f-4dbe-8195-093b10478d67","geometry":{"type":"Point","coordinates":[-94.8243589516835,29.516987351241724]},"properties":{"substrate":"Mud","lease_number":null,"poll_year":2025}},{"type":"Feature","id":"f080cca2-dc31-4a3f-9e04-fadd42ab2f3b","geometry":{"type":"Point","coordinates":[-94.81495904882243,29.516671852183045]},"properties":{"substrate":"Mud","lease_number":null,"poll_year":2025}},{"type":"Feature","id":"f08c5e67-ad34-4600-b974-a96618fd06ac","geometry":{"type":"Point","coordinates":[-94.81445167136681,29.52001886218805]},"properties":{"substrate":"Mud","lease_number":null,"poll_year":2025}},{"type":"Feature","id":"f0a0ce02-608b-439a-ad38-6b32927bdddf","geometry":{"type":"Point","coordinates":[-94.81288452801431,29.52253658477933]},"properties":{"substrate":"Mud","lease_number":null,"poll_year":2025}},{"type":"Feature","id":"f12f97b7-81f4-4be4-bb7b-05cdfcb986e5","geometry":{"type":"Point","coordinates":[-94.81301565509632,29.521629923640077]},"properties":{"substrate":"Mud","lease_number":null,"poll_year":2025}},{"type":"Feature","id":"f13d4fbc-7591-4af7-96e5-b811bc21f3dc","geometry":{"type":"Point","coordinates":[-94.81445538320557,29.516660391311056]},"properties":{"substrate":"Buried Shell","lease_number":null,"poll_year":2025}},{"type":"Feature","id":"f1518b7c-b64b-484b-bb72-186324eb128b","geometry":{"type":"Point","coordinates":[-94.81270833514942,29.5209901860343]},"properties":{"substrate":"Mud","lease_number":null,"poll_year":2025}},{"type":"Feature","id":"f18466f8-d823-42b6-a0c9-1040c60876c9","geometry":{"type":"Point","coordinates":[-94.82538425730776,29.518016791077248]},"properties":{"substrate":"Mud","lease_number":null,"poll_year":2025}},{"type":"Feature","id":"f1db109b-6c56-4244-a7d5-5cc7e13bd90b","geometry":{"type":"Point","coordinates":[-94.82654225667589,29.517615436072905]},"properties":{"substrate":"Mud","lease_number":null,"poll_year":2025}},{"type":"Feature","id":"f233bb0f-c5f7-4500-9a1e-f00a2ab2720f","geometry":{"type":"Point","coordinates":[-94.81554273456818,29.516189569656692]},"properties":{"substrate":"Mud","lease_number":null,"poll_year":2025}},{"type":"Feature","id":"f2510292-2408-439e-8609-41801320db61","geometry":{"type":"Point","coordinates":[-94.81347080000977,29.521784589630485]},"properties":{"substrate":"Mud","lease_number":null,"poll_year":2025}},{"type":"Feature","id":"f276605e-5e7d-43bd-b8b0-e70e778a1f21","geometry":{"type":"Point","coordinates":[-94.81452426063166,29.518400712319792]},"properties":{"substrate":"Mud","lease_number":null,"poll_year":2025}},{"type":"Feature","id":"f284b8e8-3e55-4e01-81ff-fb89931f0469","geometry":{"type":"Point","coordinates":[-94.81297283779662,29.52270683527176]},"properties":{"substrate":"Mud","lease_number":null,"poll_year":2025}},{"type":"Feature","id":"f2cc2f25-5365-4ba4-a6e3-7ddfeb28f8cc","geometry":{"type":"Point","coordinates":[-94.8270392127759,29.517640082850043]},"properties":{"substrate":"Mud","lease_number":null,"poll_year":2025}},{"type":"Feature","id":"f2f69260-c82e-4607-a635-c0ce26938bf1","geometry":{"type":"Point","coordinates":[-94.82483284803018,29.517276131680138]},"properties":{"substrate":"Mud","lease_number":null,"poll_year":2025}},{"type":"Feature","id":"f30d0d01-1503-4693-9aa7-3143b5c4933f","geometry":{"type":"Point","coordinates":[-94.82692561541835,29.517943711671613]},"properties":{"substrate":"Mud","lease_number":null,"poll_year":2025}},{"type":"Feature","id":"f3497378-6f6f-47d9-8cba-e1826a20ff20","geometry":{"type":"Point","coordinates":[-94.82560962035802,29.517952977342077]},"properties":{"substrate":"Mud","lease_number":null,"poll_year":2025}},{"type":"Feature","id":"f352271e-4bb1-4dda-bcca-3aa7985456fc","geometry":{"type":"Point","coordinates":[-94.82550531876701,29.516463655911053]},"properties":{"substrate":"Mud","lease_number":null,"poll_year":2025}},{"type":"Feature","id":"f364afd0-82d0-4395-91f5-3c0cec049249","geometry":{"type":"Point","coordinates":[-94.81629703194595,29.51870038966333]},"properties":{"substrate":"Mud","lease_number":null,"poll_year":2025}},{"type":"Feature","id":"f38deacd-6545-4329-9034-babfe4f235e0","geometry":{"type":"Point","coordinates":[-94.81486622231085,29.51879574800373]},"properties":{"substrate":"Mud","lease_number":null,"poll_year":2025}},{"type":"Feature","id":"f38f76da-381b-4dd4-b4f2-404ba11a7c6c","geometry":{"type":"Point","coordinates":[-94.823796123022,29.517136577293194]},"properties":{"substrate":"Mud","lease_number":null,"poll_year":2025}},{"type":"Feature","id":"f3b1a57c-9648-4f40-a11c-8f7505468541","geometry":{"type":"Point","coordinates":[-94.8271900686582,29.51757894782516]},"properties":{"substrate":"Mud","lease_number":null,"poll_year":2025}},{"type":"Feature","id":"f45a88f6-fbd8-4351-a77d-67e61ee6a4d6","geometry":{"type":"Point","coordinates":[-94.81778419739038,29.51652814834197]},"properties":{"substrate":"Mud","lease_number":null,"poll_year":2025}},{"type":"Feature","id":"f4bb9773-6f47-4190-8671-4d3ce8d55818","geometry":{"type":"Point","coordinates":[-94.81474258268673,29.520744268647967]},"properties":{"substrate":"Mud","lease_number":null,"poll_year":2025}},{"type":"Feature","id":"f4be8887-bdff-47e4-9e0f-4d53d18708a8","geometry":{"type":"Point","coordinates":[-94.81271518121021,29.52259573916037]},"properties":{"substrate":"Mud","lease_number":null,"poll_year":2025}},{"type":"Feature","id":"f51afb2d-cee3-42fe-9386-56a602de653d","geometry":{"type":"Point","coordinates":[-94.81326892520923,29.51818428425435]},"properties":{"substrate":"Mud","lease_number":null,"poll_year":2025}},{"type":"Feature","id":"f5974507-bcf1-4fc8-9088-9e414827b495","geometry":{"type":"Point","coordinates":[-94.81422199011497,29.51751962713207]},"properties":{"substrate":"Mud","lease_number":null,"poll_year":2025}},{"type":"Feature","id":"f5d49d5c-3e23-4fd0-9856-2e9207107cd0","geometry":{"type":"Point","coordinates":[-94.81441631008397,29.520857225657664]},"properties":{"substrate":"Mud","lease_number":null,"poll_year":2025}},{"type":"Feature","id":"f5d7add5-824e-40f1-ab6b-73e44ceb7530","geometry":{"type":"Point","coordinates":[-94.81253370175989,29.523196863618423]},"properties":{"substrate":"Mud","lease_number":null,"poll_year":2025}},{"type":"Feature","id":"f63cc30b-bfdd-4858-898e-4766f4487033","geometry":{"type":"Point","coordinates":[-94.82496218926141,29.51614268233402]},"properties":{"substrate":"Mud","lease_number":null,"poll_year":2025}},{"type":"Feature","id":"f66be070-3e76-46d3-af12-6b7dd74adcda","geometry":{"type":"Point","coordinates":[-94.82672045637712,29.517758633381064]},"properties":{"substrate":"Mud","lease_number":null,"poll_year":2025}},{"type":"Feature","id":"f6d327dc-1a84-438d-8604-2478f4a5b645","geometry":{"type":"Point","coordinates":[-94.81612347114485,29.517720194801118]},"properties":{"substrate":"Mud","lease_number":null,"poll_year":2025}},{"type":"Feature","id":"f702abef-cc8e-4da1-973f-5455dd0568e5","geometry":{"type":"Point","coordinates":[-94.81462628768836,29.51889826669875]},"properties":{"substrate":"Mud","lease_number":null,"poll_year":2025}},{"type":"Feature","id":"f72a4bf6-7c00-48cf-87d4-72d9b1d8a554","geometry":{"type":"Point","coordinates":[-94.81604130224581,29.518819150795174]},"properties":{"substrate":"Mud","lease_number":null,"poll_year":2025}},{"type":"Feature","id":"f87760cc-7159-4eaa-9c32-1b1d86caab5b","geometry":{"type":"Point","coordinates":[-94.81265735126547,29.516370388057325]},"properties":{"substrate":"Buried Shell","lease_number":null,"poll_year":2025}},{"type":"Feature","id":"f8931830-345b-44ad-85be-22c3d0aba4fc","geometry":{"type":"Point","coordinates":[-94.81589723223719,29.51867593466326]},"properties":{"substrate":"Mud","lease_number":null,"poll_year":2025}},{"type":"Feature","id":"f89c4f9d-01e8-403d-a41e-6ad0c133cc93","geometry":{"type":"Point","coordinates":[-94.81291856607875,29.517784146265186]},"properties":{"substrate":"Mud","lease_number":null,"poll_year":2025}},{"type":"Feature","id":"f8b77043-c20d-4267-8610-3d36d7615651","geometry":{"type":"Point","coordinates":[-94.81734784433439,29.51759650912007]},"properties":{"substrate":"Mud","lease_number":null,"poll_year":2025}},{"type":"Feature","id":"f8b952b3-91c8-4026-ab68-4a633ed10364","geometry":{"type":"Point","coordinates":[-94.81402369510083,29.516560249140984]},"properties":{"substrate":"Buried Shell","lease_number":null,"poll_year":2025}},{"type":"Feature","id":"f8f796c3-33bc-47e0-91bd-c2981a9a930d","geometry":{"type":"Point","coordinates":[-94.81516623266629,29.51893877791967]},"properties":{"substrate":"Mud","lease_number":null,"poll_year":2025}},{"type":"Feature","id":"f9030e91-dd69-4979-b800-84b5d3871da8","geometry":{"type":"Point","coordinates":[-94.81208803766596,29.516608061833264]},"properties":{"substrate":"Mud","lease_number":null,"poll_year":2025}},{"type":"Feature","id":"f92bad91-74bc-490b-bbf5-1b7610340303","geometry":{"type":"Point","coordinates":[-94.8129969872064,29.51881189497672]},"properties":{"substrate":"Mud","lease_number":null,"poll_year":2025}},{"type":"Feature","id":"f95abd64-ba35-4ffa-891c-73945b086f18","geometry":{"type":"Point","coordinates":[-94.82638277067866,29.51658935982905]},"properties":{"substrate":"Mud","lease_number":null,"poll_year":2025}},{"type":"Feature","id":"f99d6b0b-af47-4646-bc77-49a932073d66","geometry":{"type":"Point","coordinates":[-94.81604978503704,29.51650140626731]},"properties":{"substrate":"Mud","lease_number":null,"poll_year":2025}},{"type":"Feature","id":"f9b44828-99df-45c6-a23f-bf7a5b3123bd","geometry":{"type":"Point","coordinates":[-94.8134221014399,29.51634451522213]},"properties":{"substrate":"Buried Shell","lease_number":null,"poll_year":2025}},{"type":"Feature","id":"fa00c5cf-177b-4748-908a-ecafa73d28c7","geometry":{"type":"Point","coordinates":[-94.81424025196638,29.521482766307518]},"properties":{"substrate":"Mud","lease_number":null,"poll_year":2025}},{"type":"Feature","id":"fa098546-fd8e-4a81-a250-cd40c68ae232","geometry":{"type":"Point","coordinates":[-94.82452123772946,29.517017058261096]},"properties":{"substrate":"Mud","lease_number":null,"poll_year":2025}},{"type":"Feature","id":"fab867c0-758f-41e4-8af8-de892a14e95f","geometry":{"type":"Point","coordinates":[-94.81374693224663,29.51872508464215]},"properties":{"substrate":"Mud","lease_number":null,"poll_year":2025}},{"type":"Feature","id":"fb09740e-8b00-4de9-abc0-eae003fd5eab","geometry":{"type":"Point","coordinates":[-94.81750469736951,29.516642423356537]},"properties":{"substrate":"Mud","lease_number":null,"poll_year":2025}},{"type":"Feature","id":"fb54c4a7-1bba-48f8-b86a-a956de407e82","geometry":{"type":"Point","coordinates":[-94.82522774203917,29.51724573838612]},"properties":{"substrate":"Mud","lease_number":null,"poll_year":2025}},{"type":"Feature","id":"fb9921d7-0103-4d01-aec2-65ff3c13a805","geometry":{"type":"Point","coordinates":[-94.8230156801779,29.517121629213793]},"properties":{"substrate":"Mud","lease_number":null,"poll_year":2025}},{"type":"Feature","id":"fc0ebefd-cccc-461f-8f07-ba4147b96c70","geometry":{"type":"Point","coordinates":[-94.81240750642876,29.516470213815996]},"properties":{"substrate":"Mud","lease_number":null,"poll_year":2025}},{"type":"Feature","id":"fc5185d0-80cd-483d-b20d-1011566c316f","geometry":{"type":"Point","coordinates":[-94.81498226578094,29.516416729629057]},"properties":{"substrate":"Mud","lease_number":null,"poll_year":2025}},{"type":"Feature","id":"fcc58c79-3c11-45af-ad0f-4e589bfce79d","geometry":{"type":"Point","coordinates":[-94.82385288307324,29.516191730355075]},"properties":{"substrate":"Mud","lease_number":null,"poll_year":2025}},{"type":"Feature","id":"fe896cc5-725b-4538-9d01-cf1d6160bbf3","geometry":{"type":"Point","coordinates":[-94.82284685170173,29.5161941412066]},"properties":{"substrate":"Mud","lease_number":null,"poll_year":2025}},{"type":"Feature","id":"fecfd39a-50a4-4d19-bf54-ac8d082cbe6c","geometry":{"type":"Point","coordinates":[-94.81722577496538,29.517107734111395]},"properties":{"substrate":"Mud","lease_number":null,"poll_year":2025}},{"type":"Feature","id":"fedf36a8-cbd9-4d53-9c88-f810c74a4b36","geometry":{"type":"Point","coordinates":[-94.82839221213771,29.51662865326437]},"properties":{"substrate":"Mud","lease_number":null,"poll_year":2025}},{"type":"Feature","id":"ff51ea55-5542-41d0-b690-8b295ef4bf9f","geometry":{"type":"Point","coordinates":[-94.82342451065024,29.516375291051496]},"properties":{"substrate":"Mud","lease_number":null,"poll_year":2025}},{"type":"Feature","id":"ff95586a-e240-4de3-962b-ad9f6df88982","geometry":{"type":"Point","coordinates":[-94.8265435969623,29.51651172818207]},"properties":{"substrate":"Mud","lease_number":null,"poll_year":2025}}]}