{"type":"FeatureCollection","features":[{"type":"Feature","id":"0032586c-b3b9-4fe2-8538-3add7dd67a46","geometry":{"type":"Point","coordinates":[-94.80290604363495,29.557883850327126]},"properties":{"substrate":"Mud","lease_number":null,"poll_year":2025}},{"type":"Feature","id":"00ac1fe5-3c48-4913-874b-8433fb5126a0","geometry":{"type":"Point","coordinates":[-94.80054328758814,29.556628651242864]},"properties":{"substrate":"Mud","lease_number":null,"poll_year":2025}},{"type":"Feature","id":"0191a43b-ffb0-424b-86cd-045f2016bf74","geometry":{"type":"Point","coordinates":[-94.80406002663544,29.55759662831932]},"properties":{"substrate":"Mud","lease_number":null,"poll_year":2025}},{"type":"Feature","id":"0221f582-a847-40a4-9fc8-bd1448bb6cc0","geometry":{"type":"Point","coordinates":[-94.80415718572164,29.555857991382613]},"properties":{"substrate":"Mud","lease_number":null,"poll_year":2025}},{"type":"Feature","id":"02a037ab-3a0e-46ff-a0c0-8175438efb52","geometry":{"type":"Point","coordinates":[-94.80566693121904,29.556600889082834]},"properties":{"substrate":"Mud","lease_number":null,"poll_year":2025}},{"type":"Feature","id":"03a67d69-6a99-4993-aef3-bbfcd34f4681","geometry":{"type":"Point","coordinates":[-94.80253758524812,29.55766893282696]},"properties":{"substrate":"Mud","lease_number":null,"poll_year":2025}},{"type":"Feature","id":"03c54961-45be-4ac1-ae9d-19a45fa9068c","geometry":{"type":"Point","coordinates":[-94.8006028234336,29.555826263291973]},"properties":{"substrate":"Mud","lease_number":null,"poll_year":2025}},{"type":"Feature","id":"03de0021-a346-45dd-ad7e-95322663c93c","geometry":{"type":"Point","coordinates":[-94.80671500194924,29.555343957266658]},"properties":{"substrate":"Mud","lease_number":null,"poll_year":2025}},{"type":"Feature","id":"0451ea3d-377b-43c6-a116-77b4c3144098","geometry":{"type":"Point","coordinates":[-94.80244851279612,29.555334108952113]},"properties":{"substrate":"Mud","lease_number":null,"poll_year":2025}},{"type":"Feature","id":"047811a1-68ac-4c9f-9b3a-4b6d1617af2a","geometry":{"type":"Point","coordinates":[-94.80556209962202,29.556823495632013]},"properties":{"substrate":"Mud","lease_number":null,"poll_year":2025}},{"type":"Feature","id":"050033e6-3b70-489a-9124-0a0b52ccfb18","geometry":{"type":"Point","coordinates":[-94.80824058833839,29.55515613427764]},"properties":{"substrate":"Mud","lease_number":null,"poll_year":2025}},{"type":"Feature","id":"05d18896-29be-469f-9d11-bbff80e0164c","geometry":{"type":"Point","coordinates":[-94.80020007096248,29.55485243666157]},"properties":{"substrate":"Mud","lease_number":null,"poll_year":2025}},{"type":"Feature","id":"05d6d2f1-fbfc-45ec-8d00-ef681ce5d748","geometry":{"type":"Point","coordinates":[-94.80188543709794,29.555966488671352]},"properties":{"substrate":"Mud","lease_number":null,"poll_year":2025}},{"type":"Feature","id":"064bfd00-ef0f-41e8-b1e8-0a54e1962938","geometry":{"type":"Point","coordinates":[-94.80376953213381,29.556468027099736]},"properties":{"substrate":"Mud","lease_number":null,"poll_year":2025}},{"type":"Feature","id":"06a687a4-e009-4a2e-a682-908c520a63a9","geometry":{"type":"Point","coordinates":[-94.80385083326028,29.55535576774121]},"properties":{"substrate":"Mud","lease_number":null,"poll_year":2025}},{"type":"Feature","id":"073ab4e0-0b0d-48e9-b44e-ee352cd258de","geometry":{"type":"Point","coordinates":[-94.80309044799984,29.55747777832199]},"properties":{"substrate":"Mud","lease_number":null,"poll_year":2025}},{"type":"Feature","id":"07880a08-4730-4cca-970c-8b12f83065bc","geometry":{"type":"Point","coordinates":[-94.80008066958986,29.555853723254458]},"properties":{"substrate":"Mud","lease_number":null,"poll_year":2025}},{"type":"Feature","id":"086bace7-d6fc-44d0-91c1-43f9a6df34e2","geometry":{"type":"Point","coordinates":[-94.80359743199338,29.55644491433075]},"properties":{"substrate":"Mud","lease_number":null,"poll_year":2025}},{"type":"Feature","id":"08ffe688-1705-4f86-aa92-3478a0d29948","geometry":{"type":"Point","coordinates":[-94.80279350269615,29.5545371776222]},"properties":{"substrate":"Mud","lease_number":null,"poll_year":2025}},{"type":"Feature","id":"0901bf45-4709-4a06-b179-a1f23634a2d0","geometry":{"type":"Point","coordinates":[-94.8018429764294,29.55567966677172]},"properties":{"substrate":"Mud","lease_number":null,"poll_year":2025}},{"type":"Feature","id":"096f9b66-61b0-49b8-ae53-1771b8cb7e6a","geometry":{"type":"Point","coordinates":[-94.80299332933784,29.558552558634545]},"properties":{"substrate":"Mud","lease_number":null,"poll_year":2025}},{"type":"Feature","id":"09f31768-9b6d-4aaf-bf54-5d0606001e62","geometry":{"type":"Point","coordinates":[-94.80325018013544,29.558817686205852]},"properties":{"substrate":"Mud","lease_number":null,"poll_year":2025}},{"type":"Feature","id":"0a14a5c5-89e7-4fe6-8802-ae77e88bf812","geometry":{"type":"Point","coordinates":[-94.80039036827563,29.556168965683447]},"properties":{"substrate":"Mud","lease_number":null,"poll_year":2025}},{"type":"Feature","id":"0a9908da-8db4-44d6-ac8a-6adfd5b2e5e9","geometry":{"type":"Point","coordinates":[-94.80176433880774,29.556738548781883]},"properties":{"substrate":"Mud","lease_number":null,"poll_year":2025}},{"type":"Feature","id":"0bd11a95-702d-4d04-a850-b31649baa09c","geometry":{"type":"Point","coordinates":[-94.79921714336174,29.555312453284014]},"properties":{"substrate":"Mud","lease_number":null,"poll_year":2025}},{"type":"Feature","id":"0bf11081-6ffd-47af-9f18-4fd726d18c61","geometry":{"type":"Point","coordinates":[-94.80244940572152,29.556295710332094]},"properties":{"substrate":"Mud","lease_number":null,"poll_year":2025}},{"type":"Feature","id":"0c04aa86-03eb-4ed2-93ff-753589cf2b96","geometry":{"type":"Point","coordinates":[-94.80283336903014,29.55669583973323]},"properties":{"substrate":"Mud","lease_number":null,"poll_year":2025}},{"type":"Feature","id":"0c6150a7-f558-4e7c-b64b-9a9349c14dfd","geometry":{"type":"Point","coordinates":[-94.80168749691835,29.556111072618364]},"properties":{"substrate":"Mud","lease_number":null,"poll_year":2025}},{"type":"Feature","id":"0cbf2c4a-e6fd-4035-bed2-e8cedc75a4c5","geometry":{"type":"Point","coordinates":[-94.8032122487726,29.554708260383435]},"properties":{"substrate":"Mud","lease_number":null,"poll_year":2025}},{"type":"Feature","id":"0d2dce87-2d38-43a0-b4f6-b37473d83511","geometry":{"type":"Point","coordinates":[-94.80113673173281,29.554984773304575]},"properties":{"substrate":"Mud","lease_number":null,"poll_year":2025}},{"type":"Feature","id":"0d328370-0f78-4252-8c60-3026bed4a54e","geometry":{"type":"Point","coordinates":[-94.80153319779357,29.55562065286428]},"properties":{"substrate":"Mud","lease_number":null,"poll_year":2025}},{"type":"Feature","id":"0e215962-5230-440d-b734-2414620b40f5","geometry":{"type":"Point","coordinates":[-94.80427160144443,29.55596336298587]},"properties":{"substrate":"Mud","lease_number":null,"poll_year":2025}},{"type":"Feature","id":"0e76b3b4-189f-45e3-9f4f-863ae833cf3f","geometry":{"type":"Point","coordinates":[-94.80567034841039,29.5551348067711]},"properties":{"substrate":"Mud","lease_number":null,"poll_year":2025}},{"type":"Feature","id":"0ea592f4-9ae7-4e91-869b-dd995f5a2dfc","geometry":{"type":"Point","coordinates":[-94.79963346488522,29.554560150169777]},"properties":{"substrate":"Mud","lease_number":null,"poll_year":2025}},{"type":"Feature","id":"0f7dc780-3390-489a-94fb-8e1cd4527694","geometry":{"type":"Point","coordinates":[-94.79894790479636,29.555029435085153]},"properties":{"substrate":"Mud","lease_number":null,"poll_year":2025}},{"type":"Feature","id":"10111c07-6824-4ef7-8ebf-01c37737f49e","geometry":{"type":"Point","coordinates":[-94.80691484835387,29.55438291805684]},"properties":{"substrate":"Mud","lease_number":null,"poll_year":2025}},{"type":"Feature","id":"10134482-f691-4ab3-bf28-20410b393f17","geometry":{"type":"Point","coordinates":[-94.80573956360303,29.55554986988735]},"properties":{"substrate":"Mud","lease_number":null,"poll_year":2025}},{"type":"Feature","id":"1099f36e-c820-4534-b62a-ef51e0b4cfc7","geometry":{"type":"Point","coordinates":[-94.79949851098009,29.55501658527234]},"properties":{"substrate":"Mud","lease_number":null,"poll_year":2025}},{"type":"Feature","id":"11284abd-6d83-4de6-b6c0-54d7d4baed27","geometry":{"type":"Point","coordinates":[-94.80422345533846,29.555386279299558]},"properties":{"substrate":"Mud","lease_number":null,"poll_year":2025}},{"type":"Feature","id":"118696a6-ee38-4171-91a0-b32bdefa97c5","geometry":{"type":"Point","coordinates":[-94.80796825058526,29.554543483781575]},"properties":{"substrate":"Mud","lease_number":null,"poll_year":2025}},{"type":"Feature","id":"1195a52a-e161-47bc-a1eb-a1a3c686e60a","geometry":{"type":"Point","coordinates":[-94.80474682370446,29.556819279118017]},"properties":{"substrate":"Mud","lease_number":null,"poll_year":2025}},{"type":"Feature","id":"128f7946-ca67-4424-9b05-6df5b4cd2925","geometry":{"type":"Point","coordinates":[-94.80209278623181,29.55723917928468]},"properties":{"substrate":"Mud","lease_number":null,"poll_year":2025}},{"type":"Feature","id":"12f0a953-7485-402d-b2eb-1cca8aa7fe17","geometry":{"type":"Point","coordinates":[-94.80237620290731,29.55504869964284]},"properties":{"substrate":"Mud","lease_number":null,"poll_year":2025}},{"type":"Feature","id":"1301446e-39ce-4367-bde5-3f0029da305f","geometry":{"type":"Point","coordinates":[-94.80276629362452,29.557739332992387]},"properties":{"substrate":"Mud","lease_number":null,"poll_year":2025}},{"type":"Feature","id":"132e18fc-3b1a-486a-a66a-3efffe585e21","geometry":{"type":"Point","coordinates":[-94.80518708083868,29.555524000823134]},"properties":{"substrate":"Mud","lease_number":null,"poll_year":2025}},{"type":"Feature","id":"13522710-01b1-4a9d-aacd-f7a6c2d3d785","geometry":{"type":"Point","coordinates":[-94.8039251832231,29.55619486115073]},"properties":{"substrate":"Mud","lease_number":null,"poll_year":2025}},{"type":"Feature","id":"13ab6729-2d18-4c32-9bb5-c224946bb1eb","geometry":{"type":"Point","coordinates":[-94.80023109068755,29.556011047651925]},"properties":{"substrate":"Mud","lease_number":null,"poll_year":2025}},{"type":"Feature","id":"13dc2450-cf24-418d-855a-962c129ef0dc","geometry":{"type":"Point","coordinates":[-94.80326770626664,29.55445238904372]},"properties":{"substrate":"Mud","lease_number":null,"poll_year":2025}},{"type":"Feature","id":"14cb5fb5-f80c-4ec0-8da5-10a0c928131c","geometry":{"type":"Point","coordinates":[-94.80354004581639,29.55822818278059]},"properties":{"substrate":"Mud","lease_number":null,"poll_year":2025}},{"type":"Feature","id":"14eb58e4-aec5-4ebc-be1a-44318f7fd0f5","geometry":{"type":"Point","coordinates":[-94.80381803576925,29.558881584332894]},"properties":{"substrate":"Mud","lease_number":null,"poll_year":2025}},{"type":"Feature","id":"14f7d4fb-4cc3-4329-8854-9ecba19834b6","geometry":{"type":"Point","coordinates":[-94.8058271179022,29.555279919371163]},"properties":{"substrate":"Mud","lease_number":null,"poll_year":2025}},{"type":"Feature","id":"15a8230f-79a4-4939-a332-ed95ac314a5e","geometry":{"type":"Point","coordinates":[-94.80807162960647,29.554998625694687]},"properties":{"substrate":"Mud","lease_number":null,"poll_year":2025}},{"type":"Feature","id":"162de439-81ec-4204-9754-41d749799e75","geometry":{"type":"Point","coordinates":[-94.80130612075773,29.55703902130708]},"properties":{"substrate":"Mud","lease_number":null,"poll_year":2025}},{"type":"Feature","id":"163ea59c-2779-4a47-bd24-e9328f96a6af","geometry":{"type":"Point","coordinates":[-94.80483150429302,29.554848341186933]},"properties":{"substrate":"Mud","lease_number":null,"poll_year":2025}},{"type":"Feature","id":"1650c57e-b480-418e-8363-99286ca1f0b4","geometry":{"type":"Point","coordinates":[-94.80357587512148,29.557615018772697]},"properties":{"substrate":"Mud","lease_number":null,"poll_year":2025}},{"type":"Feature","id":"166f9ee4-7b12-48a1-965c-2364e3aceadc","geometry":{"type":"Point","coordinates":[-94.80188099313223,29.554778217196397]},"properties":{"substrate":"Mud","lease_number":null,"poll_year":2025}},{"type":"Feature","id":"16bc267e-eec7-4b1c-9185-06612713c543","geometry":{"type":"Point","coordinates":[-94.80272239295658,29.555959727813516]},"properties":{"substrate":"Mud","lease_number":null,"poll_year":2025}},{"type":"Feature","id":"16c72fca-5772-44ea-ab97-77f4a63b51ce","geometry":{"type":"Point","coordinates":[-94.80278575742177,29.558520847018148]},"properties":{"substrate":"Mud","lease_number":null,"poll_year":2025}},{"type":"Feature","id":"171c3405-9067-4351-8d72-3d22c76ed45b","geometry":{"type":"Point","coordinates":[-94.80247112339183,29.555709193638826]},"properties":{"substrate":"Mud","lease_number":null,"poll_year":2025}},{"type":"Feature","id":"17e0bc18-7d07-4f8a-ae01-48b6e361bf8d","geometry":{"type":"Point","coordinates":[-94.80885696198068,29.555070460860264]},"properties":{"substrate":"Mud","lease_number":null,"poll_year":2025}},{"type":"Feature","id":"17f39fa7-616e-47c4-b154-ba73f685dc22","geometry":{"type":"Point","coordinates":[-94.7998618965805,29.554782712766265]},"properties":{"substrate":"Mud","lease_number":null,"poll_year":2025}},{"type":"Feature","id":"18e9390a-48f8-4c6a-9312-1dd5f18c5466","geometry":{"type":"Point","coordinates":[-94.7993315680677,29.55594317886946]},"properties":{"substrate":"Mud","lease_number":null,"poll_year":2025}},{"type":"Feature","id":"18fdcb76-c989-4cdb-a9b3-23d2ed982db9","geometry":{"type":"Point","coordinates":[-94.80542367462662,29.55522154834477]},"properties":{"substrate":"Mud","lease_number":null,"poll_year":2025}},{"type":"Feature","id":"1974e5f8-42b7-4b9b-941d-9fa5f8708676","geometry":{"type":"Point","coordinates":[-94.80447551182739,29.55506289819698]},"properties":{"substrate":"Mud","lease_number":null,"poll_year":2025}},{"type":"Feature","id":"19a09714-64e7-4e45-9d10-1c2c4eeedd0b","geometry":{"type":"Point","coordinates":[-94.80444160940856,29.556501693684975]},"properties":{"substrate":"Mud","lease_number":null,"poll_year":2025}},{"type":"Feature","id":"1a06bc7f-8e4a-4ade-9628-bc3de7560541","geometry":{"type":"Point","coordinates":[-94.79975444998769,29.55495801561078]},"properties":{"substrate":"Mud","lease_number":null,"poll_year":2025}},{"type":"Feature","id":"1a4aec1f-e157-4ffc-9ef6-2287693cd65f","geometry":{"type":"Point","coordinates":[-94.80223926821698,29.55737229264938]},"properties":{"substrate":"Mud","lease_number":null,"poll_year":2025}},{"type":"Feature","id":"1ad65444-4869-4af1-9793-8ee61f2126b5","geometry":{"type":"Point","coordinates":[-94.80423722741008,29.555728384613165]},"properties":{"substrate":"Mud","lease_number":null,"poll_year":2025}},{"type":"Feature","id":"1cd475ca-6ef6-4aeb-8415-cd66b3cfbaee","geometry":{"type":"Point","coordinates":[-94.80273659891448,29.557341002624288]},"properties":{"substrate":"Mud","lease_number":null,"poll_year":2025}},{"type":"Feature","id":"1cddb4ca-59f5-4490-b867-eb2344474b4b","geometry":{"type":"Point","coordinates":[-94.7996500334123,29.555759586836828]},"properties":{"substrate":"Mud","lease_number":null,"poll_year":2025}},{"type":"Feature","id":"1ce990de-08c6-44ed-a282-ce948fb023ee","geometry":{"type":"Point","coordinates":[-94.8017036288642,29.555189355886434]},"properties":{"substrate":"Mud","lease_number":null,"poll_year":2025}},{"type":"Feature","id":"1d43e54d-ef12-46c4-992e-914b1ba29cfa","geometry":{"type":"Point","coordinates":[-94.80484069495671,29.557196617353114]},"properties":{"substrate":"Mud","lease_number":null,"poll_year":2025}},{"type":"Feature","id":"1e8dc4e6-d5e1-4fe9-b8de-f5a35902bf8b","geometry":{"type":"Point","coordinates":[-94.80066148162501,29.556752561903156]},"properties":{"substrate":"Mud","lease_number":null,"poll_year":2025}},{"type":"Feature","id":"1ee3042f-a528-4d41-bcfe-50a52ae7f1ca","geometry":{"type":"Point","coordinates":[-94.8040584015831,29.554656932850442]},"properties":{"substrate":"Mud","lease_number":null,"poll_year":2025}},{"type":"Feature","id":"1f1af134-945d-4fb5-92dd-99bd27d9d6de","geometry":{"type":"Point","coordinates":[-94.80288960805849,29.5552007842611]},"properties":{"substrate":"Mud","lease_number":null,"poll_year":2025}},{"type":"Feature","id":"2023dd00-9958-42fd-bbb8-3752eb77b753","geometry":{"type":"Point","coordinates":[-94.80261873994921,29.558179659932833]},"properties":{"substrate":"Mud","lease_number":null,"poll_year":2025}},{"type":"Feature","id":"215895d4-ec2c-49d1-878f-27c6cf5274f5","geometry":{"type":"Point","coordinates":[-94.807496059241,29.555273210041545]},"properties":{"substrate":"Mud","lease_number":null,"poll_year":2025}},{"type":"Feature","id":"21d89074-3699-4e7a-89d3-837f35381e26","geometry":{"type":"Point","coordinates":[-94.79825853764733,29.55500514124823]},"properties":{"substrate":"Mud","lease_number":null,"poll_year":2025}},{"type":"Feature","id":"220f26db-905b-4fb7-a060-7e09a99f76b1","geometry":{"type":"Point","coordinates":[-94.8012462758918,29.55568300501324]},"properties":{"substrate":"Mud","lease_number":null,"poll_year":2025}},{"type":"Feature","id":"22215fed-4283-49e1-b67a-9d4efb55024f","geometry":{"type":"Point","coordinates":[-94.79898135805755,29.554495531954398]},"properties":{"substrate":"Mud","lease_number":null,"poll_year":2025}},{"type":"Feature","id":"222297fa-371c-4093-b851-08038c98b988","geometry":{"type":"Point","coordinates":[-94.80531978176906,29.555884527695703]},"properties":{"substrate":"Mud","lease_number":null,"poll_year":2025}},{"type":"Feature","id":"2238c5ce-3e46-4631-b655-608e8f0a9759","geometry":{"type":"Point","coordinates":[-94.80430276310331,29.556355752973296]},"properties":{"substrate":"Mud","lease_number":null,"poll_year":2025}},{"type":"Feature","id":"23809cc4-5203-4f44-bdc2-c1adb4592d47","geometry":{"type":"Point","coordinates":[-94.79869433284954,29.55537922302391]},"properties":{"substrate":"Mud","lease_number":null,"poll_year":2025}},{"type":"Feature","id":"238b5fd1-faff-4e07-8236-7570b5d4f614","geometry":{"type":"Point","coordinates":[-94.80288578842192,29.558436868971125]},"properties":{"substrate":"Mud","lease_number":null,"poll_year":2025}},{"type":"Feature","id":"24335715-fefc-4347-99af-57712311e69f","geometry":{"type":"Point","coordinates":[-94.80130779521741,29.557637781202995]},"properties":{"substrate":"Mud","lease_number":null,"poll_year":2025}},{"type":"Feature","id":"24858f16-692c-45d3-b7e1-a6669552253d","geometry":{"type":"Point","coordinates":[-94.80868204382519,29.554801513982735]},"properties":{"substrate":"Mud","lease_number":null,"poll_year":2025}},{"type":"Feature","id":"24975d80-f2c9-4aea-8507-ba19152660bc","geometry":{"type":"Point","coordinates":[-94.80845514914735,29.554842546101817]},"properties":{"substrate":"Mud","lease_number":null,"poll_year":2025}},{"type":"Feature","id":"24b214cb-91f6-421b-abb5-81b789aed5ce","geometry":{"type":"Point","coordinates":[-94.80413026500919,29.557955570918967]},"properties":{"substrate":"Mud","lease_number":null,"poll_year":2025}},{"type":"Feature","id":"24e9eac3-704b-4ddb-92bb-2d110a467575","geometry":{"type":"Point","coordinates":[-94.80230098607028,29.55616061699397]},"properties":{"substrate":"Mud","lease_number":null,"poll_year":2025}},{"type":"Feature","id":"25439656-d6be-4763-b4b7-fdfa1b607a98","geometry":{"type":"Point","coordinates":[-94.80565201559207,29.556941887709073]},"properties":{"substrate":"Mud","lease_number":null,"poll_year":2025}},{"type":"Feature","id":"25b8b643-3a95-4348-9d12-ecd57c3232eb","geometry":{"type":"Point","coordinates":[-94.8016126986962,29.556586129687766]},"properties":{"substrate":"Mud","lease_number":null,"poll_year":2025}},{"type":"Feature","id":"25bab9cc-b3a4-4f88-96e2-a81292b3ed73","geometry":{"type":"Point","coordinates":[-94.80556339319604,29.55648003670432]},"properties":{"substrate":"Mud","lease_number":null,"poll_year":2025}},{"type":"Feature","id":"25cfc615-a980-4f92-9a89-c3f1cbe79547","geometry":{"type":"Point","coordinates":[-94.80332489661089,29.5579572431277]},"properties":{"substrate":"Mud","lease_number":null,"poll_year":2025}},{"type":"Feature","id":"263042f6-26c1-4583-a0c1-f9e534eb9205","geometry":{"type":"Point","coordinates":[-94.8012270079273,29.555856999757818]},"properties":{"substrate":"Mud","lease_number":null,"poll_year":2025}},{"type":"Feature","id":"2671f8aa-c142-4ab2-bafa-0b9ba9320581","geometry":{"type":"Point","coordinates":[-94.80443057540194,29.55710801771316]},"properties":{"substrate":"Mud","lease_number":null,"poll_year":2025}},{"type":"Feature","id":"2701abba-4ebb-416a-95dd-a2eb092d6718","geometry":{"type":"Point","coordinates":[-94.80345700555152,29.55748219016089]},"properties":{"substrate":"Mud","lease_number":null,"poll_year":2025}},{"type":"Feature","id":"2733e02e-7372-4dbb-9f51-80752e63efc9","geometry":{"type":"Point","coordinates":[-94.80066120584222,29.556440118770425]},"properties":{"substrate":"Mud","lease_number":null,"poll_year":2025}},{"type":"Feature","id":"2733fa70-bbe9-49f6-bd18-e17abdd7761e","geometry":{"type":"Point","coordinates":[-94.80315630439163,29.55602365978637]},"properties":{"substrate":"Mud","lease_number":null,"poll_year":2025}},{"type":"Feature","id":"2776877c-15dd-4e65-bdb6-475e67e444d0","geometry":{"type":"Point","coordinates":[-94.80381590137213,29.55766257528966]},"properties":{"substrate":"Mud","lease_number":null,"poll_year":2025}},{"type":"Feature","id":"281767a2-5cc6-4b06-97f0-647c7bb8c236","geometry":{"type":"Point","coordinates":[-94.80367022787073,29.557510406077643]},"properties":{"substrate":"Mud","lease_number":null,"poll_year":2025}},{"type":"Feature","id":"288fb323-1fc2-4252-9440-08f6dcc8e829","geometry":{"type":"Point","coordinates":[-94.80193597182425,29.558025494227365]},"properties":{"substrate":"Mud","lease_number":null,"poll_year":2025}},{"type":"Feature","id":"28aa1fe0-8081-4465-87f8-cb31b8742615","geometry":{"type":"Point","coordinates":[-94.8028746205663,29.556348728022037]},"properties":{"substrate":"Mud","lease_number":null,"poll_year":2025}},{"type":"Feature","id":"28b0dca5-e4a6-4cd2-bf75-9ba0b1309a55","geometry":{"type":"Point","coordinates":[-94.80820719167106,29.554841466946915]},"properties":{"substrate":"Mud","lease_number":null,"poll_year":2025}},{"type":"Feature","id":"28cb7cd0-b632-4945-be20-36ff6068a75b","geometry":{"type":"Point","coordinates":[-94.80493416556031,29.55732048902765]},"properties":{"substrate":"Mud","lease_number":null,"poll_year":2025}},{"type":"Feature","id":"298357e6-d4a9-40fa-b0db-ca9f6917cef7","geometry":{"type":"Point","coordinates":[-94.80153709917684,29.55762667504427]},"properties":{"substrate":"Mud","lease_number":null,"poll_year":2025}},{"type":"Feature","id":"2a76f37a-d71c-44ad-8e85-8503b90d01d9","geometry":{"type":"Point","coordinates":[-94.80168091226732,29.55776442398898]},"properties":{"substrate":"Mud","lease_number":null,"poll_year":2025}},{"type":"Feature","id":"2affca76-9d2d-4f3f-bbfc-6de36bed6e96","geometry":{"type":"Point","coordinates":[-94.7994057482489,29.55518947700763]},"properties":{"substrate":"Mud","lease_number":null,"poll_year":2025}},{"type":"Feature","id":"2b2c5971-dc81-4a4a-a6a2-f17b6eea08f1","geometry":{"type":"Point","coordinates":[-94.804664425735,29.557336825202395]},"properties":{"substrate":"Mud","lease_number":null,"poll_year":2025}},{"type":"Feature","id":"2b32b39c-fb09-4e4a-b4ea-d379d51f391e","geometry":{"type":"Point","coordinates":[-94.80262636844259,29.55610426332213]},"properties":{"substrate":"Mud","lease_number":null,"poll_year":2025}},{"type":"Feature","id":"2bb6e04d-2a31-4cac-a4c3-fe3584f06aaf","geometry":{"type":"Point","coordinates":[-94.80857932955729,29.554660089052163]},"properties":{"substrate":"Mud","lease_number":null,"poll_year":2025}},{"type":"Feature","id":"2c18c426-5c61-4544-bd5d-d514b2963679","geometry":{"type":"Point","coordinates":[-94.80287589707231,29.556098383134245]},"properties":{"substrate":"Mud","lease_number":null,"poll_year":2025}},{"type":"Feature","id":"2c3aef1b-5403-4e0b-b029-fa4ec88a5309","geometry":{"type":"Point","coordinates":[-94.80301720206651,29.556475694367755]},"properties":{"substrate":"Mud","lease_number":null,"poll_year":2025}},{"type":"Feature","id":"2d115936-c17f-414a-bca6-1668d9980647","geometry":{"type":"Point","coordinates":[-94.80329158977511,29.555586441332718]},"properties":{"substrate":"Mud","lease_number":null,"poll_year":2025}},{"type":"Feature","id":"2d2ff2e7-d93d-4607-b06c-ba2c035284ca","geometry":{"type":"Point","coordinates":[-94.80103358357863,29.554872003666343]},"properties":{"substrate":"Mud","lease_number":null,"poll_year":2025}},{"type":"Feature","id":"2d440462-16c1-4579-8e82-6d6f86d6d033","geometry":{"type":"Point","coordinates":[-94.8043978183351,29.555893611725956]},"properties":{"substrate":"Mud","lease_number":null,"poll_year":2025}},{"type":"Feature","id":"2d493013-08e4-4793-89a3-47483af8aff7","geometry":{"type":"Point","coordinates":[-94.8010755286142,29.556820311366867]},"properties":{"substrate":"Mud","lease_number":null,"poll_year":2025}},{"type":"Feature","id":"2d913a60-d350-42bd-91ee-d3c1003a639c","geometry":{"type":"Point","coordinates":[-94.79927458343762,29.55505223091803]},"properties":{"substrate":"Mud","lease_number":null,"poll_year":2025}},{"type":"Feature","id":"2e4879f7-2a00-44b1-a56c-0aafc5396f02","geometry":{"type":"Point","coordinates":[-94.80755186168814,29.55559101969761]},"properties":{"substrate":"Mud","lease_number":null,"poll_year":2025}},{"type":"Feature","id":"2e7cc798-5473-4e7a-ae20-79de5ad86bc3","geometry":{"type":"Point","coordinates":[-94.79991175667202,29.555122322679836]},"properties":{"substrate":"Mud","lease_number":null,"poll_year":2025}},{"type":"Feature","id":"2ea51387-47e8-436b-b4a2-975a7cddae05","geometry":{"type":"Point","coordinates":[-94.80784918428425,29.555044676067624]},"properties":{"substrate":"Mud","lease_number":null,"poll_year":2025}},{"type":"Feature","id":"2f19dacc-c99b-426f-9382-de4e935518e2","geometry":{"type":"Point","coordinates":[-94.80769455457944,29.554620107103325]},"properties":{"substrate":"Mud","lease_number":null,"poll_year":2025}},{"type":"Feature","id":"2f736784-247f-4a8c-82d5-9e7d2e695e37","geometry":{"type":"Point","coordinates":[-94.80191428559498,29.55651862777618]},"properties":{"substrate":"Mud","lease_number":null,"poll_year":2025}},{"type":"Feature","id":"30061305-7681-4b27-b0d3-e3030dd74526","geometry":{"type":"Point","coordinates":[-94.80076443214983,29.556867897951662]},"properties":{"substrate":"Mud","lease_number":null,"poll_year":2025}},{"type":"Feature","id":"308bbb49-8bd8-4517-859c-21ba9dde3167","geometry":{"type":"Point","coordinates":[-94.80117648487908,29.55468648111507]},"properties":{"substrate":"Mud","lease_number":null,"poll_year":2025}},{"type":"Feature","id":"30c20ea2-45f2-4990-b3ad-2e9fb4c9138a","geometry":{"type":"Point","coordinates":[-94.80273375035671,29.555419976720827]},"properties":{"substrate":"Mud","lease_number":null,"poll_year":2025}},{"type":"Feature","id":"3110464e-e996-46b8-a59a-087d876c26cf","geometry":{"type":"Point","coordinates":[-94.80508218635957,29.55685832718776]},"properties":{"substrate":"Mud","lease_number":null,"poll_year":2025}},{"type":"Feature","id":"32098271-31a3-4d2d-b023-8914fb066589","geometry":{"type":"Point","coordinates":[-94.80099289528614,29.555424949713206]},"properties":{"substrate":"Mud","lease_number":null,"poll_year":2025}},{"type":"Feature","id":"32b39c81-598e-47b8-8baa-f1cbc124387f","geometry":{"type":"Point","coordinates":[-94.80298118681013,29.554714318818483]},"properties":{"substrate":"Mud","lease_number":null,"poll_year":2025}},{"type":"Feature","id":"32e65933-e2e3-46f6-9c23-223efdb57c88","geometry":{"type":"Point","coordinates":[-94.8043611958176,29.55472965362021]},"properties":{"substrate":"Mud","lease_number":null,"poll_year":2025}},{"type":"Feature","id":"331ea564-c979-49a2-912a-f2fb45a5b247","geometry":{"type":"Point","coordinates":[-94.80354558842168,29.557947119231525]},"properties":{"substrate":"Mud","lease_number":null,"poll_year":2025}},{"type":"Feature","id":"33ee2203-3e30-4bd2-8e2a-520362474f9e","geometry":{"type":"Point","coordinates":[-94.8058850044408,29.556594816695394]},"properties":{"substrate":"Mud","lease_number":null,"poll_year":2025}},{"type":"Feature","id":"3428b90f-8b13-4317-bbcc-0c09e7a26f94","geometry":{"type":"Point","coordinates":[-94.80175241187571,29.55637921036804]},"properties":{"substrate":"Mud","lease_number":null,"poll_year":2025}},{"type":"Feature","id":"34d9abc2-c2a2-4767-b7b3-cc948089f705","geometry":{"type":"Point","coordinates":[-94.80235050659863,29.556951277177024]},"properties":{"substrate":"Mud","lease_number":null,"poll_year":2025}},{"type":"Feature","id":"350835ab-45d1-4c48-8e40-274e4a270c50","geometry":{"type":"Point","coordinates":[-94.80326110275098,29.558520029672017]},"properties":{"substrate":"Mud","lease_number":null,"poll_year":2025}},{"type":"Feature","id":"359dbc83-8f28-4cfe-a3f8-315b76947a51","geometry":{"type":"Point","coordinates":[-94.80565072920459,29.555675701828406]},"properties":{"substrate":"Mud","lease_number":null,"poll_year":2025}},{"type":"Feature","id":"35a7c288-bb47-47a6-a52b-8ecd094617e2","geometry":{"type":"Point","coordinates":[-94.8028647049622,29.559346120173032]},"properties":{"substrate":"Mud","lease_number":null,"poll_year":2025}},{"type":"Feature","id":"38d44aea-0ed8-417d-acc0-18a7badd70d2","geometry":{"type":"Point","coordinates":[-94.80036553884118,29.555284072653873]},"properties":{"substrate":"Mud","lease_number":null,"poll_year":2025}},{"type":"Feature","id":"38d4f3c6-f5e1-41fb-bd5a-ec650db442ca","geometry":{"type":"Point","coordinates":[-94.8039046944481,29.5580075953528]},"properties":{"substrate":"Mud","lease_number":null,"poll_year":2025}},{"type":"Feature","id":"3945c176-95db-479c-9456-f6c04133ec80","geometry":{"type":"Point","coordinates":[-94.80077632314924,29.555407406708035]},"properties":{"substrate":"Mud","lease_number":null,"poll_year":2025}},{"type":"Feature","id":"3a007080-a458-4626-bc1d-7ee233722b3b","geometry":{"type":"Point","coordinates":[-94.80496239511811,29.554760749877715]},"properties":{"substrate":"Mud","lease_number":null,"poll_year":2025}},{"type":"Feature","id":"3a732e90-0c1c-40c1-af16-7430517ef444","geometry":{"type":"Point","coordinates":[-94.80096773796662,29.557356902768618]},"properties":{"substrate":"Mud","lease_number":null,"poll_year":2025}},{"type":"Feature","id":"3b683c82-cd15-4bbe-91b3-713b614df8aa","geometry":{"type":"Point","coordinates":[-94.79979750264599,29.556336202665634]},"properties":{"substrate":"Mud","lease_number":null,"poll_year":2025}},{"type":"Feature","id":"3b7fee98-46e4-4392-a059-38f2b5fa055b","geometry":{"type":"Point","coordinates":[-94.80274117942412,29.556219052335727]},"properties":{"substrate":"Mud","lease_number":null,"poll_year":2025}},{"type":"Feature","id":"3ba462fc-d4ac-4483-892e-839d754fd055","geometry":{"type":"Point","coordinates":[-94.80892508572025,29.55444821072101]},"properties":{"substrate":"Mud","lease_number":null,"poll_year":2025}},{"type":"Feature","id":"3c1413ee-9efe-4a4b-bd75-c29d3190215c","geometry":{"type":"Point","coordinates":[-94.8023522205842,29.555565872680138]},"properties":{"substrate":"Mud","lease_number":null,"poll_year":2025}},{"type":"Feature","id":"3c20af48-8a7c-4d7c-a603-c052b1d8db71","geometry":{"type":"Point","coordinates":[-94.80532417722576,29.55623733598542]},"properties":{"substrate":"Mud","lease_number":null,"poll_year":2025}},{"type":"Feature","id":"3c492341-21a6-4ad5-a169-16107cbbf7d6","geometry":{"type":"Point","coordinates":[-94.80383130029276,29.554431651370706]},"properties":{"substrate":"Mud","lease_number":null,"poll_year":2025}},{"type":"Feature","id":"3dcf44aa-0184-473b-ad8f-20d74450edc2","geometry":{"type":"Point","coordinates":[-94.80634656063039,29.556134500376032]},"properties":{"substrate":"Mud","lease_number":null,"poll_year":2025}},{"type":"Feature","id":"3e5b8dcf-46dc-4143-8a10-417706184c78","geometry":{"type":"Point","coordinates":[-94.80678321462202,29.556634561093748]},"properties":{"substrate":"Mud","lease_number":null,"poll_year":2025}},{"type":"Feature","id":"3e8f3a32-6eb4-4aa6-8df6-bda045eda312","geometry":{"type":"Point","coordinates":[-94.80413012038044,29.555039305309478]},"properties":{"substrate":"Mud","lease_number":null,"poll_year":2025}},{"type":"Feature","id":"3e96e2f9-5486-4343-bd9f-6c3cb33e3753","geometry":{"type":"Point","coordinates":[-94.79934214034027,29.55485673921494]},"properties":{"substrate":"Mud","lease_number":null,"poll_year":2025}},{"type":"Feature","id":"3edbd00b-8f35-4836-a4a8-fc44246fc93d","geometry":{"type":"Point","coordinates":[-94.80505311328372,29.55596818123002]},"properties":{"substrate":"Mud","lease_number":null,"poll_year":2025}},{"type":"Feature","id":"3f0c5ada-0c22-4255-9949-72318913a982","geometry":{"type":"Point","coordinates":[-94.79953158694885,29.55532214062686]},"properties":{"substrate":"Mud","lease_number":null,"poll_year":2025}},{"type":"Feature","id":"3f628c81-78bf-459d-a29e-20a460321625","geometry":{"type":"Point","coordinates":[-94.80454384667107,29.556226556306022]},"properties":{"substrate":"Mud","lease_number":null,"poll_year":2025}},{"type":"Feature","id":"4044f3a4-9a4a-4109-9e9b-34cb0663d8d7","geometry":{"type":"Point","coordinates":[-94.80224698474528,29.55779575686036]},"properties":{"substrate":"Mud","lease_number":null,"poll_year":2025}},{"type":"Feature","id":"40b9608d-9715-4d3d-83e7-442dfccf4cf5","geometry":{"type":"Point","coordinates":[-94.80662633463743,29.55495265500655]},"properties":{"substrate":"Mud","lease_number":null,"poll_year":2025}},{"type":"Feature","id":"40efc628-8454-40bd-95f0-b12b4e6889cb","geometry":{"type":"Point","coordinates":[-94.80575510176251,29.55709971833028]},"properties":{"substrate":"Mud","lease_number":null,"poll_year":2025}},{"type":"Feature","id":"40f80056-5054-464e-8ab7-6ae0d606f537","geometry":{"type":"Point","coordinates":[-94.80480313010646,29.554604518319678]},"properties":{"substrate":"Mud","lease_number":null,"poll_year":2025}},{"type":"Feature","id":"413f2605-8597-4e79-a05f-868875a16d44","geometry":{"type":"Point","coordinates":[-94.80664558283902,29.554691154073886]},"properties":{"substrate":"Mud","lease_number":null,"poll_year":2025}},{"type":"Feature","id":"41661dc0-87ad-432b-8559-077e37a4194d","geometry":{"type":"Point","coordinates":[-94.80416063255738,29.55644125964024]},"properties":{"substrate":"Mud","lease_number":null,"poll_year":2025}},{"type":"Feature","id":"4168124d-ddf8-4c6e-bc2c-12e0483961b3","geometry":{"type":"Point","coordinates":[-94.80472533330791,29.557047194106037]},"properties":{"substrate":"Mud","lease_number":null,"poll_year":2025}},{"type":"Feature","id":"426813d6-ba09-467b-bb74-0ac0d74013f2","geometry":{"type":"Point","coordinates":[-94.8050406222097,29.557473786099898]},"properties":{"substrate":"Mud","lease_number":null,"poll_year":2025}},{"type":"Feature","id":"42e2a8de-7401-4100-b1ae-6311271b85b0","geometry":{"type":"Point","coordinates":[-94.80473826725137,29.555873931612833]},"properties":{"substrate":"Mud","lease_number":null,"poll_year":2025}},{"type":"Feature","id":"433e2114-ffa3-48d3-ba12-17604bc8535e","geometry":{"type":"Point","coordinates":[-94.80533087236958,29.556532664370447]},"properties":{"substrate":"Mud","lease_number":null,"poll_year":2025}},{"type":"Feature","id":"43e61928-5b6e-465a-978a-b6988b390a13","geometry":{"type":"Point","coordinates":[-94.8052825313292,29.55508514702252]},"properties":{"substrate":"Mud","lease_number":null,"poll_year":2025}},{"type":"Feature","id":"44b0850c-a5d1-42bd-8b98-c42a9bfae8db","geometry":{"type":"Point","coordinates":[-94.80037159707945,29.55646689717002]},"properties":{"substrate":"Mud","lease_number":null,"poll_year":2025}},{"type":"Feature","id":"44ef8b19-0f9d-4476-ba51-d509d9c94a72","geometry":{"type":"Point","coordinates":[-94.80334945924571,29.55485500365898]},"properties":{"substrate":"Mud","lease_number":null,"poll_year":2025}},{"type":"Feature","id":"45016a2f-e85a-49ec-8cbe-cd30731186f9","geometry":{"type":"Point","coordinates":[-94.80420448291966,29.557446962645383]},"properties":{"substrate":"Mud","lease_number":null,"poll_year":2025}},{"type":"Feature","id":"451e8dec-7638-4630-82d2-8d3fe943efcf","geometry":{"type":"Point","coordinates":[-94.80291884013617,29.5573270427206]},"properties":{"substrate":"Mud","lease_number":null,"poll_year":2025}},{"type":"Feature","id":"4521199e-9ebb-4acf-8331-f21dd1959b4e","geometry":{"type":"Point","coordinates":[-94.80288073090686,29.55864771530332]},"properties":{"substrate":"Mud","lease_number":null,"poll_year":2025}},{"type":"Feature","id":"47923ffb-82a2-46aa-ab8c-e76ad043c867","geometry":{"type":"Point","coordinates":[-94.80220342903041,29.554535273271338]},"properties":{"substrate":"Mud","lease_number":null,"poll_year":2025}},{"type":"Feature","id":"47ab0f52-4d09-41e6-9440-61e96a03c1d4","geometry":{"type":"Point","coordinates":[-94.80356409191991,29.5547450431197]},"properties":{"substrate":"Mud","lease_number":null,"poll_year":2025}},{"type":"Feature","id":"47b723bd-2b96-45cb-85fa-27d041413dc2","geometry":{"type":"Point","coordinates":[-94.80398947474966,29.556859399288385]},"properties":{"substrate":"Mud","lease_number":null,"poll_year":2025}},{"type":"Feature","id":"47d62929-5e02-4cb1-a02d-5a825789eef7","geometry":{"type":"Point","coordinates":[-94.80085193793998,29.556072361052074]},"properties":{"substrate":"Mud","lease_number":null,"poll_year":2025}},{"type":"Feature","id":"481e9d99-8069-431c-afe3-ec84412d92df","geometry":{"type":"Point","coordinates":[-94.79864100076942,29.554427922371296]},"properties":{"substrate":"Mud","lease_number":null,"poll_year":2025}},{"type":"Feature","id":"483a9bf4-e345-4c71-8f24-e711257bc3e9","geometry":{"type":"Point","coordinates":[-94.80270973210095,29.554774157664582]},"properties":{"substrate":"Mud","lease_number":null,"poll_year":2025}},{"type":"Feature","id":"48995baa-ec15-4fa5-bb69-b32a99961ea9","geometry":{"type":"Point","coordinates":[-94.80698382998453,29.556413909235996]},"properties":{"substrate":"Mud","lease_number":null,"poll_year":2025}},{"type":"Feature","id":"49746d18-be1c-47a8-9d80-6f738ec8c41a","geometry":{"type":"Point","coordinates":[-94.80283409037732,29.55491965290166]},"properties":{"substrate":"Mud","lease_number":null,"poll_year":2025}},{"type":"Feature","id":"49fd4fcb-838b-4e71-8b8f-53b3cb9ee3a6","geometry":{"type":"Point","coordinates":[-94.79916226258608,29.55579225187425]},"properties":{"substrate":"Mud","lease_number":null,"poll_year":2025}},{"type":"Feature","id":"4a4e7ea0-5b59-485c-bdb5-b29e558b5c16","geometry":{"type":"Point","coordinates":[-94.80308932869899,29.555177943920437]},"properties":{"substrate":"Mud","lease_number":null,"poll_year":2025}},{"type":"Feature","id":"4a557a6f-c21a-4a09-aea0-cd3f98aa37b5","geometry":{"type":"Point","coordinates":[-94.80340640614652,29.554584522256878]},"properties":{"substrate":"Mud","lease_number":null,"poll_year":2025}},{"type":"Feature","id":"4a59bae5-14ce-44aa-a879-8a57f051f713","geometry":{"type":"Point","coordinates":[-94.80368567889361,29.55807770928805]},"properties":{"substrate":"Mud","lease_number":null,"poll_year":2025}},{"type":"Feature","id":"4ad0f1be-a5d4-494c-874e-05028fb01e56","geometry":{"type":"Point","coordinates":[-94.80225082773806,29.555739111208904]},"properties":{"substrate":"Mud","lease_number":null,"poll_year":2025}},{"type":"Feature","id":"4af7e3a2-baea-40c7-ab5a-e7a2b5eeb5dc","geometry":{"type":"Point","coordinates":[-94.80328193468243,29.55500930470075]},"properties":{"substrate":"Mud","lease_number":null,"poll_year":2025}},{"type":"Feature","id":"4b418dd8-a412-46ff-b2e9-208826d86815","geometry":{"type":"Point","coordinates":[-94.80147776724895,29.556103953098262]},"properties":{"substrate":"Mud","lease_number":null,"poll_year":2025}},{"type":"Feature","id":"4c59a37d-a1fd-4c21-af61-74f10dc0777a","geometry":{"type":"Point","coordinates":[-94.80317036302583,29.557798723082065]},"properties":{"substrate":"Mud","lease_number":null,"poll_year":2025}},{"type":"Feature","id":"4cb939ad-554d-41c9-b48b-927d6c9f81d7","geometry":{"type":"Point","coordinates":[-94.80462874644856,29.555761273929026]},"properties":{"substrate":"Mud","lease_number":null,"poll_year":2025}},{"type":"Feature","id":"4cecbf15-23aa-4220-b5c4-0b21f6693fe6","geometry":{"type":"Point","coordinates":[-94.80466495843598,29.558241221284735]},"properties":{"substrate":"Mud","lease_number":null,"poll_year":2025}},{"type":"Feature","id":"4d25b805-ee06-4318-9107-12c4ecd219fe","geometry":{"type":"Point","coordinates":[-94.80338119941963,29.558953834785832]},"properties":{"substrate":"Mud","lease_number":null,"poll_year":2025}},{"type":"Feature","id":"4d9096c6-8e65-409c-86fc-59b316a8ba80","geometry":{"type":"Point","coordinates":[-94.80169546766986,29.55741766211362]},"properties":{"substrate":"Mud","lease_number":null,"poll_year":2025}},{"type":"Feature","id":"4f060433-b738-4feb-8946-f0ee13a04b61","geometry":{"type":"Point","coordinates":[-94.80691738609454,29.555960020846562]},"properties":{"substrate":"Mud","lease_number":null,"poll_year":2025}},{"type":"Feature","id":"50468ed8-27ec-4dcc-9dd4-7435af49e504","geometry":{"type":"Point","coordinates":[-94.8020771393762,29.55817089413964]},"properties":{"substrate":"Mud","lease_number":null,"poll_year":2025}},{"type":"Feature","id":"504c0b99-eebd-4b41-a066-634005a4dbb2","geometry":{"type":"Point","coordinates":[-94.80655356930279,29.555462316694676]},"properties":{"substrate":"Mud","lease_number":null,"poll_year":2025}},{"type":"Feature","id":"5098131f-aeb7-4623-b6bf-4e609bd1b86d","geometry":{"type":"Point","coordinates":[-94.80195218102523,29.557111672379552]},"properties":{"substrate":"Mud","lease_number":null,"poll_year":2025}},{"type":"Feature","id":"51448769-c466-4d8d-bf27-15be11f9a15b","geometry":{"type":"Point","coordinates":[-94.80255210920963,29.556953768324036]},"properties":{"substrate":"Mud","lease_number":null,"poll_year":2025}},{"type":"Feature","id":"51d1b7aa-463e-42ba-905c-7ca1f541adf2","geometry":{"type":"Point","coordinates":[-94.80496733495387,29.556701584701475]},"properties":{"substrate":"Mud","lease_number":null,"poll_year":2025}},{"type":"Feature","id":"5241d515-a2a4-4b37-af35-ccadbf3bb204","geometry":{"type":"Point","coordinates":[-94.80695031923118,29.555588122957804]},"properties":{"substrate":"Mud","lease_number":null,"poll_year":2025}},{"type":"Feature","id":"5246b918-9ce7-4a99-8b7c-76b81d151e96","geometry":{"type":"Point","coordinates":[-94.80426603368629,29.558550387901526]},"properties":{"substrate":"Mud","lease_number":null,"poll_year":2025}},{"type":"Feature","id":"5284fa61-b0c5-48bc-a601-247189872cfa","geometry":{"type":"Point","coordinates":[-94.80316918623281,29.555472305653318]},"properties":{"substrate":"Mud","lease_number":null,"poll_year":2025}},{"type":"Feature","id":"52e50090-5d4d-4e72-8d86-48cfbd99b5cd","geometry":{"type":"Point","coordinates":[-94.80341730630418,29.555142361614713]},"properties":{"substrate":"Mud","lease_number":null,"poll_year":2025}},{"type":"Feature","id":"53359954-0b6a-4e3f-8386-210ba68ee905","geometry":{"type":"Point","coordinates":[-94.79996579842121,29.55574340903596]},"properties":{"substrate":"Mud","lease_number":null,"poll_year":2025}},{"type":"Feature","id":"53c50086-8829-4d75-a02e-5d52ceba5ec6","geometry":{"type":"Point","coordinates":[-94.80088082057298,29.55528040307431]},"properties":{"substrate":"Mud","lease_number":null,"poll_year":2025}},{"type":"Feature","id":"53d349fb-3004-4b92-a137-89055ce85562","geometry":{"type":"Point","coordinates":[-94.80549947177536,29.555516262373196]},"properties":{"substrate":"Mud","lease_number":null,"poll_year":2025}},{"type":"Feature","id":"54e595ea-1aff-4098-94ba-ee392d7fe2da","geometry":{"type":"Point","coordinates":[-94.80449350238759,29.55813805014816]},"properties":{"substrate":"Mud","lease_number":null,"poll_year":2025}},{"type":"Feature","id":"551c0de4-200f-4ca2-8dc3-5dfde22e8452","geometry":{"type":"Point","coordinates":[-94.80301451700213,29.55685897107329]},"properties":{"substrate":"Mud","lease_number":null,"poll_year":2025}},{"type":"Feature","id":"551c421b-b88a-4592-9405-fa4e8833febb","geometry":{"type":"Point","coordinates":[-94.80431942236027,29.55720793532169]},"properties":{"substrate":"Mud","lease_number":null,"poll_year":2025}},{"type":"Feature","id":"55461002-a5d2-4e4a-acd1-081db2ebe600","geometry":{"type":"Point","coordinates":[-94.80437363568765,29.557634701672328]},"properties":{"substrate":"Mud","lease_number":null,"poll_year":2025}},{"type":"Feature","id":"567f27b4-5349-4f79-bdff-037cd548d5bb","geometry":{"type":"Point","coordinates":[-94.80323812833761,29.55709679428435]},"properties":{"substrate":"Mud","lease_number":null,"poll_year":2025}},{"type":"Feature","id":"578c1f89-0e8d-4526-8563-e8cdcf7d7cde","geometry":{"type":"Point","coordinates":[-94.80416381079685,29.557712054829054]},"properties":{"substrate":"Mud","lease_number":null,"poll_year":2025}},{"type":"Feature","id":"57936cec-1018-42c1-8a47-396543361393","geometry":{"type":"Point","coordinates":[-94.8008647290513,29.5566256326319]},"properties":{"substrate":"Mud","lease_number":null,"poll_year":2025}},{"type":"Feature","id":"57f9df53-5a4c-451a-8d9a-fdb7374c2c7f","geometry":{"type":"Point","coordinates":[-94.80186074600402,29.555347833140427]},"properties":{"substrate":"Mud","lease_number":null,"poll_year":2025}},{"type":"Feature","id":"5a3eb450-1fc2-4e7f-981d-60b4ef58707b","geometry":{"type":"Point","coordinates":[-94.8062620426369,29.55458086437341]},"properties":{"substrate":"Mud","lease_number":null,"poll_year":2025}},{"type":"Feature","id":"5a765e1b-523a-402a-8c07-f0a952b4dc23","geometry":{"type":"Point","coordinates":[-94.80158970092663,29.55478276590351]},"properties":{"substrate":"Mud","lease_number":null,"poll_year":2025}},{"type":"Feature","id":"5b276d83-172f-4f1f-bf39-4113c7a14c18","geometry":{"type":"Point","coordinates":[-94.80539443087088,29.557288089382666]},"properties":{"substrate":"Mud","lease_number":null,"poll_year":2025}},{"type":"Feature","id":"5b2e02b6-7b50-4714-aca9-bde7260c75d9","geometry":{"type":"Point","coordinates":[-94.80303097503645,29.55533398236101]},"properties":{"substrate":"Mud","lease_number":null,"poll_year":2025}},{"type":"Feature","id":"5c2f4fa1-ce50-4a5c-858c-3155000b6159","geometry":{"type":"Point","coordinates":[-94.80027547644575,29.554655176973895]},"properties":{"substrate":"Mud","lease_number":null,"poll_year":2025}},{"type":"Feature","id":"5ce54796-92c7-4610-951b-fe30c333f512","geometry":{"type":"Point","coordinates":[-94.80876134530185,29.55492525965782]},"properties":{"substrate":"Mud","lease_number":null,"poll_year":2025}},{"type":"Feature","id":"5d1cce8a-3606-40b4-a910-65aef6af79b3","geometry":{"type":"Point","coordinates":[-94.80698039482688,29.556090561116296]},"properties":{"substrate":"Mud","lease_number":null,"poll_year":2025}},{"type":"Feature","id":"5dccb71f-e13e-4f02-90fc-19d394f485cf","geometry":{"type":"Point","coordinates":[-94.80248282574503,29.557463025306287]},"properties":{"substrate":"Mud","lease_number":null,"poll_year":2025}},{"type":"Feature","id":"5e028755-2e37-48d0-940f-2b58f7ef772e","geometry":{"type":"Point","coordinates":[-94.8020839045886,29.55442250078717]},"properties":{"substrate":"Mud","lease_number":null,"poll_year":2025}},{"type":"Feature","id":"5f1b3b23-669e-4901-b2e9-6253af286a15","geometry":{"type":"Point","coordinates":[-94.79905793135067,29.555147847237258]},"properties":{"substrate":"Mud","lease_number":null,"poll_year":2025}},{"type":"Feature","id":"5f336086-b975-4825-8546-afe924b50156","geometry":{"type":"Point","coordinates":[-94.79950398980502,29.556084998965705]},"properties":{"substrate":"Mud","lease_number":null,"poll_year":2025}},{"type":"Feature","id":"5fc740b4-b177-4aa6-a1c4-b05653e262eb","geometry":{"type":"Point","coordinates":[-94.80684247917627,29.555464542975233]},"properties":{"substrate":"Mud","lease_number":null,"poll_year":2025}},{"type":"Feature","id":"608288e8-6d2b-498c-aec5-a2add6470016","geometry":{"type":"Point","coordinates":[-94.80430097725254,29.555211059247902]},"properties":{"substrate":"Mud","lease_number":null,"poll_year":2025}},{"type":"Feature","id":"60a022cc-7e35-4981-8bc1-e97fed402fe2","geometry":{"type":"Point","coordinates":[-94.80668316565557,29.556268863122252]},"properties":{"substrate":"Mud","lease_number":null,"poll_year":2025}},{"type":"Feature","id":"60c3ddba-260a-4546-b56d-3b9544c06e7d","geometry":{"type":"Point","coordinates":[-94.80385049010384,29.555926087616008]},"properties":{"substrate":"Mud","lease_number":null,"poll_year":2025}},{"type":"Feature","id":"6110e61f-d4dd-4874-b162-9a1b91964b44","geometry":{"type":"Point","coordinates":[-94.80213607335041,29.555625851678244]},"properties":{"substrate":"Mud","lease_number":null,"poll_year":2025}},{"type":"Feature","id":"61b1e986-eeac-4fa4-9e0a-bf093e6071e3","geometry":{"type":"Point","coordinates":[-94.80645993340913,29.556008850296006]},"properties":{"substrate":"Mud","lease_number":null,"poll_year":2025}},{"type":"Feature","id":"61cd6387-98b5-4c8f-8c4e-f85610f32976","geometry":{"type":"Point","coordinates":[-94.8002611096894,29.55673857925708]},"properties":{"substrate":"Mud","lease_number":null,"poll_year":2025}},{"type":"Feature","id":"61fa66ba-9f83-488e-b751-899167e1474c","geometry":{"type":"Point","coordinates":[-94.80067121127784,29.554491267675868]},"properties":{"substrate":"Mud","lease_number":null,"poll_year":2025}},{"type":"Feature","id":"621279c8-1b2f-4be1-8ec0-608cfa7ca61e","geometry":{"type":"Point","coordinates":[-94.79838409158133,29.554490698011396]},"properties":{"substrate":"Mud","lease_number":null,"poll_year":2025}},{"type":"Feature","id":"63034313-c8a2-4de8-aa21-3a27209f3b29","geometry":{"type":"Point","coordinates":[-94.80045744368125,29.55690854399446]},"properties":{"substrate":"Mud","lease_number":null,"poll_year":2025}},{"type":"Feature","id":"64038520-f081-4d56-ab71-2cc7bfe7534b","geometry":{"type":"Point","coordinates":[-94.8021524469431,29.555049588908453]},"properties":{"substrate":"Mud","lease_number":null,"poll_year":2025}},{"type":"Feature","id":"641fa4c9-f300-4c60-872b-83e2689ebb62","geometry":{"type":"Point","coordinates":[-94.80848975494706,29.55454158880807]},"properties":{"substrate":"Mud","lease_number":null,"poll_year":2025}},{"type":"Feature","id":"649e728c-0aff-49e7-829b-89649f527101","geometry":{"type":"Point","coordinates":[-94.80026994282359,29.555827994924133]},"properties":{"substrate":"Mud","lease_number":null,"poll_year":2025}},{"type":"Feature","id":"64a2d084-aeaa-4d48-92a0-d014c6520ee7","geometry":{"type":"Point","coordinates":[-94.79772349028433,29.554546604040983]},"properties":{"substrate":"Mud","lease_number":null,"poll_year":2025}},{"type":"Feature","id":"64e57365-2caa-49c3-b6a1-175d16856db1","geometry":{"type":"Point","coordinates":[-94.80635236464546,29.556560392166894]},"properties":{"substrate":"Mud","lease_number":null,"poll_year":2025}},{"type":"Feature","id":"65481afd-e0b6-418e-b8a9-f0802ecb4825","geometry":{"type":"Point","coordinates":[-94.80855263342366,29.55522610562766]},"properties":{"substrate":"Mud","lease_number":null,"poll_year":2025}},{"type":"Feature","id":"6654d8a9-4087-4b37-b746-88d4c3e4df32","geometry":{"type":"Point","coordinates":[-94.80113928294821,29.555566083664765]},"properties":{"substrate":"Mud","lease_number":null,"poll_year":2025}},{"type":"Feature","id":"6759f660-2e50-4fd2-8efc-d379df5c85e7","geometry":{"type":"Point","coordinates":[-94.80180359608397,29.557883161907956]},"properties":{"substrate":"Mud","lease_number":null,"poll_year":2025}},{"type":"Feature","id":"67ce721a-e613-4bc1-9621-d29c62e4974f","geometry":{"type":"Point","coordinates":[-94.80359109887061,29.55509376461214]},"properties":{"substrate":"Mud","lease_number":null,"poll_year":2025}},{"type":"Feature","id":"67dcf8f1-e01c-43a9-947e-d14201d05fc8","geometry":{"type":"Point","coordinates":[-94.80143861327899,29.557169994647875]},"properties":{"substrate":"Mud","lease_number":null,"poll_year":2025}},{"type":"Feature","id":"681a6804-a7d8-4a8b-93b8-e352005bd9b8","geometry":{"type":"Point","coordinates":[-94.80595150582295,29.55516535512324]},"properties":{"substrate":"Mud","lease_number":null,"poll_year":2025}},{"type":"Feature","id":"6886e747-6206-4002-b3a8-e9c2cad548bc","geometry":{"type":"Point","coordinates":[-94.8045851673775,29.55517542225398]},"properties":{"substrate":"Mud","lease_number":null,"poll_year":2025}},{"type":"Feature","id":"68913bf7-7b47-420a-8f1e-b77fd475a417","geometry":{"type":"Point","coordinates":[-94.8025085031891,29.556569823866873]},"properties":{"substrate":"Mud","lease_number":null,"poll_year":2025}},{"type":"Feature","id":"68e0408f-999a-4451-a2d4-19e8b709807f","geometry":{"type":"Point","coordinates":[-94.80749612481802,29.554662090298173]},"properties":{"substrate":"Mud","lease_number":null,"poll_year":2025}},{"type":"Feature","id":"68fc1ffb-6613-4a2f-868b-91295b1b52b9","geometry":{"type":"Point","coordinates":[-94.80195632405533,29.556383082295042]},"properties":{"substrate":"Mud","lease_number":null,"poll_year":2025}},{"type":"Feature","id":"691b69a5-e5de-4256-8448-85698d2575f8","geometry":{"type":"Point","coordinates":[-94.80440727400179,29.556089410865432]},"properties":{"substrate":"Mud","lease_number":null,"poll_year":2025}},{"type":"Feature","id":"695f93c3-9bb7-4944-97a2-561cf0f79c25","geometry":{"type":"Point","coordinates":[-94.80372537814097,29.556576577651143]},"properties":{"substrate":"Mud","lease_number":null,"poll_year":2025}},{"type":"Feature","id":"6a476f42-8800-41a4-a4ca-ff5790e30273","geometry":{"type":"Point","coordinates":[-94.80376717495452,29.55724235962955]},"properties":{"substrate":"Mud","lease_number":null,"poll_year":2025}},{"type":"Feature","id":"6a6c84c7-6d0a-41ef-a94d-5b0ac09b612c","geometry":{"type":"Point","coordinates":[-94.80392082459734,29.556599642723608]},"properties":{"substrate":"Mud","lease_number":null,"poll_year":2025}},{"type":"Feature","id":"6ad085b6-32e5-4d5f-ad46-680976dc763f","geometry":{"type":"Point","coordinates":[-94.80272234893911,29.556553942352657]},"properties":{"substrate":"Mud","lease_number":null,"poll_year":2025}},{"type":"Feature","id":"6bba16fd-1987-41cd-9ab3-ebb90b5e6d4c","geometry":{"type":"Point","coordinates":[-94.80495176894664,29.556107016265834]},"properties":{"substrate":"Mud","lease_number":null,"poll_year":2025}},{"type":"Feature","id":"6c28eeb8-14e3-47d0-809f-fb7fd7d9d9d8","geometry":{"type":"Point","coordinates":[-94.80299105121028,29.556207309945577]},"properties":{"substrate":"Mud","lease_number":null,"poll_year":2025}},{"type":"Feature","id":"6c74d32f-11fd-40e4-b416-11543e8745e0","geometry":{"type":"Point","coordinates":[-94.80445721943326,29.55737024769807]},"properties":{"substrate":"Mud","lease_number":null,"poll_year":2025}},{"type":"Feature","id":"6d20ba7f-bcc5-4e69-9641-67eb9decdd33","geometry":{"type":"Point","coordinates":[-94.80049044059827,29.555713654784654]},"properties":{"substrate":"Mud","lease_number":null,"poll_year":2025}},{"type":"Feature","id":"6d2120d4-05b2-4bbe-ae48-ef742382e6f7","geometry":{"type":"Point","coordinates":[-94.80260074579574,29.557580613345593]},"properties":{"substrate":"Mud","lease_number":null,"poll_year":2025}},{"type":"Feature","id":"6e42d092-9598-45e0-b3e6-d04aec40c2f2","geometry":{"type":"Point","coordinates":[-94.80604994680506,29.55437346427261]},"properties":{"substrate":"Mud","lease_number":null,"poll_year":2025}},{"type":"Feature","id":"6e9f12e7-498c-4d7a-bab3-ee43d79ce93f","geometry":{"type":"Point","coordinates":[-94.80463298290343,29.55759188594948]},"properties":{"substrate":"Mud","lease_number":null,"poll_year":2025}},{"type":"Feature","id":"6ead6795-fa69-42ff-b902-4f935efd5bb3","geometry":{"type":"Point","coordinates":[-94.80235179388441,29.55844581368235]},"properties":{"substrate":"Mud","lease_number":null,"poll_year":2025}},{"type":"Feature","id":"6f0d9b4d-486e-45f3-acd5-effb7cff02b4","geometry":{"type":"Point","coordinates":[-94.79865242284828,29.554732275320895]},"properties":{"substrate":"Mud","lease_number":null,"poll_year":2025}},{"type":"Feature","id":"6f8d01a5-82d0-49e0-837d-0a773a7fb5fd","geometry":{"type":"Point","coordinates":[-94.8040186708947,29.558161145338925]},"properties":{"substrate":"Mud","lease_number":null,"poll_year":2025}},{"type":"Feature","id":"6fd0bef5-7d2e-41db-b467-78cb3952778b","geometry":{"type":"Point","coordinates":[-94.79982523992703,29.554464846648987]},"properties":{"substrate":"Mud","lease_number":null,"poll_year":2025}},{"type":"Feature","id":"705cccdc-93b4-46c3-8803-ef2e5d411c89","geometry":{"type":"Point","coordinates":[-94.80739580995025,29.554562525723735]},"properties":{"substrate":"Mud","lease_number":null,"poll_year":2025}},{"type":"Feature","id":"70a52f73-9387-43a0-9061-c1b76efe12bb","geometry":{"type":"Point","coordinates":[-94.80604378885377,29.55582213503709]},"properties":{"substrate":"Mud","lease_number":null,"poll_year":2025}},{"type":"Feature","id":"70d74157-b51c-46bc-9e88-cb976316311f","geometry":{"type":"Point","coordinates":[-94.80404987118116,29.555540488884745]},"properties":{"substrate":"Mud","lease_number":null,"poll_year":2025}},{"type":"Feature","id":"71e6750b-6420-489a-8186-03ffe5c71ed6","geometry":{"type":"Point","coordinates":[-94.80190350311662,29.55688158520525]},"properties":{"substrate":"Mud","lease_number":null,"poll_year":2025}},{"type":"Feature","id":"73399d81-5afa-45ed-88b3-924040f02b09","geometry":{"type":"Point","coordinates":[-94.80102333290291,29.555657579050376]},"properties":{"substrate":"Mud","lease_number":null,"poll_year":2025}},{"type":"Feature","id":"73500d70-5c7b-4d55-bd90-e23f3f73e8bd","geometry":{"type":"Point","coordinates":[-94.80512614541801,29.55760970206837]},"properties":{"substrate":"Mud","lease_number":null,"poll_year":2025}},{"type":"Feature","id":"74007a78-004d-4b48-b72e-deb3c08fa80e","geometry":{"type":"Point","coordinates":[-94.80414152359467,29.5583431686389]},"properties":{"substrate":"Mud","lease_number":null,"poll_year":2025}},{"type":"Feature","id":"740e4a39-42c8-4eb8-b4a9-bf9401fb6cf0","geometry":{"type":"Point","coordinates":[-94.80181465344681,29.556243724869127]},"properties":{"substrate":"Mud","lease_number":null,"poll_year":2025}},{"type":"Feature","id":"74fc6a0b-c3c2-480e-a56d-633f2e2c97b8","geometry":{"type":"Point","coordinates":[-94.80576070455491,29.55641525405619]},"properties":{"substrate":"Mud","lease_number":null,"poll_year":2025}},{"type":"Feature","id":"75a3bec7-c930-4d84-b3bf-75f03df75fa1","geometry":{"type":"Point","coordinates":[-94.80570624958072,29.556037248695258]},"properties":{"substrate":"Mud","lease_number":null,"poll_year":2025}},{"type":"Feature","id":"7628deba-793d-44fa-ae5b-b5a8a07994fa","geometry":{"type":"Point","coordinates":[-94.80329309085995,29.556482792763383]},"properties":{"substrate":"Mud","lease_number":null,"poll_year":2025}},{"type":"Feature","id":"76be13f9-ef3c-4bd2-8e39-878a9cb68c6e","geometry":{"type":"Point","coordinates":[-94.80589350430002,29.556805930208647]},"properties":{"substrate":"Mud","lease_number":null,"poll_year":2025}},{"type":"Feature","id":"76ee6c21-1f1a-4d5c-aedd-b488685eeabe","geometry":{"type":"Point","coordinates":[-94.80519664879478,29.555193456817165]},"properties":{"substrate":"Mud","lease_number":null,"poll_year":2025}},{"type":"Feature","id":"77f71eff-4ea7-4930-8aeb-94cfec80c8fb","geometry":{"type":"Point","coordinates":[-94.80439726227794,29.556678424319568]},"properties":{"substrate":"Mud","lease_number":null,"poll_year":2025}},{"type":"Feature","id":"7838437b-7cdb-4b31-9721-3960b131286b","geometry":{"type":"Point","coordinates":[-94.80667854562007,29.55684826178756]},"properties":{"substrate":"Mud","lease_number":null,"poll_year":2025}},{"type":"Feature","id":"787c3d4b-b871-4629-8cc7-f983955e09cc","geometry":{"type":"Point","coordinates":[-94.80709858976208,29.556215318713686]},"properties":{"substrate":"Mud","lease_number":null,"poll_year":2025}},{"type":"Feature","id":"78b60701-171a-46ab-bb86-fc41c1a0f152","geometry":{"type":"Point","coordinates":[-94.8077922400784,29.55473589569026]},"properties":{"substrate":"Mud","lease_number":null,"poll_year":2025}},{"type":"Feature","id":"79966ebc-fe8c-4c18-8c8b-e6d0d6245f19","geometry":{"type":"Point","coordinates":[-94.80514457076279,29.554942427660645]},"properties":{"substrate":"Mud","lease_number":null,"poll_year":2025}},{"type":"Feature","id":"7a91a824-e7b9-42b2-9804-79b60d5b4e0a","geometry":{"type":"Point","coordinates":[-94.80088552235517,29.55697601595185]},"properties":{"substrate":"Mud","lease_number":null,"poll_year":2025}},{"type":"Feature","id":"7ab396ac-9de7-4183-9919-f9800ab832fd","geometry":{"type":"Point","coordinates":[-94.80198110408244,29.55520966283748]},"properties":{"substrate":"Mud","lease_number":null,"poll_year":2025}},{"type":"Feature","id":"7ac28514-cc6c-432d-bee7-41d9e2f5369e","geometry":{"type":"Point","coordinates":[-94.80135831467237,29.554854970838957]},"properties":{"substrate":"Mud","lease_number":null,"poll_year":2025}},{"type":"Feature","id":"7b22de09-469a-42ab-9593-2881691fccb5","geometry":{"type":"Point","coordinates":[-94.80011714658028,29.556613182325783]},"properties":{"substrate":"Mud","lease_number":null,"poll_year":2025}},{"type":"Feature","id":"7b9b3faa-2391-4b59-9565-fa787c3a5c6a","geometry":{"type":"Point","coordinates":[-94.80379199181255,29.554973724679954]},"properties":{"substrate":"Mud","lease_number":null,"poll_year":2025}},{"type":"Feature","id":"7c5a8b02-09b9-48ca-ab8d-4a838935ffd9","geometry":{"type":"Point","coordinates":[-94.80453477009343,29.55456829113051]},"properties":{"substrate":"Mud","lease_number":null,"poll_year":2025}},{"type":"Feature","id":"7c8a9f4e-2603-4160-976f-5ca8a26b43cf","geometry":{"type":"Point","coordinates":[-94.80428783310329,29.556981813258822]},"properties":{"substrate":"Mud","lease_number":null,"poll_year":2025}},{"type":"Feature","id":"7cc16d08-b2d8-4b87-8555-03eec13d2fb3","geometry":{"type":"Point","coordinates":[-94.80801809181217,29.554413701066323]},"properties":{"substrate":"Mud","lease_number":null,"poll_year":2025}},{"type":"Feature","id":"7cc467f4-a23a-4444-850e-cd2ec879cfca","geometry":{"type":"Point","coordinates":[-94.80606940072084,29.555283473299628]},"properties":{"substrate":"Mud","lease_number":null,"poll_year":2025}},{"type":"Feature","id":"7d034dd0-30d8-4c13-bdc7-8ccc3bd21e9e","geometry":{"type":"Point","coordinates":[-94.80465195442392,29.55791377819291]},"properties":{"substrate":"Mud","lease_number":null,"poll_year":2025}},{"type":"Feature","id":"7d0aa9a2-005a-4bec-bacf-0039b7513b01","geometry":{"type":"Point","coordinates":[-94.80653783171734,29.554581466076108]},"properties":{"substrate":"Mud","lease_number":null,"poll_year":2025}},{"type":"Feature","id":"7d36f2ca-91bb-4ea4-b1bf-eb7ec1baa353","geometry":{"type":"Point","coordinates":[-94.80195043559864,29.555798157085505]},"properties":{"substrate":"Mud","lease_number":null,"poll_year":2025}},{"type":"Feature","id":"7da63096-7429-463b-a103-86e068ed1219","geometry":{"type":"Point","coordinates":[-94.80268480924171,29.559063036696116]},"properties":{"substrate":"Mud","lease_number":null,"poll_year":2025}},{"type":"Feature","id":"7dc76aa2-c7b3-4b64-bbd6-42535b4a152e","geometry":{"type":"Point","coordinates":[-94.80597574955583,29.55672526003088]},"properties":{"substrate":"Mud","lease_number":null,"poll_year":2025}},{"type":"Feature","id":"7deef01f-e9e4-4749-a8b7-bbeca6b92026","geometry":{"type":"Point","coordinates":[-94.80855909231057,29.55495555332746]},"properties":{"substrate":"Mud","lease_number":null,"poll_year":2025}},{"type":"Feature","id":"7e23087b-e0aa-4d1b-b2e7-5d501aa5ebfc","geometry":{"type":"Point","coordinates":[-94.80400576659565,29.5578421341493]},"properties":{"substrate":"Mud","lease_number":null,"poll_year":2025}},{"type":"Feature","id":"7e2e0e6c-4674-4ab2-833e-ce6cd9237367","geometry":{"type":"Point","coordinates":[-94.80021227188067,29.55630852638129]},"properties":{"substrate":"Mud","lease_number":null,"poll_year":2025}},{"type":"Feature","id":"7e36be2b-b3f4-4d39-b7d4-6a0be57716d1","geometry":{"type":"Point","coordinates":[-94.80000970717398,29.556105409665722]},"properties":{"substrate":"Mud","lease_number":null,"poll_year":2025}},{"type":"Feature","id":"7eb585e4-1fbf-437d-865c-76b79badfdc2","geometry":{"type":"Point","coordinates":[-94.8004501278016,29.55510019810955]},"properties":{"substrate":"Mud","lease_number":null,"poll_year":2025}},{"type":"Feature","id":"7ef86f97-500a-4525-9190-da5055d7b86a","geometry":{"type":"Point","coordinates":[-94.8000414401614,29.5552617722979]},"properties":{"substrate":"Mud","lease_number":null,"poll_year":2025}},{"type":"Feature","id":"7f08c5a2-e721-437f-9909-4449c37dbbe3","geometry":{"type":"Point","coordinates":[-94.79856827406236,29.555278956653506]},"properties":{"substrate":"Mud","lease_number":null,"poll_year":2025}},{"type":"Feature","id":"806e1116-1c75-4b8d-8849-3c70c36be5e0","geometry":{"type":"Point","coordinates":[-94.80332463430283,29.557709458210688]},"properties":{"substrate":"Mud","lease_number":null,"poll_year":2025}},{"type":"Feature","id":"80d94a11-139f-4b56-8d72-17e5785386e8","geometry":{"type":"Point","coordinates":[-94.80315603399872,29.559034835278144]},"properties":{"substrate":"Mud","lease_number":null,"poll_year":2025}},{"type":"Feature","id":"81b8ee47-bdbb-45a2-bb30-cdc1715159a2","geometry":{"type":"Point","coordinates":[-94.80244844003258,29.554528835830794]},"properties":{"substrate":"Mud","lease_number":null,"poll_year":2025}},{"type":"Feature","id":"81f1eb3c-bf09-40af-b76f-1ecea64d17c3","geometry":{"type":"Point","coordinates":[-94.80376589844849,29.554683772674306]},"properties":{"substrate":"Mud","lease_number":null,"poll_year":2025}},{"type":"Feature","id":"82fb07c1-7b3c-4538-be07-65a20725bdcc","geometry":{"type":"Point","coordinates":[-94.79948652565757,29.55442599613828]},"properties":{"substrate":"Mud","lease_number":null,"poll_year":2025}},{"type":"Feature","id":"834e85ad-484e-44f0-a319-8671005bd07a","geometry":{"type":"Point","coordinates":[-94.80385118180662,29.558247280289425]},"properties":{"substrate":"Mud","lease_number":null,"poll_year":2025}},{"type":"Feature","id":"83aaa91a-ec1b-495f-8bbc-38a314eef814","geometry":{"type":"Point","coordinates":[-94.80544950208936,29.556350390880418]},"properties":{"substrate":"Mud","lease_number":null,"poll_year":2025}},{"type":"Feature","id":"83c23055-643f-4b3a-b2e1-f6e1ff77bf3d","geometry":{"type":"Point","coordinates":[-94.80270559176581,29.55879729011896]},"properties":{"substrate":"Mud","lease_number":null,"poll_year":2025}},{"type":"Feature","id":"83e402d8-9277-40ae-9211-20b92b76fa97","geometry":{"type":"Point","coordinates":[-94.80248646122698,29.557091328302903]},"properties":{"substrate":"Mud","lease_number":null,"poll_year":2025}},{"type":"Feature","id":"8488ca54-6ae4-4109-8d7d-a036f6939824","geometry":{"type":"Point","coordinates":[-94.80256585343348,29.556407954831386]},"properties":{"substrate":"Mud","lease_number":null,"poll_year":2025}},{"type":"Feature","id":"84e27254-d221-468b-97f0-bd55af6f645d","geometry":{"type":"Point","coordinates":[-94.80195318713835,29.554621287846754]},"properties":{"substrate":"Mud","lease_number":null,"poll_year":2025}},{"type":"Feature","id":"859df6c2-fccb-4b07-9a03-b193beac1051","geometry":{"type":"Point","coordinates":[-94.80270969616835,29.555023750973312]},"properties":{"substrate":"Mud","lease_number":null,"poll_year":2025}},{"type":"Feature","id":"85b48856-e6c2-4d49-9fb1-eaa13e6cfe57","geometry":{"type":"Point","coordinates":[-94.80030775740548,29.555535305694864]},"properties":{"substrate":"Mud","lease_number":null,"poll_year":2025}},{"type":"Feature","id":"8615522f-3ab2-4fd3-93ba-1020f36bce76","geometry":{"type":"Point","coordinates":[-94.80540276993166,29.556907334365476]},"properties":{"substrate":"Mud","lease_number":null,"poll_year":2025}},{"type":"Feature","id":"866baad1-6d85-4e27-8550-8a6d0d8acd6f","geometry":{"type":"Point","coordinates":[-94.80360223438687,29.55531749426571]},"properties":{"substrate":"Mud","lease_number":null,"poll_year":2025}},{"type":"Feature","id":"86dc4b0b-fa61-49cd-99ad-61d6d869f589","geometry":{"type":"Point","coordinates":[-94.79789778411069,29.554687710306453]},"properties":{"substrate":"Mud","lease_number":null,"poll_year":2025}},{"type":"Feature","id":"872dde59-7220-4125-82ac-e869fb136674","geometry":{"type":"Point","coordinates":[-94.80014482726746,29.55453487708515]},"properties":{"substrate":"Mud","lease_number":null,"poll_year":2025}},{"type":"Feature","id":"87eac2f3-3476-4eed-b7c2-6ef7143b898b","geometry":{"type":"Point","coordinates":[-94.80179096577108,29.557354130323738]},"properties":{"substrate":"Mud","lease_number":null,"poll_year":2025}},{"type":"Feature","id":"88b874a8-d4b4-4cb4-8b0a-c6a8ee94c7f7","geometry":{"type":"Point","coordinates":[-94.80606777477018,29.55641288323427]},"properties":{"substrate":"Mud","lease_number":null,"poll_year":2025}},{"type":"Feature","id":"88c15739-7e7f-47b0-8850-f851f30d01d0","geometry":{"type":"Point","coordinates":[-94.80171324712597,29.554895591122918]},"properties":{"substrate":"Mud","lease_number":null,"poll_year":2025}},{"type":"Feature","id":"8991cda1-ec9b-4589-bddf-46b774a9e7cd","geometry":{"type":"Point","coordinates":[-94.80558947667863,29.5574705127746]},"properties":{"substrate":"Mud","lease_number":null,"poll_year":2025}},{"type":"Feature","id":"89b25939-ef37-4c43-bb1d-9ff469142520","geometry":{"type":"Point","coordinates":[-94.80625303343291,29.556412498776663]},"properties":{"substrate":"Mud","lease_number":null,"poll_year":2025}},{"type":"Feature","id":"8a0d757a-b51a-4441-92bc-024fa43fe459","geometry":{"type":"Point","coordinates":[-94.80587698158698,29.554718995683174]},"properties":{"substrate":"Mud","lease_number":null,"poll_year":2025}},{"type":"Feature","id":"8a95622c-d1f1-4fb1-9424-9ca65f4fead5","geometry":{"type":"Point","coordinates":[-94.80234355543496,29.55466976395473]},"properties":{"substrate":"Mud","lease_number":null,"poll_year":2025}},{"type":"Feature","id":"8abadc3b-eb80-4607-bea8-2a361e02bd44","geometry":{"type":"Point","coordinates":[-94.80616795219574,29.55628484235861]},"properties":{"substrate":"Mud","lease_number":null,"poll_year":2025}},{"type":"Feature","id":"8acda816-72f4-4e61-80b3-a6b1e163ff66","geometry":{"type":"Point","coordinates":[-94.80002317471671,29.55556607819476]},"properties":{"substrate":"Mud","lease_number":null,"poll_year":2025}},{"type":"Feature","id":"8b117ea4-c687-4ef6-b2c1-f59a10a74cd8","geometry":{"type":"Point","coordinates":[-94.80468878984215,29.55561188763045]},"properties":{"substrate":"Mud","lease_number":null,"poll_year":2025}},{"type":"Feature","id":"8b1b10fc-f6e0-4a53-98c6-b9c50b269c97","geometry":{"type":"Point","coordinates":[-94.8091937978729,29.554736087140803]},"properties":{"substrate":"Mud","lease_number":null,"poll_year":2025}},{"type":"Feature","id":"8b1b4d0b-b2af-46e6-9ea2-e57c1140350f","geometry":{"type":"Point","coordinates":[-94.80399020328335,29.556054113317852]},"properties":{"substrate":"Mud","lease_number":null,"poll_year":2025}},{"type":"Feature","id":"8b427f41-028b-4a2d-8ba9-5737df71e4f1","geometry":{"type":"Point","coordinates":[-94.79810912625601,29.554884794108926]},"properties":{"substrate":"Mud","lease_number":null,"poll_year":2025}},{"type":"Feature","id":"8c902aac-1578-4f03-ad34-1c9ac89f274f","geometry":{"type":"Point","coordinates":[-94.80230742699086,29.55520993399271]},"properties":{"substrate":"Mud","lease_number":null,"poll_year":2025}},{"type":"Feature","id":"8cbd177d-fe67-4b4c-be23-4112dc6bb4cf","geometry":{"type":"Point","coordinates":[-94.79909610525868,29.554607615915646]},"properties":{"substrate":"Mud","lease_number":null,"poll_year":2025}},{"type":"Feature","id":"8ced1b83-ceb8-48ea-8e51-c05830578909","geometry":{"type":"Point","coordinates":[-94.79884387988646,29.555507887061356]},"properties":{"substrate":"Mud","lease_number":null,"poll_year":2025}},{"type":"Feature","id":"8d33a678-8474-4676-bdc6-df49dd4cb6b7","geometry":{"type":"Point","coordinates":[-94.80471314406783,29.55474079838745]},"properties":{"substrate":"Mud","lease_number":null,"poll_year":2025}},{"type":"Feature","id":"8d6f4527-6881-4376-a590-ecabf1f0d4ae","geometry":{"type":"Point","coordinates":[-94.80761729407513,29.554801170934823]},"properties":{"substrate":"Mud","lease_number":null,"poll_year":2025}},{"type":"Feature","id":"8d8612b3-7c97-4ad0-8d11-ef097e696928","geometry":{"type":"Point","coordinates":[-94.8017811750328,29.55442859127814]},"properties":{"substrate":"Mud","lease_number":null,"poll_year":2025}},{"type":"Feature","id":"8e22bd3a-45e0-4108-be76-bcc8163d4dea","geometry":{"type":"Point","coordinates":[-94.80017886533187,29.555397862374253]},"properties":{"substrate":"Mud","lease_number":null,"poll_year":2025}},{"type":"Feature","id":"90633e48-41aa-4c95-a79d-244e314c2c98","geometry":{"type":"Point","coordinates":[-94.79976261118205,29.55586969864935]},"properties":{"substrate":"Mud","lease_number":null,"poll_year":2025}},{"type":"Feature","id":"90818be6-a482-45d6-a176-202c869667f2","geometry":{"type":"Point","coordinates":[-94.80596696403238,29.556047543132564]},"properties":{"substrate":"Mud","lease_number":null,"poll_year":2025}},{"type":"Feature","id":"90b4f5c5-13b7-4edb-931a-8cae7e9d32e0","geometry":{"type":"Point","coordinates":[-94.79978794726632,29.55531898132012]},"properties":{"substrate":"Mud","lease_number":null,"poll_year":2025}},{"type":"Feature","id":"90bb5fff-ae64-4fb9-a75d-247697995bb0","geometry":{"type":"Point","coordinates":[-94.80559576937719,29.555390458364922]},"properties":{"substrate":"Mud","lease_number":null,"poll_year":2025}},{"type":"Feature","id":"91106143-5c18-4c0a-81c2-25dc8aac765f","geometry":{"type":"Point","coordinates":[-94.80519859903725,29.557016807293962]},"properties":{"substrate":"Mud","lease_number":null,"poll_year":2025}},{"type":"Feature","id":"911f9d6a-b504-4e31-a3ce-cc94452af159","geometry":{"type":"Point","coordinates":[-94.80155380155291,29.557283661125656]},"properties":{"substrate":"Mud","lease_number":null,"poll_year":2025}},{"type":"Feature","id":"91e8cd4d-099a-451a-9d66-4139db7a982e","geometry":{"type":"Point","coordinates":[-94.79994363518652,29.556463844171848]},"properties":{"substrate":"Mud","lease_number":null,"poll_year":2025}},{"type":"Feature","id":"91f1f537-507e-4f08-9981-6b3255933dc9","geometry":{"type":"Point","coordinates":[-94.80713500926032,29.55577368214326]},"properties":{"substrate":"Mud","lease_number":null,"poll_year":2025}},{"type":"Feature","id":"922e64d4-1da2-4d91-855b-2a92b010eb2a","geometry":{"type":"Point","coordinates":[-94.8046811119414,29.554484448111857]},"properties":{"substrate":"Mud","lease_number":null,"poll_year":2025}},{"type":"Feature","id":"925ee7b9-a9aa-4b5c-8289-4ad16ce6c396","geometry":{"type":"Point","coordinates":[-94.80361599298377,29.556808825350693]},"properties":{"substrate":"Mud","lease_number":null,"poll_year":2025}},{"type":"Feature","id":"92864ef5-4397-4d61-8023-5c0cbce18c71","geometry":{"type":"Point","coordinates":[-94.80390865332355,29.55508277069941]},"properties":{"substrate":"Mud","lease_number":null,"poll_year":2025}},{"type":"Feature","id":"92917e60-e32e-4ecc-8bf0-dc5a7b67aaac","geometry":{"type":"Point","coordinates":[-94.80024489779346,29.555168022135437]},"properties":{"substrate":"Mud","lease_number":null,"poll_year":2025}},{"type":"Feature","id":"9311096c-70ce-4a43-92bb-8f031585261f","geometry":{"type":"Point","coordinates":[-94.80128227318188,29.555125255378705]},"properties":{"substrate":"Mud","lease_number":null,"poll_year":2025}},{"type":"Feature","id":"936d7b24-f1a9-4193-9392-bf74e9c2993f","geometry":{"type":"Point","coordinates":[-94.80208449478174,29.5570701871811]},"properties":{"substrate":"Mud","lease_number":null,"poll_year":2025}},{"type":"Feature","id":"94040d40-10fe-4b8d-b1bd-f3f97ab52b29","geometry":{"type":"Point","coordinates":[-94.80734936884669,29.554816521351942]},"properties":{"substrate":"Mud","lease_number":null,"poll_year":2025}},{"type":"Feature","id":"941b0ce2-e7cc-477a-81c6-b8e36a157d73","geometry":{"type":"Point","coordinates":[-94.80207354701338,29.556693114155188]},"properties":{"substrate":"Mud","lease_number":null,"poll_year":2025}},{"type":"Feature","id":"9468ff92-321a-4a5b-bcee-27606989a27e","geometry":{"type":"Point","coordinates":[-94.80288269911567,29.555760129144403]},"properties":{"substrate":"Mud","lease_number":null,"poll_year":2025}},{"type":"Feature","id":"94d9025b-4cff-4e31-ad2e-6efda4e9d690","geometry":{"type":"Point","coordinates":[-94.80659111798334,29.555795554166586]},"properties":{"substrate":"Mud","lease_number":null,"poll_year":2025}},{"type":"Feature","id":"94dacb51-6fc4-47dc-a49d-7873ca498e7a","geometry":{"type":"Point","coordinates":[-94.80681341418524,29.556404791651445]},"properties":{"substrate":"Mud","lease_number":null,"poll_year":2025}},{"type":"Feature","id":"9508ec14-5d49-4e7b-b20e-e4e2e65bd058","geometry":{"type":"Point","coordinates":[-94.80233636442111,29.55732685205633]},"properties":{"substrate":"Mud","lease_number":null,"poll_year":2025}},{"type":"Feature","id":"9509b77a-b855-4338-99e0-c4845ecd627b","geometry":{"type":"Point","coordinates":[-94.8016311186511,29.555472100138513]},"properties":{"substrate":"Mud","lease_number":null,"poll_year":2025}},{"type":"Feature","id":"953d8be1-bdd0-4e3c-8ea4-deb46ae672b9","geometry":{"type":"Point","coordinates":[-94.80404012086707,29.55521590878502]},"properties":{"substrate":"Mud","lease_number":null,"poll_year":2025}},{"type":"Feature","id":"95de933a-ac6a-448d-97c9-023de4a4c8c1","geometry":{"type":"Point","coordinates":[-94.80520817956976,29.555770079783876]},"properties":{"substrate":"Mud","lease_number":null,"poll_year":2025}},{"type":"Feature","id":"96471fa2-daf9-44a3-b78b-36cabddd7347","geometry":{"type":"Point","coordinates":[-94.80119990575517,29.55640308269033]},"properties":{"substrate":"Mud","lease_number":null,"poll_year":2025}},{"type":"Feature","id":"969c7351-2365-4f1d-819e-6e824b0efa99","geometry":{"type":"Point","coordinates":[-94.80813991773775,29.55453146535108]},"properties":{"substrate":"Mud","lease_number":null,"poll_year":2025}},{"type":"Feature","id":"971df901-81cf-404a-bf4d-dd5cbd3c8ca5","geometry":{"type":"Point","coordinates":[-94.80345997987342,29.554971367108553]},"properties":{"substrate":"Mud","lease_number":null,"poll_year":2025}},{"type":"Feature","id":"977f23b7-8bc2-414c-b48a-be102a72fa88","geometry":{"type":"Point","coordinates":[-94.80528164738695,29.55472891829366]},"properties":{"substrate":"Mud","lease_number":null,"poll_year":2025}},{"type":"Feature","id":"97b0ab55-c7ac-48b4-a6eb-d7d19fc0cbed","geometry":{"type":"Point","coordinates":[-94.80289463503084,29.55750103619687]},"properties":{"substrate":"Mud","lease_number":null,"poll_year":2025}},{"type":"Feature","id":"97c745cb-2aaf-42c3-a27d-53641b80d97b","geometry":{"type":"Point","coordinates":[-94.8057552005772,29.55579097737384]},"properties":{"substrate":"Mud","lease_number":null,"poll_year":2025}},{"type":"Feature","id":"9817e1e7-9876-4b6b-aac4-983c8b60466c","geometry":{"type":"Point","coordinates":[-94.80232882216598,29.554407583224293]},"properties":{"substrate":"Mud","lease_number":null,"poll_year":2025}},{"type":"Feature","id":"983a01c6-a94c-4ab8-9c1c-c3db7fb206f5","geometry":{"type":"Point","coordinates":[-94.80370897400557,29.55521910638499]},"properties":{"substrate":"Mud","lease_number":null,"poll_year":2025}},{"type":"Feature","id":"985079c6-2440-4981-a134-714d9ab105bf","geometry":{"type":"Point","coordinates":[-94.80305695431448,29.554563022714596]},"properties":{"substrate":"Mud","lease_number":null,"poll_year":2025}},{"type":"Feature","id":"989392fe-af50-4dae-a626-5e5ded5578a8","geometry":{"type":"Point","coordinates":[-94.80326081259516,29.555335679618853]},"properties":{"substrate":"Mud","lease_number":null,"poll_year":2025}},{"type":"Feature","id":"98f2ff7b-25e7-4fd6-a497-a39e72f31b24","geometry":{"type":"Point","coordinates":[-94.80614139260604,29.555620828684702]},"properties":{"substrate":"Mud","lease_number":null,"poll_year":2025}},{"type":"Feature","id":"98f6b7d8-57c6-44ae-90cf-eef8b174ba02","geometry":{"type":"Point","coordinates":[-94.80595838242645,29.55628797662979]},"properties":{"substrate":"Mud","lease_number":null,"poll_year":2025}},{"type":"Feature","id":"99066a3b-c767-471c-9f1b-b020e8e04ed9","geometry":{"type":"Point","coordinates":[-94.79877541927867,29.554557713664003]},"properties":{"substrate":"Mud","lease_number":null,"poll_year":2025}},{"type":"Feature","id":"99103ed2-949a-4908-8f72-408b4c080b51","geometry":{"type":"Point","coordinates":[-94.80138747398648,29.555822517934125]},"properties":{"substrate":"Mud","lease_number":null,"poll_year":2025}},{"type":"Feature","id":"99502ba6-6cf5-4c65-902e-fb3f702ef513","geometry":{"type":"Point","coordinates":[-94.80209027544059,29.555924852969763]},"properties":{"substrate":"Mud","lease_number":null,"poll_year":2025}},{"type":"Feature","id":"9a005750-a96c-40f9-ab17-0e0791a88a75","geometry":{"type":"Point","coordinates":[-94.8062168331236,29.555436135037873]},"properties":{"substrate":"Mud","lease_number":null,"poll_year":2025}},{"type":"Feature","id":"9a0f7ba7-397a-44c9-926e-d264dfea8cf4","geometry":{"type":"Point","coordinates":[-94.80012926844672,29.555053986787673]},"properties":{"substrate":"Mud","lease_number":null,"poll_year":2025}},{"type":"Feature","id":"9a933020-8a7a-4159-a5e3-f4288c110492","geometry":{"type":"Point","coordinates":[-94.80447244857227,29.554840000202706]},"properties":{"substrate":"Mud","lease_number":null,"poll_year":2025}},{"type":"Feature","id":"9b8b61f3-bde2-4bc4-9470-56949fd749f0","geometry":{"type":"Point","coordinates":[-94.80252560441717,29.55484402613035]},"properties":{"substrate":"Mud","lease_number":null,"poll_year":2025}},{"type":"Feature","id":"9bf81721-09cd-45fd-af93-080c6336e6f3","geometry":{"type":"Point","coordinates":[-94.804599591626,29.556912364327854]},"properties":{"substrate":"Mud","lease_number":null,"poll_year":2025}},{"type":"Feature","id":"9c10ed1d-88da-46f0-9231-13f5d97e0165","geometry":{"type":"Point","coordinates":[-94.80584730035169,29.557254002660116]},"properties":{"substrate":"Mud","lease_number":null,"poll_year":2025}},{"type":"Feature","id":"9ca5f31a-be73-4f34-97d5-a3b8b359bd5d","geometry":{"type":"Point","coordinates":[-94.80323956833699,29.559160391734334]},"properties":{"substrate":"Mud","lease_number":null,"poll_year":2025}},{"type":"Feature","id":"9cb6add6-8a5f-4501-9c68-aedf32234024","geometry":{"type":"Point","coordinates":[-94.80274691696383,29.55562915085032]},"properties":{"substrate":"Mud","lease_number":null,"poll_year":2025}},{"type":"Feature","id":"9cf48751-85ba-4ac0-97f5-31be07b6e28c","geometry":{"type":"Point","coordinates":[-94.8001514011387,29.555710547064102]},"properties":{"substrate":"Mud","lease_number":null,"poll_year":2025}},{"type":"Feature","id":"9d69f957-118e-4cfd-a9a2-79f3828c8a9b","geometry":{"type":"Point","coordinates":[-94.8003153409831,29.554962739349918]},"properties":{"substrate":"Mud","lease_number":null,"poll_year":2025}},{"type":"Feature","id":"9d6fd436-64fe-4708-8925-613b1f70ba76","geometry":{"type":"Point","coordinates":[-94.80448642276484,29.555629872104628]},"properties":{"substrate":"Mud","lease_number":null,"poll_year":2025}},{"type":"Feature","id":"9e50e6ee-e911-4bbe-95fc-389416afda41","geometry":{"type":"Point","coordinates":[-94.79959328234425,29.554804146621656]},"properties":{"substrate":"Mud","lease_number":null,"poll_year":2025}},{"type":"Feature","id":"9e6097ca-da52-48bf-8514-09f9520d81d7","geometry":{"type":"Point","coordinates":[-94.80450325090504,29.55679631489823]},"properties":{"substrate":"Mud","lease_number":null,"poll_year":2025}},{"type":"Feature","id":"9e94159e-d4a6-4847-babb-e6f06f11a7b8","geometry":{"type":"Point","coordinates":[-94.8032178156324,29.55938888670596]},"properties":{"substrate":"Mud","lease_number":null,"poll_year":2025}},{"type":"Feature","id":"9f13686d-2309-44f2-851f-cd4c04f6b753","geometry":{"type":"Point","coordinates":[-94.80416387098396,29.557046161078084]},"properties":{"substrate":"Mud","lease_number":null,"poll_year":2025}},{"type":"Feature","id":"9f2abac4-e6ab-48d0-86a9-ed3899d08db2","geometry":{"type":"Point","coordinates":[-94.80534955373423,29.555356452270455]},"properties":{"substrate":"Mud","lease_number":null,"poll_year":2025}},{"type":"Feature","id":"9fa841fc-6680-490a-8598-7c12469d7e8d","geometry":{"type":"Point","coordinates":[-94.80256082196956,29.554635024634823]},"properties":{"substrate":"Mud","lease_number":null,"poll_year":2025}},{"type":"Feature","id":"a1978b97-f8ee-4632-934c-df4a324fd946","geometry":{"type":"Point","coordinates":[-94.80111760660041,29.55721699735346]},"properties":{"substrate":"Mud","lease_number":null,"poll_year":2025}},{"type":"Feature","id":"a1efa97e-b3c4-47d7-9078-b63a8add97f7","geometry":{"type":"Point","coordinates":[-94.80390629704257,29.557406702054436]},"properties":{"substrate":"Mud","lease_number":null,"poll_year":2025}},{"type":"Feature","id":"a29edb73-6668-471f-9dc9-2631d1d0946b","geometry":{"type":"Point","coordinates":[-94.80713929063097,29.555539665263183]},"properties":{"substrate":"Mud","lease_number":null,"poll_year":2025}},{"type":"Feature","id":"a442b1a3-f8ca-43df-829b-38159b4bb220","geometry":{"type":"Point","coordinates":[-94.80488667163125,29.555235100634437]},"properties":{"substrate":"Mud","lease_number":null,"poll_year":2025}},{"type":"Feature","id":"a49adce6-452e-475b-a179-f80ace1a2b5f","geometry":{"type":"Point","coordinates":[-94.80344388925006,29.558104570863946]},"properties":{"substrate":"Mud","lease_number":null,"poll_year":2025}},{"type":"Feature","id":"a4a42c06-8326-42c9-b36b-2ee789cbcaa4","geometry":{"type":"Point","coordinates":[-94.80357301398732,29.55703456803392]},"properties":{"substrate":"Mud","lease_number":null,"poll_year":2025}},{"type":"Feature","id":"a4bb2997-0651-4803-99f6-e15a099caca7","geometry":{"type":"Point","coordinates":[-94.801531914101,29.555960027097917]},"properties":{"substrate":"Mud","lease_number":null,"poll_year":2025}},{"type":"Feature","id":"a5975c4e-6e4a-4664-aee9-7a511c280f61","geometry":{"type":"Point","coordinates":[-94.80267389740595,29.5567232142851]},"properties":{"substrate":"Mud","lease_number":null,"poll_year":2025}},{"type":"Feature","id":"a59b750d-3b56-477f-9244-6c02063b3d3a","geometry":{"type":"Point","coordinates":[-94.80366234335749,29.558994018183235]},"properties":{"substrate":"Mud","lease_number":null,"poll_year":2025}},{"type":"Feature","id":"a63d849d-d4ac-4899-99f6-0439dccabc91","geometry":{"type":"Point","coordinates":[-94.80150542996982,29.556691145768895]},"properties":{"substrate":"Mud","lease_number":null,"poll_year":2025}},{"type":"Feature","id":"a678d5f4-b52e-44df-a883-bcfe9d2deccb","geometry":{"type":"Point","coordinates":[-94.80416904528002,29.556215384352925]},"properties":{"substrate":"Mud","lease_number":null,"poll_year":2025}},{"type":"Feature","id":"a6885a0f-aa1e-44cb-b609-9bae010dbc48","geometry":{"type":"Point","coordinates":[-94.80461449377826,29.55497352932271]},"properties":{"substrate":"Mud","lease_number":null,"poll_year":2025}},{"type":"Feature","id":"a6b4be74-6cd8-4627-a62c-ec2c928a53e5","geometry":{"type":"Point","coordinates":[-94.80062447373025,29.554703591332515]},"properties":{"substrate":"Mud","lease_number":null,"poll_year":2025}},{"type":"Feature","id":"a6fadf7a-2ef3-419a-b3c4-02569cc43f99","geometry":{"type":"Point","coordinates":[-94.80647153335441,29.5550739429047]},"properties":{"substrate":"Mud","lease_number":null,"poll_year":2025}},{"type":"Feature","id":"a7789972-a09c-4f4d-a76d-0fc63b003e11","geometry":{"type":"Point","coordinates":[-94.8071565248097,29.554894993329192]},"properties":{"substrate":"Mud","lease_number":null,"poll_year":2025}},{"type":"Feature","id":"a8806a9e-45da-45fc-b20d-42c410429c7e","geometry":{"type":"Point","coordinates":[-94.80509733644685,29.556610964666145]},"properties":{"substrate":"Mud","lease_number":null,"poll_year":2025}},{"type":"Feature","id":"a8d2e7a5-d995-4048-9857-a7dc553aa4cc","geometry":{"type":"Point","coordinates":[-94.80556481073756,29.554781575003442]},"properties":{"substrate":"Mud","lease_number":null,"poll_year":2025}},{"type":"Feature","id":"a926c598-5adf-4a5e-9ee7-eebc2768a3ee","geometry":{"type":"Point","coordinates":[-94.80755888112377,29.554481856099105]},"properties":{"substrate":"Mud","lease_number":null,"poll_year":2025}},{"type":"Feature","id":"a9a4b975-19df-4083-9557-41aa28662500","geometry":{"type":"Point","coordinates":[-94.79999239124857,29.554921450970816]},"properties":{"substrate":"Mud","lease_number":null,"poll_year":2025}},{"type":"Feature","id":"a9ab96d0-39c1-4347-b8e4-1a50b1cc9d4b","geometry":{"type":"Point","coordinates":[-94.80774553756507,29.554933521710698]},"properties":{"substrate":"Mud","lease_number":null,"poll_year":2025}},{"type":"Feature","id":"a9d9eaf5-72c1-468b-a7ed-80496609fe45","geometry":{"type":"Point","coordinates":[-94.79842550122098,29.555154029111584]},"properties":{"substrate":"Mud","lease_number":null,"poll_year":2025}},{"type":"Feature","id":"aa1fba87-bc01-41d5-9817-023216a82200","geometry":{"type":"Point","coordinates":[-94.80607383121182,29.556167950619116]},"properties":{"substrate":"Mud","lease_number":null,"poll_year":2025}},{"type":"Feature","id":"aadfcf9d-c4b1-47ba-9639-7f3383a00ab7","geometry":{"type":"Point","coordinates":[-94.8026177994131,29.55585061475678]},"properties":{"substrate":"Mud","lease_number":null,"poll_year":2025}},{"type":"Feature","id":"aae3a6c5-8509-4cca-a198-36db35d34e38","geometry":{"type":"Point","coordinates":[-94.80761111276765,29.555413677648993]},"properties":{"substrate":"Mud","lease_number":null,"poll_year":2025}},{"type":"Feature","id":"ab753146-b9d9-4a94-91ce-e4a2a1782f68","geometry":{"type":"Point","coordinates":[-94.80111680530318,29.55606782099861]},"properties":{"substrate":"Mud","lease_number":null,"poll_year":2025}},{"type":"Feature","id":"ab91749a-51a9-4765-90cc-5e7b841ee7a6","geometry":{"type":"Point","coordinates":[-94.80676562021887,29.55480895476249]},"properties":{"substrate":"Mud","lease_number":null,"poll_year":2025}},{"type":"Feature","id":"ab99b870-4b30-48fd-9489-b0273fc21f31","geometry":{"type":"Point","coordinates":[-94.80370619461809,29.555785766065576]},"properties":{"substrate":"Mud","lease_number":null,"poll_year":2025}},{"type":"Feature","id":"ac171788-c793-4240-95d8-d64fea5a123f","geometry":{"type":"Point","coordinates":[-94.80613481064994,29.55714143637751]},"properties":{"substrate":"Mud","lease_number":null,"poll_year":2025}},{"type":"Feature","id":"ace4a9ee-56c0-4e40-8189-63f5b2fe85bd","geometry":{"type":"Point","coordinates":[-94.80118057940015,29.554362938360335]},"properties":{"substrate":"Mud","lease_number":null,"poll_year":2025}},{"type":"Feature","id":"adc50b90-ba66-4c34-ab55-758a77c4b42d","geometry":{"type":"Point","coordinates":[-94.80213226179868,29.558406416939192]},"properties":{"substrate":"Mud","lease_number":null,"poll_year":2025}},{"type":"Feature","id":"ae00d984-bae3-4bd3-b307-fe62f3c394e6","geometry":{"type":"Point","coordinates":[-94.80246455041889,29.55801675733277]},"properties":{"substrate":"Mud","lease_number":null,"poll_year":2025}},{"type":"Feature","id":"ae36e8f7-f8c8-4582-8024-6f61cb337cf5","geometry":{"type":"Point","coordinates":[-94.8007599809976,29.554846338381843]},"properties":{"substrate":"Mud","lease_number":null,"poll_year":2025}},{"type":"Feature","id":"ae5162b6-3c99-4dcc-8deb-59aa3ef21089","geometry":{"type":"Point","coordinates":[-94.79935332526387,29.554554760631483]},"properties":{"substrate":"Mud","lease_number":null,"poll_year":2025}},{"type":"Feature","id":"ae571e9b-588c-45a4-be4c-e39550f7a842","geometry":{"type":"Point","coordinates":[-94.80004312989246,29.554425689816437]},"properties":{"substrate":"Mud","lease_number":null,"poll_year":2025}},{"type":"Feature","id":"ae6dd91a-06a1-4e7c-b1c1-bd611352311b","geometry":{"type":"Point","coordinates":[-94.80199787293384,29.555492485175275]},"properties":{"substrate":"Mud","lease_number":null,"poll_year":2025}},{"type":"Feature","id":"ae77c1c6-c613-47e5-9f34-ccc10f92a76b","geometry":{"type":"Point","coordinates":[-94.80562644504751,29.557126113663028]},"properties":{"substrate":"Mud","lease_number":null,"poll_year":2025}},{"type":"Feature","id":"ae88c642-dd5d-43e7-8148-050295cfdcf2","geometry":{"type":"Point","coordinates":[-94.80828865898586,29.554685180031985]},"properties":{"substrate":"Mud","lease_number":null,"poll_year":2025}},{"type":"Feature","id":"aea072e6-5c9a-45e0-8939-ff6342f2a77c","geometry":{"type":"Point","coordinates":[-94.80401774383333,29.555721522935773]},"properties":{"substrate":"Mud","lease_number":null,"poll_year":2025}},{"type":"Feature","id":"af01dd6c-f9f6-4f1f-9787-7f59f859b9d8","geometry":{"type":"Point","coordinates":[-94.79851143495937,29.554603396183456]},"properties":{"substrate":"Mud","lease_number":null,"poll_year":2025}},{"type":"Feature","id":"af15a399-9ba9-4024-bda3-2c086df6beb6","geometry":{"type":"Point","coordinates":[-94.80231522616415,29.5580109960298]},"properties":{"substrate":"Mud","lease_number":null,"poll_year":2025}},{"type":"Feature","id":"af253c2c-3753-43f7-ac6e-09f738827ad2","geometry":{"type":"Point","coordinates":[-94.80729777590497,29.5550506172683]},"properties":{"substrate":"Mud","lease_number":null,"poll_year":2025}},{"type":"Feature","id":"af2d1fb7-9cdf-494b-a986-0d2e8b40dda8","geometry":{"type":"Point","coordinates":[-94.80151640558596,29.557073362061367]},"properties":{"substrate":"Mud","lease_number":null,"poll_year":2025}},{"type":"Feature","id":"afa6836d-70bc-4428-beb6-afd96f29f37e","geometry":{"type":"Point","coordinates":[-94.80079306864445,29.554615281761997]},"properties":{"substrate":"Mud","lease_number":null,"poll_year":2025}},{"type":"Feature","id":"afd67de6-fbd8-40cd-a88b-3ef4dd3aaf1a","geometry":{"type":"Point","coordinates":[-94.80495575656816,29.5564682646506]},"properties":{"substrate":"Mud","lease_number":null,"poll_year":2025}},{"type":"Feature","id":"b09a3930-a880-44a5-ba9c-cb2816980fe7","geometry":{"type":"Point","coordinates":[-94.80340257034025,29.55836658025091]},"properties":{"substrate":"Mud","lease_number":null,"poll_year":2025}},{"type":"Feature","id":"b0b52c9d-5fc5-4878-93ae-46e5a0ed6db5","geometry":{"type":"Point","coordinates":[-94.8057695844015,29.554609815646312]},"properties":{"substrate":"Mud","lease_number":null,"poll_year":2025}},{"type":"Feature","id":"b0f06b8b-b08e-4613-b36b-366653bbe1c8","geometry":{"type":"Point","coordinates":[-94.80547114789445,29.556700150022277]},"properties":{"substrate":"Mud","lease_number":null,"poll_year":2025}},{"type":"Feature","id":"b110819d-ef2c-4d13-bffd-f11b2e06321d","geometry":{"type":"Point","coordinates":[-94.80307491523025,29.559177506663953]},"properties":{"substrate":"Mud","lease_number":null,"poll_year":2025}},{"type":"Feature","id":"b14fad5c-5905-401c-aedf-47dae1b49498","geometry":{"type":"Point","coordinates":[-94.8034271581279,29.556624998121922]},"properties":{"substrate":"Mud","lease_number":null,"poll_year":2025}},{"type":"Feature","id":"b177a585-7308-4b63-9203-2186684bb050","geometry":{"type":"Point","coordinates":[-94.80235218195664,29.55749031682088]},"properties":{"substrate":"Mud","lease_number":null,"poll_year":2025}},{"type":"Feature","id":"b21d0ec4-35cc-4537-ba32-69bc3ce300c9","geometry":{"type":"Point","coordinates":[-94.80863384022705,29.554422415610947]},"properties":{"substrate":"Mud","lease_number":null,"poll_year":2025}},{"type":"Feature","id":"b228c9dc-829e-400e-a104-d56e9ba4dd0e","geometry":{"type":"Point","coordinates":[-94.80429207135481,29.558133256231027]},"properties":{"substrate":"Mud","lease_number":null,"poll_year":2025}},{"type":"Feature","id":"b245f70e-9a32-405b-a1c6-1bf5886bb555","geometry":{"type":"Point","coordinates":[-94.80089266396169,29.555518779342638]},"properties":{"substrate":"Mud","lease_number":null,"poll_year":2025}},{"type":"Feature","id":"b2714b75-45f2-4f58-8a15-592a67c8276c","geometry":{"type":"Point","coordinates":[-94.8030567863295,29.558236665700676]},"properties":{"substrate":"Mud","lease_number":null,"poll_year":2025}},{"type":"Feature","id":"b2f07222-1e49-4fb2-a515-8e171aaa1a49","geometry":{"type":"Point","coordinates":[-94.80655845613794,29.556126268896726]},"properties":{"substrate":"Mud","lease_number":null,"poll_year":2025}},{"type":"Feature","id":"b2ff66eb-0f07-495f-a1d4-1047415a8e88","geometry":{"type":"Point","coordinates":[-94.80192539236516,29.55748924707115]},"properties":{"substrate":"Mud","lease_number":null,"poll_year":2025}},{"type":"Feature","id":"b30eb399-efd7-43d5-8b05-8ada00407044","geometry":{"type":"Point","coordinates":[-94.80370717198511,29.558453719909355]},"properties":{"substrate":"Mud","lease_number":null,"poll_year":2025}},{"type":"Feature","id":"b346b677-0031-49b3-b13b-e105d0057536","geometry":{"type":"Point","coordinates":[-94.8074241949166,29.555444672110713]},"properties":{"substrate":"Mud","lease_number":null,"poll_year":2025}},{"type":"Feature","id":"b3b02230-5435-4bee-b6d8-754e33af2591","geometry":{"type":"Point","coordinates":[-94.80320533443985,29.557225593663077]},"properties":{"substrate":"Mud","lease_number":null,"poll_year":2025}},{"type":"Feature","id":"b4705e7d-0afe-4faf-a2f5-c746e219bde1","geometry":{"type":"Point","coordinates":[-94.80484139923587,29.557869259903264]},"properties":{"substrate":"Mud","lease_number":null,"poll_year":2025}},{"type":"Feature","id":"b477e963-a7ac-4e75-bb00-378f6cbd9964","geometry":{"type":"Point","coordinates":[-94.80451546170471,29.55601567835274]},"properties":{"substrate":"Mud","lease_number":null,"poll_year":2025}},{"type":"Feature","id":"b537dc36-bcc6-4fd6-84ed-d2d4a056ae8c","geometry":{"type":"Point","coordinates":[-94.80160296185684,29.55450165291689]},"properties":{"substrate":"Mud","lease_number":null,"poll_year":2025}},{"type":"Feature","id":"b54515a5-5ade-4ffd-ae89-9beda63fd137","geometry":{"type":"Point","coordinates":[-94.80528958669744,29.55714287573888]},"properties":{"substrate":"Mud","lease_number":null,"poll_year":2025}},{"type":"Feature","id":"b5828822-76f7-4182-bb84-7ddab41c0a50","geometry":{"type":"Point","coordinates":[-94.80659529784437,29.55521693636178]},"properties":{"substrate":"Mud","lease_number":null,"poll_year":2025}},{"type":"Feature","id":"b5ec1028-06ff-4944-b47d-27ac8592f241","geometry":{"type":"Point","coordinates":[-94.80516734844515,29.554625011369026]},"properties":{"substrate":"Mud","lease_number":null,"poll_year":2025}},{"type":"Feature","id":"b5f9763f-0d31-4dfc-9a7a-d7657b21d122","geometry":{"type":"Point","coordinates":[-94.8032284013797,29.55820200574758]},"properties":{"substrate":"Mud","lease_number":null,"poll_year":2025}},{"type":"Feature","id":"b610af8a-ed37-4349-a7d6-d9cda1e2f104","geometry":{"type":"Point","coordinates":[-94.80504293357492,29.55539165238357]},"properties":{"substrate":"Mud","lease_number":null,"poll_year":2025}},{"type":"Feature","id":"b7a508cf-2775-4251-815d-87b72581b9fd","geometry":{"type":"Point","coordinates":[-94.7992087180627,29.55441789267488]},"properties":{"substrate":"Mud","lease_number":null,"poll_year":2025}},{"type":"Feature","id":"b7e8966b-e89e-4762-88bc-5ac0678bc2b0","geometry":{"type":"Point","coordinates":[-94.8043022860979,29.55788950614743]},"properties":{"substrate":"Mud","lease_number":null,"poll_year":2025}},{"type":"Feature","id":"b8338ce3-2472-4479-aa70-0f06424b7989","geometry":{"type":"Point","coordinates":[-94.80544832170308,29.55603146461817]},"properties":{"substrate":"Mud","lease_number":null,"poll_year":2025}},{"type":"Feature","id":"b83dd056-9e38-410e-b58b-66a0dfee553f","geometry":{"type":"Point","coordinates":[-94.8039149217676,29.557109962648962]},"properties":{"substrate":"Mud","lease_number":null,"poll_year":2025}},{"type":"Feature","id":"b90932e1-ddc4-4930-a8e9-636d7c24dce8","geometry":{"type":"Point","coordinates":[-94.80453293573362,29.554353814339308]},"properties":{"substrate":"Mud","lease_number":null,"poll_year":2025}},{"type":"Feature","id":"b91bacc4-745e-46c9-ac64-bdefc63d6211","geometry":{"type":"Point","coordinates":[-94.80255755300026,29.558263645226216]},"properties":{"substrate":"Mud","lease_number":null,"poll_year":2025}},{"type":"Feature","id":"b93b57c7-cc5a-42f2-a489-59ec878883f2","geometry":{"type":"Point","coordinates":[-94.7992112099893,29.55472551828764]},"properties":{"substrate":"Mud","lease_number":null,"poll_year":2025}},{"type":"Feature","id":"b9768906-2786-4175-898b-19ad70f99188","geometry":{"type":"Point","coordinates":[-94.80113014708178,29.555214741332865]},"properties":{"substrate":"Mud","lease_number":null,"poll_year":2025}},{"type":"Feature","id":"b97ea7ec-8d9b-472d-ae5d-7b9af0d50af2","geometry":{"type":"Point","coordinates":[-94.80520927731104,29.557775144898738]},"properties":{"substrate":"Mud","lease_number":null,"poll_year":2025}},{"type":"Feature","id":"ba7b9429-b04f-482b-b4f5-954ca932ad5f","geometry":{"type":"Point","coordinates":[-94.807420939422,29.555838455825686]},"properties":{"substrate":"Mud","lease_number":null,"poll_year":2025}},{"type":"Feature","id":"bb6c42de-ab9a-466b-a732-ebc28a30cb43","geometry":{"type":"Point","coordinates":[-94.80439979642536,29.558011340629662]},"properties":{"substrate":"Mud","lease_number":null,"poll_year":2025}},{"type":"Feature","id":"bbb4f9f1-4cbe-49d6-ac8b-9ce88c5789fd","geometry":{"type":"Point","coordinates":[-94.80052624385223,29.55630359406623]},"properties":{"substrate":"Mud","lease_number":null,"poll_year":2025}},{"type":"Feature","id":"bbd81085-7982-4359-b0ca-493a5c910caf","geometry":{"type":"Point","coordinates":[-94.80183354142397,29.55700437579]},"properties":{"substrate":"Mud","lease_number":null,"poll_year":2025}},{"type":"Feature","id":"bc007e91-e0c3-4934-ad42-b7a7ddeb8fe2","geometry":{"type":"Point","coordinates":[-94.80690016898382,29.554947532738037]},"properties":{"substrate":"Mud","lease_number":null,"poll_year":2025}},{"type":"Feature","id":"bca8fd05-9d37-46e5-85ec-1f760a3dec54","geometry":{"type":"Point","coordinates":[-94.80484701011315,29.55655525435152]},"properties":{"substrate":"Mud","lease_number":null,"poll_year":2025}},{"type":"Feature","id":"bcf4dc7d-6248-43d4-bc90-6005c8196eb9","geometry":{"type":"Point","coordinates":[-94.80336614185885,29.558674532187844]},"properties":{"substrate":"Mud","lease_number":null,"poll_year":2025}},{"type":"Feature","id":"bd6715ea-4ec0-44c3-876e-d42c4059b6d5","geometry":{"type":"Point","coordinates":[-94.80479748509322,29.557465571139357]},"properties":{"substrate":"Mud","lease_number":null,"poll_year":2025}},{"type":"Feature","id":"bd87f190-f026-4165-8801-8b456d4ed9bd","geometry":{"type":"Point","coordinates":[-94.80074169399336,29.55596131878748]},"properties":{"substrate":"Mud","lease_number":null,"poll_year":2025}},{"type":"Feature","id":"be6cc04b-48bc-4ab7-a5f6-ca3b951453a7","geometry":{"type":"Point","coordinates":[-94.80279111317748,29.557183503698568]},"properties":{"substrate":"Mud","lease_number":null,"poll_year":2025}},{"type":"Feature","id":"bef14789-3ac6-403a-b3c1-a9e42fbaee62","geometry":{"type":"Point","coordinates":[-94.80309461618275,29.554832188245943]},"properties":{"substrate":"Mud","lease_number":null,"poll_year":2025}},{"type":"Feature","id":"bf1d62a1-c85c-457e-ba2a-5e358f872e8f","geometry":{"type":"Point","coordinates":[-94.80295543839914,29.5581055991927]},"properties":{"substrate":"Mud","lease_number":null,"poll_year":2025}},{"type":"Feature","id":"bf7d7ae4-badd-41dd-9817-5172b2c033e0","geometry":{"type":"Point","coordinates":[-94.80299273824637,29.55587234532604]},"properties":{"substrate":"Mud","lease_number":null,"poll_year":2025}},{"type":"Feature","id":"bfeb008e-d4c2-4625-aaef-e00f50fefbc1","geometry":{"type":"Point","coordinates":[-94.8061662930074,29.555941729332467]},"properties":{"substrate":"Mud","lease_number":null,"poll_year":2025}},{"type":"Feature","id":"c0400e81-4dea-44bf-8245-1210e955fe1f","geometry":{"type":"Point","coordinates":[-94.80557241138317,29.55616940015282]},"properties":{"substrate":"Mud","lease_number":null,"poll_year":2025}},{"type":"Feature","id":"c05b1596-0b07-4d4a-9597-810ab27d5f0f","geometry":{"type":"Point","coordinates":[-94.80484129592962,29.555991716856905]},"properties":{"substrate":"Mud","lease_number":null,"poll_year":2025}},{"type":"Feature","id":"c0bddf0b-1413-4402-9d2e-c821a819c06e","geometry":{"type":"Point","coordinates":[-94.80299590840103,29.558795692938403]},"properties":{"substrate":"Mud","lease_number":null,"poll_year":2025}},{"type":"Feature","id":"c0ec311c-7133-48be-a53d-e373212f99eb","geometry":{"type":"Point","coordinates":[-94.80091146839554,29.5558664987258]},"properties":{"substrate":"Mud","lease_number":null,"poll_year":2025}},{"type":"Feature","id":"c0f61b4f-20e8-4a01-b60c-c7ce16290253","geometry":{"type":"Point","coordinates":[-94.80387915264961,29.555591587011623]},"properties":{"substrate":"Mud","lease_number":null,"poll_year":2025}},{"type":"Feature","id":"c201dc8c-9e75-4453-a782-785fc25a76c7","geometry":{"type":"Point","coordinates":[-94.80921581827543,29.55444393862613]},"properties":{"substrate":"Mud","lease_number":null,"poll_year":2025}},{"type":"Feature","id":"c27fe7a0-872d-4ce5-abaf-ac5fe1d0d261","geometry":{"type":"Point","coordinates":[-94.80257177602616,29.558654686959464]},"properties":{"substrate":"Mud","lease_number":null,"poll_year":2025}},{"type":"Feature","id":"c2d0a0da-719d-44f8-a763-4d490f48f01f","geometry":{"type":"Point","coordinates":[-94.80550029912374,29.554349096823167]},"properties":{"substrate":"Mud","lease_number":null,"poll_year":2025}},{"type":"Feature","id":"c3127273-988d-400a-8bac-87f119f328c1","geometry":{"type":"Point","coordinates":[-94.79964806969511,29.5562119953368]},"properties":{"substrate":"Mud","lease_number":null,"poll_year":2025}},{"type":"Feature","id":"c376ca24-8b61-4df0-80a4-13b8076764d9","geometry":{"type":"Point","coordinates":[-94.80201731786649,29.554914934630435]},"properties":{"substrate":"Mud","lease_number":null,"poll_year":2025}},{"type":"Feature","id":"c39a84e0-70a8-4969-995c-a723da818315","geometry":{"type":"Point","coordinates":[-94.80237210928458,29.556436693816604]},"properties":{"substrate":"Mud","lease_number":null,"poll_year":2025}},{"type":"Feature","id":"c3d848c7-d8ec-4825-99f3-c4b8027baf4f","geometry":{"type":"Point","coordinates":[-94.79948045843614,29.55468758371455]},"properties":{"substrate":"Mud","lease_number":null,"poll_year":2025}},{"type":"Feature","id":"c497a827-5e35-44fb-ba92-344bbe1d808c","geometry":{"type":"Point","coordinates":[-94.80238756390072,29.556794610632195]},"properties":{"substrate":"Mud","lease_number":null,"poll_year":2025}},{"type":"Feature","id":"c5cd9e86-b761-47bc-b9d1-82551c268bbc","geometry":{"type":"Point","coordinates":[-94.80220427614174,29.557190819276975]},"properties":{"substrate":"Mud","lease_number":null,"poll_year":2025}},{"type":"Feature","id":"c5ff5bf5-2908-49a7-b758-434d36d8a59c","geometry":{"type":"Point","coordinates":[-94.80367486407592,29.554859707867266]},"properties":{"substrate":"Mud","lease_number":null,"poll_year":2025}},{"type":"Feature","id":"c627f28c-7130-488f-964e-5961883f6ca4","geometry":{"type":"Point","coordinates":[-94.8042258915695,29.554584290171587]},"properties":{"substrate":"Mud","lease_number":null,"poll_year":2025}},{"type":"Feature","id":"c6865bd7-a22d-48eb-911a-2aa0ac5b4064","geometry":{"type":"Point","coordinates":[-94.80631290884155,29.555170146055495]},"properties":{"substrate":"Mud","lease_number":null,"poll_year":2025}},{"type":"Feature","id":"c69396ae-2d67-440e-8349-59a33de8298b","geometry":{"type":"Point","coordinates":[-94.80334320697133,29.557364662957042]},"properties":{"substrate":"Mud","lease_number":null,"poll_year":2025}},{"type":"Feature","id":"c6ba6a07-1ede-44bf-b0c4-d626d70c7c65","geometry":{"type":"Point","coordinates":[-94.79825891943132,29.554381746687884]},"properties":{"substrate":"Mud","lease_number":null,"poll_year":2025}},{"type":"Feature","id":"c7867234-75ff-44e0-8e76-c450680b9e1a","geometry":{"type":"Point","coordinates":[-94.80403166502529,29.556312116218812]},"properties":{"substrate":"Mud","lease_number":null,"poll_year":2025}},{"type":"Feature","id":"c78cf02b-9f24-4d1e-8239-fce279f41aea","geometry":{"type":"Point","coordinates":[-94.80288751588222,29.558987228616232]},"properties":{"substrate":"Mud","lease_number":null,"poll_year":2025}},{"type":"Feature","id":"c81f0983-cfe0-4024-85a1-1d789fec9ca6","geometry":{"type":"Point","coordinates":[-94.80486163109269,29.555778748107493]},"properties":{"substrate":"Mud","lease_number":null,"poll_year":2025}},{"type":"Feature","id":"c874892e-ff92-43d9-bff6-6746743c9e98","geometry":{"type":"Point","coordinates":[-94.80347497365383,29.559143794867925]},"properties":{"substrate":"Mud","lease_number":null,"poll_year":2025}},{"type":"Feature","id":"c8b103dd-1060-40a1-8956-9556ea0de9a1","geometry":{"type":"Point","coordinates":[-94.80302145289444,29.557047988803067]},"properties":{"substrate":"Mud","lease_number":null,"poll_year":2025}},{"type":"Feature","id":"c8b1c774-dd35-4d75-ac09-7ddbea603d23","geometry":{"type":"Point","coordinates":[-94.80137981495038,29.556931980944164]},"properties":{"substrate":"Mud","lease_number":null,"poll_year":2025}},{"type":"Feature","id":"c90b5d55-3aa4-4b9a-935a-1c17e95f9c81","geometry":{"type":"Point","coordinates":[-94.80620743494909,29.556571564081846]},"properties":{"substrate":"Mud","lease_number":null,"poll_year":2025}},{"type":"Feature","id":"c94231a5-2064-49b2-a90d-45c883a035f6","geometry":{"type":"Point","coordinates":[-94.80317382692957,29.558393563648778]},"properties":{"substrate":"Mud","lease_number":null,"poll_year":2025}},{"type":"Feature","id":"c96028b7-25d3-4049-bd7b-432508a1b352","geometry":{"type":"Point","coordinates":[-94.80241281644167,29.55871724118147]},"properties":{"substrate":"Mud","lease_number":null,"poll_year":2025}},{"type":"Feature","id":"ca4e73cf-e0df-46f0-8ba3-9c2e846f938b","geometry":{"type":"Point","coordinates":[-94.79732659393055,29.554421162973345]},"properties":{"substrate":"Buried Shell","lease_number":null,"poll_year":2025}},{"type":"Feature","id":"cac4ebe5-3eab-4e43-a4e5-d276ef54d76f","geometry":{"type":"Point","coordinates":[-94.80133984710676,29.55597024574522]},"properties":{"substrate":"Mud","lease_number":null,"poll_year":2025}},{"type":"Feature","id":"cb149696-4109-49db-8b6a-ae76ba0b0e4c","geometry":{"type":"Point","coordinates":[-94.80060832381807,29.555254105719214]},"properties":{"substrate":"Mud","lease_number":null,"poll_year":2025}},{"type":"Feature","id":"cb1fabd6-97a8-42e4-9142-21755f6244a9","geometry":{"type":"Point","coordinates":[-94.80218979260441,29.5560456177118]},"properties":{"substrate":"Mud","lease_number":null,"poll_year":2025}},{"type":"Feature","id":"cb733279-2656-43c2-b088-7965d65d3c9a","geometry":{"type":"Point","coordinates":[-94.80260516999853,29.557204321292236]},"properties":{"substrate":"Mud","lease_number":null,"poll_year":2025}},{"type":"Feature","id":"cb8e73c2-0fab-44cb-9407-330cd2b6f2aa","geometry":{"type":"Point","coordinates":[-94.80263169096065,29.554376256335107]},"properties":{"substrate":"Mud","lease_number":null,"poll_year":2025}},{"type":"Feature","id":"cd22b3cb-753c-43ac-be93-20c7a1a2713b","geometry":{"type":"Point","coordinates":[-94.80302748508157,29.557638082826692]},"properties":{"substrate":"Mud","lease_number":null,"poll_year":2025}},{"type":"Feature","id":"cd701fc9-5047-47c0-bd7b-3b73b6229c57","geometry":{"type":"Point","coordinates":[-94.80248736044058,29.555969883165695]},"properties":{"substrate":"Mud","lease_number":null,"poll_year":2025}},{"type":"Feature","id":"cdc7a13c-6984-43b9-94e5-6359ab4e2004","geometry":{"type":"Point","coordinates":[-94.80784873332996,29.55441142631378]},"properties":{"substrate":"Mud","lease_number":null,"poll_year":2025}},{"type":"Feature","id":"ce17b404-d8bd-4229-ac62-67f09bef751d","geometry":{"type":"Point","coordinates":[-94.80472235808769,29.555307391984986]},"properties":{"substrate":"Mud","lease_number":null,"poll_year":2025}},{"type":"Feature","id":"ce209451-99aa-4840-940c-1039ce4be51b","geometry":{"type":"Point","coordinates":[-94.8039531307099,29.558356179779103]},"properties":{"substrate":"Mud","lease_number":null,"poll_year":2025}},{"type":"Feature","id":"ce7d8557-fd97-4cf0-a185-c53c5aa1ae9a","geometry":{"type":"Point","coordinates":[-94.80314386631821,29.556344177822556]},"properties":{"substrate":"Mud","lease_number":null,"poll_year":2025}},{"type":"Feature","id":"ceb379d7-68ac-4c41-8c23-c2837b20d9b6","geometry":{"type":"Point","coordinates":[-94.79988366725142,29.555985871826437]},"properties":{"substrate":"Mud","lease_number":null,"poll_year":2025}},{"type":"Feature","id":"cf05f7fe-ae92-4603-a1a4-d436fe923684","geometry":{"type":"Point","coordinates":[-94.80255228617774,29.558885059994743]},"properties":{"substrate":"Mud","lease_number":null,"poll_year":2025}},{"type":"Feature","id":"d00a481a-4ef2-4f7e-9b0b-8acdac8eb4bc","geometry":{"type":"Point","coordinates":[-94.80525356964442,29.55731433385389]},"properties":{"substrate":"Mud","lease_number":null,"poll_year":2025}},{"type":"Feature","id":"d059ab39-f7a3-44d5-8cc4-55f910291bc3","geometry":{"type":"Point","coordinates":[-94.79915855793385,29.55493796179217]},"properties":{"substrate":"Mud","lease_number":null,"poll_year":2025}},{"type":"Feature","id":"d08f7f09-735c-4850-a8a7-516fe76f8bf3","geometry":{"type":"Point","coordinates":[-94.80089089697553,29.55439609771523]},"properties":{"substrate":"Mud","lease_number":null,"poll_year":2025}},{"type":"Feature","id":"d0cdb4b1-21da-4a31-af68-5aa1d8318dee","geometry":{"type":"Point","coordinates":[-94.8038119550731,29.557881153693142]},"properties":{"substrate":"Mud","lease_number":null,"poll_year":2025}},{"type":"Feature","id":"d1103287-e3e6-46c7-8f05-39e584449cc2","geometry":{"type":"Point","coordinates":[-94.80343323523078,29.557830296616146]},"properties":{"substrate":"Mud","lease_number":null,"poll_year":2025}},{"type":"Feature","id":"d1d2be6b-bcfb-4415-837e-b22a4103b89d","geometry":{"type":"Point","coordinates":[-94.80405406361858,29.557258666904687]},"properties":{"substrate":"Mud","lease_number":null,"poll_year":2025}},{"type":"Feature","id":"d265bb7d-81bc-4337-a47e-bffd1f06d3d3","geometry":{"type":"Point","coordinates":[-94.8050519778132,29.55793849094563]},"properties":{"substrate":"Mud","lease_number":null,"poll_year":2025}},{"type":"Feature","id":"d26fedb3-6770-43d0-8946-5f8cec8fd6f1","geometry":{"type":"Point","coordinates":[-94.80312778108473,29.556976447292087]},"properties":{"substrate":"Mud","lease_number":null,"poll_year":2025}},{"type":"Feature","id":"d27421c9-4446-483e-a9b7-e2f5ecd586b3","geometry":{"type":"Point","coordinates":[-94.79709985016969,29.554384380119114]},"properties":{"substrate":"Buried Shell","lease_number":null,"poll_year":2025}},{"type":"Feature","id":"d3138ce9-0f28-4c0a-b98f-d6e89f9c0072","geometry":{"type":"Point","coordinates":[-94.80368901793153,29.55773712473434]},"properties":{"substrate":"Mud","lease_number":null,"poll_year":2025}},{"type":"Feature","id":"d424d07f-933a-4360-aa62-5825f558470d","geometry":{"type":"Point","coordinates":[-94.80363168924673,29.556326910817805]},"properties":{"substrate":"Mud","lease_number":null,"poll_year":2025}},{"type":"Feature","id":"d42fc4ec-9efd-4ad0-b936-bdc2d9c9fee0","geometry":{"type":"Point","coordinates":[-94.80443493043444,29.55535793463572]},"properties":{"substrate":"Mud","lease_number":null,"poll_year":2025}},{"type":"Feature","id":"d4c90b6e-516e-4976-a07a-1ab938e44175","geometry":{"type":"Point","coordinates":[-94.80458585458871,29.55665594298284]},"properties":{"substrate":"Mud","lease_number":null,"poll_year":2025}},{"type":"Feature","id":"d534a92f-a2b0-43a8-8804-e3621e7b1c5c","geometry":{"type":"Point","coordinates":[-94.80642658075926,29.554474771628705]},"properties":{"substrate":"Mud","lease_number":null,"poll_year":2025}},{"type":"Feature","id":"d54533f4-bc53-4bc5-8282-e3ba09b73c4e","geometry":{"type":"Point","coordinates":[-94.8084028842658,29.554427935655646]},"properties":{"substrate":"Mud","lease_number":null,"poll_year":2025}},{"type":"Feature","id":"d54cdbc1-80b7-4a6d-84a8-d90139f18e34","geometry":{"type":"Point","coordinates":[-94.7990108362736,29.555658806667076]},"properties":{"substrate":"Mud","lease_number":null,"poll_year":2025}},{"type":"Feature","id":"d5abb19b-b812-4d3c-8222-3cbdb043b825","geometry":{"type":"Point","coordinates":[-94.8034222623096,29.5555058147225]},"properties":{"substrate":"Mud","lease_number":null,"poll_year":2025}},{"type":"Feature","id":"d79a52ad-1ef3-4595-a628-753dc0a8482d","geometry":{"type":"Point","coordinates":[-94.80345762269413,29.556312882009156]},"properties":{"substrate":"Mud","lease_number":null,"poll_year":2025}},{"type":"Feature","id":"d7f245db-3725-421d-8ebf-580ce3f93116","geometry":{"type":"Point","coordinates":[-94.80409502679554,29.554460309649016]},"properties":{"substrate":"Mud","lease_number":null,"poll_year":2025}},{"type":"Feature","id":"d8a17f6a-9a4b-4a6c-a1cc-24f99044ef73","geometry":{"type":"Point","coordinates":[-94.80394482578508,29.554541261387886]},"properties":{"substrate":"Mud","lease_number":null,"poll_year":2025}},{"type":"Feature","id":"d8b21dd1-06dd-4e59-9b10-e0367c86bbd4","geometry":{"type":"Point","coordinates":[-94.80219044837456,29.55828824068283]},"properties":{"substrate":"Mud","lease_number":null,"poll_year":2025}},{"type":"Feature","id":"d92bf4bb-33a5-4ff0-91e6-0e4e2f5c5ee0","geometry":{"type":"Point","coordinates":[-94.80479244644279,29.556309514875995]},"properties":{"substrate":"Mud","lease_number":null,"poll_year":2025}},{"type":"Feature","id":"d952b591-e252-4dc4-92f2-7330f26ed927","geometry":{"type":"Point","coordinates":[-94.80701438078903,29.554745135328528]},"properties":{"substrate":"Mud","lease_number":null,"poll_year":2025}},{"type":"Feature","id":"da28f6ea-94e1-4272-9f71-575ab6a88baa","geometry":{"type":"Point","coordinates":[-94.8046527997386,29.556162219686097]},"properties":{"substrate":"Mud","lease_number":null,"poll_year":2025}},{"type":"Feature","id":"da536712-308f-4fba-8a3f-f9dc342a76c5","geometry":{"type":"Point","coordinates":[-94.80211258240574,29.556187687718598]},"properties":{"substrate":"Mud","lease_number":null,"poll_year":2025}},{"type":"Feature","id":"da555001-a1c0-4189-a910-696049483ef3","geometry":{"type":"Point","coordinates":[-94.80220813440586,29.55682308695206]},"properties":{"substrate":"Mud","lease_number":null,"poll_year":2025}},{"type":"Feature","id":"dadcb491-906b-43ab-9a86-ec74dec8baf7","geometry":{"type":"Point","coordinates":[-94.80149341140962,29.55645366464537]},"properties":{"substrate":"Mud","lease_number":null,"poll_year":2025}},{"type":"Feature","id":"db8df73d-c562-494d-8d09-a452077abafe","geometry":{"type":"Point","coordinates":[-94.80167527893215,29.55723679910516]},"properties":{"substrate":"Mud","lease_number":null,"poll_year":2025}},{"type":"Feature","id":"dbc0c56f-48c5-4214-a2c3-f35032a0caf1","geometry":{"type":"Point","coordinates":[-94.8005074043841,29.55458881622593]},"properties":{"substrate":"Mud","lease_number":null,"poll_year":2025}},{"type":"Feature","id":"dc1917b9-5d27-412f-b309-6c374a329ae7","geometry":{"type":"Point","coordinates":[-94.80161406413544,29.556244314840654]},"properties":{"substrate":"Mud","lease_number":null,"poll_year":2025}},{"type":"Feature","id":"dc479fbe-e2a6-4e04-8e88-22faedac1598","geometry":{"type":"Point","coordinates":[-94.80119114268956,29.556931251103574]},"properties":{"substrate":"Mud","lease_number":null,"poll_year":2025}},{"type":"Feature","id":"dc5e1e15-f9b1-4a44-86e1-b4a56416cea8","geometry":{"type":"Point","coordinates":[-94.80671049060989,29.554404992772458]},"properties":{"substrate":"Mud","lease_number":null,"poll_year":2025}},{"type":"Feature","id":"dc5f796e-83f6-420a-9989-6e0df18485b6","geometry":{"type":"Point","coordinates":[-94.80479511893076,29.5580875893728]},"properties":{"substrate":"Mud","lease_number":null,"poll_year":2025}},{"type":"Feature","id":"dca18f3a-61ad-4bee-80df-99af07dd0abb","geometry":{"type":"Point","coordinates":[-94.80522891897473,29.55674488527912]},"properties":{"substrate":"Mud","lease_number":null,"poll_year":2025}},{"type":"Feature","id":"dd978ff0-3df2-4862-99b1-850cc9502b0f","geometry":{"type":"Point","coordinates":[-94.80542742688958,29.55463286632052]},"properties":{"substrate":"Mud","lease_number":null,"poll_year":2025}},{"type":"Feature","id":"dda3d8ff-0bba-4fcb-a095-1d35069443ed","geometry":{"type":"Point","coordinates":[-94.80500147003634,29.5576557207763]},"properties":{"substrate":"Mud","lease_number":null,"poll_year":2025}},{"type":"Feature","id":"df2e60ee-4567-40c0-834f-6f932e5517f5","geometry":{"type":"Point","coordinates":[-94.80077540866428,29.557184170243]},"properties":{"substrate":"Mud","lease_number":null,"poll_year":2025}},{"type":"Feature","id":"df35ebed-7898-4275-bd37-593ac082c5cd","geometry":{"type":"Point","coordinates":[-94.80005946575588,29.554698479991362]},"properties":{"substrate":"Mud","lease_number":null,"poll_year":2025}},{"type":"Feature","id":"df3b4ad6-c84b-4370-85fd-3af2ebf7bf31","geometry":{"type":"Point","coordinates":[-94.80507915634213,29.5550856596394]},"properties":{"substrate":"Mud","lease_number":null,"poll_year":2025}},{"type":"Feature","id":"df5b4eb7-5163-48b5-a899-feb049fb26c1","geometry":{"type":"Point","coordinates":[-94.80473304983619,29.555088419643706]},"properties":{"substrate":"Mud","lease_number":null,"poll_year":2025}},{"type":"Feature","id":"dfd7cdc0-c016-40d8-b0b9-c1ee8b9d1bcc","geometry":{"type":"Point","coordinates":[-94.80836283916707,29.555330465161404]},"properties":{"substrate":"Mud","lease_number":null,"poll_year":2025}},{"type":"Feature","id":"dfdca1e2-b2db-4a82-9d5a-102e00f2d8fc","geometry":{"type":"Point","coordinates":[-94.80834042260747,29.555042474002093]},"properties":{"substrate":"Mud","lease_number":null,"poll_year":2025}},{"type":"Feature","id":"e00b8f85-5931-4093-a478-1adbc3bbe4e6","geometry":{"type":"Point","coordinates":[-94.80297215874154,29.555059706062107]},"properties":{"substrate":"Mud","lease_number":null,"poll_year":2025}},{"type":"Feature","id":"e10b8e9c-7e40-4f95-ae8f-b95d04112f49","geometry":{"type":"Point","coordinates":[-94.79880109312947,29.5548897882262]},"properties":{"substrate":"Mud","lease_number":null,"poll_year":2025}},{"type":"Feature","id":"e1834f7d-ad73-4337-b13d-f0a6f70f7406","geometry":{"type":"Point","coordinates":[-94.80692310566795,29.55527829869222]},"properties":{"substrate":"Mud","lease_number":null,"poll_year":2025}},{"type":"Feature","id":"e1f460af-a203-472f-94bb-ebcc009a3687","geometry":{"type":"Point","coordinates":[-94.80744548229389,29.55436902338488]},"properties":{"substrate":"Mud","lease_number":null,"poll_year":2025}},{"type":"Feature","id":"e28381d9-c111-42ac-b8d3-7fbba21a89da","geometry":{"type":"Point","coordinates":[-94.80266472381028,29.557067959373118]},"properties":{"substrate":"Mud","lease_number":null,"poll_year":2025}},{"type":"Feature","id":"e3268f2f-d88a-4973-bc89-e8920718c019","geometry":{"type":"Point","coordinates":[-94.79952459356436,29.55564111132489]},"properties":{"substrate":"Mud","lease_number":null,"poll_year":2025}},{"type":"Feature","id":"e393c7e7-af4c-4c1b-b647-7f747371e19d","geometry":{"type":"Point","coordinates":[-94.80088794870477,29.55644363436861]},"properties":{"substrate":"Mud","lease_number":null,"poll_year":2025}},{"type":"Feature","id":"e3fe98a3-0d0f-46bf-90a1-672709c0b690","geometry":{"type":"Point","coordinates":[-94.80374442691657,29.555457241337493]},"properties":{"substrate":"Mud","lease_number":null,"poll_year":2025}},{"type":"Feature","id":"e4ea9fe6-a01a-4aa3-a111-0eb6d5336cfd","geometry":{"type":"Point","coordinates":[-94.80782783043163,29.55532965404093]},"properties":{"substrate":"Mud","lease_number":null,"poll_year":2025}},{"type":"Feature","id":"e58838b0-d530-4e77-b463-3e37389e049f","geometry":{"type":"Point","coordinates":[-94.79932486483904,29.5554314863377]},"properties":{"substrate":"Mud","lease_number":null,"poll_year":2025}},{"type":"Feature","id":"e6436bd2-9755-4a70-b2a3-cf121fb7be7a","geometry":{"type":"Point","coordinates":[-94.8021053572559,29.5565189426873]},"properties":{"substrate":"Mud","lease_number":null,"poll_year":2025}},{"type":"Feature","id":"e7dd5e8b-7ad6-416c-bcd4-4c1d956a2f88","geometry":{"type":"Point","coordinates":[-94.80376515733839,29.55604057989211]},"properties":{"substrate":"Mud","lease_number":null,"poll_year":2025}},{"type":"Feature","id":"e86f7e07-8d84-41ce-9d24-c22e931bd8af","geometry":{"type":"Point","coordinates":[-94.8050028058312,29.55556437468946]},"properties":{"substrate":"Mud","lease_number":null,"poll_year":2025}},{"type":"Feature","id":"e8cf42cb-00c8-4924-98e7-3cf145676b98","geometry":{"type":"Point","coordinates":[-94.80380532281136,29.55699152779108]},"properties":{"substrate":"Mud","lease_number":null,"poll_year":2025}},{"type":"Feature","id":"e94bba3e-549e-40f5-aa86-0034c2b4efdb","geometry":{"type":"Point","coordinates":[-94.80518832859862,29.55609334687999]},"properties":{"substrate":"Mud","lease_number":null,"poll_year":2025}},{"type":"Feature","id":"e94c1169-1e32-4f29-9d08-c9384b8bf1dd","geometry":{"type":"Point","coordinates":[-94.80582959455742,29.556155918316236]},"properties":{"substrate":"Mud","lease_number":null,"poll_year":2025}},{"type":"Feature","id":"e9c0afeb-0519-4db9-9d15-209980f80922","geometry":{"type":"Point","coordinates":[-94.80806504675208,29.554654777662385]},"properties":{"substrate":"Mud","lease_number":null,"poll_year":2025}},{"type":"Feature","id":"eb6972d7-d9eb-40a3-8839-a61879823e1d","geometry":{"type":"Point","coordinates":[-94.79967001104592,29.555198161009635]},"properties":{"substrate":"Mud","lease_number":null,"poll_year":2025}},{"type":"Feature","id":"eba60cf3-d68a-4454-9f1a-95b99794e53b","geometry":{"type":"Point","coordinates":[-94.80274390401438,29.558292594662515]},"properties":{"substrate":"Mud","lease_number":null,"poll_year":2025}},{"type":"Feature","id":"ebfba463-9e8c-4745-b87f-be6534e32389","geometry":{"type":"Point","coordinates":[-94.80147088974715,29.55436953287968]},"properties":{"substrate":"Mud","lease_number":null,"poll_year":2025}},{"type":"Feature","id":"ec19cbe8-0aa5-46cd-9dce-932875ce55bc","geometry":{"type":"Point","coordinates":[-94.8015406645902,29.555032575646695]},"properties":{"substrate":"Mud","lease_number":null,"poll_year":2025}},{"type":"Feature","id":"ec2b418b-7a91-4146-936d-84c5956531d0","geometry":{"type":"Point","coordinates":[-94.80219100982161,29.55485738076889]},"properties":{"substrate":"Mud","lease_number":null,"poll_year":2025}},{"type":"Feature","id":"ec8b011d-7a4f-4a58-a846-730d425822dd","geometry":{"type":"Point","coordinates":[-94.80510886812014,29.55716417469072]},"properties":{"substrate":"Mud","lease_number":null,"poll_year":2025}},{"type":"Feature","id":"ed2e49db-3b6b-466b-af43-8a68fc0387ca","geometry":{"type":"Point","coordinates":[-94.80102117335298,29.554527347983363]},"properties":{"substrate":"Mud","lease_number":null,"poll_year":2025}},{"type":"Feature","id":"ed9ce1ba-96cd-4fd9-bd45-87a722e3d374","geometry":{"type":"Point","coordinates":[-94.80329313667403,29.556155797196134]},"properties":{"substrate":"Mud","lease_number":null,"poll_year":2025}},{"type":"Feature","id":"eda14a49-3332-4310-8349-c7f54a0f0689","geometry":{"type":"Point","coordinates":[-94.80221118688121,29.55663386563332]},"properties":{"substrate":"Mud","lease_number":null,"poll_year":2025}},{"type":"Feature","id":"ee7cfde2-9be8-4bd2-a57d-5f7c91415f5d","geometry":{"type":"Point","coordinates":[-94.80313415822495,29.55658838563737]},"properties":{"substrate":"Mud","lease_number":null,"poll_year":2025}},{"type":"Feature","id":"ee8a1bfe-5d57-4b0a-bfc8-2ba2fcde330f","geometry":{"type":"Point","coordinates":[-94.80355538365156,29.55564641016011]},"properties":{"substrate":"Mud","lease_number":null,"poll_year":2025}},{"type":"Feature","id":"eebb7a59-e7c2-42ff-87f4-25861327c3bb","geometry":{"type":"Point","coordinates":[-94.80426698410386,29.556552735845088]},"properties":{"substrate":"Mud","lease_number":null,"poll_year":2025}},{"type":"Feature","id":"ef333db5-2afe-4bdf-bbc2-8e4fa625c6b7","geometry":{"type":"Point","coordinates":[-94.80626287807011,29.555763921389925]},"properties":{"substrate":"Mud","lease_number":null,"poll_year":2025}},{"type":"Feature","id":"ef6429ee-1711-41f6-bd1b-9c23c6a236a4","geometry":{"type":"Point","coordinates":[-94.79990541905771,29.555445792674718]},"properties":{"substrate":"Mud","lease_number":null,"poll_year":2025}},{"type":"Feature","id":"f03049af-c738-4987-92d9-dfb03f3f94b5","geometry":{"type":"Point","coordinates":[-94.80729819541821,29.554449597764716]},"properties":{"substrate":"Mud","lease_number":null,"poll_year":2025}},{"type":"Feature","id":"f09f27b2-41d2-4a21-ac19-22a1f633c3ff","geometry":{"type":"Point","coordinates":[-94.80387986411532,29.558669652342125]},"properties":{"substrate":"Mud","lease_number":null,"poll_year":2025}},{"type":"Feature","id":"f144ead8-482a-4f2a-aaab-13b8068981c4","geometry":{"type":"Point","coordinates":[-94.80271766242828,29.557851222692065]},"properties":{"substrate":"Mud","lease_number":null,"poll_year":2025}},{"type":"Feature","id":"f2145251-a332-4b12-b40f-3181e19e3eb6","geometry":{"type":"Point","coordinates":[-94.80339883694194,29.55685610406362]},"properties":{"substrate":"Mud","lease_number":null,"poll_year":2025}},{"type":"Feature","id":"f23fecb9-9e35-4d1d-a48a-d0264dee6605","geometry":{"type":"Point","coordinates":[-94.80499852535884,29.554439189856858]},"properties":{"substrate":"Mud","lease_number":null,"poll_year":2025}},{"type":"Feature","id":"f28fca80-2a36-416a-bb19-addb0322a949","geometry":{"type":"Point","coordinates":[-94.80455035406699,29.557219319708995]},"properties":{"substrate":"Mud","lease_number":null,"poll_year":2025}},{"type":"Feature","id":"f2c8a0f5-bfde-45e6-84dd-cbf3e491088a","geometry":{"type":"Point","coordinates":[-94.80289212513793,29.555584826910078]},"properties":{"substrate":"Mud","lease_number":null,"poll_year":2025}},{"type":"Feature","id":"f2e83758-f9ca-438d-b616-c3c7331d1583","geometry":{"type":"Point","coordinates":[-94.80144129834338,29.555282094081587]},"properties":{"substrate":"Mud","lease_number":null,"poll_year":2025}},{"type":"Feature","id":"f429667e-fb0b-4a35-89fd-50025c86ac7e","geometry":{"type":"Point","coordinates":[-94.80551659096973,29.554971627324406]},"properties":{"substrate":"Mud","lease_number":null,"poll_year":2025}},{"type":"Feature","id":"f49a995d-e85c-4c28-b524-a215c676ae73","geometry":{"type":"Point","coordinates":[-94.80050499779746,29.5549125043847]},"properties":{"substrate":"Mud","lease_number":null,"poll_year":2025}},{"type":"Feature","id":"f51fd669-ca41-4907-8f73-973f05c78ff0","geometry":{"type":"Point","coordinates":[-94.80090125994064,29.554734969694653]},"properties":{"substrate":"Mud","lease_number":null,"poll_year":2025}},{"type":"Feature","id":"f564ddf6-afa9-4b6a-9a3b-e69601e8f58e","geometry":{"type":"Point","coordinates":[-94.80354146605285,29.55850662081946]},"properties":{"substrate":"Mud","lease_number":null,"poll_year":2025}},{"type":"Feature","id":"f57fc5fe-37f8-4abe-9440-1a403512ba12","geometry":{"type":"Point","coordinates":[-94.80410852218606,29.556784616334394]},"properties":{"substrate":"Mud","lease_number":null,"poll_year":2025}},{"type":"Feature","id":"f5dd417e-195e-4a0c-9f86-ea476163587b","geometry":{"type":"Point","coordinates":[-94.80037741187428,29.554450161178025]},"properties":{"substrate":"Mud","lease_number":null,"poll_year":2025}},{"type":"Feature","id":"f6413e10-cebd-42df-b579-894cb486a45a","geometry":{"type":"Point","coordinates":[-94.80037896326479,29.5547725737048]},"properties":{"substrate":"Mud","lease_number":null,"poll_year":2025}},{"type":"Feature","id":"f67d7ac5-57b9-477b-b3bc-bedcb33fa7e1","geometry":{"type":"Point","coordinates":[-94.80537231434859,29.55743721768187]},"properties":{"substrate":"Mud","lease_number":null,"poll_year":2025}},{"type":"Feature","id":"f69b4135-69c6-47fa-ba22-f05e97cf756e","geometry":{"type":"Point","coordinates":[-94.80647490562998,29.55673162309706]},"properties":{"substrate":"Mud","lease_number":null,"poll_year":2025}},{"type":"Feature","id":"f6b723e3-e703-4768-b849-6305c4647cc1","geometry":{"type":"Point","coordinates":[-94.80310499891081,29.558670754116783]},"properties":{"substrate":"Mud","lease_number":null,"poll_year":2025}},{"type":"Feature","id":"f6f3dde8-0b15-405e-9d95-ac4ad20f4d81","geometry":{"type":"Point","coordinates":[-94.80451646781783,29.557767430844844]},"properties":{"substrate":"Mud","lease_number":null,"poll_year":2025}},{"type":"Feature","id":"f7592942-9783-44cf-9feb-84c0ed38c0f3","geometry":{"type":"Point","coordinates":[-94.80060253776932,29.557039745677027]},"properties":{"substrate":"Mud","lease_number":null,"poll_year":2025}},{"type":"Feature","id":"f8b6a39d-0008-45a3-a143-ae27def2645b","geometry":{"type":"Point","coordinates":[-94.80204653197784,29.55760599819123]},"properties":{"substrate":"Mud","lease_number":null,"poll_year":2025}},{"type":"Feature","id":"f93311cc-4258-4ca6-b1e9-8dc362dc6d02","geometry":{"type":"Point","coordinates":[-94.80434461471408,29.55549494666407]},"properties":{"substrate":"Mud","lease_number":null,"poll_year":2025}},{"type":"Feature","id":"fac1c941-41a6-4bc8-a547-e779c321568f","geometry":{"type":"Point","coordinates":[-94.80230749256788,29.55859963024163]},"properties":{"substrate":"Mud","lease_number":null,"poll_year":2025}},{"type":"Feature","id":"faebb941-7899-4c87-852a-12f0642c6f81","geometry":{"type":"Point","coordinates":[-94.80345248163574,29.555739619915343]},"properties":{"substrate":"Mud","lease_number":null,"poll_year":2025}},{"type":"Feature","id":"fb6d4310-4af4-47d9-8d63-b2d7a833cb75","geometry":{"type":"Point","coordinates":[-94.80236869029662,29.555853152034803]},"properties":{"substrate":"Mud","lease_number":null,"poll_year":2025}},{"type":"Feature","id":"fbe642ae-061d-41af-8650-1f6f6c70013a","geometry":{"type":"Point","coordinates":[-94.80494342000438,29.55700353967772]},"properties":{"substrate":"Mud","lease_number":null,"poll_year":2025}},{"type":"Feature","id":"fc6c3f9e-f378-4c3d-a2ef-a0e0827ba676","geometry":{"type":"Point","coordinates":[-94.80327442835991,29.555943213252007]},"properties":{"substrate":"Mud","lease_number":null,"poll_year":2025}},{"type":"Feature","id":"fca17177-283c-471a-b190-d9835a5bdc8a","geometry":{"type":"Point","coordinates":[-94.80560857575988,29.55445228823883]},"properties":{"substrate":"Mud","lease_number":null,"poll_year":2025}},{"type":"Feature","id":"fccedeb5-8075-4488-93ae-b17078997a47","geometry":{"type":"Point","coordinates":[-94.80326637226844,29.556728813127073]},"properties":{"substrate":"Mud","lease_number":null,"poll_year":2025}},{"type":"Feature","id":"fcd41764-4d80-43c8-be1a-5a810144db93","geometry":{"type":"Point","coordinates":[-94.8036270494483,29.55590893931591]},"properties":{"substrate":"Mud","lease_number":null,"poll_year":2025}},{"type":"Feature","id":"fdc7a0c8-507e-43cd-82dc-b47d8aaf1678","geometry":{"type":"Point","coordinates":[-94.80164581508916,29.556827330815455]},"properties":{"substrate":"Mud","lease_number":null,"poll_year":2025}},{"type":"Feature","id":"fea7bfc8-5996-4d98-a06c-a809787047aa","geometry":{"type":"Point","coordinates":[-94.80582352104781,29.55504667574314]},"properties":{"substrate":"Mud","lease_number":null,"poll_year":2025}},{"type":"Feature","id":"feeb9095-64d1-4add-b006-4602bb6f0305","geometry":{"type":"Point","coordinates":[-94.80184727756298,29.555040597792257]},"properties":{"substrate":"Mud","lease_number":null,"poll_year":2025}},{"type":"Feature","id":"ff1920b0-3b77-4faf-b6ea-746257d33080","geometry":{"type":"Point","coordinates":[-94.80134121434263,29.55653666209968]},"properties":{"substrate":"Mud","lease_number":null,"poll_year":2025}},{"type":"Feature","id":"ff2b6ac2-b80b-405a-b7b7-6cdaf1ae3181","geometry":{"type":"Point","coordinates":[-94.80518227215696,29.554391939707454]},"properties":{"substrate":"Mud","lease_number":null,"poll_year":2025}},{"type":"Feature","id":"ff43cf2a-6c98-46dd-81de-481efb00c337","geometry":{"type":"Point","coordinates":[-94.8013752793565,29.55546634572327]},"properties":{"substrate":"Mud","lease_number":null,"poll_year":2025}},{"type":"Feature","id":"ff5994b4-3d20-4984-b607-3a55c61dfcb4","geometry":{"type":"Point","coordinates":[-94.80350845386447,29.55618265068742]},"properties":{"substrate":"Mud","lease_number":null,"poll_year":2025}}]}