{"type":"FeatureCollection","features":[{"type":"Feature","geometry":{"type":"MultiPolygon","coordinates":[[[[-97.07383397670597,27.96058367116545],[-97.07384302076235,27.975270791661906],[-97.0739236808548,27.977594464676212],[-97.07365460158195,27.977435001990383],[-97.07071290760075,27.976413873194225],[-97.07044468221956,27.975936853875993],[-97.0699592162501,27.97606749858418],[-97.06961850420744,27.9762908730535],[-97.06886662578327,27.977619103232513],[-97.0684058880871,27.97871321122418],[-97.06810024803482,27.979729137139493],[-97.06800469318571,27.980539288942815],[-97.06741793661736,27.982537329577788],[-97.06709343765709,27.98445590551672],[-97.06665116965435,27.985455932155997],[-97.06649141964607,27.9861401773029],[-97.0663096289942,27.986571018274454],[-97.06629075853978,27.987038948402795],[-97.06606945771995,27.98775098444566],[-97.0658538147034,27.988891997639488],[-97.06589196079592,27.98942037432815],[-97.06598540059296,27.989668200359482],[-97.06602529982342,27.989775024708308],[-97.06650125296709,27.990070615513943],[-97.06676343550808,27.990013479538298],[-97.06698809141275,27.989704479535835],[-97.06957407515935,27.989749515795587],[-97.06970350000049,27.989891404289374],[-97.07030191556078,27.99012378593293],[-97.07073844104134,27.98992828406018],[-97.07118890691673,27.989993576393157],[-97.07146200416605,27.990145997781266],[-97.07186622216778,27.991647121016396],[-97.07112525222303,27.99239373740916],[-97.0706888013274,27.99317290934876],[-97.07052344990083,27.993257990020236],[-97.06810048259541,27.993445898536315],[-97.06655959168332,27.993876783999987],[-97.06635965525103,27.993860980998466],[-97.06592622781598,27.99360909597966],[-97.06550525221525,27.993502074246386],[-97.06544134334865,27.993381332182736],[-97.06563459271719,27.9929229557746],[-97.06558946963145,27.99282981029108],[-97.06504643661631,27.992850513662816],[-97.06441223673406,27.993097622572197],[-97.063892963887,27.993541916101453],[-97.06285831622141,27.99469481973771],[-97.06246661871026,27.995303230533082],[-97.06215121295695,27.99553677846023],[-97.06212994539489,27.99583972314249],[-97.06122711766626,27.996908663777596],[-97.06076629272332,27.997577535906046],[-97.06006649489203,27.998760725914746],[-97.0596617622171,28.00025471674256],[-97.05946749936786,28.0007875364502],[-97.05877627993159,28.001954950669422],[-97.0584854354889,28.002076111037997],[-97.05797961486807,28.00208196011194],[-97.0576313286919,28.002208409276278],[-97.0574642920426,28.00236807219799],[-97.05745198747495,28.002478176309697],[-97.05756966425099,28.00265980577195],[-97.05805874653319,28.0028578485231],[-97.05811451337131,28.002940408119645],[-97.05805274599342,28.003232168658567],[-97.0578238646539,28.003501941589327],[-97.05758247247223,28.003524006491258],[-97.05625156785953,28.003122486782477],[-97.0561154172235,28.00315005279954],[-97.05602883841358,28.003309700659358],[-97.05635710225091,28.003898633260334],[-97.05674719571073,28.004338910059126],[-97.05676009631996,28.00449475763538],[-97.05670399901665,28.004779296656196],[-97.05716838083232,28.00521956482556],[-97.05721177842474,28.005395697296926],[-97.05714313398875,28.00576523377561],[-97.05499590224773,28.010521579788424],[-97.05462431527883,28.01108325575818],[-97.05275994114501,28.013043944416303],[-97.05271031654522,28.013291698306556],[-97.05276599750977,28.01345135125879],[-97.05287747799356,28.013456798482157],[-97.05310665246208,28.01329152158136],[-97.05326143083147,28.01340706811952],[-97.05317441050418,28.01442008294512],[-97.05155648309072,28.017801208860565],[-97.05118439316337,28.018786876862613],[-97.05100178119271,28.01901572006061],[-97.05017438465553,28.019112275218554],[-97.05006899379569,28.0192169307461],[-97.04940528556585,28.020780909062278],[-97.04929365598859,28.020995681486475],[-97.04907047635439,28.021177501103274],[-97.04904564020616,28.02131516241857],[-97.04926860957622,28.021480221558775],[-97.04930571800743,28.02163436019023],[-97.04921263946055,28.021909691866497],[-97.04901429292698,28.022019931684763],[-97.04901410657065,28.02240533710173],[-97.04891488954513,28.022515512487157],[-97.04849967542569,28.022603845110712],[-97.0483694415141,28.02280214304281],[-97.04842516937983,28.022895697894008],[-97.04900753956751,28.02314861842463],[-97.04913141902503,28.023297205543983],[-97.04900119810407,28.023418418375623],[-97.04838769636976,28.02345732760694],[-97.04845578909705,28.02360596231418],[-97.04899482381897,28.02382036729951],[-97.0497941747248,28.023979525678172],[-97.04989948592316,28.02407305816655],[-97.04970706981359,28.024766936494757],[-97.04942792741961,28.02535074901652],[-97.04924811560318,28.02551053720637],[-97.04875219150226,28.025742118254243],[-97.04831141642003,28.02578673131472],[-97.0471918067891,28.02832002059596],[-97.04708945379652,28.028755238643466],[-97.04660548934822,28.02958158489437],[-97.04592332720323,28.030088697871037],[-97.04573720193773,28.030325625910326],[-97.0456431663444,28.03063955694433],[-97.04287626979551,28.029592445816945],[-97.04154651312366,28.029686308851346],[-97.03336939510719,28.030440717351297],[-97.03335644074858,28.03360531918299],[-97.03205827930762,28.03357424433832],[-97.03209912468162,28.03332631986267],[-97.03190718410345,28.03310605401186],[-97.03175234962053,28.033073002229816],[-97.03133113623254,28.03321064140955],[-97.0312072584894,28.033188605142723],[-97.03112057661309,28.033072959051363],[-97.0311082416412,28.032808653193104],[-97.03082485338182,28.032665993743585],[-97.03033413169011,28.032230445763656],[-97.02848202767157,28.03185588921808],[-97.02792451618839,28.031646613453876],[-97.02719968354126,28.031481350357208],[-97.02691470225442,28.03148132563646],[-97.02593580052545,28.031822534029615],[-97.02572514183944,28.03225741531498],[-97.0255923082162,28.0336022666454],[-97.02532171078123,28.0335763915156],[-97.02528456192638,28.047990159918502],[-97.02905295980442,28.04798579339514],[-97.0293997318646,28.048788510132106],[-97.0302435320004,28.049977260551476],[-97.03070287198952,28.05075869378015],[-97.0311428052277,28.050830270079224],[-97.03153953329175,28.051028382883594],[-97.03188724315379,28.051628164356025],[-97.03299340902562,28.054021691883648],[-97.03321688687454,28.054318803332425],[-97.03364833235888,28.057015123644838],[-97.0338040276679,28.05754338709805],[-97.03390313092586,28.05878669421833],[-97.03384947478557,28.059018270869476],[-97.03338556642244,28.059706278461807],[-97.03325162802533,28.06008486681251],[-97.03181753557735,28.060062966249944],[-97.03183060472286,28.06247023502795],[-97.03264090162222,28.06566254848981],[-97.03346516452588,28.06572043335769],[-97.03446013101868,28.066251056944584],[-97.03518621746832,28.066867620926345],[-97.0357211172785,28.068337639569275],[-97.0357710124689,28.068590927463624],[-97.03563515457245,28.069047987369924],[-97.03594579139413,28.06961512320557],[-97.03605173725832,28.070088699589434],[-97.03601472118544,28.070253900967174],[-97.03575457950882,28.070485237973877],[-97.03584895455604,28.0717463419208],[-97.03599194784512,28.072104305475282],[-97.03590613460095,28.073046098469813],[-97.03650822239918,28.073756562185217],[-97.03655808496427,28.074020896025104],[-97.03672094544847,28.07576143068833],[-97.0366173918344,28.0770415195691],[-97.0361478001328,28.079952747548504],[-97.03587586575124,28.081125628618288],[-97.0354302751137,28.082237757128496],[-97.03419160260802,28.083999042155423],[-97.03393785254892,28.08458241447689],[-97.03392573344502,28.08494567048152],[-97.0341742786578,28.085683261810033],[-97.03419315660497,28.086029977407556],[-97.03397112232201,28.087416682903818],[-97.03378164866787,28.090244938631226],[-97.0334073096396,28.09161244096723],[-97.03284904516502,28.093254615504183],[-97.03234802250384,28.094246419012773],[-97.03109888161619,28.096407753466977],[-97.0302883908699,28.09753595729463],[-97.02737287461886,28.100519183528945],[-97.02529643562373,28.102091926291138],[-97.02447443794814,28.102539314902995],[-97.02346421469163,28.1028364484845],[-97.02265249607579,28.103161150063702],[-97.02143753961889,28.103397617767683],[-97.02037187501635,28.10385441157859],[-97.02015530850834,28.10408566039104],[-97.02005674185025,28.10439956760705],[-97.02010091368633,28.1047850838149],[-97.02076624824579,28.105704933041665],[-97.02128338782643,28.10615541142747],[-97.02216955811905,28.106707504565417],[-97.02259831372268,28.107170155996393],[-97.02305341145352,28.10842581974039],[-97.02334147403212,28.109885201150473],[-97.02339903408567,28.110815886442115],[-97.02356101789483,28.111223418681828],[-97.02384029749132,28.111361153983697],[-97.02458388484283,28.11110794324875],[-97.02478235232972,28.11111900341376],[-97.02505525614801,28.111163105612324],[-97.02532863229278,28.11143849308351],[-97.025273091631,28.111592678602484],[-97.02487073669371,28.111972592667446],[-97.02472860303892,28.112231394062043],[-97.02450082036677,28.113151014024957],[-97.02452574455832,28.113569515847615],[-97.02488660981207,28.11391656564775],[-97.02521710009745,28.11405246071841],[-97.02539538551879,28.11408740246696],[-97.02553171309462,28.114021332401187],[-97.0256673415725,28.113558775076903],[-97.02585938272398,28.113448671512504],[-97.02735967508077,28.113140529437274],[-97.02849459769665,28.113096637291683],[-97.02904681970946,28.113190358999518],[-97.03023243131949,28.113642117249785],[-97.03184689551053,28.114418876895908],[-97.03245649413934,28.114875168646638],[-97.03334125288609,28.115262868455424],[-97.03410768759272,28.115636291150217],[-97.03454183955712,28.116115452029092],[-97.03482210253819,28.116277375452114],[-97.03508011693411,28.116366540520097],[-97.03571627352036,28.11639091299669],[-97.03585924508742,28.116517604409147],[-97.03613244503335,28.116600204098557],[-97.03636263390366,28.11689214427244],[-97.0367477654281,28.11710143535112],[-97.03713856537536,28.117062832282098],[-97.03755562902398,28.117310998297064],[-97.03795046803153,28.117799873447265],[-97.03908242153496,28.117965827860758],[-97.04084159893863,28.11862448584036],[-97.04116314868294,28.11863040179475],[-97.04148186240207,28.118539120720452],[-97.04322649087788,28.118465096429137],[-97.04467732293936,28.118557686250277],[-97.04782501564907,28.118301517103276],[-97.0485129050431,28.11836144625683],[-97.04962381619691,28.118582007786276],[-97.05058266720837,28.11863467521058],[-97.0513754391645,28.118551203306886],[-97.0521370526939,28.11838517334047],[-97.0529424642151,28.118450390584798],[-97.05311582793595,28.118411653125026],[-97.05322699932121,28.118235315483663],[-97.05329425174973,28.11775616553509],[-97.05341160923179,28.117579821954422],[-97.05391896777385,28.117254374280158],[-97.054017542524,28.11696241600127],[-97.05387486035934,28.11685794858696],[-97.05306957966037,28.116908346278105],[-97.0521276865462,28.11679366005374],[-97.05132225990535,28.116772444012966],[-97.04997675480105,28.116283595196805],[-97.04824098941715,28.11592719883335],[-97.04733621749864,28.11592248094032],[-97.04703825424377,28.115707913415417],[-97.04696909748631,28.115311383313283],[-97.04709261979305,28.11513502593918],[-97.04742691462415,28.11498603298771],[-97.04787933755223,28.114991156720492],[-97.04801545608409,28.114897403687404],[-97.04750014877054,28.11451227229982],[-97.0471333999011,28.11407193322038],[-97.04696514792724,28.113708519238077],[-97.04696529905748,28.112933953192346],[-97.04679495789995,28.112562983683475],[-97.04662574557943,28.111814042817695],[-97.04677143052255,28.110569229301387],[-97.04686596680698,28.108625131285297],[-97.04697376532542,28.108318370885822],[-97.04700256305469,28.107890590895703],[-97.04691880371664,28.107358529748097],[-97.04718475608776,28.106273882044007],[-97.0471326279034,28.105954275862995],[-97.04689602357759,28.105497418711625],[-97.04679524295031,28.104154483501485],[-97.0465635889268,28.10371371769138],[-97.04659281284536,28.102849360835965],[-97.04708546584176,28.101164528867795],[-97.0475186509635,28.10072943207439],[-97.04790150394642,28.099881493315564],[-97.04848937310565,28.099237130901606],[-97.04901574686299,28.09885702147605],[-97.04938953631033,28.09874727078141],[-97.04959648717399,28.0985766229872],[-97.05060809481286,28.09814597612947],[-97.05095493217425,28.097909066721975],[-97.05122090691194,28.097518081421583],[-97.05136208302372,28.096637341038925],[-97.05160939455422,28.09617482028759],[-97.05220794929326,28.095689514734232],[-97.05235828685116,28.09526064277492],[-97.05329910024052,28.09409311380766],[-97.05456242411002,28.092930804806162],[-97.05487926238798,28.09272624450547],[-97.05511927321673,28.092022207314905],[-97.05608581867115,28.091443499850907],[-97.05721368402956,28.09098575649705],[-97.0579447579154,28.090570123534533],[-97.05852714448761,28.090208621674375],[-97.05892991783774,28.090048685517658],[-97.05931394225411,28.08975664751852],[-97.06001344229098,28.088880907268358],[-97.06045328420684,28.088610837642772],[-97.06145726796267,28.088170046647964],[-97.0617587675766,28.0877157847033],[-97.06193983923829,28.08756936123988],[-97.06228688371817,28.08747551346485],[-97.06322851763608,28.0869904314231],[-97.06522374255375,28.08641103017118],[-97.06526703296379,28.086317425894077],[-97.06494374457534,28.085497439823424],[-97.06498685158039,28.08527171060344],[-97.06511079053503,28.08524410602934],[-97.06529688521738,28.085365075575062],[-97.0654768522228,28.085552116492586],[-97.06583093858546,28.08620694385635],[-97.06603550529609,28.086245343751532],[-97.06655569043518,28.08585416900054],[-97.06697068765588,28.08563918786894],[-97.06744782628046,28.085567320448252],[-97.06809242734047,28.085583412909696],[-97.06960414546911,28.08519159074613],[-97.0711592581898,28.08488234912922],[-97.07432487937739,28.084699000479482],[-97.07475936921675,28.084670858461713],[-97.0753540792842,28.084532863643826],[-97.07597963269868,28.08424619127014],[-97.07687740377092,28.083557514146833],[-97.07764893833388,28.082587997330712],[-97.07818963363826,28.082048239219933],[-97.0783380366202,28.081695823693327],[-97.07830040640151,28.081222412004017],[-97.078510957471,28.081018563238345],[-97.07878371080754,28.0811009489901],[-97.07917446593757,28.081452976478868],[-97.07940997694914,28.081463796898674],[-97.0827000493432,28.08004073460997],[-97.08362974703239,28.07979217211039],[-97.08596056527664,28.079371546512352],[-97.08997864927828,28.079026228983494],[-97.09064618642344,28.07889415680763],[-97.0917335519651,28.078738235731066],[-97.094177139708,28.078620297256617],[-97.09661423296482,28.078161198507875],[-97.09779261704175,28.078061133507696],[-97.09869365043575,28.077892638826054],[-97.10009929764654,28.07750332233232],[-97.10112071589815,28.077132058378652],[-97.10246099567715,28.076395067248953],[-97.10293804459258,28.075987334351822],[-97.10573038570304,28.072505684435203],[-97.10784256085752,28.070720117577256],[-97.10925557486061,28.070129888792017],[-97.11098419686057,28.06914283898613],[-97.11211209163548,28.068701393483177],[-97.11220486553614,28.0685526135802],[-97.11218576560229,28.068216686307785],[-97.11206723323585,28.06772659609994],[-97.111712568749,28.066889729199666],[-97.11163104754766,28.066245430094263],[-97.11178472018307,28.06530905406028],[-97.11237222525487,28.06419605482235],[-97.1127807340998,28.06367799887239],[-97.1139759979041,28.062630515089822],[-97.11457064590125,28.06220037043848],[-97.11538724369224,28.06180400747541],[-97.11596493841704,28.06162071585192],[-97.11959719313238,28.060889893179915],[-97.12252892882395,28.060385400993823],[-97.123292171965,28.060333530598893],[-97.12485341357483,28.06024499382193],[-97.12605272993845,28.060535396062285],[-97.12612824199142,28.060509495640215],[-97.12596277446445,28.06020175354864],[-97.12596647537298,28.060074732734307],[-97.12613762366279,28.059973656369028],[-97.127196892742,28.06018030624116],[-97.12755299262746,28.060359783147664],[-97.12753459098982,28.06056383577945],[-97.12742746860823,28.06060559165931],[-97.12706702517252,28.060575225832554],[-97.12684113292646,28.060630838074633],[-97.1267676641165,28.060800470464358],[-97.1268530537093,28.06086321736727],[-97.12718156565386,28.060920483664628],[-97.1277387044307,28.060828250602952],[-97.12794178442829,28.0607002717319],[-97.12795143235466,28.060368912836836],[-97.12805425814761,28.06026074211132],[-97.12866317031249,28.059887848467227],[-97.12904916876084,28.059040109076957],[-97.12940780560686,28.058490163948633],[-97.12947841756112,28.058204412273653],[-97.12941411573948,28.058059255385214],[-97.1290104673339,28.057801326426276],[-97.12878667225006,28.057785147758256],[-97.12872039888155,28.057921787704228],[-97.12892735997843,28.058302318121314],[-97.12885003861282,28.05860449483461],[-97.12870701261119,28.05859569238744],[-97.12841831658662,28.058240920713434],[-97.12806206198613,28.05806696918238],[-97.12700834828868,28.05809808569391],[-97.12687439618638,28.058205541919865],[-97.12686431016978,28.058337942529302],[-97.12704383686767,28.058590741990038],[-97.12696317930136,28.058793367393164],[-97.12670761124663,28.05879856210584],[-97.12666660648547,28.05870920094653],[-97.12673035758498,28.05844539862033],[-97.12656307350473,28.058413932365866],[-97.12605978577511,28.059010290253937],[-97.12582429178954,28.059181733306602],[-97.12528022838663,28.05930971119268],[-97.12493905856748,28.059264521892132],[-97.12388557171462,28.059541147738635],[-97.12340225954016,28.059734469902573],[-97.12297453367447,28.059762519921275],[-97.12286289891716,28.059702054844546],[-97.12267647138091,28.059305735819763],[-97.12237879314073,28.059206934355704],[-97.12226088756009,28.05909691771094],[-97.12206202620851,28.05865655540769],[-97.1210541379349,28.054918461885077],[-97.12092328713305,28.05413669934907],[-97.12035241871034,28.053531664942263],[-97.12024054785432,28.053179404229223],[-97.12002951504952,28.05290985619423],[-97.1193532889274,28.052387580185183],[-97.11903048267293,28.051930976405576],[-97.11793676623432,28.04893166358146],[-97.11793616173902,28.048199463490604],[-97.1180165259535,28.047913078032288],[-97.1179048252514,28.04781962812301],[-97.11773121226119,28.04786388088428],[-97.11732797274645,28.04775427473993],[-97.11760069993706,28.047561249928243],[-97.11798521420711,28.047560764825185],[-97.11812145537868,28.047323874998455],[-97.11824541662061,28.04724663523418],[-97.11862985444404,28.047163575125914],[-97.11901204856191,28.047167934372286],[-97.11916324831766,28.047228940938222],[-97.11927495921192,28.0473278955771],[-97.11946133785491,28.047740567921718],[-97.11965425085491,28.048593672259038],[-97.12033059594425,28.04922595888576],[-97.12064719258677,28.04972107928521],[-97.12116486117634,28.051068410422225],[-97.12145441823102,28.05143243515911],[-97.12224216433061,28.05196555617374],[-97.12280645624139,28.05217958845873],[-97.12518710482529,28.052655724444964],[-97.12581847336233,28.05272772130056],[-97.12625489095973,28.052910342388813],[-97.12636806719269,28.053148561153275],[-97.12657771793535,28.053201227743312],[-97.12677373696737,28.05299517868165],[-97.12687390075745,28.052617197728033],[-97.12709007748599,28.05232895642798],[-97.1283136911479,28.051197917623025],[-97.12867674527624,28.051005391423637],[-97.1302253189467,28.05069876307982],[-97.13108721365391,28.050013266915546],[-97.13158067125916,28.04990822700467],[-97.13254307534534,28.049694219563374],[-97.13318734011506,28.0493739229522],[-97.13394431236347,28.048664810837433],[-97.134607226403,28.048339283880733],[-97.13503540080411,28.047982866902334],[-97.13520063669544,28.047928796631943],[-97.13512409513633,28.047896391423947],[-97.13556654531462,28.04741319494281],[-97.13554135152543,28.04711031714065],[-97.13514285152067,28.046889808697546],[-97.13395264691135,28.04660238903138],[-97.13318579892744,28.046205820599212],[-97.13206469270305,28.04522089751821],[-97.13166223750183,28.044560317150804],[-97.13162004062107,28.044174671366616],[-97.13178623757709,28.043258655174746],[-97.13169852271982,28.042014319597005],[-97.1314921596879,28.041466690511875],[-97.13108220166262,28.040877497369426],[-97.1307543118699,28.040207040788317],[-97.13071254287587,28.0397994106104],[-97.13079488092794,28.03938263460834],[-97.13077855784535,28.038617873172385],[-97.13049954881473,28.038630180930003],[-97.1302220994917,28.03888448927423],[-97.12978678856926,28.03897142223628],[-97.1285547895452,28.038930808164395],[-97.12785745246815,28.03943727911783],[-97.12748147395315,28.03933808394232],[-97.12705835765645,28.039111693171257],[-97.12662012392867,28.039028059397328],[-97.12527263570365,28.039303019338202],[-97.12509140976366,28.039079853706816],[-97.1240627675555,28.03914168994464],[-97.12322572822245,28.038999671213425],[-97.12088820151394,28.038837633086143],[-97.1204353880672,28.038744652146505],[-97.11956636635722,28.0383000058268],[-97.11851057591248,28.03753636545804],[-97.11769740440609,28.037174151898167],[-97.11760360880074,28.036805536953203],[-97.1172127153411,28.03671796869797],[-97.11724960976171,28.036569326840212],[-97.1173920433167,28.036475591323228],[-97.11768968717904,28.036453204460518],[-97.11780103012497,28.03633198825986],[-97.11750144143745,28.035451820533016],[-97.1169243021892,28.03526541639038],[-97.11681243975526,28.035155493553887],[-97.11683696966902,28.03502889244665],[-97.11740569074234,28.03423572153786],[-97.117727739842,28.03406473583095],[-97.1181979933656,28.03364042808404],[-97.11852609865433,28.03343091672577],[-97.11964657434447,28.033211967263743],[-97.12163516911095,28.03220544751056],[-97.12294008231574,28.031092392144927],[-97.12343839428989,28.029716339131177],[-97.12364837078276,28.02944651167362],[-97.12484758928797,28.028350314486843],[-97.12556291966163,28.02796243899837],[-97.12563876527415,28.027562078831377],[-97.12557304274627,28.027115588491117],[-97.12576854662666,28.026612542444415],[-97.12591371498482,28.02647173730119],[-97.12627286142602,28.026477190299474],[-97.12698370081291,28.027521946576705],[-97.12723239794639,28.027795194552784],[-97.12758346570304,28.02789951767279],[-97.1282608529182,28.028751244985166],[-97.12858149912421,28.02882760827926],[-97.12901886591919,28.028630719743337],[-97.12949777107241,28.028852442395007],[-97.1298917299086,28.02930390576329],[-97.1304996490668,28.029308871566645],[-97.1309583123565,28.029170165940208],[-97.13144580701668,28.02932500725197],[-97.13217802535415,28.02898808944359],[-97.13382799968224,28.02857269026156],[-97.13619947198933,28.027759296185955],[-97.13670582529657,28.027693500326556],[-97.13715055774932,28.027819711219962],[-97.13739998166957,28.027808830645274],[-97.13793269411957,28.027478375087814],[-97.13855411174374,28.027310202301],[-97.14010464627658,28.02720386280776],[-97.14705795107257,28.03144442635414],[-97.1472598591538,28.031924391957613],[-97.14762838609778,28.032413902890514],[-97.14767320478185,28.032662068918604],[-97.14784345044518,28.03282961249382],[-97.1480239997354,28.032854568457907],[-97.14824503213859,28.032885119292658],[-97.14845156650222,28.032772710446533],[-97.14869297942857,28.032781811917104],[-97.14906118742924,28.033287807560068],[-97.14957624157442,28.033564994029618],[-97.14988692161167,28.033839132036487],[-97.15111634116663,28.034660480197513],[-97.1522252730335,28.03530401344932],[-97.1526163751162,28.035584831684783],[-97.15294428057915,28.03593071301884],[-97.15364932922022,28.036315237725425],[-97.15424795124795,28.036758645570526],[-97.154648068751,28.036891100860245],[-97.15559295056586,28.037042649268486],[-97.15607076294302,28.03732475109669],[-97.1565639987619,28.037484916629865],[-97.15670987868344,28.037609802790342],[-97.1584345306044,28.038278905651566],[-97.15882731781754,28.038481227965395],[-97.15922810288497,28.03883846403539],[-97.15987659229519,28.039245522144107],[-97.16060292824692,28.04062695315128],[-97.1606524316757,28.040854649285148],[-97.16055670670276,28.041150895989585],[-97.1607406057193,28.04147005634915],[-97.16087026003412,28.041942721683505],[-97.16083489908371,28.042522173312094],[-97.16032402722709,28.044041362475816],[-97.15962148560676,28.044428857403762],[-97.15967403340862,28.04476714811668],[-97.15936393550973,28.044936959557255],[-97.15929834918849,28.04505152386513],[-97.1594889765295,28.04556978371795],[-97.15937774955111,28.045755154761025],[-97.1588461235821,28.046047047534326],[-97.15778906734019,28.04641544396332],[-97.15749349821753,28.04672926283521],[-97.15743462961395,28.04704292336953],[-97.15752420213333,28.04739310795349],[-97.1578062688658,28.04776423650606],[-97.15823849517642,28.04811263631295],[-97.15857692302129,28.04825696666592],[-97.15871418896499,28.048249025946514],[-97.15882414759844,28.048107836246764],[-97.15887646945414,28.04780507898061],[-97.1590453138119,28.04756575162829],[-97.15917028807064,28.04755200558538],[-97.15934347094594,28.047594614434153],[-97.15961100460315,28.04782172717729],[-97.15965762353963,28.047933308457072],[-97.15956318432812,28.048400898827907],[-97.15964876677414,28.048673624207233],[-97.16025563047646,28.048797900059213],[-97.16126677216894,28.048726858949976],[-97.16149987287068,28.048773385620812],[-97.16169816901265,28.04862478421862],[-97.16190816623462,28.04766197342404],[-97.1621312182887,28.047452841063304],[-97.16274494605014,28.047199551757828],[-97.1642448962241,28.046856861304747],[-97.16423221991529,28.054597677075908],[-97.16460522502915,28.05458840923722],[-97.1649426967936,28.054767356738967],[-97.1655354678511,28.05493598595379],[-97.16584214101172,28.05487556741455],[-97.16604447354496,28.05475413790439],[-97.16649163916433,28.0546802466337],[-97.16751873673783,28.054854662895707],[-97.1678657241477,28.05497170889862],[-97.16836924305859,28.05524348559029],[-97.16900572282984,28.056235226953266],[-97.16966815269092,28.056161766147856],[-97.1701907708189,28.05618461827762],[-97.17055141741106,28.056424862602146],[-97.17097189602515,28.056533826002127],[-97.17175699308,28.056092863230027],[-97.171926979232,28.05603038346497],[-97.17213863217874,28.05607581507974],[-97.17226813847346,28.056174559550232],[-97.17232941063916,28.05676892867039],[-97.1725609125936,28.056950991158672],[-97.1730588449753,28.057183272322746],[-97.1732890832026,28.057409515064855],[-97.17368097324446,28.057429404408786],[-97.17393257976259,28.05756218131272],[-97.17418798389889,28.057562413038333],[-97.17445188428592,28.05770099229882],[-97.17504779451711,28.057775212439136],[-97.17595557522526,28.058270925980985],[-97.17658119518956,28.058395544453766],[-97.17706384832682,28.05872693814996],[-97.17823612565628,28.05912359236465],[-97.17886813747734,28.05924281694132],[-97.18030196073002,28.05980766824277],[-97.18105747256503,28.060237061494753],[-97.18255399436002,28.06062438744887],[-97.18501512516046,28.061702038656634],[-97.18652768427533,28.06218362338367],[-97.18858864807515,28.063021534648275],[-97.18974254501278,28.063267043018726],[-97.19069868456278,28.063818995787642],[-97.19142117183154,28.0644817581973],[-97.19211030565347,28.064784561985867],[-97.19288211074355,28.065028424276093],[-97.19363983716681,28.065548280043277],[-97.19421084716934,28.06584290148828],[-97.19481434805908,28.066309561770318],[-97.19530866655415,28.066453252723065],[-97.1957257609237,28.066683634585534],[-97.19615782135764,28.06682592944575],[-97.19820413964725,28.0678221999139],[-97.20043016414698,28.068634556770096],[-97.20113756327927,28.068954297315116],[-97.20206065353845,28.06957726679731],[-97.20351374106451,28.07040547289164],[-97.20449771516391,28.07107951906329],[-97.20483646015576,28.071234109720592],[-97.20548670994957,28.071576828521696],[-97.20595569523364,28.071736491254974],[-97.207251394056,28.071964307906406],[-97.20841387836542,28.072047104353306],[-97.20940463475232,28.072271991474718],[-97.21181952165757,28.07302203296148],[-97.21222844397661,28.073102968330975],[-97.21401934963767,28.07322567355498],[-97.21537472250809,28.073106576517162],[-97.2158616499643,28.072852129980596],[-97.21611880847568,28.072791525392248],[-97.21673787713317,28.072932374968076],[-97.21704360096396,28.072917056826014],[-97.21828642496298,28.07259095816592],[-97.21931892567945,28.072134301981436],[-97.22094621366114,28.07124917003031],[-97.22158904831363,28.070999842110595],[-97.22170825932714,28.070919026598204],[-97.22176448932531,28.070730221771864],[-97.22151452928993,28.07032765095909],[-97.21998626009594,28.069513599274263],[-97.21935625112712,28.068035796009315],[-97.2192840221452,28.067578196060317],[-97.21932209930881,28.067188189441882],[-97.21978085315546,28.066155114494865],[-97.21973448286637,28.065978408052715],[-97.21950007008935,28.065920042958023],[-97.2190657962678,28.065946804740648],[-97.21881448598337,28.065794653566382],[-97.21854639693048,28.06452011114933],[-97.21862544601757,28.064262716338682],[-97.2188703391173,28.06408470487865],[-97.21929140016663,28.063078642249042],[-97.21949086043463,28.0630155009257],[-97.22006371494818,28.063205258367418],[-97.2206082776067,28.063246112550978],[-97.22123049644094,28.063106533420605],[-97.22227047853738,28.063165475338632],[-97.22256903888808,28.063103768966503],[-97.22362299168334,28.06317648794601],[-97.2238606652442,28.063143068132266],[-97.2246628576364,28.06275189061291],[-97.22503313829358,28.062655089801552],[-97.22552591676671,28.062632840032514],[-97.22807413881986,28.062180801743832],[-97.2299151161617,28.062066763056855],[-97.23378451597566,28.061151966027438],[-97.23412637152315,28.061130194373835],[-97.23407833459683,28.0700807849254],[-97.23367312264278,28.069829583173853],[-97.23295599375933,28.069192426302518],[-97.23234464798192,28.06882890870239],[-97.23166822356342,28.068889739169318],[-97.23103029253859,28.069098335785036],[-97.23041269558496,28.069713584585724],[-97.22997831335613,28.07055111082818],[-97.22996081093082,28.070930406012774],[-97.2302254994239,28.071395874336417],[-97.22991827549258,28.071718447975563],[-97.22991817005466,28.072011089440444],[-97.23054814195199,28.072717053690056],[-97.23138263488279,28.07321569885631],[-97.23282822030394,28.073640789636343],[-97.23389548093546,28.0742078118195],[-97.2353928146416,28.074859731780684],[-97.2364746960501,28.0750873545658],[-97.23794908933353,28.075127736438297],[-97.23862456533817,28.07531415673554],[-97.24017434907566,28.075905375110896],[-97.24067207849043,28.07618256003822],[-97.24107949263754,28.07653000927318],[-97.24185312280662,28.077514840861085],[-97.2422067227004,28.078152001113494],[-97.24226680707275,28.078391144397052],[-97.24211509416283,28.078728325310625],[-97.24115747813319,28.078822483607652],[-97.24015607178417,28.0790133770075],[-97.23978533577468,28.079015175224246],[-97.23930259489316,28.078875696459107],[-97.23839451468307,28.078293839992217],[-97.23778983112484,28.078216864089526],[-97.23726184103408,28.0784322472918],[-97.23666128398803,28.079046896580543],[-97.23611963291702,28.079459964552893],[-97.23538031025377,28.079733422394998],[-97.23486811256441,28.079750191477547],[-97.23414378507238,28.079520525015106],[-97.23306415746768,28.078655774613978],[-97.2324879759422,28.07883656630907],[-97.2321207683487,28.078796305949922],[-97.23173720285271,28.078609381384734],[-97.23155321589985,28.07858649238054],[-97.23118337198986,28.07860871280614],[-97.2307509771999,28.078761576315596],[-97.2299708219433,28.07831639236671],[-97.22862589007809,28.077829116428134],[-97.22733705764277,28.07708814314037],[-97.2262462438566,28.076767169854115],[-97.22596243604602,28.076555923505037],[-97.22565132240703,28.07643467841105],[-97.22531492198193,28.076391965975976],[-97.22494815166395,28.076438478597503],[-97.22371761255458,28.076963787213437],[-97.22319828003238,28.076939295025646],[-97.2227701896534,28.07675249758539],[-97.2225647853747,28.076136668193005],[-97.22239715645937,28.07597178518887],[-97.22221733377422,28.075949861312203],[-97.22206235700378,28.07598843817885],[-97.22196958904972,28.0761754651413],[-97.22216243340694,28.07667029836702],[-97.22219847211105,28.077008076184512],[-97.22158067671508,28.0775779248213],[-97.22049021837836,28.078309776270462],[-97.21988972164135,28.079145888479815],[-97.21905547701228,28.08152201951076],[-97.21864711876032,28.082248200278123],[-97.21831279205098,28.082666329507823],[-97.2176388951896,28.084151838804274],[-97.21654336959352,28.085555230854823],[-97.21542411379598,28.087454275864992],[-97.21456409456559,28.08851148875283],[-97.2141430507237,28.088825494057236],[-97.21300555264646,28.090609852391516],[-97.2122632474044,28.091474783087925],[-97.21197847019036,28.091678693348562],[-97.21176821621604,28.091948651811496],[-97.21123175333906,28.0934576520024],[-97.21110174738612,28.093551368746102],[-97.21078547285826,28.093469075083895],[-97.21056262829966,28.093639971691644],[-97.21050096128576,28.093810693780668],[-97.21060686777271,28.09409137496968],[-97.21026040294582,28.09445508158023],[-97.20941187902042,28.09481380833906],[-97.20891702668851,28.09537036783311],[-97.20886198580139,28.095783338723386],[-97.20847771897513,28.095794752597072],[-97.20831668860254,28.095871994290977],[-97.20821194479632,28.09622445002803],[-97.20808204143924,28.096362219168483],[-97.20750601168135,28.096605076842835],[-97.20704207305414,28.097128575990347],[-97.20652812444816,28.097420927447455],[-97.20612624693484,28.098015903337632],[-97.20577962564836,28.098297064301576],[-97.2054766107245,28.098726765873142],[-97.20485719669928,28.09897518222603],[-97.20386071026465,28.09985705407456],[-97.20365033013306,28.100093970820758],[-97.20364466720736,28.10043524387352],[-97.20345904161987,28.100644626795894],[-97.20241200163491,28.100959551377777],[-97.20111213063338,28.10216088545634],[-97.19979322672006,28.103103505482828],[-97.19955802669325,28.10336244200985],[-97.19954617181621,28.103742180152796],[-97.19943468740509,28.103819369857813],[-97.19898807953531,28.103588709781597],[-97.19876505844019,28.103671504721273],[-97.19744640679305,28.104900182520858],[-97.19678343181708,28.105304197455915],[-97.19614562074315,28.10561147500619],[-97.19563075960447,28.10603184196949],[-97.19540267953417,28.106322171701603],[-97.19423812886814,28.10698373022589],[-97.19263435804405,28.108421603966807],[-97.19216958419474,28.10856514191504],[-97.19202746479525,28.108956000901664],[-97.19191600940405,28.109055160312383],[-97.19153177574856,28.109160088993395],[-97.1909124439088,28.109650444564398],[-97.18984686159341,28.110245788911225],[-97.18848434023133,28.11144670228697],[-97.18573996480097,28.113358764048048],[-97.18500926388741,28.114201347010976],[-97.18427795533518,28.114488192450004],[-97.18398679735942,28.114730587420137],[-97.18266547006262,28.11552701824548],[-97.17978525996845,28.117100820668103],[-97.1789920009853,28.11757483877857],[-97.17846643266624,28.11802509065011],[-97.17412899824085,28.120641242649207],[-97.17344394479893,28.12091796216658],[-97.17044466260978,28.12262509753356],[-97.16819965632772,28.123769048549416],[-97.16634273430928,28.124980493839853],[-97.16596439625249,28.12553173524748],[-97.16574738833829,28.1256585615512],[-97.16519540310352,28.12567538361212],[-97.1649597805232,28.12579671501265],[-97.16450719222159,28.126248707357487],[-97.16424672670685,28.126392077026196],[-97.16373187527213,28.126386849337123],[-97.16335956353544,28.126117101076122],[-97.16330395901345,28.12664050158393],[-97.16313649564266,28.12672324182807],[-97.16297517149717,28.126624170653002],[-97.16284499148986,28.126861136269866],[-97.16226824718873,28.127450937571016],[-97.1622745107361,28.12759967079459],[-97.1624669124264,28.127869531964915],[-97.16234292437673,28.128156073995928],[-97.16212582884224,28.128293925025716],[-97.16205148975497,28.128624531007073],[-97.16174753501129,28.128856093113995],[-97.16110871639671,28.1298040562578],[-97.16046359336292,28.13059224991661],[-97.15960130238551,28.131512808055952],[-97.15904914920333,28.131970385920358],[-97.15886927047062,28.13232309924611],[-97.15834816751777,28.13290188337475],[-97.15759121467246,28.133420186356844],[-97.15656123239371,28.133949632313513],[-97.15635653846833,28.13429685861696],[-97.15640629979245,28.134649440789374],[-97.15579827419859,28.13506297715107],[-97.15556866956865,28.13512370513531],[-97.15525048109319,28.135393417450633],[-97.15409827533206,28.136198843116613],[-97.15334123770441,28.13652427396965],[-97.15316147606073,28.13692106580491],[-97.15325423212376,28.13723664760994],[-97.1525128626443,28.137805297874415],[-97.15208209939635,28.13788580764988],[-97.15167902115313,28.13840393190279],[-97.15132531299896,28.138519815882677],[-97.15105236175269,28.138707282438247],[-97.1507174815106,28.139087618915788],[-97.15020874044302,28.13934131966478],[-97.14970608509334,28.139462779056977],[-97.14959317599308,28.139583497048324],[-97.14615373638597,28.140774999107883],[-97.14561078497164,28.140809065628186],[-97.14466140075919,28.14106843141192],[-97.14398495967791,28.141178915024096],[-97.14285590437903,28.141719424084556],[-97.14043644409932,28.142657215109267],[-97.13660899439692,28.143915286439587],[-97.13493409603343,28.144312744324264],[-97.13153468123907,28.144887187280926],[-97.1306410742111,28.144832340537445],[-97.13003898669992,28.144705704351342],[-97.12954273308722,28.14476098669039],[-97.12920175889754,28.144904418443133],[-97.12847079221027,28.145494564074163],[-97.12593764358365,28.147750398812494],[-97.12508124559035,28.148261345102817],[-97.12356268061767,28.149440318698325],[-97.12088100918484,28.15127862875571],[-97.11912276011988,28.15264319167256],[-97.11745237946448,28.153758051868977],[-97.11678765537769,28.154094824168716],[-97.11583900847435,28.154734989202407],[-97.11406072138593,28.15573943201115],[-97.11036357517851,28.15820901500836],[-97.1025150442137,28.1618013700586],[-97.10116047599224,28.162561991084786],[-97.09925315110135,28.163511499923025],[-97.09563026564174,28.165217696829355],[-97.09456757222495,28.1655536347632],[-97.0920078670219,28.166941946221456],[-97.09096582180732,28.16743632843065],[-97.08926140690647,28.168231535724537],[-97.08835405854292,28.168578897375497],[-97.08744062329254,28.169108351968898],[-97.08683544154643,28.16935486799244],[-97.08648967159773,28.169456015298554],[-97.08565030177652,28.169483886047825],[-97.08536438797685,28.16959985258711],[-97.08353435748337,28.170545099989063],[-97.08271004005745,28.170809621207],[-97.08221273227689,28.171102467086943],[-97.08036612114037,28.17193192957674],[-97.07628673295105,28.173575572407348],[-97.07508656003642,28.174178440989834],[-97.0744349043594,28.174417272043918],[-97.0727967444724,28.175169066018395],[-97.07146188374054,28.175571882374832],[-97.06994960332278,28.176219863137526],[-97.06818334797006,28.176839324931],[-97.06772940131702,28.17710999080659],[-97.06634013575425,28.177595575441142],[-97.06558376660699,28.177845339481873],[-97.06476291660348,28.17821546409985],[-97.06345062733003,28.178613501380617],[-97.06313441541671,28.178804031244177],[-97.0602354146008,28.17980673262272],[-97.05742426950404,28.180596870017663],[-97.05363704089237,28.18212076577234],[-97.05179621657884,28.182750304255595],[-97.04947644583031,28.183391077091375],[-97.04748019343559,28.184158592456917],[-97.04706969086344,28.184202862760042],[-97.0464167191147,28.184512031795673],[-97.04616169271017,28.184506613755147],[-97.04567660201562,28.18466125738921],[-97.04530341115235,28.184694507824844],[-97.04478730140644,28.185031198404772],[-97.0443208675078,28.185180323156423],[-97.0438108345487,28.18521913163112],[-97.04282206903474,28.185710446695108],[-97.04232450712166,28.185831993475013],[-97.04160919822496,28.185782597293883],[-97.04147019901811,28.185840405625022],[-97.0412298480038,28.18595926044559],[-97.03994237824675,28.186130702348805],[-97.03816365394931,28.186710496906304],[-97.03779053586877,28.186925724514932],[-97.0376351544618,28.187273300108927],[-97.03737394173245,28.187361649022495],[-97.0371874321513,28.18764853843689],[-97.03697595461634,28.187659631592457],[-97.03660893042219,28.187499744393264],[-97.03642853741671,28.187505314973706],[-97.03382254620443,28.188040915466434],[-97.03315084664312,28.18819546654652],[-97.03224287682632,28.188719614489816],[-97.0307999277116,28.1890782633888],[-97.02949395100448,28.19004903992237],[-97.02897154226333,28.190385478334687],[-97.0281878863446,28.190749475087255],[-97.02782097823756,28.191030732876726],[-97.02678867394758,28.1922218946882],[-97.02648392101273,28.192470015981712],[-97.02640932455527,28.19269060669945],[-97.02609216704855,28.193015941735286],[-97.0260010352331,28.193234456294324],[-97.02546406575041,28.193854042344874],[-97.02484210403007,28.194256485194767],[-97.0244005913582,28.195017357582422],[-97.02313800534498,28.196208046318517],[-97.02303850824734,28.196522299956833],[-97.022628035257,28.197029421060293],[-97.0224414724184,28.197487002438887],[-97.02186921835568,28.197867204319955],[-97.02162041302357,28.198153799101686],[-97.02142140938518,28.198561698586126],[-97.02119745467544,28.19866636028517],[-97.0209675213807,28.200149293848938],[-97.02053207152943,28.20062317747372],[-97.02058817040955,28.20114694374016],[-97.0205384351156,28.201367428585524],[-97.0203019990172,28.201367301692336],[-97.02005307956907,28.20118523534743],[-97.01930637669916,28.20089819315239],[-97.01890813412822,28.200881455194768],[-97.01865305258563,28.20109079944729],[-97.01855973942274,28.201349824515635],[-97.01844780938241,28.2018844771185],[-97.01856607861208,28.20213259325115],[-97.01913864503244,28.202430573271492],[-97.02021513606933,28.202585565406874],[-97.02083113337177,28.202563870126475],[-97.02210032277917,28.20233864474871],[-97.02305831309326,28.201925751660653],[-97.02332576509771,28.2017384562622],[-97.02370496294789,28.200597346459464],[-97.02386043111517,28.200376886120125],[-97.02410939701252,28.20088430447925],[-97.02433960950532,28.201143593001348],[-97.02465069001936,28.20133677586325],[-97.0250052910434,28.201463840282113],[-97.02520434879413,28.201463952356193],[-97.0259569830735,28.201321057454614],[-97.02906678808907,28.20106935960503],[-97.03016753188027,28.20073358911665],[-97.0321699232686,28.199592748243138],[-97.03293484993148,28.199361368389123],[-97.0335131935975,28.199284358749775],[-97.03452691479039,28.199301274342687],[-97.0351923444611,28.19934562625783],[-97.03610655822463,28.19950590848242],[-97.0365854162723,28.1996715588831],[-97.03694610655738,28.20010209246591],[-97.03749329422439,28.201216958527606],[-97.03804672543482,28.20185722488282],[-97.03838871789766,28.20246982841991],[-97.03858770416228,28.202640917969656],[-97.03925927755294,28.20407564921736],[-97.03943341525887,28.20458878505434],[-97.03955160232952,28.205443874375675],[-97.03951473022903,28.205536964053213],[-97.03916600066816,28.205079757701952],[-97.03904163199653,28.205019051521496],[-97.03885505986094,28.205151416458122],[-97.03875557975428,28.205383108604508],[-97.0388116347843,28.206050519504227],[-97.03917250232591,28.206916435741274],[-97.03984995769223,28.207383546779614],[-97.04149951967786,28.208043436363912],[-97.04178846252296,28.208236535816265],[-97.0417757676844,28.20829361047342],[-97.04148039976367,28.2082394976335],[-97.0399065731075,28.2076829425934],[-97.03982575742333,28.207732546744083],[-97.03996261891636,28.2078538491104],[-97.04085221604764,28.208305822053656],[-97.04092687778969,28.208371947252875],[-97.0408460534738,28.20842157937927],[-97.04031731136914,28.20829487454485],[-97.03984452460205,28.20804129296918],[-97.03952094742094,28.207583690294626],[-97.03918511328045,28.207484394507997],[-97.03852581236241,28.207098296828555],[-97.03838883244212,28.20638687019844],[-97.038407392314,28.205868414157916],[-97.03864361626904,28.205090704244846],[-97.03904161393717,28.204517013741672],[-97.0390291646669,28.204268739939707],[-97.03860010270394,28.203402432472405],[-97.03786633156659,28.202409037081107],[-97.03743107220981,28.20168051461169],[-97.03712635628655,28.20142658654273],[-97.03693978976031,28.20147067433434],[-97.03669102214118,28.20206107215102],[-97.03614998256204,28.202568510423188],[-97.03603183309691,28.202596050327244],[-97.03536646940799,28.202413660139545],[-97.03471976012054,28.202413349216187],[-97.03438397833274,28.202462803562522],[-97.03403575590104,28.202622606465326],[-97.0334512518649,28.20276568775241],[-97.0327610826999,28.20312378829391],[-97.03165428816288,28.20353669397194],[-97.0308770842285,28.203922169444496],[-97.02912360577292,28.2045824810376],[-97.02866348211009,28.20489641275241],[-97.02858896617032,28.205249244986305],[-97.02844596545498,28.205353891188867],[-97.02848953700314,28.205480752058072],[-97.02839009254691,28.205585418801256],[-97.02783653614642,28.20543055514959],[-97.02697828644888,28.205518027847457],[-97.0259646268969,28.206035403250237],[-97.02554791376964,28.20606812315168],[-97.02490111010182,28.206403850827638],[-97.024521622596,28.2062987992967],[-97.02417326512965,28.206342621736347],[-97.02338930604513,28.20604979865575],[-97.02291648770183,28.20602186676125],[-97.02164649714018,28.203705558646284],[-97.02127308217067,28.203280808773304],[-97.02114240626774,28.203247673232614],[-97.02057620866584,28.20328037580453],[-97.01998506478427,28.2031973163564],[-97.01893970521596,28.203422681199815],[-97.01795024237983,28.203471716516354],[-97.01753329988244,28.2035927336492],[-97.01722211347986,28.203454766205642],[-97.01659350102254,28.20338826826376],[-97.01593997868896,28.20305719685752],[-97.01541093553621,28.202935672316997],[-97.01452711361388,28.203006880844082],[-97.01380507205678,28.20328762899196],[-97.01358723578916,28.203270979714745],[-97.0127718023085,28.202984036462546],[-97.01203107958558,28.20297818840615],[-97.01128404960838,28.203330612073593],[-97.0111222152296,28.20331402019081],[-97.01063674500854,28.202823352005044],[-97.01042512959322,28.20274061016873],[-97.00887518774034,28.202707031900164],[-97.00849556916215,28.20250302577655],[-97.00819690293208,28.20217229298677],[-97.00769321293731,28.20107556196482],[-97.00740696117799,28.200965277125015],[-97.00726397463248,28.20065664995356],[-97.00802331617544,28.200508034467116],[-97.0080793584274,28.20044743175884],[-97.00801100073089,28.20019943649084],[-97.00856496321855,28.20005078214064],[-97.00896338808327,28.199758792538216],[-97.01033902073289,28.198987623892975],[-97.01088053677915,28.198585450962522],[-97.01179543387767,28.19817237453588],[-97.01193239515968,28.197940929083607],[-97.01177684046957,28.19778104593729],[-97.01050119677735,28.197620913930404],[-97.00973589686502,28.19736724148852],[-97.00895817677672,28.197086004429096],[-97.00869689237827,28.196854503011558],[-97.00826155560976,28.196259238208654],[-97.00800046938586,28.19560336917341],[-97.00770818554432,28.19525612485544],[-97.00746572266256,28.19472150290547],[-97.00722956808909,28.193999490521314],[-97.00732307264309,28.193409772546453],[-97.00728579288794,28.19305770506465],[-97.00725479989809,28.192952317103718],[-97.00662662356505,28.19238456626281],[-97.00650229959093,28.192092450275144],[-97.00654603331587,28.191342858067582],[-97.00668294940147,28.191105850040774],[-97.00723048306627,28.190565712254802],[-97.00757277239263,28.189827096279956],[-97.00781546672142,28.188961692931894],[-97.00762891463165,28.188504161888883],[-97.00774088656833,28.188382907323675],[-97.00800836201687,28.188382911818447],[-97.00812656147032,28.188322279247117],[-97.00826341888063,28.188167933091666],[-97.00879219671239,28.186966221589216],[-97.00950749351937,28.186144830048498],[-97.01020763832219,28.185555942964996],[-97.01128016504603,28.184794211629352],[-97.01187728814307,28.184634331096838],[-97.01218204919712,28.184452398346302],[-97.01327053754596,28.184215344208642],[-97.01432177653977,28.184292541897204],[-97.01513657547838,28.18416574136826],[-97.01718299359177,28.184000310522194],[-97.01856376414536,28.183476500001827],[-97.01865702834411,28.18327801961106],[-97.01858232576832,28.182958224673325],[-97.01815301219706,28.182478576680616],[-97.01700807187669,28.180460754819514],[-97.0171011303615,28.17951798888159],[-97.01738069287342,28.178612247607276],[-97.01784707793352,28.177814356453656],[-97.01817045386532,28.17757175435664],[-97.01854361811498,28.17746144799693],[-97.01862444018035,28.177351186489428],[-97.01862434899972,28.177042431976297],[-97.0188418619091,28.17633121520891],[-97.01886042271313,28.17600595203421],[-97.01836885087586,28.175327892607086],[-97.01780280890985,28.175228705506385],[-97.01753525713333,28.174931021109927],[-97.01741056094089,28.1738945835225],[-97.01703089011826,28.172968432720612],[-97.01713642852123,28.172262787459676],[-97.0174098687509,28.17143586360392],[-97.01744088468556,28.171066496783865],[-97.01723527957067,28.16982063872237],[-97.01727251266135,28.169423737480383],[-97.01768895464001,28.168249544350825],[-97.01805552379989,28.166496556827937],[-97.01890797940308,28.16402483105317],[-97.01951636143174,28.16267639195788],[-97.01950389061341,28.162472439816092],[-97.01936704885176,28.16232363420044],[-97.01909175447399,28.162197784955463],[-97.01862600385658,28.159903672497276],[-97.01720833868978,28.156436996472216],[-97.01703110961569,28.15478366246812],[-97.01765265277994,28.151842607154535],[-97.01848318438842,28.15105701038255],[-97.01909244763868,28.15069320255389],[-97.02051614011039,28.150505797763145],[-97.0208269466077,28.150263261582246],[-97.02107562039951,28.150169553018646],[-97.0213615961914,28.150263260115484],[-97.02171607392786,28.15134908482462],[-97.02190259624096,28.15153097623448],[-97.02218238006893,28.151602598973398],[-97.02291599957768,28.15170727743989],[-97.02330765317694,28.151674191470207],[-97.02418417255697,28.151194614766155],[-97.02515127126873,28.151147454663608],[-97.02574454599367,28.150918897539288],[-97.02759082966288,28.1504998245549],[-97.02766539952019,28.15036203905918],[-97.02762805786088,28.15026836011294],[-97.02729226457632,28.149860596093827],[-97.02626199778392,28.14952593490015],[-97.02522015336083,28.14946766849877],[-97.02443868274587,28.149155354999927],[-97.02366775706555,28.148615236677962],[-97.02355587163613,28.148631774830765],[-97.02337557583655,28.148527045077635],[-97.02317044823567,28.1486097202195],[-97.02305231232597,28.148471922316986],[-97.02297768551281,28.14817981467232],[-97.0224740873564,28.147556957250174],[-97.0222005718237,28.147512856756883],[-97.02197056654794,28.147606536033724],[-97.02187110024431,28.147551408836723],[-97.02164106543684,28.147005728889877],[-97.02164103677514,28.146586810717054],[-97.02139856882336,28.14610723968078],[-97.02095100889362,28.14593080795307],[-97.0203977859503,28.145390525604725],[-97.02003728088756,28.145186516928696],[-97.01876933358696,28.144078230120535],[-97.01825971137309,28.143725270715645],[-97.01694219711243,28.143057822014907],[-97.01579300149618,28.142805849474936],[-97.01479818730348,28.14246163218818],[-97.01438817226861,28.1419045693788],[-97.01360527798155,28.141534789294347],[-97.01318282099301,28.141159611652714],[-97.01277273193082,28.14104916134551],[-97.01202077991444,28.14108194260491],[-97.01162312376361,28.140982487680304],[-97.00970963091129,28.140060539703676],[-97.00854853020724,28.138664305481896],[-97.00826928588357,28.138140030815002],[-97.00835673750365,28.13750559983037],[-97.00913398079024,28.136590174607907],[-97.01024023973721,28.13594542651441],[-97.01033973861348,28.135752421917],[-97.01031500349833,28.135559322848195],[-97.01012878088058,28.135321941234825],[-97.01002981636562,28.135002403962645],[-97.00998625516182,28.13470394351044],[-97.00967066946748,28.1345526004414],[-97.00929063516587,28.134515816800572],[-97.0089426390137,28.13470864196266],[-97.00834226026365,28.134868046961035],[-97.00735828561531,28.134966879637357],[-97.00693568510242,28.135121136117984],[-97.00693563062721,28.135203885429295],[-97.00720261443709,28.13542476246505],[-97.00721495071913,28.135535138908928],[-97.00674197169218,28.13654466714583],[-97.00659277626879,28.136632862716603],[-97.00510758082412,28.136781178041538],[-97.00493369588824,28.136687298387677],[-97.00493375533662,28.136610055243864],[-97.0049655100899,28.135804375508116],[-97.0051274414867,28.13536847674126],[-97.00547572394781,28.134987881508792],[-97.00643916010824,28.134480739041848],[-97.00659458781152,28.134337362855703],[-97.00676879701184,28.133984313720678],[-97.00668813824629,28.133846309070545],[-97.00608553591785,28.133807318207268],[-97.0055201126696,28.133878730361413],[-97.00475559048125,28.134237033981833],[-97.00448822329945,28.134452126480873],[-97.00382254671699,28.13535692001603],[-97.00364228253508,28.135412047790084],[-97.0034186196069,28.135367817979255],[-97.00311394343274,28.13554985943062],[-97.00301410859176,28.13598579594381],[-97.00312582514995,28.136145868802753],[-97.00328121315947,28.136118317585936],[-97.00336209963595,28.13602452772347],[-97.00343691847904,28.135743107975554],[-97.00384703249722,28.135770825291093],[-97.00399611969627,28.135842625664583],[-97.0039086949141,28.136306149582122],[-97.00404508510364,28.13665386283444],[-97.00387081253216,28.136962851390045],[-97.0036158700922,28.137111766584106],[-97.00282017440844,28.137348866777497],[-97.00144021817825,28.137558310646167],[-97.00082011604977,28.137572048018853],[-97.00052658363684,28.1375251114007],[-97.00026673742708,28.137352578001597],[-96.99992688366528,28.136808659480117],[-96.99990844166177,28.136572009367843],[-96.99962884863956,28.13641218698607],[-96.9991501670209,28.136488862877393],[-96.9988578256908,28.136692265598306],[-96.99873955481233,28.13689027758083],[-96.99878261461642,28.137407617570627],[-96.99857740201337,28.137528524983015],[-96.99834742875723,28.137495339988824],[-96.99716063298447,28.136938540785522],[-96.99655198258189,28.136343674717406],[-96.99553276750325,28.136111674718595],[-96.99535278268816,28.135819845873517],[-96.99512288915577,28.135704077768583],[-96.99475653145372,28.135263467723775],[-96.99447123673053,28.13458630090267],[-96.99406162619256,28.133886996415704],[-96.99281302752713,28.133038284078204],[-96.99267662165924,28.132669406376525],[-96.99237237660464,28.132253403514536],[-96.99200007832361,28.13165608527734],[-96.9914535337686,28.131187717949786],[-96.99120501077977,28.131077393839004],[-96.99073890641522,28.131027421641484],[-96.99059601773826,28.130933715635308],[-96.98983781115588,28.13086138846791],[-96.98961411383911,28.130773097334473],[-96.98883144115412,28.130293455582382],[-96.98876327611852,28.130067715900175],[-96.98827261280375,28.12969844682332],[-96.9875147400351,28.129295846297804],[-96.98709864936684,28.128948628547782],[-96.98671964912603,28.128805114478215],[-96.98667015659179,28.128568383808744],[-96.98647138420357,28.128469082311952],[-96.98578139223592,28.128556384491336],[-96.98536481220886,28.128693520264424],[-96.98481078032752,28.129540506552658],[-96.98460556349369,28.129650350504157],[-96.98422398516901,28.12965829320037],[-96.9830764313742,28.129769643566434],[-96.98261637652492,28.129890168699742],[-96.98244241736256,28.129829416553466],[-96.98244873906066,28.129713842647686],[-96.98263528221169,28.129631496279877],[-96.98252345943347,28.129581835277925],[-96.98101893906949,28.129954244162416],[-96.98033485332218,28.130327643695082],[-96.97986275723407,28.130073860966743],[-96.97940297376242,28.12991913367723],[-96.97886842096831,28.129945964536503],[-96.97861970378418,28.130050214216535],[-96.97814059719767,28.130528406939046],[-96.97714568124358,28.130950840626518],[-96.97606588106254,28.131783662529344],[-96.97548474771504,28.132230906884683],[-96.9751734676484,28.13267624951396],[-96.97478494398048,28.133535154819835],[-96.9746992189324,28.13437066295256],[-96.97481697845413,28.134684524742596],[-96.97587447771599,28.13515879747445],[-96.96785326090203,28.135171178009216],[-96.95952035018638,28.135213491515803],[-96.95487742419567,28.13520071234882],[-96.9552620722042,28.135064378342648],[-96.95552929483753,28.135108919996423],[-96.95586505800533,28.135021489985686],[-96.95620127574789,28.134581808653415],[-96.9564933136871,28.13464840479474],[-96.95680424983608,28.1345334093629],[-96.95720806806966,28.13468827194473],[-96.9577177651302,28.13468373138392],[-96.95815944322231,28.134398350742426],[-96.95825914212563,28.134200399431027],[-96.95835239059139,28.134178552832118],[-96.95842678346378,28.134338284460664],[-96.95852622400963,28.13434948776399],[-96.95887443159688,28.13423453863598],[-96.95914193068539,28.134053413327663],[-96.95964543495379,28.134032313073256],[-96.95988186656695,28.13383461571888],[-96.96065190352644,28.134391876039512],[-96.96080123751146,28.134276570892283],[-96.96116776437891,28.134431321309894],[-96.96124243278172,28.134359906362086],[-96.96164810022893,28.133017725453378],[-96.96179738998539,28.132935448680026],[-96.96205830857805,28.133034975288506],[-96.96261213413624,28.132518594467165],[-96.96299819337915,28.131941355221073],[-96.96298622983143,28.13157258924949],[-96.96316722963007,28.13094544839354],[-96.96311144156935,28.130829780263877],[-96.96283801660591,28.13079076882982],[-96.96281338567819,28.130598094409166],[-96.96263947139666,28.130498717145127],[-96.96219193941825,28.130530945833037],[-96.96153274625486,28.130815978402158],[-96.96125930233235,28.13079898102359],[-96.96082447702204,28.130589033186546],[-96.9604451569043,28.130731458469977],[-96.96018410803732,28.130736481492498],[-96.95989148911998,28.131121231230725],[-96.95972354064463,28.131231003743277],[-96.95911422290958,28.131395010037785],[-96.95851761836526,28.131327868097724],[-96.95828796957902,28.13109074951001],[-96.95798484329566,28.1299728821302],[-96.9580166923929,28.129367490119886],[-96.95810401411917,28.12912545799891],[-96.95908116617548,28.128064979419683],[-96.95909408210049,28.127679720882167],[-96.95919381650909,28.1274597254215],[-96.95907618040918,28.127096234500687],[-96.95925084297954,28.126595651655435],[-96.95909565128095,28.12645776069798],[-96.95913334933466,28.126138586610193],[-96.9587794746539,28.12582968180946],[-96.95859306114245,28.125801823905256],[-96.95823857946874,28.125971790639372],[-96.95799580314,28.126274077894962],[-96.95782789645658,28.12635631048755],[-96.9576103202725,28.126383430938333],[-96.95741775886457,28.126300497661365],[-96.95720736458827,28.12559554981592],[-96.95718316656207,28.124846147763442],[-96.95727508524477,28.124404878302144],[-96.9575909841236,28.124200109761464],[-96.95902972934547,28.123893603945007],[-96.95943934378096,28.123914794518733],[-96.95984324728643,28.124123433744867],[-96.96038976681908,28.12426573485617],[-96.96105971354638,28.124110218715764],[-96.96185442314362,28.124158521707432],[-96.96232735074045,28.124582253036216],[-96.96256354958547,28.12468663101915],[-96.96317210907745,28.12471332137179],[-96.96345175095026,28.124790104984395],[-96.9637569908225,28.125148020622103],[-96.96393093631282,28.125169829124076],[-96.96417274506852,28.125020636001974],[-96.96401060761109,28.124772782670014],[-96.96350063835766,28.124492332315455],[-96.96306411569795,28.123759855401662],[-96.96291476829211,28.123627795888876],[-96.96195743113408,28.12312776559389],[-96.96092606800592,28.12273825756253],[-96.96002564949121,28.122541579074674],[-96.95957228243984,28.122547678597158],[-96.95870973274964,28.12239562120526],[-96.95783997035176,28.12189646595007],[-96.95751160111175,28.122106596367168],[-96.95730693036538,28.12214018827194],[-96.95672352537586,28.122042650309034],[-96.95641352976584,28.1221151429734],[-96.95567608019155,28.122453353005678],[-96.95450442566566,28.122754674542126],[-96.9538774149882,28.122520052671163],[-96.95369146345875,28.122570323226572],[-96.95348095966352,28.122730863338987],[-96.95310269186821,28.122765345992708],[-96.9517000377253,28.122357914412504],[-96.9512784885269,28.122447838210167],[-96.95048436965352,28.12235216054875],[-96.94871081398483,28.122492530791455],[-96.94764456219188,28.12275656541433],[-96.94736546379272,28.122763438559815],[-96.94694957040453,28.122649763141737],[-96.94671327302298,28.12240853668479],[-96.94657052176899,28.122376183096353],[-96.94622351304957,28.122537636164058],[-96.9453118830263,28.122663388805616],[-96.94496431080286,28.122593474943237],[-96.94462341596986,28.122727417870124],[-96.94446190744195,28.122645571540634],[-96.9441443851161,28.12218433355674],[-96.94266772637228,28.122202652134987],[-96.94151954214007,28.12209255988169],[-96.9407068653796,28.122201203826073],[-96.94004270008811,28.12213826411216],[-96.93921148878786,28.122324103687312],[-96.9385046503367,28.122625077788957],[-96.9373502307733,28.122652498552977],[-96.93659318383469,28.12276067349262],[-96.93592953888987,28.123006230831237],[-96.93496751841387,28.12296147669804],[-96.93496781535038,28.120463341330783],[-96.92681578821032,28.12051030613185],[-96.91876318758355,28.12052616048887],[-96.91054342509237,28.12058105910041],[-96.90242009133458,28.12062610108266],[-96.89413128805735,28.120631461027862],[-96.8861368940744,28.120692376694652],[-96.88615463544177,28.1178880571665],[-96.88631156885667,28.117773792244087],[-96.88649826350243,28.117480924096288],[-96.88672233945852,28.11692868407973],[-96.88694008171623,28.116735066457217],[-96.88789168504734,28.11617547462124],[-96.88863787377112,28.115886738807774],[-96.88919122981225,28.11575294508154],[-96.89057136950275,28.115611514592057],[-96.89084486859876,28.115528085017214],[-96.8912986734966,28.115537946152774],[-96.89155355584255,28.11565862336458],[-96.8921688966839,28.115579820631744],[-96.8928775339573,28.115759975165233],[-96.89357340824,28.11542179634979],[-96.894182277744,28.115414665906513],[-96.8944123064993,28.11539208873239],[-96.89594020840418,28.11475963880972],[-96.89621329838066,28.114472257530675],[-96.8962255689609,28.114323349791597],[-96.89611982970851,28.114141666746253],[-96.8958649885392,28.113971375151692],[-96.89554823230361,28.11404383884416],[-96.89511952289341,28.113929122747237],[-96.89483975142076,28.113643089575643],[-96.89423408799455,28.113284230523142],[-96.89345402601438,28.11301241354128],[-96.89242900233523,28.1132630654355],[-96.89225508516549,28.11341236668423],[-96.89224270734202,28.113561292048175],[-96.89259691471865,28.113687253686752],[-96.89264048735717,28.11382499938948],[-96.89249768897011,28.114150714948792],[-96.89251645853595,28.114470507605112],[-96.89183305785181,28.11504023101008],[-96.89173358450265,28.115012922235653],[-96.89161539539893,28.11462166180906],[-96.89178920617981,28.113981540111865],[-96.89183871925034,28.113231430350773],[-96.89119857411738,28.112284493769753],[-96.89082578161351,28.11188835815809],[-96.89026663869853,28.11159188911208],[-96.88996224628626,28.11119558418028],[-96.88936593685104,28.110855060673394],[-96.88772611292998,28.110505888434105],[-96.88618648703238,28.11045554985302],[-96.88571962900183,28.11059311332897],[-96.8848369463612,28.111256898738972],[-96.88450769917718,28.111252101741417],[-96.88435868679832,28.11116970379864],[-96.88389962378707,28.110586047705315],[-96.88303686638804,28.11009146905242],[-96.88259613324051,28.109915897229353],[-96.88229848431592,28.109569056443565],[-96.88213093565184,28.10948113559691],[-96.88188882280355,28.10942649459245],[-96.88139200377097,28.109477128782125],[-96.88046078113555,28.10936867902086],[-96.88031824371107,28.109197980051086],[-96.88044281114219,28.108921972484],[-96.88036870921056,28.1086353378028],[-96.87995298816135,28.108476223848673],[-96.87930747833512,28.108427811813577],[-96.87899114899243,28.108257447083204],[-96.87859388840387,28.108252680763005],[-96.8783272976782,28.108060173214525],[-96.87760714240733,28.10818281473951],[-96.87737137117836,28.108128102850056],[-96.8772347267691,28.10820554772786],[-96.87753206191411,28.108546927928344],[-96.87761848216749,28.10884458807251],[-96.87747461665148,28.10948463805318],[-96.87713874599858,28.109876862328072],[-96.87704570833206,28.109843934575984],[-96.87691593493805,28.109524255290083],[-96.87652519383111,28.109392581976458],[-96.87611563893931,28.10936021107579],[-96.87610357425412,28.109167198900284],[-96.87602307872066,28.109068054204368],[-96.87571949544304,28.108792823166564],[-96.87540326705306,28.108661009173584],[-96.87541594182642,28.108501052799376],[-96.87601843124583,28.10816360197663],[-96.87628576717435,28.107865335487016],[-96.8764286211847,28.107798921316377],[-96.87772559190684,28.10784069962168],[-96.87842082860246,28.107767728873036],[-96.87889276480755,28.107612453269812],[-96.87914748529784,28.107441032831183],[-96.87925947893675,28.107247815989027],[-96.87880654223854,28.107132873648844],[-96.87871351453329,28.107077901849944],[-96.8787260807311,28.10697311505047],[-96.8794089568599,28.10685053653991],[-96.8794588899943,28.106618860832725],[-96.87930403878482,28.106371028518403],[-96.87944072598151,28.106249477850394],[-96.88008608242684,28.10634197671386],[-96.88065130498298,28.105949443474742],[-96.88117902344646,28.1057995618838],[-96.88136533837432,28.105661363774942],[-96.8819737083641,28.105511319312434],[-96.88284265729631,28.105493045345415],[-96.88300414735198,28.105338369077685],[-96.88445060361155,28.10479516528969],[-96.88566098557928,28.104478429565038],[-96.8861451800359,28.10443832015511],[-96.88723126528352,28.104221540542834],[-96.887907767128,28.10417049042914],[-96.88818704797862,28.104059653031683],[-96.88932902780364,28.104128839757262],[-96.89088069396364,28.1043569725528],[-96.89344367580183,28.103761522404945],[-96.89356765197945,28.103513219651344],[-96.8933066046258,28.102791723960312],[-96.89336223836224,28.10242230383524],[-96.89392653426302,28.101831323624804],[-96.89416845337567,28.101698519962053],[-96.8942429465073,28.10173141551007],[-96.89420581982992,28.101869284906172],[-96.8935918835561,28.10248796304695],[-96.89356095657821,28.102642346412694],[-96.89360454856363,28.1029068230639],[-96.89420693489613,28.10361102215635],[-96.89454202806486,28.1035551646951],[-96.89546029041176,28.103238978975753],[-96.89587592348248,28.103028615149764],[-96.89626693238432,28.10307736636483],[-96.89666402675378,28.10301036887361],[-96.89737742030508,28.10268912674045],[-96.89840748704985,28.102648321575415],[-96.89943104466427,28.102320936104242],[-96.90018183923631,28.102275259341393],[-96.90149687701945,28.101837074889964],[-96.90212975592327,28.10182472015178],[-96.9024103819472,28.101738171360772],[-96.90470999193812,28.100970742276647],[-96.90549129047359,28.100572416139432],[-96.90562754629573,28.100362763493788],[-96.90658265042543,28.10006330766278],[-96.9069545826865,28.09978706943216],[-96.90881519563321,28.09927654693101],[-96.90975757936755,28.098789909116846],[-96.91065064223675,28.098496311484435],[-96.91156807811537,28.0980097060026],[-96.9118468982822,28.09776683045232],[-96.91188982236577,28.097419742347995],[-96.91173431311447,28.09713364849236],[-96.91210673412118,28.097276136462504],[-96.91230567525041,28.097556624610043],[-96.9125475886353,28.097545141820017],[-96.91286356122016,28.09725813306937],[-96.91407239755821,28.096677504646433],[-96.91464234466658,28.09618075153656],[-96.91567738780536,28.095616990544773],[-96.91599302182556,28.095164837382235],[-96.91678657393456,28.094904378816427],[-96.91689794996088,28.09473897770784],[-96.91686682344033,28.09466745755939],[-96.91606638731368,28.09452599219702],[-96.91597311704268,28.09438855396194],[-96.91645684623806,28.09433247319083],[-96.91732528843438,28.094347145477037],[-96.91737470829972,28.09423693186247],[-96.91704556129626,28.09400640838278],[-96.91689015246797,28.093808532319315],[-96.91697066411156,28.09373128152292],[-96.91775897754334,28.09404887287142],[-96.91789540109416,28.094037563963937],[-96.91840992850433,28.093871209807403],[-96.91874905976701,28.093581615420486],[-96.91915309910691,28.093219842708827],[-96.9198656855138,28.092849226685825],[-96.91993351124763,28.09262883340266],[-96.92072689785635,28.092357025515504],[-96.9209619634791,28.092042584339957],[-96.92184333181868,28.091484337191517],[-96.9221821472591,28.091196816427285],[-96.92234294074079,28.09096507310803],[-96.92270230572954,28.090804338502927],[-96.92293746852599,28.09054483391565],[-96.92323492140422,28.09043380378909],[-96.92339578713565,28.090246082433175],[-96.92368742865499,28.090322281129563],[-96.92376739498376,28.08999712844873],[-96.92428701319076,28.089362115574595],[-96.92440421506582,28.089053301516458],[-96.92431719937167,28.088954449426538],[-96.92384577223272,28.088906410507363],[-96.92375870716243,28.088791024776384],[-96.92427318841129,28.08866817331204],[-96.92446500224673,28.08845823714377],[-96.92478730983451,28.088385565512002],[-96.92515869931448,28.08805378443314],[-96.92577725976709,28.087318914710373],[-96.92616018124941,28.086601266167783],[-96.9261846144873,28.086430358589304],[-96.92610941458895,28.086055902320133],[-96.9257306275941,28.085820267608394],[-96.92572420159927,28.085721083070098],[-96.92595327425094,28.085543913031852],[-96.92593930525511,28.084821916807012],[-96.92610584391484,28.08441891470945],[-96.92666301905507,28.083997937886018],[-96.926833068535,28.083690061105674],[-96.92745433996755,28.08288132309088],[-96.92758398332445,28.082616167106313],[-96.92763894596348,28.08222995852216],[-96.92742700547392,28.081712322603398],[-96.92763591717964,28.08081807789514],[-96.92798882597369,28.08055758889283],[-96.92818672028062,28.0803086849118],[-96.92804302662556,28.079790688192638],[-96.92813583100549,28.079696589028256],[-96.92863790527711,28.07960657093801],[-96.92882339724046,28.079346659599434],[-96.9287608156903,28.0790710819303],[-96.92901407699263,28.078595812570327],[-96.92903791900028,28.07812682909257],[-96.92898807869942,28.07800009649623],[-96.92845424727243,28.077715022741902],[-96.92837962380845,28.07760492949483],[-96.92848489799587,28.077538384190394],[-96.92891921624606,28.077674859028182],[-96.92914231179994,28.07761344025439],[-96.92957351938642,28.076889471154008],[-96.92987150534684,28.076342233159313],[-96.93034178796124,28.075849750961414],[-96.93049601693056,28.075435556732675],[-96.93053283079814,28.075231325729092],[-96.93046448795559,28.075143281232243],[-96.93010499308309,28.075210607521345],[-96.93001810255103,28.075161228220818],[-96.93001798654954,28.075089516352275],[-96.93027185483463,28.074912184788023],[-96.93034599055089,28.074768533634504],[-96.93040702131765,28.074222229633786],[-96.93088371513463,28.073829135658563],[-96.93137838378422,28.07306095691539],[-96.9317002193977,28.07274009537137],[-96.9318299330992,28.072458428102248],[-96.93183534446284,28.0719785608484],[-96.93166075254292,28.07134476645417],[-96.9315178571709,28.07115765252587],[-96.93101551101493,28.071037723480355],[-96.93093470240969,28.070905566741352],[-96.93134964180987,28.07062862831103],[-96.93150414482464,28.07031383146212],[-96.93144100914955,28.069547376872134],[-96.93119273977621,28.069349510229323],[-96.93153323637479,28.069039734166665],[-96.93179890878375,28.06841584411941],[-96.9318171193635,28.068145574608288],[-96.93176111413982,28.068002333207097],[-96.93155026228649,28.067942215284464],[-96.93063279671779,28.06796668255013],[-96.93050252313235,28.067906349890595],[-96.93099818963233,28.06769549626476],[-96.93108469881317,28.067485712199495],[-96.93107793113113,28.067072108506885],[-96.93179013696079,28.066557433693404],[-96.9322105682251,28.065740250428306],[-96.93229064787714,28.065359581639377],[-96.93207972847645,28.065233294825678],[-96.93148500717417,28.06551599285662],[-96.93112539290367,28.06546726577718],[-96.93115627278567,28.065367917199403],[-96.93172625418352,28.065140417478165],[-96.93178805039268,28.064980359160707],[-96.93173216668883,28.064897789994006],[-96.9316514760678,28.06481528035795],[-96.93065296615464,28.06441521116162],[-96.93009454753197,28.063980950566453],[-96.93018126281078,28.06392559474187],[-96.93077013950575,28.063924177314092],[-96.93160637463029,28.063458975161343],[-96.93189713539678,28.062995121069246],[-96.9324016176627,28.062470260247867],[-96.93279451650083,28.061901314169972],[-96.93286839308807,28.06149866987766],[-96.93258913575717,28.06121266093787],[-96.93227909236182,28.06109761418315],[-96.93160985555022,28.06122600445513],[-96.9315726081675,28.061159942083286],[-96.93188841284497,28.060916610954976],[-96.93182631614602,28.060834061794807],[-96.93136747268129,28.0606642357131],[-96.93133019573264,28.06059265971754],[-96.93151576133734,28.060272460141533],[-96.9319552936457,28.059835895159736],[-96.93193644671837,28.059626440786634],[-96.9316016341492,28.05951145971926],[-96.9309821299264,28.05971136271599],[-96.93084579235347,28.0597282199454],[-96.93080849948618,28.059623559505212],[-96.93101281380375,28.05944666581401],[-96.931465066918,28.0593077983458],[-96.93237612427177,28.059344265201133],[-96.9325866736958,28.059205967176702],[-96.9327289376536,28.05896858836362],[-96.93277190268539,28.05863771471554],[-96.9325982519819,28.058533381915453],[-96.93249883662419,28.058313102653372],[-96.93224459275265,28.05817588528066],[-96.93290076180891,28.05760657224364],[-96.9330057718535,28.05732518969308],[-96.93280706163614,28.05700040449925],[-96.93247844794199,28.056846808964952],[-96.93226753468201,28.05665986122778],[-96.93235420984162,28.05660455152055],[-96.93298626086771,28.056581050899926],[-96.93369236510486,28.05634240632584],[-96.93385266114441,28.055719130452346],[-96.93398869511904,28.05552038770974],[-96.93390166321274,28.0552945770727],[-96.93393868811123,28.055195269036144],[-96.93475585969051,28.054647724181567],[-96.93514561538288,28.05421690353651],[-96.93588249392984,28.05389004583257],[-96.93606805352627,28.053674674394358],[-96.93618581838132,28.053690943326725],[-96.93631583000753,28.053619004071052],[-96.93691623109976,28.053193285937304],[-96.93775251620293,28.053009609273744],[-96.93908323846051,28.05203679057522],[-96.93972127765869,28.051870187143084],[-96.9399193754324,28.051743032829602],[-96.94012961942818,28.051483565172063],[-96.94121388513508,28.051283140094842],[-96.94218089208991,28.05133099336947],[-96.94313127354704,28.051024006537737],[-96.94360597896221,28.050986882461846],[-96.94547893575454,28.051375049199283],[-96.94565247910802,28.051347232745815],[-96.94629643197617,28.050888940784468],[-96.94648818585523,28.05064073240742],[-96.94641292419564,28.050189091377167],[-96.94652391658494,28.049863867398606],[-96.94679607210213,28.049527426552867],[-96.94684532244673,28.04935104880909],[-96.94673986832397,28.049318152741098],[-96.94628756067391,28.049489543104297],[-96.9458225929925,28.049501213274883],[-96.94524705518754,28.05004753888117],[-96.94517861802834,28.04992090526671],[-96.9453886254216,28.049518366419427],[-96.94572298555309,28.049303006652003],[-96.94575371141576,28.049154188592887],[-96.94525628718749,28.04844957294638],[-96.94485267247116,28.048135996110094],[-96.94465426497979,28.04811974904623],[-96.94428885268444,28.048296597819068],[-96.94447200576116,28.04802615281925],[-96.94538982667322,28.047060700784613],[-96.94532056903559,28.04656478808027],[-96.94539280906196,28.04557266270149],[-96.94531813926712,28.04544598758574],[-96.94514441076696,28.045385539452525],[-96.94480354616755,28.045441060440847],[-96.94462365765816,28.04538614602461],[-96.94412160569547,28.0454253214964],[-96.94390447347695,28.04534843668796],[-96.94397866536453,28.045254631596727],[-96.94537287435419,28.044971890391544],[-96.94544716217024,28.04492772919839],[-96.94544693413454,28.0448174890044],[-96.94513628944989,28.044525666564954],[-96.94424904870661,28.04419038708193],[-96.94391995134698,28.043942694967242],[-96.94400650754925,28.043854381175365],[-96.9440871604952,28.04387635044551],[-96.94549570603479,28.04445363248274],[-96.9458926318163,28.044519368131247],[-96.94627684044508,28.044436305560836],[-96.94742875329906,28.043845467598167],[-96.94753994465822,28.043668969998002],[-96.94705571179475,28.04341581687544],[-96.94644704588201,28.04296428483213],[-96.9459881990975,28.042948155241977],[-96.94600660304202,28.04286544498671],[-96.94634740248001,28.04277692544471],[-96.94693684504676,28.04296385177224],[-96.9474272650392,28.04320600679495],[-96.94761335509803,28.043244447454022],[-96.94795428380499,28.04319456405448],[-96.94832560175061,28.042891083904244],[-96.94849175017112,28.042361685009695],[-96.94892432892163,28.04175485800052],[-96.94860722990899,28.041413204268018],[-96.9486566453875,28.041330444608146],[-96.94908508498102,28.041567262072036],[-96.94977392892802,28.041776315493884],[-96.94987927169451,28.041743170210868],[-96.95039862036445,28.0411251909656],[-96.95139512070574,28.0402663525128],[-96.95205667358047,28.039645647175284],[-96.95268657529209,28.0386959831542],[-96.95316339267829,28.038463724214875],[-96.95327460557634,28.038320113914324],[-96.95318723993527,28.038121497696604],[-96.95297602631709,28.03798372029534],[-96.95193420417255,28.037951614822227],[-96.95176845148687,28.037919923414528],[-96.95174783784614,28.037824853341316],[-96.95206384965896,28.03774176508818],[-96.9524236006442,28.037785576929632],[-96.95232644525083,28.037641622474464],[-96.95250986926953,28.037592282408124],[-96.95324221673538,28.037823353134243],[-96.95345915624605,28.037795523255078],[-96.95431271588681,28.037060237073973],[-96.95445460839518,28.03681156449886],[-96.9546938625278,28.035933213307153],[-96.95468677606989,28.035629463823184],[-96.95497122371255,28.035374989341214],[-96.95522274138565,28.03446322763484],[-96.95573895681474,28.0338600917581],[-96.9560998928982,28.03339552298947],[-96.95652430083672,28.03225668770651],[-96.95676484591796,28.031847372701233],[-96.95763596588058,28.030856650277173],[-96.96194397876474,28.026653540401156],[-96.96256169725308,28.02592296529526],[-96.96322947076037,28.02535794268117],[-96.96398954559868,28.024560803608743],[-96.96518066169533,28.022730279144827],[-96.96540841855943,28.02215556530528],[-96.96633503306559,28.021049196950475],[-96.96699033664058,28.020456911220933],[-96.96778661761928,28.019379403536412],[-96.96822218479295,28.01874626519166],[-96.96891563721374,28.01738369782876],[-96.96933401781523,28.016223954606037],[-96.96959318676828,28.015815010720548],[-96.97049517179362,28.014814131071944],[-96.97137116835073,28.01336104530075],[-96.97186380808836,28.01221241379635],[-96.97281396006933,28.010770338362853],[-96.97486607274085,28.006970435122536],[-96.9752484165344,28.00640688214382],[-96.97623777269166,28.00425304236248],[-96.9768051530423,28.003011042019228],[-96.97839799889044,28.00025495500685],[-96.97905318552341,27.99916646933842],[-96.97998181084789,27.996932752212533],[-96.98057668571394,27.995890180143256],[-96.98134456660847,27.993897788748377],[-96.98224988592702,27.992219146140766],[-96.98272799205893,27.990679377483218],[-96.98284063380538,27.990057481766723],[-96.98332793567162,27.988053278736707],[-96.98372297539323,27.986853868958796],[-96.9843648054631,27.985787655067988],[-96.98467606210573,27.984983901701394],[-96.98479556107017,27.984200022258776],[-96.98476191801052,27.983393747477344],[-96.98462324432042,27.983028319246017],[-96.9844081082675,27.982986188679313],[-96.98428892334321,27.983107143267752],[-96.98425883034368,27.983422573913973],[-96.98420143207944,27.98442543552885],[-96.98410835779748,27.984685641385862],[-96.9839031589589,27.984942054597745],[-96.98378479562729,27.98493821473149],[-96.98370377569886,27.98485633991891],[-96.98363505459098,27.98428179450375],[-96.98344826211185,27.983973643467902],[-96.98306238713575,27.983866727209953],[-96.98274541276271,27.98404030925901],[-96.98252837114988,27.984615415431875],[-96.98229336136218,27.98584706215118],[-96.98180320521487,27.986599389834957],[-96.98162361492305,27.987190389117675],[-96.98111488860809,27.987621134835763],[-96.98078694088277,27.988963005205672],[-96.98048309250007,27.98937152339959],[-96.9805268385448,27.98971940408076],[-96.98041519748428,27.98983531394781],[-96.98044022137083,27.99003407808413],[-96.98081291163538,27.990288202150033],[-96.98088799396248,27.990889814819305],[-96.9807888302805,27.991088630784404],[-96.9807767050869,27.991364526864814],[-96.9808887642409,27.991595982489844],[-96.98118101984932,27.99188237608205],[-96.98118137377736,27.99224119867767],[-96.98067918463371,27.9930585205557],[-96.98005871407754,27.99356677760452],[-96.97984181347296,27.99393641262665],[-96.97963147838409,27.994620563075475],[-96.97979950945788,27.99498487266194],[-96.9795204744762,27.995304757926753],[-96.97940899405498,27.995541939866],[-96.97945301490527,27.996027566474147],[-96.97967696598748,27.99640829838749],[-96.97964006452061,27.99670621877197],[-96.97879127297756,27.99820632097056],[-96.97869233923305,27.998548268569643],[-96.97869865239278,27.998642058185155],[-96.97879798273732,27.99862007349941],[-96.97896507349914,27.998184406873147],[-96.97910776298647,27.998085199336888],[-96.97900907170356,27.998631274554132],[-96.97864973619382,27.99924885129185],[-96.97843266088252,27.99944174385606],[-96.97855550018488,27.99834402226119],[-96.97838668151105,27.99732878025189],[-96.97840417345762,27.99635777504918],[-96.97802389274038,27.994972638150035],[-96.9779859621707,27.994327041027606],[-96.97812846483593,27.99405674336569],[-96.9786061036051,27.993676250892577],[-96.97876128928255,27.993648747029003],[-96.97889189066771,27.993864059576335],[-96.97903471060948,27.993897259017206],[-96.97920847050122,27.993831133825733],[-96.97927665235093,27.993720816337497],[-96.97922642754804,27.993185455817166],[-96.9796468487084,27.991435999083013],[-96.97967135384015,27.991071692959945],[-96.97962077140718,27.99006695907177],[-96.9792101155046,27.98894060589],[-96.9792592240983,27.98823388945747],[-96.97955649534089,27.987300732992242],[-96.98041195758275,27.985544457641424],[-96.98047993806844,27.985069425844603],[-96.98036126129662,27.98377132784338],[-96.98082010640762,27.982760184450687],[-96.98091314956281,27.982660707824824],[-96.98174486170934,27.982461525251267],[-96.98226616523473,27.982168501949076],[-96.98279352355277,27.9815825483649],[-96.98302303938718,27.981168003385122],[-96.98302256851704,27.98006269147579],[-96.98256302912831,27.979532379780444],[-96.98248225957337,27.979316864616617],[-96.98255666057152,27.97908470817435],[-96.9829352113063,27.978797083351218],[-96.98300966187892,27.978642294552415],[-96.98336225537989,27.976789254544762],[-96.98332044611331,27.976636532018343],[-96.98306498876717,27.976657954893035],[-96.98279192242968,27.976774217761793],[-96.9821279089403,27.977471076873968],[-96.98168738373315,27.97808485180455],[-96.98042812131047,27.98055577502799],[-96.98013061719625,27.981694120527653],[-96.97974600936263,27.982263338984776],[-96.97939892064892,27.983362808970877],[-96.97853691233117,27.98488750964147],[-96.97836318888102,27.985036664705433],[-96.97815217822927,27.985097455922254],[-96.97614668062872,27.985438656584872],[-96.97570067831964,27.98552322326368],[-96.97511116432513,27.985799445322257],[-96.97452792514038,27.986180546572864],[-96.97373382121775,27.98689286078215],[-96.97261701390661,27.987687984260557],[-96.97226951623885,27.98779844758724],[-96.97158061832104,27.987848322267773],[-96.97105305617572,27.98777121746512],[-96.97091648825031,27.987677467579367],[-96.97069285150845,27.98706494302095],[-96.97045693157571,27.98668974245247],[-96.96934603519722,27.985989253112958],[-96.96917847470887,27.985785106613417],[-96.96907295535898,27.985503657325122],[-96.96894258753959,27.984741931244933],[-96.96897360822257,27.98434444285805],[-96.96930862919456,27.983979865770454],[-96.97013997262081,27.983460421770374],[-96.97148627405225,27.982797109575706],[-96.9721377298392,27.982708431412807],[-96.97350282095827,27.982707777325476],[-96.97498583736582,27.982414386482937],[-96.97537054583218,27.98223195028104],[-96.97586687859149,27.98177326507724],[-96.97612738134556,27.981237326203868],[-96.97614931397827,27.981085740711308],[-96.97614947329926,27.980821469648966],[-96.9760900321552,27.980662805894177],[-96.97563076438405,27.98011057565283],[-96.97550040382374,27.97983440333758],[-96.97534521093486,27.97892283331605],[-96.97550649079727,27.97794468736132],[-96.97615211910646,27.976455516801444],[-96.97688518671916,27.975489263652534],[-96.97736162410187,27.97456115418318],[-96.97805034089987,27.97388632118499],[-96.97859637063141,27.972868795315986],[-96.97913000903557,27.97138679234426],[-96.98003594446823,27.969423389702285],[-96.98009179975864,27.96912477107371],[-96.97993047296396,27.96847793010161],[-96.97998633098626,27.96830094199696],[-96.98031524929199,27.967963427125824],[-96.98197844314095,27.966889601958528],[-96.9829839100018,27.966009658842346],[-96.98428071425344,27.963736951817687],[-96.98427486724346,27.96245848379171],[-96.98418160227382,27.961623485492076],[-96.98420641665898,27.961452024415077],[-96.98458595148911,27.96077294309061],[-96.98477721084616,27.96016852868807],[-96.98480163432382,27.959095547542795],[-96.98528559222407,27.958370640245263],[-96.98556271276586,27.957407385451905],[-96.98552451008298,27.956759438930717],[-96.98539633856792,27.956252984544395],[-96.98547682047466,27.955710836152917],[-96.98537482487608,27.95479761486771],[-96.98540632700976,27.95453197352044],[-96.98601448169782,27.953828930295522],[-96.98626275218068,27.953646159911052],[-96.98774594604693,27.953196789868127],[-96.98798854896741,27.952787070496516],[-96.98805043159282,27.952405218880028],[-96.98844106484003,27.951442212231186],[-96.98876990184395,27.951032476526784],[-96.98906180304337,27.950800582931805],[-96.98936661449973,27.95032850564426],[-96.99032179360286,27.94920189690227],[-96.99081200434837,27.948831178168724],[-96.99167516613825,27.948452152912786],[-96.99254981094707,27.947965509343604],[-96.99298196342309,27.947587999778403],[-96.99381121909715,27.946236340701713],[-96.99450781328683,27.94518055233171],[-96.994786844871,27.944604267513494],[-96.99496014536547,27.94402941763287],[-96.99535757124336,27.94352407971048],[-96.99623211545315,27.94188101716633],[-96.9967780873311,27.941194874221242],[-96.9974845462815,27.939836343724238],[-96.99827206749453,27.93896313489248],[-96.99835841567406,27.938477776421426],[-96.99861847164563,27.937859614666895],[-96.99897177207058,27.93734587044992],[-96.99935007659327,27.936964214401677],[-96.99964113939781,27.936279596165132],[-97.00013697284783,27.935423176576016],[-97.00026624038968,27.93543168979438],[-97.00100496661413,27.934653900531934],[-97.00115938160314,27.9344369657446],[-97.0014606748029,27.934225253151123],[-97.0019396661769,27.933104725033857],[-97.00285842095336,27.93177449040211],[-97.0031515293138,27.930861510469533],[-97.0034922954076,27.930214992610864],[-97.00376355290358,27.929486766968072],[-97.00412865692459,27.92875218192704],[-97.00450177681266,27.928237375646457],[-97.00503028345038,27.92780429516788],[-97.00596127112503,27.927367800691215],[-97.00686081280325,27.92636488197987],[-97.00701178460032,27.92597293372918],[-97.0071104905197,27.925900734678248],[-97.00745607165378,27.925859516813432],[-97.00779862115009,27.925487982648],[-97.00828442007396,27.925253221821638],[-97.00878032070163,27.92485372702694],[-97.00909487850906,27.924674680792688],[-97.00973072175812,27.924581654173927],[-97.01070962796719,27.924172423166375],[-97.01257033216967,27.923574321596057],[-97.01285222802645,27.92334117975819],[-97.01442698905208,27.92254720661922],[-97.01586094918423,27.92122646514955],[-97.01677904924787,27.920665736368534],[-97.01717246432948,27.920148494849563],[-97.01756533046158,27.919815600573834],[-97.01787390709602,27.919130868800067],[-97.01914072722353,27.917866224884445],[-97.01949154736282,27.917284615211866],[-97.01993750961375,27.916550181221222],[-97.0202492505878,27.916217740500883],[-97.02107458816539,27.915947069613896],[-97.02153933346406,27.91545333637224],[-97.02178679414946,27.915435168729232],[-97.02187449549338,27.91557197914859],[-97.02211512565817,27.915575325681257],[-97.02258773245387,27.915230218140703],[-97.02286293609758,27.914931287934692],[-97.0228650182737,27.914529262374852],[-97.02314393415658,27.914004629683976],[-97.02314835146561,27.91380645682669],[-97.02286889992912,27.91309360107997],[-97.02277704330614,27.91250582036076],[-97.02232418248411,27.911761333859292],[-97.0221125479464,27.911025684696764],[-97.02206610545777,27.910723544982723],[-97.02210793745353,27.910563713377318],[-97.02219408764925,27.910546532389453],[-97.02225457501663,27.910408450674318],[-97.02208362269931,27.909397484861255],[-97.02193551515268,27.908832449509642],[-97.0213478345617,27.907544527586886],[-97.02080432871469,27.906916417837515],[-97.0204557581611,27.906655183604297],[-97.01833939372067,27.905423483237428],[-97.0178938032155,27.905070768339176],[-97.0175088678556,27.904894667218535],[-97.0166488499549,27.904655887733156],[-97.0165645194851,27.904576832278725],[-97.01675372582653,27.904054890464838],[-97.01674587217383,27.903836412682377],[-97.01662362831773,27.903576692640065],[-97.01592162483303,27.902892254759706],[-97.0159305396254,27.902597138439972],[-97.01629316961902,27.902554422255978],[-97.01655042627557,27.902650438451367],[-97.01770969108635,27.903987787726653],[-97.01782484913099,27.904003370117454],[-97.01788455850345,27.90394059286429],[-97.0176310551735,27.903241172416152],[-97.01762087527142,27.903099684730332],[-97.01769541284816,27.903024415480026],[-97.0178710608858,27.902951562135517],[-97.01815491901088,27.90295475102562],[-97.01873340648552,27.903159721727913],[-97.0193429685037,27.903616888768813],[-97.01980030766194,27.903646026483628],[-97.02006204300187,27.90386946950765],[-97.0204816163969,27.9044107612903],[-97.02237708558222,27.90551200703615],[-97.02269672324057,27.90588872030831],[-97.0231244737367,27.906672104088013],[-97.02377654175172,27.907590766949543],[-97.0239412541863,27.90796342928921],[-97.02415018329708,27.909072889495246],[-97.02424230073545,27.910166844595874],[-97.02416667900452,27.91062967098728],[-97.02426501293404,27.911156750649994],[-97.02443326092893,27.911309570019682],[-97.02453179312081,27.911264818847293],[-97.02472551000906,27.910878030259575],[-97.02488783432192,27.911047203229174],[-97.0251162990721,27.91112272334984],[-97.02532103838323,27.911137238618696],[-97.02547099630692,27.911256961699777],[-97.02557848869526,27.911531024570348],[-97.02590207185138,27.91172635131424],[-97.02734933873482,27.911807905227796],[-97.0280154279227,27.91167051023562],[-97.0288205291019,27.911245686394764],[-97.02921958241294,27.911214683134947],[-97.03001272840244,27.911329725517792],[-97.03058198811473,27.911259051294707],[-97.0312601567303,27.910888583100412],[-97.03201480446418,27.910750463361452],[-97.0324654009776,27.910559426318923],[-97.03328630467566,27.91035401687424],[-97.03543587039435,27.909544923402258],[-97.03588507256096,27.909272053862917],[-97.03644295659404,27.908728214321577],[-97.03692795583548,27.907751029138943],[-97.03693249001088,27.907574853467718],[-97.0377475361072,27.905627129817187],[-97.03794850739035,27.905322935904607],[-97.03811670209718,27.90484857021782],[-97.03850030606381,27.904284455662644],[-97.0385169129413,27.90409205060139],[-97.03832120017539,27.90373071746552],[-97.0382424290042,27.903390357555892],[-97.03841203502886,27.902776636989397],[-97.03855923279646,27.90229304643987],[-97.03847546378066,27.901991414241955],[-97.03835699138033,27.90194289954544],[-97.03820965436144,27.902032203721653],[-97.03795348759286,27.902396932967807],[-97.03753201412358,27.903500356578245],[-97.03748224020535,27.904644901268533],[-97.03703929743492,27.905484242087276],[-97.03686712014976,27.905601129035368],[-97.03649986097788,27.905439161966395],[-97.0359966155063,27.905322427551354],[-97.0358516151461,27.90507605095792],[-97.0360020161026,27.904678586545835],[-97.0360404183927,27.904249583278244],[-97.03595758416054,27.9040190983794],[-97.0356689154331,27.903713628536227],[-97.03556064977128,27.90342860277857],[-97.0355501975779,27.903054807417625],[-97.03544883480002,27.902797072417204],[-97.03549625393465,27.90260954198254],[-97.0358672194797,27.902518671042447],[-97.03627061544243,27.90263612771586],[-97.03656433384424,27.90339292670016],[-97.0368093135529,27.903737202143333],[-97.0369838193643,27.903851313109445],[-97.03719946954526,27.90372856866861],[-97.03729827015931,27.903117496251983],[-97.03714732262671,27.902887819352017],[-97.0366669828897,27.902627636216064],[-97.03618394263204,27.902070506714605],[-97.03583674714972,27.902012793259097],[-97.0351995961231,27.902105950162337],[-97.03499784900382,27.90181629057858],[-97.03486609599545,27.900535503182017],[-97.03454072820968,27.90024153297961],[-97.03414205228027,27.900019041451962],[-97.03352271501124,27.900007793470454],[-97.03306108514539,27.89976936647088],[-97.03233964421953,27.898933697815917],[-97.03244465368266,27.898889108554492],[-97.03277418882308,27.89901822741632],[-97.03290329003299,27.898918195116334],[-97.03286231230236,27.89858285222972],[-97.03203542924433,27.89827081345608],[-97.03166659079233,27.897982341161285],[-97.0316785192253,27.897894300987208],[-97.03178994259355,27.897893170308823],[-97.03294181001552,27.898433877630506],[-97.03384221187609,27.898668628592944],[-97.03424555385442,27.89870946511302],[-97.0352053954678,27.89869061109952],[-97.03585235806375,27.898399405515757],[-97.03596794598334,27.898156094866927],[-97.03557972305359,27.89779090044072],[-97.03529076874091,27.897391967009998],[-97.03516131748097,27.896369650792856],[-97.0352654127198,27.895659403159595],[-97.03510417879407,27.89507757813431],[-97.03510904093258,27.894967377445223],[-97.03524442694723,27.894889141541416],[-97.03540025195355,27.894981506028113],[-97.03546980129974,27.89511305001896],[-97.03575428268518,27.896150706828877],[-97.03578285741753,27.896513238663605],[-97.0356055262772,27.896751306336526],[-97.03586897879367,27.897046205454327],[-97.03642363897983,27.89735485889496],[-97.03707431953386,27.897377494677176],[-97.03765944391336,27.89762569545741],[-97.03793221119552,27.89766206870386],[-97.03827852059148,27.897593267699484],[-97.03856542867457,27.897260888815595],[-97.03882363942361,27.89646664928639],[-97.03931886577254,27.89586842179165],[-97.03948775199709,27.895498521062137],[-97.0394996328727,27.8948441720673],[-97.03920861689097,27.894307049356208],[-97.03876190187098,27.893700263169233],[-97.03821770684006,27.893171223296882],[-97.03789513065374,27.892551915057574],[-97.03755863632995,27.891261827025417],[-97.0372593304219,27.89046093239782],[-97.03716497829241,27.8891961578563],[-97.03696362233869,27.88889517989881],[-97.03713255115207,27.88830064812067],[-97.03741922388065,27.886960285227808],[-97.0374112870537,27.8868119819037],[-97.03703916889735,27.886143735264643],[-97.03716885365118,27.886126194164152],[-97.03733026110025,27.886212811832703],[-97.03747901152286,27.886178539807833],[-97.03786554030094,27.884689767301758],[-97.03782688505983,27.88458541707588],[-97.03743826929082,27.88472603745594],[-97.03692995282827,27.884653178806097],[-97.03683669911825,27.88461559658652],[-97.03685348775983,27.884493988600134],[-97.03727397468917,27.88437543020706],[-97.03779332692615,27.88433789017688],[-97.03809346241157,27.884027479033723],[-97.03820725638565,27.883663166401977],[-97.03813755427183,27.883537126481944],[-97.03793948921015,27.88353895390285],[-97.0376643323174,27.883816279248727],[-97.03755810166773,27.88377322894148],[-97.0375879882228,27.88367909220756],[-97.03884244343519,27.88223834032693],[-97.03876491985594,27.881985650182408],[-97.03865286030694,27.88193145274086],[-97.03866494484068,27.881837932437588],[-97.03882537135067,27.881853082490547],[-97.03897357266673,27.881785793002045],[-97.0390955186893,27.881614096638902],[-97.03917765267182,27.881195441131627],[-97.03909681253408,27.88115743958208],[-97.03899242267318,27.881207896659593],[-97.03896059758146,27.881109213754094],[-97.03927603782152,27.880545201150124],[-97.0391762773299,27.88044145401734],[-97.03867039380424,27.880649411614044],[-97.03841088572831,27.880662520821893],[-97.03798703301119,27.880456608706385],[-97.03796093056437,27.880269759929583],[-97.03849520881619,27.88043049924946],[-97.03877990822264,27.88042795149049],[-97.03956727798584,27.879937660916276],[-97.03999291361436,27.879774529570923],[-97.04042273721717,27.87944622704517],[-97.04091111981967,27.87881483188205],[-97.0410996580759,27.87843372269953],[-97.04109786755599,27.878312720226166],[-97.04068169078984,27.877540012311695],[-97.04078015407923,27.877506252120924],[-97.04134313322712,27.877847221748898],[-97.04171806446611,27.877773784973144],[-97.0428445884545,27.876570881044188],[-97.0429285948639,27.876322355548783],[-97.04320470238336,27.876012061396953],[-97.0431704418222,27.87570986254381],[-97.04323655956676,27.875516583342975],[-97.04393709636173,27.874720786606396],[-97.04427460791187,27.874148723413484],[-97.04437456971743,27.873618429298812],[-97.0455775472638,27.87148538219218],[-97.04618026581788,27.86989894956572],[-97.04709226698218,27.868158342483785],[-97.04729455133845,27.867497140963273],[-97.04789701338366,27.86609798701499],[-97.0481912070984,27.864974383182204],[-97.0481889787484,27.864479156239423],[-97.04796933396263,27.863703200092925],[-97.04805514358371,27.863367104351475],[-97.04839470694705,27.862898490796997],[-97.04899452114812,27.86246832334097],[-97.0494786977963,27.86067809594274],[-97.04991611161483,27.85996162374987],[-97.05041176354882,27.859431933013724],[-97.0504660569505,27.85920623109253],[-97.05041019234072,27.859134806535202],[-97.05024828830541,27.859118275161773],[-97.04982075762798,27.859218170330173],[-97.04944349107248,27.859422654861714],[-97.04886718019837,27.859610766945828],[-97.04802402125578,27.859749654274363],[-97.04728673525125,27.860097522660507],[-97.04723649346947,27.859993254437704],[-97.04833054736591,27.85880743379287],[-97.04870863528224,27.858575447270194],[-97.05057498467886,27.8583026450133],[-97.05080948121443,27.858115038777875],[-97.05134114777559,27.8573489177492],[-97.05189553079542,27.856158246514813],[-97.05214694178713,27.855221587468435],[-97.0525841511255,27.854069733880397],[-97.0532009519705,27.852989117967038],[-97.053268320227,27.852493130303117],[-97.05309964144529,27.852289502012127],[-97.05279532900425,27.852174111069978],[-97.05231779401072,27.852163870790054],[-97.05229834829628,27.85203732151221],[-97.05324343543529,27.85058034123577],[-97.06125071567259,27.850395979919494],[-97.06107199942409,27.850685239567458],[-97.06066335960195,27.851393023860343],[-97.06004871216747,27.852235142636925],[-97.05880793773179,27.854721339364893],[-97.05855484674336,27.85493668618823],[-97.05828838355146,27.85503076760497],[-97.05811728664027,27.855307668066963],[-97.05759134829945,27.85581524511626],[-97.05614395552003,27.85863916480483],[-97.05593379918028,27.859411731338977],[-97.05530538440458,27.86177894960822],[-97.05520708615572,27.86218364652797],[-97.05418477971241,27.864452861427278],[-97.05237243118046,27.868888529638017],[-97.05230355303347,27.86938276303618],[-97.05233084894564,27.87015315195902],[-97.0524836841249,27.870836796451],[-97.0518030248375,27.87172109558577],[-97.05131803326103,27.87283849236559],[-97.05094606940528,27.8741070163314],[-97.05039670717112,27.876885753447926],[-97.0502311144006,27.87687030391748],[-97.05010736338276,27.876948134194812],[-97.05020545379384,27.877393063012466],[-97.050022443388,27.87764234513073],[-97.05034826065645,27.87851486786043],[-97.05033029410126,27.879273976430937],[-97.05012622849867,27.87926985340971],[-97.04978339504194,27.87969096619936],[-97.04924174196522,27.88231459035131],[-97.04931395780027,27.882693593037278],[-97.04952086706315,27.882939704905542],[-97.04957399123266,27.88325848517871],[-97.04956963112329,27.884595469244328],[-97.04986781973716,27.88520387211537],[-97.0500987462704,27.885967030569258],[-97.05038991371778,27.886526120042237],[-97.05105080365166,27.88750010221719],[-97.05109231211048,27.887923748739322],[-97.05116772243082,27.887988768878525],[-97.05161397028795,27.888068010658863],[-97.05147227171665,27.888208203207554],[-97.05137813463146,27.888532201398693],[-97.05139334084872,27.88877379402925],[-97.05175256827371,27.889359913999296],[-97.05172900525315,27.890020176578645],[-97.05192621346634,27.890513820647552],[-97.05200227248017,27.891283302354317],[-97.05208350878897,27.891359792498555],[-97.05230338757931,27.892183170170078],[-97.05237283243906,27.892292708601605],[-97.05298401994243,27.892133900778596],[-97.05330786951438,27.89224703037897],[-97.05329017568097,27.892373430506755],[-97.05307896382077,27.892270849985714],[-97.05238749217499,27.89250164311659],[-97.05259997800822,27.893209734296086],[-97.05249929414687,27.893628679362216],[-97.05272180497045,27.894182348323003],[-97.05270670230406,27.89450708308751],[-97.0524417986496,27.89521871596031],[-97.05271351683348,27.896223397401275],[-97.05296381532402,27.897635112072532],[-97.05294751963308,27.898017482619128],[-97.05603864913286,27.900334481089967],[-97.05968330317064,27.902770999222504],[-97.06237197091887,27.90460664964521],[-97.06190471681191,27.902759597095184],[-97.06563203047016,27.902811290143983],[-97.06560224249003,27.917435376929042],[-97.07382025034843,27.917430479628674],[-97.07394279441952,27.931837987861726],[-97.07392197841436,27.946304815924186],[-97.07383397670597,27.96058367116545]],[[-97.13964613239753,28.106208232217888],[-97.13964639525724,28.106254752932394],[-97.13971359283968,28.106207894357787],[-97.13964613239753,28.106208232217888]],[[-97.09905718516194,28.13470186212792],[-97.09838339878492,28.135175285061678],[-97.09906118151186,28.135179468220453],[-97.09905718516194,28.13470186212792]]],[[[-96.80945159424431,28.176324680434547],[-96.80997031992972,28.17611821659371],[-96.81034174218867,28.17552510210943],[-96.8108354004019,28.17530217919288],[-96.81167937291094,28.174778137030255],[-96.81230434395617,28.174500804969842],[-96.81280826451187,28.17448748194616],[-96.81328609073071,28.17470551332009],[-96.81364717899115,28.174718800970297],[-96.81398215895535,28.174891954399637],[-96.8143607066067,28.17496585700697],[-96.81530453586001,28.17533559557999],[-96.81564093787529,28.17532110981948],[-96.8162029798846,28.175021530664857],[-96.8169098201682,28.173747039088063],[-96.81718874035943,28.1730374274759],[-96.81726349039386,28.172188588826582],[-96.81709539092579,28.17131640409277],[-96.8170759362544,28.170621574355554],[-96.81716561906963,28.170318623330402],[-96.81770453080013,28.169798128235758],[-96.81790254532446,28.169143531555335],[-96.81866758381655,28.168370626287217],[-96.81894391208598,28.167980974712805],[-96.81948811642425,28.167631805608544],[-96.81996000872574,28.16783527892454],[-96.81999923618979,28.178617955777607],[-96.82001365498336,28.193242834153825],[-96.81998521012748,28.20789736792864],[-96.8199594824335,28.20964280328033],[-96.81953937902313,28.209979879815783],[-96.81913441300388,28.210071385843474],[-96.81881910443204,28.210582772682944],[-96.81865683827914,28.210681101633188],[-96.81767823560129,28.211712602683857],[-96.8167704775297,28.2124245031892],[-96.81606757163384,28.21313748286874],[-96.81590287748442,28.213478751317698],[-96.81567233601214,28.214343606510756],[-96.81537160992683,28.214595515911153],[-96.81485450148662,28.215442072755568],[-96.81455439663308,28.215649646734814],[-96.81412773528886,28.216099783573284],[-96.81372207117884,28.21705160745525],[-96.81335329972516,28.217198305500194],[-96.81315812805593,28.217401335497552],[-96.81283329683225,28.217581459381464],[-96.81235583243348,28.218113473269764],[-96.81184374254113,28.21827612108098],[-96.81098510513101,28.21902635044204],[-96.81082693325652,28.219284951712822],[-96.81072097387336,28.21934482097233],[-96.81047847062115,28.219332128608205],[-96.81027802930556,28.219457657996163],[-96.81000136774733,28.219803672622206],[-96.8096375199826,28.220110319255298],[-96.80904494866587,28.220216943152238],[-96.80898808012074,28.220271527750423],[-96.80914816729056,28.220504536898957],[-96.80907928362942,28.220570139055535],[-96.80865447277371,28.220721951456632],[-96.80856181734525,28.22068279476055],[-96.80866269859986,28.22053995594404],[-96.80851257602535,28.22054989604599],[-96.80811640745712,28.22103859534821],[-96.80802890219283,28.22103259608243],[-96.80806894712931,28.220707064832457],[-96.80795033606782,28.220750791127184],[-96.80729267198467,28.221237300324262],[-96.80660625071613,28.221365251329217],[-96.80607166228046,28.221958022290572],[-96.80538632327712,28.22205263747242],[-96.80467966811453,28.222373591271687],[-96.80450310893232,28.222576711757213],[-96.80399802370296,28.222689313747484],[-96.80366916644364,28.222892921315115],[-96.80367351678447,28.222495326758864],[-96.79998175940015,28.22243765046817],[-96.79973038734296,28.222766228603334],[-96.79911534309014,28.223253446633752],[-96.79878176438434,28.22365398351967],[-96.79763804993546,28.22473959994397],[-96.79692770987906,28.226031836061317],[-96.79561928717715,28.226762943647756],[-96.7952435032468,28.22690941210865],[-96.79496263913603,28.227195031263307],[-96.78730484647606,28.22902907517666],[-96.78636119754053,28.2297109876017],[-96.78599558572567,28.23021071165502],[-96.78580386510646,28.230661956660388],[-96.78532240687417,28.232236727966217],[-96.78508880367521,28.23323378336186],[-96.78484624248824,28.235218578273816],[-96.78490400591863,28.236854880297862],[-96.78463073300233,28.23704243746008],[-96.7849354509317,28.23705065328074],[-96.78499382010469,28.237403776088126],[-96.78512679898984,28.23928041746181],[-96.78504919720116,28.239588836625167],[-96.7850656491676,28.24048782056776],[-96.78537185191837,28.241024692168484],[-96.78549013270772,28.241753384277725],[-96.78591006717255,28.24213640940778],[-96.78601237107405,28.242545348148393],[-96.78599012459611,28.24363171841218],[-96.78638352646198,28.244185264734007],[-96.78642626668089,28.244351015312635],[-96.78639806773587,28.24471501341263],[-96.78605297092216,28.244988407195766],[-96.78581739232841,28.245522052701826],[-96.78578717214523,28.24613934406372],[-96.7856483114492,28.246326220848267],[-96.78580683200998,28.246702231638906],[-96.7858060856591,28.246867557043895],[-96.78566041631109,28.247120273742595],[-96.78583227147884,28.24739726114368],[-96.78588591806418,28.247656791910558],[-96.78584166272867,28.248489257402003],[-96.78614647067458,28.248618059931857],[-96.78653993501955,28.248432878813983],[-96.78697132728719,28.250247090207274],[-96.78699588488452,28.250448614299298],[-96.78678564652178,28.250562172973755],[-96.78693402107375,28.25058350102885],[-96.78692183864361,28.25067154741602],[-96.7865818630804,28.250692754122287],[-96.78660966909149,28.25079210889211],[-96.78679337505561,28.250872779164943],[-96.78665914175791,28.251040718560656],[-96.78667875181799,28.251244900622627],[-96.7871295158572,28.251754518483978],[-96.78700190758205,28.252429147517745],[-96.78726389822052,28.253585009852678],[-96.78744637019673,28.255559728052198],[-96.78775073267717,28.256821176571908],[-96.78807430552166,28.257565430005464],[-96.78949338193391,28.25907470352878],[-96.78995121462226,28.259893219055037],[-96.79098746201322,28.260904902729266],[-96.79204901926161,28.262164707195968],[-96.79308250912368,28.262999971115665],[-96.79374949960001,28.263668423631316],[-96.79496885253222,28.26533261778354],[-96.79572216308068,28.266283182872563],[-96.7961213931722,28.26699565338332],[-96.79791377761723,28.271838470408795],[-96.79800628479964,28.272384665200356],[-96.79803866362886,28.2737048284392],[-96.79767430837319,28.275857440704772],[-96.79773549879087,28.27643581873035],[-96.79785460569227,28.276641665369468],[-96.79815401454819,28.276796096490763],[-96.79856051613937,28.276881383809652],[-96.79869940386683,28.27700490204686],[-96.799065060391,28.276984995034734],[-96.79964131777722,28.277486096291472],[-96.79961942156993,28.277634055353225],[-96.79933483383908,28.277644658414054],[-96.80014778950161,28.27834257432757],[-96.80047872550732,28.27845963906865],[-96.80083654820088,28.278489035166416],[-96.80092811641492,28.278825850450428],[-96.80130721998118,28.27875129174987],[-96.80251620586317,28.279661214126037],[-96.80312075214334,28.280278707855956],[-96.80423479954229,28.28103306008912],[-96.80505748887747,28.281792387661838],[-96.80614183279431,28.28300834954882],[-96.806757790264,28.283867936402345],[-96.80702365594219,28.28436315490552],[-96.80743352834037,28.284800885389863],[-96.80888877911833,28.28725173015539],[-96.8094307948242,28.288357971298502],[-96.80952953056924,28.2893611690024],[-96.80930746874142,28.29082028798118],[-96.80922866894208,28.292508209943527],[-96.80914530873636,28.293139291851244],[-96.80870738997524,28.29407089604706],[-96.80774559372956,28.29522335799152],[-96.80755956169388,28.29571469123681],[-96.80675288961389,28.29632533427448],[-96.80661767392898,28.296542584965067],[-96.80655977917043,28.296866304538508],[-96.80633877250519,28.29707072444589],[-96.80611723725752,28.297027636122717],[-96.80566719829065,28.297227249353497],[-96.80451835891775,28.29837578024717],[-96.80325450329723,28.29921368778264],[-96.80266590082515,28.299972510710635],[-96.80246032614146,28.300012304530096],[-96.80214039124479,28.300677949258162],[-96.80183054197981,28.30069894470199],[-96.80133083864031,28.30089762298076],[-96.80123861646535,28.30110530701226],[-96.80131440505912,28.3012832500987],[-96.80128622415697,28.301409387920742],[-96.80116758363383,28.301235847032657],[-96.80097827214956,28.301132731063486],[-96.8007187603491,28.30111064643844],[-96.80048135418778,28.301221479814892],[-96.80027873187998,28.30114551105158],[-96.80000710468138,28.30137681338177],[-96.7996756294232,28.301513087105405],[-96.79950323719204,28.301702591535197],[-96.7993017802331,28.30161562294849],[-96.79920514969426,28.301767861297254],[-96.7992338649711,28.301840095613315],[-96.79905513704932,28.302056925388747],[-96.79908392122468,28.302151162351127],[-96.79935886974536,28.30227264049334],[-96.79919822502045,28.30250644562585],[-96.7987466598409,28.302728348399057],[-96.79835403335639,28.303073113895348],[-96.79800450220205,28.303843091584753],[-96.79744460498286,28.3044985477737],[-96.79630925420413,28.3053461995554],[-96.79624756240435,28.30557083009786],[-96.79592828843234,28.305713270562997],[-96.7958362721901,28.305915092330434],[-96.79586862875169,28.306114283301543],[-96.79577837743275,28.306476371825195],[-96.79517865624459,28.30719156799219],[-96.79506428929383,28.307530710238744],[-96.79470017999982,28.30773833710638],[-96.79439284800524,28.308134419764773],[-96.7945224900264,28.308368159979857],[-96.79453173253748,28.30875982727049],[-96.79464979525116,28.30921385920789],[-96.79426154752835,28.309398882165365],[-96.79395570405512,28.30998751095739],[-96.79372410163957,28.310109825316463],[-96.79331053064985,28.310547533931846],[-96.79244994469408,28.311780318639073],[-96.79240173508384,28.311972284352663],[-96.79194755463932,28.312320955379516],[-96.79195434164792,28.312541475886967],[-96.79132921276519,28.313587125277756],[-96.78998984970409,28.320258095546745],[-96.79013000839143,28.32077195858333],[-96.79009000038344,28.322926680863922],[-96.7900761194253,28.323454334416635],[-96.79036031245477,28.32676901738912],[-96.79039171636059,28.328899198092884],[-96.79062455651781,28.329320927893903],[-96.79077986957972,28.330402173865206],[-96.79116604061149,28.33093493055659],[-96.79139095107641,28.33231197395731],[-96.79136071294619,28.333697299615892],[-96.79212589824503,28.336363020167834],[-96.79271716092221,28.337676082781467],[-96.79320925855275,28.339129285293424],[-96.79319908802395,28.33967086560362],[-96.79402404240528,28.341422434924496],[-96.79407330011618,28.34220495584106],[-96.79439725025748,28.343274466077776],[-96.79460415998749,28.34472466251611],[-96.79453629510857,28.345201780266517],[-96.79422109753764,28.345697781435703],[-96.79382700999982,28.34563311017869],[-96.79378381545835,28.34627046443981],[-96.79413166471869,28.34660697449868],[-96.79422015206984,28.346873847866675],[-96.79412789060564,28.347640158959017],[-96.79331006726487,28.34933723151791],[-96.7937027704256,28.350132705666656],[-96.79404723716272,28.350574125782337],[-96.79413952128087,28.351412346955748],[-96.79385728461185,28.35204360642828],[-96.79344133220557,28.352648648388143],[-96.79322160062739,28.352968274409825],[-96.79276189374217,28.35399822540828],[-96.7924551904618,28.354232602619934],[-96.79193480321278,28.35505937884063],[-96.79192517117995,28.35558418859996],[-96.79107051399029,28.357490337699563],[-96.79127126643233,28.357982696782468],[-96.79143715977617,28.35931426647004],[-96.79174845589712,28.359855636715107],[-96.79251575456975,28.360858117378502],[-96.79393959850671,28.362133543885243],[-96.79445058333468,28.362743028839137],[-96.79460607311255,28.36347785742208],[-96.79452702311796,28.364068101378862],[-96.79481259099606,28.364482821215557],[-96.79500955366063,28.364403837651565],[-96.79513149360372,28.364562347756195],[-96.79578140202449,28.364809947704195],[-96.79645959132675,28.36487763739837],[-96.79713672612725,28.364747872055865],[-96.79762944902158,28.364542002803454],[-96.79829774206833,28.364454015665416],[-96.80043665861123,28.365242123109528],[-96.8034014316422,28.366502046953787],[-96.80419993685953,28.367009598536754],[-96.80497832538954,28.367335050562986],[-96.80612530721868,28.367814593219343],[-96.80889065888533,28.36923314281295],[-96.80924043423485,28.369515062851058],[-96.81026297725202,28.370032455796267],[-96.81076625329631,28.370423249013353],[-96.81111343492898,28.370553863439497],[-96.81219629861404,28.371518010562053],[-96.81279943964624,28.371596324538046],[-96.81384119019827,28.37198395896453],[-96.81679057095755,28.373268371858344],[-96.8175328252723,28.3736694101124],[-96.81903799570763,28.374757585941378],[-96.82044305265649,28.37524425474555],[-96.82214485054877,28.37650058454553],[-96.82345781814217,28.377199009967566],[-96.82364267396252,28.37784556874773],[-96.82408775274573,28.378122697526003],[-96.82613378320409,28.378761483679373],[-96.82646402776548,28.379201866553586],[-96.82799519659625,28.38027076151463],[-96.83004113198889,28.381937178078903],[-96.83172352866625,28.38312320458038],[-96.83277730520747,28.384434798321795],[-96.8330232960069,28.385061363868232],[-96.83365831774923,28.3852767697313],[-96.834806001216,28.386590718746866],[-96.83499192900375,28.38713822603099],[-96.83505162391327,28.387715778557414],[-96.83543562878934,28.38794701651315],[-96.8364063666246,28.388016775553574],[-96.83712582294014,28.388373436059897],[-96.83767331023472,28.389166017819665],[-96.83828860625786,28.38963935703009],[-96.83891712451661,28.390657620224776],[-96.83914694053296,28.390729176386685],[-96.83936535055734,28.39149422673922],[-96.8398190720631,28.391863003448226],[-96.84075185162351,28.392952813290314],[-96.84178820662643,28.394441692459203],[-96.84184079759936,28.39473827910746],[-96.84244958262171,28.395285313068097],[-96.84249937226498,28.39566848242146],[-96.84276075426784,28.395835955331407],[-96.84339267929263,28.396638382627593],[-96.84450432542124,28.39761898131893],[-96.84483257658337,28.398125734081894],[-96.84561031252572,28.39828925576218],[-96.84694394776471,28.400161681571024],[-96.848758401609,28.401204203937525],[-96.8503876825009,28.403139358045603],[-96.85027643170308,28.40367940208387],[-96.85040341440993,28.404114633066975],[-96.85170084254072,28.404678868355834],[-96.85311955294347,28.405198208844283],[-96.85400724041858,28.405523145882036],[-96.85645325371132,28.407390051787807],[-96.85757771876864,28.40891427829202],[-96.85768773904205,28.4093960391325],[-96.85757688119845,28.409586172019434],[-96.85766545561707,28.409762318225262],[-96.85784355100807,28.40989743270326],[-96.8579144515029,28.410257968104002],[-96.85768486677485,28.41072599104297],[-96.85756089302066,28.411177510904597],[-96.85780993924111,28.411810854308712],[-96.85812098403892,28.412278998040616],[-96.85899757663415,28.412554495623],[-96.86008003985177,28.413793716337857],[-96.85988122406768,28.414080066994895],[-96.85990621218164,28.41428381831739],[-96.8592350565261,28.415005181738152],[-96.85904245487683,28.415390675468547],[-96.85910469854542,28.415649517154456],[-96.85938450070778,28.415743179099124],[-96.85950270960315,28.416018551462532],[-96.85954011187684,28.41651971739047],[-96.85932880295582,28.417092457421933],[-96.8591547542438,28.417213591974125],[-96.85873820817203,28.41714192673172],[-96.85850197761553,28.41730160622812],[-96.85845228297438,28.41767609969026],[-96.85857040418519,28.41802308120588],[-96.85857040699108,28.41828193660577],[-96.85823469429708,28.418783052245374],[-96.85832790924565,28.41921265589071],[-96.85803574438594,28.419262178182187],[-96.85791141444135,28.419361286043433],[-96.857830579078,28.419620116111826],[-96.85766895004252,28.419691683045187],[-96.85774350021332,28.41998909676213],[-96.85753835120565,28.420187333344078],[-96.85736432996188,28.420132208377723],[-96.85705351500341,28.420479124040412],[-96.8569229373024,28.420715904950203],[-96.8569042372445,28.421095945065538],[-96.85647534777017,28.421376721321337],[-96.85623300349774,28.421327086005174],[-96.85541258308369,28.42210343533187],[-96.85515150547187,28.422461360910727],[-96.85508304088388,28.422896475912406],[-96.85489038427262,28.423122255830947],[-96.85338719603652,28.424398049528154],[-96.85311935877168,28.424625356655298],[-96.85286465655919,28.42467484912596],[-96.85256028853512,28.424641662358482],[-96.85216282005686,28.42448174263678],[-96.85185232301343,28.42425576394731],[-96.8513555876291,28.423715701765264],[-96.85030636941372,28.422200318616035],[-96.85005796531678,28.422123071787812],[-96.84975362477698,28.4223322267501],[-96.84961693162168,28.422629601436128],[-96.84964790662072,28.422954642561585],[-96.85015693480501,28.423720625238893],[-96.85111314652221,28.42447577919351],[-96.85133663868302,28.424729271109015],[-96.85154757886825,28.42543999980836],[-96.85131763208001,28.42588060155487],[-96.85096346724406,28.426238534242277],[-96.85089506840765,28.426447823941167],[-96.85047266642933,28.426645974148652],[-96.8502303500722,28.426899279348074],[-96.8500564612502,28.42691573760438],[-96.84957190292886,28.42727912662278],[-96.84953456694802,28.427477450081984],[-96.84944139499018,28.427549037338643],[-96.84914952530069,28.427532368478257],[-96.84803588561661,28.42862682730961],[-96.84760583190943,28.428848690616434],[-96.8473255242682,28.42879735111323],[-96.8470174766653,28.429121968641258],[-96.84339945114624,28.43105856762007],[-96.84077025398753,28.43146893401601],[-96.84047180322266,28.43198211875958],[-96.84012388879377,28.43208416858042],[-96.83953229819558,28.431969586792295],[-96.8393007071119,28.43235151287332],[-96.83822778607782,28.433077878921615],[-96.83661531191598,28.43229782808495],[-96.83566726581556,28.4318391930357],[-96.83483384659908,28.43096517516008],[-96.83325662372494,28.429839807237368],[-96.83263839433702,28.429580509040296],[-96.83224352282845,28.42968135448251],[-96.83046639476606,28.428927571156756],[-96.82977777846392,28.42842278034507],[-96.82946333589206,28.428459169109356],[-96.82935769047192,28.428334626262025],[-96.8292997894476,28.42770171694185],[-96.82916249107154,28.42758746666514],[-96.82886476696241,28.42759103097975],[-96.82871753070583,28.42729929306704],[-96.82841019596046,28.42711428677803],[-96.828096114664,28.427139590503447],[-96.82792637667907,28.427545215688603],[-96.82764894045256,28.42740529644076],[-96.82736005745319,28.427619561170996],[-96.82705131848752,28.427478823517667],[-96.82683999475394,28.427717224800013],[-96.82608727758158,28.427742547789826],[-96.82539960832787,28.428179414142225],[-96.82423755672933,28.42778449506189],[-96.82373999402814,28.42718476796009],[-96.82329889797298,28.427262257268545],[-96.82156634036376,28.426587017175613],[-96.82109187714249,28.426242686224207],[-96.82060275376499,28.426352175898284],[-96.82034386562336,28.426234374710162],[-96.81794763790174,28.425143964013408],[-96.81675805461039,28.424150044867112],[-96.81596523584695,28.423222568018648],[-96.81581721905393,28.422730359396702],[-96.81498036169688,28.42166026537422],[-96.81455314741402,28.421711190586684],[-96.81374652685025,28.42101159843788],[-96.81356161670709,28.42089691546678],[-96.81330300808189,28.420892336779264],[-96.81296085158506,28.42067528339358],[-96.8121238933197,28.419565893615943],[-96.81175170824183,28.419602767752455],[-96.81152061849254,28.41932678839938],[-96.81110279869573,28.41942424802653],[-96.81013557735123,28.418967530995022],[-96.8093171140475,28.418298502710552],[-96.80862273306583,28.4178409738434],[-96.80844864881075,28.4174892618015],[-96.80792520275554,28.417144119174907],[-96.80762167188374,28.417082399111173],[-96.80737506443133,28.417284516013876],[-96.80701141041173,28.41705917909865],[-96.8066942300427,28.417082012125604],[-96.8063179063057,28.41691038808025],[-96.8056488615623,28.416345447171867],[-96.80438619643455,28.414908763534957],[-96.80423446126738,28.414542184473728],[-96.80381340543258,28.41413868655811],[-96.8034899890469,28.41361259903991],[-96.8024846682484,28.412653226993815],[-96.8018217949238,28.412235041284163],[-96.80124164209785,28.411286470839904],[-96.80095494213843,28.41137950228848],[-96.80067188697032,28.411025014822727],[-96.80035573676717,28.411016971686514],[-96.79998622444694,28.410637125481397],[-96.79970739865358,28.410822977546708],[-96.79968475027967,28.41051369403731],[-96.79910659721497,28.410174843787352],[-96.79876793582288,28.40951793738769],[-96.7975000475688,28.40858272066279],[-96.7968972095849,28.408667691609267],[-96.79667081541696,28.408584731155294],[-96.795836735911,28.40772999170316],[-96.79450148050644,28.406854744652964],[-96.79411422659693,28.40635096827964],[-96.79347926956616,28.405748231416904],[-96.79322528958892,28.405842078992624],[-96.79184865431623,28.40456444623714],[-96.78888912597266,28.402983997304975],[-96.78768328556829,28.402158296804508],[-96.78730140798919,28.401564661164294],[-96.78679174796932,28.401062768148183],[-96.78639858607539,28.401075878721922],[-96.7844820035728,28.400301447262873],[-96.7834805743903,28.399565800041646],[-96.78344918693386,28.39985827437483],[-96.78327175975427,28.399946358691846],[-96.78296145017546,28.399760902833957],[-96.78289598920668,28.3994273643139],[-96.78250939421642,28.399239976266387],[-96.78232408009232,28.399235234499628],[-96.78233931962095,28.39943627876709],[-96.78218242343712,28.39956347346201],[-96.78204298202813,28.39949043967374],[-96.78189032077272,28.399154689682014],[-96.78172961514198,28.39906568222104],[-96.78150428799151,28.39928372007559],[-96.78126118236669,28.399377828179865],[-96.78110249669233,28.399227127567997],[-96.78062665977907,28.399099193219488],[-96.7798459320879,28.399287557841372],[-96.77975774306267,28.399648042402223],[-96.7787610290799,28.399769145719112],[-96.7785889590298,28.400096574475274],[-96.77866920607354,28.40131029348934],[-96.77875513987081,28.401351081488354],[-96.7782307100419,28.402039955498612],[-96.77803338036713,28.403400904631365],[-96.77704786592913,28.404510122482193],[-96.77469163237903,28.40616301539505],[-96.77075493843587,28.408318068580034],[-96.76752886180607,28.409984540534325],[-96.76507585656918,28.41097342258324],[-96.75449229099823,28.410756005334388],[-96.75026046845326,28.410738866089158],[-96.74744613729887,28.41072742196595],[-96.74049553481163,28.41070122981113],[-96.74016496502546,28.41042331381814],[-96.73991729705577,28.410316843236362],[-96.73919107846848,28.41024267841273],[-96.73908864453436,28.410095615744776],[-96.73878607044803,28.410120780657387],[-96.73860700019938,28.410032932166132],[-96.73839687697007,28.409733203182757],[-96.73807930152822,28.40977011317558],[-96.73797410682187,28.409794441075817],[-96.73770137611444,28.409670456384287],[-96.73749229050875,28.40973723565339],[-96.73737975146018,28.409706819516213],[-96.7373141591236,28.40941049444175],[-96.7371429254981,28.40946173934515],[-96.73704505878193,28.4095757389258],[-96.73674229216692,28.409606731490005],[-96.7366771859652,28.409483009426427],[-96.73682759576775,28.409309171573092],[-96.73666958290137,28.40914931957536],[-96.7362791984343,28.409172543529976],[-96.73581880932404,28.409032703641476],[-96.73553183338419,28.408775317326363],[-96.73504725093771,28.408801585960795],[-96.73465635992092,28.4086525447079],[-96.73426848862009,28.408787202706844],[-96.73342576356926,28.40882616691716],[-96.73334250407764,28.408968060267185],[-96.73335978568129,28.40910328283208],[-96.73355651247151,28.409596227991575],[-96.73372223278626,28.409733930822757],[-96.73373170882235,28.40982322618964],[-96.7336883028115,28.40998297330789],[-96.73349335716188,28.410185574620552],[-96.73322429148557,28.409015533966844],[-96.73311587263292,28.408884826622007],[-96.7322550486435,28.408695708222094],[-96.73082174787895,28.408697648818492],[-96.72949915294501,28.408807666643067],[-96.72578068301378,28.40931081344577],[-96.72542020792461,28.409206898158303],[-96.72520356928733,28.409290299513568],[-96.72471496989293,28.4092497347946],[-96.72430469885212,28.40910015622941],[-96.72389602220271,28.409111863956536],[-96.72337329264894,28.408975847839407],[-96.72169042901045,28.40888356943867],[-96.71849711869268,28.408771006447886],[-96.71783645262985,28.408620366306977],[-96.71712270683287,28.408546048262217],[-96.71528064548484,28.408375900842817],[-96.71449552439658,28.40836639272257],[-96.71374139451424,28.40819679376027],[-96.71321818187546,28.40823880793898],[-96.71241609916007,28.40817864949093],[-96.71230543034271,28.40809257175533],[-96.71234572457202,28.407654592741565],[-96.71215638685294,28.4072941592821],[-96.71195860678426,28.407394526217615],[-96.71184979769899,28.407625131397847],[-96.71167049556377,28.407731495534186],[-96.71156170499675,28.40761208380544],[-96.71146971287675,28.407154157447017],[-96.7115984596927,28.406885245880567],[-96.71153108582727,28.406644547029448],[-96.71138247855887,28.40655402471133],[-96.71124900546256,28.406614816829126],[-96.71108906675478,28.407071999162273],[-96.7109024495458,28.40721152578795],[-96.71079932555367,28.40748110006354],[-96.71094941520971,28.407690284747254],[-96.71068637715955,28.407672403473775],[-96.71059018886604,28.40752548002123],[-96.71136932588416,28.40527339133756],[-96.71120179766562,28.405213645515563],[-96.7108880778807,28.405944267762056],[-96.71069920570304,28.40577843194414],[-96.71082728140439,28.40532039646024],[-96.71064843629881,28.405227019616454],[-96.71039163141899,28.40558129274497],[-96.7104150036173,28.405998582725445],[-96.71072166008669,28.406223194543294],[-96.71071608646442,28.406389782114303],[-96.71028847713318,28.406967530222335],[-96.71006581497845,28.407439579668374],[-96.70996064521418,28.407375632799493],[-96.71015621209204,28.40659758525309],[-96.7100628557695,28.40638956076365],[-96.70959152678512,28.406577296864697],[-96.70878261001869,28.407650433890577],[-96.70828910110988,28.40794315064955],[-96.70840016862125,28.407645588029354],[-96.70819738114373,28.407129394100632],[-96.70808505013414,28.40709309867547],[-96.70769789585431,28.407205361264023],[-96.70755450125678,28.40716825210345],[-96.70748444739733,28.407216612012537],[-96.70756815091853,28.407527194332367],[-96.70744420703117,28.40790729433438],[-96.70652053903343,28.408365781887063],[-96.70636996308079,28.40851931024375],[-96.70515451067784,28.408866326609026],[-96.70491286414784,28.408743799256342],[-96.70482712023346,28.408517741795695],[-96.70616763580672,28.40810523172156],[-96.7064716423543,28.40820017411743],[-96.70724503887848,28.40784018268962],[-96.7074338830218,28.407565628812],[-96.70736393653435,28.40742455363972],[-96.70714778611588,28.407307497606634],[-96.7071919821061,28.407125425969404],[-96.70773582546971,28.406839525295897],[-96.70752818807965,28.406467604055017],[-96.70711137618053,28.405956462450554],[-96.70690312285726,28.405417790704284],[-96.70593782045151,28.40387019398884],[-96.7059873374801,28.402949091514945],[-96.70576416780156,28.402298975540205],[-96.70559810754267,28.402172227672224],[-96.70471844081436,28.402549361947717],[-96.70418454084759,28.40179654971939],[-96.70496117985448,28.401385441480095],[-96.70503526587157,28.4015410585835],[-96.70535268144161,28.401443837579663],[-96.70531247340699,28.400392817767692],[-96.70511748441557,28.399087502782997],[-96.70521325465445,28.396600923670704],[-96.70530327588857,28.39635492662451],[-96.70544588810318,28.396132942811708],[-96.70529510913488,28.395365085245857],[-96.70550165167944,28.394329493953457],[-96.70609459052132,28.3930860619009],[-96.70607849910789,28.392777252232758],[-96.70641818197713,28.39219963488094],[-96.70690702176869,28.39167269289379],[-96.70714023256912,28.391210563580067],[-96.70804580771579,28.390707223617838],[-96.70743562982129,28.390770676206966],[-96.70709529629701,28.390531767291314],[-96.70728354218087,28.390367208125394],[-96.70763014833415,28.39053442153213],[-96.70827333736325,28.390134930821866],[-96.70860230749464,28.390202337946622],[-96.70878555744206,28.38986126738153],[-96.70929467072162,28.389935443852632],[-96.71020393407565,28.389669759003034],[-96.71050874967183,28.389715214105763],[-96.71070020230505,28.389826454120108],[-96.71078649323009,28.3899428637909],[-96.71077888334408,28.390146876419614],[-96.71085964752257,28.39019677610232],[-96.71107918100714,28.389932979961873],[-96.71111161166257,28.389707263342714],[-96.71103283885454,28.389458368029235],[-96.71064257689773,28.389225038784087],[-96.70942126536946,28.388777775744348],[-96.7080244977799,28.38844005918812],[-96.70764639969805,28.38828404121114],[-96.7061254409696,28.387940644723926],[-96.70544936059707,28.38762865322723],[-96.70509003758522,28.387538790322356],[-96.70406807266234,28.38692205970189],[-96.70344889734768,28.386467143188177],[-96.70238593534712,28.385519965598718],[-96.70182589427887,28.384646486998932],[-96.70160507374304,28.384160412104034],[-96.70109678781978,28.38389922425122],[-96.70064687773343,28.383312931141532],[-96.7003927382668,28.383124747316007],[-96.70046920461292,28.38295415769747],[-96.69995727324871,28.38169171174065],[-96.69978284052492,28.381281488513444],[-96.6994863440601,28.380062534004082],[-96.69947614167775,28.379671370571334],[-96.69920018430332,28.379091723084986],[-96.6992234273637,28.378375869497997],[-96.69939405304365,28.377924835354914],[-96.69929717111687,28.37752245821693],[-96.69961786168145,28.376978064737852],[-96.6996535402581,28.376262201679786],[-96.69956108942108,28.376074809412128],[-96.69958798772541,28.375782951403004],[-96.69925232925763,28.375638700046622],[-96.69919556590251,28.375407215103355],[-96.69931287421521,28.374182262109258],[-96.69914615914165,28.373705870422867],[-96.69916298060322,28.37283412849299],[-96.69905794934819,28.37242018647203],[-96.69940084832268,28.368734512222236],[-96.69972640208098,28.367465203470307],[-96.69973728989531,28.367099975238162],[-96.69973179069379,28.36674889342622],[-96.69965600865109,28.36657465986431],[-96.69986671048929,28.3664578103987],[-96.69999125541328,28.366127937105517],[-96.70014498208174,28.365276281479993],[-96.70006429642119,28.365063099252268],[-96.70023094614952,28.364961917838812],[-96.70029407775118,28.364585747191143],[-96.70059415418595,28.364260508867076],[-96.7005720559297,28.363598484701072],[-96.70084258348587,28.361350344844155],[-96.70131283856624,28.35949592648823],[-96.70135974603174,28.35902480399385],[-96.70164840553187,28.358482660285702],[-96.70282689881256,28.357041157551514],[-96.70304273702556,28.356607799925765],[-96.70328657359059,28.355686659508734],[-96.70355203013672,28.35507137307081],[-96.70381273941123,28.35480592671397],[-96.70424120510182,28.354011691225057],[-96.70456721431108,28.35365342229753],[-96.70462036016183,28.353366037762274],[-96.70477565294807,28.353231220755383],[-96.70518768385375,28.352369844714488],[-96.70527639367795,28.35197199307714],[-96.70541576122048,28.351787885864315],[-96.70584025621937,28.351264835688774],[-96.70649821170075,28.349998380946467],[-96.70701946336222,28.3492399109215],[-96.70738601295248,28.348227443464747],[-96.70795959361884,28.347042326815657],[-96.70789911866828,28.346968541777468],[-96.70768708747536,28.34694065566986],[-96.7063104505749,28.34697128020855],[-96.70449558074013,28.34679031177056],[-96.70366466501072,28.346468737101997],[-96.70275709818087,28.345628118874554],[-96.70260246906942,28.345557698475048],[-96.70239554568586,28.34556327043088],[-96.70194295918634,28.34575699682217],[-96.70178685610253,28.345730547667007],[-96.70179522886855,28.345480831183096],[-96.70211613178874,28.34508908340572],[-96.70258339298393,28.345384633353692],[-96.70290220641195,28.345426344285844],[-96.70295638916336,28.345316724243453],[-96.70263269419915,28.344841720617513],[-96.70255517112386,28.344534071830758],[-96.70242745288073,28.344402806644048],[-96.70233076139472,28.344111520752673],[-96.70217067512117,28.344018273937227],[-96.70202711637717,28.34380341824369],[-96.70199365965112,28.34350276300421],[-96.70146946900667,28.343027988780324],[-96.70136267984289,28.3430138549315],[-96.70129239159391,28.342862121472518],[-96.70120996476636,28.342515475497304],[-96.70133469305912,28.34217979493397],[-96.70127719769299,28.34201738944121],[-96.70081496645027,28.341571755155783],[-96.70065741776305,28.341217643331806],[-96.70062209924585,28.34094994218063],[-96.70071497065321,28.340058206689815],[-96.70052658731501,28.33985866741979],[-96.69973814478662,28.33959354389259],[-96.69938320265851,28.339634421275566],[-96.69908576914376,28.339581924719003],[-96.69878270209325,28.3398128710439],[-96.69879518528978,28.339996440968108],[-96.69895532216482,28.340272935463464],[-96.69881249301788,28.34019835114883],[-96.69856259873937,28.339818090145492],[-96.69878672169551,28.339507362467806],[-96.69875188797832,28.33943426726035],[-96.69856071626742,28.339318197312227],[-96.69824082952643,28.339309793493573],[-96.69799314243355,28.33902551111692],[-96.69785456420382,28.338477321524774],[-96.69761593220043,28.338293323401714],[-96.69759310872278,28.338175013211863],[-96.69748854709022,28.33796783989107],[-96.69733357562664,28.33790808177026],[-96.69726199418392,28.337795159504687],[-96.69727750746898,28.337517792651575],[-96.69717802472569,28.337309604375726],[-96.69671595544828,28.336675196719472],[-96.6964268936817,28.33648987081034],[-96.69613340444648,28.336065486868936],[-96.69516273613843,28.33523448731324],[-96.69433727626118,28.33438496122668],[-96.69428611349015,28.334033647463443],[-96.69395469050875,28.33381383425971],[-96.69396781939872,28.33360860620605],[-96.69388964888158,28.333506509760106],[-96.69398881751158,28.333353737141838],[-96.69398440937357,28.333114694284056],[-96.69354157910976,28.332463943454133],[-96.69289276551316,28.33234683056515],[-96.69254301199835,28.331909984504108],[-96.6922939264487,28.331853229704674],[-96.6915260092361,28.331349990428862],[-96.69118555562655,28.33102991982712],[-96.69103703544117,28.330570157579842],[-96.69080057269097,28.330508575451923],[-96.69078356542217,28.330274708277695],[-96.69090591465142,28.330194728712367],[-96.69083827420287,28.329965021844938],[-96.69048175746441,28.329544486689066],[-96.69045845127914,28.329105203817274],[-96.69033794084301,28.328968629835856],[-96.69031208363043,28.328790221909408],[-96.69040279336808,28.32854267680576],[-96.69010922831752,28.328307019203532],[-96.69012326941144,28.328073970035543],[-96.69066554419666,28.327638239037594],[-96.69092059096027,28.32751741372369],[-96.69120917424456,28.327508174590257],[-96.69127449995898,28.327437694301548],[-96.69125089283649,28.32721498483778],[-96.6907632361419,28.326396670177886],[-96.69055721768916,28.32616882667602],[-96.69040151846438,28.326131372549746],[-96.68935052188435,28.326214734108895],[-96.68884437521977,28.326523875960312],[-96.68880643288269,28.327121394924863],[-96.68870150957625,28.327397764747076],[-96.6888090723402,28.327572839229468],[-96.68882627073405,28.32780087406293],[-96.68868270810229,28.32814155073876],[-96.68883175653183,28.32858449104132],[-96.68874065189732,28.3288210237833],[-96.68862032817431,28.32881750244773],[-96.68816393522198,28.32845585142954],[-96.68782005024535,28.32803012739433],[-96.68731228871253,28.327833171462743],[-96.68677458044165,28.32776363284138],[-96.68601251855374,28.327826738918937],[-96.68554691077141,28.327670064544062],[-96.68527733249682,28.32766846106888],[-96.68436827558283,28.32798894501468],[-96.68433911854692,28.328116061623735],[-96.68489407779536,28.328780797382525],[-96.68508999703421,28.329308160153158],[-96.68482252336587,28.329612238359328],[-96.68418419738245,28.329923018731268],[-96.6840268044433,28.329935703878157],[-96.68384151676089,28.329830767545204],[-96.6839886199934,28.329201413961826],[-96.6839801018888,28.328901062647482],[-96.6841915901218,28.328389942670533],[-96.6841154459958,28.32804346638864],[-96.68397366079789,28.327962037631373],[-96.68354519853426,28.328017416575463],[-96.68170677986613,28.32873001125156],[-96.68118548205624,28.328727245315555],[-96.680831714891,28.32861786154266],[-96.68047138161498,28.328680537035474],[-96.67993915786852,28.3286331228052],[-96.67965490655635,28.328697812980277],[-96.67918636465198,28.328996559593804],[-96.67870335705517,28.329539350014013],[-96.67737393777959,28.330226481628],[-96.67712244491061,28.330425412467786],[-96.67627148160672,28.33183062954584],[-96.6758163060807,28.332285444386518],[-96.67521899566906,28.332691819559642],[-96.67336775609498,28.333203871373517],[-96.673056776846,28.33332352548849],[-96.67242962713706,28.333719458527984],[-96.67165101103039,28.334036095729704],[-96.67088964821632,28.334443923218362],[-96.67031149263896,28.33465070271532],[-96.66960016849605,28.3345208048792],[-96.66868437315003,28.33393548560469],[-96.66846373103702,28.333957132069614],[-96.66839725684424,28.334060904028423],[-96.66878308458197,28.334554503898012],[-96.66882524954873,28.334778041908073],[-96.6681365933929,28.335470741194282],[-96.66795946385028,28.33588270937244],[-96.66813247739398,28.336142720289647],[-96.66839570885807,28.336355624933326],[-96.6684286614913,28.33648403506386],[-96.66772151133627,28.337148726561356],[-96.66730354679211,28.337443266249057],[-96.66410019049368,28.338041386100056],[-96.66315536732533,28.337922098961734],[-96.66208765900608,28.33757677588707],[-96.66117599893461,28.337235933413815],[-96.6604351315118,28.336855268055256],[-96.6600806032398,28.336951408482562],[-96.65994934744788,28.337109133963054],[-96.6599487989232,28.337308857733237],[-96.66034550418094,28.337847459455055],[-96.66077889520531,28.33819760985354],[-96.66130305981737,28.3384838200587],[-96.66244423969096,28.33890879622055],[-96.66285487663045,28.339380701541543],[-96.66283191545439,28.339507979458567],[-96.66203924046046,28.340103332889914],[-96.66131017890142,28.34104518757161],[-96.66073534019324,28.341518783565657],[-96.66053236906595,28.341774329786663],[-96.66016064360112,28.3429034109489],[-96.66000131781652,28.343154945986154],[-96.6595251706994,28.34351428027691],[-96.65855823374699,28.344044132760256],[-96.65785739482423,28.34472578167148],[-96.65709966372272,28.34520550062565],[-96.65599413832763,28.345581757754054],[-96.65555297583049,28.345825451872997],[-96.6550758323322,28.345823754984938],[-96.65443961794718,28.345701285352035],[-96.65385811660107,28.345796847602227],[-96.65335141741214,28.345750352622446],[-96.65294752828721,28.345811799100176],[-96.65256811513248,28.345701645496497],[-96.65238717939538,28.345468895905725],[-96.6523220975496,28.345189383070487],[-96.65266710963509,28.34445976243744],[-96.65262160267297,28.34394735439477],[-96.65243299527356,28.343392259626366],[-96.65267364771809,28.343148737206445],[-96.6540156469389,28.342651261875982],[-96.65484189989996,28.342167548841754],[-96.65507650548308,28.342101591407232],[-96.65582125660433,28.341066004595238],[-96.65600374130516,28.34070404183054],[-96.65639067429011,28.34038670999036],[-96.65639463920526,28.34008668452373],[-96.65611489633517,28.339834817468876],[-96.65592301889141,28.339740671657676],[-96.6550273669239,28.339683481771868],[-96.65442941443106,28.339350939197935],[-96.65400031935766,28.339217471803362],[-96.65368702626897,28.33919777828467],[-96.65279020914126,28.33935749015982],[-96.65126831051124,28.33943348237711],[-96.65091958192784,28.339518723530784],[-96.65058614774142,28.33935994014749],[-96.6503946439682,28.339438038932386],[-96.65023460486067,28.339733904568977],[-96.6494266689954,28.339656687286066],[-96.6484788090446,28.34001472657649],[-96.64805648876802,28.339886919938944],[-96.64742103968662,28.33992531227339],[-96.64720884230654,28.33988080354717],[-96.64711188984917,28.33978401284038],[-96.64701138875246,28.339403504376563],[-96.6468630473266,28.339332858987323],[-96.64672095055413,28.33910113781401],[-96.64657012747386,28.339102627666335],[-96.64593858787224,28.33939139940631],[-96.64592333092887,28.339474188314043],[-96.64617336597884,28.33950319356019],[-96.6462203880174,28.339582143959554],[-96.64611323261076,28.339784881823633],[-96.6452148238213,28.340355307946197],[-96.6448822876286,28.339418882980702],[-96.64500250537405,28.338833201511136],[-96.64521099907027,28.338621838774255],[-96.6461038544414,28.338395738355114],[-96.64708200686317,28.338266434667887],[-96.6485949358048,28.337723387533323],[-96.64920121701974,28.33742293554607],[-96.65080636313779,28.33713809037817],[-96.65083142625359,28.33676644656271],[-96.65064661549954,28.336602692676333],[-96.65075572623414,28.33645672825018],[-96.65091786094521,28.336624353722744],[-96.65094417992323,28.336947188049066],[-96.65110893769744,28.337106962406725],[-96.65122714886107,28.33712695104598],[-96.6517110262823,28.33711200450871],[-96.65272134056603,28.336950181158063],[-96.6526622455615,28.33683721411613],[-96.65219192559002,28.336819192107743],[-96.65152843720654,28.336951412067386],[-96.65142319518019,28.33691524700301],[-96.6514632918673,28.336833133322774],[-96.65196918460431,28.336719054346585],[-96.65252998820124,28.336499202862985],[-96.65263383997727,28.33657553896862],[-96.65278805987455,28.33647409120864],[-96.65337413449103,28.336584254407505],[-96.65392336762865,28.336498831451404],[-96.65439912332401,28.336722588375046],[-96.65506827410614,28.33662935861686],[-96.65529251694971,28.33668517575584],[-96.65583247860256,28.33687176777994],[-96.65595785857768,28.337047346858956],[-96.65607493997975,28.337489481488404],[-96.6558214821211,28.33774367614121],[-96.65539428715218,28.33773779428049],[-96.6553235094787,28.337808112157013],[-96.65553598451261,28.3378670466007],[-96.65568760283291,28.33797902290044],[-96.65610160658471,28.33855659611213],[-96.65623563679436,28.338660210477126],[-96.6563706536048,28.338574755780922],[-96.65640886258659,28.33875385955408],[-96.65633013260614,28.33903505012238],[-96.65663100831169,28.339237630075818],[-96.65696443236412,28.339762864340187],[-96.65711352868628,28.339811515485838],[-96.65725551937456,28.339704270549237],[-96.65732427887382,28.33935028249166],[-96.65751556462509,28.339255322070773],[-96.65786276980678,28.339214707390468],[-96.65829510314593,28.33854378548828],[-96.65822127448907,28.338452087760704],[-96.65765721276347,28.338242512348412],[-96.65761014901221,28.338141212567717],[-96.65766792221766,28.338087413611262],[-96.65822714648242,28.33791319729437],[-96.6586368532512,28.337862897765465],[-96.65874265960555,28.337882549460527],[-96.65908777132235,28.338269543215027],[-96.65941914059192,28.33830586853675],[-96.65960420744977,28.338211069832674],[-96.65954151955813,28.33802034298918],[-96.65924821302781,28.337801456056823],[-96.65925782447997,28.337518426753146],[-96.6583145389613,28.33756005537221],[-96.65798881730137,28.337334466055275],[-96.65772859051441,28.337422079166135],[-96.65758438742606,28.33722950652091],[-96.6575369513493,28.336955974869827],[-96.65704048342133,28.3367928794496],[-96.6567324683025,28.33643470662493],[-96.65671516791205,28.336211811352303],[-96.65691776327303,28.33596728397226],[-96.65692155734789,28.335489518709505],[-96.65700704471672,28.33537523645928],[-96.65725519423135,28.335276309635024],[-96.65796235797345,28.3351617369777],[-96.65815797439531,28.335328159787505],[-96.65894798744344,28.335360166906835],[-96.65903703914486,28.33532368691059],[-96.65903536883842,28.3351902683043],[-96.65886644423277,28.334969173071638],[-96.65908222478944,28.334908222778864],[-96.65935957055578,28.335070978990277],[-96.65946515172766,28.335646198676475],[-96.65956231718779,28.33575983043041],[-96.65947251564789,28.335818616180337],[-96.65907558762443,28.335835910853792],[-96.658798662713,28.335683822457277],[-96.65865934613547,28.3357134721833],[-96.65861301745961,28.33579576600877],[-96.65885853151295,28.335957697627997],[-96.65888599910214,28.336063962581484],[-96.65897242659318,28.336105458573137],[-96.65916917944634,28.336054996347652],[-96.65922191097181,28.336172940798257],[-96.65948266236558,28.33606882337532],[-96.65962236279314,28.33621142534559],[-96.65982212897941,28.336050007000583],[-96.65991608225663,28.33605250416956],[-96.6601621622106,28.33622027880451],[-96.66027059048425,28.336161966939027],[-96.66017214815159,28.335925908020617],[-96.66028866762511,28.335629246160273],[-96.66064056630078,28.33542750776938],[-96.66115665920002,28.335402029482044],[-96.6633852660973,28.335589101407795],[-96.66545874910955,28.335927407475914],[-96.66606634382958,28.336160455158222],[-96.6671937701266,28.336968003953036],[-96.66733345002466,28.336927367096315],[-96.66734250462132,28.336844061078022],[-96.66726342261265,28.33658654001538],[-96.66708171746963,28.336398471052135],[-96.66631316021007,28.33573349263589],[-96.66589120341797,28.33557240910668],[-96.66495264352241,28.33547532399921],[-96.66434716382322,28.33499789050913],[-96.66387118331838,28.3349632464627],[-96.66376180809004,28.334865809391754],[-96.6637425910208,28.334492968674475],[-96.66365805702692,28.33439654167726],[-96.66321805928666,28.334240463723837],[-96.66280611519178,28.333968263694196],[-96.66120087721707,28.334259431097376],[-96.65981916429435,28.334672044612475],[-96.65941623190845,28.33468368009894],[-96.65862398690574,28.334534737014486],[-96.65802866613595,28.33469696567447],[-96.65744978118205,28.33471869817586],[-96.65695041588486,28.334823690107786],[-96.6562197008073,28.335082026339887],[-96.65514445767121,28.335120098675215],[-96.65459506946594,28.335211029944574],[-96.65449318551323,28.335258496329065],[-96.65444423493989,28.335396081829348],[-96.65455078801524,28.335598656878712],[-96.65453854605587,28.3357760603791],[-96.65426287029469,28.335929962766468],[-96.65391212078747,28.335915137301654],[-96.653710121136,28.33575400385416],[-96.65375852303615,28.335633270006454],[-96.65412042369445,28.335320422992016],[-96.6539889971301,28.335322781794854],[-96.65226640710301,28.33593215703371],[-96.65144983124807,28.335927239835762],[-96.6509697304352,28.33601449430023],[-96.65072645485326,28.336152386512072],[-96.65057410211755,28.336381769328543],[-96.65048225579609,28.336385853240802],[-96.65043329305945,28.33629446293309],[-96.65046063104722,28.33603977354991],[-96.65025733591331,28.335550994057574],[-96.65045110024842,28.335383916019275],[-96.65047712136472,28.335190034611433],[-96.65013729092317,28.334831347883878],[-96.64994360105287,28.33481483286254],[-96.65003746471989,28.33536740350159],[-96.64993633149271,28.335575770440162],[-96.65000365484784,28.336177482589736],[-96.64960768725858,28.336372502761602],[-96.64892139321469,28.336420891301756],[-96.64837280432536,28.33612299672191],[-96.64821526561472,28.335774322898942],[-96.64819816816667,28.335546267803426],[-96.64837632767123,28.33510650631449],[-96.6484930940836,28.33498724702428],[-96.64867571987155,28.334986603163898],[-96.6491353523948,28.33456569869941],[-96.6493505938127,28.33415477155257],[-96.6496208919874,28.333223090645042],[-96.65027558968978,28.332481820277447],[-96.65058416996534,28.33259319427185],[-96.6511094859206,28.332479307291337],[-96.65196949164384,28.332485707702244],[-96.65353175735547,28.332315907909326],[-96.65452566162597,28.332270163675787],[-96.65500705101569,28.33232766339129],[-96.65511846793063,28.332752808532966],[-96.65498380733729,28.333376958621812],[-96.6550417430345,28.333889720412728],[-96.65515002007425,28.33404249204998],[-96.6553676199138,28.33408713122939],[-96.65558078247732,28.33392056203836],[-96.6558010894316,28.333543113441515],[-96.65537242150442,28.333031830420513],[-96.65535251076638,28.332520108670824],[-96.65551764209171,28.33228006013563],[-96.65619201323621,28.332375715040683],[-96.65766443912678,28.333020611159466],[-96.6579722563606,28.333017473634552],[-96.65957351417484,28.332454646947063],[-96.66147654510904,28.33224976804821],[-96.6641880028602,28.331738382573263],[-96.66448038593282,28.33161825676823],[-96.66521050023033,28.331582292220165],[-96.66609874092234,28.331672203741675],[-96.66653311116474,28.331650373263223],[-96.66856806730465,28.33126568618592],[-96.67038819174459,28.330708176252987],[-96.67111057165845,28.330716313663242],[-96.67188544922385,28.330619959582773],[-96.6724396241289,28.330715884648672],[-96.6746385530903,28.33110399231712],[-96.675037093509,28.33101484157787],[-96.67527109287275,28.330782105103868],[-96.67504571418769,28.33057605459709],[-96.6746968318295,28.330483297902585],[-96.67335749557702,28.330359153510084],[-96.67265317219372,28.330207112165237],[-96.67201666821455,28.330278945501263],[-96.67179936952745,28.330201340224207],[-96.6715950734645,28.329740096195167],[-96.6716050185818,28.32926284103567],[-96.67180603832131,28.32871810916794],[-96.67196266559637,28.32854452282569],[-96.67259725395972,28.328161160474572],[-96.67274274112663,28.327926078499626],[-96.67313460494854,28.326747668425835],[-96.67344258092622,28.325061330545022],[-96.67368951750606,28.324445626399584],[-96.67410342760667,28.323901034970024],[-96.67430877915801,28.323756582345986],[-96.67477845615777,28.323608123669022],[-96.67529635327197,28.323710516021098],[-96.67584064437423,28.32413609006329],[-96.67621340327348,28.324256991437323],[-96.67743983345385,28.32399513784465],[-96.67910855394446,28.324050258808693],[-96.67933859001049,28.323933939081233],[-96.67946723177263,28.32366318868339],[-96.67953520130028,28.323494979302065],[-96.67951142866313,28.32325542482443],[-96.67930434917331,28.32308321973161],[-96.67808948991375,28.322612095908944],[-96.67726246063916,28.322368161526818],[-96.67648510375876,28.321964275725243],[-96.67441414723555,28.32158151657849],[-96.6724260726087,28.32195573299094],[-96.67207648939015,28.32200848558766],[-96.67088265696344,28.322410366794227],[-96.66858663271623,28.323422044398477],[-96.66784172124441,28.323963073384334],[-96.66717890736459,28.32462892981824],[-96.66630395208549,28.326166813313073],[-96.66619740008173,28.32616950067482],[-96.66611850753175,28.326089720000144],[-96.6660477277421,28.325771220117055],[-96.66583987536208,28.325598950940325],[-96.66574104129957,28.325373916173156],[-96.66567326361631,28.32533327048823],[-96.66532292886006,28.325490707333294],[-96.66471788091886,28.32500230139528],[-96.66407514092904,28.324685455956647],[-96.66332120359789,28.32453204425564],[-96.66179273434525,28.324419267379938],[-96.66135711850926,28.324685468703606],[-96.66126904307689,28.324877357806482],[-96.66133586506984,28.325129061969477],[-96.66160258652751,28.325397435685478],[-96.66219652844096,28.326763221426948],[-96.66228295646329,28.32682671707988],[-96.66217732495029,28.327329262818207],[-96.66196462208114,28.32750686189182],[-96.66128291041703,28.327788878928278],[-96.66030018574632,28.327896137917655],[-96.65944981630099,28.327790009174755],[-96.65790419092312,28.327265883238937],[-96.6574416592015,28.32720338843482],[-96.65616875237285,28.32756752529289],[-96.65592086248488,28.3276184295554],[-96.6543295010116,28.327503895891102],[-96.65332644890879,28.327660758319777],[-96.65177667663836,28.327624980968707],[-96.65085440519303,28.327417160386684],[-96.64916248332094,28.327699679301855],[-96.6487535510943,28.327705268656192],[-96.64854954790853,28.327626952789746],[-96.6445197690439,28.329746100373246],[-96.64265044289989,28.330808324766146],[-96.64269750975754,28.330954982225983],[-96.64283149244422,28.331058602875835],[-96.64503954738436,28.33075075610113],[-96.64619294470369,28.330448081350276],[-96.64715146970913,28.329957297312085],[-96.64743108432896,28.329664627936435],[-96.64765446753232,28.329198236341437],[-96.64775238123663,28.32912969221052],[-96.6478029701163,28.3294466208838],[-96.64770484476415,28.329749647054896],[-96.64714745330222,28.330440198879252],[-96.64699193755334,28.330580452174825],[-96.64685995570393,28.330599276391016],[-96.64661716593551,28.3312707319155],[-96.64642487671966,28.33155437872126],[-96.64565910607985,28.33211184777896],[-96.6453425022987,28.33273664644178],[-96.64475784396315,28.333315433442557],[-96.64343653411515,28.334324578789982],[-96.64254081015739,28.33479500630699],[-96.64158642359932,28.33498059502547],[-96.64093671336526,28.334891028320943],[-96.639654678647,28.335169900142173],[-96.63965574791229,28.32348785774192],[-96.63308119791068,28.323289509682024],[-96.6230271619018,28.323273761526497],[-96.62306909540177,28.320059135948075],[-96.6230062593154,28.318155288337692],[-96.62312557243973,28.30883823278178],[-96.62335102123988,28.294321337331734],[-96.60672782001394,28.29425053908372],[-96.5966303334437,28.294181907648404],[-96.59055916608372,28.294219767304774],[-96.59057810751713,28.289433812318837],[-96.59075179576992,28.28277295440207],[-96.59159638912709,28.282606819126855],[-96.59191283236804,28.282171231293063],[-96.59213628863708,28.28206624727668],[-96.59257160218525,28.282010677077878],[-96.59265835065037,28.281928137994935],[-96.5928255580655,28.281338262097723],[-96.59366236127451,28.279960424859258],[-96.59358169015539,28.279822775130288],[-96.59317095922184,28.27977383325939],[-96.5930597390293,28.27984540228037],[-96.59317140996535,28.280164719934014],[-96.59303502572772,28.280357654146222],[-96.5925814759813,28.280446414242707],[-96.59230836115343,28.28028156156333],[-96.59220242313273,28.28011057339987],[-96.59220853117944,28.279912393487585],[-96.59245637534453,28.27977471765268],[-96.59243129841273,28.279691874603852],[-96.59253083360946,28.27959798740422],[-96.59277317865933,28.27962003184568],[-96.59288476994054,28.279493090694487],[-96.59231866360817,28.279086184623218],[-96.59221333121529,28.27892107096032],[-96.59228701626812,28.27878865344094],[-96.59256697283415,28.278711329087376],[-96.5933378452959,28.278699581310764],[-96.59452447368773,28.278434043668998],[-96.59500838375897,28.278207544398363],[-96.5958029051529,28.27757901430787],[-96.59605801349124,28.277479351018936],[-96.59872400131253,28.277217769897145],[-96.60061990098617,28.277237807631636],[-96.60123477953367,28.277154409552214],[-96.60202406968236,28.27685641224915],[-96.6024896769533,28.276575073398103],[-96.60264540551556,28.27658581764419],[-96.60317361324148,28.27692119056063],[-96.60329850331439,28.27721815925233],[-96.60353538105907,28.277487883459532],[-96.60364823136362,28.278021738276628],[-96.604469385984,28.278285271160932],[-96.60487922587774,28.278202149060316],[-96.60510242000286,28.27758526112666],[-96.60535025473541,28.277403227205188],[-96.60578575808601,28.27738611323421],[-96.6061586159155,28.277451894315515],[-96.60656975642314,28.277781682892567],[-96.60671283110842,28.277754251132304],[-96.60676040877259,28.2776695583546],[-96.60642526905059,28.27676879215392],[-96.60639939543238,28.276438419732084],[-96.60651666337625,28.275942770908465],[-96.60685872690212,28.275617519855615],[-96.60998975386768,28.27452394855639],[-96.61063650072488,28.2745066825424],[-96.61151324657271,28.274599087808358],[-96.61161836072249,28.274433811340327],[-96.61148056020178,28.273833996459143],[-96.6115304941426,28.273646611836945],[-96.61173483988246,28.273508771195704],[-96.61253685263438,28.273425540704604],[-96.61349428039428,28.273633560560427],[-96.61360629867704,28.27362798663887],[-96.61371162474799,28.273523239138342],[-96.61335051809854,28.273094091712156],[-96.61289678925515,28.272896225103125],[-96.6123497752923,28.27283644402103],[-96.61134257051648,28.272991795431597],[-96.61116876115835,28.27294242886722],[-96.61109337860249,28.272876439158708],[-96.61114205127355,28.272094292519366],[-96.61106114490188,28.271940182129775],[-96.61140923981348,28.27168658107548],[-96.61289984145309,28.271272315381452],[-96.61321652669126,28.271051566028092],[-96.61372674490443,28.271007226378572],[-96.6141124505377,28.27157900687149],[-96.61496452633357,28.2716882558123],[-96.6157848436003,28.2714563148233],[-96.61613805498881,28.27085013500685],[-96.61659170124805,28.270508264399215],[-96.61748631162345,28.270463621428938],[-96.61935031545566,28.27012017789031],[-96.61959889174321,28.269982147668433],[-96.6198158576455,28.269656921086405],[-96.62007678435536,28.269431230527143],[-96.62075366770544,28.269078164899227],[-96.62085955545112,28.268956912375558],[-96.62100171580362,28.26857123015445],[-96.62137368446895,28.26814156054323],[-96.62147869455809,28.267706420596774],[-96.62164039496297,28.2674529488345],[-96.6222178100954,28.267259460545173],[-96.6226651789549,28.267325113713774],[-96.62283369425441,28.267506701391454],[-96.62292693888332,28.267754317790043],[-96.622915415536,28.268090216366772],[-96.62250522815704,28.268569747581527],[-96.62261150044529,28.26884485895504],[-96.62297234214967,28.26916946414527],[-96.6234762185181,28.26931612748144],[-96.62353799129487,28.265165733462236],[-96.62352344735321,28.26277641973259],[-96.62397677781158,28.262797861871647],[-96.62455523153594,28.262527394614125],[-96.6262895547034,28.26215561749432],[-96.62674633944995,28.262173395399955],[-96.62711298876853,28.262283287440905],[-96.62771692464541,28.26224379546341],[-96.62899464848303,28.261939487555242],[-96.62932847647302,28.261715042566053],[-96.62985486433062,28.261740170830972],[-96.6304735082161,28.261634726732396],[-96.63086882929669,28.26145076681615],[-96.63122064570618,28.261426852633925],[-96.63156590497532,28.261230547032113],[-96.63168463968323,28.26125607681441],[-96.63193844354522,28.26116834080459],[-96.63244537252297,28.26083197212762],[-96.63292529190167,28.260944877626457],[-96.63317429181335,28.260634942618786],[-96.63339118360777,28.260718449165708],[-96.63405996050005,28.26078072955021],[-96.63440706594555,28.26071234786105],[-96.63479410371738,28.260589324187627],[-96.63554021690544,28.260070300856015],[-96.6365392466089,28.2598306285754],[-96.63740042148822,28.259420550324908],[-96.6381288632583,28.2593953708859],[-96.63844405909302,28.259170376533813],[-96.63853233137486,28.25897301030892],[-96.6389921390532,28.25892412019201],[-96.6393812775286,28.258556733993128],[-96.64000772062218,28.258278035692022],[-96.64042964863944,28.257984925144193],[-96.64098221665432,28.257788620090427],[-96.64147573502461,28.257479724082568],[-96.64212397248652,28.25686899025327],[-96.64296251739705,28.256574800974274],[-96.6438537663879,28.256009737903945],[-96.6444597367247,28.255887050287406],[-96.6448236238782,28.255530325251687],[-96.64655680531885,28.254571112912686],[-96.64691933549585,28.254230833234416],[-96.64729675363911,28.254024001313514],[-96.64825214618331,28.2532385424044],[-96.64972689975082,28.252477963066713],[-96.65037730807285,28.251800909086693],[-96.65069732107018,28.251614881116808],[-96.65128050463461,28.251452708671355],[-96.65160182348367,28.25122819792658],[-96.65202045765965,28.250722675268026],[-96.6525980697473,28.2502473095531],[-96.65289442737964,28.24997733793085],[-96.65309436893729,28.249600394570916],[-96.6536390458072,28.24897137119073],[-96.65483610109281,28.247834126524268],[-96.65500446145637,28.246901168280765],[-96.65560098862943,28.246459165524357],[-96.65568060838663,28.246309686570946],[-96.65571812487892,28.24586826934861],[-96.6561393745262,28.2448598940993],[-96.65616939760734,28.23700653565748],[-96.66118095178717,28.236937531065173],[-96.66155463174377,28.236492775857755],[-96.66173228503366,28.235763220561378],[-96.662282920406,28.235046331846636],[-96.66234820485427,28.23476998617166],[-96.66228899451349,28.234043071738128],[-96.66237334222787,28.23382152647986],[-96.6626671863694,28.23344363948593],[-96.66368108628382,28.23245684065236],[-96.66404592805655,28.231769378172462],[-96.66530028452699,28.23117673116073],[-96.66522183139968,28.230857701589162],[-96.66505836568983,28.230710678849775],[-96.66479913205185,28.23082377786947],[-96.6646329801597,28.231007736750428],[-96.66427801126328,28.230945380527057],[-96.66368852629205,28.231045549424696],[-96.6630208501974,28.231345100754464],[-96.66290432106314,28.2314399747018],[-96.66288164015648,28.231627751860984],[-96.66306615531056,28.231978485037395],[-96.66306263069718,28.232243086032643],[-96.66291030912656,28.23245423067509],[-96.66281027804897,28.232427831708648],[-96.66284936963255,28.23203046745794],[-96.66238689232286,28.231864512911137],[-96.66177686125666,28.2312425898077],[-96.66064193552427,28.23099033150831],[-96.6592880185512,28.23058065842492],[-96.65852281814817,28.230506303191618],[-96.65773730302315,28.230344135677708],[-96.65696740584308,28.22994996335009],[-96.65613898301262,28.229313946500735],[-96.65513256765632,28.22884539157138],[-96.65456250045284,28.228487824218142],[-96.65412760469478,28.227991196826046],[-96.65409482829946,28.227858993515667],[-96.65425524773957,28.22775257849918],[-96.65483495288466,28.227917211397937],[-96.656103451512,28.227914230378502],[-96.65664330572316,28.227858495779287],[-96.65716978626291,28.227692709321662],[-96.65808936919842,28.227654978869708],[-96.65852306908069,28.227501519209003],[-96.65948749274861,28.227606607510825],[-96.66117410158414,28.227246163777888],[-96.66217094980739,28.22689867668992],[-96.66435001636916,28.22666542499281],[-96.66575515035835,28.226661157859574],[-96.66820518837194,28.22626521318702],[-96.6686014078698,28.22611759985486],[-96.66914766406948,28.22552708871643],[-96.66950513757028,28.225308311347245],[-96.66961540719532,28.22516927881845],[-96.66955756419041,28.225020946261],[-96.66906204164626,28.224661993402275],[-96.6689282924799,28.22439340783153],[-96.66895885040113,28.22417866932807],[-96.66970839763354,28.22416418722927],[-96.67006034555457,28.223994089271574],[-96.67013351404997,28.224079899885528],[-96.67046022135308,28.224150778560958],[-96.6709371288583,28.224509603320488],[-96.67120213247999,28.224799198711764],[-96.67142981374202,28.224906293470152],[-96.67166305531047,28.22484957009441],[-96.67181624081917,28.224726792012518],[-96.67264133209083,28.224783122047935],[-96.6731421017288,28.224839624844677],[-96.67346935734732,28.224665061022034],[-96.6738362780875,28.224672026423736],[-96.67443580203178,28.224434224332597],[-96.6747169014577,28.22403983312368],[-96.67559704536653,28.223881626906266],[-96.6759198943037,28.223630647075723],[-96.67640143903418,28.22355332613663],[-96.67704885748121,28.22316070804754],[-96.6773854111193,28.222732716379934],[-96.67779452984827,28.222662060330855],[-96.67811557630851,28.222510022371562],[-96.67860676067893,28.221893252109474],[-96.6788847610761,28.22188995767334],[-96.67900805096863,28.221963001735993],[-96.67949288403287,28.221856200214855],[-96.67996295916095,28.221658255146146],[-96.6802276494581,28.22147343296879],[-96.68030001202308,28.22130725719127],[-96.68028105892289,28.220971931589236],[-96.68049308507157,28.220875443221797],[-96.68090194605382,28.220766297525827],[-96.68118171057881,28.22077988185597],[-96.68191578160449,28.220347936978815],[-96.68233685824717,28.220244252208534],[-96.68285408407296,28.220305008409266],[-96.68333683614199,28.22016788709596],[-96.68402834767076,28.219824532737785],[-96.68432208742922,28.219468585776756],[-96.68453222085004,28.219405735686077],[-96.6847637737724,28.219513602458683],[-96.68573135602055,28.219338386163212],[-96.68616975384815,28.21913511369252],[-96.68638404129328,28.218879531068755],[-96.68661171448151,28.21873360149079],[-96.68698331553492,28.218647144596808],[-96.68757555869608,28.218277095817847],[-96.6878328843164,28.217987900067044],[-96.68835155637724,28.21775099501329],[-96.68898850717052,28.217597639215594],[-96.6889863348948,28.21369812299623],[-96.68770902476855,28.21246188830331],[-96.68745595374283,28.212117308259987],[-96.68732778300405,28.211821048760473],[-96.68738999465175,28.211401594100895],[-96.68753702976996,28.211229466426932],[-96.68818411679055,28.21082030247562],[-96.6882003178939,28.21063854140104],[-96.68862797127659,28.210546011082094],[-96.68879787603306,28.210709292882814],[-96.68931294456142,28.210670972729666],[-96.68967554694146,28.210804630525406],[-96.68989494994099,28.21097336185767],[-96.69079320105037,28.211173047379916],[-96.6911226017577,28.21118619998602],[-96.69189911023759,28.211590988635486],[-96.69197141323517,28.21188748261052],[-96.69175261294656,28.21364207751795],[-96.69151982538568,28.21433340196041],[-96.69104463807247,28.215055145792757],[-96.69097325828372,28.21533136011842],[-96.6911728689605,28.215373403515606],[-96.6916910966157,28.21461808126132],[-96.69196105624184,28.214345381444943],[-96.69227499568743,28.214148791840604],[-96.69219314213548,28.213582186669765],[-96.69223879506887,28.213262325137812],[-96.69254614072945,28.21305488440883],[-96.69260330521165,28.212646645075633],[-96.69254363691113,28.21236627625787],[-96.69256659390891,28.21179865931863],[-96.6928206115851,28.21128320032133],[-96.69287156737904,28.210875120962992],[-96.69271477952451,28.210320306884455],[-96.69284790433896,28.21005430651294],[-96.69311764004003,28.209787113352192],[-96.69322568911132,28.20950463952941],[-96.69323527889907,28.209311697134503],[-96.69309422705594,28.209004799446777],[-96.69310668738716,28.208564088266694],[-96.69298159128546,28.208499274739598],[-96.69132203783525,28.208484077624064],[-96.69099217616355,28.208438249940944],[-96.69049223784951,28.20823429407912],[-96.69033241056228,28.2079330582163],[-96.69009688601744,28.20704307751622],[-96.69013039080033,28.206761741584682],[-96.69089168056904,28.206555276036354],[-96.69170544956754,28.206518984531904],[-96.69267755579978,28.206668002845806],[-96.69301451777342,28.206801999649432],[-96.69333784773701,28.20678749366533],[-96.69400079588289,28.206620713669274],[-96.69431120810907,28.20664468125082],[-96.69601655636203,28.206311471764582],[-96.69586577026875,28.205740307878546],[-96.69531302003658,28.20576872441166],[-96.69504762421259,28.205490517645675],[-96.69456203038546,28.205391455967938],[-96.6943923775895,28.205266682347084],[-96.69434627447667,28.205090836228127],[-96.69374549180921,28.204816505031598],[-96.69370091894449,28.204711174631143],[-96.69416619194506,28.20465228074388],[-96.69438177570827,28.204495715637805],[-96.69513856895423,28.204399093118973],[-96.69562670856513,28.20416789674912],[-96.69624730339577,28.204105851848134],[-96.69639400265436,28.204151657527504],[-96.69649475277389,28.204479496510256],[-96.69675791319078,28.204639728121865],[-96.69680381308562,28.204821060965532],[-96.69654855514536,28.205259155239293],[-96.69614879390254,28.20553910182681],[-96.69612679330774,28.205685991467316],[-96.69701737199732,28.206344343898458],[-96.69779523575038,28.206407085676656],[-96.69802298939659,28.20623399060971],[-96.69811925950883,28.20600139135346],[-96.69805781277041,28.20558898689997],[-96.69778925303203,28.205057709976053],[-96.69809710616356,28.20439344170761],[-96.69807093468768,28.20429443396362],[-96.69755370313734,28.204190075929183],[-96.69722024495829,28.20404379494415],[-96.69709085773296,28.203550897735724],[-96.69720376741434,28.2031699009105],[-96.69772961046917,28.202206795210344],[-96.69823289236409,28.202078755099514],[-96.69894019321178,28.201536719298222],[-96.69912272368848,28.201253788513384],[-96.69946959690962,28.201161855535833],[-96.69971532492985,28.200938700057353],[-96.7000495651622,28.200852249577515],[-96.70065920339292,28.200421754765912],[-96.70103784429638,28.199960422100194],[-96.70111282939996,28.199551971506345],[-96.70176581345932,28.199472533064743],[-96.70205781980651,28.19911754546392],[-96.70259833338959,28.199105973177808],[-96.7030299335638,28.198870157080265],[-96.70316451705501,28.198697693585974],[-96.70308024125836,28.198456568249895],[-96.70265869037927,28.198392226656992],[-96.70280679319326,28.198024519521372],[-96.7032245649582,28.19808603201402],[-96.7035749912226,28.198258495982348],[-96.7050418082296,28.198137528514746],[-96.70524751728388,28.19790401763168],[-96.70528892998806,28.197732880507996],[-96.70535981406891,28.19772419514316],[-96.70548761869601,28.197708540860443],[-96.70571536175353,28.19753544036206],[-96.70618893300725,28.19766781703471],[-96.70672869238277,28.1975627081853],[-96.70703161378563,28.197438313906936],[-96.70707684368767,28.197129440817168],[-96.70717025914139,28.197097867696336],[-96.70761997016764,28.19729425797238],[-96.70869664017975,28.19728400501274],[-96.70927177202996,28.196769372514197],[-96.70971023835622,28.196583207188954],[-96.70997166281282,28.196585591885817],[-96.71044535313044,28.19625013023701],[-96.71087448159963,28.19627307159026],[-96.71167332390417,28.196077100724786],[-96.71194427644498,28.19588721245878],[-96.71199104708062,28.195671884554535],[-96.71233881165621,28.19566828331856],[-96.71255126236426,28.195742934582263],[-96.71290235885637,28.19554623374845],[-96.71367671329782,28.195339647359674],[-96.71404820237274,28.195253111772367],[-96.71435400371651,28.195343617025287],[-96.7146692105857,28.195246352498625],[-96.71541667688312,28.19489156417882],[-96.71575395159907,28.194573839271758],[-96.71610212109887,28.194581238172756],[-96.71638640724218,28.194457008255206],[-96.71658826684725,28.194267392739665],[-96.71690688522723,28.194346525960203],[-96.71720324635893,28.19425528657181],[-96.71746905917496,28.194125779263977],[-96.71763981573024,28.19391471019011],[-96.7181354527973,28.193804618245327],[-96.71853441106194,28.19387176838899],[-96.71931642714333,28.193829981694996],[-96.71950418969567,28.193877527947134],[-96.71969312634938,28.19363325132028],[-96.72000815016735,28.193470299967345],[-96.72087820288827,28.193488223631295],[-96.72132667930885,28.193582095807553],[-96.72176689454638,28.193416374505293],[-96.72215930139029,28.19311607137446],[-96.72255425330374,28.19292975055311],[-96.72357996442793,28.192956883586167],[-96.72483565122636,28.192508066815634],[-96.72622991400934,28.192255349571735],[-96.72765335996544,28.191848713905422],[-96.72959307218434,28.191854252905234],[-96.7299272631323,28.19176772363354],[-96.73023988045604,28.191466857299687],[-96.7308985953557,28.191492611475418],[-96.7323009212505,28.191300185998863],[-96.7325873887308,28.190944314955175],[-96.73287219589207,28.19075683429086],[-96.73309344102594,28.190800391857202],[-96.73385565267596,28.190489213541202],[-96.73426691188577,28.190605788982822],[-96.73449936662482,28.190779591220387],[-96.73520309936282,28.190898252999645],[-96.73593661112791,28.19086784092848],[-96.7361266974272,28.190727725261254],[-96.7365992093709,28.190705989563035],[-96.73756028815752,28.19027001177806],[-96.73781102654347,28.190289935726057],[-96.737974771323,28.19045335170798],[-96.738118734733,28.190464298485455],[-96.73846062330735,28.190292293215133],[-96.73908739587584,28.190010645543545],[-96.74031282297075,28.190520289833653],[-96.740586196197,28.19048957164445],[-96.74100460591623,28.190225794675413],[-96.74127687649965,28.190134547752432],[-96.74155107152801,28.1902196968355],[-96.74182945055894,28.190084271468262],[-96.7424484208859,28.189950468220033],[-96.7427402625187,28.18992504406197],[-96.74328224192887,28.19000717773215],[-96.74348009744189,28.18996075075456],[-96.74457846487067,28.18940798703378],[-96.74537756686962,28.18920046221908],[-96.74580029704946,28.189228611717095],[-96.74702301227501,28.18956211670162],[-96.74777545493973,28.189591923807754],[-96.74849417823714,28.18946790158045],[-96.74875862711961,28.189260932097035],[-96.74893386424662,28.188911762113655],[-96.7491430476173,28.188733286353834],[-96.74933488497732,28.188681187698975],[-96.74968911816485,28.188715813381325],[-96.74983118129518,28.188642487839036],[-96.75003122884264,28.18827093538953],[-96.75017992245665,28.187409246603757],[-96.75025992836075,28.187329714383708],[-96.75045603596345,28.187201214933253],[-96.75088014136068,28.187187432973648],[-96.75107846207375,28.18724377796262],[-96.75142466655066,28.187615393666647],[-96.75283859026749,28.188363200073955],[-96.75382305261151,28.18829825146811],[-96.75442680915165,28.188391243389486],[-96.75529142074556,28.188500869979123],[-96.75582214665691,28.18838329578781],[-96.75600346869956,28.18810748396418],[-96.7560696556789,28.187134017483867],[-96.7558930259437,28.186725206345567],[-96.75582198109184,28.186267219879284],[-96.75594732727063,28.18552385035993],[-96.75608467000168,28.185453152909957],[-96.75645468004988,28.185880023942307],[-96.75679662678375,28.185840036841366],[-96.75656375600457,28.186266800547386],[-96.75664267336248,28.186509801873044],[-96.7570631785254,28.18679359174357],[-96.75704419803691,28.186898299443214],[-96.7567963210874,28.18695686051199],[-96.75688064321982,28.18703500622156],[-96.7581288006474,28.187539197321684],[-96.75832633043441,28.18776119990609],[-96.75859457705488,28.188357979963754],[-96.75867278075555,28.188400719323358],[-96.75920415699713,28.18855523185144],[-96.75998850588184,28.188582716741347],[-96.76055202100385,28.188977770762385],[-96.76098905262121,28.18885395443211],[-96.76179301190611,28.18880424199241],[-96.76211683037882,28.188867258705876],[-96.76243527759964,28.18878678955931],[-96.76280143290235,28.18895435555756],[-96.76361136616822,28.18898212017417],[-96.76384119517408,28.1890719126363],[-96.76460075673252,28.189121395592817],[-96.76491835395043,28.189090396783044],[-96.76523833203801,28.188844621197724],[-96.76561250292845,28.188792055204008],[-96.76589764941194,28.18897023567246],[-96.76620864442367,28.18902191161817],[-96.76699405818489,28.189016367285923],[-96.76774248861696,28.188955554663536],[-96.76801759295373,28.188824786625197],[-96.76803780975366,28.18861014701148],[-96.76813138964401,28.188524896572165],[-96.76872234835113,28.18874705203316],[-96.76996745548846,28.188849214057907],[-96.7699700570971,28.188557109513706],[-96.76982206855524,28.18838519823619],[-96.76946908407831,28.188052323548508],[-96.76902237759191,28.187856235556485],[-96.76871341836451,28.18752894707366],[-96.7686042855756,28.187142180488518],[-96.76849959105938,28.187070049338597],[-96.76843588804326,28.187119268577412],[-96.76839360764319,28.187036033065468],[-96.76840906924639,28.18668341817209],[-96.76829724922388,28.186638588734493],[-96.76824681354628,28.186709832570344],[-96.76806569065067,28.186719598254278],[-96.768073608132,28.186548970778592],[-96.7682446915474,28.186230262171854],[-96.76830520853144,28.185662926100207],[-96.76810742726866,28.184785080332144],[-96.7681884303786,28.184752448870103],[-96.76850535950068,28.184859620877933],[-96.76872465441484,28.1854121281994],[-96.76895379236815,28.185617740164282],[-96.76914659178749,28.185629936286002],[-96.77033425067324,28.186702035560973],[-96.77124746712235,28.187744383229532],[-96.77123323194493,28.18794269122187],[-96.77073211153804,28.18827009204745],[-96.77072515380753,28.18836376066134],[-96.77089261584702,28.18848630910325],[-96.77094077205251,28.18867419855498],[-96.77073920877069,28.188868580197326],[-96.77131290092392,28.188896891324113],[-96.7719614094225,28.188807709312897],[-96.77207483244281,28.188637732872543],[-96.77187135737925,28.18838260075314],[-96.77223795365593,28.1884899958191],[-96.77242522238139,28.188458032183213],[-96.77257357652267,28.18861892253553],[-96.77448678751392,28.1885546976003],[-96.77478868167171,28.188291913539405],[-96.77498377189714,28.18797381281287],[-96.77512133551869,28.1879192629445],[-96.77526323122164,28.188135339673895],[-96.77528535637967,28.188455241450356],[-96.77546943010724,28.18885321526763],[-96.77568023622737,28.18893184109244],[-96.77694456601512,28.18903959051458],[-96.77730508781967,28.189190826925685],[-96.77768428765593,28.18922083087204],[-96.77800931191962,28.18912914112116],[-96.77839497225253,28.189175842614286],[-96.77888228560708,28.189079730039126],[-96.77910046251218,28.18900420063073],[-96.77917640755223,28.188888934930063],[-96.77915325611612,28.188624005877692],[-96.77925944463308,28.188603013206688],[-96.77948311156065,28.18869227478053],[-96.77984245650886,28.188997805283066],[-96.78012822775285,28.18903846654908],[-96.7813813928838,28.18901357291926],[-96.78170002390868,28.18885570514197],[-96.78182474192168,28.188862003943083],[-96.78207269751714,28.189062216796547],[-96.78267677454525,28.189049518298713],[-96.78290211639707,28.188968329372766],[-96.78298554304628,28.18859957455168],[-96.78318539183866,28.188562431368364],[-96.78407438528961,28.188782864987772],[-96.78441118575552,28.188757802082378],[-96.78495763285959,28.189036824491655],[-96.78534366685302,28.18907214327905],[-96.78559798444348,28.189173199185642],[-96.78652579538613,28.189250576430844],[-96.78739163687267,28.189158698869363],[-96.78778454513721,28.18922024141925],[-96.78827687966589,28.189184718964885],[-96.78907526269137,28.18901918663961],[-96.79023673739817,28.18871237946562],[-96.79036258799523,28.188564360635965],[-96.79068794970834,28.188390156998857],[-96.79123726307292,28.18820071095418],[-96.79233400050919,28.18821327328752],[-96.7924451546102,28.188302041748077],[-96.7931065358919,28.18817389411667],[-96.79445716457671,28.18746592205487],[-96.79517780148562,28.186947073855077],[-96.79595313740145,28.18651107711717],[-96.79649699253724,28.186249979193747],[-96.79696502293224,28.186126136284074],[-96.79744740475867,28.18579849927165],[-96.79820960391994,28.18545599409952],[-96.79877458917409,28.184902886104044],[-96.80002128279094,28.18395159863241],[-96.80058278977457,28.18312273983257],[-96.80112143916963,28.182662797942125],[-96.80182551673948,28.181862654766554],[-96.80226701440633,28.181192623818372],[-96.80267359107135,28.180952738133765],[-96.8035443167848,28.179942239644355],[-96.80405428029786,28.17959956704204],[-96.80438722318662,28.179166011192113],[-96.80492890534761,28.179185984866276],[-96.80553388782319,28.17865896857737],[-96.80588186524686,28.178364667265694],[-96.80604558576874,28.178101059255294],[-96.80626437052203,28.177981165095527],[-96.80668099209672,28.177311182855604],[-96.80702312535273,28.177263516820897],[-96.80714597803332,28.17744641528707],[-96.8072329098855,28.177468914328497],[-96.80756440978601,28.177366322673826],[-96.80870369418516,28.176468934932537],[-96.80890356414439,28.176381890645743],[-96.80945159424431,28.176324680434547]]],[[[-96.69903090024502,28.576446610970553],[-96.69904144802396,28.57657308017949],[-96.69970804161045,28.57727580244336],[-96.69970667979811,28.5773858064099],[-96.69948688581347,28.57748182133091],[-96.69922954594264,28.57792961578413],[-96.69888251877465,28.578172549757493],[-96.69870023178277,28.578241702924405],[-96.69855803883824,28.578184689162264],[-96.6982294014575,28.577718085122918],[-96.69825929898366,28.57745411886683],[-96.69865446526387,28.576568102413383],[-96.69854274205638,28.576577545167392],[-96.69838286512113,28.57676795601667],[-96.69817719069069,28.577139424139755],[-96.69816914086516,28.57798126238386],[-96.69859513845935,28.57891183317116],[-96.69851455365945,28.579246331970605],[-96.69808064618769,28.579477352761465],[-96.69766971636813,28.57946623634106],[-96.69692549463448,28.579241462461074],[-96.6960333633692,28.578574419334963],[-96.69549381129819,28.578380097996863],[-96.69522934072997,28.578183694585512],[-96.69488361356565,28.577623110876317],[-96.69494605959015,28.576578120017583],[-96.69448986482718,28.576291084051363],[-96.69308918434285,28.57689384476825],[-96.69272324576579,28.577142110572993],[-96.69265066427026,28.57746995990274],[-96.69322596990288,28.578684700037698],[-96.69307064965884,28.579040263652864],[-96.6929063907132,28.579175553812565],[-96.6926488248677,28.579282242023993],[-96.69223785084695,28.579249115197403],[-96.6903489859996,28.578524206348757],[-96.68971467547863,28.57811349286332],[-96.68939481069074,28.577503744835298],[-96.6895245646911,28.576866933356012],[-96.69043094240577,28.575630237640272],[-96.69052424616225,28.575312245204323],[-96.69058794704272,28.574878284630923],[-96.69054661184376,28.57471799782661],[-96.68997406371629,28.574324731813977],[-96.68845728683935,28.57511247896206],[-96.68812535031277,28.575438650387927],[-96.68801413633689,28.575686716342442],[-96.68744093223742,28.57626029670691],[-96.68742845571819,28.576606894944845],[-96.68731882881143,28.57683092715899],[-96.68737082091737,28.577068177014215],[-96.68632197227097,28.577516122360354],[-96.685633323064,28.577677126746764],[-96.68501060092737,28.577662802603893],[-96.68421684995751,28.577453497046285],[-96.6826735885423,28.576232135228096],[-96.68232154420055,28.576045796291055],[-96.68187483902388,28.57594050021417],[-96.68115940547496,28.576249330541167],[-96.67989120297435,28.57710127756396],[-96.6782613879101,28.57800247945703],[-96.6777430858669,28.578424446634312],[-96.67694246866321,28.579315531089545],[-96.67621451171978,28.579602343102795],[-96.67537837300495,28.579678269559015],[-96.67361419602274,28.57932327496543],[-96.67290317202037,28.5793625973312],[-96.67263332830824,28.579463082623572],[-96.67219247182058,28.57975951151549],[-96.67127710837329,28.580770293328502],[-96.67111977599723,28.58086137763473],[-96.67050856507373,28.580874786348502],[-96.67013092425502,28.58036314278751],[-96.67011861652063,28.57966965459206],[-96.66977181182838,28.57880089410432],[-96.67009631054766,28.578420589942343],[-96.67082449850423,28.57812796041131],[-96.67085323367344,28.577946838727794],[-96.66997159724221,28.577021314216537],[-96.67004660258645,28.576670180078963],[-96.67055393842878,28.576182282316626],[-96.67144637199736,28.575754739002026],[-96.67206117305639,28.57478417650171],[-96.67261349830629,28.574208751320324],[-96.67350453368708,28.573522616207473],[-96.67372154339422,28.573233682827215],[-96.67383221380766,28.5729330013708],[-96.67383176783892,28.572624565058838],[-96.67347196583518,28.57184005801408],[-96.67355251391635,28.571508998183514],[-96.67397318195002,28.57127840726672],[-96.675254767625,28.571065358607903],[-96.675884302901,28.57071648849998],[-96.67600549002704,28.570542248999224],[-96.67567754746835,28.570058762177492],[-96.675110023762,28.569704089788736],[-96.67459628166594,28.569532020326132],[-96.67391752163827,28.56949484289313],[-96.67249656376579,28.569843777265923],[-96.6720285185335,28.569886761088853],[-96.6714136625749,28.569779053988015],[-96.67105241075323,28.569383383024636],[-96.67043059950696,28.56824124084164],[-96.66990295609772,28.567744186638652],[-96.6696988660834,28.56767552522115],[-96.66924219045126,28.567773488919727],[-96.66566653889322,28.569457178631446],[-96.66512265529984,28.56955418754581],[-96.66481782765574,28.569539239344483],[-96.66454557018471,28.569436437259004],[-96.66321708325167,28.56843852421589],[-96.66249810784572,28.568186692637873],[-96.66147498441613,28.568266171670935],[-96.66082669319825,28.568592825248754],[-96.66057374338456,28.56879274849535],[-96.66034251074598,28.569224337237745],[-96.66032822512355,28.570010985332964],[-96.66039881180765,28.57024871961401],[-96.66124238855609,28.570754190538203],[-96.66218033023364,28.571004254147336],[-96.6622918481969,28.5711836026903],[-96.6629739491694,28.571604642010698],[-96.66313573483436,28.572322059055306],[-96.66309517243938,28.572530372046735],[-96.66291179589939,28.572654458071998],[-96.66173846322879,28.57309509832012],[-96.66087211850517,28.573556602445066],[-96.6605206493125,28.573606423707222],[-96.66057110572666,28.574001121120734],[-96.66077584414083,28.57430327091993],[-96.6607986009317,28.574641862991488],[-96.66068368967046,28.57495101094764],[-96.66015552565693,28.575180448724385],[-96.65938681758131,28.575313083390366],[-96.6590778492936,28.5758536481478],[-96.65840245246112,28.576334291933634],[-96.65789370012436,28.576541879604385],[-96.65723872765636,28.57658262100433],[-96.65664783735707,28.576525677992915],[-96.65579098324528,28.576157370425914],[-96.65550071827106,28.57610288818779],[-96.65526381589132,28.576151274193663],[-96.65511530429563,28.576097123699167],[-96.65468954348427,28.576201351993646],[-96.65448803375347,28.57633079007949],[-96.65434696700709,28.576538164707348],[-96.65442926137362,28.576889686897246],[-96.6548230823445,28.577037673653166],[-96.65522106947354,28.57733775862055],[-96.65542512520351,28.57729366481685],[-96.6556206531794,28.577133121170387],[-96.6558185476883,28.577223653334663],[-96.6558700649623,28.577449531580626],[-96.65579137933011,28.577815710459223],[-96.65542763033761,28.578500606373996],[-96.65488917358905,28.57864206519536],[-96.65432280219994,28.578573735286827],[-96.65188598328945,28.576449722076102],[-96.65121579268549,28.576319478551756],[-96.65029423002635,28.576593086047385],[-96.65012968921395,28.576712147062757],[-96.64996320753211,28.576979356210995],[-96.64967872080034,28.577531553814257],[-96.64990294765754,28.578266456145045],[-96.6499152567392,28.57861336307799],[-96.64987629144235,28.579047636647413],[-96.64969289877656,28.579193695986074],[-96.64854833195776,28.579632590732572],[-96.64766196346717,28.579764411138303],[-96.64717673642488,28.579737756695565],[-96.64630709106929,28.578878038274954],[-96.6461033347581,28.578776352733588],[-96.6457281409842,28.57885919094421],[-96.64501379044862,28.57972450635223],[-96.64481170436112,28.57987043231331],[-96.64404971123827,28.57996462382972],[-96.64397076230209,28.58020044846926],[-96.64373002419453,28.58042818700343],[-96.64365819090617,28.580592359883155],[-96.6439011953968,28.58095883173608],[-96.64404317231865,28.58134084181432],[-96.64416422939352,28.58260835559167],[-96.6443973312179,28.583150958265882],[-96.64411611367865,28.58419871710357],[-96.64397999770503,28.584488391007934],[-96.64366100178933,28.584885970964965],[-96.64349358911655,28.585522086732162],[-96.64309894894936,28.58599018608304],[-96.64305944861786,28.58611979872674],[-96.64322245231745,28.58620561831853],[-96.64325215283048,28.586362519057293],[-96.64183485303676,28.586936101814413],[-96.64115943706203,28.58704806535153],[-96.64083859434551,28.586883758207936],[-96.64005527754902,28.586757295462633],[-96.63994585512657,28.58658520150948],[-96.6398406418932,28.58551581584306],[-96.63924736071947,28.584230511425297],[-96.63926017077162,28.58385642064493],[-96.63904648732034,28.583589065767555],[-96.63900070613502,28.583401463550853],[-96.63889607604706,28.583317539829704],[-96.63823353570231,28.58341813306712],[-96.63771648421917,28.583411209737015],[-96.63750228193258,28.58318234128464],[-96.63741980065728,28.58290609389461],[-96.63721296473916,28.58264441318517],[-96.63624038074134,28.58194830526282],[-96.63614585986915,28.581682738410894],[-96.6359777028306,28.580315268726366],[-96.63629959291328,28.57937865618199],[-96.63677159160957,28.579154005194443],[-96.63737034565278,28.57911807147769],[-96.63760981800817,28.578995167701173],[-96.6378285896024,28.57861281548754],[-96.63783151318994,28.578117438365776],[-96.63770600125963,28.577801863645817],[-96.63745938698442,28.57765534570831],[-96.63556127522662,28.57748569957359],[-96.63302626684401,28.578418879294517],[-96.63277727906846,28.5784098166039],[-96.63139467436923,28.578654451372703],[-96.6302975267391,28.579002288090933],[-96.63001758112948,28.578965242360276],[-96.6297180559756,28.57902151231591],[-96.62880611876629,28.579443410152866],[-96.62804428287498,28.57953167101283],[-96.62745942572889,28.579820667415294],[-96.62693614103846,28.579791176087465],[-96.62621720085136,28.579923905210272],[-96.62579374441883,28.579868537474177],[-96.62552054233282,28.57963464306034],[-96.6233709823318,28.578937485093874],[-96.62174876003645,28.579216872497685],[-96.6205717830026,28.579053940426256],[-96.62008847656531,28.57892648131606],[-96.61976477281767,28.578960767846798],[-96.61944617609865,28.57918672254095],[-96.61919853184885,28.580021098915022],[-96.6192350614558,28.580498310104204],[-96.6194581750754,28.581432423063287],[-96.61961384468154,28.581919254758805],[-96.61958572568464,28.583030146640862],[-96.6197826233638,28.583443574848722],[-96.61949219140392,28.58479705614057],[-96.61968531312812,28.585750205389967],[-96.61995123663745,28.586421303127345],[-96.61999071666678,28.58672321572996],[-96.61992081820914,28.587192078124815],[-96.61970216814147,28.58765899839832],[-96.61872263805081,28.58841115802636],[-96.61733100063095,28.589138863055254],[-96.61594712953413,28.5894369263766],[-96.61574729638265,28.589402675367225],[-96.61545513101176,28.589221530078184],[-96.6153802534683,28.588975397991582],[-96.61466332123047,28.588753604109115],[-96.6138718630786,28.588275023466455],[-96.61371088533062,28.588085709756133],[-96.61357378521639,28.58758827539957],[-96.61341059305354,28.587305363316727],[-96.61284213963873,28.587025672864325],[-96.61252160476072,28.586944489503622],[-96.61220306797682,28.586670471165725],[-96.6122625864046,28.58654828910763],[-96.61264893150474,28.586551121027192],[-96.61271592024418,28.58648381035063],[-96.6126550983239,28.586281708772933],[-96.61204182791585,28.58621742234137],[-96.6117828943878,28.586338366800916],[-96.61153340087172,28.586569263699353],[-96.61131930621632,28.58776145380219],[-96.61091434244062,28.5887490815479],[-96.61119337480574,28.589942497677818],[-96.61116119823112,28.59015206320145],[-96.6107614584893,28.59085341234591],[-96.61075425981166,28.591084638026498],[-96.6108354078482,28.591825737668476],[-96.61097508367843,28.592158565973048],[-96.61124773819054,28.592340214875644],[-96.61163066692471,28.592420315010077],[-96.6117806477027,28.5931766962392],[-96.61153560345902,28.59336849553101],[-96.61113022175557,28.594097546912405],[-96.61110108484763,28.594670299359667],[-96.61062729193942,28.59519154777614],[-96.61063075680869,28.595587761644374],[-96.61011846520375,28.595998493236422],[-96.60985673463311,28.596318218091337],[-96.61026628392689,28.5969591726544],[-96.61051358522786,28.597108191249063],[-96.61100678749001,28.597131424247713],[-96.61145194197891,28.597711427229275],[-96.61206245201826,28.5979028765192],[-96.61235987751229,28.598067653269936],[-96.61304368812593,28.598686746587575],[-96.6133598631691,28.599120931053342],[-96.61348786917624,28.59947613054019],[-96.61346915922918,28.60119347660907],[-96.61389791227133,28.602340730410038],[-96.61438275833484,28.603239515995824],[-96.61451080628,28.603638707572347],[-96.61486020330604,28.60410507829738],[-96.61503145571781,28.60422281101875],[-96.61540876418314,28.604331273197705],[-96.61558865435691,28.604537942097352],[-96.61645073094013,28.60600079279978],[-96.61765674351332,28.607524792145064],[-96.61773367265404,28.608073920877686],[-96.61808577018822,28.60891479551873],[-96.61814940696641,28.609442256051548],[-96.61886890987718,28.610286277893206],[-96.61985098878716,28.611513183325144],[-96.61975752353908,28.612258188466193],[-96.6193670560171,28.613322937862804],[-96.61918740789409,28.613628961011347],[-96.61908903221645,28.613702311289888],[-96.61863540330937,28.613771623164116],[-96.61829774959324,28.613777690728302],[-96.61788962585842,28.61368078211221],[-96.61809212513391,28.614045879999665],[-96.6179369891388,28.61429651266559],[-96.61792775230326,28.614450981610545],[-96.61801329761764,28.614592542169778],[-96.61813869825701,28.61463958322294],[-96.61843547095593,28.61428169615839],[-96.6186296387532,28.614278310787128],[-96.61887078843665,28.614449834805004],[-96.61919097599704,28.61452099926627],[-96.61957793584067,28.6144863237076],[-96.61958033818661,28.614348512913153],[-96.61942818993408,28.61426327651422],[-96.6195088522227,28.61400308637956],[-96.62039137348312,28.613336655501147],[-96.62054936955565,28.61341070065266],[-96.62059912695268,28.613663035449726],[-96.61999969068482,28.614142445339027],[-96.61993934417565,28.61422059872142],[-96.61998502930692,28.614296796329022],[-96.62030260125428,28.614263358725296],[-96.62083303200328,28.61402210780626],[-96.62109123644086,28.61410537270319],[-96.62090493114162,28.6143785269746],[-96.62040005911612,28.614646967441693],[-96.62018857191474,28.614700415683004],[-96.61984461246512,28.614662993777056],[-96.61973959545105,28.61472551412022],[-96.61981548444408,28.614988191910165],[-96.6202644500198,28.614963443597755],[-96.62053555937224,28.61507937038678],[-96.62073461980079,28.615273831124224],[-96.6210603196885,28.615796264253596],[-96.621585149079,28.615808624619962],[-96.62181376817799,28.615710568843042],[-96.62194487860822,28.61522924769342],[-96.6220819431037,28.615209891415333],[-96.62235748832947,28.61549133664108],[-96.62244410004885,28.61571509490431],[-96.62226378961866,28.61597192126545],[-96.62208531864304,28.61608542680047],[-96.62196759378058,28.616131784599823],[-96.62172126138816,28.616020651383955],[-96.6208670371319,28.616543443405888],[-96.62107782552003,28.616963430446656],[-96.62253713943194,28.616159423651325],[-96.6230739618012,28.61666140548487],[-96.62197419704803,28.617095080851662],[-96.62106888505463,28.617585552159493],[-96.62124599765248,28.617692423698955],[-96.62128647101555,28.617807335785518],[-96.62044194311629,28.61847821924585],[-96.62005876724062,28.618402610988785],[-96.61992612945556,28.618564794008087],[-96.61965950044011,28.61863570162936],[-96.61955024347787,28.618775460047665],[-96.61974391105348,28.61903612656868],[-96.61953389504411,28.619612294879072],[-96.61962467566725,28.61973714653523],[-96.61976213545148,28.619729136340695],[-96.62181846552056,28.618336667228622],[-96.62225254493436,28.61822384527689],[-96.62248501343828,28.618285779664912],[-96.62250416096828,28.61852216450669],[-96.62240074844517,28.6186507487551],[-96.62190310806552,28.6189571789292],[-96.62074270892876,28.620223081892824],[-96.62081686836653,28.620310351493707],[-96.62096244246045,28.620337629932553],[-96.62177984615059,28.620251585467486],[-96.62246485576527,28.620434299891023],[-96.62295985340525,28.620703388501582],[-96.6230919783008,28.620940745025862],[-96.62313541167383,28.62121906312795],[-96.62364126093827,28.62160328462664],[-96.62359637507878,28.622454828885463],[-96.6238824347025,28.62261241051227],[-96.62444781745106,28.622830096420323],[-96.62438219945818,28.622063602748696],[-96.62449981095367,28.622042683998043],[-96.62578569941367,28.622816736788057],[-96.62552054230756,28.623252518064042],[-96.62480564799415,28.623892203590465],[-96.62478104143786,28.624018417211616],[-96.62467474646193,28.62409568650154],[-96.62458136882927,28.624068442096597],[-96.62446119259283,28.623574195647755],[-96.6237983688385,28.623130398633577],[-96.6234110511641,28.62299382903442],[-96.62310568556855,28.62298909160145],[-96.6227703629333,28.62340199873724],[-96.62253206395002,28.62321543608968],[-96.62249358514565,28.62295169869317],[-96.62234983982462,28.6228254500335],[-96.62216860105133,28.622793070472078],[-96.6209558598599,28.623811718451883],[-96.62048213257468,28.623988481511514],[-96.62034490101303,28.624126122420453],[-96.62030177331029,28.62424703849886],[-96.62067161881228,28.624801267833092],[-96.6205784692988,28.624971725194555],[-96.62038543828864,28.625076572831578],[-96.62044149049481,28.625430059240195],[-96.62062998128906,28.62558034853605],[-96.62111107257789,28.62577858978955],[-96.62124621123756,28.62590565453626],[-96.62126384430495,28.626050185779626],[-96.62093727876292,28.626207865685036],[-96.62080932675379,28.627004225015096],[-96.6204973391303,28.62762237055701],[-96.62047609511367,28.628102844515546],[-96.62005393157403,28.628524764510253],[-96.61943621749612,28.629464465786725],[-96.61918967569113,28.629607075423074],[-96.61895258049255,28.629611717742563],[-96.61799971159427,28.63091238852607],[-96.61687463657964,28.631758002073823],[-96.6167983953809,28.632002832306856],[-96.61662630925694,28.632133352121315],[-96.61627122361136,28.632145804382166],[-96.61596771389092,28.632267650585842],[-96.6150509290195,28.63319791390719],[-96.61445431244914,28.633320108608217],[-96.61376232235092,28.633653977100753],[-96.61262715385071,28.63460997694677],[-96.6121080705457,28.635195018150963],[-96.6113213804322,28.63641999627684],[-96.61081094294208,28.63679964283823],[-96.61057992698724,28.63741717578403],[-96.61061925981303,28.637836370206347],[-96.61098186016545,28.638509760698643],[-96.61108998333128,28.638922538744247],[-96.61108583654392,28.639359125262608],[-96.61097072272018,28.63955478974871],[-96.61053220430826,28.639969345557493],[-96.6106016202792,28.640130450001763],[-96.61072660469927,28.64014481436058],[-96.61178470459383,28.639368975111065],[-96.61188636177303,28.63945045679255],[-96.61178576430386,28.63974519068671],[-96.61147036627632,28.639894181493627],[-96.61072886984869,28.640553707904814],[-96.61110830516367,28.640514052482366],[-96.61175562489433,28.64014359189303],[-96.61206579507339,28.64021774314946],[-96.61227662401454,28.640610098723407],[-96.61234489766343,28.640913168389297],[-96.6128660715848,28.64110323462002],[-96.61306237161644,28.641265636315254],[-96.61326929878445,28.64130111195882],[-96.61370615456005,28.64163092644999],[-96.61380803031435,28.642044229214346],[-96.61406074572417,28.642537575533527],[-96.61490555237596,28.643674347643927],[-96.61514762122347,28.644566624990322],[-96.61537858339983,28.644922187861425],[-96.61622714878403,28.645589027418257],[-96.6164119601727,28.64581302261164],[-96.61724639944879,28.646369752818927],[-96.61737806987199,28.646395299979837],[-96.61777375092844,28.645907683676],[-96.61787599144334,28.64601667056861],[-96.61778566720776,28.646195126734533],[-96.61736320789613,28.64660019459446],[-96.61739888412198,28.646876577629918],[-96.61799312132435,28.64693893006805],[-96.61979506694898,28.64758594140834],[-96.6202254391449,28.647584759787772],[-96.62102163585625,28.648098509801166],[-96.62186191052506,28.648351070043294],[-96.62221101150082,28.648672299700706],[-96.62243108225886,28.648779633404498],[-96.62322458604937,28.648828065277037],[-96.62328461938623,28.649032188665448],[-96.62344329073768,28.649179158562326],[-96.62420657899325,28.648995699326974],[-96.62437686693016,28.649053893963448],[-96.624530534704,28.64930076874245],[-96.62484946073414,28.649523920881464],[-96.62497990943322,28.64965356628544],[-96.62551805664822,28.649783515770636],[-96.62651456969435,28.650164020804414],[-96.62816254200075,28.65062106835683],[-96.62871335436769,28.650904026811233],[-96.62935362448276,28.65128356983223],[-96.63212985372662,28.65330503887494],[-96.632988966488,28.654419390308412],[-96.63319784971033,28.654966880762572],[-96.6337836473712,28.65589030958754],[-96.6339894952162,28.656503744470545],[-96.634063768486,28.658315795602373],[-96.63443816709614,28.65981160817251],[-96.63445588351979,28.6607501057144],[-96.6346241889211,28.66144644562075],[-96.63484232123349,28.661804395299598],[-96.63498773122583,28.663248342389185],[-96.63535377325115,28.665216394629606],[-96.63536702341646,28.665944006539082],[-96.63566308915087,28.66690646109413],[-96.6364986509428,28.668666610749305],[-96.6369751897023,28.671098039400555],[-96.6370154680481,28.671765511784674],[-96.63726108808913,28.671993162265498],[-96.63735625780859,28.67226564072219],[-96.63758300134452,28.672498295669023],[-96.63866894954279,28.672938848034825],[-96.63951862980352,28.67349345655869],[-96.63987191461126,28.67385705045625],[-96.64004822000301,28.674242039327204],[-96.64045585162548,28.67479414413311],[-96.64081216115147,28.675069452081623],[-96.64114804010805,28.675531258311317],[-96.6417749096518,28.67604331538528],[-96.6421093498979,28.676265901758825],[-96.64224983354322,28.676490412204057],[-96.6428842687888,28.676978395882724],[-96.64360593919824,28.67776646385526],[-96.64448719362234,28.678471456263576],[-96.64548219679692,28.67899825692201],[-96.64614799496526,28.679641807257337],[-96.64795313728393,28.680811482820022],[-96.64879686048572,28.681224187303904],[-96.64910526596927,28.681465181270955],[-96.65018090179734,28.682006465961077],[-96.65052648959905,28.682254282916187],[-96.65227945863124,28.684178318743694],[-96.65328111961055,28.684695254939623],[-96.65354188606253,28.68560170360396],[-96.65398286828163,28.68581953459435],[-96.65443251371507,28.68594443636471],[-96.65530885809997,28.685768943455674],[-96.6557009110559,28.685798254569068],[-96.65622746367136,28.686046385153134],[-96.65665367210453,28.68658380042351],[-96.65699755661669,28.686859406587796],[-96.65828181519262,28.687644788094385],[-96.65854599174104,28.688314764349407],[-96.65853220510053,28.688490453402068],[-96.65877146737532,28.689159748535126],[-96.65877957684428,28.689402382169202],[-96.65916686687821,28.690420157054774],[-96.6593325529935,28.6906160816703],[-96.65993523067407,28.69112584561388],[-96.66031655692782,28.691264878091722],[-96.66109016322858,28.69200095778067],[-96.66245945930474,28.692971122100968],[-96.66313070428308,28.693621252803872],[-96.66425547197078,28.694330135409437],[-96.66440977031651,28.69451716254583],[-96.66456128829704,28.694924170608356],[-96.66475035832441,28.695029584528207],[-96.66497118842881,28.69585242230793],[-96.66496024464115,28.696105576168918],[-96.66463619086892,28.69696560945907],[-96.6633894712831,28.698947303817587],[-96.66321003762582,28.69920047010938],[-96.66292653142762,28.699395136019877],[-96.66224450207517,28.699587554774137],[-96.66204410061948,28.699746263881355],[-96.66177456711908,28.700492536216895],[-96.66084443929687,28.70123712247876],[-96.66115150189509,28.70222974009123],[-96.66141313369152,28.70267887571119],[-96.66186740272069,28.703151334529785],[-96.66263622710095,28.70373288067724],[-96.6646809860028,28.704411773285145],[-96.66494920799511,28.704574978494207],[-96.66584689101722,28.70549688698152],[-96.66574470530736,28.705817295771816],[-96.66461311373813,28.70469863387607],[-96.66221494611395,28.703753902879733],[-96.66158579866743,28.703236130679436],[-96.66117470596072,28.70264636835007],[-96.66093211298646,28.702000588428795],[-96.66058152971011,28.70136058633917],[-96.65934313123937,28.701180904469226],[-96.65885956928312,28.701280418761137],[-96.6579950327474,28.701606314207858],[-96.65766122908838,28.70224528404934],[-96.65624301168403,28.703873693401707],[-96.655490641879,28.704091686624164],[-96.65380322466834,28.70521640570606],[-96.64414682111449,28.711607691833333],[-96.64426652282155,28.71203002388739],[-96.64396895990892,28.712108752631927],[-96.64109523952028,28.71192257373719],[-96.63937774681267,28.712186985365697],[-96.63877113713876,28.712468158288612],[-96.63756642839023,28.71302656194282],[-96.63663719102317,28.713712556726133],[-96.63638867240593,28.71347111203927],[-96.63603554139002,28.71337405692134],[-96.634070593834,28.71358400710525],[-96.63354968093007,28.71376651200613],[-96.63293169874142,28.714143587867248],[-96.630849800749,28.71504495735216],[-96.62867823300913,28.715717283782478],[-96.62323390623466,28.717274466005748],[-96.62148290208492,28.717533965755745],[-96.62073274649912,28.717682700553226],[-96.62029506298474,28.717841523577302],[-96.61990097394931,28.717822717188685],[-96.61958034066899,28.718116381876442],[-96.6189679790453,28.718069364289548],[-96.61828167494355,28.71826657583466],[-96.61738553327062,28.71868887650865],[-96.61705608515007,28.71871819610741],[-96.61661843046568,28.718898691702854],[-96.6162693530446,28.7188898087806],[-96.61605182591896,28.718782381180272],[-96.61550328626335,28.718586225754393],[-96.61486194668969,28.71847351628921],[-96.61420798691765,28.71847391990111],[-96.61356682245447,28.71858742422513],[-96.61296338933612,28.718809609940433],[-96.61242493251862,28.719129311642565],[-96.61168940103609,28.719327229046595],[-96.6113881319597,28.71966987243012],[-96.6113897168273,28.71994018033028],[-96.6097405293094,28.720433691027367],[-96.60953433587471,28.72084628383763],[-96.60896294916883,28.720516979917168],[-96.6087694373897,28.72092372292606],[-96.60835679852285,28.720673640364918],[-96.60819653518122,28.72093067663088],[-96.6078232810755,28.720354620121952],[-96.60764126460725,28.720722139681953],[-96.60669861683078,28.72090825476048],[-96.60632260680946,28.721065257960408],[-96.606090425229,28.72143932794923],[-96.60576823372836,28.72130309029157],[-96.60557919934081,28.721445178455077],[-96.60532674029425,28.72134589070892],[-96.60503351154438,28.721544992979368],[-96.60482922379617,28.721406431305702],[-96.60366561448942,28.721282590428356],[-96.60285185396118,28.721845952384243],[-96.60222514542512,28.721942204168254],[-96.60181655961476,28.72184626169153],[-96.60127321240655,28.722260418445693],[-96.6011745511325,28.72296819120743],[-96.60085194422824,28.723024839634824],[-96.60074553430489,28.722470772131544],[-96.60053968663605,28.722308915816686],[-96.60026472267259,28.722289675838354],[-96.59996928189838,28.72251482051413],[-96.599599506889,28.722671277725222],[-96.59815631615066,28.72307183364824],[-96.59752076248293,28.723107633180813],[-96.59634247151541,28.72383304196474],[-96.59558458227376,28.723976277105404],[-96.5954770956927,28.72435335102736],[-96.59474446147597,28.72428647130306],[-96.59447094231905,28.724545929204815],[-96.59393542849678,28.724397691035993],[-96.59350276952846,28.724544881550358],[-96.59292708732927,28.72449665864375],[-96.59261291767719,28.724668710387103],[-96.59227016665436,28.72469830823671],[-96.59208272909785,28.724928106947146],[-96.59155442713188,28.724774214548155],[-96.59133295404014,28.72490578434687],[-96.59088857635835,28.724424737097554],[-96.59013998731346,28.724457465334467],[-96.58934563284187,28.724639903500375],[-96.5888103173284,28.724486153704113],[-96.58856744828238,28.724739200024395],[-96.5881638716863,28.724588343243724],[-96.58748420740001,28.724635966514477],[-96.58744363025667,28.724994900300054],[-96.58675610211806,28.724976992363036],[-96.58649928464264,28.724734498718522],[-96.58603713213319,28.724700368573455],[-96.585741594904,28.724894179658122],[-96.58559867313602,28.72445083843588],[-96.58534403934596,28.724279926421133],[-96.5857150240259,28.72413418214771],[-96.58542317674221,28.72373256489934],[-96.58504580120129,28.7236580310909],[-96.58481462711237,28.72317241777205],[-96.58378444277928,28.72181684683206],[-96.58337042482306,28.72104843909816],[-96.58299638699329,28.72061018243155],[-96.58305713016733,28.720300268651012],[-96.58286146913309,28.71975855255595],[-96.58241584716151,28.71942667366938],[-96.58177575490541,28.71816177794953],[-96.58150220637243,28.717974850784394],[-96.58136196335565,28.717365847158735],[-96.58050962576498,28.716326258652405],[-96.58067985016639,28.71520368586753],[-96.58027828276977,28.714661500931705],[-96.58027492894219,28.71381825837347],[-96.58002233718497,28.71256179893614],[-96.57965899351824,28.711125581163053],[-96.57914806139517,28.710051221529902],[-96.57899736789759,28.708445749381642],[-96.57847777487224,28.707553753511736],[-96.5779736208466,28.70630869975131],[-96.57814158937414,28.704983159063964],[-96.57815214792168,28.70383150553175],[-96.5785331434097,28.702749371840977],[-96.57919943086961,28.70202985381669],[-96.5793519499772,28.701449074548563],[-96.57961693685537,28.700302942290232],[-96.5802620040173,28.69824590224326],[-96.58056216790555,28.69760104153225],[-96.58016790830509,28.697249682742537],[-96.57961883301775,28.696937416243767],[-96.57900246467776,28.696746281095226],[-96.57835259154304,28.696686745716885],[-96.57770482025542,28.696762079882312],[-96.57701257124627,28.697007689160774],[-96.5767613380141,28.697149728708958],[-96.57649575686692,28.69757820348313],[-96.57618804126373,28.697762475805053],[-96.57573131113905,28.697831604943236],[-96.57528915405557,28.69770928547124],[-96.57474135435335,28.697325810468204],[-96.57462129692458,28.696430891768593],[-96.57488668821266,28.695905081336516],[-96.57496673178869,28.695251992298676],[-96.5748350044543,28.694688436510326],[-96.57451339949179,28.69416741692213],[-96.57419153681082,28.693863684854932],[-96.57324880740796,28.692562597950158],[-96.57227735590268,28.69248462158908],[-96.57182388854224,28.692560309777416],[-96.57147171337576,28.69306309399821],[-96.5703637235684,28.69265231820151],[-96.56962374503715,28.692600272198916],[-96.56900769514183,28.692785553087337],[-96.56851396477444,28.693159544611213],[-96.56722821854346,28.69512776750546],[-96.56771362067097,28.696657416704596],[-96.56829384455894,28.697283577777497],[-96.56925825207625,28.698656063120943],[-96.56924833432323,28.698999866227815],[-96.56896363548687,28.69951727374816],[-96.5688725600779,28.700086728816604],[-96.56914023709223,28.701136953148954],[-96.56901026449042,28.701618950535675],[-96.56957951445676,28.702515424434154],[-96.56936101081135,28.70274056620448],[-96.56805981669663,28.702074846368905],[-96.5677316543716,28.701310782702354],[-96.56722568434257,28.700456943162752],[-96.56700656625677,28.6995417938523],[-96.56619327863861,28.69933363260301],[-96.56593293129542,28.69872785013228],[-96.56223245381874,28.697441391221723],[-96.56156326080408,28.696728534755344],[-96.5609909411608,28.696309028659915],[-96.56069634481261,28.69588958488461],[-96.56053191191387,28.695333248735885],[-96.56070881867568,28.69404816818053],[-96.55980899350038,28.692684936567268],[-96.55898314658683,28.691926178211094],[-96.55876953030521,28.69212358743081],[-96.55828799259525,28.694931520275677],[-96.55837382053326,28.69567273667196],[-96.55816502090771,28.694870222293314],[-96.55817676975998,28.694357830585147],[-96.55842802785047,28.693465806980416],[-96.55841692287964,28.69235927837864],[-96.55851969366377,28.691541948306853],[-96.55882693897436,28.690654211408525],[-96.5589165296967,28.689567605347772],[-96.55918695405933,28.688928510426425],[-96.5596397848219,28.686980461851807],[-96.56001929459006,28.686455067320505],[-96.56023739988936,28.685728915003967],[-96.56097862716165,28.684518427974325],[-96.56139373894075,28.683689007422554],[-96.5622398705554,28.682421523076876],[-96.56256469467738,28.681742650973536],[-96.5629087041547,28.68131702762552],[-96.56303120481746,28.681226499033848],[-96.56330553907392,28.681209562643744],[-96.56339472936102,28.681268387383415],[-96.56352146401663,28.681568596219623],[-96.56361850199293,28.681247307491713],[-96.56356242003858,28.68102261822422],[-96.5636930526348,28.680766561461464],[-96.56409522423385,28.68041680192455],[-96.56474596815342,28.67956075613076],[-96.56554782136723,28.678041385740602],[-96.56653744405084,28.67726128656903],[-96.56724955003659,28.676366002539936],[-96.56806235544803,28.67551263615704],[-96.56835648127186,28.675308486111646],[-96.5685981468255,28.675243189664442],[-96.56988967081604,28.675217126985398],[-96.57027394149137,28.67511031731721],[-96.57040107178268,28.674953886709922],[-96.57065426361946,28.67484970655625],[-96.57095925774557,28.67460147440467],[-96.57103972605235,28.67435194923734],[-96.57097373850476,28.674232203018235],[-96.57037181940578,28.67411784346488],[-96.57018799641203,28.674022393332336],[-96.57011495241261,28.673880812018716],[-96.56976160057931,28.673750138473455],[-96.56955586236502,28.673969096107836],[-96.56908034010009,28.674165561434418],[-96.56859577132154,28.674241433979592],[-96.56818503176584,28.674078961667085],[-96.56819234827886,28.67389174226575],[-96.56880147063768,28.674000490211245],[-96.56899976723905,28.673748664357316],[-96.5692038177933,28.67366756407026],[-96.56924272902076,28.673490846362007],[-96.56916178318349,28.67304092179124],[-96.56923856628266,28.672673717544836],[-96.57000852418459,28.673178137226742],[-96.57041103360244,28.67328604950792],[-96.57073181028316,28.673173061957694],[-96.57087972987028,28.6730838851216],[-96.57096879910085,28.67292264336718],[-96.57101458781665,28.67277326364521],[-96.57095303834595,28.672570788207363],[-96.5706427763824,28.67241172391139],[-96.57050484847741,28.672408989818617],[-96.57035788299261,28.672263334700986],[-96.57027334061259,28.671692281081356],[-96.57039690352862,28.670990699292343],[-96.57094718059189,28.669658757030977],[-96.57147213734798,28.66923013500274],[-96.57200688924078,28.668922465587936],[-96.57300358022526,28.66905204060608],[-96.57407688206389,28.669020348980798],[-96.57397411057332,28.668702923746046],[-96.57433871608312,28.668332508387802],[-96.57506402717283,28.668373555324326],[-96.57577838330094,28.66799098109153],[-96.57666808273903,28.667208420783716],[-96.57741911693023,28.666802440483043],[-96.57807880761409,28.666734714001052],[-96.5781698716982,28.666628196041444],[-96.57843004536826,28.666545854230794],[-96.57859966222465,28.66637715248473],[-96.57863293267921,28.666205768037443],[-96.57885309181295,28.666041525561152],[-96.57926423349086,28.66599079463157],[-96.58074314959971,28.66440890477144],[-96.58162302027176,28.663772894759465],[-96.58231147758833,28.662963618608753],[-96.58285212992529,28.6624221804466],[-96.58351085327821,28.661933167072643],[-96.58444029762039,28.660789579919754],[-96.58424320245179,28.660381568048194],[-96.5840688799375,28.66024407394243],[-96.58380551269495,28.660008663398337],[-96.58346911376614,28.660041132620485],[-96.58320515419857,28.65991878585479],[-96.5832714008142,28.65947219766417],[-96.58397578899013,28.659081753338125],[-96.58536635818697,28.657771487141968],[-96.5853535560206,28.657646306396835],[-96.58319486055635,28.65902792191616],[-96.58259374862202,28.659587252052923],[-96.58206004383884,28.659755026911935],[-96.58147421388725,28.660815080288053],[-96.57937631387406,28.663043826812398],[-96.57859087946676,28.66372260884752],[-96.57671103387709,28.66483796609465],[-96.57501688015832,28.66614953523887],[-96.57419309342663,28.666384001206],[-96.57371891931092,28.666364230595235],[-96.57251161790197,28.666126141194972],[-96.57199617831174,28.665881382285633],[-96.57148841503836,28.665372078353606],[-96.57072451448192,28.665164907681557],[-96.56992969694319,28.664346573822687],[-96.56976726057601,28.663996904731537],[-96.57008337141421,28.662961540528794],[-96.57006760462394,28.662119315544647],[-96.57018976242661,28.661368211480436],[-96.57012233743703,28.66108853167493],[-96.56981006917606,28.661032933039003],[-96.56958736424122,28.661135862483654],[-96.569159072209,28.661187132998275],[-96.56883207320094,28.66135222582502],[-96.5687345890707,28.661486084644295],[-96.5688040899845,28.662509267202033],[-96.5682064004657,28.662833418727317],[-96.56744590787918,28.662818552007714],[-96.56707484444884,28.66263755608479],[-96.56679485008895,28.662328358780357],[-96.56658063172094,28.662210756185356],[-96.56595541616485,28.661449956962915],[-96.56538308240147,28.660181318665614],[-96.5652742397534,28.659726184492836],[-96.56686324466834,28.65879084018595],[-96.56740392708511,28.658401867003917],[-96.5675696492187,28.6582777694717],[-96.56768224946023,28.6579565626356],[-96.56728329013214,28.657637944983048],[-96.566482019174,28.657452782248086],[-96.56516711278995,28.65744138023004],[-96.56528120112314,28.656921823114594],[-96.5652305560892,28.65654218443725],[-96.5649716708437,28.65638691979499],[-96.56471052869058,28.65642966276659],[-96.5644462320086,28.656296256524694],[-96.56444728747256,28.65602085423815],[-96.56459132943117,28.65573732083313],[-96.5647322040511,28.655922366904697],[-96.56490776025211,28.655985607186953],[-96.56565782631306,28.65547202567167],[-96.56577927105992,28.655277285573074],[-96.56576764811024,28.65500737683378],[-96.56561737237794,28.65461053407459],[-96.56533478197282,28.654232209752877],[-96.56490426728152,28.653902745998657],[-96.56445848230321,28.654053585676742],[-96.5635062817409,28.653815475537918],[-96.56301143824105,28.652451279737406],[-96.56275046510083,28.651265052581216],[-96.56239881940003,28.650531971449787],[-96.56216512149102,28.649747446879392],[-96.56215412335042,28.649549428578155],[-96.56249042560755,28.649185508062008],[-96.56337200643657,28.649011829526344],[-96.56409360659653,28.64861988394799],[-96.56453047721803,28.647943403258857],[-96.56424145441098,28.647581345190545],[-96.56380007145113,28.6473402900559],[-96.56251038276285,28.647101903669196],[-96.56186130199058,28.64678159147601],[-96.56179571406847,28.646628161227454],[-96.56182018961266,28.64630800994158],[-96.56201690292585,28.646167229572857],[-96.5621920294104,28.6461754586811],[-96.56389581220088,28.645608133754685],[-96.56437411254318,28.645506998051886],[-96.56432488448701,28.645220935750277],[-96.5642173795534,28.645151303885935],[-96.56249532313709,28.645751839247602],[-96.56221428706166,28.645717697180416],[-96.56164260292859,28.645858908746696],[-96.56143388177091,28.645697103467157],[-96.56294041100885,28.644305996228383],[-96.56365454550196,28.643859192038658],[-96.56384639777312,28.64314508147177],[-96.56382110702089,28.642976232362965],[-96.56352141792614,28.64280852578929],[-96.56321605186466,28.642846255511717],[-96.56254757783319,28.642790889121777],[-96.56176491267793,28.642990661121843],[-96.5611624852139,28.64343018665307],[-96.56070369518295,28.643553133888307],[-96.56004332611364,28.643910954620548],[-96.55916844707068,28.644183822125783],[-96.55858780439922,28.644446500508614],[-96.55841604855334,28.644586918470463],[-96.55810333140663,28.645457285613972],[-96.55771997352565,28.64560673065687],[-96.55649455671455,28.645515819175387],[-96.55617532177813,28.645437981584706],[-96.55561101577798,28.64563437106413],[-96.55452888735158,28.645480654566487],[-96.5541558781193,28.645558154774104],[-96.55335437494878,28.645405215918778],[-96.55255445383878,28.64536237039285],[-96.55213706025084,28.64524851774062],[-96.55133060809888,28.645293465291097],[-96.55107691490485,28.64539105638862],[-96.55015806969853,28.645339102626092],[-96.54932865353011,28.64504886908411],[-96.54904705217166,28.645031173469224],[-96.54665996511798,28.644444887689268],[-96.5461722336758,28.644248205440178],[-96.5459521182025,28.64445570263555],[-96.54499588621859,28.644933597258753],[-96.54444793451084,28.64497496826959],[-96.54334754088083,28.644898387140113],[-96.5411214027294,28.644932556749993],[-96.5397994708589,28.6446603707664],[-96.53932284564044,28.644270765860135],[-96.53904167120784,28.644241725919954],[-96.53869008546002,28.64444044963157],[-96.53827182616,28.644407973312656],[-96.53797989314911,28.64446220706942],[-96.5371427653532,28.644392438179445],[-96.53695692179946,28.644444763417084],[-96.53467949509741,28.643834729458074],[-96.53137326977806,28.64319634448892],[-96.5298072081948,28.6431271019083],[-96.5286249233465,28.64294153325767],[-96.52742199361029,28.642635026736688],[-96.5266174177999,28.642614568543614],[-96.52579197671858,28.642478680778733],[-96.52502546295615,28.642176278449025],[-96.52403314099939,28.641514128200622],[-96.52341421843568,28.641402832454265],[-96.52231544781925,28.640709556153787],[-96.52045289769589,28.64025872692467],[-96.51998701551183,28.64015699655896],[-96.51919133350884,28.640219069880832],[-96.51865343459097,28.64017278396244],[-96.51799201512354,28.640282235516537],[-96.51760626350999,28.640464675678942],[-96.51712209592614,28.640554791871907],[-96.5168512108575,28.640740906117994],[-96.51593025948897,28.642417926253454],[-96.51566601597072,28.64259286765618],[-96.51540428984305,28.642938082544156],[-96.51505751417348,28.643681206820304],[-96.51535729091441,28.644678812202827],[-96.51548618033459,28.644891436561085],[-96.51630220812929,28.64546796899201],[-96.51680122477708,28.645487943448835],[-96.51734800138986,28.64569975552398],[-96.51782667790242,28.64627073149776],[-96.51803551783506,28.646405091560236],[-96.51791083626242,28.647062569791476],[-96.51809546583742,28.647549771435685],[-96.51783175461446,28.648104707132312],[-96.5179105252983,28.648301502299827],[-96.5178668236722,28.64861080923061],[-96.51804405654832,28.649043132877893],[-96.51820919559236,28.64920037641644],[-96.5182060738104,28.64933267709665],[-96.51814711566956,28.64982930473865],[-96.5180024028575,28.650062922787384],[-96.5178623039731,28.650891220042546],[-96.51688438923243,28.65186450353825],[-96.51640380745913,28.65248839337012],[-96.5162533785144,28.65289916839156],[-96.51564313245886,28.653554174848914],[-96.51554459406219,28.65354335636683],[-96.51548568347803,28.653643855211577],[-96.51564322850234,28.654147506659356],[-96.51534551032186,28.654429173953325],[-96.5150788620747,28.654473374761928],[-96.51479742530918,28.654231422487225],[-96.51453569603822,28.653829423457683],[-96.51434017108994,28.653100514555934],[-96.51416755051947,28.652955451547246],[-96.51382032840499,28.65302904981417],[-96.51317090950167,28.653445049164773],[-96.5130380541859,28.653607817612645],[-96.51293121065149,28.654442169603225],[-96.51231714888824,28.654565126123767],[-96.51204292550337,28.654361893584145],[-96.51166328245792,28.653526775202053],[-96.51143627194443,28.653245057840007],[-96.51136727937582,28.653015159951615],[-96.5113895654461,28.652716966285837],[-96.51125754150827,28.652460909547056],[-96.51078031486554,28.651958732997024],[-96.51045626206495,28.65133732777809],[-96.50978270185449,28.650503007428036],[-96.50961094379794,28.6499835018944],[-96.50936267775701,28.647933365727166],[-96.50996450666486,28.647386090036097],[-96.5102751267677,28.646718643302375],[-96.51039588681837,28.64656724184449],[-96.51057517433786,28.64650274538529],[-96.51043874540501,28.645910633638177],[-96.51032116690473,28.645753300469977],[-96.50989211405853,28.645387930024945],[-96.50963669834195,28.644985429338302],[-96.50928972227396,28.644877117846676],[-96.50902586948433,28.644623941642294],[-96.50892281976058,28.644102543319462],[-96.50850527218739,28.64288847801121],[-96.5084431389327,28.64248752631711],[-96.50856880757684,28.642110339004496],[-96.509099168523,28.64188433385079],[-96.509386359935,28.641459366543874],[-96.50932897369816,28.640595709771695],[-96.50923355783154,28.640327110956157],[-96.50908167385772,28.639637024724998],[-96.5087544181627,28.63956677302824],[-96.5082539584349,28.639566298508544],[-96.50624953651177,28.639002859011807],[-96.50582892042341,28.6387529022945],[-96.50547201199663,28.63872718202712],[-96.5049481844714,28.63855105528124],[-96.5039924073193,28.638356384071184],[-96.5034430736441,28.637976995327815],[-96.50262548684601,28.63761654127844],[-96.5017277965528,28.637242015767345],[-96.50144018955214,28.637044206819294],[-96.50047153032244,28.636205442355646],[-96.5002540564509,28.63590510617482],[-96.49978919422861,28.635447542204123],[-96.49917875429892,28.63499042346247],[-96.49906786001222,28.634821615561677],[-96.49831293514265,28.634329194252505],[-96.49809363526911,28.63405213804249],[-96.49798592296624,28.633728996474314],[-96.49771945886222,28.63330999671601],[-96.49764941609317,28.632760609711603],[-96.4973403339893,28.632138571635675],[-96.49729911315742,28.631764660184608],[-96.49705544259372,28.63147180195859],[-96.49650956115433,28.631085945264463],[-96.49537043118762,28.628409598299086],[-96.49531584143199,28.627711763105697],[-96.49555131637007,28.626639959761903],[-96.49608140768315,28.62561175297031],[-96.49639956056805,28.62523719559123],[-96.4978217746655,28.62421729928582],[-96.4992302752369,28.623472087643417],[-96.49981734890974,28.622680657839815],[-96.50025402190877,28.622349698087298],[-96.50245541303892,28.620776096392976],[-96.50340306080483,28.62030613349103],[-96.50474625989196,28.61946655480105],[-96.50609386623603,28.61878662798635],[-96.50675915369021,28.618620071313487],[-96.50750926283978,28.618303203408413],[-96.50790877466095,28.618290206064692],[-96.50846684722298,28.618048452361236],[-96.50907463851209,28.617569113845235],[-96.51133314287682,28.616761357154093],[-96.51228391579404,28.616192799350817],[-96.51242704676532,28.615871122355056],[-96.5118600779602,28.615684187740793],[-96.51023634452439,28.615803583608255],[-96.5092309072314,28.61556427495934],[-96.50879321222749,28.615314185813528],[-96.5074890882046,28.615146698513072],[-96.5052061214863,28.61449710898438],[-96.50474365016655,28.614483937008504],[-96.50378400066778,28.614600700919414],[-96.50331937594535,28.61478001693779],[-96.50240849253635,28.614918445781377],[-96.50115662122552,28.615131246036253],[-96.5002540040005,28.615046925131825],[-96.49763805949657,28.614775241486495],[-96.49576971176744,28.614410377032762],[-96.4941178445314,28.613963831411976],[-96.49255664455386,28.613162162075884],[-96.48944930978416,28.611226543175874],[-96.48837531150483,28.610400034042495],[-96.48787487089398,28.609858600968003],[-96.48742816778186,28.609492662784152],[-96.48683635856946,28.60926193923485],[-96.48619027228783,28.60871070264519],[-96.48495770773344,28.607557286055197],[-96.48460041030633,28.6069799391127],[-96.48409357766681,28.606444178864642],[-96.48353441483383,28.606064078078663],[-96.48333803444599,28.606194764229176],[-96.48314319900555,28.60708678632827],[-96.48330992532068,28.608197306275294],[-96.4831071229453,28.610247247829165],[-96.48321031663563,28.610839617774364],[-96.48316422721224,28.611481235996003],[-96.48290337769181,28.612236295560017],[-96.48190071102118,28.613944115183862],[-96.48126950464923,28.614855603085722],[-96.4795075950312,28.61689190811499],[-96.47835738735819,28.617973885887025],[-96.47754824461255,28.61897668033329],[-96.47610084718178,28.620389708590384],[-96.4758350343095,28.621910405783105],[-96.47572711302645,28.622072798321735],[-96.47545754251227,28.622243378586873],[-96.47537346603316,28.62260895139519],[-96.47497105829765,28.623201178305784],[-96.47476488351838,28.623668219940658],[-96.47468955171675,28.62413824799432],[-96.47467500276646,28.62525953817761],[-96.47459396295237,28.625410970309314],[-96.47417759634982,28.625775437200218],[-96.47398220050879,28.626167212975467],[-96.47337921501364,28.62685249879027],[-96.47291522268893,28.627206069887066],[-96.47233641154129,28.627456712053547],[-96.47078190144703,28.62835296215959],[-96.46979343193289,28.6291577878455],[-96.46893219373271,28.62974092758459],[-96.4684655559306,28.630166277009238],[-96.46773249312626,28.630522598981067],[-96.46693763050068,28.631014743503677],[-96.46583012512154,28.63183304610991],[-96.4653842350077,28.632049911598823],[-96.46442289663558,28.632834793861345],[-96.46315238430802,28.633676024581668],[-96.46296827780081,28.633918419296783],[-96.46255164500283,28.634815243148246],[-96.46241224169003,28.635654823697497],[-96.462473103379,28.635999042241572],[-96.4624594626613,28.63683185132266],[-96.46276841796315,28.638165786862118],[-96.46299673896225,28.63870863187448],[-96.46372658131737,28.63922291735205],[-96.46460581885505,28.639571499268445],[-96.46544928490073,28.640199686606323],[-96.46600946958758,28.64044353682378],[-96.46680522638589,28.640971529546874],[-96.46756921367901,28.641707834553813],[-96.4682194583983,28.643416192210076],[-96.46808251398959,28.644189154712993],[-96.46753461152527,28.64492137833075],[-96.46725604035629,28.645187968831586],[-96.46689790508843,28.64539147786938],[-96.46552550360198,28.645810685263044],[-96.46540841518099,28.645922947754762],[-96.46525561070582,28.646464021246775],[-96.4648978674264,28.646656188383975],[-96.46458516543986,28.647285992002686],[-96.4646049994192,28.64757882841668],[-96.46493636094075,28.647881448073676],[-96.46543538240385,28.64928674341113],[-96.46572896820355,28.649598961586726],[-96.46591950704911,28.650002165597595],[-96.46609254431196,28.650652476987425],[-96.46682627781499,28.65166784848946],[-96.46693256786168,28.6522887786584],[-96.46709564155825,28.652740033706333],[-96.46692782234574,28.653026943502766],[-96.4664176469907,28.65342390144565],[-96.46638865713139,28.653687523233657],[-96.46648864802286,28.654137031580806],[-96.46644197108135,28.65437263445513],[-96.46630401158593,28.654522489729263],[-96.46555765651676,28.654919150612574],[-96.46498953925746,28.65521325091251],[-96.46469010940353,28.655495765879675],[-96.4641579450925,28.655831605740197],[-96.4638335798794,28.6561354339006],[-96.46363303093294,28.656443058320036],[-96.46351886316106,28.658009293936114],[-96.46310899373697,28.66007858204729],[-96.46316397695921,28.66056531791511],[-96.46336856842663,28.660924232916784],[-96.46339053413571,28.6612883126202],[-96.4635357202406,28.66171706504892],[-96.46382013079447,28.662392508915328],[-96.46415954845119,28.662948789945652],[-96.46480458722273,28.663679744326412],[-96.4651455079819,28.664670723783516],[-96.46529276729642,28.664890445880754],[-96.46610593331177,28.66547823677788],[-96.46645746293535,28.66665141800824],[-96.46676989341195,28.667113052503154],[-96.46927937232836,28.668278616444695],[-96.47021434109138,28.668798940679874],[-96.47073736248494,28.669294163678543],[-96.47116226660893,28.669782477219382],[-96.4714896658761,28.670349757107427],[-96.47171086914726,28.67105092471638],[-96.47174016181495,28.671558623928345],[-96.47233978216626,28.67218956424056],[-96.47236234509224,28.672559499288216],[-96.47225482369585,28.67290415116465],[-96.47212282779925,28.673061396116836],[-96.4716473641668,28.67331493424484],[-96.47152846285292,28.67365067046666],[-96.47160857185035,28.674047332962143],[-96.47211832476324,28.674422677145234],[-96.47214693950481,28.674667963577924],[-96.47200773829309,28.6750475056378],[-96.47210406591878,28.67533940406073],[-96.47221463475186,28.675431216910443],[-96.47250426574733,28.675422801422528],[-96.4727449806904,28.675212897251537],[-96.47305075765803,28.674776826084216],[-96.47328948086502,28.674622221712355],[-96.47383331637232,28.674570729435295],[-96.47405095230265,28.674482238029313],[-96.47452708915208,28.67455676949061],[-96.47489757389447,28.674750419330355],[-96.47501800327174,28.674915075927046],[-96.47509948392145,28.675272916953688],[-96.47480412045606,28.676309332971215],[-96.47479134457821,28.67666491029596],[-96.47488665723623,28.67681199449683],[-96.47512829567393,28.676924312258397],[-96.47591479779922,28.677129596428454],[-96.47643017160192,28.67734962945037],[-96.47680644404697,28.67740451811397],[-96.47707238856269,28.677534354140956],[-96.47758667629576,28.678132301217403],[-96.47777202158606,28.678226198227406],[-96.47788005343081,28.678562771724728],[-96.47772842281739,28.67963657358522],[-96.47795283652965,28.68005413422301],[-96.47801651770114,28.680561404910776],[-96.47904102858314,28.68132935155238],[-96.47925876407548,28.681585433732977],[-96.47926338202507,28.682152270815592],[-96.47935028595607,28.682360326194715],[-96.47954045714057,28.682515571439342],[-96.4797837383764,28.68327820906149],[-96.48005445027958,28.683819113005967],[-96.48020319924422,28.683889997487945],[-96.48051193803427,28.68389310022529],[-96.48084496052371,28.68321877073085],[-96.48126236414765,28.682997288763524],[-96.481529081788,28.682932512039713],[-96.48247417302005,28.68293652363475],[-96.4827230206067,28.683043539485997],[-96.48342088208113,28.683613214366734],[-96.48353439010678,28.683949585294286],[-96.48368067018458,28.684981849616577],[-96.48365324012002,28.685203239892964],[-96.48380151969317,28.685635509926566],[-96.48406954270689,28.685903990075794],[-96.48492437170846,28.686316729990857],[-96.48516191197571,28.686718144990728],[-96.48520519230664,28.686924980331845],[-96.4851052226223,28.6872553991689],[-96.48486673921347,28.68757681222726],[-96.4846968835393,28.687572076834517],[-96.48462972374351,28.687508988217413],[-96.48491029490371,28.68688339699335],[-96.48491587418063,28.686727778291985],[-96.48483519553353,28.686519900240633],[-96.48458633067388,28.68643524676866],[-96.48446811712594,28.686904431661976],[-96.48420385778267,28.68707484554815],[-96.48381488094448,28.68754748387009],[-96.48375738166865,28.68810710144223],[-96.48342999717404,28.688798089725598],[-96.48347751904963,28.689060772332013],[-96.48433387193876,28.689779289444484],[-96.48446560857478,28.690499607876855],[-96.48447661857226,28.69088882175594],[-96.48433804479772,28.69177423543348],[-96.484071882472,28.69234488629346],[-96.4833065100381,28.693112726293005],[-96.48296545393713,28.69331435951661],[-96.48230600971965,28.693606813051357],[-96.48191204204538,28.693695896174212],[-96.48125563455635,28.694077863967372],[-96.4807939185579,28.694120328867683],[-96.48030552405439,28.6943848986358],[-96.48005814207393,28.69460563817897],[-96.47886506499891,28.695183407286883],[-96.47843797936292,28.695499544069502],[-96.47829618493188,28.695929210221667],[-96.47826737352625,28.69638404669243],[-96.47844738444893,28.696628073920934],[-96.47871840919348,28.69681342582616],[-96.47881196523105,28.697010341426278],[-96.47882439157479,28.697533034626737],[-96.47868464723496,28.698101684557304],[-96.47843006984661,28.69852236309839],[-96.47777806851947,28.698954300070437],[-96.47732892810107,28.699536321872948],[-96.47737191157331,28.700076733412256],[-96.47750039785362,28.700191380631086],[-96.4780967411343,28.7004415424112],[-96.47821802551684,28.700561496635782],[-96.4783188226786,28.70092539490726],[-96.47837145565317,28.702088498154747],[-96.47817681441418,28.70259991508309],[-96.47799231530101,28.70282790354344],[-96.47738690307884,28.70317790969444],[-96.4770986772575,28.703231790365336],[-96.47757388695474,28.702957027130775],[-96.47801936775683,28.70249940455086],[-96.47791594123305,28.702501337097377],[-96.4780613317551,28.70229647920151],[-96.47811147293389,28.70196429916265],[-96.47815441346405,28.70163777772168],[-96.47800898829037,28.700777816076275],[-96.47787201242008,28.700551832876254],[-96.47716265878142,28.70012624501463],[-96.47708033198676,28.69976837072655],[-96.47738910476384,28.699076845101697],[-96.47828062735762,28.698296059919336],[-96.47850987439871,28.69788567836592],[-96.47859039435032,28.69757670615363],[-96.47853877194005,28.69708077218206],[-96.47807409977132,28.696684002862277],[-96.47796749495767,28.696481254627976],[-96.47793861208041,28.696069159705477],[-96.47819511816897,28.695420540838427],[-96.47841335959657,28.695120938180082],[-96.47876502729973,28.694819538565618],[-96.4795224306206,28.694601686898423],[-96.48123903077213,28.693649263524],[-96.48285738711864,28.692999781793453],[-96.48381391735244,28.692165398675808],[-96.48416455965567,28.690630138883126],[-96.48416926330249,28.690324546074578],[-96.4839644688006,28.689880060277744],[-96.48318688043233,28.689074681168886],[-96.48314616256401,28.68881802716839],[-96.48328446308074,28.688288537510747],[-96.48343834966424,28.68804247618359],[-96.4835759589598,28.68718490576616],[-96.48369221361871,28.686944005176905],[-96.48418520949369,28.686724249517816],[-96.4842838790308,28.6866045959026],[-96.48428300112595,28.68645464301118],[-96.48373150280113,28.686022483924052],[-96.48345439446271,28.685659191592023],[-96.48335038215352,28.68540593777995],[-96.48324766232729,28.684224959469816],[-96.48292204495615,28.68362680330833],[-96.48257962231717,28.683345241344156],[-96.48238041005638,28.683267484272598],[-96.4817275448229,28.683204551070556],[-96.48123814904042,28.68332432314125],[-96.48099238782211,28.68350074117773],[-96.48067063507818,28.68420874823313],[-96.48049194699337,28.684275980574537],[-96.48004169245834,28.68417469232887],[-96.4797411234799,28.68394380159703],[-96.47954434314964,28.683277040693284],[-96.47896815912209,28.682316313470768],[-96.47893299327656,28.681709772501637],[-96.4784396401624,28.681223485897267],[-96.47812341372183,28.681081244372955],[-96.47784878180256,28.680845578568974],[-96.47771745369258,28.680636625009896],[-96.47757156063903,28.679965423720425],[-96.47725416254414,28.679139839449785],[-96.47711895554035,28.67869143536748],[-96.47712170395715,28.678441510557175],[-96.47693280736256,28.677924895089728],[-96.47633157613612,28.67764124857426],[-96.47591130323089,28.677596132503428],[-96.47500413825993,28.677232058534514],[-96.47441094845264,28.676898759261334],[-96.47423462984072,28.676727050792593],[-96.47415317962692,28.676541482509805],[-96.47415754113558,28.67624690653683],[-96.47433732308617,28.675085150973057],[-96.47433706573015,28.674918366193975],[-96.4742532278131,28.67479945613183],[-96.47358017530665,28.674952574350918],[-96.47285398187762,28.67552130472406],[-96.47232155136126,28.67612332050383],[-96.47216939687681,28.676146916602875],[-96.47217286624651,28.67594102764963],[-96.4714845524993,28.675738846151237],[-96.47092321072502,28.674889575519515],[-96.47081289285832,28.674097281572013],[-96.47106516666186,28.67339286654898],[-96.47180061839347,28.672913455268905],[-96.47179985747552,28.672761436051783],[-96.47136756764105,28.6727256101589],[-96.47065988181782,28.67306101949105],[-96.47021287277687,28.67419292264543],[-96.47007529834418,28.674353785228057],[-96.46978075561516,28.674520582342204],[-96.46962962010964,28.674559678062295],[-96.46895299601216,28.674444087238708],[-96.46871045246891,28.67424920286482],[-96.46849068401418,28.673812155081087],[-96.46840646467324,28.673291581390036],[-96.46801786087967,28.672237732679427],[-96.46798261726273,28.671873259494415],[-96.46815987534742,28.67152059938339],[-96.46882867252698,28.671051731674936],[-96.46891459053519,28.67093893452047],[-96.46890925148453,28.670762372251694],[-96.46835051386476,28.670210275400414],[-96.46785780843724,28.669311127892808],[-96.46747025476904,28.66879911137853],[-96.4670341933193,28.66860875961415],[-96.46617755367728,28.668620154409318],[-96.46541453890475,28.668479784151547],[-96.46376281244981,28.66854831550883],[-96.46234678543671,28.668481427789633],[-96.46180488212184,28.668155697028514],[-96.4614780237408,28.66772664230331],[-96.46055190895741,28.66685471355189],[-96.46051335746178,28.666583355343988],[-96.46066579451211,28.666054270707484],[-96.46057351637671,28.665412423865956],[-96.46006945663348,28.664449173211516],[-96.45976763575548,28.66419174181237],[-96.45900343289047,28.663782040878647],[-96.45858690364246,28.66328959495092],[-96.45808417810615,28.66183600799109],[-96.45803635687462,28.661476344510998],[-96.45808632473297,28.661020744900885],[-96.45800327528151,28.66062159200488],[-96.45804374012856,28.66038613947075],[-96.45867149111372,28.659541337082572],[-96.458770224612,28.659268671073374],[-96.45859907570322,28.658718120855955],[-96.45806708063084,28.657990338500635],[-96.45784390863113,28.657498502840813],[-96.45778300067148,28.657154991789163],[-96.45787406270946,28.656447102677276],[-96.45819078668777,28.655729750567513],[-96.45885080737075,28.65517779500481],[-96.45940296941008,28.654934413879523],[-96.45987658254673,28.65451611282442],[-96.46017833930256,28.653715808238797],[-96.46115808067782,28.651735450883034],[-96.4614902846646,28.651387498485054],[-96.4623669719282,28.6508808105799],[-96.4626454699679,28.650465325525122],[-96.462616974461,28.6502606053492],[-96.4624732206556,28.65009599147331],[-96.46174839292348,28.649808454165548],[-96.46137690057839,28.64955937401305],[-96.46131650290496,28.64905047350772],[-96.46080256627528,28.648471749741883],[-96.46074909445167,28.64809509564289],[-96.46047640746409,28.647722587916054],[-96.46042328173327,28.646882726682573],[-96.46022669013317,28.64602200089656],[-96.46029840826192,28.644855211021785],[-96.46044405396624,28.644016119266322],[-96.46060012947711,28.643557650930347],[-96.4606011655063,28.643204879758752],[-96.45953666666374,28.64047272063507],[-96.45908806214672,28.639162463352683],[-96.4588740211093,28.639045394536993],[-96.45854347066057,28.63904572777439],[-96.45825759067118,28.63916906471006],[-96.45816633933103,28.639105285251954],[-96.45825188826134,28.639003147284196],[-96.45886157037599,28.638936383064],[-96.45897074934514,28.638870663769257],[-96.45892215955695,28.637689495000902],[-96.45921297811888,28.63695388473671],[-96.45928866718212,28.636476291421737],[-96.45925626419495,28.63633715404067],[-96.45906448044933,28.636143327428766],[-96.4587262540534,28.63601107078016],[-96.45837524096645,28.6360386745145],[-96.4579013294506,28.636189042391223],[-96.45717936074954,28.636127484678994],[-96.45684776004356,28.63598472871569],[-96.45521939517604,28.63643550014664],[-96.45430963063782,28.636544682348823],[-96.45416008936878,28.636843441515694],[-96.45416591823216,28.637329137472626],[-96.45403418134123,28.637501497241733],[-96.45329465797873,28.637732046782176],[-96.45210375533127,28.638328847262223],[-96.45142629498329,28.638566979141135],[-96.45132072861719,28.638403420977745],[-96.45149282572999,28.638149692867593],[-96.4518646399067,28.637913251452968],[-96.4539623605803,28.637267359934633],[-96.45399706267028,28.637191324101735],[-96.45392356669943,28.6368305969748],[-96.45377686684307,28.636748411525826],[-96.45273374694354,28.636622064224337],[-96.45231441082736,28.636641909874854],[-96.45135986858989,28.63647988920543],[-96.45137146247272,28.636353342801176],[-96.45099735216908,28.636330408241893],[-96.45075565675113,28.63643880370176],[-96.45031496222967,28.63685520678199],[-96.45022490440874,28.637232972656886],[-96.45035101918675,28.63751816523638],[-96.45031020052318,28.637674389487856],[-96.45013251431794,28.63767085639412],[-96.4501135333047,28.63751078830888],[-96.44970710327667,28.636764496808045],[-96.44985939227041,28.63621788547341],[-96.4495087900984,28.63578197195076],[-96.44926717520426,28.635112871550433],[-96.44923074470194,28.63398669484326],[-96.44929953633934,28.633679834632016],[-96.44952244641152,28.633422026020853],[-96.44972178030973,28.633428343272776],[-96.45032168345439,28.6337172262726],[-96.45050172895287,28.633739160665687],[-96.45058027246672,28.633636837684417],[-96.4505764905285,28.63326741254681],[-96.44966179214256,28.633211379568248],[-96.44969244054627,28.632903444734527],[-96.44998578737739,28.632443714439788],[-96.44994796123751,28.632282730765805],[-96.44967891712594,28.632307474764374],[-96.44929868815284,28.632604542541362],[-96.44911231632581,28.632907745695377],[-96.44899682917156,28.632975664909075],[-96.44882897907601,28.632810693722586],[-96.44887247168158,28.632492117325064],[-96.44907429905878,28.632300081694552],[-96.4497985922304,28.632123804045136],[-96.45024862088991,28.63194459060173],[-96.45030280089988,28.631847090377256],[-96.45001362568117,28.63173887981389],[-96.4499450247815,28.631588032958536],[-96.44997954086126,28.6310433047737],[-96.44978825236838,28.630513500818555],[-96.44990995002011,28.62904551699986],[-96.44983148557463,28.62837035615065],[-96.44998877537788,28.62785727777543],[-96.45028648347127,28.627298968543435],[-96.449805974912,28.62668366240209],[-96.44966907612329,28.625830859352284],[-96.44966550338765,28.625373701211927],[-96.4499833532796,28.625054939789724],[-96.45004477196504,28.624736195626866],[-96.44997311713982,28.624627228378102],[-96.44981560784693,28.62456433400096],[-96.44945934403844,28.624780909599295],[-96.44932170832536,28.62477256122594],[-96.44908647496634,28.62459570624702],[-96.44833783840348,28.624390296769995],[-96.44785777032762,28.624151884700474],[-96.44674290030879,28.62377210428047],[-96.4460767142775,28.623377810718914],[-96.44526407366978,28.622121083641286],[-96.44499011033464,28.621895358718827],[-96.44408691920236,28.620750913288276],[-96.44354406348509,28.620287895707023],[-96.44302530520976,28.61928978881274],[-96.44260485666952,28.618245620121343],[-96.44167492103766,28.614852218748553],[-96.4412562443466,28.61384627981176],[-96.44073637352051,28.61305206529885],[-96.4397828513791,28.611880737190923],[-96.43929359181408,28.611532326257976],[-96.43856654781986,28.61124243676617],[-96.43791901378803,28.610948092471464],[-96.43712504062653,28.61014850676143],[-96.43678331015273,28.609708663951416],[-96.43590504116462,28.60902086261105],[-96.43569841488817,28.608765717137047],[-96.43526606862466,28.607688172507316],[-96.43514577134557,28.607117059305157],[-96.43497743868215,28.605400194010286],[-96.43492214983198,28.603939961676435],[-96.43497725211455,28.60343122370151],[-96.43543400248852,28.602484767890616],[-96.43651586878806,28.600417100150352],[-96.4373719017001,28.59901017064593],[-96.43748614956365,28.598611071249284],[-96.43784540456508,28.598030120707257],[-96.4394520074083,28.59674618357442],[-96.43999119417668,28.59656328292333],[-96.44040099301448,28.596340763309744],[-96.44067932432661,28.595756157871122],[-96.44173953729943,28.594367339261197],[-96.44192216264081,28.594187150730697],[-96.44261475884932,28.59399661312375],[-96.44312631361781,28.59377103077516],[-96.44403465164099,28.592765436017256],[-96.44435491626896,28.59214108912899],[-96.44455131761353,28.592032478501874],[-96.44498627917685,28.591984565249636],[-96.44517017684458,28.59187629542591],[-96.44710223039795,28.59027029903298],[-96.4475511786993,28.590051207460384],[-96.4484163072805,28.589807379359346],[-96.44895634344066,28.589503848331884],[-96.44948392788339,28.588941383644492],[-96.44953304991476,28.588703086070147],[-96.44983945909907,28.588266771108366],[-96.45027304065337,28.588428567804208],[-96.45044580731269,28.58836983643015],[-96.45059231232014,28.588002943116585],[-96.4507592004349,28.587977035328414],[-96.45111775779826,28.588101985656767],[-96.45152850581671,28.588077115083465],[-96.4524002400422,28.587843755576912],[-96.45309282153026,28.587245837068366],[-96.45317175519958,28.586394113184358],[-96.45335111664241,28.58589403872008],[-96.45352216358388,28.585752708889864],[-96.45357979489285,28.58558068417716],[-96.45380074017794,28.585460379278608],[-96.45475017881371,28.586267657711744],[-96.45484187878417,28.58642565459185],[-96.4549337618563,28.58731128364873],[-96.45513507554266,28.58762710735869],[-96.45553035011004,28.587944269200904],[-96.45713584699776,28.587867007980385],[-96.45735037092798,28.587730347962353],[-96.45770681960312,28.58730950680691],[-96.45771889721381,28.5870612454978],[-96.45758695675336,28.58702521956677],[-96.4574145860675,28.587094975024588],[-96.45708137741346,28.587454561122883],[-96.45688498569726,28.587563561979056],[-96.45654815376449,28.58733331109379],[-96.45636764722092,28.587325826298716],[-96.45603437796925,28.58699632735056],[-96.4558457126231,28.58646010557914],[-96.45550340150818,28.58599278098821],[-96.45525162093513,28.5859100545128],[-96.45462370361422,28.585476317184888],[-96.45427781549591,28.585345894828244],[-96.45411676176181,28.585145356545347],[-96.45400903277931,28.584849702607684],[-96.45410237009473,28.58461643129383],[-96.45433882478989,28.58460589455509],[-96.45487583518111,28.584881308169688],[-96.45547252967205,28.585056624521492],[-96.45582807537959,28.585567296506937],[-96.45605888850005,28.585562443289763],[-96.45649042048034,28.585845885658753],[-96.45666621540221,28.585897258224897],[-96.45720599178252,28.585814765103],[-96.45745587304242,28.58584243793857],[-96.45837146750976,28.586292838981727],[-96.45873612250251,28.5863790831631],[-96.45950517805663,28.585988762350098],[-96.46071003061009,28.58483458769311],[-96.46077934237447,28.584640551515452],[-96.46044212256922,28.58414004418246],[-96.46034189084097,28.58365719917662],[-96.46012181882698,28.583104980019776],[-96.4603410725394,28.58288040803319],[-96.4605017123601,28.582833000032643],[-96.46135150545452,28.58288231466764],[-96.46225764943893,28.583161883317803],[-96.46270238780076,28.583230414836436],[-96.46346963365819,28.583689355370442],[-96.46395351624494,28.583839450272542],[-96.46484833443442,28.583893787406595],[-96.46613689958332,28.584480469330966],[-96.46703413469567,28.58442413056069],[-96.46724315624597,28.584287994827687],[-96.4676541584487,28.583778581852716],[-96.4678719222418,28.583724843995764],[-96.46843446175806,28.584005735452685],[-96.46874055229375,28.584484702540067],[-96.46889313144315,28.58457530791352],[-96.46908043360774,28.584588460150925],[-96.46927188448771,28.584507519209915],[-96.46982034790942,28.584749580669413],[-96.47034103960877,28.584089777982015],[-96.47058183472988,28.583980316273912],[-96.47080376604514,28.584113753595748],[-96.47102537066559,28.584451079932055],[-96.47119642394614,28.58456900688709],[-96.47175818245137,28.584546932836908],[-96.47195726630679,28.58475228820451],[-96.47226476295634,28.587209506974098],[-96.47232286523095,28.58752265943787],[-96.47253956687972,28.587931718593474],[-96.47254042575138,28.588449952229304],[-96.47244260847103,28.588743959672644],[-96.47254936051174,28.589502404999312],[-96.4722581437228,28.589800624655165],[-96.47221849041686,28.589972122511572],[-96.4722735356161,28.590153177001724],[-96.4719857293939,28.590616528453804],[-96.47206114061856,28.59131496794605],[-96.47198728105579,28.59161410983588],[-96.47206123934062,28.59181114712211],[-96.47234744130027,28.592020661348222],[-96.47268832169878,28.592140584268762],[-96.47278779356623,28.592364461666953],[-96.47282369172372,28.59327360990569],[-96.47301171851588,28.59376613159355],[-96.47354785969301,28.594675840018454],[-96.47381784867078,28.594990130722483],[-96.4756916201054,28.59599470196368],[-96.47615418754934,28.596023816753767],[-96.4769938661527,28.59592385726528],[-96.47729632799837,28.596050264760454],[-96.47729568146076,28.59645290179596],[-96.4773478863143,28.59658949692163],[-96.47763149139283,28.596677545290568],[-96.47813657520587,28.5966947474371],[-96.47818255993793,28.596760003913467],[-96.4779578321969,28.597007136156915],[-96.47793708179496,28.597172996026643],[-96.4780709444979,28.5972860777295],[-96.4784964493463,28.59706792619283],[-96.47924112375007,28.596431769317725],[-96.47998965305307,28.595713940562018],[-96.48112580065566,28.592625176590527],[-96.48152920876224,28.592087652601137],[-96.48179945413038,28.591177776142604],[-96.48219959266534,28.59051361419643],[-96.48234993470406,28.5900364167443],[-96.48344401736809,28.58818332583276],[-96.48358773203722,28.58771729684285],[-96.48288600686165,28.5840119095479],[-96.48264785358799,28.58350459625803],[-96.48249486648128,28.58264274190274],[-96.48250072949473,28.580956646573412],[-96.48265174592301,28.579807590635316],[-96.48289399547784,28.579047902426076],[-96.48290283774068,28.578430921678244],[-96.48312753527135,28.57770477808616],[-96.4832459846784,28.576963990808984],[-96.48359958602276,28.576422662679835],[-96.48381467047737,28.57581214216306],[-96.48408645344976,28.57427032322198],[-96.48484682155352,28.572811613834496],[-96.48616114522234,28.571729111511253],[-96.48721945549177,28.571011729140157],[-96.48832055254323,28.570652839456084],[-96.48920438437769,28.570139355105614],[-96.4899639854034,28.569853806464526],[-96.49016088105101,28.569728644702998],[-96.49025920415914,28.56946247400515],[-96.49016337067927,28.569354248544517],[-96.4897580934188,28.569599472063985],[-96.48933985043796,28.569575092066795],[-96.48830238919831,28.569723244749184],[-96.48742150172707,28.569675305342738],[-96.4861743653592,28.569944975241146],[-96.48486154701688,28.57026785711412],[-96.48348277605312,28.57048312966209],[-96.48312068033515,28.570457889775874],[-96.48189272381308,28.5707251514925],[-96.48065257430295,28.571268179551744],[-96.47929785238928,28.57168144936422],[-96.47854041961513,28.571840101181685],[-96.47747585337001,28.571916581770505],[-96.47636052859325,28.57219279998727],[-96.47394420186396,28.57333724506179],[-96.47290195336124,28.57359484143644],[-96.47127907833344,28.57455275786956],[-96.46968409896854,28.575195993419428],[-96.46877073581187,28.5755659435221],[-96.46811444679535,28.576030647999826],[-96.46700494160739,28.57657549837273],[-96.46566782643342,28.57703691601139],[-96.46516929928185,28.57731658361222],[-96.46466332292128,28.57730444581692],[-96.4640520292052,28.578076079113593],[-96.46273060374641,28.578619758336362],[-96.46229440027363,28.578920421332082],[-96.4617004017382,28.579102820960124],[-96.4611071762331,28.57960985154929],[-96.46009984223333,28.580235549313162],[-96.45920023587486,28.580683084164214],[-96.45824993237564,28.58108789736651],[-96.45670318286163,28.581526817337338],[-96.45642969693725,28.581807961897123],[-96.45570962294116,28.582158721922504],[-96.45509684738178,28.582341952479915],[-96.45445139372782,28.582416276004082],[-96.45300318179491,28.58325215594592],[-96.45227428456397,28.583502793117734],[-96.45126044198312,28.58402543497437],[-96.44977123044625,28.584960723482034],[-96.44849656469533,28.585500042227654],[-96.44709936997849,28.586345054314013],[-96.44519220802539,28.587222769988937],[-96.44180887182043,28.58907899528482],[-96.43994908771784,28.58987233962966],[-96.43683632985373,28.591463110329563],[-96.43452248522921,28.592545394249505],[-96.43341167105066,28.59320167494861],[-96.43176320388285,28.59405073994846],[-96.43096761913925,28.594650932739984],[-96.43008722639863,28.595076464378202],[-96.42867646736775,28.59598656441206],[-96.42809061652237,28.596218923480993],[-96.42685591804538,28.59689880255743],[-96.41943185448712,28.600599799216106],[-96.41819475061298,28.601038131637296],[-96.41779539823995,28.601283305382893],[-96.4132303563276,28.60335484591278],[-96.41230586272232,28.6038312509591],[-96.41001959914196,28.60474304859837],[-96.40740530923874,28.606014075870164],[-96.40622937492165,28.606395933646873],[-96.4038117598372,28.607572311503368],[-96.40231452818459,28.60829924735305],[-96.40181822084037,28.608678470281223],[-96.4004508360763,28.609157610640096],[-96.39975766731908,28.609634691484295],[-96.39943030296202,28.609784560348405],[-96.39894000244644,28.6098936449528],[-96.39765226221239,28.61055902168968],[-96.39449773013341,28.61171909589163],[-96.39319523068639,28.612318672193325],[-96.39193911211326,28.612779596053382],[-96.39167670814696,28.613027568184652],[-96.39012164929382,28.614029420815662],[-96.389603188392,28.61403451681553],[-96.38867602869544,28.613898932967082],[-96.38841012759208,28.614008914312215],[-96.38835051905019,28.61410382573365],[-96.38866450186993,28.61446701654585],[-96.38863957634136,28.614699107762068],[-96.38775314947073,28.614981803825355],[-96.38726384755563,28.615230084769806],[-96.38611391098866,28.615897629836407],[-96.3858048742063,28.61601427093713],[-96.3856882967795,28.616132656493747],[-96.38542163936036,28.616198595039823],[-96.385239756871,28.6161638113661],[-96.38504285289916,28.6160298992264],[-96.38498982892449,28.615881896707535],[-96.3848514359301,28.615851792007128],[-96.38465140534987,28.61635223446344],[-96.38433185016089,28.616584797984217],[-96.38206417534025,28.617315081458464],[-96.38179636342022,28.61737031943997],[-96.38149943348475,28.61722183081373],[-96.38108248169334,28.617516938393216],[-96.38001303462848,28.61796350901888],[-96.3785765117131,28.61897964381562],[-96.37714824449475,28.61981339900427],[-96.37500495479972,28.621444893977124],[-96.37476352121462,28.6218639078938],[-96.37444026888187,28.623549170253735],[-96.37486147730802,28.62460524795261],[-96.37525270838327,28.625109903196506],[-96.37534524892914,28.625369093345906],[-96.37537337626375,28.626077803543232],[-96.37083107544684,28.626085274664437],[-96.3624729016795,28.626062081015966],[-96.36193063576353,28.625767902967688],[-96.36053630249799,28.62605810144554],[-96.35912320259217,28.626518303796594],[-96.35879160628016,28.626568893468946],[-96.35799206533034,28.62698355931664],[-96.35777379276799,28.62731974196911],[-96.35776123268151,28.6274902842096],[-96.35791190060107,28.62782028749853],[-96.35759405032742,28.628256073308073],[-96.35704965969767,28.6283067180379],[-96.35674332838914,28.628158936763352],[-96.35672376956965,28.627971970930698],[-96.3565238727467,28.627834845266957],[-96.35608051276569,28.62827077421162],[-96.35524898933552,28.628790054614402],[-96.3552119618219,28.62890590092177],[-96.35536857974994,28.628949288577257],[-96.3554066223336,28.629373010453563],[-96.35536965992853,28.62967592643346],[-96.35517644236185,28.629945781511598],[-96.3550331363929,28.62998464146],[-96.35475081189733,28.629715811185747],[-96.35466281516273,28.629545448019098],[-96.35469978725463,28.629347421077497],[-96.35458508203142,28.629232522494423],[-96.35431844773869,28.629205015470312],[-96.35412486089248,28.629464198126907],[-96.35333143282688,28.630027553332987],[-96.35294344966013,28.62989629914197],[-96.35236868756284,28.630238682547777],[-96.352501064712,28.63055751053219],[-96.35191997771012,28.63094405523333],[-96.35168902684629,28.63105463059566],[-96.35163850470154,28.63096686214472],[-96.35136996831726,28.631061218270094],[-96.35108934520359,28.631375290247853],[-96.3509203361757,28.631287543066815],[-96.35018976587327,28.631669050088043],[-96.34987654369405,28.631686112467268],[-96.34966509658598,28.631901099606488],[-96.34976631282335,28.63240712136834],[-96.34947303535725,28.63260015773673],[-96.34901653989687,28.632738926142494],[-96.34844870540886,28.633125145407003],[-96.34835517169171,28.633334276421213],[-96.34751271005105,28.63370495465535],[-96.34736831982245,28.63368874774564],[-96.34745473265214,28.633336379176225],[-96.34736773417492,28.633265061755235],[-96.3472614720318,28.633292593578023],[-96.34686226150191,28.633651046033208],[-96.3470502343247,28.63381569583972],[-96.34700695122473,28.6341404426575],[-96.34672008124116,28.634350151157847],[-96.34620243541033,28.63456003203433],[-96.34598990234028,28.63482450048867],[-96.3456779603447,28.63486946452465],[-96.34569585773973,28.63468221321181],[-96.34584567315936,28.634511180441727],[-96.34578906898253,28.63444007608282],[-96.34532748056728,28.63479842793221],[-96.34474043500275,28.635008697510987],[-96.34469833735295,28.635448683935532],[-96.34454855154033,28.635597701402954],[-96.34406118509537,28.635455641556007],[-96.34352398152696,28.635813856954595],[-96.34341154214528,28.63579787108931],[-96.34349191170072,28.63554468876805],[-96.3434419653782,28.635462098401756],[-96.34309274862936,28.635649694505705],[-96.34313753109137,28.63599625328585],[-96.34300684934126,28.63615613284242],[-96.34247529208342,28.636173718923814],[-96.3421388587738,28.636311477538655],[-96.34194616073842,28.636587168894874],[-96.3417129368465,28.636130951494106],[-96.3415644406291,28.636538275465785],[-96.3409101811789,28.637045406137755],[-96.34073414709839,28.636748693760502],[-96.34047136481054,28.63666677885583],[-96.33998518935219,28.636931537823976],[-96.34004871464215,28.637360499186734],[-96.33982504695189,28.637525598210686],[-96.33939977379228,28.6375156532663],[-96.33875063103228,28.637675949500903],[-96.33816821835069,28.637710300153056],[-96.33779038882044,28.638068260856606],[-96.3375408627602,28.638194791803112],[-96.33744722914251,28.63813463615761],[-96.33749651424036,28.637942128212064],[-96.33736503699367,28.637892922179166],[-96.3369970714981,28.63810229566435],[-96.33681087825633,28.638432522400993],[-96.33654199322275,28.638388936219084],[-96.33622420419252,28.63854887910156],[-96.33601265406847,28.638785857557636],[-96.33581458207199,28.639330641040857],[-96.33570162129735,28.639182246910732],[-96.33510816034142,28.63895763847616],[-96.33447751345213,28.639123616239328],[-96.33430343564221,28.639234096158365],[-96.33384776480457,28.639223578625067],[-96.3336423896757,28.639399859650464],[-96.33306164788324,28.639356849258476],[-96.33280596191734,28.639544037858098],[-96.33245046166373,28.63954469693349],[-96.33200734967348,28.639781807739094],[-96.33162093862194,28.639837266339864],[-96.33095348185562,28.640091220083924],[-96.33085512431458,28.640448748640374],[-96.33057403835511,28.640564705202305],[-96.32890206352315,28.640786989780484],[-96.32766204260844,28.641278030109103],[-96.32709968619159,28.641201807352886],[-96.32660076671266,28.64136746596945],[-96.3260702524113,28.641357139349832],[-96.32595213107,28.641450690595956],[-96.32517258329828,28.641595088065813],[-96.32487346562554,28.641754860135194],[-96.32282096996255,28.641999324667047],[-96.32260858522501,28.6421537197651],[-96.32213446881123,28.642198344376602],[-96.321579545582,28.642421737406714],[-96.32093123498169,28.642683860201917],[-96.31957109268221,28.642800957208006],[-96.31833036289642,28.64322620646646],[-96.31642163560375,28.643751255446173],[-96.31592885519883,28.64385617854435],[-96.31494924310097,28.643928977466697],[-96.314063734183,28.64411182578341],[-96.31303464688307,28.644443130617738],[-96.31195517462166,28.64464230535396],[-96.31037756703273,28.645150475103193],[-96.3082241053195,28.64534015367563],[-96.30514515273236,28.64577760805918],[-96.30451800945997,28.645911052022424],[-96.30363908757137,28.64635227765682],[-96.3034524049338,28.64650670117028],[-96.3034656366019,28.646776005796198],[-96.30377875547771,28.64701216560236],[-96.30441146295784,28.647973990777647],[-96.30537338701306,28.650608174833035],[-96.3055925060594,28.65077278419574],[-96.30584978402705,28.651311625370838],[-96.30609650760383,28.652917599867614],[-96.30613063005269,28.654061670608233],[-96.30631927187427,28.654518374959963],[-96.30624129083516,28.655131615181354],[-96.30606698204491,28.65604232637204],[-96.30570040474494,28.656769215514494],[-96.30565164542972,28.657319040669734],[-96.30580920696644,28.658083651143325],[-96.30619205969225,28.65913961455475],[-96.30629583093803,28.660877900799616],[-96.3060170970777,28.661901754105504],[-96.30528999522245,28.663278003561498],[-96.30513565034298,28.663855692523576],[-96.30495031214913,28.665049735307832],[-96.30505239804474,28.666128081427402],[-96.30494727187498,28.666848895237482],[-96.30501015007185,28.66698107827461],[-96.30494852799767,28.667333131564707],[-96.30502466540283,28.667982221431505],[-96.30486928391704,28.668422663625975],[-96.30460750753656,28.66883004812553],[-96.30421837895263,28.669686316331177],[-96.30414776381548,28.669958633851493],[-96.30381739311842,28.67017900850214],[-96.30374255804848,28.670343943653137],[-96.30390585163065,28.67072907795098],[-96.30383773711851,28.671108796162596],[-96.30361380580847,28.671587476633206],[-96.30266088692115,28.67293096453371],[-96.30136427975759,28.67397789819203],[-96.29994292759308,28.67533274274042],[-96.2994878564843,28.675839339131365],[-96.299194649667,28.6763348875261],[-96.29873316375385,28.676577537220755],[-96.29824694366226,28.677226967994574],[-96.29804126137944,28.677221623178255],[-96.29771655314096,28.677332112356638],[-96.29699331556017,28.677773058974978],[-96.29679700293957,28.678029020281407],[-96.29686974407028,28.675449688696865],[-96.29699211590047,28.66960751977556],[-96.29042821585273,28.669649743994388],[-96.28851907792888,28.66962892953616],[-96.28582518983424,28.669599500207376],[-96.28704438468702,28.668788066004925],[-96.2871106411292,28.668624276758383],[-96.28683036420713,28.66850872117774],[-96.28512184280075,28.66978304575113],[-96.28461486769672,28.669933158054363],[-96.28452077894492,28.6698761811254],[-96.28441824141495,28.66992239705251],[-96.28414353729336,28.669834682789656],[-96.28369285034151,28.670018095314106],[-96.2830067142921,28.6700150607179],[-96.28001105281777,28.670536757830494],[-96.2784660572124,28.67103314190981],[-96.2778623295341,28.671097851453645],[-96.27666239590258,28.671645648142416],[-96.2758575068705,28.67236639645086],[-96.27497790563618,28.672590073527996],[-96.27413820564152,28.673200418962754],[-96.2734417823906,28.673461068633067],[-96.27228725508469,28.6724702915102],[-96.26535784701906,28.666582051684415],[-96.26059552256902,28.662675973879352],[-96.25581796445901,28.658769577303342],[-96.25115423102454,28.655085295916063],[-96.2509685178303,28.654938577815773],[-96.25024713059003,28.65430128044021],[-96.2462567859923,28.650778611837232],[-96.24157395209576,28.64693297716269],[-96.23689825575336,28.64309217282239],[-96.23671771804688,28.64295169541165],[-96.23727319373866,28.643044947674465],[-96.23772795452884,28.64323724347195],[-96.23779589646061,28.643116400078615],[-96.23742925305963,28.64270718957558],[-96.23721592401198,28.642557363657282],[-96.23571564979018,28.64206018887328],[-96.23387765219232,28.640960912440608],[-96.23253507143139,28.64047958093175],[-96.23232951390841,28.640557207145807],[-96.23258299803713,28.641374582521994],[-96.23253510018806,28.64146809164883],[-96.23211078901377,28.64147216077564],[-96.2321054393675,28.64161161996168],[-96.23273435914658,28.642378787029376],[-96.23275933377465,28.64255266135147],[-96.23256373810769,28.64253564489367],[-96.23206985978271,28.64187862497129],[-96.2313703210876,28.641466774688492],[-96.23122402036454,28.640825729574985],[-96.23099231133075,28.640595409569716],[-96.23107601383417,28.640558819462637],[-96.23129475481541,28.640632378117864],[-96.2315462905488,28.640511450319533],[-96.23168411566087,28.640549080114607],[-96.23188946168388,28.640806534373404],[-96.23200447038299,28.64127351529386],[-96.2321066059161,28.641086680097708],[-96.23203971672513,28.640520619191438],[-96.23179438714162,28.640150267585607],[-96.23136076496402,28.639902741338336],[-96.23114095381693,28.6398570745836],[-96.22833968865916,28.638622794265064],[-96.2268299994899,28.637549992507562],[-96.22648727665181,28.637243731448653],[-96.2260008615182,28.63655899424234],[-96.22499899320951,28.635451114379904],[-96.22414126771397,28.634710561653442],[-96.22324201300349,28.633404691192027],[-96.2228309612569,28.632900905879435],[-96.22251710805314,28.632636201972183],[-96.222238826645,28.63216830064848],[-96.22191847411317,28.631281883615802],[-96.22148761832018,28.63079984617215],[-96.2209551342077,28.63065542236325],[-96.22047148391589,28.6308866530254],[-96.22033892454398,28.630877092340935],[-96.22042124399272,28.630712011998327],[-96.2208516437484,28.630384250730728],[-96.22087374496942,28.63013918460105],[-96.21864896136643,28.62906717462141],[-96.21760691405734,28.628348969413658],[-96.21707875114164,28.628092970472913],[-96.21510173009463,28.626179445923192],[-96.2145944657571,28.625382336930045],[-96.2144452771688,28.62495349702748],[-96.2136628719533,28.623837092086347],[-96.21314805314564,28.622755912448973],[-96.21298682055202,28.621924339913143],[-96.21273782054044,28.621186101596436],[-96.21264678192912,28.620091522480806],[-96.2122883121659,28.61966566117057],[-96.21216662898196,28.61932394819007],[-96.21229463950162,28.61820914531588],[-96.21214902149583,28.617740857269727],[-96.21212036671811,28.617372710831432],[-96.21212724171663,28.617235025758887],[-96.21254827445591,28.616908252674207],[-96.2132212657553,28.61619290756009],[-96.21327938078169,28.615918864088126],[-96.21324493138818,28.61553920286926],[-96.2138967274297,28.613614795544887],[-96.21509153075007,28.611655462634086],[-96.21624689056273,28.61065782242275],[-96.2167069424828,28.610105919683015],[-96.21904580964042,28.608610432039022],[-96.22063894901184,28.607433998885774],[-96.2225926958566,28.606353024406832],[-96.22629525139155,28.60454297827815],[-96.2305837001666,28.602702637183967],[-96.23117942591459,28.60234940488533],[-96.23252385007702,28.602001375313407],[-96.23282126403572,28.602212127892496],[-96.2328451512249,28.60230018815732],[-96.23321795707275,28.602495326111328],[-96.23393481780354,28.60253877351804],[-96.23427196759097,28.602485914706143],[-96.23452299600983,28.602300830659075],[-96.23520550240066,28.60130988725177],[-96.2355010647802,28.60034964872492],[-96.23549309650963,28.59980538393646],[-96.23522633289522,28.598918108515804],[-96.23509010016309,28.598081488023983],[-96.23484312280571,28.597815858999564],[-96.23454351353128,28.597108578536947],[-96.23419045409797,28.596810767547154],[-96.23367747858781,28.596207732964306],[-96.23325374350829,28.59545160761076],[-96.23338572841104,28.59461131432576],[-96.2330389053053,28.594328583524394],[-96.2325711178791,28.594314263915578],[-96.23233475522274,28.59421949834309],[-96.23165350730665,28.59361554228726],[-96.23145829155955,28.59326044382547],[-96.23138178951385,28.592782919734447],[-96.2316467566898,28.592147323425383],[-96.23146439259023,28.591579603623018],[-96.23101438162679,28.590960581294464],[-96.2298354034455,28.590149837178462],[-96.22872164999718,28.589020531985085],[-96.22791149292091,28.588102186756455],[-96.22767769469074,28.587737901273915],[-96.22726928561046,28.587355641455073],[-96.22701298304047,28.586644738148042],[-96.22671556993488,28.586334584007993],[-96.22663602055195,28.58617434665469],[-96.22668690372578,28.586087150118065],[-96.22611417905848,28.585115390268392],[-96.22600227004519,28.584316995915092],[-96.22604436010685,28.583080279657693],[-96.2262789261487,28.582545375630115],[-96.22656986522163,28.58222050933796],[-96.22689535716951,28.58206345857018],[-96.22669107755817,28.581864079335446],[-96.22665624194377,28.5815339648112],[-96.22673331414319,28.58129244341309],[-96.22680470030402,28.580286668290636],[-96.22688772561101,28.580072863100305],[-96.22771771413943,28.579358049815255],[-96.22834044294427,28.57949430539993],[-96.22847000674523,28.579731671262078],[-96.22876286770195,28.579733913632786],[-96.2289554578981,28.579811887450873],[-96.22919302077992,28.579752968563255],[-96.22971469460632,28.580086693085537],[-96.22983136762687,28.5803350127173],[-96.23034003617663,28.58066282263907],[-96.23050670836032,28.58092779621143],[-96.23065241009823,28.581374039617796],[-96.23063810671633,28.581605048246075],[-96.23037326487929,28.581927595755833],[-96.23037747661994,28.582142294800207],[-96.23055909615687,28.58254783235803],[-96.2303251282075,28.583180966298585],[-96.23036100585803,28.5833625830162],[-96.23048469157862,28.58348973694458],[-96.23047981440334,28.58414432159207],[-96.23039061162902,28.584336300934563],[-96.22973712279467,28.58483738085452],[-96.22970334346242,28.585128666598575],[-96.22932222139373,28.585192209728863],[-96.22928330854641,28.58537331432739],[-96.22956333198162,28.58544668305917],[-96.2299642566354,28.585273339934695],[-96.23074336992029,28.584646375812138],[-96.23119826585402,28.584061281655774],[-96.23134490294858,28.583671584663715],[-96.23143223095481,28.58254327872515],[-96.23115233907822,28.581361145631963],[-96.23074551338485,28.58071486114282],[-96.23053824754092,28.580086583672877],[-96.23001678907869,28.57980823338188],[-96.22973868194629,28.579482179643687],[-96.22962021884868,28.579442526336933],[-96.22931388787848,28.57950658805062],[-96.22844208101903,28.579302714184674],[-96.22787423209324,28.57852882044262],[-96.22761366715693,28.57839549422666],[-96.22638437657926,28.57830984540413],[-96.22433106996237,28.578317765434058],[-96.22311412377844,28.578397509221197],[-96.22272806638534,28.578479301617225],[-96.21762358048952,28.57959140799414],[-96.21557852613789,28.580132460434932],[-96.2146845899062,28.580280618314198],[-96.21323946298095,28.58069969657077],[-96.2096919647376,28.581890807854045],[-96.20625080657416,28.583299909878964],[-96.20364976642492,28.584263520695895],[-96.1953897849033,28.5877584978712],[-96.19081979697977,28.590206046429916],[-96.18978329883079,28.59062589440575],[-96.18719151665245,28.59183529648417],[-96.18548843976735,28.592708434187994],[-96.18313007642074,28.593598856667217],[-96.18239806167482,28.59396732104805],[-96.18150093843862,28.594593518928196],[-96.18116312614407,28.594722895910586],[-96.17888056942611,28.59606206996432],[-96.17870395317902,28.595739126658263],[-96.17833537131445,28.59575855104502],[-96.17826848288328,28.59561517765979],[-96.1779697669031,28.595541477846155],[-96.17652589292952,28.59533842794457],[-96.17605143548691,28.595395561342535],[-96.17392848472278,28.597079776656972],[-96.17366592650176,28.597138158241062],[-96.17324588740756,28.597095687157232],[-96.17314635507236,28.597112719015538],[-96.17299259667097,28.597139025272597],[-96.17287437664793,28.597732084732705],[-96.17269609556017,28.598187470323655],[-96.17233027446429,28.598635465674082],[-96.1720528248091,28.59887566575019],[-96.17155326801266,28.598976367972696],[-96.17065675358458,28.599503472767623],[-96.17036532435014,28.60000184130145],[-96.16976250058366,28.600431957701705],[-96.1678368835925,28.601567375524922],[-96.16678475697647,28.602087650929942],[-96.16533547612366,28.603017781388],[-96.1639749463198,28.60375046226393],[-96.16309818356693,28.60412920081486],[-96.16283381410429,28.60435259328696],[-96.1618062495274,28.604900751965275],[-96.1592394176696,28.605866903713647],[-96.15692944316052,28.606935548392677],[-96.15444075568156,28.608137726305483],[-96.15160071458172,28.609031446133766],[-96.14896953826351,28.610301179530442],[-96.14841192664379,28.610528290433646],[-96.146691770598,28.61104519097973],[-96.14518020749597,28.611965282965667],[-96.14470485159794,28.612121989632048],[-96.14376731517991,28.61229758349241],[-96.14337844381807,28.61255390338223],[-96.14047465184767,28.61345785860081],[-96.1394239639601,28.613894017013045],[-96.13752150173114,28.614504231274292],[-96.13658862501501,28.61491720306645],[-96.13548866442977,28.615119710907013],[-96.13508217523646,28.615287786843066],[-96.13475684786603,28.615335581045716],[-96.13321042972039,28.615948408185016],[-96.13074002348094,28.61664875142185],[-96.13034496311238,28.61688318470461],[-96.12937640531425,28.617052893123287],[-96.12772965081882,28.61775782535926],[-96.12523765297178,28.61837106875211],[-96.12468430161437,28.618764318701043],[-96.12405478994319,28.618969388757076],[-96.12404976792013,28.62185652357412],[-96.11131112291694,28.62524232445448],[-96.11030677642228,28.62539405205802],[-96.10953071621353,28.625645109340812],[-96.10874586446394,28.625786172784185],[-96.10765357039853,28.62588284954888],[-96.10641414753134,28.625839824911065],[-96.10561764626583,28.625744194836017],[-96.1052031571633,28.625669123988292],[-96.10469134169409,28.625441590993145],[-96.10339477176389,28.625354944668928],[-96.10285132079078,28.625151351620847],[-96.102395021736,28.625116707117584],[-96.1014470798973,28.62513629077013],[-96.1009303287367,28.62533326508821],[-96.10018751967523,28.625390626208716],[-96.09823190039796,28.626273686210777],[-96.09788414481343,28.62664887045354],[-96.09692650061893,28.627145007759],[-96.09584219688959,28.627836133307348],[-96.09514303501676,28.628415766682235],[-96.09461105647887,28.628656477134037],[-96.09333723343603,28.629510585297975],[-96.09230062506748,28.630343989550262],[-96.09178829059093,28.630611867969655],[-96.09120103958506,28.631031076189497],[-96.08935823440537,28.632207918948964],[-96.08824525034177,28.63268470942612],[-96.0870440609872,28.633383464956935],[-96.08610782943047,28.63366439798735],[-96.08570074529797,28.633875414709053],[-96.08513569472255,28.634006586134173],[-96.08459215543235,28.634253087879717],[-96.08191122360044,28.63491762724632],[-96.08103829966704,28.634955171393326],[-96.0803255593253,28.635166198418567],[-96.079063341926,28.63536499555228],[-96.0776247812755,28.635759826590956],[-96.07569836714103,28.63610831992242],[-96.074268449675,28.636607758037016],[-96.07358283678734,28.636955862180837],[-96.07355052356836,28.626880184366907],[-96.0736705549904,28.623394331432905],[-96.07361207879443,28.611379016991478],[-96.07363685108342,28.60890988999029],[-96.07363614735782,28.59689162617718],[-96.07339758972377,28.594420859318905],[-96.07334789814547,28.582381228385024],[-96.07340932587904,28.579716921709593],[-96.07338782034074,28.569411687621983],[-96.07415989517482,28.569248577759264],[-96.07422919866251,28.569210509672793],[-96.07419357439544,28.56899032610862],[-96.07444186232249,28.56903589396531],[-96.0745982489385,28.568904594277363],[-96.07545193110643,28.568734164482034],[-96.07566313161595,28.568751743704063],[-96.0761159971736,28.568941576847426],[-96.07650153136721,28.568905443914876],[-96.0767145129875,28.56874185274756],[-96.07725664213164,28.56856927017586],[-96.07727104230776,28.56840429307847],[-96.07711006593222,28.567937129629506],[-96.07677386545913,28.566867422374496],[-96.07647772659345,28.566596494902793],[-96.07517701918714,28.565983734908496],[-96.0747756262363,28.565618377934353],[-96.07405837159847,28.565124557886858],[-96.07387412581078,28.564920030823377],[-96.07393051235772,28.564815870257746],[-96.07449447389722,28.56501192414631],[-96.07475641406384,28.565008073557333],[-96.07488827590707,28.564827514050737],[-96.07505597278161,28.564861276989717],[-96.07514163651528,28.565037618838232],[-96.07495998618414,28.56519633722346],[-96.07507583749671,28.565416929710562],[-96.07623850879139,28.565506478699636],[-96.07650615770676,28.56539823876455],[-96.07678507631711,28.5655537699719],[-96.07714930384422,28.56587496242662],[-96.07742565651753,28.5662505094902],[-96.07772394433341,28.567032861016653],[-96.07794670639701,28.567210025150803],[-96.07811549448105,28.567040935771892],[-96.07832078862346,28.567031159268918],[-96.07817971144497,28.566837625689125],[-96.07822983238029,28.56673361883357],[-96.07846649690272,28.566718629005532],[-96.07897932190829,28.56712320128256],[-96.07915948933761,28.567157346919785],[-96.07932221934655,28.56704273231965],[-96.07947701236554,28.567087800445837],[-96.07968283704486,28.567045038448764],[-96.07987043586492,28.566892344532132],[-96.0803126133127,28.566862083317428],[-96.080438490131,28.566714338415494],[-96.08039022063363,28.56653813943894],[-96.08073889272696,28.56646885786884],[-96.08082061470833,28.566353797403472],[-96.08121310375685,28.56627935803094],[-96.0813790394864,28.566533154629283],[-96.08149031767499,28.566555881987767],[-96.08161584735645,28.566397457709694],[-96.08177182897771,28.566393039711436],[-96.08214347734338,28.56658754559771],[-96.0822683818193,28.566483793627373],[-96.08222706906514,28.566230429618734],[-96.08266793040144,28.566310535725194],[-96.08251408799329,28.566144444735052],[-96.08263297015695,28.566073855627238],[-96.08311717827203,28.56618109346794],[-96.08355854387757,28.56615114652148],[-96.0838501993574,28.566202164371504],[-96.08523860448983,28.566023880962813],[-96.08547682536349,28.56583285462527],[-96.08574986892185,28.565119860267192],[-96.08568562854184,28.564679733826633],[-96.08513408961291,28.563741672282386],[-96.08503354055578,28.563097865904336],[-96.08516571435099,28.56288979503336],[-96.08531483113828,28.562940154258705],[-96.08561010643635,28.563271922232374],[-96.08576317762477,28.563575162788577],[-96.0858526013521,28.564087249994227],[-96.08606708212005,28.564374200332853],[-96.08638253510098,28.564590661521397],[-96.08658993292494,28.565114331029736],[-96.086948955582,28.565253765341687],[-96.08713628444444,28.565167065944706],[-96.08728147036855,28.564964569066678],[-96.08740357272886,28.564519923597263],[-96.08703713001704,28.563726188650335],[-96.08693504798741,28.563296586620016],[-96.08605195072617,28.56111948247587],[-96.08610249041641,28.560965615389065],[-96.08600782674914,28.560448221798584],[-96.08611275558253,28.56049307998168],[-96.0861448865173,28.56041052735152],[-96.08583869876331,28.559864199547413],[-96.08535100871411,28.558712465875736],[-96.08529176807076,28.558420388929065],[-96.08540965697634,28.558355276091707],[-96.0852873775639,28.558178498643354],[-96.08499597832515,28.55812163862217],[-96.08497829341178,28.557939845666716],[-96.08458357253978,28.557602260942662],[-96.0846086497729,28.557519812759246],[-96.08528375850501,28.5578981237205],[-96.08530329986664,28.557798989764965],[-96.08545936040845,28.5577340319533],[-96.08546597098696,28.5576462088514],[-96.08557790555618,28.557652439639895],[-96.08622007708433,28.558211611138145],[-96.08665626264997,28.55881907691982],[-96.08707032245387,28.559805830223237],[-96.08750562239238,28.56047412719275],[-96.08776703062502,28.56124533859207],[-96.08803021579334,28.5616978333668],[-96.08841847104516,28.562844040762034],[-96.08892698133987,28.563787297903456],[-96.08925287137306,28.56415231972236],[-96.08968643638683,28.564435399625737],[-96.08977334553468,28.564424679696337],[-96.08984258684396,28.56430990038393],[-96.08985046763613,28.564112078521386],[-96.09008749044251,28.56400905633512],[-96.09104805003865,28.56424677148224],[-96.09138677105945,28.56407208020791],[-96.09187907518931,28.563975946260392],[-96.0925593268665,28.563639390300498],[-96.09288920280463,28.563591859119036],[-96.0933020247489,28.56331958290898],[-96.09337323548573,28.563017794329337],[-96.09345451993906,28.562952225985107],[-96.09382779754263,28.56294901807045],[-96.09425997827037,28.56252292660349],[-96.09414360610289,28.562334999748447],[-96.09385921488625,28.56217933807985],[-96.09376798368523,28.56188764860597],[-96.09390139172253,28.561569549558364],[-96.09340028209557,28.561241760784753],[-96.09288314866156,28.560611868902633],[-96.09274737716036,28.56053957317562],[-96.09252848712902,28.560675824998683],[-96.0925115883864,28.56049407830475],[-96.09280591248525,28.560242887452276],[-96.09296092053573,28.56028242279838],[-96.09314428384295,28.560607927991285],[-96.09358261925632,28.561044860147888],[-96.09420817581555,28.561279889268693],[-96.09435077242148,28.56139606889625],[-96.09445957465549,28.561677312108205],[-96.0945959966275,28.56173313323423],[-96.09522409610184,28.561748140612593],[-96.09608498849788,28.561373845118936],[-96.09678097841221,28.561444265909447],[-96.0969870878857,28.56133544494146],[-96.09704500779407,28.561132289718994],[-96.09688505307133,28.56088384547873],[-96.09592087431345,28.56025112775006],[-96.0945215576447,28.559472840861325],[-96.09331689344755,28.558541363995428],[-96.0913433605414,28.55667091236504],[-96.09014007475552,28.555706420459018],[-96.08993081461006,28.554682366043195],[-96.09007295218582,28.55477137602787],[-96.09037719029735,28.55558138606611],[-96.09047526607486,28.555681070466008],[-96.09104611135962,28.555860777567254],[-96.09219322827471,28.556945576947058],[-96.09281761280577,28.557306776864973],[-96.0929359963187,28.557307355123605],[-96.0930797671145,28.557198333009328],[-96.09335876179198,28.557293662456704],[-96.09628343437755,28.559263724348096],[-96.09671548777038,28.55962374265772],[-96.09746413296139,28.560073724758407],[-96.09774506104672,28.559904984640028],[-96.09809156523693,28.559379580500067],[-96.09822777124039,28.55940239150988],[-96.09841162042353,28.559755063676718],[-96.09857244434156,28.559844298951344],[-96.09884002594393,28.55983469994171],[-96.09925727354113,28.559705256237667],[-96.10012723717676,28.559749396419214],[-96.10024673900227,28.559623465540554],[-96.10036181723947,28.559217101895012],[-96.10101905178722,28.559419369979476],[-96.10126929495465,28.559277877839445],[-96.10176036335154,28.559231194959064],[-96.10194782047304,28.559100804913083],[-96.10235196092383,28.559163536000046],[-96.10294984882684,28.55899667186912],[-96.10303756057581,28.55888727917891],[-96.10292729001749,28.558721558814938],[-96.10252456914021,28.55850481213569],[-96.10211109719756,28.558166703787347],[-96.10137976305242,28.557084204094384],[-96.10119503835737,28.55689072255331],[-96.10093495240365,28.556751641671966],[-96.1009732418658,28.556669606692168],[-96.10117204894298,28.556626586643034],[-96.1018474484433,28.55617430218555],[-96.10199644135088,28.556208495650115],[-96.10207007684035,28.556335255147182],[-96.10195066792964,28.556439195208007],[-96.10153281997671,28.556584791130604],[-96.10149495074594,28.556694700968784],[-96.10166084301594,28.55697048258668],[-96.1021367052125,28.557325661565237],[-96.10236376259456,28.55768963054749],[-96.10254294386172,28.5578066165379],[-96.10338574811044,28.558141846970234],[-96.10348080877687,28.557905773523373],[-96.10371538860088,28.558099425587198],[-96.10376310884395,28.558369491430284],[-96.10386238500315,28.55841931799092],[-96.10396829342764,28.55838134217694],[-96.10408784905636,28.558195201941786],[-96.10492328175225,28.55793116399751],[-96.10563719864378,28.558039897680768],[-96.10599181237318,28.557937381701418],[-96.10635948681255,28.557917794457417],[-96.10654851859488,28.557512007442405],[-96.10644557643354,28.557181458499006],[-96.10665024626483,28.55726514748307],[-96.10680978308903,28.557563084916552],[-96.10733372027093,28.55729660136372],[-96.10775314780733,28.557288603329848],[-96.10820559656796,28.55711516987881],[-96.1085847470598,28.55710075222505],[-96.10896594555479,28.556877651089952],[-96.10903589009618,28.556724375986875],[-96.10896185471152,28.556646777260596],[-96.10904301451936,28.556564689217137],[-96.10922257406044,28.556692316963055],[-96.10979446229555,28.55672889994999],[-96.10990000135182,28.556679889803156],[-96.11022240284433,28.555994505761262],[-96.11000645975798,28.555762245958555],[-96.10959148983464,28.555638687699734],[-96.1097471413921,28.555524168332145],[-96.10960543746161,28.555424547795184],[-96.10946465706782,28.555104504388662],[-96.10970066687152,28.555144458448027],[-96.11007153728956,28.5554767749438],[-96.11053612182694,28.555605983892043],[-96.11062246314224,28.55572728442809],[-96.11072826831084,28.5557501608225],[-96.11105202543828,28.55562019203017],[-96.11125567851767,28.55580840383347],[-96.11139230911013,28.555819844880926],[-96.11163819254303,28.555453283783734],[-96.11163234681796,28.555365075507147],[-96.1112811206174,28.55498902300385],[-96.111387349974,28.55486333289757],[-96.11152456406808,28.55488065853677],[-96.11214697269038,28.555588321980313],[-96.11217886103873,28.55541256327937],[-96.11189568447783,28.5551080646645],[-96.11189125220118,28.554866169634444],[-96.11212669319427,28.554900626914783],[-96.11249654114737,28.55533741801609],[-96.11288758384181,28.555455055948272],[-96.11300617288013,28.555411618209437],[-96.11313795150143,28.555231019693657],[-96.11342473745617,28.55508993797405],[-96.1135010257233,28.55491414644453],[-96.11344718991509,28.554660781604003],[-96.11235844580384,28.553906719241926],[-96.11186659552769,28.553266005965963],[-96.10981176381101,28.55127917005624],[-96.10937216784794,28.55016585850686],[-96.10876446174983,28.549265696521726],[-96.10811105028337,28.54853572413041],[-96.10800104309175,28.548304307854245],[-96.10818093625602,28.54830541851219],[-96.10832963764076,28.548405263753544],[-96.10888472835161,28.548903506560265],[-96.10906245099001,28.54923433389813],[-96.1095747071148,28.549732625504618],[-96.10975875940107,28.550041611361078],[-96.11003099030164,28.550956157644045],[-96.11031527513396,28.551271361793674],[-96.11064863819333,28.551487990220316],[-96.11090083119194,28.551846521612845],[-96.11138889718376,28.552228878001653],[-96.11163484306032,28.552587916535604],[-96.11245231319162,28.552972173535423],[-96.11331074799611,28.55375832908257],[-96.11388010493486,28.55407507501453],[-96.1146099776884,28.554646101619657],[-96.11493804751791,28.55474152144335],[-96.1153743210081,28.554661437845514],[-96.11566722165513,28.554503696386572],[-96.11603059590708,28.554159665567692],[-96.1163391962344,28.553644416310146],[-96.11616906649675,28.55315945700728],[-96.11623795500668,28.55303330608025],[-96.11717188721536,28.552896005829876],[-96.11736580283045,28.552759624207454],[-96.117372903465,28.552638789060264],[-96.11713366035512,28.552208434298695],[-96.11589372559189,28.551382883270534],[-96.11537862955886,28.550742375760173],[-96.11317411744342,28.548856937648097],[-96.11304679352122,28.548461777437854],[-96.11316469245153,28.548411750507867],[-96.11340229691413,28.548564506624658],[-96.11347020955006,28.548487213926503],[-96.1130868666672,28.5471038626893],[-96.11314068996927,28.546795767800567],[-96.11335733803385,28.54662981242893],[-96.1134446878871,28.546662371609795],[-96.11364165762977,28.547227599029434],[-96.11398201952932,28.547825085849873],[-96.11444646976601,28.548366998756347],[-96.11463628464875,28.548794808283816],[-96.11592172107038,28.550107579926777],[-96.1162695447575,28.55085884892263],[-96.11653852468824,28.55103884636985],[-96.11744942144092,28.551331039883113],[-96.11751753942173,28.551281213811333],[-96.11749812670946,28.551182388254393],[-96.11721479242655,28.550744126833216],[-96.1171633670814,28.550519044100817],[-96.11725559962201,28.550364664647816],[-96.11737995438665,28.550347563635444],[-96.11745516942509,28.55041861838728],[-96.11777654416584,28.550955625634792],[-96.1178358522681,28.551470088675313],[-96.11800566204161,28.551982573442327],[-96.1182568446344,28.552445949685843],[-96.11867605709905,28.552954429989885],[-96.1188260897279,28.552883723362545],[-96.11872865401776,28.552531003751245],[-96.11884085633186,28.55251004650102],[-96.11907615348234,28.55262666091543],[-96.11931980026843,28.55251277234949],[-96.11954306538567,28.552618691656846],[-96.11991121285166,28.552389654945994],[-96.119893094222,28.55229625487202],[-96.11972032770197,28.552173996684214],[-96.1198019425615,28.55202075303614],[-96.12018717899966,28.552088670036028],[-96.12025565399479,28.552050875662736],[-96.1203884645191,28.551804290360256],[-96.12037709444137,28.551638869017093],[-96.12030313891863,28.55153961514049],[-96.11967648805,28.55133219392242],[-96.1189434152599,28.551295157461055],[-96.1186399872164,28.55112832643514],[-96.11859666130795,28.55106197623786],[-96.1187466339127,28.550953117569396],[-96.11946005826054,28.55117146412519],[-96.11959133677134,28.551062379096045],[-96.11772567849847,28.549489711524593],[-96.11767737513976,28.54935170731812],[-96.11779583474669,28.54933060019443],[-96.11804963318646,28.549491460217602],[-96.11834091596702,28.54953171994142],[-96.11886765785796,28.549743620145314],[-96.11981276535435,28.55034859504003],[-96.11974685968435,28.550221899441322],[-96.1197915023977,28.55015621792606],[-96.12016905236726,28.550339793828964],[-96.12056687561646,28.550325572518403],[-96.1205837612226,28.550567849634678],[-96.12085481433395,28.55094313096898],[-96.1210661265403,28.551040625544523],[-96.1210852874289,28.550906207197006],[-96.12117846651302,28.55087399466287],[-96.12161114986203,28.551239466307386],[-96.12200524893048,28.5517529866444],[-96.12227090162419,28.551969217554305],[-96.12243977900057,28.55185476744175],[-96.1227732254712,28.551301046191334],[-96.12270858699797,28.55086645755454],[-96.12261580792615,28.550750119103785],[-96.1222066664621,28.55053874110832],[-96.1221584769513,28.55041759940387],[-96.12225206077342,28.55033587940246],[-96.12274179068775,28.55055866604102],[-96.12286849786759,28.550229344964425],[-96.12295550962045,28.550235119155992],[-96.12299731811667,28.5504389604899],[-96.12293870027632,28.550779649404603],[-96.12313006058606,28.551022827762804],[-96.12318400092515,28.551254202539905],[-96.12358119628568,28.551394032572315],[-96.12398844664749,28.551324016966852],[-96.1243788479055,28.55115654081335],[-96.12450376267907,28.551030734818355],[-96.12459915596592,28.55074549692791],[-96.12452785163191,28.550282849926386],[-96.12485035230435,28.550400411060973],[-96.12483395877511,28.550125474262643],[-96.12493391741957,28.550059787796023],[-96.12501754954693,28.550505970457372],[-96.12564793248927,28.55071724173296],[-96.12592866789666,28.550669840465325],[-96.12611115363823,28.550506257787013],[-96.12615745226624,28.55028106349521],[-96.12605362161766,28.550049530896683],[-96.12573793373048,28.549838288776854],[-96.12559064501075,28.549622633387223],[-96.1257852181507,28.54950859159326],[-96.12639492101742,28.549611952120358],[-96.12659508821818,28.5495531230365],[-96.12674930767187,28.549059560849198],[-96.12686144383578,28.549060266105137],[-96.12705040168882,28.54889105608104],[-96.12687568509075,28.549489195431672],[-96.1269794577814,28.549682547616936],[-96.12770503965108,28.54943490268258],[-96.12801432304936,28.549690296735015],[-96.12807902285829,28.54943231814387],[-96.12827196672005,28.549477797662174],[-96.12843777919544,28.549737018341833],[-96.12863014646572,28.549776991205036],[-96.1287822422348,28.549574643492864],[-96.12943015103522,28.549519251760454],[-96.12947694837509,28.54926105239464],[-96.12983756013986,28.549340569571324],[-96.1300818221343,28.549210531252236],[-96.13040269306596,28.548855540909965],[-96.13036793584543,28.548591403043144],[-96.1304570202938,28.5484655221376],[-96.1309632500459,28.548249316144833],[-96.13106078019763,28.547909112200355],[-96.13053799336942,28.547201487279366],[-96.12988328010088,28.547251874406577],[-96.12964144178132,28.547123387499255],[-96.12953705862984,28.546985363426533],[-96.1296507113929,28.546848560231727],[-96.1295851563114,28.54659516764382],[-96.12996848246863,28.546829097918447],[-96.13016138287114,28.546836051652807],[-96.13063904299234,28.547048463581852],[-96.13048727628734,28.546689959148683],[-96.13027766108233,28.546435220752716],[-96.13024934501172,28.54616578593256],[-96.13031985874571,28.54595750458521],[-96.13048748806763,28.546052051816776],[-96.13052224471095,28.54631618925554],[-96.13091647188949,28.546709324816767],[-96.13131275378026,28.54760322069669],[-96.13141172938786,28.547680890943926],[-96.13152390501328,28.547621056392384],[-96.13177439609386,28.548123254008996],[-96.13194907965291,28.548157506562287],[-96.13217620066719,28.54782955671697],[-96.13211604256699,28.5476364968205],[-96.13216717113079,28.54750499905766],[-96.13314557200152,28.5480563612595],[-96.13344968893729,28.54814652654552],[-96.13373168928017,28.54796742680024],[-96.13387291130428,28.547605529483903],[-96.13329560637405,28.546798250284983],[-96.1323988153896,28.546093239724325],[-96.13221566927342,28.54574029380741],[-96.13238398841212,28.545757857786903],[-96.13271711195628,28.546040781006916],[-96.13289305957454,28.5459048431106],[-96.13301673942307,28.545988092001544],[-96.13343400875854,28.54660681842082],[-96.13358311148995,28.54665747723235],[-96.1337035100197,28.546487872030323],[-96.13390742972442,28.546610365460626],[-96.13446732671589,28.547345923796858],[-96.13489347913432,28.547640294221033],[-96.13521844152712,28.547576685565602],[-96.1355569169329,28.547348070257307],[-96.13569696720258,28.547074512720467],[-96.13554441986763,28.54671598410732],[-96.13555298391914,28.546517820770898],[-96.13512464067888,28.546338922549687],[-96.13531371006104,28.546126010917845],[-96.13479133197336,28.545407090156083],[-96.13471835580275,28.54520299871969],[-96.13450146562595,28.54511344423802],[-96.13449030828012,28.544981402245185],[-96.13459075453255,28.544883048099194],[-96.13450513794683,28.54472326611949],[-96.13460616131088,28.54463042491561],[-96.13532368329614,28.545081263374286],[-96.13535837270719,28.545367412118235],[-96.13583772821248,28.545992155330016],[-96.13615968367908,28.546242064604197],[-96.13641147650904,28.546573747640725],[-96.13667922591073,28.546597781905515],[-96.13721595826038,28.546497323192828],[-96.13733310817472,28.546607870989256],[-96.13755391318854,28.546301713252337],[-96.13790187867085,28.54642517311911],[-96.1379980145723,28.54613994308956],[-96.13817222096765,28.546146682564718],[-96.13858752533936,28.54632034917248],[-96.13864629770426,28.546034674361124],[-96.13829743912702,28.545438326021515],[-96.13784753660843,28.544896326002576],[-96.13800469407016,28.54478182017365],[-96.13801227415058,28.544589135833768],[-96.13738277793989,28.544078771296945],[-96.13706984319549,28.543559533159907],[-96.13700911012592,28.543361314213907],[-96.13705702406385,28.542954598620838],[-96.13724238635677,28.543093360369433],[-96.13735655234605,28.54351778590652],[-96.13747351176298,28.543672681299117],[-96.13809612594537,28.544298735616177],[-96.13903399007874,28.545900400537718],[-96.13930738123162,28.54594077150341],[-96.13960804652643,28.54576155079146],[-96.13980783142351,28.545751836981847],[-96.14022028401286,28.545562630762213],[-96.14061273824784,28.545544475247073],[-96.14117002401198,28.545278130194795],[-96.13940492008018,28.544192717287885],[-96.13951254302431,28.544050555974337],[-96.14020276699605,28.54416561044605],[-96.14090233383452,28.54453916689743],[-96.14124651036961,28.54438226670454],[-96.14142994508116,28.544114503956283],[-96.14080310207135,28.54252581114674],[-96.14061370698062,28.542172343483777],[-96.1397381751764,28.541263788456646],[-96.1395914180513,28.540954948555235],[-96.13882575465627,28.54022342189033],[-96.13785511758844,28.539495919281336],[-96.13725305346327,28.538605708107415],[-96.1367398181453,28.537496768784386],[-96.136205372567,28.536689797049924],[-96.13619764395833,28.536134174947563],[-96.13559002399474,28.535128593528505],[-96.13549421177947,28.53469339712088],[-96.13573242300379,28.534557669403156],[-96.13612416349665,28.535270166711854],[-96.13649492599988,28.536317988671914],[-96.13710913939768,28.537235391353917],[-96.13717421388047,28.537659685063957],[-96.1375453574838,28.538619146429618],[-96.13782739665662,28.53907209746749],[-96.13806776972383,28.539376575773453],[-96.13901218577207,28.539641793544607],[-96.13982437374524,28.54002193221162],[-96.14100861849644,28.54124049937803],[-96.14140707720232,28.541941838977493],[-96.14132023030596,28.542546138311483],[-96.14146001681527,28.542893614137032],[-96.14227113964229,28.54411481983936],[-96.14282021390055,28.54528502177413],[-96.14314227825624,28.545512907643868],[-96.1432381684291,28.545887572287153],[-96.1434837323819,28.546219372859927],[-96.14392090503216,28.54613477040856],[-96.14457916776603,28.545655608214467],[-96.145729468266,28.544548114394065],[-96.14467651843799,28.543990071518962],[-96.14427417047983,28.543684428447524],[-96.14406554618962,28.543364077487034],[-96.14413496168511,28.543282303674296],[-96.14453044387471,28.54360425690434],[-96.1451525026573,28.54363084867844],[-96.14579225494687,28.543861252918635],[-96.14603573467721,28.543769668799463],[-96.14573446553878,28.543349146432046],[-96.14535629711789,28.543181461820367],[-96.14536401020946,28.543044132529136],[-96.14546964896807,28.54301196085989],[-96.145822648793,28.543245587233958],[-96.1465508436725,28.54330605386555],[-96.14670959345206,28.543032377286423],[-96.1461118306162,28.542307410125062],[-96.1462317718114,28.542148756825597],[-96.14764202515539,28.5431878088414],[-96.14773808569984,28.5431408855468],[-96.14774191968695,28.543023726383904],[-96.1462380257468,28.54143368716923],[-96.14533353085447,28.540904623009766],[-96.14413055878985,28.53968553160199],[-96.14370349410271,28.53943481761117],[-96.14354975053472,28.53922448274708],[-96.14350800528938,28.53899864445705],[-96.14335951208527,28.538931853802946],[-96.14311405701007,28.538479005070645],[-96.14301813806378,28.538065819594415],[-96.14310209823498,28.537752711382595],[-96.14346362633668,28.53768950166459],[-96.14387394785581,28.53713709188591],[-96.14396330963167,28.536884657610603],[-96.14400007285855,28.53628572335662],[-96.14432951476675,28.536364925732776],[-96.14498161912098,28.535902441429002],[-96.14510752884995,28.535710637239184],[-96.14521644982199,28.53537627756376],[-96.14529247169189,28.53459009403629],[-96.14549573951018,28.53482809790811],[-96.14544291271005,28.535201650898948],[-96.14549459322852,28.535631347063376],[-96.14537269679933,28.535998665875745],[-96.14490817025215,28.53642426904443],[-96.1445168005421,28.537009944238477],[-96.14469829275177,28.53754473046498],[-96.14471231777054,28.538040007516837],[-96.14460692298233,28.538066690596906],[-96.14446041684049,28.537691503348317],[-96.14425514549006,28.537624006598563],[-96.14401697547896,28.5377982730528],[-96.14395766510604,28.538138622280737],[-96.14407893333079,28.538541242199752],[-96.14455064327097,28.53938063895493],[-96.14485988550759,28.53959748097819],[-96.14516211809803,28.53997363974709],[-96.14525216665896,28.54029897556967],[-96.14548005813333,28.540564542593227],[-96.14569777481489,28.54059354620329],[-96.14597414855079,28.540398107286656],[-96.14728274878958,28.541645172224154],[-96.14769126725234,28.541912472794873],[-96.14808202466271,28.542514194038073],[-96.14829520783817,28.542599120331875],[-96.14846472553023,28.54250663770234],[-96.14842858251575,28.542336006718017],[-96.14886010497803,28.54219652467286],[-96.14923610531253,28.541962825985866],[-96.1494788612878,28.541909741566965],[-96.14992527405398,28.542204349030712],[-96.15104043292419,28.54216898840887],[-96.15142694769366,28.542084160211804],[-96.15157229275196,28.541892949966957],[-96.15126297265606,28.541637614936764],[-96.15144588984033,28.5414024778811],[-96.15198395872879,28.541186469447503],[-96.1531349862127,28.54128905037049],[-96.15354112887661,28.541160125228895],[-96.15394877351055,28.54089402369165],[-96.1543767624412,28.540446307803478],[-96.15432208515571,28.540231440424726],[-96.15408895978784,28.53989969202403],[-96.15409664806018,28.539723510799842],[-96.1543415679263,28.539554919950962],[-96.15466497858326,28.539530073388498],[-96.1548351544171,28.540037338894695],[-96.15534523231646,28.540118252876002],[-96.15611528862378,28.539706410015267],[-96.15681933136322,28.539551246494263],[-96.15712445373758,28.539113141522325],[-96.15736397278033,28.538725977029955],[-96.15768828354601,28.538717635757962],[-96.15834023143064,28.53823856535175],[-96.15844810213835,28.538068886815797],[-96.15836216079725,28.537936285933228],[-96.1582502886604,28.537929777373037],[-96.15816446208514,28.537714642564016],[-96.15819781832789,28.537538914686547],[-96.15865847944475,28.537509298586084],[-96.15889122372063,28.537313154897696],[-96.15876973172197,28.536954567584765],[-96.15880897013308,28.536768001332433],[-96.1589654216092,28.536730477825735],[-96.15994474516621,28.537239028256632],[-96.16056326470755,28.537056394539324],[-96.16077507327525,28.537096560503603],[-96.16076019707744,28.536700649139142],[-96.16057479847117,28.536462534960922],[-96.16051446641333,28.536252973180964],[-96.16062161975762,28.536121799168317],[-96.16142312860113,28.53639726220776],[-96.16179742561779,28.536345414413884],[-96.16229099938639,28.536211204965124],[-96.16303642272287,28.53580993333293],[-96.1644759040992,28.535743419021262],[-96.16485843503618,28.53552054245724],[-96.16465334883719,28.535248135143213],[-96.16376210671848,28.534797312403704],[-96.16321454338203,28.53469947833534],[-96.1620527835767,28.534355253133104],[-96.16148181633308,28.534119505323613],[-96.1607144846529,28.533547267813947],[-96.16035964372298,28.533500345961052],[-96.15930837109222,28.532661553398075],[-96.15710655058207,28.531632527773283],[-96.15608741427977,28.5306505980558],[-96.15581760663049,28.53024138006171],[-96.1557093777406,28.52978382946651],[-96.15569603678195,28.529189542540475],[-96.15584921074563,28.52816156297245],[-96.15583620084018,28.52757829763725],[-96.15541486059445,28.526645221495535],[-96.15519313079903,28.52634098419037],[-96.1542915410467,28.525481260743874],[-96.15400058473331,28.525275345394196],[-96.15288284664955,28.524865322529248],[-96.15241364989026,28.52443833982369],[-96.15243296302747,28.524323051258577],[-96.1542517045074,28.525106602806535],[-96.15518686401666,28.525686048577427],[-96.15550717911202,28.52605691343655],[-96.15627945316855,28.527455314003603],[-96.1563570424647,28.52784075274619],[-96.15628547963753,28.528853012770437],[-96.15634393041157,28.52992630572003],[-96.15684504611146,28.53093162198291],[-96.15841246983597,28.531873207987342],[-96.16037314941138,28.532796143104164],[-96.16066320649544,28.53304606659194],[-96.16225597767932,28.533999023188443],[-96.16247285679795,28.53408883153848],[-96.1627917776028,28.53395893904417],[-96.16423701085294,28.53470174931004],[-96.1649382849213,28.534752349936028],[-96.1650629063168,28.534632350987888],[-96.16508106121489,28.53436673762695],[-96.16548182655046,28.53421559716885],[-96.16583079251974,28.534173963364637],[-96.16650167370165,28.53440450805444],[-96.16693930009411,28.534225957552724],[-96.16696932728576,28.533736499114685],[-96.16685476538235,28.53333960437754],[-96.16737051148496,28.533513832768328],[-96.16751463030161,28.533393400438023],[-96.16765364570158,28.53252522207517],[-96.16775469002947,28.53241034208052],[-96.16801964702105,28.53336407637516],[-96.16814215040634,28.53355761022059],[-96.16840380674009,28.533597905120235],[-96.16867348582957,28.533412854915596],[-96.16870245485609,28.532989402051182],[-96.16884561907017,28.5330123212138],[-96.16909119419616,28.532766351801317],[-96.16938106701382,28.533021744042117],[-96.16956798983317,28.533061461308964],[-96.16964842073408,28.532456639880916],[-96.16981789492507,28.532364479643352],[-96.16993539346224,28.532387311346024],[-96.16997095034272,28.531974705394664],[-96.17007934753995,28.531711170454933],[-96.17023627190528,28.53154160013481],[-96.1705587783885,28.531758753075184],[-96.17073243889453,28.531798415974993],[-96.17090318625921,28.53157390844467],[-96.1709078465619,28.531095370621188],[-96.17129254880385,28.531235342952463],[-96.17140896016231,28.531445200816076],[-96.17165192440994,28.531485622089992],[-96.17203699939301,28.53097670644573],[-96.17239554125226,28.53124859458712],[-96.17276690074654,28.530871651315593],[-96.17334629193145,28.530892015120173],[-96.17334190620421,28.53070482139824],[-96.17341332227979,28.530656167657828],[-96.17348590658861,28.53060671033785],[-96.1738651306366,28.53074720970669],[-96.17393694072575,28.530423042382708],[-96.17402451752564,28.53037413670756],[-96.17464749025079,28.53039476683942],[-96.17491764717954,28.530176720669758],[-96.17454757961953,28.529700889201877],[-96.1747453807311,28.529201412865866],[-96.17488745104434,28.529312667410974],[-96.17509324800284,28.529347124808595],[-96.17553903298953,28.529658462528843],[-96.17571364134528,28.52965414534152],[-96.17582092997824,28.52947859046493],[-96.17593340998536,28.529490253327616],[-96.17615258679635,28.529321542523466],[-96.17569252720843,28.528536947997377],[-96.17524462098443,28.52844011630586],[-96.1750290708006,28.52819629486994],[-96.17518637270149,28.528016063699532],[-96.17615664121743,28.528237420414452],[-96.17629706546919,28.528590716700634],[-96.1765243085632,28.52889473180977],[-96.17680373216372,28.529018071673423],[-96.17700930157163,28.52901917022381],[-96.17733776128931,28.528542901347702],[-96.17790460303081,28.528585222078156],[-96.17800007280368,28.528393468001187],[-96.17724934027298,28.52735385557769],[-96.177980295999,28.52782102111124],[-96.17822026790058,28.528158424264078],[-96.17851327191768,28.528132918091835],[-96.1790411027148,28.528356989727907],[-96.17927925201424,28.528220829832463],[-96.17937525260012,28.527875063600987],[-96.17934645193715,28.52765479890028],[-96.17952053692558,28.527683444909343],[-96.17969683811113,28.527475601255382],[-96.17983392333595,28.527454658631285],[-96.17990543486066,28.52715801056206],[-96.1789598954547,28.526281669052718],[-96.17911674798681,28.526172952130107],[-96.17950992621273,28.5261150792372],[-96.17960610245122,28.526545080331143],[-96.18029932772338,28.527061636188133],[-96.18054714600386,28.527156842740585],[-96.18076084918599,28.526987965354472],[-96.18093502533782,28.52699462500331],[-96.18114984059731,28.52667719363587],[-96.18151129721275,28.52673458087957],[-96.18184134951284,28.526076806407335],[-96.18182435370525,28.52587304892582],[-96.18162027466511,28.525673602980607],[-96.1814429553459,28.525347749643615],[-96.18111458671073,28.525081253372793],[-96.1810599090012,28.524965436109166],[-96.181129801027,28.52478977475455],[-96.18145885651411,28.524978913804617],[-96.18166870010575,28.5251898757206],[-96.18234434825014,28.52555767802323],[-96.18286069334926,28.525616333632158],[-96.18312339047209,28.525568935645197],[-96.18323608988844,28.52545405398645],[-96.18325654094838,28.52528892797389],[-96.18315876923273,28.525079289910078],[-96.18243456572515,28.524518490064317],[-96.18188688015053,28.523743987082142],[-96.18149243398095,28.52333414973717],[-96.18130875320499,28.522991583980783],[-96.1805449396675,28.522028604033757],[-96.18049005280531,28.521857767815753],[-96.18032858371164,28.521785111994504],[-96.18024408067038,28.52151467225888],[-96.18002610711501,28.521513573481187],[-96.18014165308595,28.52114534146489],[-96.18027251531429,28.521124202996837],[-96.18107676685331,28.521708103547002],[-96.18123485421596,28.521527539251586],[-96.18138434443851,28.521468114184866],[-96.18173974639703,28.52145963816109],[-96.18195009215408,28.521637279761652],[-96.18212515725045,28.5222216544208],[-96.18250828789108,28.522642487279334],[-96.1835087588335,28.522886367539748],[-96.18423187458501,28.523535516481193],[-96.1844803284056,28.523614228702723],[-96.18474841604912,28.523649189881727],[-96.18499187085965,28.523596033222837],[-96.18546737893632,28.52336284917235],[-96.1857292209113,28.52339761213238],[-96.1860454051241,28.52353751237144],[-96.18656302139355,28.52350265176221],[-96.18720585134393,28.523391803629472],[-96.18730154219912,28.523253714949448],[-96.18708543828583,28.522923229540286],[-96.18671854587517,28.522746040209263],[-96.18615559276054,28.522344180641593],[-96.18586012718553,28.52201198328285],[-96.1848109951293,28.52153694824012],[-96.18398087638529,28.520997004996815],[-96.18324304674692,28.520667229069705],[-96.18307000471228,28.520451189520298],[-96.18288801413345,28.51990509283966],[-96.1823451345403,28.519367658854566],[-96.18214871127392,28.518992054611598],[-96.18156589678362,28.516698643764137],[-96.18144831873556,28.51659878648508],[-96.1812034099634,28.51678943260354],[-96.18108687455832,28.516563062459163],[-96.18115594351507,28.515848189256186],[-96.18073736986342,28.515278420485807],[-96.1806157636916,28.514941864744387],[-96.1807687237268,28.514612594822196],[-96.18106564239625,28.514846157363557],[-96.18215282394702,28.516543459843373],[-96.18276359762329,28.517857362109556],[-96.18295066872042,28.51851362343441],[-96.1832517151787,28.5189615509051],[-96.183430556176,28.51918840524862],[-96.18382179694377,28.519339878273836],[-96.18419962514385,28.519595480029412],[-96.18471632866148,28.52032571823885],[-96.18477571999989,28.520601239136127],[-96.18489958201346,28.520739783481687],[-96.18513552546958,28.520779966336427],[-96.18515173521278,28.52110472738854],[-96.18534904828202,28.52133695991374],[-96.186305004278,28.521685050957633],[-96.18708315460023,28.52240049086188],[-96.18747638329641,28.52238109509307],[-96.187651754372,28.522256086358265],[-96.18758013074692,28.52197469442805],[-96.18731496821808,28.521664752140065],[-96.18746495017817,28.521572309545146],[-96.1876573355076,28.521651036672804],[-96.18823157339423,28.52230424948214],[-96.18913279415567,28.522558146364332],[-96.18953063979112,28.52259976961608],[-96.18998449889992,28.52236399500136],[-96.19028846250973,28.52215400491127],[-96.1903773230588,28.522011587884702],[-96.19029214273007,28.52181850596243],[-96.1903494157337,28.521686824589295],[-96.19138959694975,28.521710728342025],[-96.19185746714824,28.521653358304462],[-96.19224469867424,28.521507573009508],[-96.19249558851418,28.52132225788335],[-96.19278624401521,28.52089535243063],[-96.19300517012283,28.520792292997776],[-96.19338997381027,28.520949036158516],[-96.19474632353219,28.520529610745527],[-96.19476954790882,28.519990781934432],[-96.19502673967983,28.51984415916472],[-96.19531200860774,28.519917415412955],[-96.19540714054834,28.519753170363188],[-96.19512511683638,28.519294535197798],[-96.19467376634682,28.51890607428441],[-96.19429862907216,28.51835862766931],[-96.19442403818509,28.518216611887983],[-96.19464091647505,28.518366926323548],[-96.19509066114856,28.518898044375355],[-96.19577917747458,28.51931567910107],[-96.1957561137036,28.519106239875153],[-96.19538428278977,28.51879584284181],[-96.19511979223861,28.518447060559804],[-96.19517191774158,28.518227556005748],[-96.19548199997384,28.518383760353412],[-96.19577239681328,28.518666235955017],[-96.19596609857221,28.518590592914407],[-96.19636838192274,28.518235855221555],[-96.19670530001106,28.51880515910885],[-96.1969465389862,28.51901017228424],[-96.19733347968564,28.518991257761247],[-96.197474725202,28.51848040247706],[-96.19738554431551,28.518028616088912],[-96.19624381838051,28.516788187209308],[-96.19587310765174,28.516427957891906],[-96.1956134392553,28.51627740464756],[-96.19547241069414,28.51601797809471],[-96.19480339971898,28.51554007362263],[-96.19474808064386,28.5154407358236],[-96.1950426973213,28.51527220599287],[-96.19545238924881,28.51548988591168],[-96.19642348079856,28.51625029053104],[-96.19734026969353,28.516784865595447],[-96.1976172932504,28.51717181936186],[-96.1985645456439,28.517905029874036],[-96.1986905331612,28.51770766475339],[-96.19787232326266,28.516617986099753],[-96.19740806277716,28.516240837124858],[-96.19749624566704,28.516114908127225],[-96.19730156321596,28.515612818321664],[-96.19763791957115,28.515653590500424],[-96.19822105308536,28.516620617149744],[-96.1993774921531,28.517542031676374],[-96.1995647399657,28.51753221800356],[-96.19995477646536,28.517111393532375],[-96.20021155624373,28.516975415235162],[-96.2007228247267,28.5169626644317],[-96.20101287195457,28.516529878460727],[-96.2015824924228,28.51629742762965],[-96.2019965785213,28.51589865682778],[-96.20140094056333,28.514931594948465],[-96.20068902178548,28.51441527637636],[-96.20022610705232,28.513982823147487],[-96.20012312208544,28.513646499866258],[-96.19966565063118,28.513274743316604],[-96.19915080390312,28.5130181261741],[-96.19890958082544,28.51281276738667],[-96.19862794976954,28.512244123090177],[-96.19662568127181,28.511130013594585],[-96.19627272951756,28.510874851437343],[-96.19558091853027,28.510182377255706],[-96.1945713104963,28.509493000718813],[-96.19413099612568,28.509302953555203],[-96.19361218171413,28.508787612197573],[-96.19412752547407,28.50895072189035],[-96.19459789530612,28.509289561214228],[-96.1952375397322,28.509580202667543],[-96.19726348433969,28.51080472977181],[-96.19887338433564,28.51193791461544],[-96.199905361391,28.512231108696877],[-96.20029902893272,28.512118520234203],[-96.20062133664572,28.512280224999515],[-96.20104266369836,28.512519550426056],[-96.20148001099352,28.51308914012354],[-96.20166603255137,28.513211654797455],[-96.20169307770725,28.51297522328845],[-96.20147361190386,28.512429073102147],[-96.20179750805778,28.512409267877995],[-96.20235825467566,28.513150371279533],[-96.20295713683097,28.51377090059602],[-96.20320088237186,28.51362935191115],[-96.20287065602596,28.51302724465837],[-96.20306663841217,28.512671064901824],[-96.20336180515893,28.512387007690755],[-96.20368368864295,28.512681080365187],[-96.20389163693719,28.51306183671617],[-96.20365115396106,28.513462052292212],[-96.2038493633143,28.513611780385762],[-96.20413052446814,28.513509183736716],[-96.20470893821269,28.513612248371235],[-96.20482974235208,28.513387563264814],[-96.20425298948514,28.512415254148927],[-96.20424840944557,28.512151012716654],[-96.20470914317168,28.51223678775298],[-96.2048291088619,28.512094598686396],[-96.20464583066905,28.511658902305303],[-96.20483251418085,28.511704075923937],[-96.20503609953231,28.51193647145654],[-96.20533561555797,28.51258783727344],[-96.20538217572124,28.512873983105486],[-96.20552553124634,28.512891371702526],[-96.20564023092467,28.51268334455717],[-96.20614579224298,28.512515997493733],[-96.20457680959234,28.511047833699827],[-96.20407746210796,28.510450252093136],[-96.2031564643338,28.509662886308014],[-96.20082596247283,28.508238761950967],[-96.20037897306433,28.508059504820995],[-96.19982141095797,28.50772012529649],[-96.19916716424493,28.507022609920057],[-96.19939813289282,28.506908557449556],[-96.1996082693211,28.507152156430944],[-96.20028454766894,28.507481373136788],[-96.200598791457,28.507851925726413],[-96.20092065475224,28.50808514732849],[-96.20122613156244,28.508098143093868],[-96.20174082042382,28.50833857826148],[-96.20367795860902,28.509787622027662],[-96.2045075241826,28.509677500869998],[-96.20529913360467,28.50968278679297],[-96.20552493666416,28.50954138802978],[-96.2055451774448,28.509360093166386],[-96.20441875219694,28.508549330059186],[-96.2039872830155,28.507968959988794],[-96.20389442039532,28.507269487369207],[-96.20351026253125,28.506975579827465],[-96.20338149667461,28.506782218895182],[-96.20337201916674,28.50640265620222],[-96.20314875408279,28.50559263782466],[-96.20316956744455,28.50535634936725],[-96.20332736713605,28.50518126805038],[-96.204266336783,28.505341633368715],[-96.20444300585204,28.50510109767631],[-96.20447253172208,28.50463948957052],[-96.20480223134015,28.503965147488135],[-96.20507013025221,28.50398319757175],[-96.20543246243008,28.50451920372877],[-96.20701843196173,28.50558587386065],[-96.20747178266106,28.505781446707047],[-96.20803281997874,28.506373973935602],[-96.20827079437625,28.506925488588717],[-96.20862110802837,28.507450456901395],[-96.21049479854595,28.508992401843603],[-96.2108801024306,28.50917661528375],[-96.2112475597956,28.5091570728294],[-96.21159972845226,28.508747119179144],[-96.21230635187369,28.508493293711055],[-96.21218448808409,28.50814027332695],[-96.21127115107174,28.50719363280006],[-96.2112177814866,28.50690179061828],[-96.2117069639277,28.5072187654649],[-96.21208936811209,28.50769967071528],[-96.21241749320073,28.507872537213583],[-96.21258765704687,28.507658952872223],[-96.21251638364748,28.50730676070331],[-96.21254915878691,28.507103126842846],[-96.21287804453631,28.507276021881438],[-96.21283895678933,28.50677521733895],[-96.21246900936198,28.506354879536808],[-96.21156737398874,28.504055144070474],[-96.21113659703957,28.50343629505231],[-96.2105750634498,28.502876771884697],[-96.21002985949539,28.502499284365637],[-96.20972878976016,28.502029797765314],[-96.20969963027605,28.501837043548683],[-96.2102058238488,28.50235740930365],[-96.21063915483423,28.502607729887995],[-96.21132663560275,28.503151780854218],[-96.21190049545554,28.503754998450695],[-96.21284779186348,28.505092253199102],[-96.21323926786843,28.50584300325679],[-96.21367153416715,28.506990072776183],[-96.21400467414888,28.507294799789022],[-96.21444027087206,28.507385952202092],[-96.21478339550526,28.50731133035832],[-96.2150035748074,28.507092720615223],[-96.21521357221114,28.506533027963226],[-96.21586116392193,28.505850006045684],[-96.21604504935011,28.505543292289552],[-96.21591609039639,28.50527293433155],[-96.21566955663435,28.50502377870393],[-96.21562410761132,28.50450627937366],[-96.21519173833525,28.504129463338735],[-96.21503180252027,28.503875345604225],[-96.21510899888524,28.503650386943182],[-96.21530264551615,28.50351418076611],[-96.21544508621388,28.503636409230236],[-96.21583112500743,28.504386986654705],[-96.21617875539552,28.504477207687856],[-96.21618785150135,28.504119869770513],[-96.21579369071361,28.503660659483486],[-96.21564692188042,28.50336808193288],[-96.21515139293808,28.503034763615993],[-96.21466433215782,28.502481618478214],[-96.21465294101833,28.502393583809166],[-96.21487102094537,28.502350977076805],[-96.21461959194428,28.501865101170935],[-96.21458120510324,28.501326144384233],[-96.2152110626907,28.501203759419955],[-96.21542884903491,28.50124950896153],[-96.21572384505119,28.50167480447834],[-96.21602756791441,28.501814253743614],[-96.21668862068843,28.502478877356637],[-96.2170112733193,28.50259104030526],[-96.21749449512988,28.502132421876723],[-96.21757300701104,28.501731416298288],[-96.21714994997139,28.50093124818166],[-96.21684798583588,28.50054426637485],[-96.21658192680334,28.500377417613425],[-96.21654074547779,28.500239948048073],[-96.21644091595029,28.50000111893913],[-96.21642987853004,28.499615289468473],[-96.21660959327778,28.499508854212976],[-96.21682298962806,28.499600581402277],[-96.21717241775444,28.50008798097474],[-96.21749336854307,28.500239897142606],[-96.21758749480686,28.500284450319214],[-96.21766571479999,28.500239891338914],[-96.21798067175843,28.500060465719677],[-96.21800726974637,28.499956036160597],[-96.21762779730267,28.499439484371965],[-96.21657504681863,28.498838418351912],[-96.21637320813328,28.498560699096306],[-96.21536866796886,28.497679084337115],[-96.21347870280601,28.496280483660037],[-96.21311912757272,28.4961166456909],[-96.21248408259731,28.496010538159506],[-96.21242334629031,28.49584983896654],[-96.21344271323898,28.495739537044013],[-96.21370184734633,28.495924415743897],[-96.21407653760858,28.496341796220456],[-96.21431819004732,28.49645496824627],[-96.21447566376983,28.496368237714957],[-96.21424922924054,28.496062623942212],[-96.21413565058442,28.495697450520233],[-96.21422747496119,28.495395213980952],[-96.21430289285087,28.495357250801405],[-96.21501502812504,28.495320915595798],[-96.21574175617175,28.495532568247466],[-96.21608066632076,28.495828521733483],[-96.21648177992427,28.495722285964757],[-96.21658059460712,28.495784043295203],[-96.21663301402766,28.49606038547531],[-96.21680660215868,28.49616154132252],[-96.21704457860575,28.496086848901676],[-96.21734417693027,28.49566533919727],[-96.21766972104889,28.495580561642903],[-96.21779650824178,28.495421725494015],[-96.21845284874409,28.495803535369056],[-96.21885275055058,28.496254662411083],[-96.21908754264653,28.496383787380474],[-96.21921904553587,28.496385337876664],[-96.2192019428044,28.49626378474736],[-96.21869514452091,28.495899882707178],[-96.2185447976018,28.495518142141286],[-96.21821924461398,28.495117739763007],[-96.21819082932258,28.494946323659025],[-96.21825364022666,28.494891824718884],[-96.2183841577712,28.49495935419635],[-96.21859107548539,28.49528708221478],[-96.21885826350731,28.495383482579292],[-96.21915029438048,28.49507760925099],[-96.21995468212685,28.495091807563742],[-96.22005554346602,28.495059763164555],[-96.22025872394408,28.49479696606679],[-96.22047863774448,28.494705584051957],[-96.22080653997831,28.49492414129631],[-96.22095235083498,28.495201215610024],[-96.22155280592352,28.49553834125291],[-96.22200818516696,28.49598424618323],[-96.22225743677888,28.4960419252817],[-96.22239670441031,28.49592233625525],[-96.22200111593419,28.495642235798105],[-96.22195916137387,28.495498617745913],[-96.2220414232858,28.495444350134594],[-96.22251152109703,28.4957304556509],[-96.22264896264406,28.49569881254644],[-96.22302295414491,28.49532575175122],[-96.22341420564837,28.495050568777344],[-96.22428699011232,28.494662755326697],[-96.22465970978756,28.494363423935543],[-96.22489609267015,28.49398539101345],[-96.22490576020166,28.493753912073316],[-96.2248263696654,28.493631880810433],[-96.22446771963732,28.49336356993185],[-96.22430243945196,28.49308591608991],[-96.22379311724633,28.492909714345885],[-96.2236821860973,28.492798413439736],[-96.22327266799012,28.49261763255426],[-96.22300872331276,28.49229507186473],[-96.22213997376328,28.491910699413477],[-96.22141770640866,28.491826088493603],[-96.22034832770674,28.491903474181015],[-96.22366306881683,28.489492208611487],[-96.2269193656605,28.48701000305842],[-96.22651282450762,28.48902383848119],[-96.22646356545371,28.490346578437332],[-96.22652368305995,28.490970065848366],[-96.22710248305725,28.49201281709229],[-96.22740325870308,28.493322643157647],[-96.22750670211191,28.493467077541503],[-96.2276312736482,28.493506910176855],[-96.22775055048045,28.49350259049826],[-96.22792661266449,28.493377531021274],[-96.22838285966671,28.493355107032933],[-96.22913522997304,28.493142459759188],[-96.22927428786714,28.49302800156987],[-96.2292942907664,28.49291270634352],[-96.22929046602,28.492769209020647],[-96.22905713312792,28.49247990850687],[-96.22856800249951,28.492182584302135],[-96.22787211538383,28.49187771302512],[-96.22769376168046,28.491677398312834],[-96.22777622801294,28.491617638517994],[-96.22811840509121,28.491687382599284],[-96.22835420256193,28.49181101826815],[-96.22944287522817,28.49255027346827],[-96.2299299326281,28.492577230738785],[-96.23064512710297,28.492358990934093],[-96.23088575372982,28.492113467999868],[-96.23124214192525,28.492056387313554],[-96.23175377036658,28.49211160281014],[-96.23240492053317,28.49198048141223],[-96.23291510339729,28.491688357815228],[-96.2334272223162,28.491203364597993],[-96.23400587462993,28.490911897036924],[-96.23492146233154,28.490684487020484],[-96.23491641533393,28.490551950344816],[-96.23460354156515,28.490124119825815],[-96.23449800159854,28.49009552321708],[-96.2341952774802,28.49029620487885],[-96.23411506653066,28.49019616240989],[-96.23447651119098,28.489803281031616],[-96.23502501027681,28.489445236986782],[-96.23513411213527,28.489198515850934],[-96.23580368653094,28.48913360599229],[-96.2359109906899,28.489035707480614],[-96.23602253900789,28.489069998109446],[-96.23608262925195,28.489269163298623],[-96.23642507161102,28.4893719237515],[-96.2366718444858,28.489595233111842],[-96.2368519576251,28.48966871699342],[-96.23718887779448,28.489672251445416],[-96.23765259297608,28.48955613069819],[-96.2385095831881,28.48900855828277],[-96.23943464033698,28.48900758943164],[-96.23988514641071,28.488863639834566],[-96.24060895749871,28.488419330615802],[-96.24110358345581,28.488369447068283],[-96.24189440172779,28.488025138662916],[-96.24208447926758,28.487817637019116],[-96.24213255538938,28.48747657682882],[-96.24227941681404,28.48721896359385],[-96.24242305265825,28.487187477702836],[-96.24252182646546,28.487271240406166],[-96.24295708707533,28.48690117220379],[-96.24379066267967,28.486700486144496],[-96.24401453709775,28.486769076449395],[-96.24406134029957,28.48699019812103],[-96.24416842885572,28.48695832090858],[-96.24422108576589,28.48672159950283],[-96.24437220007894,28.486596475408707],[-96.24563102683283,28.486307037198202],[-96.24621428894743,28.486076502756323],[-96.24715246669328,28.485948718093393],[-96.24743500074956,28.48578625383526],[-96.24787715566617,28.485377870249724],[-96.24836516894858,28.485256239531815],[-96.24963937131221,28.484685609422154],[-96.24998774943515,28.484286796159573],[-96.25024672783805,28.484120054837383],[-96.2504666088292,28.48464905467342],[-96.25108076813886,28.484322809423578],[-96.25168555814514,28.48420017500685],[-96.25224025889723,28.484187489598664],[-96.25286892236103,28.483602393960904],[-96.25363452100355,28.483651673262468],[-96.25381210052664,28.483322388648773],[-96.25391745345375,28.482661870477667],[-96.25410259113629,28.482194931700402],[-96.25425971102689,28.482014257162337],[-96.25442751081256,28.48204298486468],[-96.25484226199838,28.48233214670138],[-96.25491985534977,28.482685167640533],[-96.25511158047497,28.48286280803417],[-96.25536136607595,28.482864395925233],[-96.25558962477942,28.48277790728036],[-96.25621886168634,28.482401643321897],[-96.25622842907106,28.48196659389106],[-96.2559823752966,28.481601670983892],[-96.2554456868116,28.48101973012435],[-96.25486673066322,28.48095538517135],[-96.25442824217514,28.480533834295038],[-96.25392428068501,28.480503014880206],[-96.25420102514683,28.48018527905927],[-96.25404011072222,28.480057718932546],[-96.25335044212054,28.47985460592266],[-96.25303459715585,28.479687365009497],[-96.25267130522825,28.47917246238078],[-96.25251438649624,28.478593201206564],[-96.25200628253053,28.47824282332994],[-96.25200125347935,28.478088626711795],[-96.25218239813442,28.478073390946395],[-96.25266483504234,28.478423705159685],[-96.253192530972,28.479423874912232],[-96.25335253941621,28.479595745781875],[-96.25360689441439,28.479702005269072],[-96.25414856181384,28.479744264167937],[-96.25520530914807,28.47932182989985],[-96.25603967938792,28.479321900885815],[-96.25625311739866,28.479174555314824],[-96.25629788514827,28.479020815851637],[-96.2564557128837,28.478862173798245],[-96.25707039312874,28.479091916000836],[-96.25741689123865,28.47929271756756],[-96.25771912248577,28.479674451264746],[-96.25807880171955,28.47989730580779],[-96.2585825221261,28.480016135017785],[-96.25933743498545,28.480549539358222],[-96.25977844562016,28.48076208408168],[-96.26021972160692,28.480885927601477],[-96.26094803372945,28.48097324719346],[-96.26127823501551,28.480947985354682],[-96.26222089553649,28.48062110505752],[-96.26304702297371,28.480303878685802],[-96.26324274658425,28.480008145109892],[-96.26418316467716,28.479347666884813],[-96.26516382828729,28.479062145355783],[-96.26587225081188,28.47924306208027],[-96.26653146844168,28.478751671014784],[-96.26673712949561,28.478664932593208],[-96.26719815180725,28.478678939901172],[-96.2674359796498,28.478564972406165],[-96.26808285704843,28.47796865584519],[-96.26843825282292,28.477976451888896],[-96.26870492940678,28.47806617639069],[-96.26895506322558,28.477996570471507],[-96.26940547382122,28.477756849475433],[-96.26947486130504,28.477630993490646],[-96.26941506232856,28.477360685491295],[-96.26971623250806,28.477136819229916],[-96.2700568075498,28.476632519091496],[-96.27128206512184,28.476155813081718],[-96.2721356671829,28.47571799873498],[-96.27265882636047,28.475459708634347],[-96.27383032274133,28.47469633346361],[-96.27394870724675,28.474653075404486],[-96.27427161324876,28.474737610498085],[-96.27442880438167,28.47465594438462],[-96.27471206999341,28.47426683906628],[-96.27524986432313,28.474000472152795],[-96.275401594543,28.4737756011744],[-96.27535750605236,28.473070432903413],[-96.27485629879239,28.472659815766097],[-96.27462577022806,28.472664007490405],[-96.27347063052022,28.472976059000032],[-96.27336556603478,28.472914836406517],[-96.27340420557304,28.472716897874403],[-96.27418543611856,28.472474216155035],[-96.2744796229051,28.472310671537908],[-96.2746427456676,28.472113317029763],[-96.27457027964114,28.471848799472323],[-96.2743231643071,28.471654434507997],[-96.27306304810142,28.471123682453012],[-96.27279262738038,28.470681746099327],[-96.27245805718204,28.470454163354713],[-96.27238405257211,28.470332324577022],[-96.27248188842248,28.469887185614038],[-96.27240950652934,28.469600339787036],[-96.27222453626078,28.469368241476964],[-96.27227570733345,28.469208842385513],[-96.27240688707212,28.46911576989358],[-96.27247747504077,28.468896063853688],[-96.27246108006953,28.468609852199478],[-96.27263340603477,28.468170689101562],[-96.27279026017388,28.467995509020064],[-96.27301491107139,28.46800216384315],[-96.2732667684483,28.468399880357108],[-96.2736313337782,28.468760036964056],[-96.27420792000582,28.469049799371327],[-96.27429367743552,28.469209808496476],[-96.2742113161953,28.46939099258491],[-96.27501064285896,28.4699022464724],[-96.27522872935525,28.469898029759648],[-96.27519328016943,28.469683105406983],[-96.27526361246126,28.469490925861137],[-96.27503561274231,28.4691207262863],[-96.27613717534982,28.46927574459853],[-96.27673820472656,28.469598877520234],[-96.27697935049893,28.469848070020213],[-96.27723625173101,28.47040034394009],[-96.27758820062388,28.470765610312913],[-96.27775950445611,28.471174351608468],[-96.27771195573263,28.471586933969665],[-96.2774238088336,28.471838373935533],[-96.27725543106234,28.4718870329019],[-96.27708737121512,28.47180366243202],[-96.27658253576055,28.471816906044424],[-96.27640781136807,28.471909388958625],[-96.27622378357194,28.472288374694514],[-96.27607933907669,28.47240307210267],[-96.27602199611614,28.472540627647483],[-96.27646724394164,28.47301114016566],[-96.27683437096235,28.473057406969936],[-96.27718412776197,28.472905465168918],[-96.27756441724986,28.472913271027696],[-96.27848912352741,28.47256101349195],[-96.27919767417457,28.472758019930865],[-96.27961281492756,28.47229785193673],[-96.2799060534476,28.4721786098402],[-96.28018896050182,28.47192152841445],[-96.28050440263152,28.47142195543381],[-96.28184764895995,28.470168781146885],[-96.28242938834407,28.469891277991426],[-96.28292727764823,28.469916303449516],[-96.2830659241912,28.46970790035163],[-96.28329692998224,28.46967072544755],[-96.28351030539531,28.469440446170587],[-96.28356827622204,28.469203877767885],[-96.28372564975523,28.46897333320431],[-96.28388266455366,28.46887549683142],[-96.2841864206535,28.468992787398726],[-96.28439888487537,28.46897191157403],[-96.28468910451518,28.468500110783],[-96.28503690171243,28.46858465870143],[-96.28542572765608,28.468283903158063],[-96.28598139727985,28.46807784375632],[-96.2863638236602,28.46776075638325],[-96.28662842023246,28.46743160107675],[-96.28730369038931,28.467149293132366],[-96.28800507453745,28.466690649627914],[-96.28842961701861,28.466494815955194],[-96.28858476121154,28.46648561115576],[-96.28912751017573,28.46641637349723],[-96.28938418176534,28.46629670602609],[-96.29018430851384,28.466213907624844],[-96.2903197570078,28.46614859537953],[-96.29032232724087,28.465812380965538],[-96.29020664353997,28.465475451251667],[-96.28984372650511,28.464988183479075],[-96.29016931198437,28.464753301632122],[-96.29074463778898,28.465159493416518],[-96.29134970386167,28.465108210157524],[-96.29221175976973,28.46478323738896],[-96.29261858931433,28.464499531050087],[-96.29405777374132,28.462944754685054],[-96.2945333506747,28.462694694908464],[-96.29567531154305,28.462416798090466],[-96.29658947615232,28.461823398001382],[-96.29693935608881,28.461666264115166],[-96.29719499038494,28.46163526353467],[-96.29824351278015,28.46063561876974],[-96.30086968570576,28.45937942905143],[-96.30210898013856,28.458685183692086],[-96.30320155440856,28.45758776246026],[-96.30373997953029,28.45719577608078],[-96.30425629333673,28.456523255458883],[-96.30497378647223,28.456036149638514],[-96.30572034422717,28.455747913459007],[-96.30700208840328,28.45508102314569],[-96.3080006933665,28.4547637321336],[-96.30851330300673,28.454519860589304],[-96.30898893932648,28.45418241524166],[-96.30952862498856,28.453735428183155],[-96.30981096328927,28.45340707405056],[-96.3102463805126,28.452711872465393],[-96.31106448463625,28.451666857314965],[-96.31179746771144,28.4511275486342],[-96.31242868971201,28.45079085721256],[-96.31288445069902,28.450650876318235],[-96.3132972723631,28.450411633486947],[-96.31408340355517,28.45019706800286],[-96.31491076965442,28.449526051956962],[-96.3161425395064,28.44881908733005],[-96.31826722343114,28.447122534353262],[-96.3190370406288,28.446615891719116],[-96.32011498943915,28.445775807538173],[-96.32076377263915,28.444905599918457],[-96.32110893966541,28.444539540723515],[-96.32133233932032,28.444408799317348],[-96.32247428375845,28.44358575971346],[-96.32466975754241,28.44167560673511],[-96.32636464670645,28.44072971042395],[-96.3282646395157,28.439873325920946],[-96.32879019971551,28.439508367089303],[-96.33179320827439,28.438593009533143],[-96.33274680659247,28.438390437263173],[-96.33476910750596,28.437798854800068],[-96.33509909436663,28.437795404129012],[-96.33509575772685,28.437509571180986],[-96.3347256090103,28.437066919136907],[-96.33457902234188,28.436741510414787],[-96.33411764324904,28.436117058884115],[-96.33234202205745,28.434873563154948],[-96.33186266107441,28.434210413163026],[-96.33174729263769,28.43384121295266],[-96.33204671216083,28.43376054053813],[-96.33249378604602,28.43393380530321],[-96.33292298849902,28.43400270181586],[-96.33335931988996,28.43394287963634],[-96.3269500889748,28.428104905943542],[-96.32430813656687,28.42767253218585],[-96.32151959398695,28.425004324467732],[-96.32871727021885,28.42375815877659],[-96.32902302229515,28.424069314722185],[-96.32941299569673,28.426270583829584],[-96.33635585709008,28.43292443374639],[-96.3368456260474,28.433120918225963],[-96.33687200896082,28.432955957553084],[-96.33714292300061,28.432616923570052],[-96.33758919616793,28.43250070549833],[-96.33797766654178,28.432512277821182],[-96.3387531510954,28.432786892452878],[-96.33985487419564,28.432783205614342],[-96.34083716391618,28.43289430720511],[-96.34146036233584,28.43278830442153],[-96.34169847212229,28.432619530191825],[-96.34195094024913,28.432252449960966],[-96.34214349927463,28.431593739472124],[-96.3424190409963,28.431381017181902],[-96.34307880682425,28.43062624244822],[-96.34344409501406,28.430133488351103],[-96.34349636433019,28.4298365523909],[-96.34397375026893,28.429278626046223],[-96.34432434559338,28.42905535998692],[-96.34470208776716,28.428540952775933],[-96.34483589242753,28.428206164575194],[-96.34560049117232,28.427518014573188],[-96.34562778789721,28.427265065016588],[-96.34576617260146,28.42707895247712],[-96.34637121475481,28.426874069828354],[-96.34663379286742,28.426716299609502],[-96.34697321992208,28.426311515919487],[-96.34714403870194,28.4260266117548],[-96.34719618523755,28.42569117623453],[-96.34737066115545,28.425642935600447],[-96.34754358433048,28.42507170645284],[-96.34791643899634,28.425107290045062],[-96.34812392399559,28.424861278162794],[-96.34832940104059,28.424879285397196],[-96.34862910627858,28.42470539777795],[-96.35017469133906,28.423659622586232],[-96.35065831862684,28.423057866183694],[-96.35071666105492,28.42272258250116],[-96.35084797756065,28.422663141353137],[-96.35094331976279,28.422399781361072],[-96.35120722684512,28.42214303117793],[-96.35147440154263,28.422111915581958],[-96.35152604982694,28.421936347146044],[-96.35134134774022,28.421715068915177],[-96.35088275510701,28.421475184815005],[-96.35030823792738,28.420942744467094],[-96.35021089310543,28.420694430124417],[-96.35032388415607,28.42056326395426],[-96.3514038087026,28.420912306781506],[-96.35172528314237,28.42107395048724],[-96.35206485332688,28.421439680628886],[-96.35225126041018,28.421468117332722],[-96.35308620262329,28.421292558533015],[-96.35338626503196,28.42112968726678],[-96.35230321586097,28.41966967089308],[-96.35237798847504,28.41960409103019],[-96.35286246581768,28.419712021798208],[-96.35306179014583,28.41968614897073],[-96.35364425574454,28.420003891109864],[-96.3540033221617,28.419987963881585],[-96.3541359978459,28.419957990958782],[-96.35433438911434,28.42001977299557],[-96.35452862291147,28.41990024870226],[-96.35452345939004,28.419746062486254],[-96.35468651984854,28.419543816218905],[-96.35471378372584,28.419290851991384],[-96.35482034686429,28.41916501085674],[-96.35507344084165,28.41940889563358],[-96.3553035351665,28.419454760990202],[-96.35548779899214,28.418911359957278],[-96.35572564735294,28.41874805604399],[-96.35616009551413,28.418905033127597],[-96.3563778875324,28.418862876875444],[-96.35645421668521,28.418692471320295],[-96.35618982583152,28.41833342945283],[-96.35600811769969,28.41763328197966],[-96.355842769368,28.41735169998177],[-96.35518833404265,28.416709018398937],[-96.35533262669027,28.416572236553456],[-96.35574705477654,28.416828359612307],[-96.3566659296664,28.41789095959555],[-96.35704336193146,28.418179708850754],[-96.35820989941182,28.41778644351161],[-96.35861454174452,28.417739730037166],[-96.35895195050806,28.417555221228707],[-96.35968675978606,28.416658129364823],[-96.3599862868136,28.416572246046854],[-96.36030596086188,28.41629955765281],[-96.36066427086682,28.41582340086101],[-96.3608449584293,28.415774992222243],[-96.3611833382368,28.415458475368016],[-96.3620441543638,28.41441338909887],[-96.36328412997231,28.413420873927663],[-96.36422856244234,28.41280521521164],[-96.36536889219668,28.41185585313305],[-96.36619184942285,28.410864998300283],[-96.36643146605931,28.410421163208206],[-96.3667327455928,28.410098417857107],[-96.36698210618904,28.410001105400568],[-96.36720776473199,28.409787918447808],[-96.36744628423708,28.409541744467603],[-96.36756023614012,28.409278562585254],[-96.3681791132519,28.408968790783575],[-96.36925145202797,28.40867860118722],[-96.3701385879762,28.408077511030537],[-96.37328339351983,28.405534783675645],[-96.37393601130432,28.404856682189692],[-96.37444712946271,28.403924515876874],[-96.37440345929751,28.403126611828664],[-96.37379753425927,28.40251774506427],[-96.37370677422341,28.40223698629174],[-96.37377098536784,28.401951385975917],[-96.3736914801608,28.401703278344634],[-96.37315292374382,28.401397542793642],[-96.37264298182231,28.40132850168246],[-96.37186661289319,28.401081591224315],[-96.37134036238668,28.400759369141596],[-96.37011709558341,28.400399833745976],[-96.36998092052448,28.400233946827274],[-96.3702058209754,28.40010327355742],[-96.37128237669589,28.40015977602316],[-96.37156929504141,28.400035002301454],[-96.37155226426316,28.399864317204557],[-96.37172738599462,28.399733552644246],[-96.37203272244231,28.399636471626412],[-96.37231674082504,28.39910485353397],[-96.37256070164558,28.398963703188755],[-96.37289019276434,28.39894915434145],[-96.37312812973568,28.398801984148832],[-96.37372388041261,28.398167941895636],[-96.37414216846365,28.39804420767207],[-96.37470802336931,28.398009287175835],[-96.37508290606928,28.39758653245749],[-96.37559887819113,28.397217705332345],[-96.37588891790693,28.396880865807205],[-96.37610591337553,28.39675303553069],[-96.3764419950776,28.396707352059284],[-96.37692618233764,28.396441088171287],[-96.37708718426039,28.39643524762003],[-96.37725617128554,28.395669063620765],[-96.38714273738749,28.395874881510846],[-96.40531724300887,28.396154603421433],[-96.40550546512823,28.396950890522994],[-96.40546084142841,28.39763966468112],[-96.40575349901766,28.398419580399644],[-96.40580604061319,28.398854290909778],[-96.40605778807856,28.39922181212188],[-96.40638372229401,28.399529675210125],[-96.40736226543993,28.4008549060387],[-96.40664685988011,28.401211849723413],[-96.40646131033516,28.40139426029294],[-96.4062872280939,28.401433995761032],[-96.40613344091163,28.40172631226288],[-96.40585474265549,28.40190434746744],[-96.40571947549671,28.402158017827276],[-96.40542153039873,28.402352349324136],[-96.40531179629964,28.40269441031683],[-96.40503820486346,28.402712045319998],[-96.40459867233315,28.40305600893866],[-96.40464487928475,28.403408043273135],[-96.4045102795742,28.403750066822344],[-96.4037642529845,28.404882617483104],[-96.40357399531636,28.405236113996427],[-96.40352068238212,28.405588383586434],[-96.40304318575764,28.40594916343375],[-96.40253778088967,28.406711403383838],[-96.4023927254137,28.407295880097013],[-96.40246296441401,28.408022849591386],[-96.40233175347073,28.410109706376385],[-96.40206746746159,28.410551867786605],[-96.40215761421521,28.41093678703159],[-96.40213423275834,28.411256232793107],[-96.40165272965163,28.412745652347677],[-96.40172796103472,28.413686785241392],[-96.40169422638778,28.41420465272669],[-96.40133862298272,28.4151647534688],[-96.40135272560052,28.415395871059456],[-96.40148612084143,28.415703630291393],[-96.40140230203572,28.416293300226318],[-96.40159749932363,28.416507244262117],[-96.40204203654277,28.417749499450768],[-96.40226786813177,28.41803995387118],[-96.40270042517633,28.418313298665012],[-96.4041362581146,28.41961070288382],[-96.40477525120465,28.420004086313362],[-96.40532209080605,28.420683990657047],[-96.40596117063679,28.421181893779146],[-96.4063696710468,28.42175262235068],[-96.40684257638036,28.422119656943586],[-96.40671163778751,28.422634888201397],[-96.406355762331,28.424156112171737],[-96.40579438896609,28.426058208719184],[-96.40553527246108,28.426064109700523],[-96.40519833029711,28.425961302278008],[-96.40511074965592,28.42599489404144],[-96.4048814132753,28.426161277261386],[-96.40440859489262,28.426306960215204],[-96.404185522711,28.426578051927546],[-96.40386905379717,28.42674504362173],[-96.40383195445878,28.426844387532526],[-96.40357130004746,28.427016405832667],[-96.40261057252829,28.426911225097665],[-96.40134699759855,28.427110592861595],[-96.40119158953917,28.427254686912327],[-96.40126739967504,28.427435983859457],[-96.4018602045075,28.427477012423786],[-96.4018855528147,28.427570591906164],[-96.40153214912308,28.427875077418427],[-96.40121700204841,28.428345006819328],[-96.40121264010715,28.428570784355227],[-96.40133858646831,28.428784811219064],[-96.40130809845584,28.428895346293036],[-96.40095300720098,28.42896872244906],[-96.40052231380471,28.428855318532786],[-96.40019217744155,28.428906383939548],[-96.39997673426424,28.42928769901209],[-96.40001490953969,28.429392304858684],[-96.40020228728487,28.42950115360311],[-96.40015296969615,28.42957332149338],[-96.39938170610695,28.429753416054428],[-96.39955719708794,28.429994994273837],[-96.39983780282763,28.43006490895564],[-96.39989861757913,28.430719925292635],[-96.40016122218269,28.430856384442794],[-96.40015830267598,28.431445610727312],[-96.40025916626576,28.431665481392674],[-96.40014254375679,28.43189730926022],[-96.40015778277176,28.432288328967083],[-96.40002108929706,28.432388253206263],[-96.400015682067,28.432492973375577],[-96.40013509876559,28.432673800477964],[-96.40011967048737,28.433158516489787],[-96.39997741904251,28.433346639101998],[-96.39958043427924,28.433629608283574],[-96.3995166302356,28.434373191744783],[-96.39893706836123,28.43443671282367],[-96.39866394659879,28.434587048178884],[-96.39829703381831,28.434621927858167],[-96.39794964256464,28.434888082600292],[-96.39781405402643,28.435191597812484],[-96.39787899360479,28.435648682330296],[-96.39797350892182,28.435807831929264],[-96.39810491644879,28.435873126904365],[-96.39824817134064,28.435828068161147],[-96.39840272424533,28.43557979195426],[-96.39856973400663,28.435501703913815],[-96.39918779747703,28.435619460532486],[-96.3993445263474,28.435800311570247],[-96.39931542659495,28.436042917431955],[-96.39885031478164,28.437022372003934],[-96.39871256746628,28.4373786392097],[-96.39797111864046,28.43833525747581],[-96.39750533368894,28.438541633272987],[-96.39712056496083,28.438808077912636],[-96.39703438775497,28.438951751598154],[-96.3969387028908,28.43952492849148],[-96.39662326556186,28.439895482714196],[-96.39672210382204,28.44074309481532],[-96.39667994094978,28.44100183764531],[-96.39676382678049,28.4424060436685],[-96.39820687224372,28.4439784558411],[-96.40252357065758,28.442720815860064],[-96.40267766601603,28.442910534229203],[-96.40272901901567,28.443229015615962],[-96.40241922127858,28.444551136066703],[-96.40214356363738,28.444727195454856],[-96.40225976618166,28.44489007080868],[-96.40229629137104,28.445103947539415],[-96.4021327193697,28.4460650941657],[-96.4024859760685,28.446977757398333],[-96.40270992924962,28.447215554255607],[-96.40277719743455,28.447417939131817],[-96.40268748318253,28.447573880513914],[-96.40272797641643,28.44772149742765],[-96.40302488190954,28.448112336199934],[-96.4028137770834,28.448650607786973],[-96.40288313162003,28.44892419831872],[-96.4034111658311,28.449732085418766],[-96.40476418666964,28.451909162390525],[-96.40510830008009,28.452733544455857],[-96.40590354954298,28.453625814803825],[-96.4072966284797,28.45546936439549],[-96.40769558843479,28.45573072426453],[-96.40787303465616,28.45611262606997],[-96.40833625436527,28.456659481706193],[-96.40890635211986,28.45753981105388],[-96.4092393966092,28.457880092400455],[-96.41003182048905,28.45842567852521],[-96.41023769337329,28.45866947933166],[-96.41185684862664,28.460868092135055],[-96.41248109469447,28.461417785339687],[-96.4133707996186,28.461879477851287],[-96.41387883329811,28.46224434076876],[-96.41396518613773,28.46247992885836],[-96.41415687067908,28.462685483365448],[-96.41501234729391,28.46327514032433],[-96.41635015595733,28.46474395607634],[-96.41760049417388,28.465453465765425],[-96.41790026509355,28.465491934989835],[-96.41805557712732,28.465202020267675],[-96.41806136911222,28.46491507620173],[-96.41760302634971,28.46448805646327],[-96.41756855224416,28.464345084881018],[-96.41758035689037,28.464063799751244],[-96.417913374934,28.463125336501026],[-96.41784662223951,28.462950143422358],[-96.41735565586582,28.462457539546737],[-96.41675992965484,28.462320239342915],[-96.41613467238348,28.461968573927944],[-96.41599170132835,28.46170660486381],[-96.41596502745321,28.461392976432666],[-96.41557631623091,28.460529517016827],[-96.41562897942174,28.45961916957402],[-96.4159100611684,28.458120511613107],[-96.41606117267548,28.45792469842308],[-96.41640285760076,28.457879418206144],[-96.41701231695616,28.457575980245668],[-96.4173774099656,28.45646204286076],[-96.41750295878913,28.455771419237138],[-96.41775125664157,28.455491732958844],[-96.41777623708,28.45525451882949],[-96.41789293638156,28.455169806749407],[-96.41840334054189,28.45514891693659],[-96.41864993397236,28.455535205129095],[-96.41894413681867,28.455643435801534],[-96.41886592968797,28.455971144700296],[-96.41900829408655,28.45642011678736],[-96.41923924144014,28.456702093560033],[-96.41901801136478,28.45730643039428],[-96.41906943235323,28.457624915033673],[-96.41937338890163,28.45805992626418],[-96.4198216131226,28.458315772312215],[-96.41988063572018,28.458447070161714],[-96.4198247885206,28.458954718692286],[-96.41994538788173,28.459040670520423],[-96.4199540331689,28.45914509804359],[-96.41980126823455,28.459258321303906],[-96.41981012115549,28.45935726030483],[-96.4205565995667,28.46009813707331],[-96.42065712088726,28.460371958407123],[-96.42072730130278,28.461478692659412],[-96.42093293635209,28.462285331692605],[-96.42090772597331,28.462528379069504],[-96.42053398746516,28.46302593347104],[-96.42050149847312,28.46351188526712],[-96.41986387009932,28.464737399053636],[-96.4198802191455,28.464908048637195],[-96.42026133688097,28.46546903498723],[-96.42029868357555,28.46600338525217],[-96.4199920051169,28.46621849600792],[-96.41971920007094,28.46627365522737],[-96.41956891260327,28.465421488749268],[-96.41948969681647,28.46524629246975],[-96.41938984873674,28.4652317537142],[-96.41918574147458,28.465301932420797],[-96.41880729504253,28.46562879324207],[-96.41859054640011,28.465704800250567],[-96.41809871939353,28.465427435705845],[-96.41799445968307,28.4655121316625],[-96.41793675361355,28.465757905541338],[-96.41789133593164,28.46644099555868],[-96.41805982349902,28.46670778782819],[-96.41864599980183,28.467022242310335],[-96.4189864182758,28.46744040774823],[-96.41988612992627,28.467864695206103],[-96.42046913260403,28.468245239042474],[-96.42105472636501,28.46876904748905],[-96.42183703358026,28.46921214483163],[-96.42219278163536,28.46950868281821],[-96.42347580963748,28.47081941325098],[-96.42428039880856,28.471399631246094],[-96.42469637493078,28.472158269553173],[-96.42555056108958,28.472958238083734],[-96.4264167400426,28.473515105665122],[-96.42689346668791,28.473930567416488],[-96.42753771838898,28.474298892020254],[-96.42854695416656,28.47507331453874],[-96.4296187816521,28.47560437051182],[-96.42993300305525,28.4759952876726],[-96.43032658031092,28.47628015385325],[-96.43086818893775,28.4765176216474],[-96.43225409792834,28.47742272378367],[-96.43307133216625,28.477721627981406],[-96.43360053724656,28.478494098709046],[-96.43481731311599,28.47960100349733],[-96.43660416003108,28.480527249532077],[-96.43715764027593,28.481017195473548],[-96.43813612795836,28.4815279924105],[-96.43867768156294,28.482283950292505],[-96.4389298968053,28.482411416863428],[-96.43944221583583,28.48298603010082],[-96.44040144413482,28.483728683946783],[-96.44087567240625,28.484001013080253],[-96.44123891797173,28.48433036641349],[-96.44149605537005,28.48440813128305],[-96.44197199186586,28.484741342969723],[-96.44273979880413,28.48533314418925],[-96.44374735892784,28.486268318534353],[-96.44436244792956,28.48671445646565],[-96.44502042313987,28.487115391757882],[-96.44568522799075,28.48728512805221],[-96.44644346308229,28.48771191761195],[-96.44836092925699,28.48918711754546],[-96.44947031977385,28.490214523900452],[-96.45002221824664,28.490386188295815],[-96.45123100589814,28.491141313125404],[-96.45190810049876,28.49133816798181],[-96.45245792334084,28.491653149897463],[-96.45335106920567,28.49198915174946],[-96.4535298376542,28.492190190380697],[-96.4537216668672,28.492654948466342],[-96.45429454818844,28.493151787890884],[-96.45466764213111,28.4933816667694],[-96.45539707347551,28.493660090882337],[-96.45621299152363,28.494432963233965],[-96.45744369311535,28.495306800795117],[-96.45987797624348,28.496974614564557],[-96.46076498392958,28.49730970249633],[-96.46250682588497,28.498636365225327],[-96.46304298599537,28.49887904727771],[-96.46339386928251,28.49892743786388],[-96.46377992512839,28.49940452197102],[-96.46411101429902,28.499398000540683],[-96.4644626634159,28.499490056335837],[-96.46578035013265,28.500239516175114],[-96.4663836487781,28.500707549617033],[-96.46772587091027,28.50156872337956],[-96.4697431957971,28.50231746700382],[-96.47057478951113,28.502940792248328],[-96.47095908849752,28.50314274161608],[-96.47411613126891,28.503936086601318],[-96.4746258572255,28.504157684703507],[-96.47491144094593,28.504356189808423],[-96.47509845593086,28.504633388970632],[-96.47551394698593,28.504812823652816],[-96.47569359474112,28.50501315363409],[-96.4759740335094,28.505029945422915],[-96.47615234620564,28.505180731639477],[-96.47651524581215,28.50576337357848],[-96.47783660764787,28.506558847869375],[-96.47829244630644,28.50711212223393],[-96.47867018773368,28.50725921464037],[-96.47932729538189,28.50764892010491],[-96.47976858867277,28.508108595368252],[-96.48067384376571,28.508460218139017],[-96.4810624135851,28.50880529205959],[-96.48156702114987,28.508823180298645],[-96.48229352737094,28.509496873715452],[-96.48300048328521,28.510078707114534],[-96.48374746408295,28.510328929610207],[-96.48458941433182,28.511399308809406],[-96.48455885677184,28.51158526943989],[-96.48465300990895,28.51186984606016],[-96.48502254096935,28.51218205522487],[-96.48558634565987,28.512308864234335],[-96.4857386935398,28.51220652784729],[-96.48628059873649,28.512465423148413],[-96.48681106363816,28.512741903865606],[-96.48730054498255,28.513117962547934],[-96.48773732845935,28.513836056942466],[-96.48831975345973,28.514204754256298],[-96.48920011835516,28.515211649753034],[-96.48975492145205,28.515481569189255],[-96.49060212324328,28.515740032535184],[-96.49181995443585,28.5165637746248],[-96.49266749970911,28.517488598961023],[-96.49362565660735,28.51793202344044],[-96.49452473600442,28.518679467759732],[-96.49545483700103,28.519233486724815],[-96.49611050703942,28.51975479469937],[-96.49654136742781,28.51979016062768],[-96.49691862839467,28.51993097419163],[-96.49797851449232,28.52042740310351],[-96.49895269904822,28.52096955628656],[-96.4991000860647,28.521115323517645],[-96.4996353315313,28.521324833771576],[-96.50025378274913,28.521392524689812],[-96.50065365714333,28.521436346685796],[-96.50078485447744,28.521578553565934],[-96.50148708483042,28.521777203912414],[-96.50200923844109,28.522066605727233],[-96.50269148204092,28.522611489337244],[-96.50371252263861,28.524091192973806],[-96.5051375476437,28.524984519352635],[-96.50599093057357,28.52572887920898],[-96.50665400055172,28.52659209900499],[-96.50907965996355,28.528055375968517],[-96.5102699707357,28.5295964539004],[-96.51079017828782,28.53018681669643],[-96.51112091926815,28.530455567431275],[-96.51193690677097,28.5319704605749],[-96.51307569283215,28.533649347500475],[-96.51449104092671,28.53673084044408],[-96.51488781283996,28.537399933997037],[-96.51520094478819,28.538487909200487],[-96.51589571928423,28.540356682918468],[-96.51690907701854,28.5419543463713],[-96.51753532878199,28.543311981934558],[-96.5177110453498,28.543605317614624],[-96.51847920729085,28.54434450009704],[-96.51927562057031,28.545473350451644],[-96.52032997645041,28.547477201522703],[-96.52092127285721,28.54841743626616],[-96.52143444322503,28.54951849829403],[-96.52258007032012,28.55303079526105],[-96.52274048459127,28.553479559200735],[-96.5230984479142,28.555402262315],[-96.52356844407622,28.55653651078819],[-96.52392814579589,28.556936695494073],[-96.52418088082811,28.557058515159127],[-96.52471320896314,28.557136480820258],[-96.52547858363704,28.55699014171605],[-96.52647131982526,28.556977655935846],[-96.52929044876976,28.557342822509398],[-96.53080798315791,28.557622246095193],[-96.53159969302038,28.55783282340238],[-96.53384255664368,28.558702943109726],[-96.53471573980187,28.558922970536905],[-96.53585687338382,28.55940685569345],[-96.5371912032008,28.560156352343267],[-96.53745295758932,28.560420406874645],[-96.53768393632303,28.560938044716185],[-96.537916035861,28.560982929039916],[-96.53815749686903,28.56118179553296],[-96.53873855941163,28.56120394916897],[-96.53945393943064,28.56137146800104],[-96.54175116299628,28.562206841658405],[-96.54341131123299,28.562730366388532],[-96.54921606194377,28.565207408371823],[-96.55281889804779,28.566621972569383],[-96.55360685891623,28.566964342315323],[-96.55425657261574,28.567340946901517],[-96.55693881233069,28.568554628216912],[-96.55781619844315,28.56923571449973],[-96.55923324265169,28.570033295471596],[-96.56017986138285,28.57074064861593],[-96.56078715350307,28.57135002473091],[-96.5612575646945,28.571709111789712],[-96.56271046965057,28.57322043214244],[-96.5632997859555,28.574121585937725],[-96.56492173274088,28.577438207985377],[-96.56543439699989,28.579797553347724],[-96.56559826232795,28.580124216965856],[-96.56558548393087,28.58037762547002],[-96.56606614397151,28.58192846326985],[-96.566347839411,28.5827046002662],[-96.56659399202302,28.583084704419345],[-96.56700209033792,28.583467186292616],[-96.56736900601375,28.5836470516642],[-96.56810045405956,28.583786749981748],[-96.56924180097523,28.583963183757223],[-96.56963512048021,28.58396666790866],[-96.57076352263643,28.584181692830615],[-96.5719517644173,28.584043839500886],[-96.57412764077063,28.583980276367196],[-96.57477970996332,28.583847412241994],[-96.57694688696702,28.583921802968298],[-96.57779307390088,28.58380689988174],[-96.58008438913892,28.5838515932758],[-96.5810434407878,28.58376208936922],[-96.5845448510082,28.583827526449316],[-96.5865662040976,28.58374476001059],[-96.58766045257552,28.583822552319113],[-96.5892633462159,28.583791356802184],[-96.59144402174552,28.583902654550293],[-96.59274654444148,28.583816496441166],[-96.59367906220419,28.58393009796138],[-96.59497835690738,28.583981373208164],[-96.59663980974342,28.583788692617702],[-96.59708004280202,28.583450197674118],[-96.59955066996314,28.58290591759634],[-96.60053370703213,28.582798009225616],[-96.6012146699047,28.582813641044243],[-96.60192678281774,28.58288545416695],[-96.60227242449741,28.58273522186105],[-96.60262571575177,28.582387156309952],[-96.60436983058325,28.582010916803952],[-96.60496413317883,28.58167878377508],[-96.60836206046397,28.581592837504747],[-96.60950896140272,28.581976403999395],[-96.60960088546504,28.581886364586662],[-96.60911331126749,28.581593993814224],[-96.60884072168784,28.581451574424367],[-96.60788017457176,28.581180209056804],[-96.60649194745666,28.58106580362823],[-96.60438268737114,28.581548790793853],[-96.60299245789342,28.58207761211256],[-96.60215592952731,28.582319814093957],[-96.60121357357522,28.582385240412187],[-96.60056648317384,28.582368390830375],[-96.59914768204492,28.58252917719894],[-96.59872195942533,28.582718843516936],[-96.59785984045533,28.582912174933643],[-96.59505685943383,28.583380396448458],[-96.59347746579317,28.583340451717024],[-96.59252387237962,28.583161312945435],[-96.59210580312524,28.582905510670166],[-96.59194423914427,28.5826669830981],[-96.59174029632113,28.581988910170068],[-96.59136947637029,28.579879357808462],[-96.59121069282934,28.57801280227587],[-96.59123466375489,28.577209557391768],[-96.59141739091724,28.576254484825395],[-96.5919560202982,28.575347546260247],[-96.59188160445112,28.575112766418346],[-96.59189509213233,28.57463414094358],[-96.59213009956382,28.574304918285016],[-96.59292373471264,28.573838486364917],[-96.59354816572402,28.573600920446896],[-96.59377429899037,28.57341516649679],[-96.5946115969835,28.572969848104176],[-96.59543337751306,28.57265680651228],[-96.59585019646049,28.572340737390753],[-96.5957413627065,28.572243948261573],[-96.59572910288678,28.571991224898866],[-96.59563897616441,28.571871890307268],[-96.59475427999851,28.57168566159217],[-96.59293813737234,28.570976044370834],[-96.59274949744876,28.571002560832067],[-96.59244595112189,28.570680780809806],[-96.59207584690775,28.569830065678783],[-96.59206540362437,28.569659919540737],[-96.59207954761678,28.568736055246532],[-96.59222243600702,28.567446735764243],[-96.59230192736767,28.56713151637187],[-96.59244373762628,28.567040811315483],[-96.59261632772152,28.566960545706877],[-96.59297860129368,28.566981005337016],[-96.593131695302,28.567126471317472],[-96.59318092751776,28.567593003284586],[-96.59341629474048,28.567791933265248],[-96.59361685044477,28.567826577162588],[-96.59395315105613,28.56803442506559],[-96.59408087418167,28.56814720612417],[-96.59427156393474,28.56855602966284],[-96.59442988469641,28.568662781609504],[-96.5949303527282,28.56869695033408],[-96.59523934891568,28.56859218088172],[-96.59590617231412,28.568793464784818],[-96.59727871670678,28.56856854921944],[-96.59796082472279,28.568643365485006],[-96.59990403730443,28.568517380812416],[-96.600425421575,28.56839701433776],[-96.60078772542022,28.56841745215981],[-96.60117660465866,28.56877249377836],[-96.60191531221778,28.569868296868258],[-96.60183324905489,28.57032613881753],[-96.6011744648081,28.571196855965834],[-96.60115697610185,28.571724857578005],[-96.60099928966854,28.57193687010185],[-96.60023747776867,28.572408012779867],[-96.5999811691067,28.57236360873191],[-96.59984077942995,28.572256330156307],[-96.59950015655116,28.571834527274586],[-96.59941248346811,28.571847282240377],[-96.5993849189614,28.571990620387876],[-96.59986068675443,28.572536408868103],[-96.60016324233197,28.572662519897886],[-96.60118830095868,28.572537603181583],[-96.60315282567876,28.57246570448236],[-96.60369052485115,28.57225703270828],[-96.60556156497985,28.57174152025766],[-96.605978783789,28.571705664805695],[-96.60673978803521,28.571459694626636],[-96.60722500356121,28.571417050402353],[-96.60795841480436,28.57104517952844],[-96.60882642786254,28.57083541753115],[-96.60894246453253,28.570723355988644],[-96.6089458790682,28.570602423810595],[-96.6088322319471,28.570577007589904],[-96.6077542096743,28.570868104527698],[-96.60705052180616,28.570898655773515],[-96.60654256377524,28.570809677229924],[-96.60629469816081,28.57061147395888],[-96.60624480775749,28.57038698550529],[-96.60642979351864,28.569542675947346],[-96.60664841077829,28.569302041240835],[-96.60718169024705,28.569176108349673],[-96.6073995212377,28.568891433163387],[-96.60762279718497,28.568832111202333],[-96.6083453534312,28.56879588310863],[-96.6090830105054,28.56861631957037],[-96.60936422358975,28.56861631225935],[-96.60961550730872,28.56871558289312],[-96.60980020907814,28.56887114185768],[-96.6098537356744,28.569012889022186],[-96.60974756065751,28.56949310923506],[-96.60977361971604,28.570047396379803],[-96.60963872902013,28.570547494785416],[-96.60991851242828,28.570588364316293],[-96.610319219985,28.57039905617288],[-96.61069131418964,28.570067625128164],[-96.61086408230894,28.569756294253907],[-96.61100984360986,28.569324904267106],[-96.61081522678118,28.56877984247793],[-96.61085101988031,28.568713069665666],[-96.61121972874207,28.568502247180216],[-96.61137197054418,28.568334768519797],[-96.61166844977338,28.56820795390179],[-96.61213476311558,28.568170992515846],[-96.61289213562934,28.568254959049003],[-96.61411496900273,28.56825827580878],[-96.61499242672208,28.568180086061506],[-96.61520248937906,28.568346303488678],[-96.61574222153429,28.5684838942464],[-96.61624191303682,28.568495951706826],[-96.61762560346963,28.568249020389235],[-96.61819492705165,28.568265078778296],[-96.61850353743473,28.56839612833939],[-96.61880815090193,28.568598911067618],[-96.61896512167974,28.56888128890689],[-96.61910704174919,28.56930665625439],[-96.61900897230655,28.56962139197473],[-96.61900524362413,28.56997818084247],[-96.61868529437074,28.57040180169003],[-96.61865461728628,28.57068222997818],[-96.61846697000784,28.570905850712776],[-96.61856845635836,28.57123866598965],[-96.61868856723022,28.571280049636734],[-96.61874861717976,28.5716853267],[-96.6188421798877,28.571705030288495],[-96.61957974022648,28.57125686548528],[-96.61993877528818,28.571145477410912],[-96.62065007397192,28.570395730914036],[-96.62122154839771,28.57029105688863],[-96.62179753222843,28.569851618074907],[-96.62206548669711,28.56985192812275],[-96.62262240624598,28.570170120400494],[-96.62282468481892,28.570517331801003],[-96.62298677112364,28.571013708182694],[-96.62324231474747,28.571239232930434],[-96.62400620320966,28.571700860024553],[-96.6248297670608,28.572081216895054],[-96.62600924576125,28.572259299537805],[-96.62769012400723,28.5723328539209],[-96.62837295592759,28.572160635373233],[-96.6293416020974,28.57167356447877],[-96.63150691092906,28.57152243366356],[-96.63192917247854,28.57195217460646],[-96.63304561790449,28.572606444547475],[-96.63315201705034,28.572910839957714],[-96.63311722462305,28.573130295188804],[-96.63325827276553,28.573242373914855],[-96.63599686502553,28.572411258298086],[-96.63699444969903,28.57241966816437],[-96.63856616781872,28.571995726934176],[-96.63926785641571,28.57213754487936],[-96.63958885545213,28.572681475190663],[-96.6397107085897,28.57385547972531],[-96.63981715310113,28.574159870350147],[-96.64027040923872,28.57491465371829],[-96.64044157554756,28.575126215393944],[-96.64250149174903,28.576668245809024],[-96.64357231767708,28.57845550688919],[-96.64345325683612,28.57883915705968],[-96.64370410294333,28.57909030208681],[-96.64391318361123,28.579605115452434],[-96.64413011735581,28.579663158350378],[-96.64453671074199,28.579596963919066],[-96.64529459765126,28.578688098241855],[-96.64571050968102,28.578462608395053],[-96.64600912766339,28.57845578209793],[-96.64636809684278,28.5786204169642],[-96.6471713994916,28.579346665978232],[-96.64740628263192,28.579449205749512],[-96.64812330181863,28.579326269870947],[-96.64918513869432,28.578983522294042],[-96.64962351117983,28.578487330736888],[-96.64924508817863,28.577729078036974],[-96.64884527602044,28.57745987033478],[-96.64853888251918,28.577147423771983],[-96.64847489411137,28.576876841739132],[-96.64861735905384,28.576765791327322],[-96.6487621026447,28.576815695785736],[-96.64902423804021,28.577192306840306],[-96.64937239554553,28.57726312210839],[-96.65014120808327,28.576420523441943],[-96.65062689017378,28.57613569170216],[-96.65124650619043,28.57598986264496],[-96.65037045689779,28.57545494184365],[-96.65005458945511,28.575351649795905],[-96.64973708282736,28.57534181587122],[-96.64952382572186,28.57540492413741],[-96.64867670349095,28.57609962120397],[-96.64857832695039,28.576037877742902],[-96.6486426162298,28.57588828699537],[-96.64894690879214,28.575600698382953],[-96.64926293514182,28.575379403250974],[-96.64989132461551,28.575090799621098],[-96.65019083884056,28.57505648074126],[-96.65193872979596,28.575245294648152],[-96.65221705798629,28.57537577863928],[-96.65284929880649,28.575956470578742],[-96.65293686735707,28.5762438505366],[-96.65273008155066,28.57634563887153],[-96.65250617376506,28.576309430932593],[-96.65238600270023,28.576406973973864],[-96.65290862483533,28.576821444414538],[-96.65411259638635,28.578158279407393],[-96.65469438662977,28.578391730664077],[-96.65510037015409,28.578342348006196],[-96.65535797502474,28.57823571600268],[-96.65542955479134,28.578055033300974],[-96.65520377284398,28.577776734297363],[-96.65426851374977,28.577103745569353],[-96.65405446253762,28.57686974636345],[-96.65398916073589,28.576659647645947],[-96.65409411309146,28.576391493647336],[-96.6544712500334,28.575863065849617],[-96.65452373153957,28.57535180905499],[-96.65545254359749,28.573972227887857],[-96.65661289316056,28.57354779746099],[-96.65698150959267,28.573497761377922],[-96.6573031022155,28.57366170265512],[-96.6575939603548,28.574111261981734],[-96.65766219866579,28.57448648358498],[-96.65762725200251,28.57542145953874],[-96.657561900758,28.575601964502553],[-96.65716215918721,28.57597097013878],[-96.65694913089104,28.57605057353248],[-96.65695906326653,28.5761935216422],[-96.65714411191495,28.57627305187629],[-96.65767381051553,28.576318755244124],[-96.6581869332691,28.576166284228613],[-96.65875469034785,28.5758271899131],[-96.65889782922557,28.575466178605502],[-96.65897719895163,28.574851108327533],[-96.65913358630755,28.574490097726045],[-96.65947900426406,28.573977305385267],[-96.65983381415047,28.573668675512764],[-96.66090673243595,28.57324874364454],[-96.66127273670435,28.573000577686855],[-96.66203562377451,28.572763617056005],[-96.66224412977355,28.572587584802445],[-96.66291259542035,28.5722638845777],[-96.66273510266123,28.571733103180893],[-96.66238361594657,28.571486537806607],[-96.66181029778582,28.571325572537525],[-96.66073822021956,28.57075937808668],[-96.6601008522177,28.5705581837155],[-96.6602337501593,28.570796552741246],[-96.6599959225022,28.570826341807866],[-96.65963365697229,28.570529647593315],[-96.65958142999622,28.57032539396859],[-96.65966649469031,28.57006805593824],[-96.65997272683133,28.569675948563948],[-96.6602782371665,28.568618154117793],[-96.66128562560999,28.568015992624154],[-96.66188780100325,28.567831492840895],[-96.66228621885452,28.56782039042518],[-96.66313650497968,28.568035810819595],[-96.66380966895679,28.568375477845954],[-96.66465698369129,28.56909144293487],[-96.66504728284339,28.56925065069151],[-96.6653953456755,28.56927740185638],[-96.66569029930685,28.569193400491653],[-96.66716936232947,28.568372286339603],[-96.66744377187077,28.56834308747904],[-96.66921039502213,28.567448407814602],[-96.66949819461001,28.56741405738319],[-96.67013138240168,28.567554929686608],[-96.67037016483853,28.56779471799854],[-96.67134161593262,28.569239046021078],[-96.67148844226557,28.56941174781178],[-96.67186517159043,28.569603934110642],[-96.67250583378139,28.56966246516902],[-96.67383457691527,28.56922961432666],[-96.67487963012023,28.56935416213823],[-96.6760592860733,28.5699429947788],[-96.67617512366924,28.570087724162956],[-96.67627939624185,28.570573545619315],[-96.67611132101233,28.570890255930756],[-96.67538717452892,28.571342543901032],[-96.67381467609135,28.571680266609796],[-96.67374552777648,28.571858615454214],[-96.67421101016443,28.572674106438754],[-96.67391302668662,28.573330198929636],[-96.6736202058267,28.573672473842496],[-96.67263433539772,28.57446752709788],[-96.6716621874201,28.57584571259674],[-96.67038457822126,28.576559460609683],[-96.67018128133535,28.576787886351376],[-96.67019641298357,28.577008002885798],[-96.67053252826884,28.57736483369312],[-96.67111826717033,28.57775819510569],[-96.67118355350884,28.577945955121272],[-96.67102957121651,28.578191508922934],[-96.67017305165137,28.578707643193603],[-96.67006977814502,28.578904357393277],[-96.67056471272566,28.58052864710917],[-96.67068696084375,28.580668029775953],[-96.67099125690656,28.580700140599404],[-96.67119312575049,28.58055971043392],[-96.67226615903446,28.579446850222965],[-96.67247495117138,28.57926292735405],[-96.67280176127174,28.57911337609955],[-96.67314541146555,28.579041321946022],[-96.67386753151648,28.579111960466506],[-96.67535633311464,28.579523980461012],[-96.67601087988359,28.57947283888193],[-96.67678207824824,28.579197827748175],[-96.67757850014574,28.57824612594458],[-96.67786276415306,28.57801877868926],[-96.68016693339295,28.57666464345415],[-96.68131010664027,28.57580045339998],[-96.68155450325176,28.57573778215543],[-96.68212703299176,28.575762154920827],[-96.68267233652196,28.575946033830657],[-96.6842955029589,28.577223480666852],[-96.68448753854615,28.577303477276686],[-96.6857131101079,28.57741412460473],[-96.6860640812047,28.577308869726664],[-96.6863282191514,28.577169339427574],[-96.68665161091458,28.57686564711845],[-96.68756248661325,28.575658342608737],[-96.688679797859,28.574681649124575],[-96.69013436737885,28.574051816441244],[-96.69031521397949,28.57404867423772],[-96.69064040285011,28.574361488587787],[-96.69076964666696,28.574825624940583],[-96.69041267322858,28.575987686172287],[-96.6897998735479,28.576788197076233],[-96.68958505781659,28.577313771661554],[-96.68959453521057,28.57751758295994],[-96.68978921124726,28.577751333628342],[-96.69029989621156,28.578154679316444],[-96.69211874352965,28.578922785335166],[-96.69250373899483,28.579010601130864],[-96.6927230097599,28.578953086593568],[-96.69285524286296,28.578866811471183],[-96.6929657658321,28.578614947597604],[-96.69293687874054,28.578454981313648],[-96.69242213358966,28.57761695732749],[-96.69238361894902,28.577372850132207],[-96.69253778166772,28.577051633592504],[-96.69264563814198,28.576948221724745],[-96.6942983216849,28.576172936804124],[-96.69463561804714,28.576150162902884],[-96.69487161987101,28.576197271681547],[-96.6951720640744,28.57645992004974],[-96.69504406867391,28.577762804350275],[-96.69628981408326,28.57850068921357],[-96.69687332799077,28.579009376658608],[-96.69741886966985,28.579187702711337],[-96.69792914137155,28.579211044649792],[-96.69821319105309,28.57901116716712],[-96.69825397911903,28.578841008298227],[-96.69819872155612,28.578422134885237],[-96.69796729815404,28.57777516011235],[-96.69805044597965,28.57690090750946],[-96.69818660017295,28.576627678972226],[-96.69847810813687,28.576345484382593],[-96.69870356493583,28.576266116746147],[-96.69897160664009,28.57626419519114],[-96.69945574474612,28.576391742287687],[-96.69987335254383,28.576760612144373],[-96.70001721658792,28.577092725966427],[-96.70055945777209,28.577810071832523],[-96.70068296900297,28.57895657277221],[-96.7011019997556,28.579237441434472],[-96.70133105423761,28.57930636116899],[-96.70138594316008,28.57941163558754],[-96.70182897201163,28.579720320414804],[-96.70175826915657,28.579783783311036],[-96.70134433060161,28.57965330444724],[-96.70054610910569,28.57894918515638],[-96.70046115349555,28.578788453631073],[-96.70042613953517,28.577929340996885],[-96.70033070980475,28.577685808774394],[-96.69961726701601,28.576801000397218],[-96.69903090024502,28.576446610970553]],[[-96.37052849152832,28.426163971231546],[-96.37131570959825,28.422596679637394],[-96.37053120027649,28.422596507843753],[-96.37052849152832,28.426163971231546]],[[-96.35428198879531,28.49504739520357],[-96.35429128367683,28.499686290919445],[-96.35531671565157,28.495046329435993],[-96.35428198879531,28.49504739520357]],[[-96.20573604527564,28.510431006291352],[-96.20564249015861,28.5104259577896],[-96.20497284841122,28.50992787095398],[-96.20418085616457,28.509909875955255],[-96.20405654518544,28.509987671409043],[-96.20405697894641,28.5100703155315],[-96.20434562053525,28.510426992119953],[-96.20482148587857,28.510821320463407],[-96.20521083567856,28.511370433154976],[-96.2057105968384,28.511560816180914],[-96.2064496614532,28.51222953412984],[-96.20663046310142,28.512278269034553],[-96.20688604971811,28.512227431662936],[-96.20717789396532,28.511994598183183],[-96.20711855400849,28.511355619153147],[-96.20682821857896,28.510651613990966],[-96.20592596360527,28.51005605091226],[-96.20561512569157,28.509946684536153],[-96.20550305986055,28.509974790514807],[-96.20552845037962,28.510062829152975],[-96.20577250322512,28.51024348102405],[-96.20582311447264,28.510386486920748],[-96.20573604527564,28.510431006291352]]],[[[-95.12861314857258,29.079735318007117],[-95.12896346227824,29.0801488443084],[-95.12908271373631,29.080176207312306],[-95.13070654882604,29.08135139842065],[-95.13121411351942,29.08158628585474],[-95.13180720039128,29.08172439133903],[-95.1329294619223,29.082753028290085],[-95.1393808955162,29.085971398736366],[-95.13949999179802,29.086391896245278],[-95.13979419187558,29.086908962738512],[-95.13987049019154,29.087389725985794],[-95.13962803941683,29.08763890599394],[-95.13923889552659,29.086786648280533],[-95.1390055934998,29.08651358551513],[-95.13873864087832,29.086272971651532],[-95.13839260098165,29.086225515605882],[-95.13827825622374,29.086356042704306],[-95.13812680816122,29.087204278355],[-95.13829289390222,29.08753635373005],[-95.13852805335264,29.087764729182812],[-95.13900608779933,29.088035894125916],[-95.1397284674559,29.088165026018405],[-95.14017898089284,29.088339745807655],[-95.1413394278251,29.08886958585656],[-95.14195143195904,29.089281305547107],[-95.14265639045514,29.089638954045427],[-95.14368470470082,29.09004292213779],[-95.14371760627311,29.090442806518396],[-95.14392670106443,29.09092780301498],[-95.14481056769264,29.09214382568953],[-95.14589524475885,29.09360139262947],[-95.14646515062796,29.094043998682814],[-95.14735523825013,29.094498742302292],[-95.14770449973594,29.094848715674463],[-95.1480749052251,29.095569939134233],[-95.14809215009006,29.09573912497042],[-95.1478660526403,29.095915951957423],[-95.1478516489582,29.09608909276154],[-95.14809061288116,29.096365211587703],[-95.1497233869342,29.097684584387093],[-95.15035685126819,29.098395759779493],[-95.15119697221625,29.099129735327804],[-95.15153412567439,29.099274771603667],[-95.15238518383146,29.10002424999335],[-95.15298926340404,29.100356881010637],[-95.15317600235863,29.100588968572886],[-95.15538267677611,29.101865690003997],[-95.15621997988403,29.102504600430525],[-95.15739525821108,29.102791488850034],[-95.15825052556332,29.102689449059856],[-95.15856112859417,29.10249384808429],[-95.15943081398602,29.100548659316797],[-95.15999194840094,29.100893280892336],[-95.15919907496968,29.102254369970076],[-95.15902380555482,29.102960743036192],[-95.15939638768022,29.104176054210583],[-95.15950656971192,29.104334271916056],[-95.15963918312003,29.105120435259963],[-95.15984098165575,29.105697102176098],[-95.15987318834311,29.10629592600822],[-95.16022369799465,29.106869484220063],[-95.16033811779288,29.107287195016013],[-95.16065552362514,29.107839755721248],[-95.16099383178069,29.108239317367016],[-95.16170618428562,29.108697228261693],[-95.16316382165031,29.110261789303742],[-95.16399219704883,29.111506451505065],[-95.16421725888834,29.11234055194288],[-95.16461380596077,29.113090884763857],[-95.1649608353503,29.114291530049535],[-95.16518967947927,29.11564667459643],[-95.16516266639661,29.117002080665657],[-95.1649950075399,29.11769154467657],[-95.16497320341344,29.11814008927542],[-95.16514728033209,29.12141994669031],[-95.1647023769338,29.122472953390982],[-95.16462257122475,29.123055037007987],[-95.16420277929375,29.12437243035544],[-95.16411866274629,29.12494208593962],[-95.16377843665644,29.12571784505916],[-95.16382770218631,29.126192264179856],[-95.16353888549394,29.12627417811722],[-95.16305468286897,29.127447678100772],[-95.16272849959657,29.12781626308627],[-95.16240845687024,29.128571347212528],[-95.16242767481971,29.12868158087067],[-95.1621325059943,29.12907819654763],[-95.16209522123843,29.129441998816105],[-95.16196964585632,29.12960724001244],[-95.1617812080306,29.12963445526481],[-95.161662584801,29.12988806514904],[-95.16177486435134,29.131453667245005],[-95.16199454524268,29.131607568707032],[-95.16196579203285,29.13187261042749],[-95.16166854143087,29.132418334392806],[-95.1616042430106,29.13301390214995],[-95.16154169242799,29.133074137773885],[-95.16139838653282,29.132770676988397],[-95.16119073239467,29.1326682229065],[-95.16095319804556,29.132671221665408],[-95.16076763128841,29.13285807711318],[-95.16036320294893,29.133650543945084],[-95.16027472231548,29.134201844355054],[-95.16030393209559,29.135051175427243],[-95.16013456343669,29.135431455986257],[-95.15994606113412,29.13553559368882],[-95.16003942352725,29.135927466714506],[-95.15987596670477,29.136125599790688],[-95.15973039424318,29.13697443661016],[-95.15965489337452,29.137200390917055],[-95.15956725123628,29.13726069881936],[-95.1595415288475,29.137431758957916],[-95.15967249661765,29.137635993708543],[-95.15950284737849,29.137911326322737],[-95.15944915165149,29.139025117493944],[-95.1590638755649,29.14028296965512],[-95.15948190996163,29.14123124043065],[-95.15946873140095,29.141513030575293],[-95.15873692300192,29.141028668148067],[-95.15810639640077,29.14024076811668],[-95.1577388583707,29.140096345474454],[-95.15761963947934,29.140366385712536],[-95.157608792182,29.141360610493887],[-95.15729524165539,29.14159712130188],[-95.15735105941226,29.141768602535514],[-95.15754567756404,29.14189158186355],[-95.15768907500339,29.142146787869365],[-95.15770035674785,29.142710885761822],[-95.15744703144671,29.143941932611447],[-95.15752105052404,29.144267180419295],[-95.15824640702778,29.144941667286396],[-95.15835920009575,29.145188138927104],[-95.15840134684676,29.145878223435574],[-95.15815085662568,29.146848978693082],[-95.15790780959436,29.147012444375108],[-95.157241630792,29.14800325997469],[-95.15656933625422,29.14870731829563],[-95.15514578913125,29.14952518571301],[-95.15455055057694,29.150015466772622],[-95.15362532304866,29.151141922941825],[-95.1532489141187,29.151427904337627],[-95.1525019342173,29.151740041411937],[-95.15174853012387,29.15233914510836],[-95.15182796682313,29.153028144419707],[-95.15203455626194,29.153304352146044],[-95.1526695651016,29.153428349577446],[-95.15293452044571,29.15358333237962],[-95.15316188863423,29.153826432414526],[-95.15340567645617,29.153937873108532],[-95.1536690513019,29.15420475151793],[-95.15373017940202,29.154387091903565],[-95.15357876434202,29.154601557856733],[-95.15386318597527,29.156686511129784],[-95.15369109670644,29.157821911589174],[-95.15348294917824,29.15840590167931],[-95.15326851277587,29.15954652271419],[-95.15297205290312,29.160455408723113],[-95.15275256700542,29.16084068436114],[-95.15254455674842,29.161431767908187],[-95.152242642453,29.161752396040576],[-95.15207920529177,29.16208731981773],[-95.15192122918218,29.16310109743828],[-95.15192065248829,29.16370171857453],[-95.15204865698888,29.164608822760115],[-95.15213587801173,29.166103798617385],[-95.15248781562414,29.167667220328802],[-95.15249358819831,29.167942719315185],[-95.1523151576905,29.168592437193197],[-95.15222341428708,29.169694490946117],[-95.15230428684872,29.171187815630613],[-95.15209578047484,29.173049621214133],[-95.15082976086534,29.17562536399077],[-95.15001339205074,29.176907322776295],[-95.15002273561387,29.177149670903102],[-95.15016042105132,29.17729439634054],[-95.15013001571872,29.177586074666863],[-95.14949532631078,29.178057670294635],[-95.14926819770659,29.178338036251475],[-95.14910317537911,29.178618757201985],[-95.14897465372918,29.1790758481295],[-95.13563982513544,29.178655221701725],[-95.1351723784045,29.190056383902927],[-95.13322804630133,29.191051360486014],[-95.13279976639723,29.19162950304598],[-95.13236569891812,29.191937693184773],[-95.13217774461769,29.191948357457758],[-95.13178861749134,29.192140228490576],[-95.13168719211578,29.192410581143207],[-95.13105214992055,29.192861399593973],[-95.13067000998366,29.19289937363282],[-95.13023604064955,29.193234718251183],[-95.12985405201925,29.193333238909656],[-95.12944474471693,29.19370738851139],[-95.12854696527928,29.19417976517284],[-95.12833843117919,29.19456574808461],[-95.12830384720567,29.195293910365113],[-95.12751034295226,29.19619693644065],[-95.12743453849747,29.19637881648249],[-95.12750815457527,29.196743290662],[-95.12766319351432,29.19694783494226],[-95.12817754429587,29.197367958640566],[-95.12865593555046,29.19745737390598],[-95.12918791642842,29.197226702721892],[-95.12950876183292,29.196940692691008],[-95.13031751417364,29.196429180422612],[-95.13058565561627,29.196369013574554],[-95.13091445844708,29.196457797482122],[-95.13140643510523,29.1968727186279],[-95.13204724356673,29.198010309650517],[-95.13267655473635,29.19877835304155],[-95.13286314241827,29.198916670350755],[-95.13317537747253,29.19898856251303],[-95.13449650318704,29.199035215712804],[-95.13527563785078,29.199323098676686],[-95.13585171389047,29.19981498838559],[-95.13647420477453,29.200797207981253],[-95.13685745057903,29.20101839524897],[-95.13706195707405,29.201062935016296],[-95.13763809088104,29.200886985098215],[-95.1377446734965,29.20078819999238],[-95.13789569659765,29.200264358899545],[-95.13821643333368,29.199575663173324],[-95.13858981149747,29.198986288325468],[-95.13919416274808,29.198606475460387],[-95.14052024327034,29.19846542600176],[-95.14100227229922,29.198692289327525],[-95.14136588835464,29.199006803742016],[-95.14162430723215,29.19941528575353],[-95.14166228867302,29.199971856925846],[-95.14130862820623,29.200704534854943],[-95.14113776786536,29.200809157479952],[-95.1410327910324,29.200698669679618],[-95.14104855700232,29.20057209740718],[-95.14078725034821,29.200604579406072],[-95.14043967019475,29.200797115312632],[-95.14031644970599,29.201023164006582],[-95.14025827234522,29.201557547983015],[-95.14055826688215,29.201999086128115],[-95.14126362179407,29.20243542091212],[-95.14145043868866,29.20242449917932],[-95.14292184100803,29.201924931978983],[-95.14321106656786,29.201914038645363],[-95.14352912524612,29.201991854016793],[-95.14384679519387,29.20232259664852],[-95.14409974075043,29.202741661842285],[-95.14412938404394,29.203072003210412],[-95.14405864958407,29.203391408422128],[-95.14416488156758,29.20338024300149],[-95.14427330145861,29.20308835211845],[-95.14435990795158,29.203137982211086],[-95.14440623387046,29.203749125267397],[-95.14509872339936,29.204222927866276],[-95.14514094788251,29.204421164764288],[-95.14498930979887,29.204734910023042],[-95.14513262192472,29.204872348397693],[-95.14533996273977,29.20478454114615],[-95.14532976798608,29.205676674356397],[-95.14507251140338,29.205759134619548],[-95.14489687854713,29.205714992098354],[-95.14485473046669,29.205527666309774],[-95.14491137778118,29.2053076370094],[-95.14449809176404,29.205378741445667],[-95.14414585932121,29.20566499757868],[-95.14412041669793,29.205901687102468],[-95.14426921654065,29.20621029191808],[-95.1445312543105,29.20634268756117],[-95.14481272000803,29.206387073700522],[-95.14510755996318,29.20633771933192],[-95.14645059985662,29.205771579967355],[-95.14690152571788,29.205755427331187],[-95.14736535681652,29.205910598385913],[-95.14763449761313,29.206120698507654],[-95.14789077480026,29.20645188014982],[-95.14812719385179,29.207251759099204],[-95.14798715245071,29.2080287693616],[-95.1478363729134,29.208447360940273],[-95.1476476745817,29.208695155588888],[-95.14743403953656,29.208843592513585],[-95.14715767866987,29.208815794638582],[-95.14711366018274,29.20888158212787],[-95.1471453916951,29.208986402955986],[-95.14732670119935,29.209080394365532],[-95.14770943254737,29.208970773665975],[-95.1479910005213,29.208987737492016],[-95.14832281206623,29.209131172771222],[-95.14858432823762,29.209759811663428],[-95.14858963292458,29.210112351492825],[-95.14847013923242,29.210371021824297],[-95.14828754902477,29.21055812990433],[-95.14730234464656,29.21113000097097],[-95.14711924030193,29.21143818116834],[-95.14723178846062,29.211730452553898],[-95.14770773132287,29.211764035591443],[-95.14882337637553,29.211517428141434],[-95.1498702035044,29.211392064039163],[-95.15013971960286,29.211491396202938],[-95.15030213035429,29.21166236719424],[-95.15036374922732,29.211904847468315],[-95.15031307062137,29.212213248886908],[-95.15018058634924,29.212417060819906],[-95.14899989941716,29.213230930888237],[-95.14883577721402,29.213643741979805],[-95.14809999695446,29.214513028307106],[-95.14764808858266,29.2147384043957],[-95.14734793871655,29.214578382844653],[-95.14682156069922,29.214677078128823],[-95.14596820761308,29.215105637837166],[-95.14559113683393,29.215496247423705],[-95.14553288518866,29.21589276065033],[-95.14579559858181,29.21619037418743],[-95.14600194775377,29.21623469372639],[-95.14681830628204,29.21587215555458],[-95.14743338809195,29.215410080655968],[-95.14819190446865,29.215168862405815],[-95.14849910344252,29.215125140874946],[-95.14882513169162,29.215175056966242],[-95.1491252353587,29.215335458532042],[-95.14933095818976,29.215627496308585],[-95.1493929483117,29.21590856671689],[-95.14933600837324,29.216106646921386],[-95.14902745419506,29.21647544375795],[-95.1492777814257,29.21648672061047],[-95.14923317264522,29.21686144513774],[-95.14913266649467,29.217021064855388],[-95.14884369148018,29.21709227858451],[-95.14869430705346,29.216849519926125],[-95.14770266402714,29.217503676628702],[-95.14614118359458,29.217980919681136],[-95.14606451245761,29.218322419833186],[-95.14629009601852,29.218405335014516],[-95.1471246964212,29.217850162752455],[-95.14769535247966,29.2179004830429],[-95.1478759104193,29.218115551896034],[-95.14794936993721,29.218605953344646],[-95.14789271608971,29.218892157990652],[-95.14747019512026,29.219877782009586],[-95.14751937573287,29.220164275209314],[-95.147731822874,29.22027495010955],[-95.14835204176839,29.220183277175767],[-95.1486404481206,29.220233590213095],[-95.14894094403124,29.220371749685484],[-95.14922196059045,29.220680854809245],[-95.14933397503734,29.220840682430858],[-95.14959526986077,29.22165606275096],[-95.14956877194436,29.222157344568007],[-95.14984322250157,29.222758046825383],[-95.15001768203935,29.22284614878968],[-95.15031231161015,29.222852119424726],[-95.1513972356304,29.222660866385887],[-95.1516913130554,29.222820879295384],[-95.15187893604654,29.223024705335956],[-95.15229649404864,29.224104639266844],[-95.15364391699036,29.224664209786038],[-95.15424308938728,29.2248234142986],[-95.15445556717101,29.225084745337796],[-95.1545350273433,29.22538870437868],[-95.15441297484206,29.225935458724287],[-95.15455200399222,29.226444929340246],[-95.15483377021005,29.226916320383495],[-95.15571949854522,29.228853223320097],[-95.15589219405544,29.228974621524678],[-95.15665770311347,29.22921848563847],[-95.15708047460828,29.22944490414441],[-95.1574025630101,29.229748305968645],[-95.15828189332775,29.230922726399374],[-95.15873471656734,29.231331070979145],[-95.15986684453176,29.23204313021669],[-95.16014489691138,29.23231356282967],[-95.16087576295601,29.233145757588748],[-95.16160163000959,29.233835128754215],[-95.16219256408611,29.234729068154405],[-95.16269986358463,29.23523207853574],[-95.16330048857195,29.235609034764803],[-95.16355132160658,29.235599089710245],[-95.16402202105293,29.23534737075469],[-95.16476783057578,29.23554871173543],[-95.16509962114057,29.235743103905865],[-95.16563114229588,29.23667709930775],[-95.16589342505956,29.23697607042373],[-95.16641301576185,29.237292398165078],[-95.1665696022385,29.237458816844583],[-95.16678814264678,29.237911973652434],[-95.16730495701529,29.23954067586904],[-95.16759834724542,29.24022580343605],[-95.16770859016859,29.240341995416596],[-95.16910873205197,29.24091479343956],[-95.16952997926946,29.241202520849328],[-95.16994041847462,29.24168293775185],[-95.17007740762378,29.241947400058603],[-95.16991909205196,29.242161675055538],[-95.16989087965982,29.242332126818184],[-95.16995656511176,29.242459054857402],[-95.17074840349375,29.242890342888515],[-95.17147708492897,29.243084960731075],[-95.17182171601415,29.243108324208784],[-95.17226795914992,29.243263402535398],[-95.17360052765272,29.243884304167036],[-95.18006893535578,29.247237310327844],[-95.18073173910591,29.247660323003455],[-95.1805618443091,29.247651171862174],[-95.17998106232179,29.24736372672838],[-95.1794992417244,29.247252415932554],[-95.17902584931251,29.24693214795636],[-95.1783747278846,29.246646190287734],[-95.17742716761391,29.246037988410276],[-95.17613788959773,29.24549461192855],[-95.17448514869155,29.244542114387563],[-95.17262211868604,29.243765472243457],[-95.17192647039666,29.243400303633297],[-95.17006561571525,29.242839051991716],[-95.16987155046613,29.242695476386604],[-95.16975171644967,29.24252442008364],[-95.16974170136399,29.24175952067466],[-95.16927408103265,29.241350206013127],[-95.16859629678027,29.24092394458932],[-95.16786426086317,29.24067315299428],[-95.16737844810548,29.240213818960157],[-95.1670670125113,29.239512049552065],[-95.16678075225762,29.238507380174315],[-95.16647461543022,29.237761606633487],[-95.16611867888344,29.237357365196498],[-95.16547389841953,29.2368583399247],[-95.16504937186481,29.23604592007226],[-95.16490527177208,29.235896637801776],[-95.164102912029,29.235601261415074],[-95.16352628094546,29.23585251675896],[-95.16325656737156,29.235878926236598],[-95.16267384699772,29.23558499283701],[-95.16209835546974,29.235048209238723],[-95.16172877546823,29.234380283185406],[-95.1612260100519,29.23372982387387],[-95.16025547809298,29.232908154752888],[-95.1594089564033,29.232069934866235],[-95.1582485788098,29.231203785239735],[-95.15700211898158,29.229725665875407],[-95.15641799774696,29.229372103280273],[-95.15596537725487,29.229244623592542],[-95.15555624367903,29.22895744968852],[-95.15421784131057,29.226211209211],[-95.15416810449726,29.22582305320866],[-95.15434105936777,29.225415436882606],[-95.15421461398938,29.225221923903238],[-95.15366323794245,29.224901203454984],[-95.15225266744045,29.224341343979138],[-95.15188967891194,29.223872620419993],[-95.15180769930038,29.223331874795118],[-95.15154022635485,29.22321143468907],[-95.15144042779777,29.2230243409785],[-95.15115199744172,29.222908218501782],[-95.14989858968407,29.223033268731676],[-95.14957917984357,29.222878792493812],[-95.14941696619739,29.22257576397256],[-95.1492825696776,29.221352779260243],[-95.14904614360003,29.220746759421854],[-95.14853351391284,29.220459398333862],[-95.1473366054378,29.220400942684606],[-95.14715052095916,29.219888264276534],[-95.1474838985045,29.219227546224197],[-95.14768643762231,29.21861107355745],[-95.14761260056177,29.21815918441008],[-95.14731890224631,29.21804303678277],[-95.14640846691442,29.21851549170345],[-95.14597008243558,29.21845440381499],[-95.1458396685911,29.218255699047628],[-95.14616087966353,29.21774427009065],[-95.14760307028908,29.217299960083633],[-95.1479980087134,29.217085505715886],[-95.14901008816508,29.216007184094355],[-95.14903599885805,29.215786918245023],[-95.14896171848994,29.215610675690765],[-95.14881108627901,29.215455955536104],[-95.14832342432193,29.21534519130911],[-95.14807213455622,29.215399986631848],[-95.14757059420967,29.215614164122478],[-95.14636542251525,29.216367220155284],[-95.14597058617004,29.21643855644775],[-95.14563815367408,29.216437953866258],[-95.1453690409228,29.21630007324434],[-95.14522120601829,29.21563355917541],[-95.14550420445914,29.215132726158547],[-95.14603194618624,29.21469246638576],[-95.14633285291286,29.21455528876787],[-95.14795032574473,29.214276149027054],[-95.14829670949894,29.213918783123468],[-95.14874350459971,29.21312039206528],[-95.14986069716991,29.212416597932215],[-95.14996761696376,29.21230093284202],[-95.1500250635406,29.211997959154893],[-95.14982557857257,29.21170585179809],[-95.14949393313117,29.211689129316685],[-95.1482276486166,29.211874950544708],[-95.14754959548742,29.21210551245548],[-95.14716784084497,29.21203903994751],[-95.14674298469927,29.211592122626342],[-95.14649302622202,29.211476285392862],[-95.1455335634086,29.211464165085108],[-95.1451578925483,29.21130392845319],[-95.14499556964192,29.210984214468542],[-95.14496523410128,29.210692248969078],[-95.14509710178675,29.21049942340086],[-95.14568134154894,29.210009673525576],[-95.14618354597918,29.209784188407504],[-95.14641635160592,29.209597252071763],[-95.1465993512992,29.20914582884376],[-95.14690730421707,29.208738083587406],[-95.14728459178913,29.208452042610247],[-95.1475422438677,29.208077812995228],[-95.14775682194065,29.207460600505947],[-95.14764530300502,29.20675469151198],[-95.14742021051558,29.206396170017683],[-95.1469567829655,29.206130699217454],[-95.14658113827518,29.206080480099715],[-95.14607937991246,29.206140437267745],[-95.14562745262378,29.206382313895872],[-95.14563954221407,29.206470532659267],[-95.14572744757658,29.20643741119965],[-95.14577762064646,29.20656426016292],[-95.14562640797274,29.206751561490638],[-95.14451773567694,29.206673123093847],[-95.14420499085378,29.206518832303388],[-95.14386876048009,29.206105418435524],[-95.14381353087168,29.205868451508184],[-95.14382723418137,29.20563170432609],[-95.14403644084112,29.205158179285238],[-95.14383706359578,29.20491038098434],[-95.14400033116965,29.204872152329003],[-95.14392576768238,29.204739749732727],[-95.14350072521405,29.20461867453671],[-95.14320763949685,29.204414901185004],[-95.14288636269234,29.20380936183703],[-95.14286069491108,29.203478814473506],[-95.14322629202888,29.20293908545136],[-95.14321260095198,29.202437491968244],[-95.14304855537074,29.20231076353028],[-95.14280302686653,29.20227174950893],[-95.14236334459396,29.202441991722438],[-95.14228024714853,29.202690124356415],[-95.1423312408669,29.202910604758365],[-95.14104124565691,29.20276566378963],[-95.14049874964728,29.20241240151069],[-95.140030988129,29.201954296632753],[-95.13989055152551,29.20171153333967],[-95.13984483267464,29.20111067272208],[-95.14000500343316,29.20085164450285],[-95.14098131575129,29.199871741517146],[-95.14094835284298,29.19919909394043],[-95.14076369377294,29.198917781187234],[-95.14011287732934,29.19884511462371],[-95.13983317428873,29.198877893529232],[-95.13925084167947,29.199053270717695],[-95.13893543147586,29.199218420263982],[-95.13845281705032,29.199708429521472],[-95.1383493281684,29.199983732757637],[-95.13828379201544,29.200270430454975],[-95.13829979816809,29.200849374028046],[-95.13842741159363,29.200877216787894],[-95.1384550429174,29.200998592679124],[-95.13761385605095,29.201372272411355],[-95.13689558545143,29.20141563020899],[-95.13632114359135,29.2012326151382],[-95.1360384942989,29.20098427028526],[-95.1356275411542,29.20032756026192],[-95.13515751451271,29.19979709959972],[-95.13458482925029,29.199520634500722],[-95.13424559164872,29.199481473113536],[-95.13346108383277,29.199755892040898],[-95.13324126320661,29.19972783976813],[-95.1322555217213,29.199163727896256],[-95.13187703855931,29.198881725477346],[-95.1309157277847,29.19734077152648],[-95.13065720187605,29.197113884864873],[-95.1303910287426,29.197019600173522],[-95.13005392276189,29.197129427571348],[-95.12969593549423,29.197398849379137],[-95.12952685919718,29.197677749641603],[-95.1290507009993,29.197816852953935],[-95.12861410080325,29.197893229735914],[-95.12816004048149,29.197820579325352],[-95.12771974213437,29.1976321461806],[-95.12730480479634,29.19717320199219],[-95.12714422432984,29.196891348874935],[-95.12699727469915,29.196096368553405],[-95.12659132874994,29.195897036667095],[-95.12568232705829,29.196115688479612],[-95.12523180889022,29.195996536118912],[-95.12457176131497,29.196068904082633],[-95.12389822602928,29.19632724544871],[-95.12310744456691,29.196778591128908],[-95.12279403199581,29.196781328632],[-95.12246160848046,29.19657449048747],[-95.12139288208282,29.19667105066011],[-95.12017891288357,29.196674946042084],[-95.11823389589794,29.196571072660753],[-95.11595330397937,29.19618422520043],[-95.1145378820265,29.195770987912148],[-95.1139034477641,29.195693421391855],[-95.11334310057833,29.19554502771136],[-95.11263623302743,29.195137826703796],[-95.11213523997715,29.194651752215982],[-95.11151691820125,29.19372664038179],[-95.11138574366095,29.19309181285465],[-95.11075290687344,29.191418471290323],[-95.1107803081513,29.190515752236966],[-95.1102028489972,29.189108007251555],[-95.11014083581479,29.18867368733044],[-95.1096292275332,29.18715822090388],[-95.10873803042044,29.185551832316893],[-95.10807799230464,29.18524869695403],[-95.10757222752852,29.184746156351785],[-95.10739225250578,29.18417531091409],[-95.10742770636982,29.183922076975456],[-95.10735910326734,29.183663536610556],[-95.1071255850958,29.18347254834681],[-95.10679817666922,29.183370499245047],[-95.10605495919172,29.183568597545726],[-95.10572929899007,29.18358770714061],[-95.10523951911478,29.183486248216706],[-95.10458968666434,29.183667644115605],[-95.10392891089177,29.1840354406639],[-95.10368179062952,29.18441159277649],[-95.10340085160696,29.18454010578255],[-95.10329508706488,29.184678466897655],[-95.103027949725,29.184828854731308],[-95.1028849946851,29.185083107232675],[-95.10231288024366,29.185527923427443],[-95.10213200433364,29.18558424658729],[-95.10182513113992,29.18630732114291],[-95.1019646739019,29.18652670897562],[-95.10221033419849,29.186695134615583],[-95.10260004102203,29.1875400101458],[-95.10273385237808,29.188061529283008],[-95.10274434784087,29.18852402051779],[-95.10268409066902,29.188755648230945],[-95.10271218848241,29.189102185537475],[-95.10262007875257,29.189311969246486],[-95.10245343732251,29.189615898139223],[-95.10184974074309,29.190204716910397],[-95.10196738433667,29.19062664443212],[-95.10250638191656,29.190639233276972],[-95.10314867690556,29.190359185242972],[-95.10358732478656,29.19033932161879],[-95.10390860943826,29.190579235513844],[-95.1045546691054,29.192099547494585],[-95.10491315139102,29.192625514585526],[-95.10531237722262,29.193552649412986],[-95.10575114061885,29.193767861622785],[-95.10601496065836,29.193980029961857],[-95.1062102598782,29.194396680912416],[-95.1058880403554,29.19486121848429],[-95.10336979439681,29.196107744341525],[-95.10295679408516,29.196391580658723],[-95.10266151127966,29.196729588431268],[-95.10197425337262,29.197130644410894],[-95.10146000057821,29.197258557886446],[-95.10086431518911,29.19638193230189],[-95.10059018823908,29.196234337291767],[-95.10038212345783,29.196256572179752],[-95.10014779954227,29.196534502430378],[-95.09984411612704,29.19711052851272],[-95.09967177862585,29.19748070490972],[-95.09973565296198,29.197551999245565],[-95.09948306305013,29.1980050866885],[-95.0987735552284,29.198544378632384],[-95.09821769030584,29.198663938549878],[-95.09719099634212,29.19868296857084],[-95.09592586968196,29.198454933319443],[-95.09481060567498,29.198358669891803],[-95.09424101934987,29.198423296747933],[-95.09389216145031,29.198590785743146],[-95.09420864726924,29.19895753244664],[-95.09481300003793,29.19927797119066],[-95.09696280337229,29.19976884482668],[-95.09743816501384,29.19999102211117],[-95.09774865686185,29.200707681400477],[-95.09763311318164,29.201335768057774],[-95.09736186290532,29.20208100966523],[-95.09747826661753,29.202733007495965],[-95.09771859777067,29.203114692045467],[-95.09743726052209,29.20392068715367],[-95.09681800856238,29.204596989180203],[-95.09694278064484,29.205223888554652],[-95.09696114570038,29.205790220555254],[-95.09671654411156,29.206342576167778],[-95.09626340636473,29.206775468591616],[-95.09556822793351,29.206874568100876],[-95.09544398737398,29.207519331691383],[-95.09508908384772,29.207725470320835],[-95.09419317022407,29.207787582005576],[-95.09357216162073,29.20775912856053],[-95.09323853321108,29.207530499509808],[-95.0929226118814,29.207868535878447],[-95.09282013081727,29.208314977905925],[-95.09305269987208,29.208990366976327],[-95.09329445505116,29.20933000268885],[-95.0932970297202,29.209616368835462],[-95.09356074693626,29.21019232896729],[-95.09350316575907,29.21062202462421],[-95.09313507715675,29.210789925567244],[-95.09293309250852,29.21123146835404],[-95.09295683639452,29.21163778219724],[-95.09279183099348,29.212046420917755],[-95.09247560631378,29.21237893971929],[-95.09210146218616,29.21255787692884],[-95.09011593496669,29.21288223301923],[-95.08990091095288,29.2127296858617],[-95.08987841362982,29.212416021986616],[-95.08972360718073,29.211998825620388],[-95.08929132410903,29.211974541736094],[-95.08857877028859,29.21223842596657],[-95.08826160481313,29.212444626647816],[-95.08813994453907,29.212792234910545],[-95.08849365809888,29.213119710071574],[-95.0891689759021,29.21346697298676],[-95.08961773056342,29.213793524307047],[-95.08978059673503,29.214330987051277],[-95.08990524752903,29.21535927513982],[-95.09005151658636,29.21552360401269],[-95.09033761421543,29.21529587757133],[-95.09038502015768,29.21560366571519],[-95.0902687070761,29.21639173149261],[-95.08999469435092,29.216630236201524],[-95.08979113490601,29.21694034321073],[-95.08961721123758,29.218234781107135],[-95.08930793031188,29.218649856354496],[-95.08854638126971,29.2190239795745],[-95.08810180361073,29.219164332736167],[-95.08718589271457,29.219198975386174],[-95.08657352725581,29.218884378192936],[-95.08614777364355,29.218413901442283],[-95.08604503278708,29.218194475830174],[-95.08625140189622,29.21812128029378],[-95.08680143758471,29.21842589842032],[-95.0867608341091,29.218222303700188],[-95.0862739744773,29.217879171173507],[-95.08551236309106,29.217774193993503],[-95.08491672394774,29.217800883657855],[-95.08440288534581,29.217942652665183],[-95.08394874387743,29.2182485422157],[-95.08377582393904,29.218557826643764],[-95.08381411440955,29.21916771389641],[-95.08492223534276,29.22116870628002],[-95.08502941972046,29.22175136163213],[-95.08489602545443,29.22217050424463],[-95.08447252345776,29.222492348265618],[-95.08397343402353,29.22332127616347],[-95.0836860842153,29.223461183595596],[-95.08293379349597,29.223559971998142],[-95.08226673408704,29.22340499698917],[-95.08175834863938,29.22344716587997],[-95.08120716968484,29.223594026315077],[-95.080826418472,29.223811184434457],[-95.08082602002808,29.22431189621353],[-95.08127071261477,29.224743539113792],[-95.08187649395438,29.225074754601618],[-95.08230790482877,29.22546249795865],[-95.08239623122208,29.226209597484928],[-95.08209648117878,29.226905138285844],[-95.08138718306694,29.227449197386143],[-95.08089031371819,29.227953322279873],[-95.08067647638995,29.22857648171994],[-95.08085238124771,29.229251606512545],[-95.08147216570052,29.230643510591495],[-95.08190952239204,29.231420924632765],[-95.08276744869421,29.232398736496936],[-95.08288869771108,29.23265600797603],[-95.08282423688752,29.23333276703265],[-95.08164651473656,29.23485313977415],[-95.08161895269136,29.23545218941462],[-95.0821136721808,29.23645961969157],[-95.08340415236734,29.237379207199652],[-95.08376501620982,29.237854699171443],[-95.08387378123331,29.238233360878027],[-95.08408854741533,29.23856142544264],[-95.08412945005132,29.238874458975847],[-95.0839643170771,29.239474752691667],[-95.08399110860566,29.240419761756698],[-95.08433713403313,29.241752842453657],[-95.08468124610205,29.242223091413713],[-95.0851400258675,29.242604831226693],[-95.08554487089081,29.24316267284679],[-95.0855909317916,29.2440145382773],[-95.08543467132816,29.244288177232526],[-95.08511958966618,29.243812531574257],[-95.0851926354266,29.243599432445905],[-95.08510596112488,29.24329230471785],[-95.08438088055493,29.242697380998024],[-95.08372453199674,29.24170653245046],[-95.08361817853685,29.241406334918082],[-95.08334870542289,29.239968090919056],[-95.08343299893063,29.23870905494558],[-95.08329773108309,29.238176910232216],[-95.08282433261367,29.237614467274906],[-95.08214401649542,29.237141098021507],[-95.08148274965619,29.23648128089658],[-95.08117165542681,29.23581301480006],[-95.08113559227337,29.235142691094683],[-95.08142400465223,29.23433283128335],[-95.0823666962008,29.233231775472532],[-95.08238226567313,29.232709682108162],[-95.08092393509123,29.230999383517357],[-95.08042017676766,29.23001357402097],[-95.07998076917069,29.22993423443897],[-95.079500438174,29.22947579972863],[-95.07927499515637,29.2288892330266],[-95.07937448182074,29.22820622418971],[-95.07979427813135,29.22810449045944],[-95.07999017533471,29.22829001584742],[-95.08167839154855,29.226479052816543],[-95.08179735803971,29.225845630706733],[-95.08167361300967,29.225401023888804],[-95.08140776905168,29.22524306208511],[-95.08124444769433,29.225255298101207],[-95.08150745662712,29.225715662406813],[-95.0812643654364,29.225898928681858],[-95.0807503565153,29.225996300376803],[-95.08015789868541,29.225780554782112],[-95.0797703554827,29.22537039786016],[-95.07964646428034,29.22496945927962],[-95.07993884985186,29.224709292103103],[-95.07994426540574,29.22403772478369],[-95.08068881068593,29.223284433113047],[-95.08173984406154,29.22293022829546],[-95.08294390355104,29.222745432632365],[-95.0835941195647,29.222515351527356],[-95.0841054505776,29.22224751079231],[-95.08439109143558,29.22188245941026],[-95.08453828753741,29.22155125989222],[-95.08448913807833,29.22116631025793],[-95.08357934287207,29.219522018452484],[-95.08340540395449,29.21913229515425],[-95.08333851925913,29.218742720255833],[-95.08360885951095,29.218190687245478],[-95.08418709476737,29.21767500515951],[-95.0847743605711,29.217395133192362],[-95.08608636099565,29.21737938777673],[-95.0867415030884,29.217606202209463],[-95.0878541541373,29.21833015408009],[-95.0884827834961,29.218385893896148],[-95.08940722446482,29.21794444946849],[-95.08956245443404,29.21728282864593],[-95.08925628644607,29.215694384281917],[-95.08925851567135,29.21477527481647],[-95.08914519902142,29.214220729420806],[-95.08874473252047,29.21372373991632],[-95.08848574280339,29.213604249129475],[-95.08816710479505,29.21366173244945],[-95.08833992477868,29.21403459777335],[-95.08831697257384,29.214216456977915],[-95.08786739846747,29.214412348402995],[-95.0876840930021,29.21430370504397],[-95.08711085845273,29.213344911052154],[-95.08726368855143,29.21292557912706],[-95.08762347304732,29.212526260708046],[-95.08794195210467,29.212403031874214],[-95.088288969959,29.212070334198074],[-95.08868251961205,29.211857768893285],[-95.08937549253265,29.211638218869474],[-95.0917284723938,29.211257539210678],[-95.09235368434159,29.21100479725147],[-95.09265683217166,29.210699935362793],[-95.09243802130432,29.210123689147096],[-95.09188389693604,29.209257986812357],[-95.09175083760249,29.207661174012443],[-95.09206145471857,29.207367966485815],[-95.0929486136826,29.207235358008912],[-95.09527574174089,29.205753667114745],[-95.09556095414656,29.205448821286634],[-95.09523497506919,29.204573605071527],[-95.09520780259976,29.204123168177873],[-95.09494295074471,29.203745043872598],[-95.09484556208176,29.203267077328782],[-95.09467365090376,29.20288149793132],[-95.09472369657273,29.202400403129037],[-95.09564377871526,29.201353057445115],[-95.09552932906992,29.201133525054654],[-95.09522419005143,29.20136708154723],[-95.094831416524,29.201518730099068],[-95.09417645583021,29.201398343303268],[-95.09364118439724,29.201240957163613],[-95.0925526372888,29.200659765710004],[-95.09220512493752,29.200348585308703],[-95.09205627588712,29.199892690608763],[-95.09207268812801,29.199644501096905],[-95.09258394877799,29.19865017647273],[-95.0930630197475,29.198310851144566],[-95.093662091196,29.198080804544862],[-95.09493730824086,29.197851177201848],[-95.09592710157997,29.197915362721584],[-95.09643521341837,29.19804382846986],[-95.09748224036693,29.198124346641336],[-95.09833348281667,29.19806650215016],[-95.09885631862943,29.197838994453043],[-95.09917488617012,29.197461434254986],[-95.09932213037176,29.19666252231652],[-95.099840599099,29.195772705635047],[-95.10026816078673,29.195318134187712],[-95.10136487751133,29.195123873235524],[-95.10205619225599,29.195233585442875],[-95.10310387433628,29.19554607307456],[-95.10374967333779,29.195482591258816],[-95.10580553489443,29.194597830838855],[-95.1058232370982,29.194333848185526],[-95.1056100072731,29.194126208129948],[-95.10511969082489,29.19383528680345],[-95.10479351851664,29.193188042888725],[-95.10426362040226,29.192475766816855],[-95.10368469468527,29.190790126382385],[-95.10331359884697,29.190589243029226],[-95.10309557661044,29.190651344708485],[-95.10297757149776,29.19086152485261],[-95.10297445876603,29.191142216970853],[-95.10284465020543,29.191368768025107],[-95.10212117961267,29.191687658370686],[-95.10079598980603,29.192055510702797],[-95.10072879006592,29.19247205243225],[-95.10077803661292,29.19278781208401],[-95.10096091873767,29.19295697097416],[-95.10070555289262,29.19309093520321],[-95.10043345105855,29.192839515424],[-95.10042856726037,29.19299934076556],[-95.10019233748584,29.19311131181005],[-95.09924572658971,29.19306297181214],[-95.09848581249294,29.19282643187125],[-95.09734121026474,29.192020144748895],[-95.09573712732221,29.19057900798932],[-95.09551726031457,29.190235187588424],[-95.09552429308222,29.189717247338134],[-95.09592458701191,29.188498013565855],[-95.09603747663051,29.187924818885552],[-95.09593109363996,29.18624702086609],[-95.09602261248487,29.18595422498054],[-95.09552924962821,29.184534528134343],[-95.09550606151085,29.183989809759687],[-95.09589235542248,29.18229702977059],[-95.09628343652565,29.181553946899097],[-95.09620904463341,29.181353915955796],[-95.09552651783218,29.181216848670715],[-95.09532404448836,29.180976420433268],[-95.09507474795868,29.180448652025426],[-95.09509119186997,29.18024453313471],[-95.0953290713441,29.180226842120756],[-95.09563783429047,29.180362556108484],[-95.09588201499575,29.180361171357738],[-95.09603076078326,29.18019444622796],[-95.09605400371662,29.179963150794094],[-95.09634004859976,29.179718823289566],[-95.09648082060397,29.17936497568368],[-95.09705155087454,29.17877700242296],[-95.09746991531321,29.17857037573181],[-95.09861631461672,29.17846876495622],[-95.09893425901403,29.178298254225243],[-95.09915652481303,29.17792518346316],[-95.09944833916917,29.17765939369785],[-95.10108161714571,29.177378781263187],[-95.10253918043117,29.17730468383402],[-95.10272750625984,29.1773583319079],[-95.10300300628828,29.177295591678728],[-95.10318897352218,29.177074262617438],[-95.1035832327283,29.176988886452666],[-95.1046010915083,29.1774270886633],[-95.10495848481317,29.177534865904676],[-95.10539714100953,29.17748179169404],[-95.1055050522971,29.177613951671493],[-95.1060276038814,29.178427609131848],[-95.10609002959643,29.178968256760594],[-95.10646044370667,29.17996544106556],[-95.10643595987752,29.180820520263108],[-95.10653017459822,29.1813969728431],[-95.10730005964517,29.181979892573786],[-95.10755143515931,29.182018838656095],[-95.10825147502099,29.181852429996248],[-95.10854935046665,29.181558388342157],[-95.10949143140819,29.18030274397797],[-95.11000454027977,29.179500894655508],[-95.1101575889317,29.179076352025245],[-95.11049850854012,29.178595415031594],[-95.11122803372031,29.177979189921526],[-95.11224703928333,29.1771302877009],[-95.11288567421353,29.176999021510508],[-95.11307230896927,29.176827291261382],[-95.11329904077866,29.17691930797593],[-95.11359322650327,29.176916852554676],[-95.11438097332864,29.176658167129208],[-95.11466254841565,29.176672772537508],[-95.11520520051619,29.176344442687324],[-95.11544726813763,29.17597391310074],[-95.11546969463518,29.175682337653832],[-95.1156444219174,29.17556002036715],[-95.11597612448612,29.175513604268662],[-95.11629417351729,29.175269519015213],[-95.1170070804251,29.174312578551266],[-95.11739451649585,29.174139286486934],[-95.1181729912351,29.173501409757346],[-95.11920663810488,29.17308412429984],[-95.12009657775526,29.172623696074673],[-95.1201448361658,29.172348573570304],[-95.12009615604737,29.1718481772003],[-95.1197380664597,29.171686101406017],[-95.11956940503475,29.171797294884673],[-95.11925870119741,29.171859078045497],[-95.11911317378251,29.171888107813984],[-95.11896406885585,29.17210946785009],[-95.11839440000813,29.172179388939142],[-95.11789490392714,29.172523860659616],[-95.11758804610692,29.172482093566483],[-95.11716924234923,29.17265553915926],[-95.11662026146536,29.17301701069463],[-95.11618243735703,29.173162885979004],[-95.11580881163218,29.17345161952226],[-95.1155372761057,29.17346174600302],[-95.11527773869905,29.17332826186966],[-95.11499416583467,29.172997802641927],[-95.1148153395834,29.1729386618214],[-95.11437298875175,29.17257189786152],[-95.113755557753,29.172199685138555],[-95.11308755791856,29.1720125428829],[-95.11265597487781,29.172147139669168],[-95.1115503173756,29.172093772030316],[-95.10567971403496,29.17277137807211],[-95.10393177096658,29.173133730796106],[-95.1027781548839,29.173620900445812],[-95.10105780847506,29.174215182244033],[-95.10029468478473,29.17435248782118],[-95.09853225173968,29.17488278925059],[-95.0966210524204,29.17554785084313],[-95.09586256723756,29.176125845986363],[-95.09560655901679,29.176287818112446],[-95.09525634475253,29.17635710520416],[-95.09497911910177,29.17661411118341],[-95.09508701985051,29.177699417412803],[-95.09336640553742,29.17867619152831],[-95.09309382409359,29.17898079313736],[-95.09236410919002,29.179328287712135],[-95.08807102085756,29.18229450425636],[-95.08667498672429,29.182215016270536],[-95.08583476687085,29.182756792608473],[-95.08530868058605,29.18320431786136],[-95.08301747552535,29.18451590401538],[-95.08245871816963,29.184988131241628],[-95.08068051916699,29.185947437796692],[-95.07985798722227,29.186470580408656],[-95.07766566486633,29.187933786247957],[-95.07693789651616,29.188506079841176],[-95.07328130217468,29.19093429075895],[-95.07162365214691,29.191862311478666],[-95.07124311518783,29.19203640676156],[-95.07101709447984,29.19205511415881],[-95.07068201187187,29.192398762891624],[-95.07014545717473,29.19267851274781],[-95.0695151170801,29.192963949500744],[-95.06910784606382,29.19303322506107],[-95.0687847074033,29.193353280179277],[-95.06864597782356,29.193537737956596],[-95.06847866653325,29.19362647023002],[-95.06832298069311,29.19364459389057],[-95.06809521067072,29.193536336911066],[-95.0664043631155,29.19413223874648],[-95.06624811996606,29.1946234020694],[-95.06594312535097,29.194867934454916],[-95.06488360904082,29.19521126505198],[-95.0641912845319,29.195640713404607],[-95.06158768847973,29.196634800378305],[-95.06172729974625,29.196793294923758],[-95.06169092225467,29.196864816994857],[-95.06133340494047,29.196955939692533],[-95.0612125087216,29.196819145173105],[-95.06084845968937,29.196854614998024],[-95.06010459333893,29.197097314596366],[-95.05992324988541,29.197208978860186],[-95.05966879393162,29.19753012910339],[-95.05936222985963,29.19753787733197],[-95.05914789427494,29.197412942547125],[-95.05824004906201,29.197606887917182],[-95.05772446768749,29.198111946842964],[-95.05717893922277,29.198314768863717],[-95.05656754806166,29.198661236495717],[-95.0564760645186,29.1988879125681],[-95.05656134498591,29.199172334383995],[-95.05615895715445,29.199192826064802],[-95.05593247040372,29.199319186112955],[-95.0561159564001,29.199619726297783],[-95.05588369545067,29.19982731504875],[-95.05552322383087,29.199632904337218],[-95.05518561595747,29.199690567841767],[-95.05478360484626,29.200249947285137],[-95.0534149456893,29.200799643872827],[-95.0530787670173,29.201061134411162],[-95.05265868575975,29.2010973115929],[-95.0522228680478,29.20148601323259],[-95.05199269714528,29.201603296282084],[-95.05190852094046,29.201989633088147],[-95.0517686752674,29.202065955388985],[-95.05153752947011,29.20198675954935],[-95.05124907892508,29.201983358407514],[-95.05103123505543,29.202105932236105],[-95.05091513606052,29.20240462557073],[-95.05095435118251,29.20265778846876],[-95.05086207305186,29.202889585448847],[-95.04943492768916,29.203809362345957],[-95.04865250410438,29.203952780913838],[-95.04847861866696,29.204135955540423],[-95.0483034895433,29.204175526031186],[-95.04817949629582,29.20436375443214],[-95.04784767969386,29.204344176811862],[-95.04766779618667,29.204522305099974],[-95.04758099332956,29.204732290240713],[-95.04738112771163,29.204827026269466],[-95.04699585712666,29.205176730214184],[-95.04625978078116,29.205513005308607],[-95.04610377073973,29.205502747787225],[-95.04591484441359,29.205328045943567],[-95.0456315733451,29.20542924272275],[-95.04538137338722,29.206042291309263],[-95.04494548064878,29.206100902667874],[-95.0444458132888,29.20627600297001],[-95.04432629076939,29.206276489495924],[-95.04418740013138,29.206178486425188],[-95.04372429824001,29.20638577922838],[-95.04266438456352,29.2071472313151],[-95.04197590357002,29.207372554420658],[-95.04177739016626,29.207599851357372],[-95.04060450401522,29.20831797991037],[-95.04024379879165,29.208661765042176],[-95.03970485031499,29.20862656234904],[-95.03885961494332,29.209463488504934],[-95.0383527910243,29.209538296211598],[-95.03814906392083,29.20982077473528],[-95.03752239623616,29.20975871986053],[-95.03731076406149,29.209891873390745],[-95.0372372117297,29.21012921394773],[-95.03679963518633,29.21020362415789],[-95.03669033166972,29.21064502884728],[-95.03632700495541,29.210619431473514],[-95.03624256815993,29.210944779179698],[-95.03568241428711,29.211339274395883],[-95.03490049601763,29.211732255159426],[-95.03424856493739,29.21200924819849],[-95.03396883744196,29.21227498384552],[-95.03369456618078,29.212392585947548],[-95.03349903955701,29.2129662094295],[-95.03316907402849,29.21318866503708],[-95.03251378873314,29.21339630033527],[-95.03218718824267,29.213987495675386],[-95.03223412128868,29.214438795796486],[-95.03148354019346,29.21525219739315],[-95.03089318365242,29.215746291768234],[-95.0304028621583,29.216321757275697],[-95.03011292408925,29.216813529366032],[-95.02996043423045,29.21727181984625],[-95.02991599066945,29.217976271834516],[-95.0298245446226,29.21819708478099],[-95.02967159177422,29.219238939466692],[-95.02929546074351,29.22006056440946],[-95.02932927983724,29.220258410088867],[-95.02910761161668,29.220694694654718],[-95.02904112310709,29.220998066088544],[-95.02909423619963,29.221250676664404],[-95.02899734423703,29.22158174854721],[-95.02904989907483,29.22187839973911],[-95.02891003558996,29.22270464822448],[-95.02875155364167,29.223151368131482],[-95.02878769356569,29.223613618200673],[-95.02698767002413,29.22756609020566],[-95.02521701629598,29.231087588464643],[-95.02431032560273,29.231985503394505],[-95.02286273853043,29.233196246389294],[-95.02060955574004,29.23475514896662],[-95.02048032381394,29.23496498897501],[-95.0205461339397,29.235349432139962],[-95.02039715802339,29.235515637954656],[-95.02014179821117,29.23558383854137],[-95.01966962419614,29.235351864694806],[-95.01938823785592,29.23539283168296],[-95.01915239793516,29.23563126948457],[-95.01898004979998,29.23596243439391],[-95.01866067542423,29.23593256375002],[-95.01802513293552,29.236284722771682],[-95.01764312401397,29.236388079151517],[-95.01735087020165,29.23656513243434],[-95.01704317073556,29.23705769925233],[-95.01691248645837,29.237157879305833],[-95.01621764709134,29.237179635192845],[-95.01536964508065,29.237555134583342],[-95.01485949551315,29.237955620116853],[-95.01479506859198,29.23835813883575],[-95.01405780433686,29.238501572812492],[-95.01336861373579,29.239118675533216],[-95.0129500472576,29.239231606075865],[-95.01239588835202,29.239505808345836],[-95.01143762806655,29.2400758400575],[-95.01133340944068,29.240318819731428],[-95.01102288082257,29.240513764824396],[-95.01032790180686,29.24049740193752],[-95.00974307357971,29.240898720802754],[-95.00893675752577,29.241609963460608],[-95.00760491620302,29.242391717026482],[-95.00702141907264,29.242859137335227],[-95.00421606930396,29.245304876365545],[-95.00399410046245,29.245669879670377],[-95.00389853990494,29.24617233809163],[-95.00368774507164,29.246350206225564],[-95.00333584144174,29.246892465164997],[-95.00269985046852,29.247249753282652],[-95.00217168656349,29.24769385607186],[-95.00206816663932,29.248013971957295],[-95.00120519102097,29.248972444286608],[-95.00056215958465,29.25021819522112],[-95.00052587148635,29.25038080062894],[-95.00021340883856,29.250753145393944],[-94.99985675756749,29.25091802039405],[-94.99955559399358,29.251204506541317],[-94.99925664725306,29.2525647915225],[-94.998318308515,29.253644144349767],[-94.99805558617942,29.25420539100246],[-94.99768080118402,29.25451926620916],[-94.99736818859371,29.255135669916598],[-94.99695503465716,29.255355778950186],[-94.99671110489784,29.25579594014725],[-94.99617326048674,29.256334959900645],[-94.99569125393752,29.256566119470026],[-94.9955729912777,29.25677516080345],[-94.99548646510102,29.25737469085125],[-94.99501152392433,29.2578198310836],[-94.99475553566357,29.25832592547904],[-94.9942035621877,29.258238045621013],[-94.99394073060209,29.258282053114975],[-94.99388521812422,29.25856789893515],[-94.99345980948445,29.25884292030585],[-94.99344174373752,29.259194613142572],[-94.99305991070813,29.259431103931004],[-94.99301621857558,29.259700546788824],[-94.99287295901972,29.259953350807315],[-94.99241690725053,29.26036584040067],[-94.99224822755747,29.26076182073688],[-94.99195454280056,29.260932267916797],[-94.99189210695582,29.2610475040348],[-94.99196782318457,29.261360910479095],[-94.99188668924505,29.26150396465922],[-94.99161104523219,29.261537130437976],[-94.991536232063,29.261602995622216],[-94.99148052377632,29.261877813973296],[-94.99164332747533,29.262070096614185],[-94.99159389845293,29.262268089382758],[-94.9914251987557,29.262389092912443],[-94.99101759537056,29.262240843080605],[-94.9906417951667,29.262466202425866],[-94.99042996939941,29.262983334325085],[-94.99000463180339,29.263302054448854],[-94.99008660037197,29.2635551338327],[-94.98979868279412,29.26385761073775],[-94.98959913279894,29.264242388448107],[-94.98902405930686,29.26498501977792],[-94.98898691047005,29.26518830856955],[-94.98854824823141,29.265848760589247],[-94.98687871534267,29.267427598889157],[-94.98620815805498,29.267950315449145],[-94.9855003668885,29.268341421911423],[-94.98532583683732,29.268682466432253],[-94.98513772162411,29.268874998926623],[-94.98496265200454,29.269012619684],[-94.98459299762052,29.269117763338713],[-94.98417946024838,29.269480990509212],[-94.9840926313861,29.269871598375307],[-94.98393568507335,29.269992727864402],[-94.9834902910318,29.270135803867753],[-94.98314104551578,29.270591421224992],[-94.98261412876722,29.271082968570134],[-94.98233910387901,29.2716220306828],[-94.98195010714973,29.2717215767429],[-94.98186258685921,29.271820653201328],[-94.98177549718982,29.2723379085217],[-94.98156914029964,29.27264048735844],[-94.98102372473542,29.272729027340677],[-94.98072243952646,29.272877820533587],[-94.98067974192125,29.273356554643044],[-94.98044786541513,29.27356038470204],[-94.98031657178619,29.27380814544065],[-94.97980812083742,29.273940467049027],[-94.9797017832201,29.27402331059682],[-94.9794573842722,29.274287584162195],[-94.979445703246,29.27452939899769],[-94.97935161272844,29.27469464740878],[-94.97895702290074,29.274948146996806],[-94.97875610118521,29.27526745631438],[-94.97831746467496,29.275537442250865],[-94.97801105165284,29.276060441980583],[-94.97753495751695,29.27640226510394],[-94.97710843896024,29.27658944437676],[-94.97691405871345,29.27690350420887],[-94.97643186328277,29.27713494173891],[-94.97614314641972,29.27748174858405],[-94.97589860236758,29.277641734667245],[-94.97521601382053,29.278440278883313],[-94.97485864139043,29.278352459771693],[-94.9746705522137,29.278528791429625],[-94.9744636349596,29.278567385985443],[-94.97428778063745,29.278507079104298],[-94.97411186370881,29.278584069727067],[-94.97373617295568,29.27907954982048],[-94.97338512494431,29.279294481261317],[-94.97302198148056,29.279790106088623],[-94.97285949607469,29.27985077147536],[-94.97241331950431,29.279779391451356],[-94.97205665286123,29.28002748569892],[-94.97179930396797,29.280115704744127],[-94.97147261971412,29.279813320700388],[-94.97125284035383,29.279736111138266],[-94.97082603947197,29.279791472107718],[-94.97051955342086,29.27999540972506],[-94.97007364672186,29.279857976728813],[-94.96990441086693,29.279896675609056],[-94.96952214214187,29.280397389859452],[-94.96932166657612,29.28046376360041],[-94.96875673476505,29.28038147742037],[-94.9685375544342,29.280414771632017],[-94.96796123764554,29.280871617323545],[-94.96767870621568,29.280976373322122],[-94.96616174241252,29.281110888682274],[-94.96594244086656,29.285573450503342],[-94.96622360903434,29.285632767343984],[-94.96642324068925,29.28550197439479],[-94.97255128782193,29.286965838174744],[-94.96970982323803,29.29578719110811],[-94.95364262828528,29.29188717596323],[-94.95321583683436,29.29223636429003],[-94.95312178976516,29.29256676300453],[-94.9531656283332,29.292781529995647],[-94.95291500625608,29.29305718484572],[-94.95297155874505,29.293420766130627],[-94.9527773880841,29.293834242473853],[-94.95251917966647,29.29398329163034],[-94.95227438119255,29.293933962113975],[-94.95209856545772,29.293978241068395],[-94.95181610564661,29.294292527394127],[-94.95116274808314,29.294475357205833],[-94.95100628154226,29.294585786920006],[-94.950785993794,29.29480619849338],[-94.9507988360346,29.29510369131675],[-94.95063578943422,29.295825731235947],[-94.95017739967518,29.29601910820135],[-94.95003288846527,29.29601955436292],[-94.94990732220023,29.296245457974635],[-94.94995736851006,29.296370657289476],[-94.94977973417485,29.29647990540388],[-94.94957409209475,29.29655428337997],[-94.94939182356549,29.296510557073873],[-94.94907528164538,29.29657210575257],[-94.94892093371125,29.296687600911433],[-94.94877656978045,29.29750333214141],[-94.94880816867041,29.29793858643113],[-94.94863897261169,29.298385086692676],[-94.94834984181347,29.298660975897572],[-94.94796026367074,29.29873874721056],[-94.94782210095191,29.298901518721195],[-94.94780311630751,29.29948369327929],[-94.94758968593527,29.299798340847616],[-94.94757761966515,29.30004600038797],[-94.94726950280334,29.301066178743056],[-94.94719404082049,29.30114336605888],[-94.9468551691118,29.301061011219808],[-94.94646575089484,29.301876963637405],[-94.94598241645603,29.30232370305484],[-94.94588858224476,29.3028306714069],[-94.94562455666743,29.303045911721338],[-94.94518512695406,29.303205971308575],[-94.94471447722432,29.30349866706585],[-94.94448800273787,29.303686149287735],[-94.9442631978041,29.304031347214877],[-94.93201575803785,29.303662290896444],[-94.91543844157331,29.303163168685433],[-94.90581734030184,29.302946177205587],[-94.90584501257092,29.301584244344536],[-94.90651814032188,29.301470779109135],[-94.90685652711622,29.301757611924863],[-94.90722364210175,29.301945137960015],[-94.90741382169236,29.302002665149235],[-94.90763347468597,29.301977084596935],[-94.90812622033745,29.302134879508447],[-94.90901991517673,29.30220930923552],[-94.91100916280219,29.30210159409041],[-94.91150654005278,29.30217112000903],[-94.91188034378506,29.302336165572058],[-94.91221432726043,29.30239189109471],[-94.91257159650189,29.302347732605856],[-94.9128824633541,29.30213889776064],[-94.91300184451212,29.30172813137457],[-94.91553165700742,29.301319508156052],[-94.91690095754448,29.301098310847866],[-94.91793143980868,29.301092067137272],[-94.9181202663027,29.30110033705512],[-94.91844335044311,29.30124440162996],[-94.91916622479765,29.30131123273081],[-94.91928986810935,29.301199160167307],[-94.92003427804455,29.3010338557049],[-94.92054860385466,29.300673472534587],[-94.92071741672163,29.300643417040757],[-94.92096222926071,29.300661827198013],[-94.92218227338603,29.301119209944485],[-94.92285380154534,29.30073998953653],[-94.92295609189308,29.300540001104682],[-94.924368885943,29.300553211071318],[-94.92469676176245,29.30062034668991],[-94.9252023964895,29.30048641641545],[-94.9258669110688,29.300422152863447],[-94.92629003675945,29.300228791836595],[-94.92693250515231,29.29966841581561],[-94.9276355067546,29.299333105808078],[-94.92910753617184,29.298177111547055],[-94.9291850557397,29.297955479017382],[-94.92893805899458,29.297495791567787],[-94.92818700130825,29.29696019627951],[-94.92766152293744,29.296691736235076],[-94.9274309228013,29.296430246079034],[-94.92330745478783,29.29506342095584],[-94.92257151354701,29.294946537203796],[-94.92176427060635,29.294389716862298],[-94.92151184149411,29.2943214443133],[-94.91983857420936,29.293312467971003],[-94.91921188205438,29.29322368804938],[-94.91841724111512,29.292968141897003],[-94.91765188368652,29.29282836121563],[-94.91743741654498,29.29287586151554],[-94.91672715952183,29.292811162247496],[-94.91634055867165,29.292678394650167],[-94.91596070759772,29.29273138933721],[-94.91544054768923,29.29274211064917],[-94.91518989656436,29.292684909490685],[-94.91501285581309,29.292782418825183],[-94.9142087545807,29.292841334314428],[-94.91404482255172,29.292779755663755],[-94.91292666609908,29.29300642325402],[-94.91139713720752,29.293456118363398],[-94.91123349880944,29.29365742803345],[-94.91043269039507,29.29413635723275],[-94.9097976155955,29.294644642842105],[-94.9096217842804,29.295064337908958],[-94.90967840984405,29.295813775185536],[-94.90921474588026,29.29598616691714],[-94.90882787798537,29.296026738060444],[-94.90865185859676,29.295969072312243],[-94.90841267364064,29.29612810462279],[-94.90819804578506,29.296433707939574],[-94.90758149146296,29.296631616597807],[-94.907274420524,29.296857770573908],[-94.90697375385199,29.2968412199376],[-94.90687948985743,29.2969021282402],[-94.90684902705152,29.29713906826051],[-94.90622177728653,29.29727150907158],[-94.9061084445535,29.297216364978254],[-94.90602757371637,29.297321167688132],[-94.9061721562578,29.297634990072638],[-94.90644764393042,29.297772720672054],[-94.9063853981322,29.29792680489059],[-94.90565815916526,29.298379064876535],[-94.90516957391135,29.29857729955876],[-94.90505721063943,29.29902913771786],[-94.90418616801412,29.29972339851257],[-94.90347705419613,29.30005418577973],[-94.9027942158457,29.30063281452067],[-94.90244315823485,29.301024106647787],[-94.9018160191434,29.301393312559465],[-94.90125766588747,29.30188915109342],[-94.9009316949091,29.302070850813028],[-94.90070580474065,29.302065215386424],[-94.90025394637065,29.301801313910392],[-94.8997833519173,29.301955491494095],[-94.8995260475903,29.302280345782442],[-94.89921309548629,29.302903074682924],[-94.89908144225485,29.30306263777331],[-94.8988868918047,29.303106772559524],[-94.89879936322177,29.30309567299223],[-94.89869878136794,29.302947086679396],[-94.89845407474432,29.302881143919247],[-94.89817192009124,29.30320053576341],[-94.89814031440883,29.303459455372256],[-94.89844206911856,29.303740384257168],[-94.89847362200457,29.30414258542766],[-94.8983106615966,29.304390362907366],[-94.8980660255527,29.304473106061575],[-94.89784649495839,29.30445119509801],[-94.89763888486385,29.30462181125094],[-94.89765224117735,29.305266271060546],[-94.89749615695507,29.305922146671186],[-94.89690031703962,29.306742730728573],[-94.89593441701835,29.30764101101643],[-94.89537626258775,29.308026717943555],[-94.89527010755418,29.308373839160982],[-94.89433518525742,29.309415136413804],[-94.89387237250855,29.311277346794345],[-94.89302042615246,29.31257768980686],[-94.89174091682742,29.313988146512493],[-94.89180504844477,29.315370982634846],[-94.89176190118744,29.315729175784565],[-94.89164279897204,29.315993443912596],[-94.89158170680612,29.31684070468343],[-94.89142482778759,29.318306992296748],[-94.89163316347118,29.31927647047665],[-94.8919162516275,29.320273381047034],[-94.89219254920772,29.320950710769093],[-94.89220534740369,29.32117111834817],[-94.8920000841688,29.323033009203048],[-94.89215743902622,29.324630134905874],[-94.8919576333594,29.32501022090882],[-94.89190128184029,29.325395760880653],[-94.89172575038444,29.32583669493775],[-94.89186404459268,29.325941025795476],[-94.89224030137467,29.325775878945375],[-94.89240918180322,29.325775824273816],[-94.89261681991567,29.32593525265015],[-94.89325052286571,29.32613354622726],[-94.89401657029619,29.326684011642065],[-94.89497686652193,29.327994169211433],[-94.89626424835086,29.329029120942675],[-94.89725027068084,29.330284196917965],[-94.89740078599654,29.33055970398902],[-94.89746999750346,29.330978167996186],[-94.89736448984151,29.331578727614993],[-94.89742602275781,29.331996979236443],[-94.89760804399488,29.332421013937477],[-94.8975081585544,29.332828187871524],[-94.897532916216,29.33312030436095],[-94.89808506149126,29.333571637463244],[-94.89831142741714,29.33386875163474],[-94.89846202179714,29.334623239136466],[-94.8983936111821,29.335014134488066],[-94.89861310494568,29.33521772416264],[-94.89909025787175,29.33542137099802],[-94.89949206590612,29.335729344515006],[-94.89969287461193,29.336004792384202],[-94.8997055254023,29.336797770897252],[-94.89982108783454,29.337336462249848],[-94.89993118368923,29.337678802041065],[-94.90018914966156,29.33794311793607],[-94.90140110107141,29.33886212997536],[-94.90230498598228,29.339258080775988],[-94.90353575299929,29.33969814700871],[-94.90408200943003,29.339752802195314],[-94.90417639408359,29.339510558769252],[-94.90415721251662,29.339306787224366],[-94.90382471324146,29.338800312992145],[-94.90376117175731,29.338453315214682],[-94.90394381190151,29.33760523659029],[-94.90408151289968,29.33728594114441],[-94.9040882052507,29.336872953428614],[-94.9036796609759,29.336498652148368],[-94.90293901023627,29.33603083549441],[-94.90259995164956,29.33552994511957],[-94.90197795236068,29.334836322395795],[-94.90130606759199,29.334285927791786],[-94.90096675059067,29.333895119996228],[-94.90087889375884,29.33375772953703],[-94.90100461374233,29.333697069108236],[-94.90121825648066,29.333817854284238],[-94.90149387769306,29.33416478781993],[-94.90220380965866,29.33475354278363],[-94.90270631481843,29.335298523177812],[-94.90291383496941,29.335656469470205],[-94.90325918784052,29.33599209722503],[-94.90410015378467,29.33634420108371],[-94.90448330720035,29.336663447478827],[-94.90491074150093,29.337247032807884],[-94.90503609827444,29.33786904800217],[-94.90584648906226,29.33859568182429],[-94.90632963620213,29.338761001835575],[-94.90673206948458,29.33910200913593],[-94.90735995307863,29.340104130294296],[-94.90735316645356,29.340489588205255],[-94.90749143422333,29.34065446571477],[-94.9076860746723,29.34074832015779],[-94.90784349976539,29.340742607839655],[-94.90795016006444,29.340836351027292],[-94.90804479336185,29.34120488621965],[-94.90792487192383,29.3418603894397],[-94.90815144397715,29.34251538099572],[-94.90815114218232,29.34285154691889],[-94.90795082139567,29.34367724011285],[-94.90765531545644,29.344310552429658],[-94.90766841583229,29.345141715534748],[-94.9075989560475,29.3453732678079],[-94.90722848968313,29.345516325181734],[-94.90715928144736,29.345697976860833],[-94.90727223652179,29.34612196379199],[-94.90727898630122,29.34707434850234],[-94.90742376050717,29.347580842203758],[-94.90718532063566,29.34821919213218],[-94.90697820130521,29.34936977891616],[-94.9065073260116,29.350366280959594],[-94.90601137152167,29.350790249491595],[-94.90551243722253,29.351035771527457],[-94.89490684976104,29.35116513221657],[-94.89485648143933,29.350787311038715],[-94.89451189330488,29.35001675475659],[-94.89448688245362,29.349669917035282],[-94.89458753713303,29.349278611316358],[-94.89612682250375,29.34720719432717],[-94.89660980357927,29.346281741465532],[-94.89730729432287,29.345504984167658],[-94.89762760639276,29.345014816699724],[-94.89781625958292,29.344563041526627],[-94.89787233892547,29.343748065287798],[-94.89745803772594,29.343423394893296],[-94.89706925151368,29.342972126489357],[-94.89676103860153,29.341942543434893],[-94.89623420354643,29.340962664789483],[-94.89642899870285,29.34021348582326],[-94.896717144095,29.34003722696429],[-94.89685530397178,29.340114020247423],[-94.89728859651744,29.341154822199098],[-94.8979043668027,29.341622467725077],[-94.89853158264931,29.341781910458604],[-94.89894633224516,29.34217264037367],[-94.89915978122303,29.342491962180198],[-94.89945460610522,29.343372686207267],[-94.89973703472323,29.343559895794314],[-94.90010770775048,29.34359269497404],[-94.90029563693793,29.34339449522411],[-94.90029601701644,29.343102356743767],[-94.90044029056926,29.34277749793346],[-94.90057829093386,29.34261787451259],[-94.90118092253871,29.342226452239263],[-94.90128803532608,29.34195135876204],[-94.90121906007333,29.341753135891345],[-94.90091761585138,29.3414337223288],[-94.90038989310425,29.34111484802556],[-94.90016434850435,29.340861465755577],[-94.89931049786927,29.339645105316222],[-94.89904025776049,29.33937511088173],[-94.89760864417019,29.338180926081222],[-94.89639143382593,29.337603364114912],[-94.89600859256386,29.337548374368264],[-94.89566971615817,29.337658926387068],[-94.89547454719526,29.337890211373683],[-94.89544374760351,29.339751587223702],[-94.89536172625253,29.340296780892032],[-94.89502289085907,29.341365314563625],[-94.8950283511521,29.342400250737036],[-94.8949596395856,29.342736425581304],[-94.89463284030083,29.34311105059263],[-94.89423093000379,29.343898691835296],[-94.89367216181488,29.345325183068045],[-94.89357143489984,29.34573300451959],[-94.89360562866203,29.3459191769206],[-94.89345190118294,29.346724013935038],[-94.8932568373938,29.347192389982265],[-94.8930115994289,29.34774855941071],[-94.8926536523833,29.348162194399517],[-94.89257176489821,29.348360186223292],[-94.89213763959884,29.350255194780207],[-94.89214334897544,29.351015212044928],[-94.89207661647679,29.351333872904725],[-94.88973203868358,29.35124636879467],[-94.88837903510883,29.35804249452154],[-94.89137249879909,29.35815723455399],[-94.89139745658512,29.35855193886219],[-94.89156073739906,29.3588991628641],[-94.89154767576407,29.359477436261734],[-94.89166109594447,29.360367083514745],[-94.89172282121766,29.360557057186877],[-94.89163432297686,29.36097052131222],[-94.89169672709126,29.361593112969288],[-94.89113789842975,29.361506252858625],[-94.89045260861823,29.361568092108516],[-94.89002417287863,29.361811317162125],[-94.88956515794851,29.362247708804166],[-94.88904985233398,29.362259613463763],[-94.88832669124135,29.36260861766898],[-94.88779788262627,29.3626977621449],[-94.88767207791894,29.362819312486547],[-94.88772847196842,29.36306176581136],[-94.88750207225769,29.363288343338425],[-94.88636008565015,29.363666908937287],[-94.88620608536667,29.36398037247199],[-94.88548761707881,29.364793049304037],[-94.88414076719994,29.36564542894263],[-94.88383889963076,29.36591642559721],[-94.88358008192333,29.366281078222382],[-94.88339745276659,29.366391722356298],[-94.8829637894898,29.366464378610683],[-94.88251655464849,29.36663076772149],[-94.88151004771188,29.367151708488432],[-94.87969978722761,29.368502030955966],[-94.87896032048214,29.369103726311437],[-94.87838109247126,29.36992648962524],[-94.8780843681548,29.37108513156138],[-94.87809563720404,29.371796869451344],[-94.87782417004466,29.373252125697206],[-94.87786784838498,29.37367646148338],[-94.87792428315764,29.37385835529314],[-94.8782132199584,29.37422169854211],[-94.87864785386024,29.374636847613537],[-94.87884847864092,29.375052924465763],[-94.87897258211804,29.375129162532595],[-94.8791737972649,29.37635336854823],[-94.87945741357649,29.377020087098696],[-94.87976397889888,29.37741432861138],[-94.88028147906412,29.377676086835677],[-94.88057793477365,29.377941666596723],[-94.88097765588182,29.378097174260873],[-94.88189783451931,29.378293648825117],[-94.88276996792627,29.378387681359104],[-94.88361677893506,29.378215737661876],[-94.88523022739422,29.37761775733673],[-94.88582808847471,29.376978438721668],[-94.88608323675933,29.37592164382658],[-94.88596883423445,29.375198964567225],[-94.8856495499931,29.366287499862064],[-94.88671218388494,29.366163826131118],[-94.88738624095396,29.36501486223307],[-94.88849502120273,29.363832156549197],[-94.88916844545473,29.36332353236655],[-94.89054569257321,29.362549090382004],[-94.89180813499779,29.362109175474934],[-94.89195939432652,29.363356208635818],[-94.89182745010295,29.36344449635371],[-94.89195318176222,29.364028330876433],[-94.89183321939798,29.36439789353454],[-94.89143074530807,29.364790126798805],[-94.89084550108556,29.365056254678322],[-94.89077627154124,29.365386896699185],[-94.89030437721212,29.365724368983283],[-94.89025374454876,29.366000376302324],[-94.889957786001,29.366353887900324],[-94.89003904546585,29.366871918875255],[-94.88983624648215,29.368189920839313],[-94.88985536426152,29.368454633431828],[-94.88969800215402,29.36848819174528],[-94.88993633020993,29.36908277996023],[-94.88991723727543,29.369655980636193],[-94.89000470620222,29.369980901469475],[-94.88967003587483,29.372687869799837],[-94.88970998919064,29.37836341675326],[-94.88944652408712,29.379070585812247],[-94.88944322135117,29.37994172511751],[-94.8889925466812,29.380442121350942],[-94.888659902248,29.382017102092874],[-94.88837168330426,29.382746325992787],[-94.88819689705736,29.38418866225018],[-94.88804688870076,29.384605501901845],[-94.88766504738409,29.385246329398296],[-94.88694187898803,29.385801452188367],[-94.88673164077477,29.38573414210364],[-94.885817517505,29.38622858328822],[-94.88568833957412,29.386607727024742],[-94.88595754750166,29.387512243241495],[-94.88572556369141,29.389144935526723],[-94.88530220399691,29.38946028178301],[-94.88979389766472,29.38963244713775],[-94.889966984403,29.38985920394964],[-94.89015887732371,29.38997703048145],[-94.89036345505394,29.39058629259228],[-94.89028028691197,29.39137656769318],[-94.89000897504627,29.3919628219513],[-94.88985348358929,29.392020212254877],[-94.88966158499848,29.39194748527357],[-94.88948404583492,29.39273871010399],[-94.88981636603943,29.392950856941678],[-94.89114520333865,29.394273884677165],[-94.891307969321,29.395574754039952],[-94.89171264537438,29.3965798599523],[-94.89207402320642,29.397152009800912],[-94.89267838187408,29.399294044505613],[-94.89255974938753,29.401731588309122],[-94.89240222041363,29.40214164218767],[-94.89231998936631,29.40342271391223],[-94.89214527702669,29.404069630837434],[-94.89199690013284,29.404333814300944],[-94.89094810505317,29.406402192778373],[-94.89064397881455,29.407522162247428],[-94.89030631742348,29.408217937882938],[-94.88983089768415,29.408770525542323],[-94.88887270530847,29.40952756521583],[-94.88842006041605,29.409774544718307],[-94.88788612786834,29.40996084783339],[-94.88815803416975,29.410457020445],[-94.88824434738892,29.41116328462318],[-94.88848324965905,29.411928379379226],[-94.88849872202877,29.412487251877394],[-94.88781503643305,29.414277294844446],[-94.88753398358544,29.415421726027628],[-94.88737963141753,29.416893393396396],[-94.88739524527055,29.41752384046303],[-94.88764707070393,29.418647413590758],[-94.88787802882109,29.419677872920634],[-94.88820651638002,29.42051917722795],[-94.88827063119925,29.421693680151833],[-94.88864618709741,29.422581972416825],[-94.88934881024419,29.424742758879443],[-94.88942607314289,29.426161116255507],[-94.88967720531129,29.42726327862078],[-94.88992729071154,29.42763644941705],[-94.89057657884759,29.428314125295426],[-94.89097589339497,29.429454945083936],[-94.89107387795194,29.43007427315419],[-94.8910259163504,29.43059232997957],[-94.89095685754691,29.431134786642982],[-94.89115935784574,29.432954330144668],[-94.89149773716763,29.433548576218403],[-94.89182756514644,29.43376629348152],[-94.89226835300525,29.433758199643353],[-94.89263395807862,29.43383383973836],[-94.89389132625604,29.434673261764548],[-94.89512753106679,29.43530151501386],[-94.89585864303947,29.435784874607464],[-94.89680672262476,29.435805100115193],[-94.89708200034428,29.43590908415791],[-94.8979364640481,29.436769792870322],[-94.89962544638333,29.4377324971108],[-94.90059057256701,29.43837333336775],[-94.90083121304502,29.43861340187942],[-94.9016994527154,29.43903266849933],[-94.90388941525627,29.439862580080533],[-94.90455063608027,29.440044455843378],[-94.90596082862912,29.44063443234299],[-94.90624344878297,29.440904258767073],[-94.90745148633755,29.441519768520312],[-94.90845500024508,29.44181959422934],[-94.91022023242664,29.442470634012516],[-94.9105803051026,29.442623403734352],[-94.91066085113367,29.442721988842877],[-94.91072862452843,29.442659298401075],[-94.9115233080946,29.443057347271658],[-94.91218415852174,29.443232517778284],[-94.91324408849282,29.44388279288936],[-94.91427071327999,29.444387860317597],[-94.91514197533282,29.44469051904773],[-94.91631258345211,29.445374798251603],[-94.9170370750881,29.44553665852558],[-94.91736973923128,29.44546150791985],[-94.91758796684886,29.44531880635635],[-94.91797738530904,29.44524112110227],[-94.91817250813772,29.445329473400836],[-94.91808980706685,29.44594911693934],[-94.91863238450244,29.446603048200743],[-94.91708750194059,29.44868003683687],[-94.92428769608243,29.45291782285543],[-94.92523658044999,29.454257069532783],[-94.92564745143756,29.45518653712561],[-94.92577596364511,29.45566365716147],[-94.92604008750439,29.456104006576357],[-94.9267620388635,29.456210645829586],[-94.92729489111103,29.456505011512803],[-94.92779864310957,29.456588397937203],[-94.92861034203314,29.457025409872703],[-94.92929555977248,29.457218276479775],[-94.9299419173011,29.4575080281876],[-94.93029120974477,29.457575119342582],[-94.92215211334668,29.4688224697097],[-94.92562155107994,29.470760375564026],[-94.92520260343284,29.471209801653778],[-94.92508038472359,29.47184867005024],[-94.92444297575543,29.47254638841509],[-94.9242120403956,29.472947141566188],[-94.92284786509579,29.474607088828154],[-94.92172850792814,29.47615730734563],[-94.9204337251864,29.477481221661577],[-94.91955169200965,29.479005079614353],[-94.91889319788508,29.47995380031836],[-94.91856337630962,29.480243482439942],[-94.91806406649076,29.480870911189314],[-94.9170313600302,29.482506760180687],[-94.91661153793538,29.48305544401232],[-94.91596425807828,29.48391167380529],[-94.91572238953054,29.484128799670927],[-94.91504611538443,29.485221003689226],[-94.91390840552266,29.48656076725812],[-94.91284204889257,29.488070313189564],[-94.9120758958619,29.489841412178112],[-94.91201063629146,29.490592556786645],[-94.91140350884035,29.491970073527053],[-94.91035541797774,29.493775291430282],[-94.90971846588077,29.495300989186997],[-94.9095394146976,29.495925728916585],[-94.90946488936409,29.496837923614642],[-94.90963247552213,29.496928659488013],[-94.91224457056548,29.496567835692513],[-94.9135627295525,29.49657539767209],[-94.91494069730639,29.496844885199142],[-94.91538079163398,29.496992929139036],[-94.91597314789719,29.497314996349324],[-94.91641714209779,29.497451876032798],[-94.91707254375083,29.497501874686385],[-94.91771639264196,29.497383765248408],[-94.92059834477874,29.497948335976226],[-94.926582606413,29.49940531573905],[-94.9275546653157,29.499807235471515],[-94.92918013491135,29.50021083225837],[-94.93127613718244,29.50032885204615],[-94.93141158438746,29.50038691466938],[-94.9314763735256,29.500336840232006],[-94.93181127997899,29.500402859289142],[-94.93338628811091,29.50095232930875],[-94.93348945600934,29.500890712479123],[-94.93368969369045,29.50089869718056],[-94.9346030596486,29.501158822597837],[-94.93614014347419,29.501470316944882],[-94.9364458227308,29.501614319244002],[-94.9365617802994,29.501789996181238],[-94.93680749076232,29.501892027362423],[-94.93705517115164,29.50194112649929],[-94.937475807462,29.501865427946562],[-94.93780916927908,29.501892360375418],[-94.93853763785137,29.502092437836772],[-94.9389653114819,29.502069887055615],[-94.93919467582165,29.501987135043397],[-94.93941321549926,29.502127314884504],[-94.93988146064525,29.5022774324583],[-94.94008528405685,29.502443526555762],[-94.9404181481672,29.502549021366118],[-94.9407969163514,29.50249837324937],[-94.94132995099052,29.502598406251412],[-94.94145010908441,29.502708508034583],[-94.94213884379828,29.502946562642368],[-94.94276051059781,29.503037045940957],[-94.94369906230267,29.503298464822315],[-94.94474828842755,29.503353286722938],[-94.94515041175488,29.5035799208037],[-94.94552361344762,29.50362092501514],[-94.94565636546936,29.50373152361558],[-94.94755308415091,29.504346620417696],[-94.94839028774935,29.504393338506983],[-94.94961385130757,29.504955137060097],[-94.95094299535158,29.505165937407433],[-94.95120812620897,29.50510626115988],[-94.95197486932227,29.50519147712878],[-94.95202557134192,29.50510914804975],[-94.95229006417016,29.505016424121873],[-94.95295488059362,29.505200451756302],[-94.95352569783778,29.505482976053017],[-94.95428871831162,29.505660475260747],[-94.95515811349452,29.50582452344566],[-94.95708446122485,29.50662890715844],[-94.95817091917533,29.506709895471122],[-94.9594805679517,29.506963534606495],[-94.96025983764397,29.507202319587734],[-94.96088328305558,29.50716784817167],[-94.9615013934988,29.507236765276286],[-94.96292887615508,29.507768321309335],[-94.96318329328922,29.507778406699195],[-94.96366343474064,29.50804971768798],[-94.9648040851,29.50840675143363],[-94.96496524454325,29.50856180665623],[-94.965225795306,29.508438598631233],[-94.96616596724029,29.50856464495521],[-94.9667053824027,29.508526815716245],[-94.96775968575959,29.50889518759714],[-94.96843356768277,29.508981071694052],[-94.9690535336429,29.509287848237346],[-94.9702546075991,29.509572889822756],[-94.97096236186182,29.509869240881667],[-94.9714434027687,29.510080085898863],[-94.97195380867745,29.510040735050254],[-94.97273135649776,29.51016132241217],[-94.97363510990404,29.51048963534123],[-94.97397358378463,29.51071640363355],[-94.97460152288512,29.510762585103752],[-94.9750600534551,29.510934900863997],[-94.97620169377903,29.511456734044287],[-94.97627042167802,29.51158885300685],[-94.97621948842918,29.51179783047564],[-94.97631960737498,29.511886103958183],[-94.97637018989477,29.511760058011703],[-94.9765842249083,29.511623292872123],[-94.97689264853022,29.511624471917802],[-94.9785497171582,29.512070970841926],[-94.97866189661862,29.512352097166946],[-94.97876854903024,29.512374566501006],[-94.97903319089463,29.51217197459159],[-94.97915901163313,29.512188992152726],[-94.9813444594497,29.512797433673203],[-94.98200889500983,29.513174047053333],[-94.98253520051286,29.513665311634988],[-94.98321314296236,29.513871729057477],[-94.98401558929582,29.51430367797715],[-94.98459988917845,29.514448928533323],[-94.98503255616585,29.51474202286339],[-94.98550980567103,29.514903336607645],[-94.9857667509273,29.515124459425426],[-94.98629411354678,29.515214446023904],[-94.98661626050219,29.515463381049496],[-94.98710944433346,29.515641025183008],[-94.98798764912677,29.516238054708168],[-94.98841391063974,29.516426600609545],[-94.98903468002106,29.516857553340746],[-94.99028972735279,29.517533076506975],[-94.99092932555216,29.517980586762835],[-94.99126218884493,29.518042241876547],[-94.9918522462983,29.5184124281692],[-94.99216631830774,29.518518075543785],[-94.99251709212548,29.518843365475064],[-94.99352150873057,29.51923741486985],[-94.99505851086063,29.520292279374274],[-94.99562944454114,29.52059112546925],[-94.99604267492548,29.520988049677594],[-94.99642582843084,29.5211432340159],[-94.99829474462139,29.522616536953496],[-94.99855848289695,29.522936325560185],[-94.99881544186569,29.523035915322385],[-94.9990852308585,29.5233449274419],[-94.99938631198515,29.523505119062893],[-94.99971861144269,29.523868896377802],[-94.99986850649248,29.523910918115032],[-95.00021398211894,29.524216435136232],[-95.00203126883366,29.52554649784654],[-95.00329290987892,29.526051774918685],[-95.00366759393854,29.526448891941772],[-95.00398019266754,29.526813941037513],[-95.00424602567578,29.527353737546942],[-95.00446101994656,29.527626834311256],[-95.00521797490254,29.528274046521904],[-95.00619502628426,29.529356300869008],[-95.00686577786215,29.530441320137385],[-95.00763211129309,29.53141237729946],[-95.00774227004362,29.53150516969056],[-95.0080996339934,29.531489607756257],[-95.00836217914612,29.531588013053952],[-95.00850555569664,29.53178500915396],[-95.00878899872845,29.53245763435416],[-95.00881394169022,29.532723287118277],[-95.00869320764969,29.532836237956666],[-95.00859969865817,29.533170540187115],[-95.00914098817681,29.534294522897586],[-95.0094294797957,29.53439395835202],[-95.00988645782188,29.53467657415813],[-95.01015301502207,29.534697027127567],[-95.01041151142074,29.534844147866814],[-95.01062421020563,29.535040400452534],[-95.01074914037771,29.53548929702386],[-95.01094418114171,29.535626140554744],[-95.01100766526937,29.535636073416395],[-95.01127055395466,29.536295488934854],[-95.01174449154942,29.536570159084075],[-95.01237476353279,29.536697469532662],[-95.01242746168789,29.536836158951136],[-95.01272901708826,29.537018692970168],[-95.01320124401666,29.53761819310484],[-95.01437933962931,29.538620848931597],[-95.01506961905147,29.53960436944835],[-95.01532379201332,29.539836333639997],[-95.01556676695432,29.54116127736742],[-95.01581740707125,29.541768928068986],[-95.0158976598208,29.542506518812306],[-95.01605953120021,29.543110688324884],[-95.01603680875911,29.54355378990339],[-95.01617064211388,29.544413259505998],[-95.01655870223298,29.54550434155384],[-95.01669364709988,29.546434085668352],[-95.01695198712254,29.54683070208446],[-95.01698885652479,29.547094404792354],[-95.01693811492679,29.547561863346523],[-95.01659045713023,29.548446511071756],[-95.01640692773775,29.54913936477169],[-95.01625395253343,29.550464624530075],[-95.0163472407113,29.55145468081206],[-95.01657934139664,29.552378577807332],[-95.01686842660466,29.553066549155268],[-95.0173082454471,29.55386988797388],[-95.0180760935017,29.55489391843581],[-95.01774707223328,29.555921816301282],[-95.01753184350483,29.55611571205056],[-95.01646564265731,29.55748195739008],[-95.01645296899723,29.557575412350463],[-95.01676133541115,29.558010500011306],[-95.01665361641535,29.55819179259543],[-95.01671051889448,29.558279701022382],[-95.01661560129946,29.558703103442927],[-95.01630016993703,29.558774027813733],[-95.01604167950211,29.558993807502493],[-95.01609157613184,29.55935677848676],[-95.01592761935342,29.559559951035116],[-95.01590854543828,29.55990097903858],[-95.01479625116936,29.56229134148881],[-95.01450653910844,29.562428676880693],[-95.01436145703273,29.562708987313766],[-95.0141462667682,29.563296991187453],[-95.01419605186024,29.56346209479273],[-95.01411403941678,29.563725591066884],[-95.01367904062354,29.564055132817447],[-95.01341901549135,29.56499484912225],[-95.01290145041705,29.56595096472177],[-95.01252084532678,29.56729172274169],[-95.01222409225527,29.56770376457301],[-95.01161279781438,29.568230788492688],[-95.01139652521945,29.5694066081349],[-95.0111631701836,29.56978017218612],[-95.0109767591094,29.569902693481666],[-95.01048206378319,29.570224631850767],[-95.01023591693188,29.57029549481364],[-95.00993314555394,29.570625031946935],[-95.00951577653571,29.57159160943188],[-95.00925104472915,29.571931924154995],[-95.00892295923876,29.572156869546525],[-95.00873938929986,29.572771929076097],[-95.00833498360954,29.573194550987406],[-95.00752627984927,29.57458902828956],[-95.0070530092085,29.574896053844228],[-95.00668731347417,29.57534596320894],[-95.00626944809491,29.576367588646217],[-95.0059730354536,29.576680172972697],[-95.00589043098915,29.576877933234517],[-95.00502006750747,29.57731043218392],[-95.00444516701852,29.577985488784545],[-95.00374543763348,29.578484225647596],[-95.00295044129834,29.578829189346223],[-95.00282379062713,29.579087154796166],[-95.00284204836403,29.57932913893793],[-95.00315078163756,29.57952746336265],[-95.00315088437485,29.579785605473173],[-95.00218569357503,29.580224018001456],[-95.00188212753946,29.580553156887177],[-95.00211514529691,29.580861073614518],[-95.00208977543227,29.580971224394204],[-95.00149613347986,29.581519916270732],[-95.00110405543306,29.581586059173453],[-95.00096662171048,29.581678760022633],[-95.0009153133426,29.582277666366256],[-95.00073908192837,29.58238191354082],[-95.00037942762657,29.582392547028267],[-95.00027858706984,29.582683891714638],[-95.00030059107299,29.58289918516694],[-95.0002141054597,29.582971875037387],[-94.9999259795656,29.583215545729693],[-94.99971166597508,29.58324808233379],[-94.99958523637983,29.583577973107676],[-94.99942142223324,29.583654491398867],[-94.99916146377272,29.584099619904723],[-94.99858174639378,29.58428503984937],[-94.99849299645257,29.58457100122193],[-94.99763763343883,29.584557668740924],[-94.99708931767003,29.584698879267517],[-94.99621809320134,29.585406306982456],[-94.99669639306302,29.585523547507933],[-94.99666326999048,29.585815138375676],[-94.99642984644954,29.585973918961795],[-94.99613816929066,29.586468732442757],[-94.99591095388703,29.586660446380822],[-94.9955265815516,29.58681362955527],[-94.99474133166717,29.58658549721814],[-94.9946972917755,29.586645722481794],[-94.99547580201646,29.58698955673579],[-94.99580745230021,29.587293437507192],[-94.99503629608049,29.588182736151428],[-94.99419946422155,29.588191092145408],[-94.99487636766919,29.587449877454294],[-94.99460191847886,29.586876697050574],[-94.99436879546711,29.586815543198608],[-94.99462410518612,29.58745476176749],[-94.99388565980779,29.588090973997577],[-94.9938273232306,29.58838260466252],[-94.99397778411084,29.588504178123383],[-94.99398338939582,29.588685786968036],[-94.99384463010561,29.588795623875193],[-94.99363093793718,29.588739708029713],[-94.9934543360887,29.588788863143805],[-94.99334101525629,29.58890968905662],[-94.9933207401654,29.58913499457202],[-94.99315575520437,29.58950915204194],[-94.99237562809154,29.589578246090884],[-94.99113728780692,29.59071380567909],[-94.99061371822442,29.590893838279285],[-94.99061238849326,29.59130129924784],[-94.9906809086827,29.591438916001636],[-94.99113545429067,29.59105516458849],[-94.99152587178591,29.590891217964902],[-94.99176010977764,29.59059482019798],[-94.99241699990215,29.590150879273793],[-94.99256860344234,29.589975130149742],[-94.99287096817014,29.589915439997075],[-94.99295766208841,29.59009748147374],[-94.99290624925094,29.59036151315963],[-94.99258959432362,29.59092759348974],[-94.99192559422642,29.591723700343042],[-94.99099609106963,29.592673155089972],[-94.99079126786897,29.59302917259262],[-94.99074802529829,29.593145921578895],[-94.98938383896756,29.593086321988693],[-94.98935179154296,29.593020353827967],[-94.98916988710005,29.59301972598554],[-94.98872861877688,29.59316134191265],[-94.9884395137117,29.593116577819686],[-94.9881192811698,29.59291155531115],[-94.98790593795185,29.592894549683],[-94.98788002058822,29.593076300684693],[-94.98846974840659,29.593309118632867],[-94.98886465541716,29.593684697496254],[-94.98904026448083,29.593746010985267],[-94.98915456048418,29.59365276098815],[-94.98975202535242,29.59364361063881],[-94.98978898663606,29.593797868113334],[-94.9896803790138,29.594116786354203],[-94.98938355091695,29.594435151813666],[-94.98904335527196,29.59457180954648],[-94.98826384595267,29.594475705788977],[-94.98791855682364,29.59423767994003],[-94.98777491649678,29.594044792640894],[-94.98763590913434,29.59408267355934],[-94.98743930953182,29.594412577615728],[-94.98741360319725,29.594544424195476],[-94.98748237162187,29.594616287033087],[-94.9886582293638,29.594785175490724],[-94.98854916624161,29.59528061109486],[-94.9883843718035,29.59554395306172],[-94.9883767168409,29.595890941282345],[-94.98795434412467,29.59609318000253],[-94.98770726662745,29.59643933001413],[-94.98731023114868,29.59660884961159],[-94.98716491303904,29.59658625017276],[-94.98692570147608,29.59673411774199],[-94.98691894987155,29.596849832982848],[-94.98705626266604,29.597042822951238],[-94.98658399656324,29.597052092213982],[-94.98639356467902,29.59741491478321],[-94.98587638178283,29.59782097698681],[-94.98516183790193,29.59855618605426],[-94.98495334412021,29.59870421523398],[-94.98472110575429,29.598686803809695],[-94.9843607091154,29.599076664670424],[-94.98427237416053,29.59904873733178],[-94.9842027432059,29.599130996640103],[-94.98424588843436,29.59930204136875],[-94.9831698623454,29.600829045810457],[-94.98308097012429,29.600933274482284],[-94.98277920624301,29.60096543246286],[-94.98299223309324,29.601202701744683],[-94.98293114580784,29.602171581248378],[-94.98345999266931,29.60340119448981],[-94.98387903591514,29.603980807136832],[-94.98397192183704,29.6042567167485],[-94.98392730707441,29.604388492143002],[-94.98408419191038,29.604477289423023],[-94.98429892491795,29.604345683396645],[-94.98489578038146,29.60438091460483],[-94.98559815510833,29.60495034685529],[-94.98631617790264,29.606010159593854],[-94.98778123284028,29.60750794296514],[-94.98813516931725,29.608434324160395],[-94.98818443172826,29.6086548056424],[-94.98813317529014,29.60872668134947],[-94.98811455315749,29.608864073790517],[-94.98837306974946,29.608815412218593],[-94.98870378474575,29.609306852353257],[-94.98892704693515,29.6098804405163],[-94.98922755560541,29.61023954977205],[-94.98966039905244,29.61046140137967],[-94.98984879787197,29.61048947324323],[-94.98993480313068,29.61085355434932],[-94.99019230346792,29.611069178845586],[-94.99051175641081,29.611213581413935],[-94.99116575190082,29.611348083680422],[-94.99179241081315,29.611752740286057],[-94.99209880369018,29.61208970919608],[-94.99288983896031,29.612362471561948],[-94.99398648129167,29.613144361816108],[-94.9972584672084,29.615381064072594],[-94.99769806069939,29.615564253387088],[-94.9986369673054,29.6165152986875],[-94.99968971874651,29.617367241464795],[-95.00021417712078,29.617670599453366],[-95.00076407778899,29.61784553694852],[-95.0020621355711,29.618799325632217],[-95.0023896892595,29.618909590519802],[-95.00315851907182,29.619339742910707],[-95.0033851853275,29.6196811230011],[-95.00378855645445,29.619879718465835],[-95.00426116586628,29.620325742726777],[-95.00683109934803,29.62236266044585],[-95.00706419285244,29.62267089356333],[-95.0077126564646,29.623221222446052],[-95.00780683544932,29.623397007541655],[-95.00941902108721,29.62483284713822],[-95.00962588878771,29.625207849500455],[-95.01068985751844,29.626596021337047],[-95.01162703980688,29.627600581731524],[-95.01184850954438,29.62795172986709],[-95.0118497317194,29.628342069029657],[-95.0123741057752,29.628379850967516],[-95.01267704110994,29.628571732412514],[-95.0129502778865,29.62898891124711],[-95.01342489274293,29.629427756932472],[-95.01398271137764,29.63025671099639],[-95.01440886095708,29.63125638455671],[-95.01490938699565,29.63209651199042],[-95.01542106520638,29.63423912804819],[-95.01559380292917,29.63515659142268],[-95.01567315482747,29.63626657789856],[-95.01574372770914,29.636656543408808],[-95.01585780077589,29.63685960318848],[-95.01588465807771,29.637288118103616],[-95.01554290630955,29.637068917960622],[-95.0156527451062,29.637799768205376],[-95.01562319078134,29.638437054845234],[-95.0150975617865,29.640141499792623],[-95.01486663832384,29.6406002051331],[-95.01396336569002,29.642571699040495],[-95.01357537802707,29.64360555987764],[-95.01351317240007,29.644111130872755],[-95.0134130549874,29.644265185606066],[-95.01245367414381,29.644057909468184],[-95.01243506910552,29.64418968244148],[-95.01343280167896,29.64455610968242],[-95.01338383971544,29.645094545808288],[-95.01284024313192,29.646963826779263],[-95.0117534862522,29.64865210200082],[-95.01145238055344,29.64932831382941],[-95.01113073596434,29.649499158564897],[-95.0112013786603,29.649949713621616],[-95.01100639063887,29.650109326657468],[-95.01034675185917,29.651060934742837],[-95.01034651418146,29.651203409271346],[-95.01010770077326,29.651418464152425],[-95.00959247959025,29.65224320216474],[-95.00855236921663,29.65424865928861],[-95.00782140887952,29.655481663973937],[-95.0075822161933,29.655657800737007],[-95.0075268304558,29.656229378098132],[-95.00737550038757,29.656597566144214],[-95.00677859316586,29.657537861206723],[-95.00565838771013,29.65867683405624],[-95.0057223467173,29.659088583270268],[-95.00560929024893,29.659325080470985],[-95.00446325094771,29.660123336799096],[-95.00441281437793,29.660337510171328],[-95.00387208111728,29.661135091992012],[-95.00276961215081,29.661867248288637],[-95.00247966803389,29.661972196260063],[-95.00244906865383,29.662076665556622],[-95.00258190444892,29.662466320114877],[-95.0020970226848,29.662714377974492],[-95.00204733371125,29.66308275337146],[-95.00249592460496,29.66341703180951],[-95.00181534986012,29.66357753296922],[-95.00166424273885,29.663726136323127],[-95.00158349032178,29.66425368778975],[-95.00146334030254,29.664413488154814],[-95.00021427616183,29.665331708081652],[-94.99959920742933,29.665792380018914],[-94.99889843927801,29.6661898831987],[-94.99713007532857,29.667148147649478],[-94.99637440511978,29.6677093900704],[-94.99541892949945,29.66815643254812],[-94.99473776869412,29.668800797796862],[-94.9945484524223,29.669079032047676],[-94.99405820109835,29.669307562545125],[-94.99357432467292,29.66985609628597],[-94.992588880057,29.6702413499613],[-94.99200494630516,29.67072742337054],[-94.99122295847346,29.671033614603587],[-94.99099167173942,29.671238946260864],[-94.99014422838734,29.671637536409186],[-94.989849587644,29.671863770060455],[-94.98907417921747,29.672164342896473],[-94.98853126934259,29.672496796166328],[-94.98699151380984,29.672823016112943],[-94.98470485754461,29.67359959046555],[-94.98315572154348,29.674487169706413],[-94.97029656433746,29.681442287905394],[-94.969963698162,29.681933033446484],[-94.9697180255222,29.682794466871297],[-94.96538036633703,29.681893702644505],[-94.97093824717399,29.68492062028043],[-94.97123188505167,29.68517792394122],[-94.97285884509341,29.68607995810652],[-94.97625836003616,29.687859425525684],[-94.97566444363194,29.688246202384924],[-94.97519009335173,29.688012711897283],[-94.9747991651413,29.687995545002664],[-94.97448068194406,29.688117212230182],[-94.9743692115921,29.68833585254761],[-94.97432545587026,29.688891690212415],[-94.9741866767955,29.689181531950883],[-94.97422462664335,29.689468713900037],[-94.9741586232471,29.689616518529164],[-94.97402840826254,29.68980170694082],[-94.97362797805576,29.68992219510562],[-94.97345518009759,29.6900465010647],[-94.9731981227413,29.690549550053117],[-94.97325858549868,29.691558683981928],[-94.97328761446082,29.691652754468315],[-94.97340092007224,29.691687854551127],[-94.97350209808968,29.691667432930753],[-94.97374401176779,29.691274283661908],[-94.97392429723844,29.691111696122395],[-94.9742282984817,29.691072421341907],[-94.97444639167914,29.69091065117491],[-94.97460491773873,29.69086357399456],[-94.97497215914119,29.691095254491003],[-94.97492752638439,29.691408776551516],[-94.97473097103224,29.69176377880211],[-94.97489617029561,29.692592904984412],[-94.9748024309867,29.69357609799665],[-94.96944817957272,29.700780753693387],[-94.96909915427834,29.700770451813803],[-94.96854098599708,29.700602098646574],[-94.96804477102049,29.70063444553393],[-94.96715562127012,29.700663001250433],[-94.96640368980773,29.70041402378307],[-94.96530607025524,29.70036924415441],[-94.96124625339077,29.69977563243923],[-94.95847351012974,29.699571887855516],[-94.95721566228467,29.699408823370945],[-94.95670207223085,29.69926285523041],[-94.95602747565627,29.69924129206634],[-94.95518221262981,29.698968585845055],[-94.95504791278934,29.698746078473395],[-94.95457105901198,29.69890925841757],[-94.95293874006421,29.698867286224708],[-94.95244521676844,29.698942028374816],[-94.9514572605013,29.698866010868926],[-94.95084483981823,29.6986193811375],[-94.95028561155111,29.698819892948816],[-94.949830319186,29.698856910366576],[-94.94951682982905,29.69877493327391],[-94.94935939891408,29.698800002288056],[-94.9485750543528,29.699190175034932],[-94.94814779942146,29.699190809496052],[-94.94683481256185,29.698903925733358],[-94.94667827337335,29.69885159020706],[-94.94642502478551,29.698627469726638],[-94.94595173762919,29.698631039932547],[-94.94563433840786,29.698427404439833],[-94.94539280153941,29.69852313784204],[-94.9451801113701,29.69845894042908],[-94.94507591978146,29.69832503543154],[-94.94488633570074,29.698316474895893],[-94.94390734089558,29.698416995237213],[-94.94321914817668,29.698141848244003],[-94.94174860355007,29.696751065666675],[-94.94024036123957,29.69562997091184],[-94.9382221685377,29.69503585042497],[-94.93742959545274,29.69463157774491],[-94.93681540181429,29.693860936905413],[-94.93606517250137,29.693264220563645],[-94.93566912864193,29.69263476643583],[-94.93550997388822,29.692119040474854],[-94.93555906397319,29.69160125292139],[-94.93576034437658,29.6910530492991],[-94.9359889706958,29.690962679284986],[-94.93603195698566,29.690168970017385],[-94.93601978169569,29.689843566267857],[-94.93570104570284,29.68913769252369],[-94.93565225175645,29.688772984313356],[-94.9361470582269,29.686618409044428],[-94.93614973782284,29.686491508069576],[-94.93596733859863,29.686179653844587],[-94.93585639716106,29.68487626606393],[-94.93576455335061,29.684747676542596],[-94.93573368513849,29.684432894704187],[-94.93595157953675,29.683305510835034],[-94.93600988254825,29.683052658951222],[-94.93621876185125,29.68302309384855],[-94.93625231457742,29.682924268312835],[-94.93612822157694,29.682839478586995],[-94.93610055809137,29.682629466254067],[-94.93627791952656,29.682025557978285],[-94.93670142773368,29.681977015694102],[-94.9368236671992,29.68188515987977],[-94.93675925262288,29.68166920447895],[-94.93689141634677,29.68107006499381],[-94.9368249156452,29.68096966188382],[-94.93657938759821,29.680916189146213],[-94.93662016932329,29.68078425065538],[-94.93672917900348,29.680719748391226],[-94.93691812847905,29.68073966244568],[-94.93697331478604,29.68049781767837],[-94.93750649166833,29.67976730028866],[-94.93813179517174,29.679733670475525],[-94.93821796702207,29.67954744702695],[-94.93774128682904,29.679406975358354],[-94.93674416862528,29.6794347894596],[-94.9367175626516,29.679295014295285],[-94.93703170473165,29.679257616336468],[-94.93703080908966,29.679138476088927],[-94.93682049807542,29.679104984068825],[-94.93634373371364,29.679268095934585],[-94.93567156054938,29.67973150499053],[-94.93513669408294,29.67967854281059],[-94.93439880504162,29.679059588248926],[-94.934012472299,29.678849061227933],[-94.93406277976777,29.67857983210996],[-94.9338939689221,29.67841356556918],[-94.93160538995939,29.672049716520455],[-94.93160257165815,29.671542882841823],[-94.93139878810615,29.67103739413495],[-94.93124555382934,29.67084714798428],[-94.93092495226999,29.670797536596027],[-94.93077092481657,29.670607258241976],[-94.93056723458962,29.66979855123169],[-94.92987705463358,29.669339776530162],[-94.92950180112095,29.668616132364185],[-94.9290875499745,29.668217214703176],[-94.92863806799491,29.667994516168452],[-94.92850937628086,29.667832428844648],[-94.92876204752325,29.66780912442583],[-94.92889334057395,29.667574109087255],[-94.9288181927639,29.667247579807004],[-94.92855909552028,29.666956393424172],[-94.92841550884538,29.66689868452283],[-94.92841287913677,29.667009058917408],[-94.92858387027874,29.667281948144144],[-94.92780233235524,29.667560913580346],[-94.92582669940853,29.667024381270284],[-94.92568650372189,29.667082467306177],[-94.92557328648209,29.66766515458644],[-94.92541991131631,29.66773408016111],[-94.92528327594329,29.667649109353228],[-94.92503386357815,29.666916714606447],[-94.92529641564091,29.66673409145669],[-94.92529781749275,29.66666219708496],[-94.92498167148614,29.666392140193757],[-94.92445850802946,29.66610175891314],[-94.92365176180387,29.665762567503844],[-94.92313764348,29.66532937041669],[-94.92282978879499,29.663213038242386],[-94.92258339229268,29.662619448104582],[-94.92254895945834,29.66217787106127],[-94.92239479650009,29.66173458707062],[-94.92195413369411,29.661088154863084],[-94.92196749594393,29.660184835313917],[-94.92173911428574,29.65995509358139],[-94.92129534877989,29.65918772308117],[-94.92159552101894,29.658707870458652],[-94.92180687935414,29.65858482313008],[-94.92204626006217,29.658588868523044],[-94.9223912796794,29.65868283282635],[-94.92290242266039,29.658961358391192],[-94.92306629008422,29.65923396455217],[-94.92321623306019,29.659335639216827],[-94.92328229338506,29.65918786211828],[-94.92375765270063,29.659080499416262],[-94.92393208188902,29.658879557701574],[-94.92404679169219,29.658539940047792],[-94.92435169799914,29.65845161123917],[-94.92443590928971,29.658348263287845],[-94.92445852678695,29.658172243216352],[-94.92437488295216,29.657977879822944],[-94.92422522820625,29.657870710928357],[-94.92387215187948,29.657870408704017],[-94.92370575863849,29.657691323473134],[-94.92359263629962,29.65768407103937],[-94.92336174643792,29.657834200950433],[-94.92327550017622,29.657750232746054],[-94.92355464503541,29.657385847135302],[-94.92334988912863,29.657216954228613],[-94.92311056076562,29.65685284579115],[-94.92246012661559,29.656673425228895],[-94.9223328415245,29.656726163885992],[-94.92216986507358,29.656949244468365],[-94.92183688912841,29.656910830920943],[-94.92141006823466,29.657085155137977],[-94.92093097662169,29.657082913093767],[-94.9202518776935,29.656972511229025],[-94.91999061426414,29.657100096417466],[-94.91965356190802,29.656929337129984],[-94.91833454123373,29.656681870279037],[-94.91539084067186,29.656275503236945],[-94.91479121761948,29.656001306278124],[-94.91395119008942,29.656059303644422],[-94.9138729799781,29.65588200148618],[-94.91300030605179,29.655961390770933],[-94.91253622564918,29.655838216293176],[-94.91115030376041,29.655755263962007],[-94.91007888601865,29.655446012395622],[-94.90932162708529,29.655428448485583],[-94.90832409848439,29.655483880033835],[-94.90816820021436,29.65569102921931],[-94.90747906171072,29.65575707987406],[-94.90684662693542,29.656093868870197],[-94.90641467582539,29.656230434838047],[-94.90570513642548,29.656384461974792],[-94.90448383015789,29.65651349835458],[-94.90333628544438,29.656977853829158],[-94.90208352483857,29.65751157354511],[-94.90146711681157,29.657407705711453],[-94.90086474707581,29.657547062754826],[-94.90057079250856,29.657696718354597],[-94.90042214489786,29.657870776238866],[-94.89681175819936,29.659306593477563],[-94.8966259398369,29.659138057295085],[-94.89654364925715,29.659158850900955],[-94.8960177379556,29.65955287410124],[-94.89533200657658,29.65971811225921],[-94.8951339755524,29.659841644868468],[-94.89492163041268,29.65980736665124],[-94.89461457320863,29.659916150521312],[-94.89454124431359,29.660096672777538],[-94.8928270879493,29.660813348893594],[-94.89259175503932,29.661151537062345],[-94.89223601983785,29.661261521557087],[-94.89169426428502,29.66119159479694],[-94.89114872213685,29.66129876196821],[-94.89011368936885,29.66185509835698],[-94.8880986276608,29.66273173021795],[-94.88783696527913,29.66313527645379],[-94.88754814459139,29.663351196104642],[-94.88492858040648,29.66471909772098],[-94.88465944840137,29.6646208671527],[-94.88450040859652,29.66466231114706],[-94.88430014286217,29.66485768964621],[-94.88383574067713,29.66500973656949],[-94.88348156698329,29.66532902693185],[-94.88276812535717,29.665614953442585],[-94.88125713255627,29.666570946816872],[-94.88072436868767,29.66668891800731],[-94.88001655006046,29.66700222728724],[-94.87884981356707,29.66782645379489],[-94.87833483428618,29.668007238627176],[-94.87775282611615,29.668359537384138],[-94.87740882491124,29.668783872653727],[-94.87705228270832,29.66893782133438],[-94.87595951851134,29.669614592367108],[-94.8752107207115,29.669953852315327],[-94.87453959356141,29.67002470952794],[-94.8732553278265,29.670728180169235],[-94.87297441289437,29.670816489435904],[-94.87231830429022,29.67123720863757],[-94.87221155015943,29.6717237391347],[-94.87128652279392,29.672452548915242],[-94.87092038880472,29.67313139549958],[-94.87053936657341,29.673485815902342],[-94.87015908802574,29.674346497328738],[-94.86981257091041,29.67481574205815],[-94.86954456556326,29.675398935909996],[-94.86946600206863,29.67576371454232],[-94.86907787067132,29.67632731968264],[-94.868032875491,29.677531477292217],[-94.86711559440214,29.678903668954725],[-94.86704277403079,29.679147257397116],[-94.86729858385442,29.679538255363546],[-94.86734545015437,29.67988396295039],[-94.86734513120588,29.68035166026448],[-94.86713602604743,29.68125830595484],[-94.86716053462006,29.681472390585643],[-94.86679396741829,29.68237674088269],[-94.86656499730378,29.683245308095024],[-94.86628802488669,29.68372416624032],[-94.86607829510335,29.684366733990817],[-94.86605668819976,29.684741347482284],[-94.86583366744193,29.685356696382847],[-94.86621152258903,29.686317354624585],[-94.86628128348296,29.687053246798282],[-94.86585367242787,29.688024939426825],[-94.86571451981354,29.688715603473902],[-94.86473252789423,29.690386659018554],[-94.86453208544496,29.691139168125275],[-94.86452120586411,29.691442042245985],[-94.86467448197429,29.6917635172022],[-94.86468184546537,29.69323259044499],[-94.8649283396636,29.694460075648944],[-94.86487138607285,29.695110349151854],[-94.86439658198586,29.696012018926723],[-94.86436112146308,29.69633744539699],[-94.8640956802796,29.69677226862676],[-94.86409051842462,29.697053034976214],[-94.8638628126804,29.697487087925182],[-94.86375449002966,29.697913118527488],[-94.863369655046,29.69835598300581],[-94.86338144974681,29.698801530159333],[-94.8633059544668,29.699039778784222],[-94.86264966599447,29.700165399915814],[-94.86124077878154,29.70234189594182],[-94.85970904459718,29.704157985742707],[-94.85890728328769,29.70549079602518],[-94.8581286279311,29.706272600279735],[-94.85770329736506,29.70684874445675],[-94.8576242935431,29.707191791065316],[-94.85774488515351,29.707938076572763],[-94.85763092062695,29.70838650488867],[-94.85746339089137,29.7087149268925],[-94.85698868231842,29.709314677266924],[-94.85635100989464,29.709966385298408],[-94.85617630505867,29.710261926595674],[-94.85529066485037,29.711282811152703],[-94.85466134900211,29.711764136454082],[-94.85434557925475,29.712200283763362],[-94.85416986840234,29.712694066561287],[-94.85378943263112,29.71282872353417],[-94.85339274603567,29.713299591962425],[-94.85341264131168,29.713574509631638],[-94.85439615499409,29.714335810446222],[-94.85455931327606,29.714552653249697],[-94.85466923696866,29.714897276150722],[-94.85462650833641,29.71542130639648],[-94.85417351321654,29.716377954939077],[-94.85365492736034,29.71723686730591],[-94.8530265707704,29.71799341359851],[-94.85261025019832,29.71867392282161],[-94.85180684047296,29.719478116466224],[-94.85163738317603,29.719734970039745],[-94.85146074744229,29.72043246466477],[-94.8506700537179,29.721478649884297],[-94.85039329056616,29.721726687966484],[-94.84992485521593,29.722430857159274],[-94.84988780133337,29.722607218273367],[-94.84860604144068,29.723894826593757],[-94.84801372554236,29.72435314179505],[-94.84777765450661,29.724710448846523],[-94.84691207675773,29.72554886261621],[-94.84631844149732,29.726431177330255],[-94.84542927541841,29.72709384475274],[-94.84446342794372,29.7279508342498],[-94.84436594895666,29.728547534922328],[-94.84392714577436,29.729096235748422],[-94.84284140023271,29.72994469070657],[-94.84240670160334,29.730410715504075],[-94.84178773112826,29.730814490386635],[-94.84178390962418,29.7309081606415],[-94.84143468168908,29.731273314261635],[-94.84139987473444,29.73162094815101],[-94.84126623423656,29.731805415109385],[-94.83902874466759,29.733454537897643],[-94.83742112037204,29.734505909767798],[-94.83598975703157,29.735146612568208],[-94.83586037528492,29.735490672670124],[-94.83579896446803,29.736967724082113],[-94.83537993998124,29.737785832427335],[-94.8350416727562,29.73809013197461],[-94.834693729861,29.738267973848146],[-94.83434183438663,29.73829723686461],[-94.83376829877564,29.738044678062316],[-94.83304764684416,29.73794379733244],[-94.83122226591081,29.738454783856984],[-94.83107367377744,29.73855142489539],[-94.83106842166131,29.738826871442573],[-94.83119827787922,29.73897287690078],[-94.83210395055495,29.739400375300956],[-94.83274339995533,29.739998507202273],[-94.83269553379269,29.740093103095123],[-94.8324198710503,29.740148316786115],[-94.83199170489515,29.74038834539726],[-94.8320263923828,29.740745566207423],[-94.83152968618303,29.74125133298409],[-94.83118755771714,29.74188608383966],[-94.8308025557981,29.742092207161203],[-94.82824265039541,29.744588052435393],[-94.82761200377023,29.745285119865688],[-94.82661913240231,29.74608734797045],[-94.8262302173704,29.746623938513093],[-94.82554817661088,29.74727117375176],[-94.82502920827892,29.747893033500105],[-94.82464301142379,29.74853420662609],[-94.82359270898579,29.749546943106214],[-94.82311930832472,29.750203383202575],[-94.8229824511362,29.750459375995113],[-94.82110171966586,29.752157652287288],[-94.81960101360016,29.753665092809648],[-94.81675581678634,29.755930447119592],[-94.8163856347215,29.75659613335724],[-94.81610019143046,29.756787473904833],[-94.81459336358829,29.757429582638725],[-94.8138943390623,29.75807618210622],[-94.81274228459924,29.758543931754247],[-94.81185539897466,29.758996600714447],[-94.81115938993122,29.759246385097835],[-94.81091856278441,29.759382867213652],[-94.81039097572206,29.759892653253118],[-94.80857330113895,29.76077028723762],[-94.80653943883668,29.76186179915737],[-94.80508437878132,29.762350050305407],[-94.80410305832247,29.762774735776055],[-94.80230216902156,29.76310123472927],[-94.8009153697865,29.763722175057683],[-94.80042710836408,29.763864249671563],[-94.79985241650174,29.764080257416005],[-94.7996490813561,29.76425555656718],[-94.79938332454857,29.764347849090132],[-94.79882917735125,29.764201470386958],[-94.79855787279678,29.764194468206806],[-94.79786008243983,29.76386536646698],[-94.79748727422148,29.763923969459913],[-94.79694842554945,29.764229755148893],[-94.7967385123451,29.764438129261194],[-94.7967216552716,29.764961825777554],[-94.79692652776099,29.765381963949476],[-94.79682428421283,29.765541299297333],[-94.79563501669111,29.765887662225843],[-94.79538277021075,29.765864214171028],[-94.795068936547,29.765647461550785],[-94.79498672292128,29.76566907897566],[-94.79440169164826,29.76621172604712],[-94.79336083680325,29.766928318843675],[-94.7932516098652,29.76716480907908],[-94.79340108583024,29.767413752586773],[-94.79377695672781,29.767768709038133],[-94.79376171942478,29.76809394645769],[-94.79463890813297,29.768903780237466],[-94.79465563177679,29.76918507241959],[-94.79459203551315,29.76924539048137],[-94.79422864506766,29.769179734252877],[-94.79399818281604,29.768949243874356],[-94.79337782194898,29.767953992775592],[-94.79328576828217,29.7676281703549],[-94.79307939927529,29.767389954113778],[-94.79281483632101,29.767322336687986],[-94.79225160486918,29.767506705800454],[-94.79223060273584,29.76776023348641],[-94.79215466241386,29.767787386002983],[-94.79195290935512,29.767758718712766],[-94.79159534314788,29.767481046033016],[-94.79133674236772,29.767457571247157],[-94.78914308581314,29.767864549329083],[-94.78864876876364,29.76810444974927],[-94.7879974791776,29.768238714529577],[-94.78763744558559,29.768264292043177],[-94.78741103335072,29.768158267056933],[-94.7871179672103,29.768493016490453],[-94.78648438602656,29.768776275453135],[-94.78610292216196,29.76911053748804],[-94.78611839469595,29.769546274377902],[-94.78660129583957,29.769951476879953],[-94.78663167155187,29.77010053582192],[-94.78650500866773,29.77014946394951],[-94.78608812358947,29.770180256108763],[-94.78596944302558,29.770019686344174],[-94.78561154360938,29.769775062498883],[-94.78470984791353,29.76963772771709],[-94.78430518635008,29.76971269621677],[-94.78390772540074,29.769677414690708],[-94.7827867866612,29.77011235019242],[-94.78236370286609,29.770121045747374],[-94.78211904017346,29.76992115840284],[-94.7819109638627,29.769886922124662],[-94.7816948393446,29.77007320228665],[-94.7816943023251,29.770237725677024],[-94.7817546206309,29.770498163918514],[-94.78154463429149,29.770706574156243],[-94.78129080111431,29.77087060752145],[-94.78030330126164,29.771196011241106],[-94.7801753656031,29.77141038360808],[-94.78017448698834,29.77157079689467],[-94.78065747031793,29.771931414750245],[-94.78087531405882,29.772335204800644],[-94.7808922438732,29.77259449254607],[-94.78076205914194,29.773095607724578],[-94.78086868341234,29.773189942101258],[-94.78118391016238,29.77324685445985],[-94.78153122659282,29.773237729817883],[-94.78223357264088,29.773037575747956],[-94.78288330878465,29.773107337202255],[-94.78321678005707,29.77325256192987],[-94.78340421186037,29.77350725816959],[-94.78342796596493,29.773700410445535],[-94.78317961878264,29.773974775638084],[-94.7815416540985,29.774340717342618],[-94.78054790165721,29.7746661163408],[-94.78035044874962,29.774891134652986],[-94.78029001956813,29.775359556383858],[-94.78037587576704,29.775690919269444],[-94.78046990823597,29.77577967106885],[-94.78071574093127,29.775830643188858],[-94.78131028100653,29.775690535865124],[-94.78195620741013,29.775434909490148],[-94.78218506771394,29.775232145189133],[-94.78244766525782,29.774742792098525],[-94.7829673772337,29.77448094544088],[-94.78320721684862,29.774487792748335],[-94.78351497883784,29.77469352457968],[-94.78373788366925,29.7752627641188],[-94.78368087453802,29.776106206322126],[-94.7834727079507,29.776910186923093],[-94.78468290721628,29.776332311832967],[-94.78534603934686,29.775475685257472],[-94.78553001666053,29.77536089954591],[-94.7858527196653,29.775263405470763],[-94.78635041444907,29.775392975191814],[-94.78693437321422,29.775798765837656],[-94.78751570927568,29.777368159236676],[-94.78803170961184,29.779235025252728],[-94.78806685175218,29.779593676424515],[-94.78800472242922,29.7802937276062],[-94.78786347237612,29.780607305205226],[-94.78726615005405,29.781127896112256],[-94.78722671122482,29.781337256677446],[-94.78752296187062,29.781394050506687],[-94.78858974067899,29.781394469608323],[-94.78971170399907,29.781610244714063],[-94.79035277569437,29.781977797460105],[-94.79115632352321,29.782561331730044],[-94.79156146384499,29.783241940669416],[-94.7917878283436,29.78419182997485],[-94.79177872076038,29.78456131090037],[-94.7915438544914,29.785574821866852],[-94.79142511491638,29.787090832897572],[-94.79151301091652,29.787151986889807],[-94.79191048943045,29.78717625493212],[-94.79368507991944,29.7870646479327],[-94.79399375159335,29.787149044415738],[-94.79414377288586,29.78734287844444],[-94.7941351100798,29.787657205654],[-94.79401287776913,29.78795984988019],[-94.7935336685216,29.788729323512857],[-94.79348147013063,29.788955141606436],[-94.79359652921838,29.78960646512281],[-94.79348124349562,29.78982642156811],[-94.79319577626032,29.790017847889285],[-94.79130641237856,29.790283073642758],[-94.79116070263548,29.790353920157248],[-94.7910186381182,29.79078319659466],[-94.79112901092994,29.791213877406506],[-94.79175699100836,29.791647444812863],[-94.7920447184802,29.792001913587782],[-94.79215630165388,29.792272654904345],[-94.7922396395836,29.792951206151564],[-94.79231484722261,29.793023275940566],[-94.79255444394578,29.793057679890946],[-94.79326215447409,29.792962336013964],[-94.79355199456715,29.793035595429657],[-94.79372797403265,29.79314128860755],[-94.79416584681033,29.793683856753226],[-94.79493566918848,29.793726554582243],[-94.7954759758474,29.794082175984034],[-94.79539128351935,29.794440012821244],[-94.79516242476538,29.794653762508634],[-94.79505980676385,29.794873687394528],[-94.79447311265868,29.795355398254422],[-94.79419167191897,29.7958991459115],[-94.79377281156421,29.797346812387136],[-94.79375182786902,29.797627729214593],[-94.79380094590252,29.797820883089052],[-94.7939387529715,29.797970398517805],[-94.79429092578329,29.798159637547048],[-94.79483346632792,29.798212126303834],[-94.79594899409007,29.798482500112893],[-94.79613673192885,29.7987149238307],[-94.79616029096192,29.798951995254143],[-94.79604982471784,29.79938673316223],[-94.79576355305005,29.799688285064175],[-94.79388494599826,29.800179779214453],[-94.79343501655818,29.80041431150346],[-94.79336484800056,29.800513121252045],[-94.79340080651392,29.800783311879087],[-94.79414570950165,29.801679962213743],[-94.79434115192335,29.801719573456744],[-94.79539028810139,29.801565331182356],[-94.79666321646386,29.80191362084644],[-94.79742765453003,29.801845929817333],[-94.79824828912223,29.801872174042],[-94.79859464166748,29.80200067602289],[-94.7990153530076,29.802327936893995],[-94.79910393753715,29.80230083384559],[-94.79922218111383,29.801651209754223],[-94.79952871216136,29.801162324901313],[-94.80000505974039,29.800767939332705],[-94.80080844124697,29.800557030851476],[-94.80167738511763,29.800004735042116],[-94.80180476267668,29.799851051956523],[-94.8017749199092,29.799608431637058],[-94.8018525718668,29.79934428325885],[-94.80204932956333,29.79920196684968],[-94.80268240284114,29.798968059499813],[-94.80291148445677,29.798721163788485],[-94.80332687037202,29.798028745740297],[-94.80331697325934,29.79764841081839],[-94.80286251307311,29.797624210645626],[-94.80277498063593,29.79750253123253],[-94.80291992772487,29.796665492039942],[-94.80287182726406,29.796329070681285],[-94.8031388214886,29.7960823099415],[-94.8031725012507,29.7957903516101],[-94.8029976095041,29.795524970012693],[-94.80294949221168,29.79519402119015],[-94.8026681732014,29.794806870631234],[-94.80277089270182,29.79370492493902],[-94.80287449540887,29.793352619709562],[-94.80303969608812,29.793210068721887],[-94.80362867199273,29.79296477700809],[-94.80495452225848,29.792110921645023],[-94.80687296724084,29.791380975692803],[-94.80743125609315,29.7910300696261],[-94.80788069997449,29.79085630933794],[-94.80799286618402,29.791060803162107],[-94.80809991450552,29.79109986935726],[-94.80861103581961,29.791140762729093],[-94.80990583542132,29.791074897878385],[-94.81061767097792,29.791298581457674],[-94.81119795373218,29.791378334675972],[-94.81150824528618,29.79125290329181],[-94.81158032603909,29.79108691581513],[-94.81200997722651,29.790847188247948],[-94.81252068584902,29.790943131199025],[-94.81346282343311,29.790748798056278],[-94.81410678659601,29.790751608492428],[-94.81515052487114,29.790474999044864],[-94.81561727706313,29.790537637930427],[-94.81589535306733,29.79050025857862],[-94.81596542898332,29.79041234585964],[-94.81581654541371,29.79004788036825],[-94.81598608433453,29.78954727494817],[-94.81625190284491,29.78928356776866],[-94.81678692581959,29.789434676810316],[-94.81654608805275,29.79043689795108],[-94.81665539007535,29.791914740739305],[-94.81687107513378,29.792648874089526],[-94.81739715697742,29.793241015551445],[-94.81726354589662,29.793383788295564],[-94.81687099818703,29.793536488964257],[-94.81610385424769,29.793979768011816],[-94.81576222226553,29.794077513384238],[-94.81504239664365,29.794085428553114],[-94.81478898974628,29.794205617638156],[-94.81467382112717,29.794414608991715],[-94.81476686303762,29.794646585365115],[-94.81494229750129,29.79483479063406],[-94.81528205720011,29.794996141088408],[-94.81552171187751,29.794992322869426],[-94.81643835367788,29.79575099562323],[-94.81688887424347,29.7963153640383],[-94.81756795635687,29.79670429753346],[-94.81793211262413,29.797863850683164],[-94.81800174164373,29.798718866819083],[-94.81796550529339,29.79936939357685],[-94.81732854847981,29.80103179890504],[-94.81729303729925,29.801583034263025],[-94.81694429685118,29.801790955117678],[-94.81630630356375,29.802725372182117],[-94.81603911405642,29.803005321341097],[-94.8158482951496,29.80320290004387],[-94.81468898936843,29.80375432617436],[-94.81348391987947,29.80452596419941],[-94.81202800384567,29.80505925107054],[-94.81028569592789,29.80591631009902],[-94.80977991251308,29.80601309151318],[-94.80948730217766,29.806325864352203],[-94.80805276861912,29.806511764250057],[-94.80757195061739,29.806652705875884],[-94.8069849053531,29.806633267635014],[-94.80580227446481,29.806914037500217],[-94.80400246371963,29.8069656759468],[-94.80319349173745,29.80708286727877],[-94.80286423552344,29.807218970569256],[-94.8017905642611,29.807263143407376],[-94.8015385343792,29.807190214502185],[-94.80107751851274,29.807204398524384],[-94.80048323160871,29.80731709196216],[-94.79891916575711,29.807061068732196],[-94.79843091528107,29.806446840152063],[-94.79814752655358,29.806340673629908],[-94.79772979973701,29.806487313923054],[-94.79704334205883,29.807145010163183],[-94.79682820077502,29.807215528656968],[-94.79680554878216,29.806835173292235],[-94.79698677551592,29.806196878357554],[-94.7970285823891,29.805629515357083],[-94.79728674926163,29.804826318724743],[-94.79735704192429,29.803801730754873],[-94.79746147174932,29.8033173695595],[-94.79723926482481,29.80259435174288],[-94.79715783965455,29.80250026265573],[-94.7969936460993,29.802504911381206],[-94.79670241018222,29.802619136622955],[-94.79634029679896,29.80293684945141],[-94.79578386626646,29.803947822498973],[-94.79524402514024,29.80440235952652],[-94.79359271737434,29.80488955373514],[-94.79235357677086,29.805119864689637],[-94.79186600885281,29.805321137906414],[-94.7916181046514,29.805562269149434],[-94.79147741491676,29.805815010681524],[-94.79109230400678,29.806716696390996],[-94.79071243387848,29.80777821931092],[-94.79054853866643,29.808653553383007],[-94.79067334680553,29.80886916208565],[-94.79084325436784,29.808952738342214],[-94.79253808059786,29.80949084949436],[-94.79288389981801,29.80970210295771],[-94.79320371897799,29.810028964496],[-94.79342680760233,29.810652890483695],[-94.79328536438061,29.81102688754337],[-94.79287950254756,29.81128923734321],[-94.79200735016124,29.811411337595942],[-94.7915326251008,29.811585150493062],[-94.79075558771754,29.811641603027777],[-94.79052717403798,29.811805728252537],[-94.79043752909448,29.811992612884303],[-94.79046755960405,29.812224236861407],[-94.79164513758465,29.813663446544574],[-94.79234957416598,29.815056029309943],[-94.79290899951677,29.815450332146046],[-94.79346965831752,29.815651724296387],[-94.79420574591332,29.81606350954147],[-94.79528353134431,29.81635585767378],[-94.79588708691388,29.816750399868745],[-94.79637605889287,29.817298638427072],[-94.79711838962042,29.81771046123045],[-94.79768843058162,29.818407989129938],[-94.79826355511754,29.81930396721493],[-94.79848613914716,29.820043762995354],[-94.7985152343832,29.820440759839627],[-94.79826384101274,29.821288251788637],[-94.798805692935,29.82144000596293],[-94.79887428960008,29.821572646490846],[-94.7988354773037,29.822752026888594],[-94.7986990494934,29.823390702900642],[-94.79870980860134,29.82369393537402],[-94.79893417079242,29.82415266819692],[-94.79897654282034,29.824445039495398],[-94.79889879004331,29.824780865802666],[-94.79894248155311,29.82485828847037],[-94.79920086408227,29.824909298369334],[-94.79979508620532,29.8247251080297],[-94.80004730675618,29.824748519647127],[-94.80053002131348,29.825247240600397],[-94.80070386129604,29.825694690743877],[-94.8007581078943,29.82609740823853],[-94.80090098597107,29.826445477510607],[-94.80082195406182,29.826968744778114],[-94.80093895619954,29.82741592091959],[-94.80098590296512,29.828926667055217],[-94.8008239754801,29.82957081860356],[-94.80070176685281,29.831769827492455],[-94.80145231607818,29.8326340055974],[-94.80204497977384,29.83350831193574],[-94.80307417943426,29.835829536188694],[-94.80344981938349,29.836983895184517],[-94.80361154947445,29.838837397154368],[-94.80349534127902,29.839162096977233],[-94.80305548855816,29.839722188778772],[-94.80273415740415,29.84043177524583],[-94.80241654787302,29.841439191788183],[-94.80201854067072,29.842242151069875],[-94.80190090388916,29.842715772432147],[-94.8004777909595,29.843822032821656],[-94.80038110357067,29.844053140328462],[-94.80042242911979,29.84510118861733],[-94.80046365458192,29.84543784270164],[-94.8007222421167,29.846183778292822],[-94.80076264394049,29.846619694007327],[-94.80126740738187,29.847372493711635],[-94.80171247954716,29.847733366257945],[-94.80268547213738,29.84902642814667],[-94.80335079690454,29.850317805684654],[-94.80382116264158,29.851439971196083],[-94.80378345916199,29.852167841482693],[-94.80394974096293,29.85267066092204],[-94.80391300097885,29.853288246375556],[-94.80399959288815,29.85350382511024],[-94.8050146941979,29.85444685351665],[-94.80563743124137,29.855503689724856],[-94.80598658907691,29.856812800317055],[-94.80583593280505,29.8574739374302],[-94.80556114483244,29.857869666008266],[-94.805167146856,29.85817098358535],[-94.80405962936821,29.858457566316925],[-94.80249812307373,29.858647984262713],[-94.8006596439643,29.858721060939686],[-94.79953398167338,29.858891638927272],[-94.7984056700344,29.859382140456564],[-94.7981692629919,29.85970638238796],[-94.79817175613628,29.860169778999],[-94.79844712475159,29.86048017326562],[-94.79879874810294,29.860735812869535],[-94.79959911995198,29.860955173571732],[-94.80044548386022,29.86095961066953],[-94.8013118883183,29.860826239233837],[-94.80227432144228,29.8605333929499],[-94.80387393536276,29.86032106001824],[-94.80553579085209,29.860213849769774],[-94.80643382028806,29.860058531662258],[-94.80750098841594,29.86006959558664],[-94.80917864118507,29.860332011676487],[-94.80982730197078,29.860550487386767],[-94.81018303124827,29.861076340583722],[-94.81039854325962,29.861761424956516],[-94.81026879575417,29.862196497824083],[-94.80996397299502,29.862410040627307],[-94.8096793264575,29.862474748619526],[-94.80835309826304,29.86248995433419],[-94.80649306803645,29.862121837966583],[-94.80569734801364,29.862117714470294],[-94.8044015891109,29.86224891953527],[-94.80374935125886,29.86246068390199],[-94.80302457342113,29.863052681334253],[-94.80281154994411,29.863630801769048],[-94.80271688043779,29.865218969994693],[-94.80290742028735,29.865892876189918],[-94.8031766881995,29.866192119342852],[-94.80336521981981,29.866314443840615],[-94.80359869925896,29.866343214549225],[-94.8044011245614,29.86630869092765],[-94.80513005577309,29.865975946053762],[-94.80598471528894,29.86571552520809],[-94.80745821639121,29.864653029005947],[-94.80858003876622,29.864134816167383],[-94.80892168340797,29.864053828828215],[-94.8098692272636,29.86400906961513],[-94.81163628353997,29.86412849772493],[-94.8120141897113,29.864246287471623],[-94.81261135612068,29.864580315795536],[-94.81306845712412,29.865057018571083],[-94.81329234634201,29.865488379425475],[-94.81354549247568,29.86621218548081],[-94.81390566651031,29.86778032178148],[-94.81394325299078,29.86944599990294],[-94.81427340082173,29.870015735166007],[-94.81451122485421,29.87028168866418],[-94.81493182416331,29.870581675173632],[-94.81533182034867,29.871096624145768],[-94.81565353626827,29.87194754058157],[-94.81584689959239,29.872246333541494],[-94.81599135134701,29.87234085057338],[-94.8166402572227,29.872493172603445],[-94.81718448121163,29.87313020840649],[-94.81855414329057,29.87393712954592],[-94.8190899514742,29.87401722383796],[-94.81948761913172,29.874002859876175],[-94.82150617538582,29.87325849826328],[-94.82216594448079,29.872798954206143],[-94.82264357425335,29.872228105046787],[-94.82289366372265,29.871711147820182],[-94.82309454916677,29.87023431393491],[-94.82325013456597,29.86971676255529],[-94.82369007396224,29.86915666942256],[-94.8239941376941,29.869014930137887],[-94.82532183926881,29.868724452721665],[-94.82594716122816,29.868667247036495],[-94.82654633008093,29.868720202737393],[-94.82810924978864,29.869026676679436],[-94.82862549087325,29.86920049612737],[-94.8290432842808,29.869837094731974],[-94.82919362205777,29.870770031961975],[-94.82914346348635,29.872341504026195],[-94.82825170254229,29.87338980394496],[-94.82809155531557,29.873703216666023],[-94.82808276169118,29.8740395243275],[-94.82828824597311,29.874426620450603],[-94.82893757916594,29.874551523349012],[-94.82944916528832,29.87452677376156],[-94.83134827204306,29.87388100642888],[-94.83202793995078,29.87335531639847],[-94.83226353410647,29.873102937533083],[-94.83286460616527,29.872135580882087],[-94.8332071748275,29.871944352335728],[-94.83394123328408,29.87178277243005],[-94.83495743657608,29.871914878531896],[-94.83711773001399,29.87287432630773],[-94.83817800526828,29.873083602529324],[-94.84019332246103,29.873225646014266],[-94.84048218514585,29.87348619168923],[-94.84087151629537,29.874723158388097],[-94.84123558181,29.875374200314937],[-94.8424120101906,29.87688402928918],[-94.84280641557419,29.877161580545067],[-94.8443246052386,29.877386827772234],[-94.84493330090284,29.87769025978674],[-94.8457483921501,29.878316627901086],[-94.84622337273716,29.878505861627247],[-94.84662118386633,29.878497153044165],[-94.84696068511747,29.87830777384066],[-94.84732306031573,29.87788113772507],[-94.84776947515354,29.877107458458003],[-94.84793509041442,29.87657785314627],[-94.84782156608865,29.8759350953861],[-94.84709582157794,29.874867479715622],[-94.84687892729838,29.874271020750147],[-94.84683906871713,29.87366429073401],[-94.84704399301604,29.873284751508198],[-94.84703336177361,29.873008986708328],[-94.84709064549375,29.87294858435225],[-94.84740665327813,29.87293897150224],[-94.84814174152665,29.872633481754644],[-94.84849611027693,29.87255235862607],[-94.84898258099496,29.87254350065109],[-94.84931053732225,29.872616655076197],[-94.84954848390424,29.872904450385715],[-94.84996415038275,29.873948466310686],[-94.85038265409942,29.87460095521406],[-94.8508150505293,29.87507706055564],[-94.85083442350482,29.875311182790366],[-94.85131239106558,29.87572632672457],[-94.85236276603057,29.87599867423451],[-94.85279558771506,29.876341755346637],[-94.85299044859057,29.87685218797934],[-94.8529165529567,29.877083261515157],[-94.85248662063586,29.877681367885863],[-94.85257936722863,29.87807682698585],[-94.85275136688519,29.878273785418312],[-94.85304951626998,29.878431072352726],[-94.85376500183104,29.8786286133427],[-94.8543659786338,29.878706546940347],[-94.8553444834774,29.87868200491162],[-94.85569917345589,29.878756199733047],[-94.85638587053938,29.87986817521873],[-94.85719361575455,29.880500359568174],[-94.85734699751973,29.880691727751934],[-94.85745105372479,29.8809933362272],[-94.85739859409266,29.881445584071916],[-94.85725542175449,29.881627734312726],[-94.85690459565463,29.881911702431747],[-94.85641373190525,29.88208053952956],[-94.85475528348792,29.881713491164877],[-94.854479930365,29.881974323184405],[-94.85416938749576,29.8825111626282],[-94.85371710619518,29.88275658639786],[-94.85359763494371,29.8834291844256],[-94.8532238988954,29.88396554439049],[-94.85320045085928,29.884109163890535],[-94.8534382645391,29.884569689209215],[-94.85343142476957,29.88468368753025],[-94.85314748061434,29.884511148086542],[-94.85301325045573,29.884346694491086],[-94.85296019550091,29.884066423239886],[-94.85302699357167,29.883835062740012],[-94.8533564913854,29.883298969754435],[-94.85344415438367,29.882615450194475],[-94.85382110060333,29.882419997589846],[-94.85415340346984,29.882098134989025],[-94.85427005256352,29.881761374973756],[-94.85441929816774,29.881584278184953],[-94.85472788805647,29.881455597753398],[-94.8550435602776,29.88144699089595],[-94.85590419492148,29.881693739072368],[-94.8565170305614,29.881727405246043],[-94.85685115212885,29.8816534408398],[-94.85704518890087,29.88148088742721],[-94.85710924126742,29.880869409828808],[-94.85683940792919,29.8804316754855],[-94.85610218260045,29.879914555619045],[-94.85538492863155,29.878901851158375],[-94.8551692616982,29.878842895101275],[-94.8537613295917,29.878876296724137],[-94.85296432715002,29.878756020349396],[-94.85262190832965,29.87859900493819],[-94.85225254663474,29.878310111127572],[-94.85213081536133,29.8781186163846],[-94.85214106078605,29.877821651182863],[-94.85261880799239,29.87694802742865],[-94.8525279357872,29.876695839622496],[-94.8521692054816,29.87623662752197],[-94.85196603485409,29.876105890831933],[-94.85127618870814,29.875946549864388],[-94.85076788483968,29.875581807101405],[-94.85043056694366,29.87497057914819],[-94.85009824398605,29.874627265816397],[-94.84951726119584,29.87373142478048],[-94.84925692032252,29.873041012922606],[-94.84909342239138,29.872941022243424],[-94.84865810144831,29.872861871286798],[-94.84807007342003,29.87293093260856],[-94.84756939357847,29.87314925649996],[-94.84728907745216,29.87346782485202],[-94.84712146891209,29.87393024601682],[-94.84728655308358,29.874702945034134],[-94.84763284680491,29.875369145030827],[-94.8480102751602,29.875818104224837],[-94.84823677096038,29.876415878281215],[-94.848085028223,29.877011446245447],[-94.84740898354667,29.87827082510874],[-94.84724017216283,29.878503568741383],[-94.84695183864632,29.87868193575596],[-94.84652295381689,29.87878439478286],[-94.84574441571279,29.87861388119246],[-94.84477150945222,29.877895057936673],[-94.84316989140257,29.877560443367358],[-94.8424920578428,29.87727967911518],[-94.84195612954348,29.87672238883582],[-94.84074170273445,29.875202233564142],[-94.84028269575639,29.873976002785042],[-94.83976109198872,29.873554457824262],[-94.83874441395247,29.873417215235616],[-94.83726587366682,29.873354806374003],[-94.83666669752849,29.873186394870757],[-94.83517491619432,29.87239579452281],[-94.83409667265472,29.87210894825397],[-94.83377432419582,29.872129320760994],[-94.83314681820599,29.87240177453754],[-94.83292377983058,29.872659785604828],[-94.83281304461948,29.873105858768103],[-94.83263999856852,29.873441314281603],[-94.83224599546344,29.87376452526972],[-94.8313644866455,29.874256040511796],[-94.82969950133204,29.874836913803517],[-94.82935183329813,29.87489012061436],[-94.8287206689308,29.874864597336053],[-94.82798346661698,29.874667526083304],[-94.82778316664441,29.874434844935145],[-94.82765364924464,29.874020599347176],[-94.82778536978698,29.873282439658173],[-94.82797702975057,29.872980232789796],[-94.82858683939189,29.872481805674774],[-94.82879790538261,29.872124524194668],[-94.82887761364813,29.870812410817837],[-94.82844481958796,29.869679370581814],[-94.82771565461904,29.86930027350732],[-94.82623412665066,29.86907699134858],[-94.8253002256904,29.86905526254969],[-94.82430054941955,29.869364100229834],[-94.82374802093837,29.869796737429763],[-94.82348617227339,29.870186853836834],[-94.82336953139558,29.87057224168209],[-94.823497166438,29.872006757592413],[-94.82248419667759,29.873269425250758],[-94.82117915523213,29.873951470560886],[-94.820065794731,29.874320299734265],[-94.8191939266036,29.874458916223517],[-94.81824221777248,29.87429935776621],[-94.81815992821527,29.874332006266187],[-94.81823349746293,29.874624647074103],[-94.81810654148676,29.874723196569352],[-94.81782049133002,29.874153728990738],[-94.81701810907853,29.873432615844106],[-94.8165772741861,29.873308931877744],[-94.81630130522187,29.873081389738104],[-94.8160122444507,29.872914435380984],[-94.8157098957944,29.872835633194637],[-94.81559709210487,29.87273027198026],[-94.81530295565997,29.872397853960624],[-94.81514118364196,29.872093735423284],[-94.81488786891605,29.871375523074274],[-94.81446848070175,29.870915624300128],[-94.814187999973,29.87072786518534],[-94.81403483722353,29.870670718809748],[-94.81374265569497,29.870906306779137],[-94.81343378736106,29.87167672002413],[-94.8128901797038,29.872605814871225],[-94.81235763367044,29.872906333759325],[-94.81192134838724,29.872997828717622],[-94.81067129963438,29.873002456485892],[-94.8091519071456,29.87270249772891],[-94.80776642442872,29.872210235456638],[-94.80675523805972,29.87147724795731],[-94.80571550668924,29.87116873214528],[-94.80515320453195,29.87119350939586],[-94.80446998384285,29.871338979870405],[-94.80392459208834,29.87162853149905],[-94.8034028278115,29.87213327680822],[-94.8032973843885,29.87271728441694],[-94.8033464955794,29.87290500303088],[-94.80387293117695,29.873459055815527],[-94.80421874739821,29.87367033965723],[-94.80560368769584,29.874278278544168],[-94.80657736872845,29.874977885753307],[-94.8067539391508,29.875200816825647],[-94.80718056015868,29.875362082688312],[-94.80841404287882,29.87615099885292],[-94.80960128318104,29.877391035977404],[-94.81014804714209,29.878421175268063],[-94.81047361937814,29.87943682457508],[-94.81054760225766,29.880591609556703],[-94.81048212541263,29.880988261690245],[-94.81011301930481,29.882052736370056],[-94.80985170998832,29.8824179980689],[-94.80830878921408,29.88356824126875],[-94.80767403652528,29.883913491519497],[-94.8064722747748,29.884461443431455],[-94.80570358120377,29.884638045796365],[-94.80375488049054,29.88505918065264],[-94.80158069932075,29.884970581992604],[-94.80091169474156,29.885041066223653],[-94.80024822159278,29.885023656971278],[-94.79913335218343,29.88470212845706],[-94.79750008379581,29.884383547742292],[-94.79668241532569,29.884147771224058],[-94.79622478803637,29.883886777019388],[-94.79610225280872,29.883623605825793],[-94.7960203720966,29.883074325054135],[-94.79615976115447,29.882523725285438],[-94.79642703857199,29.882092634234155],[-94.79785576293729,29.88093856065765],[-94.79818653693812,29.880545856277326],[-94.79881488310919,29.878230732757913],[-94.79873179149665,29.877483136941805],[-94.79857796128347,29.87725860870476],[-94.79785188636501,29.87673055102009],[-94.7973577414635,29.87659129019253],[-94.7968474243016,29.876693697292882],[-94.79637555571142,29.876933999369424],[-94.79502322000423,29.878225448159398],[-94.79355024490756,29.87992431114214],[-94.79278073276122,29.88064469712941],[-94.79214707707307,29.88107252433306],[-94.7911022987672,29.881387855365997],[-94.79013157096469,29.881531320821352],[-94.78852378011293,29.88163570212043],[-94.78673714156001,29.881570248650934],[-94.7853638298991,29.881722012651046],[-94.7846912708334,29.88194650184657],[-94.78418284758774,29.88226304193398],[-94.7837360957214,29.882692724414273],[-94.78332823080387,29.882854029911883],[-94.78261354077158,29.883006975461523],[-94.78160421082026,29.883010568809755],[-94.78105486622265,29.882942638080085],[-94.77961871836135,29.88245631965426],[-94.77853438635721,29.88186321938427],[-94.77672366660524,29.880471369698018],[-94.77595806877684,29.8801508641063],[-94.77485335562505,29.880053277849267],[-94.77297487230395,29.88019662309823],[-94.77134387235483,29.88043268260272],[-94.7713339328638,29.879982122825513],[-94.77290817776695,29.879778732221414],[-94.77546751150585,29.879681209516416],[-94.77620098671972,29.879879914639982],[-94.77703674557252,29.880232909835478],[-94.77830041616312,29.881132840809236],[-94.77886694425011,29.881673758576767],[-94.77963515077205,29.882180912127428],[-94.7802370177285,29.882447203536778],[-94.78088121305073,29.88260230268662],[-94.78236537872408,29.8827690733695],[-94.7827867724814,29.882645859231822],[-94.78495019032094,29.881422148931104],[-94.78532825887835,29.881326063632855],[-94.7856994724804,29.881268952975756],[-94.78954837949544,29.881254845293768],[-94.79099155773359,29.881008817791727],[-94.79158237021721,29.88079059627957],[-94.79230277379756,29.880263066085355],[-94.79305666555695,29.87981811682015],[-94.79453138551219,29.878322404702605],[-94.79568683005597,29.87687286320881],[-94.79623238920696,29.876510953042512],[-94.79674838942823,29.87628760510412],[-94.7974554940527,29.87622696091921],[-94.79815215812698,29.876375852249712],[-94.79865983912966,29.87658726834901],[-94.7990109048638,29.87696370009301],[-94.79921147927465,29.877479960111298],[-94.79927413071427,29.878034656533647],[-94.79914285055588,29.878816916995834],[-94.79854894581659,29.8807410199053],[-94.79832483374943,29.881045133956054],[-94.79778617777536,29.881527801818763],[-94.79665826207749,29.882420830570048],[-94.79646615450534,29.882835030701372],[-94.79641365660723,29.883253536137325],[-94.79645531997376,29.8836104661776],[-94.7965904919027,29.88378534845016],[-94.7970463379599,29.883947151476292],[-94.79754634276725,29.883993014182874],[-94.80055960186147,29.884609508491025],[-94.8012112683036,29.884670496158844],[-94.80204477571532,29.88462598484121],[-94.80341071776242,29.884758767802992],[-94.80416673169603,29.884538971377122],[-94.80503132903847,29.884400679790783],[-94.80598897456251,29.8841629311838],[-94.80748613568045,29.88351342282046],[-94.8090942225463,29.88253379666465],[-94.80977468311079,29.881703002804723],[-94.81008509137848,29.881085011785146],[-94.8102587273613,29.880115156023678],[-94.81025946411066,29.87957063361267],[-94.81016727910418,29.879153115303055],[-94.80941720383557,29.878025195729954],[-94.8076227925619,29.876013465914745],[-94.80606981605483,29.875201182492873],[-94.80563751449681,29.874824319421062],[-94.80472517469943,29.874362097205964],[-94.80442845568987,29.874344081355854],[-94.80377317143964,29.874125772271753],[-94.80323102539744,29.873141552479456],[-94.8030828963163,29.872677604621803],[-94.80309799377329,29.872352333331627],[-94.80325336702339,29.87185126769454],[-94.80339384755206,29.871647943392038],[-94.80371790671055,29.871395880388057],[-94.80464258628464,29.871064097157053],[-94.80540206543593,29.870858353258082],[-94.8063048006416,29.870912499273096],[-94.80783448664917,29.871559871784896],[-94.8090296731076,29.872166973400365],[-94.809753769596,29.8724353321383],[-94.81095141555124,29.872695087885297],[-94.81178483857614,29.872682823024846],[-94.8123102224136,29.872498053616763],[-94.8127739654125,29.87211444923845],[-94.8131466445393,29.871250621338664],[-94.81347482397426,29.870161167604767],[-94.81357570193543,29.86963156980828],[-94.81354825867257,29.869096512123384],[-94.81311278572352,29.866645616668922],[-94.81266859197731,29.865325178968668],[-94.81228700499177,29.864876468775954],[-94.81197930177899,29.864665283965905],[-94.81133642654689,29.86451855133931],[-94.80987890851881,29.864384166811835],[-94.80907013933863,29.86444620358302],[-94.80798687814543,29.864881882777976],[-94.80720045434248,29.865308058668678],[-94.80561983720547,29.866342465167527],[-94.80520792318512,29.866522389879332],[-94.80432217632725,29.86671645984803],[-94.80353864852887,29.866756599918535],[-94.80301478777298,29.866704291220938],[-94.80277596758626,29.866548619518664],[-94.80252026849159,29.866128099858845],[-94.80237327358172,29.86553713652778],[-94.80221915857436,29.864256596639564],[-94.80224297800869,29.8636444106537],[-94.80251286588044,29.863066605470845],[-94.80307363551746,29.862446157650353],[-94.80333405196014,29.86226547074547],[-94.80411908838366,29.86203233225288],[-94.80507445254698,29.861822155698523],[-94.80581387370486,29.861759771069114],[-94.80624973215738,29.861750999083952],[-94.80702492600146,29.86194804795214],[-94.80805302586867,29.86210779731741],[-94.80865883959957,29.862160593209587],[-94.80941714196075,29.862092815409255],[-94.80968936523068,29.862005957472956],[-94.8098685778746,29.861703518244436],[-94.80989591876774,29.86144441058955],[-94.80969151213517,29.860946918773134],[-94.80918814198766,29.860723686211315],[-94.8079768386689,29.86057952139626],[-94.80659406409025,29.86055028581499],[-94.80538660139028,29.860704007944506],[-94.80435061373996,29.860731724648502],[-94.80190337539011,29.861099628336117],[-94.80061420635269,29.861181164130898],[-94.7994647242746,29.861169611825083],[-94.79931247335543,29.861251565482792],[-94.79938740580803,29.861356767541118],[-94.79970890263328,29.861435682045645],[-94.8015217808052,29.861423093325843],[-94.80149587061996,29.861505725324765],[-94.80117276675297,29.8616253961018],[-94.80019269840705,29.861752679182],[-94.79940361480732,29.86169337330729],[-94.79879855123549,29.861530204624362],[-94.7983034427952,29.861053156901136],[-94.79783213278002,29.860758279101283],[-94.79765801075811,29.86042634188249],[-94.79769493684707,29.859781080500728],[-94.79785538756444,29.85947301717796],[-94.79843455087071,29.85894648800275],[-94.79900581135125,29.85860749927341],[-94.80027141819757,29.858316295103894],[-94.80265292720493,29.858257140090238],[-94.80439925857964,29.857858071208373],[-94.80483142498855,29.85752384726381],[-94.8051451166413,29.85700698191442],[-94.80528158322603,29.856538818559805],[-94.80517957713955,29.85588739463096],[-94.80495023847531,29.855367701733655],[-94.8033109228633,29.853549835304463],[-94.80286897555557,29.852041661679127],[-94.8025649657444,29.8514057456952],[-94.80171702900566,29.85014365405679],[-94.80103495451733,29.84943402084815],[-94.80055515671891,29.84870338766058],[-94.79988963238868,29.84828063270012],[-94.79976648869567,29.84792145665642],[-94.7990455485681,29.846632484864205],[-94.79885512950617,29.846035794456704],[-94.79874036758568,29.84474460313241],[-94.79882058264307,29.844243171986584],[-94.79950026067065,29.843033608089392],[-94.79977955257384,29.842847635708303],[-94.80048150007431,29.842674977309624],[-94.80106056298563,29.8421156476419],[-94.80135553481139,29.841565790854386],[-94.80148173558621,29.840822034096444],[-94.80192891070737,29.839412829271357],[-94.8022106541202,29.838907064138688],[-94.80283517038633,29.837344507382635],[-94.80280172382842,29.83679294895441],[-94.80264280887903,29.836152518470012],[-94.80235073794184,29.835599564860765],[-94.80191817622662,29.8344449120307],[-94.801481672146,29.83379195556189],[-94.80104022226844,29.83294047418002],[-94.80084012460468,29.832707823597694],[-94.80072027685604,29.83271268383634],[-94.80066900908531,29.832828173001815],[-94.80074807810865,29.83322557651928],[-94.80065878660666,29.833362908340103],[-94.80045705449817,29.833356291012983],[-94.79985968227975,29.833126930633927],[-94.79898422856085,29.832978728702273],[-94.79860088929982,29.83279463079272],[-94.79813908374751,29.832108430681533],[-94.79789396517425,29.831985762870335],[-94.79760412643884,29.831945556386376],[-94.79689100749867,29.832002169487993],[-94.79553760641978,29.83248517793589],[-94.79475564941033,29.832420107725135],[-94.7942973258971,29.83208675573262],[-94.79333213433708,29.830113331802146],[-94.79314266447963,29.8301232994694],[-94.79309566609462,29.830564033082762],[-94.79321618406537,29.831430146384303],[-94.79315345200158,29.832289772834674],[-94.79341643899261,29.833460032076353],[-94.79333126680174,29.833873045750025],[-94.79349055922174,29.83450245597151],[-94.7934618815966,29.834937866264582],[-94.79374189539222,29.835441201315316],[-94.79380154386378,29.83586610574684],[-94.7937499166063,29.83600367722753],[-94.79359105841756,29.836129585415183],[-94.7932550859309,29.836298633441153],[-94.7928131075738,29.837046090831443],[-94.7923999013029,29.83736914187472],[-94.79210909056208,29.837406107420904],[-94.79194973429253,29.837576164541296],[-94.79146350891166,29.838284874942396],[-94.79129714507455,29.83864796949079],[-94.79136296589739,29.83892953728535],[-94.791259680333,29.839177153232985],[-94.79106708418662,29.839518012774057],[-94.79061382686737,29.840039459310976],[-94.79022866564192,29.840704710139025],[-94.79004068108053,29.841222124978195],[-94.78975964758828,29.84155152041216],[-94.78831999262823,29.842133858818393],[-94.78787543616147,29.84237413684947],[-94.78591785543945,29.84428305481437],[-94.78470829427461,29.84525835934718],[-94.78372668745975,29.84619625507666],[-94.78302097009644,29.84667232680956],[-94.78251742158666,29.847160510326887],[-94.78132043936154,29.84745742733698],[-94.78010554436149,29.847638421133187],[-94.77920253712732,29.847556352122485],[-94.77888129990048,29.8474332847528],[-94.77799799530418,29.847263078993215],[-94.77759345671127,29.84727191265928],[-94.77664425844814,29.847421217260045],[-94.77504207250067,29.847820667196334],[-94.77342361942573,29.84790565163393],[-94.77279508734902,29.848260704505556],[-94.77233274431515,29.84839053052514],[-94.77197051699284,29.848636706840622],[-94.77183793838812,29.849391501978566],[-94.7718874809115,29.849513105285336],[-94.77231154313866,29.84942717684791],[-94.772955846568,29.84945275398313],[-94.773502430955,29.849830758095884],[-94.7744238844269,29.85147924134014],[-94.77524845516211,29.85260883452932],[-94.7757808175935,29.853924360523095],[-94.77611122696545,29.854455640465595],[-94.77631851836158,29.854600200443226],[-94.77672952076507,29.854558333579476],[-94.77706721946615,29.854218230716814],[-94.77781035751443,29.853747995791476],[-94.77870792696626,29.85294767287436],[-94.78134325463152,29.851384639209314],[-94.78281522077988,29.85067558526117],[-94.78331553379377,29.850540417905087],[-94.78537581959375,29.850468882800133],[-94.78582974458736,29.85057614150604],[-94.78697276925416,29.850626496841254],[-94.78758968424744,29.850872548648223],[-94.78798089670684,29.850924334736114],[-94.78868291912617,29.851540428234813],[-94.7893445121813,29.851731582411055],[-94.78945420205646,29.852184490500193],[-94.78969029449964,29.852632602133465],[-94.78999021571529,29.853003825625667],[-94.79063021888363,29.853492735330107],[-94.79141947462244,29.854247251944553],[-94.79189397782335,29.85488420665274],[-94.79229163313971,29.85564763605134],[-94.79252039155543,29.856222593040016],[-94.79257368209605,29.856636616965027],[-94.79280286473931,29.857167460763762],[-94.79316437222946,29.858482370947854],[-94.79345824716485,29.86034310694353],[-94.79346605101914,29.860922423247263],[-94.79372663754279,29.861492061428027],[-94.79384250150648,29.86353392440327],[-94.7936464340917,29.864343831801005],[-94.79394500736052,29.865702593036882],[-94.7940443921811,29.86670715570268],[-94.79319577120208,29.86777270839076],[-94.79308661501206,29.867998271395543],[-94.7932388843903,29.868721736325067],[-94.79261940807069,29.868767978405483],[-94.79219887851204,29.869228979394876],[-94.7907547305888,29.86972286584897],[-94.79009024692496,29.86987906287297],[-94.78974106084274,29.870103202193587],[-94.7872738340757,29.870585386162883],[-94.78520378631444,29.87117444296838],[-94.78444549007892,29.87121964395887],[-94.7841606202977,29.871300700627074],[-94.78317513318521,29.87132250874632],[-94.7814837303348,29.87114721205066],[-94.7806716061451,29.870806102824737],[-94.78018163363107,29.870461369929345],[-94.7798256426873,29.869946479756955],[-94.77955331299871,29.869239050118644],[-94.77950775927985,29.868610108048987],[-94.77975736538137,29.866615186566815],[-94.78017547634524,29.865674482864357],[-94.78022172312339,29.8654210538285],[-94.78015354611429,29.865260722787255],[-94.77988999822759,29.8650441259589],[-94.77979109586299,29.86477884108345],[-94.77994977874941,29.863902807791344],[-94.77989553356926,29.86358261521979],[-94.77924297169066,29.863049447382636],[-94.77908089479976,29.86278381279405],[-94.77891462587607,29.862258904561898],[-94.77895054539019,29.860963000981243],[-94.77927535352008,29.859872769050586],[-94.77905953890757,29.85923726937857],[-94.77871594794343,29.858772059667064],[-94.77849432724095,29.85807587445482],[-94.77803146977284,29.857521758961433],[-94.77776115168895,29.857360314468405],[-94.777590362169,29.857386950496714],[-94.77714590135024,29.857660252672527],[-94.77667151217307,29.857729335060775],[-94.77622366603306,29.857649639247487],[-94.77570533605294,29.85768536571825],[-94.77494168098566,29.857592897306763],[-94.7740810064179,29.85700903170759],[-94.77331630821708,29.856276799982524],[-94.77318705040794,29.85586245252869],[-94.77331724755078,29.855399905240798],[-94.77331315704757,29.855129647710573],[-94.77311741834869,29.85511752036941],[-94.77241325204677,29.855466602323627],[-94.77103519870042,29.85555826497343],[-94.77058138943256,29.855428927805935],[-94.77016042400813,29.855145337058037],[-94.7697113221284,29.854442433050473],[-94.76941316883965,29.85305102824101],[-94.76891778462785,29.852596058039378],[-94.76792215648426,29.85227621944131],[-94.76707744688254,29.85127336890118],[-94.76701934366247,29.850649881663703],[-94.76716062624592,29.850369418208015],[-94.76713742758425,29.85011563548995],[-94.76686137505136,29.849876968081393],[-94.76636168167192,29.849168359995456],[-94.76633449354945,29.84862779994981],[-94.76647579510534,29.84834185114603],[-94.76730804941391,29.847778483167932],[-94.76868433629949,29.84714087114277],[-94.76965192743108,29.847041398323398],[-94.771197198485,29.847237161293414],[-94.77174824984245,29.847234796905326],[-94.77206496576018,29.847142773924812],[-94.77191558989506,29.846866242214475],[-94.77137353872087,29.84669235890698],[-94.76881482087327,29.84663427916985],[-94.76762941854564,29.846324514685666],[-94.7663539315165,29.84621824003617],[-94.76548093500043,29.846351251139865],[-94.76485997095253,29.84657388912404],[-94.76376798951956,29.847235006784175],[-94.76255040152179,29.84859016519281],[-94.76205180635044,29.849309730872864],[-94.7609284030388,29.849954072820474],[-94.75984826474341,29.85071448253281],[-94.75763489463286,29.852543839203026],[-94.75700733475135,29.85357156399864],[-94.7569354991382,29.853857957956084],[-94.75748861683594,29.855725340509277],[-94.7574541824587,29.856067131331383],[-94.75690262215534,29.857818054981998],[-94.75692255454148,29.85845804592889],[-94.75711870280541,29.859181778252978],[-94.75754381684489,29.859719248762982],[-94.75796499000613,29.859975372666995],[-94.75857640500556,29.860144272869363],[-94.759986905044,29.86071478089767],[-94.76065879604866,29.86121495995994],[-94.76099749355794,29.86151469274064],[-94.76147210373601,29.862190271550283],[-94.7616512263174,29.862687700151724],[-94.76164783731251,29.863101376395896],[-94.76144406125168,29.864060070696897],[-94.76112413063845,29.864543743675597],[-94.76087012568274,29.864696824963286],[-94.7597825260565,29.864795741100217],[-94.75922690185214,29.864743047467446],[-94.7589037983779,29.86484611136134],[-94.75764534113833,29.864977132853127],[-94.75676780598214,29.86488953446044],[-94.7559890165351,29.864328009274633],[-94.7556796566455,29.864298701155796],[-94.75514816930885,29.864389529303832],[-94.75452585979667,29.86476669785214],[-94.75389550329089,29.865347931572288],[-94.75358861687059,29.865782045035644],[-94.7533621650041,29.866420740935286],[-94.7533311504775,29.86711016998069],[-94.75372121093864,29.868072276294342],[-94.75439823506856,29.868721497941475],[-94.75552914318895,29.869505555384936],[-94.75594201046127,29.87001530513371],[-94.75608387539802,29.870440773616252],[-94.75608631059534,29.870920645993078],[-94.75595442192089,29.87160380689457],[-94.7561008649994,29.87224986276398],[-94.75663898805765,29.872914557265737],[-94.75743201688704,29.87410990030775],[-94.75753945264032,29.874110475308818],[-94.75788878419156,29.87388625414723],[-94.75807805593377,29.873925875932077],[-94.7578792696766,29.874288740311],[-94.7573846561159,29.87450663790116],[-94.7571169480554,29.874797421813817],[-94.75657769514977,29.87601714341757],[-94.75639510044061,29.876822027961143],[-94.75638646123333,29.87727330780586],[-94.75655607498446,29.877861348779938],[-94.75687367595532,29.878123618349708],[-94.75691502632779,29.878541841572623],[-94.75773937795795,29.87890001205583],[-94.75787365613378,29.879163018580083],[-94.75787901327287,29.879779410726197],[-94.75771327149744,29.880330945549854],[-94.75751362553099,29.88061878709672],[-94.75685440311662,29.881019225796464],[-94.756314409135,29.880559833223256],[-94.75557483368037,29.88045988720109],[-94.75526694463336,29.88061590755942],[-94.75515004886115,29.88102418848437],[-94.75511103752496,29.881613283659185],[-94.75520976864536,29.882080690514247],[-94.7555625597669,29.882999226982026],[-94.75483026091518,29.883005724752547],[-94.754523249833,29.88221149250802],[-94.75435012385964,29.881177850324637],[-94.75442096599605,29.88064308349274],[-94.75458225019287,29.880334384575715],[-94.75489608869086,29.88011183595407],[-94.75674496082932,29.8800343335681],[-94.75702197459943,29.879966555172725],[-94.75719776401024,29.87982784041538],[-94.7572588035098,29.87954668705055],[-94.75719174289117,29.879150821796344],[-94.75695121520418,29.879070014394806],[-94.7569281692973,29.87926253338338],[-94.75669096840917,29.879616292646443],[-94.75633587592603,29.87944816455301],[-94.75581978544373,29.87891197610587],[-94.75560815093573,29.87847295987498],[-94.75545829784888,29.877928428834803],[-94.75539310374337,29.87694399179926],[-94.75549275190532,29.876095759170422],[-94.75647285782087,29.87393929181982],[-94.75629722644551,29.87377291706277],[-94.75509485052466,29.87320389767015],[-94.75494112255699,29.87267365079939],[-94.75493811758977,29.87147688744789],[-94.75515838488869,29.870805231495435],[-94.75496623506376,29.870346375158313],[-94.75462719383617,29.870079734404438],[-94.75429900772019,29.870033793835358],[-94.75401311813407,29.870225248107456],[-94.75340177830145,29.8708119867882],[-94.75302440205664,29.87137791945367],[-94.75279731140905,29.871332520323204],[-94.75250615026094,29.871397035124108],[-94.75232967082736,29.871346399370843],[-94.7523686800705,29.871208720583255],[-94.7527235521589,29.871078393974283],[-94.7531532322294,29.87029762287324],[-94.75352766840656,29.8700956517116],[-94.75366922744202,29.869782026586858],[-94.75345182130125,29.869328483155854],[-94.75235580689748,29.86815830380678],[-94.75217542137725,29.867815217737565],[-94.75211432915002,29.86756662437728],[-94.75214845744216,29.867257880931376],[-94.75240450237254,29.866100804057275],[-94.75266717323962,29.865666464007433],[-94.75431225293883,29.863866214969182],[-94.75452834624328,29.86371295689756],[-94.75490244384369,29.863555079257832],[-94.75559241954988,29.863398970715537],[-94.7559335758178,29.863400870897106],[-94.75800588758192,29.864168164360485],[-94.75833391825557,29.86423064730252],[-94.75901015205704,29.864212288795713],[-94.75994822104441,29.86385886393844],[-94.76048324431933,29.863343254504727],[-94.76073171319815,29.862329613352387],[-94.76060854620557,29.861942805576323],[-94.76035206932006,29.861632481463026],[-94.75964871991178,29.861115600075212],[-94.7594280214069,29.86106471910965],[-94.75965718553785,29.861617625605057],[-94.75956137259344,29.861743973007897],[-94.75939088828054,29.861732002406196],[-94.75852213832643,29.861352054335523],[-94.75820639398124,29.861333759735068],[-94.75723035749603,29.86094213559092],[-94.75698539220865,29.860769757269917],[-94.75667782397117,29.86053083188268],[-94.75609637969124,29.859799370369796],[-94.7558992631347,29.859196945293988],[-94.75589520898374,29.858926617666533],[-94.75633864102376,29.85650755573304],[-94.75631777868725,29.855977921930485],[-94.75559351449222,29.85418672227869],[-94.75562086926516,29.85400208575592],[-94.75609608720703,29.852998304292473],[-94.75789868629309,29.851188668928316],[-94.75839009358167,29.850579368697474],[-94.76015644524767,29.84932658690261],[-94.76161569446718,29.847768816168966],[-94.76228296672376,29.847281812297954],[-94.76274138459925,29.846837770907825],[-94.76383448138843,29.84603332185508],[-94.76421481442853,29.84587554617689],[-94.7646131399261,29.845839154287535],[-94.76580421171452,29.845432223592063],[-94.7673272608521,29.845396501832735],[-94.7686524785183,29.84561328159033],[-94.77045634542681,29.846031167123837],[-94.7713411691884,29.846013896890337],[-94.77220813015595,29.84586970034811],[-94.77249621262929,29.84541908190613],[-94.77266723296331,29.84537039103079],[-94.77274834253578,29.84549765309748],[-94.77273822478081,29.84596081910027],[-94.77311514931816,29.846233068279947],[-94.77369430820596,29.846506398631654],[-94.77514778676607,29.84651424320906],[-94.77640885354076,29.846107405384927],[-94.77728192313123,29.846001799564746],[-94.78052418206751,29.846730632417277],[-94.78127007912056,29.84671258292907],[-94.78147923539699,29.846641999425646],[-94.78248947281845,29.846029678394792],[-94.78341572245888,29.845632009361964],[-94.78372231326088,29.845269620935944],[-94.78376274023441,29.84498854685693],[-94.78445281631554,29.84415386259924],[-94.78478974293412,29.84393503749383],[-94.78644858322747,29.842223065200276],[-94.78781218913004,29.841005953922053],[-94.78841907296025,29.840292219254778],[-94.78846754803695,29.839829212366787],[-94.78807643277973,29.839049452089284],[-94.78807403386458,29.83789682746289],[-94.78836681645356,29.835416940470655],[-94.78859017916496,29.83435399231991],[-94.78884232593481,29.83361657854839],[-94.78882567541872,29.833307746409208],[-94.78869564805264,29.832943182345083],[-94.7887795171432,29.832706575102453],[-94.78874410808469,29.832359083688527],[-94.78913840263789,29.831082316268237],[-94.78914145561933,29.830624819929376],[-94.78938381448616,29.830278873047483],[-94.78957640442252,29.82980588233413],[-94.79003533210789,29.829163499642323],[-94.79083165080095,29.82698526887265],[-94.79126639895499,29.82607826628447],[-94.79119159111113,29.825912507660988],[-94.79058664113232,29.82567771788553],[-94.79046096719776,29.825566821686685],[-94.79060350519778,29.824944807372194],[-94.7905555639499,29.824498143052974],[-94.79068709709901,29.82360051216422],[-94.79065671848099,29.823396439203293],[-94.79032679529176,29.822573474233582],[-94.7901139350637,29.82225818598486],[-94.79012880839176,29.821877977370555],[-94.78991574391316,29.82159575357473],[-94.7899292932894,29.821441529923977],[-94.78979211348476,29.821148693843956],[-94.78986482862533,29.820608988109214],[-94.78969638439482,29.820266386319627],[-94.78981747204841,29.820085172269955],[-94.78980554641119,29.8199693761805],[-94.78958621202878,29.819687122620305],[-94.78913201597226,29.81858242691726],[-94.788817981373,29.818299673535314],[-94.78833287366344,29.81810968066335],[-94.78791611604939,29.81809641122569],[-94.78748597252353,29.818204317998067],[-94.78721493015291,29.818120195057375],[-94.78686667437766,29.818256102343465],[-94.78674680822668,29.81823343058921],[-94.78662094526355,29.81816108951032],[-94.7862961437197,29.817591693087575],[-94.78593135509018,29.817347254310143],[-94.78566015218867,29.81729068695464],[-94.78512743079312,29.81664852750861],[-94.78454164105928,29.816402890105724],[-94.7840147845152,29.81584341459909],[-94.78390104778126,29.815848329299342],[-94.7837867074516,29.815946896826528],[-94.78344634773369,29.815840369623114],[-94.78328374076469,29.815596989848295],[-94.78327240704454,29.815404055458718],[-94.78299210689748,29.81481834433864],[-94.7829448456988,29.814333095914034],[-94.7826245827427,29.81406132057863],[-94.78173682966705,29.813654209564984],[-94.7813726644512,29.813338114533842],[-94.7812805865563,29.812951833294033],[-94.78143143762102,29.812142463188795],[-94.78137505596274,29.812076025203943],[-94.78099020591215,29.81201884860078],[-94.78038316848404,29.812125792652832],[-94.78005512241496,29.812074430090973],[-94.77968643231266,29.81151027416838],[-94.77944768071433,29.811332615264273],[-94.77853937925431,29.811173390614712],[-94.77660570226968,29.811322808301156],[-94.77562830190213,29.811108119031204],[-94.77477566986555,29.81110355230051],[-94.77427918758173,29.810759160990774],[-94.77405167519677,29.81077999990316],[-94.7738295764985,29.81092209750267],[-94.77312310395254,29.810797044185474],[-94.7724663522149,29.81078249922005],[-94.77115539534464,29.811271490062673],[-94.76990231938669,29.811617469154918],[-94.76745007595794,29.81271196963798],[-94.76623504021258,29.813036054624337],[-94.76562186746139,29.81310437857113],[-94.76483604168835,29.813469320374885],[-94.76449949687844,29.813715470779456],[-94.76421985913585,29.814099363995492],[-94.75659482392378,29.814103237725597],[-94.75616220611032,29.81381797873939],[-94.75585178870264,29.813083411425968],[-94.7549794660379,29.81232918222025],[-94.75468012845963,29.811804125367154],[-94.75431033126321,29.811416399939386],[-94.75362404891419,29.811131574987066],[-94.75277135650745,29.81115978079419],[-94.75203323491539,29.81106190515518],[-94.75020750977511,29.810401705153314],[-94.7501216105238,29.81021980022719],[-94.74895012345203,29.80951530913915],[-94.74716599757102,29.80873122996816],[-94.74537400152059,29.807682775171177],[-94.74468462142457,29.807432856460586],[-94.74459702170606,29.807570970776805],[-94.74470540124774,29.807763176852134],[-94.74521252448164,29.80815716592792],[-94.74544825702671,29.80855251394248],[-94.74678944804403,29.809113068155323],[-94.74883441799142,29.810264792034218],[-94.75020751443567,29.811427112683887],[-94.75108526856457,29.812048031676394],[-94.75180672303708,29.812702266544203],[-94.75206928995419,29.81306738808871],[-94.75209190424557,29.81323498871784],[-94.75184779944811,29.813132208117064],[-94.75164818090686,29.812795013734423],[-94.75111480642047,29.812329155701573],[-94.75074365058218,29.81213421507969],[-94.75020751013864,29.811696245653337],[-94.74999131839378,29.81172375950669],[-94.75009356572919,29.81194900190014],[-94.75006320550307,29.812158392789232],[-94.75020751751781,29.81244293010639],[-94.75030456638456,29.81258664403986],[-94.7502075172209,29.812622790548374],[-94.75003469012593,29.812687154179702],[-94.74970455961552,29.812347423466743],[-94.74957180149435,29.812304026896815],[-94.74943316874668,29.81234327889338],[-94.74947163439337,29.81244771284843],[-94.7497946608088,29.81264983794402],[-94.75020751859155,29.813105925077746],[-94.75061526132072,29.813295909522413],[-94.751743571843,29.813572386301423],[-94.75259000150355,29.814115640024443],[-94.75187622532074,29.814117843104167],[-94.75143889936375,29.81378549634914],[-94.75123667383517,29.813806365707322],[-94.75137568379753,29.814119378251604],[-94.75124328988939,29.814119784654473],[-94.75107750861244,29.813987250962708],[-94.75110697170209,29.814120201414752],[-94.75056610447362,29.81412186257405],[-94.75020751760691,29.81364871472375],[-94.74998792138854,29.81333164446564],[-94.74920784659484,29.81266927640619],[-94.74518481895139,29.80996907453752],[-94.74434155259361,29.809290396237337],[-94.74234885640095,29.80736039544791],[-94.74241761734739,29.807256740863636],[-94.74184088603411,29.806841004156627],[-94.74073265443525,29.806207559715556],[-94.74033857178887,29.805724820483764],[-94.74013439399373,29.80534026532063],[-94.7399507637492,29.805242029104562],[-94.73970459214652,29.805243227497606],[-94.7388473636418,29.805478681361475],[-94.73735837703566,29.805623567301758],[-94.73707417159521,29.805597407021065],[-94.73673265825093,29.805488900360825],[-94.73640227783598,29.805121466871952],[-94.73598492249018,29.804996785999943],[-94.73576251225074,29.804744495027226],[-94.73520573107533,29.804526857848312],[-94.73511549400753,29.804202332958635],[-94.73430089580262,29.804162169592516],[-94.73423694943604,29.804019273256742],[-94.73468454025901,29.80391246709152],[-94.73618807631381,29.804098029858192],[-94.73671164644033,29.804023903910352],[-94.7374451893624,29.80424069654773],[-94.73806936672844,29.804100000732145],[-94.73825254194169,29.80411566048722],[-94.73867636047466,29.80426231492506],[-94.73899977800525,29.804519610463053],[-94.73974653048677,29.804846469325568],[-94.74014463687062,29.804916140531],[-94.74033382190065,29.80488217991043],[-94.74040766714793,29.8045403767024],[-94.74090026675731,29.804576541364895],[-94.74113989500202,29.804525824981855],[-94.74013415834345,29.804172698255112],[-94.73973628635021,29.804147056895964],[-94.73870597928365,29.80392068998246],[-94.73677934452775,29.803720664058353],[-94.73455656697224,29.803615649174507],[-94.7319288959318,29.803347338599345],[-94.73075973151076,29.803116074748214],[-94.72929431807091,29.80295235414684],[-94.72792279144785,29.802639434111],[-94.72697412465772,29.80231899223403],[-94.72692567069517,29.802660738526093],[-94.72713363768203,29.803673307065853],[-94.72700107432007,29.804742594054794],[-94.72687194081907,29.805321593792637],[-94.72611897170167,29.807148511183836],[-94.72604681867737,29.80776030593124],[-94.7262120898642,29.80904296525453],[-94.72638498201218,29.809466277844763],[-94.72672836454674,29.80990528512472],[-94.72729850535067,29.81026056501949],[-94.72968389010452,29.811256967440578],[-94.73173480254663,29.81226042690888],[-94.73352169479321,29.813441361335492],[-94.73521832585965,29.815371674020355],[-94.73628378888087,29.816231046453854],[-94.73723625756212,29.817190059886318],[-94.73789157093967,29.818062408642916],[-94.73886362069902,29.819125858890335],[-94.74000878159848,29.820628891031685],[-94.74036546031135,29.821161226027147],[-94.74077497420215,29.822073232392537],[-94.74131098714498,29.82405285470649],[-94.74121125993123,29.82527588847764],[-94.74065050900587,29.827459697916225],[-94.7406356945419,29.828115139704146],[-94.74077258946053,29.82880834539362],[-94.74104213344124,29.829511863698812],[-94.74159179329726,29.830593917231177],[-94.74231806006999,29.831647535045523],[-94.74308055184304,29.832442126696378],[-94.74436872549155,29.833509395929063],[-94.74557357728332,29.83437895242242],[-94.74656745818616,29.834825484096466],[-94.74725650514286,29.834987186589142],[-94.74838103045543,29.83513563914262],[-94.74924572194045,29.835125724215835],[-94.75020755950649,29.834918538610697],[-94.75138706177373,29.83450588617685],[-94.75286200445652,29.83325753532417],[-94.75364534796032,29.832418576024555],[-94.754336026116,29.83131993217084],[-94.75443753751028,29.831259869115552],[-94.75460135339874,29.83131045156001],[-94.75478568914873,29.83115714321164],[-94.75488350316124,29.830766252348653],[-94.75572284216258,29.830037826365604],[-94.75607807821383,29.82983588527696],[-94.75693253073577,29.829598203435552],[-94.75818313838472,29.829588798638504],[-94.7591535180004,29.829880979192207],[-94.76009031452124,29.830437586304306],[-94.76259325044049,29.83269539990995],[-94.76361965758144,29.833947019795854],[-94.76413374987995,29.83527848288783],[-94.76420371818803,29.83602865965945],[-94.76400936429319,29.83746100497091],[-94.76366678071898,29.838451500797635],[-94.76323299243057,29.838983886009014],[-94.76231081539144,29.8397616480672],[-94.761737145992,29.84041450421908],[-94.76081463244644,29.841241819058506],[-94.75818132904524,29.842737523606456],[-94.75511894401322,29.84418647929069],[-94.75263560337646,29.84510386372561],[-94.75215367238327,29.845338132180075],[-94.75143227820574,29.845504854150164],[-94.75080472512916,29.845782368464416],[-94.75020758628963,29.845931673171858],[-94.74992206001602,29.846184616633174],[-94.74906687223262,29.846723659892913],[-94.74870952482307,29.84712238592547],[-94.74841202733025,29.84800590233696],[-94.74830941273808,29.848756131573854],[-94.74829303847226,29.849164130922084],[-94.74846485322726,29.850386985497945],[-94.74898382024975,29.851597053896086],[-94.74922295950294,29.85247779963155],[-94.74930625016063,29.85367903154613],[-94.7490239986797,29.854975777437016],[-94.74882468797944,29.855412215520523],[-94.7478425556493,29.856861276012275],[-94.74655111854523,29.858328347692098],[-94.74558197314236,29.859843320088196],[-94.7443820135436,29.862797747176348],[-94.7441727244577,29.86365296443367],[-94.74371082538246,29.86449840911426],[-94.74348245070932,29.86532611275917],[-94.74327809903302,29.866952682025335],[-94.74330128434949,29.86761932007556],[-94.7436389286753,29.870058583325307],[-94.74358108664242,29.870890846184963],[-94.74391785352523,29.872200491753823],[-94.7441025537056,29.873433700056697],[-94.74407910814679,29.873714807292757],[-94.7444573714795,29.87460547133339],[-94.74445867654329,29.87520018531309],[-94.74478334857282,29.876321336123187],[-94.74477165170059,29.87711946721228],[-94.74466499279177,29.877570853875323],[-94.74423670495351,29.878490200178756],[-94.7428447890456,29.880730268261097],[-94.74152093490395,29.882122852949838],[-94.74014700869537,29.884175004675466],[-94.7397644108302,29.885269733601348],[-94.7392483447575,29.88639269200381],[-94.73902386607351,29.887223522822993],[-94.73837919271097,29.887231538560062],[-94.73925213541287,29.88502827180699],[-94.73918169292901,29.884681831333857],[-94.73935222799118,29.883737105400016],[-94.74075633889326,29.881974291475036],[-94.74261587535625,29.879838905370413],[-94.74356079535364,29.87835286893003],[-94.74397593594927,29.877268431190576],[-94.7440759655355,29.87637135130257],[-94.74399237800634,29.875771689904287],[-94.743630234644,29.874626045492786],[-94.74349640628583,29.874433877732976],[-94.74326189021338,29.873311124591137],[-94.74271979102502,29.871490124795372],[-94.74242144278432,29.869271150088426],[-94.74230942160698,29.867547047365914],[-94.74233452019185,29.86652753428883],[-94.7422019752951,29.86554183132612],[-94.74243280659796,29.86509986377987],[-94.74257847939575,29.864173357395767],[-94.74273419737469,29.863836437520877],[-94.74368295245426,29.86308778980928],[-94.74384109093347,29.86213361088033],[-94.74423696817705,29.860831034738442],[-94.7448380182313,29.860017899743156],[-94.7450748546158,29.8595262073405],[-94.74553149805102,29.8588460237903],[-94.74608936555455,29.858198374928023],[-94.7471569361561,29.85626945863148],[-94.74783970516806,29.85540615758959],[-94.74834857028836,29.853992538028614],[-94.74840132222235,29.853347358805795],[-94.74810346267002,29.852158265048633],[-94.74802224178487,29.851287746736492],[-94.74780944776121,29.85057773574985],[-94.74769293180512,29.849112043189077],[-94.74774140780424,29.848786584745152],[-94.74785362036535,29.848559985912477],[-94.7480867170064,29.847472854084067],[-94.74858456700036,29.846323698812654],[-94.74929451238208,29.84577986806613],[-94.74986814424382,29.845644649432458],[-94.75020758077821,29.84545706533699],[-94.75108197297085,29.845083762276325],[-94.75124826527178,29.844825611582912],[-94.75102710155176,29.84405243332976],[-94.75087154964378,29.843759296691115],[-94.75065146120954,29.84363673412996],[-94.75020757481074,29.843539681653883],[-94.74449954730423,29.843627280165258],[-94.74492998478657,29.843415427106642],[-94.74511922646808,29.843392398165776],[-94.75020757923525,29.843389768493704],[-94.75085440790018,29.8435331529475],[-94.75103672330667,29.843638965504756],[-94.75161818558122,29.844381180339393],[-94.75211648509874,29.844466787791145],[-94.75235017069072,29.844468138590994],[-94.7539446989138,29.84411353131521],[-94.75516075010947,29.843696036939438],[-94.75604870415232,29.842916225871242],[-94.75689923120068,29.842713668043338],[-94.75747609430462,29.842452340295722],[-94.75939259293946,29.841327547051492],[-94.75981879889657,29.840949538490364],[-94.76183901174302,29.839505418116776],[-94.76236752639043,29.838973576330456],[-94.76266154485563,29.83853415632838],[-94.76341254358087,29.837022215610876],[-94.76345936164395,29.836686159729517],[-94.76320805472375,29.835692418430195],[-94.76278725958228,29.834554413729357],[-94.76251956360616,29.83404571339824],[-94.76192555443215,29.83325406489598],[-94.76157418446151,29.83294338136755],[-94.76060617361915,29.832326020215568],[-94.75987921711258,29.83158316817186],[-94.75911975407446,29.830966918746988],[-94.75792441869929,29.830364719249953],[-94.75716100774784,29.8302611231512],[-94.75673727064365,29.830335872070787],[-94.75628725602145,29.830542797300406],[-94.75593217642273,29.83072269408864],[-94.75557619901397,29.83101836610685],[-94.7552892429529,29.831369565138445],[-94.75473247523816,29.83230361182392],[-94.75291543154934,29.834492813595933],[-94.75234928711961,29.835013229654],[-94.75127749187352,29.835585801770037],[-94.7502075643701,29.83592558307851],[-94.74862097674124,29.836131777438236],[-94.74822941701342,29.836100734331986],[-94.74735092418864,29.835928938851087],[-94.74585748091702,29.83534166636441],[-94.74495115830813,29.83476794404615],[-94.74329897378671,29.83403304329175],[-94.74199202689691,29.832993422238758],[-94.74050488915007,29.831404053928065],[-94.74026898943693,29.831030761715503],[-94.74015921772775,29.830640291565565],[-94.74002053595633,29.829666116819403],[-94.73967784701038,29.82836816416805],[-94.73967187920287,29.827415383406862],[-94.74028510720392,29.82554514972788],[-94.74022070199298,29.82533624143639],[-94.73977367087339,29.82551483258822],[-94.73972271455261,29.82544350440449],[-94.7401230233935,29.824852122770164],[-94.7401304150416,29.824004003964735],[-94.73961159202779,29.822773171858792],[-94.7388775433699,29.821427760311135],[-94.73726173278577,29.819337823533406],[-94.73617508490939,29.81811517704283],[-94.73458484545617,29.816052303892402],[-94.73422941217517,29.815718101926464],[-94.73077297920085,29.812926149310073],[-94.73029799730242,29.81265305805784],[-94.72808370126842,29.811777047090313],[-94.7265886744342,29.81084240273437],[-94.7258587123607,29.810135356000526],[-94.7254824508981,29.80947064817857],[-94.72513425306215,29.808205372936648],[-94.72520595903521,29.8075164652817],[-94.72616710594059,29.804597859724858],[-94.72626922344314,29.803721536652805],[-94.72599819992395,29.80271478346236],[-94.72521468338347,29.801495615871048],[-94.72428193194861,29.80064627073713],[-94.72306457048148,29.799688072456767],[-94.72254532559442,29.79938760191817],[-94.72123346130931,29.798429856644155],[-94.72020583173355,29.7975093064457],[-94.71942003587579,29.796929158238154],[-94.71733018308787,29.795589536936333],[-94.71569110357862,29.794704967050244],[-94.71493119394246,29.794207281318254],[-94.71424009813424,29.79361563291699],[-94.71111311328539,29.79180150211919],[-94.70792031788397,29.789651378861496],[-94.70709554395135,29.78892800220878],[-94.70659342973138,29.788351836359077],[-94.70609524362641,29.787406536056018],[-94.70569509549861,29.78601449019238],[-94.7058448747434,29.783804501299336],[-94.70578229210865,29.782912253166604],[-94.70540207181305,29.782660576256347],[-94.7034740307051,29.78212957231992],[-94.70300557375789,29.781894818707254],[-94.70220041156655,29.781314550252578],[-94.70159613354214,29.780568034720417],[-94.70058119027505,29.779735277712128],[-94.70011102900503,29.779230581977018],[-94.69878607783001,29.7772532868111],[-94.69825953830767,29.776803931506866],[-94.69765216957089,29.77654226737113],[-94.69633272743533,29.7764381257051],[-94.69487495709367,29.776411742317297],[-94.69455326043028,29.776429746873276],[-94.69442130233608,29.776524017909253],[-94.69449946298884,29.776925829506073],[-94.69441770736465,29.77697030110749],[-94.6943039126257,29.77693223992042],[-94.69408637350746,29.776442894780715],[-94.69278357385883,29.77595851184555],[-94.69161896501305,29.77536328050899],[-94.68992621061084,29.774010129699988],[-94.6889444367589,29.77336994223339],[-94.68860181692004,29.773046429995688],[-94.68852436690618,29.77274926401466],[-94.6882899917949,29.77259054743904],[-94.68810706419207,29.772596882224473],[-94.6879435996866,29.772696800137012],[-94.68788827110157,29.77294498721585],[-94.68803347633988,29.772960852774926],[-94.68812907182367,29.773125714455894],[-94.68812997245803,29.773279970079127],[-94.6879793156048,29.773407389647716],[-94.68785320060022,29.77342449247035],[-94.68742925458658,29.77321702898715],[-94.68667468129256,29.77365572502431],[-94.68652319787164,29.773645393042486],[-94.6860865266387,29.773421469836467],[-94.68601617049563,29.773256488897175],[-94.68667848890387,29.773225938710265],[-94.68708693168179,29.77293759404617],[-94.68658144133288,29.772813144000377],[-94.68647950452797,29.77264279791859],[-94.68648979860426,29.772240538903837],[-94.68673234580046,29.77163889135238],[-94.6870282943588,29.77153837310184],[-94.68741964139546,29.77156966840382],[-94.68786705166102,29.77143125771634],[-94.68775291043976,29.771380955500256],[-94.6877264044621,29.77116069534548],[-94.6874477295865,29.770980122675216],[-94.6870815096778,29.77092668064863],[-94.68649524893578,29.771011964485155],[-94.68641243481737,29.770874602095986],[-94.68649173398191,29.77040591977073],[-94.68636952062265,29.76891334753031],[-94.68649266903074,29.76730952234969],[-94.6863257357024,29.764632667843102],[-94.68633549380465,29.76413679623007],[-94.68698359064757,29.762778623370085],[-94.68686660911172,29.76218414322704],[-94.68704586836515,29.76155528613937],[-94.68737063640306,29.761002921736246],[-94.68776371655382,29.759547907191255],[-94.68816214566155,29.75828888225838],[-94.68818987817178,29.757638696859534],[-94.68831262539268,29.757059682465375],[-94.6886986924214,29.75620958217053],[-94.68871643242606,29.756011161106905],[-94.68889922139408,29.755993819234064],[-94.68901817476863,29.755844568770158],[-94.68886579090808,29.75566894042832],[-94.6891004691311,29.754819514768922],[-94.68892283436347,29.75463848245126],[-94.68889035134991,29.754473368378584],[-94.68897313735732,29.75429193858835],[-94.68890091937935,29.75412611084953],[-94.68889823720649,29.753663360713563],[-94.68901649306659,29.751507370083544],[-94.68913858588702,29.75054963614231],[-94.68927581139813,29.7502034606576],[-94.68950272926695,29.749423695339043],[-94.68960783494245,29.748339187799736],[-94.68983132305259,29.747541386201846],[-94.6903396709795,29.746347928613474],[-94.69094698781697,29.745600791913112],[-94.69097910277196,29.745435679657255],[-94.69036398477579,29.74494926494258],[-94.69020107225666,29.74474502005048],[-94.69017644212003,29.744601776215568],[-94.69030430809073,29.744089998611422],[-94.69064863970226,29.74353092194275],[-94.69086240094907,29.74302329641825],[-94.69100339280307,29.742362854080096],[-94.69156181457558,29.741202470143335],[-94.69240996746086,29.740026394241834],[-94.69315780779431,29.738728784561744],[-94.69398075508957,29.73755802540456],[-94.6943010231453,29.736871997824544],[-94.6946239026551,29.735582459259604],[-94.69471707178019,29.73418354392265],[-94.69505560012975,29.73285136694051],[-94.69484378595831,29.732195199551605],[-94.69449088507491,29.730491870835454],[-94.69416736843901,29.72830622246662],[-94.69417499066094,29.72727897906445],[-94.6939895083987,29.726330800706556],[-94.69264256828653,29.724327529443002],[-94.69250535536828,29.72395253834791],[-94.69230480046733,29.722007190698953],[-94.69183218325355,29.720386396034485],[-94.69182961117016,29.719422225709277],[-94.69171787923995,29.718992262013163],[-94.69166676034787,29.718322038534456],[-94.6913997946981,29.716562168595367],[-94.69106426150016,29.71536626505616],[-94.69067042922961,29.714566956026378],[-94.69040708070001,29.71422508435802],[-94.69067242056302,29.714076756684378],[-94.69070535384189,29.713724294288337],[-94.69052420694229,29.71332198201881],[-94.69003390011956,29.712990857683437],[-94.68979804392542,29.712081839112802],[-94.68968341787003,29.71082614090768],[-94.68975129468821,29.709647844824882],[-94.68992974866306,29.708718765251383],[-94.69002932192662,29.707974380450242],[-94.68979425733035,29.70690055000278],[-94.68985337802235,29.70633360248234],[-94.6902435632104,29.704979947466093],[-94.69051715488209,29.704374861367146],[-94.69057717386316,29.70359338556999],[-94.69051611130982,29.703125486899264],[-94.68998068407623,29.701561661123097],[-94.68984599662448,29.700631363336846],[-94.68954612933564,29.69979142004908],[-94.68931956582921,29.698473113838027],[-94.68931989202214,29.696948736813134],[-94.69037863887645,29.692587617305396],[-94.69080434917821,29.691773343096997],[-94.69206868174288,29.68941782835057],[-94.69303917827256,29.687973937508907],[-94.69364248846088,29.686930658575495],[-94.6945045312184,29.685000049203854],[-94.69503139345254,29.683645625448815],[-94.69569849306859,29.682514659384722],[-94.69664714988896,29.680548684060096],[-94.69663757834795,29.679938120432144],[-94.69610064101853,29.678913174632278],[-94.69610439152322,29.677237209561316],[-94.69625098375799,29.676603171992056],[-94.69628244750764,29.67412746240603],[-94.69645394174239,29.67388605628769],[-94.69765223550095,29.67386327950688],[-94.69767789872326,29.67377535908598],[-94.69754576166821,29.67371981684527],[-94.69639830891253,29.673665731733784],[-94.69639260201832,29.673544676948794],[-94.69653783226899,29.67351222386434],[-94.69753680296071,29.67348033641576],[-94.6974338083895,29.673416776077353],[-94.69662706807921,29.673320015154317],[-94.69646353689039,29.673236830088694],[-94.6964077330401,29.673044022857617],[-94.69668504403933,29.67181810256264],[-94.69674219319782,29.670448153470453],[-94.69688888198485,29.670113054553294],[-94.69728245343971,29.66958640200457],[-94.69727721121403,29.669360728664117],[-94.69703836654323,29.669172569826085],[-94.69686776188135,29.669232385157454],[-94.69677330235993,29.669198969224677],[-94.69679407918785,29.668965010256063],[-94.69683405860246,29.66832405271419],[-94.69704553461185,29.66758178972222],[-94.69701813762475,29.666612696020174],[-94.69720058912729,29.6651763024267],[-94.69753666356421,29.66472615828346],[-94.69793467589257,29.66456812986874],[-94.69816271884197,29.664304735326223],[-94.69844093689048,29.66411865116728],[-94.69830886826455,29.664013454080497],[-94.69775386253292,29.664005585999913],[-94.69746510933219,29.663629830748764],[-94.69734537246978,29.663607285779236],[-94.6968716186672,29.663792564734116],[-94.69638567870741,29.66385661383944],[-94.69623472552985,29.663740307517493],[-94.69617887168951,29.66349774380071],[-94.69639354882149,29.663438038719754],[-94.69680330009814,29.663505861511677],[-94.69705028387122,29.663237020977444],[-94.69749236480673,29.663073622583788],[-94.69756850103248,29.66295274969512],[-94.6973112788056,29.662571574828462],[-94.69726842875303,29.662202334450207],[-94.69770498901,29.661796466611143],[-94.69809007515829,29.661676866130684],[-94.69844773259683,29.66144101945325],[-94.69850119948342,29.66130940501897],[-94.69782223577623,29.660695105444535],[-94.69775400442441,29.660358741673065],[-94.69778599499767,29.660226638859083],[-94.69798201056918,29.660051113544494],[-94.6985187343939,29.65980532395785],[-94.69862634973511,29.659667986372828],[-94.69858884664099,29.659568663751863],[-94.6983180835565,29.65946840733521],[-94.69781999671552,29.659477463827514],[-94.69743644753466,29.659161880781188],[-94.69739903731586,29.659040538050892],[-94.69767346157505,29.65803331936673],[-94.69764008550776,29.656688772988755],[-94.69773816736752,29.655631247235043],[-94.69792976295643,29.654882616138575],[-94.69833455243294,29.65443782131099],[-94.69827284409573,29.654051920608353],[-94.69811574049056,29.65393012776774],[-94.69825685101557,29.6524911419954],[-94.69912603543992,29.651828909349167],[-94.69962476085104,29.65116433379631],[-94.70028225013046,29.650489027684433],[-94.70045999366204,29.650104042289136],[-94.70049982000032,29.64953128632489],[-94.70023658752764,29.64917229702339],[-94.70013683098131,29.648896548418474],[-94.70012543785204,29.648571511215316],[-94.70014309721037,29.647233130237492],[-94.70036485534118,29.646886934905833],[-94.70041020163288,29.646556660836616],[-94.70012216562448,29.646131579634247],[-94.70018562211692,29.646016153946412],[-94.7003621976774,29.64595069878201],[-94.70037768942639,29.645223825746736],[-94.7005566004386,29.644585685260157],[-94.70095664293699,29.643772161413892],[-94.70106345360188,29.642324514460633],[-94.70120454944261,29.64172493545031],[-94.7014332776446,29.6412523140332],[-94.70159147129543,29.641076711507154],[-94.70204565334062,29.640891163683303],[-94.70215396331102,29.64059980679046],[-94.70247637595708,29.640309227760298],[-94.7024607149255,29.639582628686544],[-94.702578712365,29.63854922623638],[-94.70279949859221,29.63762002520978],[-94.70316718032714,29.636570231830515],[-94.70373862863681,29.635565326362563],[-94.70397615847654,29.634614309657643],[-94.70478637061474,29.632421307999266],[-94.70575965257748,29.630333834323608],[-94.70625516806776,29.6280185990845],[-94.70671755521633,29.627370607711786],[-94.70779031992693,29.62522687459979],[-94.70876288481675,29.6236604811235],[-94.70979288687737,29.62217036144342],[-94.7102095141742,29.62097287784451],[-94.71096066482956,29.62047640277656],[-94.71119491628899,29.620196990867683],[-94.71111519321471,29.61979470375327],[-94.71087785749646,29.619595513756288],[-94.7114501030279,29.61856425152491],[-94.71177558786289,29.61768106284036],[-94.71231403428608,29.616908258359285],[-94.71264771848911,29.616756222683495],[-94.71298223611042,29.616516066098807],[-94.71310257680005,29.616346183866327],[-94.71336658198379,29.61628726684181],[-94.71406703964368,29.61582340787086],[-94.71425743179917,29.615466722700646],[-94.71413348573516,29.615152421218706],[-94.71388315100074,29.615018738622],[-94.71365833566982,29.61479214418336],[-94.71355360706947,29.614472079973943],[-94.713568395693,29.614070584135934],[-94.71348694012639,29.61396011870331],[-94.7136092412114,29.613421259300093],[-94.71341011922158,29.613200220862467],[-94.71341147949057,29.612958284170862],[-94.71364457948906,29.612728361570152],[-94.71411930083315,29.612431065586616],[-94.71450645988769,29.612425125159845],[-94.7145827136258,29.61248611594681],[-94.71487813967873,29.612399601393143],[-94.71507396450505,29.612246643884884],[-94.71504455741788,29.611932857128835],[-94.71482608459303,29.61166218598489],[-94.71405678973295,29.61100304848776],[-94.71404625885434,29.610884309539703],[-94.7140279848649,29.610678264578397],[-94.7141040221991,29.61049727435292],[-94.71432449851224,29.610426922657638],[-94.71448037916929,29.610631333690456],[-94.714390949504,29.61085617872347],[-94.71441830307215,29.61109126751427],[-94.71463467897095,29.611154763118595],[-94.71480489790507,29.61102379099242],[-94.7153498863053,29.61123026349747],[-94.71552614008654,29.61117630204071],[-94.71565379812513,29.61092965148846],[-94.71621415457504,29.610679622225234],[-94.7162212111124,29.610564257826283],[-94.71610152180631,29.610563409152537],[-94.71601466992934,29.610436577382334],[-94.71584478527964,29.610402326016068],[-94.71554004434925,29.609878162098315],[-94.71541768492084,29.609332640561124],[-94.71561380957726,29.609174187597027],[-94.71605306201721,29.609209662157063],[-94.71646884523182,29.60902487911498],[-94.71658312829082,29.608893653404085],[-94.71655246445042,29.608689641644403],[-94.71687124899053,29.60797073123857],[-94.71859961803348,29.605944491795494],[-94.71871563654126,29.605433677842274],[-94.71908726594665,29.60529250430139],[-94.71923411122671,29.604924767278824],[-94.71949870266931,29.604810802408817],[-94.71962805231021,29.60422826269257],[-94.71986205779473,29.604053470703313],[-94.71980652675255,29.603799893074818],[-94.71988876802986,29.60370691973073],[-94.72019105677128,29.603609650545035],[-94.72035692441467,29.603225167953426],[-94.72069791685318,29.603067565907075],[-94.72076348015472,29.602644139361946],[-94.72087083767697,29.602523989151855],[-94.72070313250113,29.602203782699114],[-94.72067490391444,29.601708328378514],[-94.72082671017957,29.601582450665056],[-94.72127300524092,29.601618180178424],[-94.72135525112944,29.60152520626812],[-94.72117332446848,29.601408544856795],[-94.72114297625848,29.601314690677512],[-94.72126323606416,29.601073209132668],[-94.72150924384047,29.60102525438906],[-94.72177439011003,29.600828352147],[-94.72176383392382,29.60055873619181],[-94.72188368288909,29.600499011342322],[-94.72195329282589,29.60033425975767],[-94.72214839238917,29.60032445753875],[-94.72237086283597,29.599912705884943],[-94.72311586568742,29.5993942511017],[-94.72292232628341,29.599244740163048],[-94.72286010784302,29.59908486500203],[-94.72302447123855,29.599003214772743],[-94.72310183599387,29.598739312769396],[-94.72318438869709,29.598697886790223],[-94.72329697722482,29.598641391170535],[-94.72320464501996,29.598354613812567],[-94.72325710514603,29.598041474298487],[-94.72345759620387,29.59809213190639],[-94.7237616953429,29.597758123117178],[-94.72386385888541,29.597472538353777],[-94.72452769070432,29.596881865715705],[-94.72455588283636,29.596507832494833],[-94.72471343846908,29.596420741606615],[-94.72478559435575,29.59594804165784],[-94.72503147760213,29.59580056958779],[-94.7255133741622,29.59520922331768],[-94.72575669395192,29.59445653943651],[-94.72721834986875,29.59212623182819],[-94.72727659592857,29.59180748700215],[-94.72744878424848,29.59145077707631],[-94.72843350360009,29.589866218684154],[-94.72913603566347,29.58912739739338],[-94.72937932374101,29.588446642353524],[-94.72957585306062,29.588178039492192],[-94.72964772692376,29.587826126142538],[-94.72954225219165,29.587578043458908],[-94.72928430754332,29.58768645009883],[-94.7292152724249,29.587608893916432],[-94.72928637127389,29.58737260483815],[-94.72938762716227,29.587263217923397],[-94.72939502791925,29.58705423521785],[-94.72958381196426,29.587044181647332],[-94.72972945375028,29.586885669790373],[-94.72988583694327,29.586093910736402],[-94.73034056685658,29.585567493544175],[-94.73051804603777,29.585459564401436],[-94.73065829843286,29.585124597476998],[-94.73091209561152,29.584845644279476],[-94.73094611614408,29.58437786930141],[-94.73114225405065,29.58420323287729],[-94.7312007684644,29.583966779764975],[-94.73135811663384,29.58386864482194],[-94.73143559431793,29.583616104035087],[-94.73131141085224,29.58342268014597],[-94.73140116261051,29.583103856711446],[-94.73162218397015,29.582978771225378],[-94.7319198942079,29.582644833834674],[-94.73210734438696,29.582673590272364],[-94.73250809569487,29.582879524327552],[-94.73260900459567,29.58281966710163],[-94.73244082013929,29.582653335566995],[-94.73242984118635,29.58236166890374],[-94.73270255768227,29.582038741969658],[-94.7331102543556,29.58121573533886],[-94.73378000804068,29.58061424760378],[-94.734067769698,29.579911592495456],[-94.73411445544147,29.579515264275674],[-94.73398499365433,29.57924486503728],[-94.73411384977948,29.578799957038573],[-94.73507362118637,29.578034926339537],[-94.7352600273225,29.57745817827169],[-94.73549997891693,29.577288772062403],[-94.73564002926226,29.5770584408432],[-94.7355605773411,29.576766370277742],[-94.73573221488996,29.576403792340685],[-94.73614240120054,29.576202537439244],[-94.73649586239482,29.575929402013863],[-94.73817917625995,29.574221909412376],[-94.73870983806333,29.57381739832989],[-94.73956990888172,29.573342375957488],[-94.73980155651425,29.573130081274655],[-94.7398111114799,29.572750115585926],[-94.73995780745214,29.57242610638314],[-94.740495844359,29.571928240781013],[-94.74165618127823,29.571340485423345],[-94.74214961634073,29.5708807111293],[-94.7426844642588,29.570718352675037],[-94.7428813650959,29.570499301603043],[-94.743048510454,29.570015705275768],[-94.74334366807842,29.569945643084957],[-94.74347737666864,29.569803160731418],[-94.74357398684499,29.56942922523405],[-94.74388934557493,29.569321094382747],[-94.74416239952471,29.56893171464176],[-94.7444146677819,29.56879553028624],[-94.7450435313263,29.568743726921298],[-94.74510883337538,29.568380537045243],[-94.74548518947813,29.568498316412636],[-94.74566127133902,29.568416773805406],[-94.74573232255858,29.568180504608087],[-94.74618792438757,29.5678086544977],[-94.74639588235493,29.567749087771283],[-94.74822135097132,29.566465231533474],[-94.74929947689171,29.565997587128553],[-94.74975045675747,29.565273050079256],[-94.75020700782693,29.564808461801835],[-94.75034901007434,29.564630352617225],[-94.75041351294689,29.56431082920911],[-94.75064058315652,29.56405793176162],[-94.75192272319008,29.563265269399427],[-94.75276518991477,29.562773619179225],[-94.75284826267543,29.56250375301343],[-94.75272843064549,29.56244820124574],[-94.75241313339984,29.562789384527157],[-94.75180781002024,29.563135116293175],[-94.7516442344009,29.562985846877538],[-94.75163222332178,29.562770578248166],[-94.75145067248167,29.562516622171575],[-94.75109905869394,29.562174073469397],[-94.75123180341957,29.561976133605015],[-94.75185554383198,29.56182874121054],[-94.75206358203096,29.561840420568807],[-94.75245922958584,29.562023343244974],[-94.75267191287884,29.562238448063667],[-94.75264820931254,29.561979526350395],[-94.75282458703931,29.56193620100037],[-94.75294423269108,29.56177661444763],[-94.75306409193009,29.561787757326453],[-94.75312025693538,29.561870627220664],[-94.75291835081704,29.562212003057656],[-94.75294970605756,29.56231655991474],[-94.75308757388557,29.562344630744754],[-94.75344882316197,29.5617062181398],[-94.75357641001989,29.5609184267758],[-94.7536032579376,29.560494106641865],[-94.75346771351539,29.559402527546254],[-94.7528720685629,29.55650725076349],[-94.75237209952569,29.55528256444558],[-94.7521525860775,29.554973345731803],[-94.75175056272485,29.554806673140405],[-94.75124008212242,29.554855119035686],[-94.75069747428311,29.55529465459642],[-94.75020698656982,29.55586228657612],[-94.74998192212117,29.55620926128196],[-94.74972463340413,29.557473928689724],[-94.7500534443121,29.55991350758539],[-94.75020699626648,29.560146290347205],[-94.75034342686811,29.56024490911093],[-94.75067573219624,29.56075462307534],[-94.7506044030783,29.561069382677555],[-94.75050355914352,29.561070374680696],[-94.75048164115978,29.560761753493054],[-94.7502069986877,29.560418780161175],[-94.74983276810032,29.56007751036476],[-94.74964624735993,29.55969668416167],[-94.74947179755348,29.55861176707945],[-94.7488844904997,29.55729878212988],[-94.74851060121978,29.5567577294639],[-94.74830977216016,29.556729124343306],[-94.74809522648854,29.55688204569233],[-94.74773075186997,29.556924125580576],[-94.74771132727247,29.557006277403666],[-94.74796635049957,29.55734347558534],[-94.74794041938814,29.557458746916346],[-94.7474799999344,29.55777566470683],[-94.74741766206681,29.557676021898434],[-94.74767725367494,29.55737488065897],[-94.74747287758056,29.556916905686247],[-94.74832390995348,29.556569664985616],[-94.74848684476406,29.556570530955607],[-94.74859969815994,29.55665334233369],[-94.7492853756068,29.557471619305094],[-94.74944882662815,29.557433960783303],[-94.74937442891478,29.55725189916267],[-94.74880059752883,29.556709493506048],[-94.74867630178225,29.556488877123133],[-94.74857143286067,29.556229479132597],[-94.74856835570492,29.555761916260884],[-94.74880693595074,29.55480007754929],[-94.75000817917525,29.552765155073665],[-94.75020697765345,29.552569160576688],[-94.75095683560227,29.550974170834756],[-94.75131041502382,29.550462814656342],[-94.7516967729979,29.549708774638134],[-94.75223376259333,29.549241833281137],[-94.75280130188959,29.548879750679614],[-94.75301599953478,29.54866521589686],[-94.7531487634006,29.54837915938247],[-94.75443910888293,29.54747269794805],[-94.77678181195294,29.55991899044848],[-94.78543694027289,29.54819566740599],[-94.78675176563755,29.54818853906569],[-94.79016662237719,29.548351907946362],[-94.79054218242845,29.54812591161731],[-94.79018180862829,29.54717266075922],[-94.78952915190645,29.546306048382178],[-94.78853691834617,29.545400396813008],[-94.78817698129063,29.544293485276874],[-94.78782409509441,29.543630531349002],[-94.78692793142845,29.542549111637015],[-94.78675409672697,29.54169524474271],[-94.78680674463759,29.541095057691034],[-94.78648088204253,29.540653841624085],[-94.78563960407135,29.540178765368683],[-94.78500616439997,29.539615827886347],[-94.78466238341905,29.53914186080343],[-94.78451936872627,29.538623826512758],[-94.78429405692279,29.538348161267283],[-94.78419350083341,29.53831477748448],[-94.78409282698885,29.538430421376248],[-94.78442949592467,29.53908068079243],[-94.78417908324954,29.538920662903433],[-94.7836480217959,29.53787314577531],[-94.78361172947236,29.53753743606862],[-94.78368130008045,29.537443935547213],[-94.78394300445977,29.537951008698005],[-94.78403716434929,29.5379565871534],[-94.78377637596319,29.537080560432653],[-94.78362621776887,29.537003485046334],[-94.78358154196304,29.537102509452584],[-94.78343683281912,29.53708554174701],[-94.7833368784834,29.536997123381663],[-94.78351377197487,29.536810605144325],[-94.78345069585282,29.53673881785291],[-94.78306739040958,29.5366938273963],[-94.78290425573336,29.53659454061793],[-94.78258722510725,29.535608129973646],[-94.78270646622168,29.535586521465827],[-94.78283188091588,29.535757575153745],[-94.78304341269468,29.536319397776],[-94.7832065108181,29.5364630642805],[-94.78331309248703,29.536457477875057],[-94.78355458014532,29.535962431828317],[-94.78417148918216,29.535688639620364],[-94.7843861745135,29.535545650200756],[-94.78437368202681,29.53544119550826],[-94.78335495595319,29.535383902641783],[-94.78299053267618,29.53525122002494],[-94.7827589368671,29.534887536171322],[-94.7827540455234,29.534656031732542],[-94.78254724463602,29.53435841258726],[-94.78236074945853,29.533873341438802],[-94.78221029775621,29.533757708432937],[-94.78211716635171,29.533366327328856],[-94.78182341463594,29.53282624715075],[-94.78174947012194,29.532297614913],[-94.78155536062832,29.532027376642933],[-94.7813685794533,29.531547806352204],[-94.7799826661709,29.530223186173462],[-94.77911266982538,29.529750242984797],[-94.77786693662688,29.52915047749711],[-94.77716387243278,29.528625583207095],[-94.77695626420045,29.528724104546644],[-94.77628891547715,29.528838486526887],[-94.7762515519383,29.52877223381501],[-94.77636511150608,29.528607223710697],[-94.77670501170051,29.528580571779546],[-94.77672420583664,29.52848705619189],[-94.77611456627986,29.528303651027766],[-94.77578819345962,29.528049637357565],[-94.77552290663668,29.528269340076033],[-94.77540348309076,29.52819181751646],[-94.77546064599831,29.528065435932557],[-94.77536042287606,29.52802654427404],[-94.77521500783627,29.52812518958692],[-94.77498211176638,29.528152464555014],[-94.7745361928857,29.528057703082084],[-94.77400910659576,29.527714888050454],[-94.7734496714673,29.52747675465217],[-94.77292166286406,29.527415124182685],[-94.77222412046079,29.527110387588753],[-94.77219903505734,29.526961678956283],[-94.77192310539466,29.526911432699478],[-94.77150237707751,29.526640452872563],[-94.76971076996588,29.52621769236426],[-94.76902524776843,29.525924095694307],[-94.76811348289398,29.525855583206916],[-94.76718315712694,29.52569337186011],[-94.76635934499922,29.525658413999572],[-94.76570546771144,29.52550826505382],[-94.7652470097664,29.525193021505473],[-94.76426669038312,29.52471687370323],[-94.76367571507953,29.524494950719074],[-94.76340125383697,29.524475352633115],[-94.76287750130149,29.524437956109644],[-94.76198332494737,29.524584232360297],[-94.76115294879021,29.524466340155485],[-94.7606119912159,29.52447054141824],[-94.76010234713846,29.524623350923427],[-94.75972495451117,29.524644611992116],[-94.75927165121627,29.524555356550017],[-94.75789374769242,29.524694734096503],[-94.7567487193409,29.52471942015071],[-94.75492290372776,29.52503406452592],[-94.75399060763026,29.52531776391546],[-94.75298385902492,29.52537601915836],[-94.75270025027831,29.52558460013801],[-94.75109586954315,29.525646386764],[-94.75020692548392,29.525906929293857],[-94.74830568035125,29.52657508582495],[-94.74608005233756,29.526843818331166],[-94.74472071636622,29.52713353911759],[-94.74441305675269,29.5271318166384],[-94.74407552898232,29.52695402174223],[-94.74337757404544,29.52620713769014],[-94.74261235217384,29.526092879256726],[-94.74256052007995,29.526279711341406],[-94.74273983539464,29.5267043084361],[-94.74265129838233,29.52672611007459],[-94.74225742401822,29.52654218592101],[-94.74195497211156,29.526297986320333],[-94.74170159755697,29.526093410982348],[-94.74068072786295,29.52571383527768],[-94.7403852334484,29.525778012576612],[-94.74027733310425,29.525953567012532],[-94.74042629840699,29.52612495883564],[-94.74045660663447,29.526306591554768],[-94.74021538830867,29.526575064550244],[-94.73956930032081,29.52645572973317],[-94.7391528688653,29.526717629346816],[-94.73844233016025,29.526829337525324],[-94.73805173964315,29.526992153015122],[-94.73775503477842,29.527238367068307],[-94.73669560066118,29.527716655987078],[-94.73604167896468,29.52787270323687],[-94.73355978349183,29.52886031203246],[-94.73300550308342,29.529022187621432],[-94.73245243896235,29.529118009468867],[-94.73150359195374,29.529123774583667],[-94.73108184091387,29.529193036722134],[-94.73074848553907,29.529345123848636],[-94.73036716910275,29.529932008841744],[-94.7300199126992,29.530166479096902],[-94.72899920573744,29.53056783344322],[-94.7280551086131,29.530804728077936],[-94.7268388343008,29.531342865045414],[-94.72624639905457,29.531518164259612],[-94.72551183870304,29.53152771113044],[-94.72507747408821,29.531640826707765],[-94.7244084814339,29.532044345461205],[-94.7225066745282,29.532666539925284],[-94.72177079678308,29.532750601287937],[-94.72051211407249,29.533068352219665],[-94.72011504018269,29.53329177119205],[-94.71918223024467,29.533638867507687],[-94.71871704471404,29.533652588158866],[-94.71800229034103,29.533477970747377],[-94.71749211634261,29.533624066357252],[-94.7168572164361,29.533631386658378],[-94.7165616219748,29.533739916401835],[-94.71626955687293,29.53414566739613],[-94.71606804323947,29.53418855611485],[-94.71560431254268,29.534059478181753],[-94.71553908096037,29.53431767820741],[-94.71544445022131,29.53435023665276],[-94.71530683163832,29.534332804081263],[-94.71502561283957,29.534133170315627],[-94.71492497047122,29.534160322086656],[-94.71490453176392,29.53427545770371],[-94.71513370569077,29.53472283210434],[-94.71471652193463,29.535083772030042],[-94.71406658855382,29.53541059136968],[-94.71276236322574,29.53589881753741],[-94.71161652029153,29.536239400568608],[-94.71074811903377,29.53639982848254],[-94.70943805424761,29.53677796127571],[-94.70858293398793,29.536911032626634],[-94.7079020879884,29.537154619146257],[-94.70749366515768,29.537224009259916],[-94.70608681343349,29.537210486974413],[-94.70546912744334,29.537306236012935],[-94.70504762798612,29.537485256352095],[-94.70462695337031,29.53750491131588],[-94.7035361510946,29.53719543884586],[-94.70320243630667,29.537237631009972],[-94.70148937615794,29.537843988552616],[-94.7012709088041,29.537721627093124],[-94.70117123380994,29.53752816054261],[-94.70074538430346,29.5374264098093],[-94.70009021710725,29.53763144158329],[-94.69939340820142,29.537561082965425],[-94.69890856610952,29.537717780123412],[-94.69854473783879,29.537676781130074],[-94.69763920500162,29.53778116558545],[-94.69672218985133,29.537764252050536],[-94.69562162621436,29.537922449475882],[-94.69391229722801,29.53802698372457],[-94.69214830305533,29.537921657112133],[-94.68805900246781,29.537883666848504],[-94.68648339162803,29.53777409416651],[-94.68567819788274,29.537900832499748],[-94.6854628582351,29.538080802759698],[-94.6847703168881,29.538378847006303],[-94.68440331144689,29.53871218913476],[-94.68406890693458,29.53885276258534],[-94.68401173593303,29.538962572167787],[-94.6836284307082,29.539004023101946],[-94.68205893349938,29.539703217775774],[-94.68151217459437,29.53971063679889],[-94.68028465786423,29.540087125342378],[-94.67989498565673,29.540101091842313],[-94.67973055618242,29.540217837968452],[-94.6796860629921,29.54033641027294],[-94.67949625520696,29.540467170498253],[-94.67908150858493,29.540464271539197],[-94.67871521822086,29.540770091121725],[-94.6782374688223,29.540810663032886],[-94.67797842611198,29.54101254958728],[-94.67766536274074,29.54087826146437],[-94.67738061859116,29.541074595737328],[-94.67415847586776,29.54188932758987],[-94.67225227737677,29.54225106192212],[-94.6713381919198,29.542625101848135],[-94.67005657740077,29.542666387770517],[-94.66926819730924,29.543030208769448],[-94.6670539744102,29.54345191522599],[-94.66622112607517,29.543793894436412],[-94.66494490962715,29.544640122101463],[-94.66353222777501,29.545303665448078],[-94.66329138756672,29.545588915072656],[-94.66288333432476,29.54556419446031],[-94.66227739173728,29.545759401065503],[-94.66180625525585,29.54582257158194],[-94.66160337724337,29.546047418542244],[-94.66144571430517,29.546079369812098],[-94.66127078562445,29.545995942591325],[-94.66046570668004,29.545974873651154],[-94.6599768743825,29.546281938862233],[-94.65980966579954,29.546422674023688],[-94.65936603931,29.54612829934527],[-94.65863054316307,29.54610222548997],[-94.65829760728225,29.546028669539048],[-94.65816398037818,29.546253695554746],[-94.65795636064944,29.546191952548014],[-94.65786184230116,29.546307080519536],[-94.65738856788113,29.54655223132155],[-94.65691651726148,29.546631882013948],[-94.65667476086574,29.546933225652534],[-94.6564982706081,29.546992929175918],[-94.6561409688771,29.54687534308283],[-94.65568714096526,29.54708171999109],[-94.65552619671612,29.54748835613392],[-94.65529857678152,29.54761887629858],[-94.65470205821205,29.547670552718202],[-94.65407632329796,29.54730898439755],[-94.65352166602119,29.54748736164497],[-94.652677304554,29.54763635148097],[-94.65157811907008,29.5475801138031],[-94.650576192707,29.54781641852119],[-94.65031780126358,29.54799073505956],[-94.64963720089027,29.54816829050775],[-94.6488078665058,29.54812994203564],[-94.64823423915946,29.54828063505061],[-94.64799643815635,29.548223807764522],[-94.64749941531142,29.548270353062108],[-94.6465919095665,29.548479292744712],[-94.64580611866177,29.548479576865788],[-94.64507023791262,29.54857388031692],[-94.64477816431216,29.548758808039075],[-94.64467899421913,29.548758416172273],[-94.64438012380809,29.54900949872047],[-94.64423077389408,29.548948123018747],[-94.64414342124411,29.548732744677203],[-94.64325768480084,29.54866066598609],[-94.64298011479536,29.548868224427427],[-94.64219069282336,29.549248026125053],[-94.64154884642045,29.549293607096978],[-94.64100870903137,29.54917960867604],[-94.64087634124398,29.54926662401526],[-94.64069181406599,29.549557292945675],[-94.64024185397298,29.54920716919055],[-94.64016500596213,29.549344372147996],[-94.64030059737144,29.549769368757076],[-94.64015534204646,29.549862036025818],[-94.63997359817765,29.54981683780299],[-94.63980602645071,29.54945762276628],[-94.6396374085228,29.549373749757176],[-94.63924036901837,29.549349087711875],[-94.63855965582938,29.54961399972536],[-94.63768542377936,29.549646667732965],[-94.63698631848986,29.549845386086734],[-94.6359919576605,29.55025840259504],[-94.63585080433288,29.550360966074138],[-94.63550993728516,29.550402682082495],[-94.63472136564874,29.55076628288146],[-94.63460537695245,29.55118410238906],[-94.63436782292104,29.551094558558027],[-94.6340593444252,29.55111975210412],[-94.63382120313686,29.551040853422485],[-94.63381792053382,29.55129990970679],[-94.63317990739566,29.55187435529908],[-94.63273801836932,29.552119366805133],[-94.63217062692365,29.552242033282976],[-94.6318117090335,29.552239618766155],[-94.63082972796641,29.55256921146625],[-94.63070398846175,29.552507798102695],[-94.63072862896195,29.551719866103827],[-94.63005822150429,29.55148363934035],[-94.63021089191504,29.551969589148456],[-94.630066575232,29.552073665268225],[-94.62960201998179,29.551987926249126],[-94.6295000409672,29.552180184430995],[-94.62981125655003,29.55241914571928],[-94.6293593928845,29.552759082130176],[-94.6283262582195,29.55278908312595],[-94.62766051714536,29.552553722490902],[-94.62758486355403,29.552668945711876],[-94.62733338710532,29.55271717232437],[-94.62708743482763,29.552864424994816],[-94.62699979160723,29.552797740565858],[-94.62654664248461,29.55273382148875],[-94.62615643846117,29.552841611709148],[-94.6260300661042,29.552962249047255],[-94.62576616028763,29.552921825069564],[-94.6256905965991,29.553092464720837],[-94.62554611531341,29.55311354973187],[-94.62520349289971,29.55301575262907],[-94.62491622473061,29.553084512277902],[-94.62476027848524,29.55288582523144],[-94.62455220764808,29.552917995948253],[-94.62423010462706,29.55310403232753],[-94.62279413800637,29.553412291292283],[-94.62262436714919,29.553548996254502],[-94.62234211208741,29.553498508535778],[-94.62210864886858,29.55359121777371],[-94.62164353318482,29.553600783851916],[-94.62099366876541,29.55396124290049],[-94.62015546435723,29.55416741709272],[-94.62010488886712,29.554227574857013],[-94.61984056261807,29.554166129805107],[-94.61951954081162,29.554247211138996],[-94.61941861533037,29.554334854733085],[-94.61919843512383,29.554301073476],[-94.61895234405944,29.554393931047947],[-94.61890187453125,29.554509176223956],[-94.61875672774164,29.554514053677742],[-94.61870654232284,29.55445340341217],[-94.6184740048136,29.554557153852663],[-94.61786459374088,29.554499682545423],[-94.6167869192056,29.55479276754663],[-94.61610838892345,29.55484526751493],[-94.61539027696277,29.55510091004804],[-94.6146772290816,29.555257294927465],[-94.61129640929221,29.556053388770803],[-94.61114539579552,29.556135453659007],[-94.61110093604674,29.556283990140706],[-94.6105209071048,29.55649107883231],[-94.61026935760647,29.55651172419993],[-94.61021319282756,29.556445660278396],[-94.60996534284443,29.55679693604286],[-94.60968213610403,29.556905751378206],[-94.60951895262339,29.556866480673165],[-94.60897673735997,29.557073424399842],[-94.60873342822491,29.55697361918255],[-94.60848790031646,29.557027906784676],[-94.60806479522793,29.557273640170905],[-94.60791983161322,29.557217935651142],[-94.60771133070986,29.557371216421917],[-94.60687400276647,29.557560475647062],[-94.60678005791571,29.557692460667866],[-94.60633267322446,29.55775128107653],[-94.60602525332965,29.5577003710388],[-94.6056092669714,29.557902667748568],[-94.60487307839682,29.55794371214584],[-94.6043566534855,29.558139690351812],[-94.6038352742487,29.558198115107846],[-94.60319860206435,29.55843236404744],[-94.60263964264276,29.55842998079004],[-94.60243096137506,29.558500967702784],[-94.60210265572077,29.55876929609231],[-94.60148084759768,29.558849250262156],[-94.60095047662647,29.559012272062795],[-94.60036472943422,29.559378775990066],[-94.59985407031921,29.559470693296543],[-94.59945104014166,29.559694519357777],[-94.59902941326636,29.55971482239291],[-94.59882059973265,29.559901129353115],[-94.59826709709611,29.559970538620334],[-94.59798303866332,29.560150899841954],[-94.59775757871107,29.56018332843777],[-94.59727236391733,29.560412605282963],[-94.59688758697914,29.56044961376621],[-94.596686877152,29.56057533978364],[-94.59589962132138,29.560797968756177],[-94.59554122711434,29.560785485845997],[-94.59532040746566,29.560933067283855],[-94.59455721519328,29.561062756571193],[-94.59394141890759,29.561175639433237],[-94.59344948715331,29.56135539833587],[-94.59309145776548,29.56139250048449],[-94.59201978098429,29.561773403354103],[-94.59144050029226,29.56210711113283],[-94.59056505310619,29.562329418899086],[-94.58973808047541,29.562755497689032],[-94.58883118089592,29.563032902739543],[-94.58848357395975,29.563279034499267],[-94.58735548851253,29.563681959858833],[-94.58693954596997,29.56393893363205],[-94.58595563076304,29.564326306330283],[-94.58562128709252,29.564390882194814],[-94.58552727746853,29.564494974456927],[-94.58435419237667,29.564969617043904],[-94.58358515906419,29.565401231560934],[-94.5825702984187,29.565749725589644],[-94.58221795292587,29.565798048894646],[-94.58171946236342,29.566038077264892],[-94.58025228809154,29.566363136438902],[-94.57998105807793,29.566538154933475],[-94.57949619651092,29.566646225596056],[-94.57849929827607,29.56701128917752],[-94.57795546252957,29.567498947260507],[-94.57741460536269,29.567651080061996],[-94.57684628201659,29.56798484183888],[-94.5767834566506,29.568094382541386],[-94.57657496634705,29.568104765355933],[-94.57638185795638,29.5682814503099],[-94.57587913217623,29.56869091586276],[-94.57521696799144,29.569040625821856],[-94.5729725277432,29.57011077352781],[-94.57265001689525,29.570357585516387],[-94.57178682186658,29.570668059227877],[-94.5706777215615,29.571263725199138],[-94.57026049792198,29.571570521677657],[-94.56994276247514,29.57209775411009],[-94.56971556524203,29.572245373050382],[-94.56927433773956,29.5722492384647],[-94.56868880415658,29.57246691878223],[-94.56663805360833,29.572718370993094],[-94.56498065590473,29.573174540707704],[-94.56428152667155,29.573479938247633],[-94.56285888388079,29.573540970591605],[-94.5623118742983,29.573604660628025],[-94.56192717390135,29.573751725888552],[-94.55916496855605,29.573823907339786],[-94.55657275267123,29.5740392751609],[-94.55518990057344,29.573896063916475],[-94.55417044988505,29.57398561980669],[-94.55327084736177,29.573932279181932],[-94.55280134739802,29.573765517429123],[-94.5518266172474,29.57356333397676],[-94.5515258479876,29.573308787860334],[-94.54994965334214,29.572844290827774],[-94.54896960845173,29.57274240964784],[-94.54769429271303,29.572423681876934],[-94.54701578548172,29.572360156583745],[-94.54634406935256,29.5721760904831],[-94.54584272920599,29.57195941219697],[-94.5450410949508,29.571312255369154],[-94.54427952077295,29.570428618339363],[-94.54290715829339,29.56945438586984],[-94.54200217278101,29.568460266043147],[-94.54180967490815,29.568101887467808],[-94.54145946050114,29.567802858365308],[-94.54072149320254,29.565939827477365],[-94.54046411730309,29.564970042579887],[-94.54040944728852,29.56448542007765],[-94.54002034736473,29.563421520835142],[-94.53942016090262,29.56258229927943],[-94.53836565407774,29.561949377375754],[-94.5381500256094,29.561613765364285],[-94.53738612095503,29.56111002540325],[-94.53637892212578,29.56008739339968],[-94.53560853297422,29.55967145464918],[-94.53500820516516,29.559255972164895],[-94.53441285033468,29.55878045141202],[-94.53433903059883,29.558636847546968],[-94.53381190344125,29.558376296272925],[-94.53292615145247,29.558163672971492],[-94.53268948027016,29.558003073836968],[-94.53204218739216,29.557835104005417],[-94.53157209177067,29.557596645682743],[-94.53148445102039,29.557502677117302],[-94.53146032569595,29.557287858353725],[-94.53130401773714,29.557155141214988],[-94.5309282004123,29.557004717625166],[-94.5304591249155,29.556524290137535],[-94.52965814300086,29.55600925996896],[-94.52933117406532,29.555914298015303],[-94.52918115966042,29.555781497843377],[-94.52898923106638,29.555274423920263],[-94.52881495839702,29.55515264137463],[-94.52879001889929,29.555036584282643],[-94.52846990913962,29.554875820802422],[-94.52796533327954,29.55407576215588],[-94.52733981067166,29.55360545488134],[-94.5268023659846,29.552997777243686],[-94.52622000856785,29.552907644551688],[-94.52616292219582,29.552802622696213],[-94.52626475783393,29.552588394045248],[-94.52617742777647,29.552461401478585],[-94.52568417450361,29.55196407869407],[-94.52550429491127,29.551550793670216],[-94.52524234960961,29.551252427160936],[-94.52503133815905,29.55083300171919],[-94.52436166306543,29.55025267111232],[-94.52419539492581,29.54990540394884],[-94.52408556141721,29.549227686103986],[-94.52379452646112,29.54843956329473],[-94.52389039112884,29.548219943432535],[-94.52387261010139,29.548060130761883],[-94.52371930525251,29.547371582597354],[-94.52350883163933,29.546886434352597],[-94.52356659754936,29.546672058058718],[-94.52345062529426,29.546159290751],[-94.52355991712221,29.543661027263433],[-94.52365214797388,29.54289078902924],[-94.52379052899929,29.542698475673188],[-94.52372364075737,29.542544134291195],[-94.52378410975264,29.541834497993143],[-94.52402604508141,29.54122977750782],[-94.52399645980452,29.540888378864352],[-94.52389738627903,29.54069030229226],[-94.52337096224487,29.54033576996776],[-94.52300692321758,29.54031284601179],[-94.52226048073359,29.540425607749224],[-94.52138162208949,29.540400805674338],[-94.52052026079562,29.540513078424073],[-94.52017543247872,29.540484427162],[-94.51977162672554,29.540664609909836],[-94.51948970256714,29.540553655363755],[-94.51905740333156,29.540540878308494],[-94.51870538464435,29.54058387324795],[-94.51844040312997,29.54073146350875],[-94.51778716242902,29.540894354579756],[-94.51755022443544,29.540712012665953],[-94.51714753734106,29.54073214928766],[-94.51686547378239,29.540819486873122],[-94.51611580293547,29.541240507899456],[-94.51498483693142,29.541330080617424],[-94.51459371350741,29.541675335917127],[-94.5135584025571,29.541876765890787],[-94.5129974930579,29.541944835048515],[-94.51253362029941,29.54184941092189],[-94.5119113491934,29.542160945794794],[-94.51120763644586,29.54218562095985],[-94.51096155769875,29.542388423826605],[-94.5099422353641,29.54273133866004],[-94.50962205349275,29.542796325109],[-94.5090142438938,29.54268401219462],[-94.50846798996261,29.54273682529723],[-94.50816001272904,29.542697010690215],[-94.5074039254023,29.54303541755935],[-94.50666221139599,29.543203035542707],[-94.50454600208009,29.543254760746077],[-94.50440861223308,29.54312212429692],[-94.50392351899927,29.543290826003435],[-94.50315142769013,29.543271218215263],[-94.5028566460643,29.543165157383097],[-94.5024540410508,29.543350853892285],[-94.50208247860405,29.54332170647833],[-94.50145197245575,29.543409496847595],[-94.50090626389785,29.543514550909006],[-94.50051443037836,29.54376024817941],[-94.50019990138229,29.54380167551765],[-94.49908269010407,29.543709653471964],[-94.49829123730859,29.544032370090985],[-94.49779762902094,29.54468435213726],[-94.49767156344356,29.54568719618001],[-94.49753468952615,29.545962842601924],[-94.49753582967251,29.546304383563008],[-94.49710664480297,29.547236959482206],[-94.49585918731769,29.549159265628674],[-94.49556540588954,29.54945222654915],[-94.4952573825377,29.54963544400397],[-94.49483057637671,29.549719550425007],[-94.49451030433377,29.55003510787399],[-94.49419063827168,29.55020165969588],[-94.49237533366014,29.550748864694317],[-94.49129525915903,29.55124355125276],[-94.49101402059588,29.551454082773176],[-94.49084435231508,29.551696982609545],[-94.49012868980091,29.552014008454226],[-94.48972713606229,29.55229127628166],[-94.48901114838402,29.552558352484986],[-94.48760904572805,29.552946320073755],[-94.48686278474528,29.553228389116246],[-94.4861092317962,29.553380218449256],[-94.4847249796585,29.553600730016168],[-94.48368184698298,29.553665615036856],[-94.48320962429887,29.553772147446352],[-94.48256950416673,29.553951248872863],[-94.4816780459246,29.554312572820347],[-94.4800082074626,29.555123745665274],[-94.478170585722,29.556337279909474],[-94.47703243475766,29.556771150810494],[-94.47481201086372,29.55820655821667],[-94.4743151900168,29.55835744471212],[-94.47395691576736,29.558232039785004],[-94.47368985515443,29.557665848666627],[-94.47339232781164,29.557358585549295],[-94.47227718421813,29.556972033991446],[-94.47122581908043,29.556932159780036],[-94.46970378269361,29.55710864407759],[-94.46903812841646,29.55734820337495],[-94.4681661484789,29.557891346471333],[-94.46779562992738,29.5578982925653],[-94.4671853954787,29.558076891780168],[-94.4666139179461,29.558293679792527],[-94.46561962240311,29.558550937328786],[-94.46465968240844,29.558951494564674],[-94.46373596903126,29.5593791112111],[-94.46245601159693,29.56033682864524],[-94.46176451153552,29.560697077504532],[-94.46092175652578,29.561030765210866],[-94.4595843723415,29.561008998585645],[-94.46018897996117,29.560558153641132],[-94.46015921292448,29.56075922874909],[-94.46037439205442,29.560769646182035],[-94.4612039711641,29.5607224740101],[-94.4615814263271,29.560594334598232],[-94.46419877283378,29.55884835427544],[-94.46495361834506,29.55853624479869],[-94.4673224721412,29.55787143983313],[-94.46788855594968,29.55752746111483],[-94.46791542548492,29.556667864844577],[-94.4678066051776,29.556199794120552],[-94.46763547780215,29.55591364015258],[-94.46734288189221,29.555049571430057],[-94.46685494549808,29.554158656860796],[-94.46657047075556,29.55404379603704],[-94.46666511631015,29.553909802819415],[-94.46585286601905,29.55341450646227],[-94.46575674486685,29.55311524982789],[-94.46515636848046,29.552318617935676],[-94.46508414712687,29.551872043032805],[-94.4651868603723,29.550675871492704],[-94.46634322772613,29.548732102005598],[-94.46651764352067,29.548296369835484],[-94.46708704270262,29.547561349884603],[-94.46780775214872,29.547128473698468],[-94.4685558724172,29.54693310065567],[-94.4691972952262,29.546924916989372],[-94.46946798272681,29.54714958037801],[-94.47230258754253,29.547981898395722],[-94.47341195274197,29.547332699634573],[-94.47370610094461,29.547061676989028],[-94.47375508285255,29.54653227211759],[-94.47385425575351,29.546311300655688],[-94.47462568035371,29.54601078782585],[-94.47482168806101,29.545687556241898],[-94.47499901476029,29.5451497199844],[-94.47531963735007,29.544939117920638],[-94.47581480760843,29.544816029767883],[-94.47617955292854,29.544605278012053],[-94.47834690804554,29.542794602586255],[-94.48186889394695,29.54053218681529],[-94.48325561623946,29.53984895434606],[-94.48350560534834,29.539523022138745],[-94.48407342382009,29.53847955970914],[-94.48447333195216,29.538119883594362],[-94.48577205515657,29.537293745393704],[-94.4865173614996,29.536618552924526],[-94.48673552220252,29.536298195287646],[-94.48704042101112,29.53546124462219],[-94.48765056733568,29.53424077063844],[-94.48808463736391,29.532917570245875],[-94.48807759532852,29.532708720769683],[-94.48777833903576,29.532016103012353],[-94.48784105621007,29.53049528213362],[-94.48809643682546,29.529989598991715],[-94.4888104194941,29.52919939674049],[-94.4888401809156,29.528813941802934],[-94.4890779336656,29.52873059759058],[-94.48921652796993,29.528757558852213],[-94.48966551569953,29.529085913529254],[-94.489965956481,29.528979811873118],[-94.49014188382766,29.52870972396535],[-94.49000226449826,29.5285340674158],[-94.48993219513052,29.52821517749668],[-94.49004990073813,29.528027221925065],[-94.49107418662865,29.527456528313714],[-94.49288379227508,29.5270579546221],[-94.4936894896947,29.527037956250734],[-94.49427358483814,29.52676035105259],[-94.49456311818973,29.526874654191797],[-94.4948613373247,29.527363347240698],[-94.49506798216494,29.527411811915364],[-94.49535676395169,29.527289378399832],[-94.49559464738412,29.52689774388432],[-94.49525846677308,29.526161762641614],[-94.49524824629424,29.52534173720318],[-94.4949831839833,29.525018252192723],[-94.49455506935446,29.524904858084543],[-94.49380717938342,29.525155813323426],[-94.49330416908946,29.525141348061126],[-94.49228620338201,29.525684819557192],[-94.49143704583352,29.52561105945787],[-94.49088403369197,29.525728996026224],[-94.48989081602724,29.526113152393524],[-94.48872171245567,29.52618385957257],[-94.48809164184858,29.52645749018366],[-94.48822395188317,29.524325406478034],[-94.48843533461375,29.524127181713432],[-94.48930216701854,29.523611266923012],[-94.48967216388145,29.52349990774556],[-94.48992873350372,29.52325117057576],[-94.49074452467367,29.52271925675028],[-94.4906183232484,29.52236242855667],[-94.49035275047049,29.52221499884516],[-94.4899698382507,29.522331968513317],[-94.4896821420578,29.522630331466182],[-94.48955617234951,29.522658267189115],[-94.48934098972019,29.52256566932689],[-94.48896967188084,29.522533778133415],[-94.48866139759244,29.52263952976183],[-94.48849955821204,29.522772631341027],[-94.4882994247294,29.523109172632015],[-94.48817835282408,29.52288400360449],[-94.48807709885537,29.522587423408552],[-94.48818072845452,29.52192620471769],[-94.48833643894768,29.52156772251087],[-94.48796397881809,29.521139890562118],[-94.48781671003607,29.520766241216048],[-94.48823364019722,29.521243150395694],[-94.48835321762505,29.521022513015],[-94.48835117114997,29.520725017713907],[-94.48850021092602,29.52026229127747],[-94.48848128395092,29.520179884383424],[-94.48825381880627,29.520026502045177],[-94.48801295992126,29.51952658643927],[-94.48813800809795,29.519542324595996],[-94.48839834060887,29.519921222159876],[-94.48854344099969,29.519805316305845],[-94.48858579457108,29.519447087707157],[-94.48849051156812,29.519128680329253],[-94.48872793623676,29.518967552147615],[-94.48871893292694,29.518830076714266],[-94.50019986512692,29.52529873132022],[-94.5043360055296,29.52764353433421],[-94.51285837271972,29.516191595170714],[-94.513591069191,29.51670841427188],[-94.51334325238462,29.516863754075725],[-94.51355628802736,29.517133708250224],[-94.5136919824087,29.51757444611877],[-94.51359608341706,29.51771139556422],[-94.51337611245063,29.517815159037138],[-94.5132731214322,29.518133795008037],[-94.5131161264823,29.518265365751898],[-94.51242322029103,29.518575895787777],[-94.51153534567501,29.518797882105485],[-94.51093494400607,29.51947741248764],[-94.51097156902932,29.51963691171605],[-94.51312747187824,29.519514064595406],[-94.51348624318605,29.519377760495292],[-94.51429017403792,29.519331382275773],[-94.5154524937664,29.519462440998236],[-94.5159424541572,29.519261195991668],[-94.51657452811162,29.518829004246953],[-94.51695430743054,29.51823669471849],[-94.51713364925682,29.51773690732497],[-94.51738615950975,29.517390964520388],[-94.51773888806144,29.517249892590332],[-94.51791376087907,29.517470694138595],[-94.51823967912205,29.517581686659685],[-94.51898755019327,29.51749642660336],[-94.51921315661826,29.517404270479474],[-94.51948335322433,29.517553799990633],[-94.5197254854236,29.518005930296706],[-94.52020913198938,29.518139500456765],[-94.5203723834019,29.518008191200806],[-94.52040582251371,29.51772235190216],[-94.52052686732223,29.51755792407076],[-94.52109571997251,29.51793940301899],[-94.52142792178734,29.518078513935887],[-94.52167853865109,29.518100955005945],[-94.5221829699201,29.51789411451035],[-94.52225273684996,29.51777326510893],[-94.52244687379778,29.51768076559519],[-94.52271642968405,29.517814101808256],[-94.523094349386,29.51767272424929],[-94.52326302458066,29.51794828077711],[-94.52370933985001,29.517905816327225],[-94.52475048718988,29.518063926060417],[-94.52498968012388,29.518009832890677],[-94.52509061105998,29.517894779366937],[-94.52567622429389,29.517671788055676],[-94.52622935121337,29.517717835155874],[-94.52652945574721,29.51784008651412],[-94.52674402811678,29.517747772440284],[-94.52678913931702,29.517478256271524],[-94.52694110742408,29.517407355617543],[-94.52744901013641,29.51758526854733],[-94.52756916361521,29.517492377015678],[-94.52771941630162,29.517592033494406],[-94.52786297037427,29.517586828659233],[-94.52837995411802,29.51738014688814],[-94.52855595673724,29.51741348877861],[-94.52866853844463,29.51728756072766],[-94.52910287743228,29.517262111120885],[-94.52940434206319,29.517164563244407],[-94.53012596698714,29.517293490833087],[-94.53059152537524,29.517301022454095],[-94.53116155696668,29.517577953628777],[-94.53142585112181,29.517441651016895],[-94.53169006751791,29.51758851427296],[-94.5326170136694,29.517787482889506],[-94.53365714005444,29.518495373514437],[-94.53399473666325,29.518650572849594],[-94.5343224831469,29.518673552891396],[-94.53475098184167,29.518444464162663],[-94.5362317430133,29.51876387355404],[-94.53678973579423,29.51894744086389],[-94.53700164460844,29.519294805957617],[-94.53717775972564,29.519438296274647],[-94.53722557714667,29.519708099483683],[-94.53753059725226,29.5203032070153],[-94.53791996407469,29.520266182343963],[-94.53824202362712,29.52002596577399],[-94.53863192002646,29.519867831757235],[-94.5390719156009,29.51979786761031],[-94.53922906993384,29.51985900417174],[-94.53937906503558,29.52001927591156],[-94.53956496126455,29.52046542966364],[-94.53984610836903,29.520785582345454],[-94.54002277849587,29.520863398238706],[-94.54035486402661,29.52083702007034],[-94.54069767398421,29.521404957890304],[-94.54109860662679,29.52158224615603],[-94.54132966550594,29.521869324138667],[-94.542019924355,29.522053564917435],[-94.54229591398797,29.522297138638113],[-94.5428012512062,29.522942812179636],[-94.54316447768268,29.523175376457633],[-94.54558066161171,29.52377385047374],[-94.54620331341225,29.523759990815005],[-94.54663027113602,29.524050268328402],[-94.54706179838288,29.524341504619557],[-94.5481899580262,29.52587073178966],[-94.54838431527722,29.525970740226718],[-94.54887421651354,29.526022159864528],[-94.55004526367094,29.52599993533821],[-94.55050842639544,29.52633239921518],[-94.55073722236897,29.52680120763178],[-94.55112551167022,29.527177329371593],[-94.55187838826626,29.52759363931105],[-94.55205795991189,29.52795769056877],[-94.55232647966263,29.528195654097672],[-94.5524194105305,29.52853219694304],[-94.5526493705581,29.528896355742784],[-94.55275620901192,29.529012598629066],[-94.55300184654516,29.529068690916592],[-94.55304375582497,29.529360636451905],[-94.55352615792717,29.529715345303426],[-94.55389107828668,29.52974969092277],[-94.55414269142705,29.529558263334707],[-94.55546786928345,29.52990551930099],[-94.55592123235014,29.529907482943365],[-94.55630343306811,29.530167567639154],[-94.55676759859979,29.530257516138924],[-94.55720470448883,29.53088760645139],[-94.55747490830487,29.530954711037644],[-94.55787892087963,29.530769169665234],[-94.55801629671366,29.53084674993666],[-94.55817965625498,29.53107877181011],[-94.55833021779573,29.53114554973123],[-94.55852509385979,29.53115186343858],[-94.55921113545098,29.530934689959352],[-94.55943124629269,29.53096863696114],[-94.56021298059359,29.530729400128976],[-94.56024437521049,29.530928155608567],[-94.5603888753453,29.530906471818195],[-94.56051234594419,29.531204266723265],[-94.56089804910218,29.531333698454368],[-94.5610400584717,29.53150944276986],[-94.56112195998904,29.531537085826063],[-94.56128491736607,29.531438669352948],[-94.56146787945887,29.53146136364726],[-94.56151804804223,29.531549624337654],[-94.56197569914995,29.531727763454796],[-94.56218471542519,29.531453230658204],[-94.56249312932975,29.531597718475947],[-94.56263191706182,29.53156543312333],[-94.56273722862294,29.531681223090594],[-94.56307073678627,29.531770631664465],[-94.56354946004846,29.531656847233315],[-94.56373815006489,29.531745903736088],[-94.56384514407306,29.53169089381473],[-94.56434734124304,29.531974199944248],[-94.56481309825959,29.531810713328774],[-94.56509499042674,29.531923595607758],[-94.56519726652246,29.531896630624477],[-94.5653536773248,29.53183074835211],[-94.56547404535503,29.53167606816762],[-94.56578271900491,29.53178939196398],[-94.56588307770569,29.531711810943392],[-94.56604804031322,29.531718809808513],[-94.56614201509512,29.53161375427538],[-94.56665595888416,29.531976148709973],[-94.56682091318821,29.531955139351503],[-94.56698448587014,29.531586353523245],[-94.56729543419152,29.53125945491213],[-94.56749116010404,29.531194369628615],[-94.56757940091352,29.53102327124617],[-94.567831502699,29.530963500770273],[-94.56809662281628,29.530981243066297],[-94.5682970234983,29.531116046136955],[-94.56839501576742,29.53142446793385],[-94.56885995625643,29.531649295961326],[-94.57026492208053,29.53130286334009],[-94.57042403086636,29.531157882301823],[-94.57037615440647,29.530651927882325],[-94.57060655043436,29.530375535180355],[-94.57091764658861,29.530399146434608],[-94.57142829534689,29.530163358420502],[-94.57135351754697,29.529809143029553],[-94.57197919863596,29.529459486180777],[-94.5723754372671,29.529356252870322],[-94.57262190061294,29.529115365806103],[-94.57281081476836,29.529115867866867],[-94.57317660289333,29.52888077813064],[-94.57391251926295,29.52898224095729],[-94.57423282887824,29.528856813358935],[-94.57439027637545,29.528885249946892],[-94.57465655024774,29.52859975265858],[-94.57491416967274,29.528468851795193],[-94.57521042443844,29.528464335665763],[-94.57570697396011,29.528284445583576],[-94.57608116756181,29.527559851195264],[-94.57654187564717,29.527457291817033],[-94.57689527712733,29.527133808710722],[-94.57742931941353,29.5269872092954],[-94.57761744735652,29.52711446505885],[-94.57780720511911,29.527071264697813],[-94.57807198770091,29.526868670948083],[-94.57805483744187,29.52632913450763],[-94.57822611798447,29.526137332305606],[-94.57840365933116,29.525691871430233],[-94.57928495768124,29.52538755147486],[-94.57968768916587,29.525449604737055],[-94.58015430431159,29.525269791631832],[-94.58017267005278,29.52513792903072],[-94.58049616719816,29.524643930793857],[-94.5811644502477,29.524178824750145],[-94.5822518467636,29.522774115591773],[-94.58244615460931,29.522620838965505],[-94.58270678436182,29.521983482844604],[-94.58287173158878,29.521763488276566],[-94.58308592858907,29.521676868665615],[-94.58330750855514,29.52142964966234],[-94.5834584751967,29.52134791398831],[-94.58361527171868,29.521359458246454],[-94.58371130766132,29.521161647215703],[-94.58423011276311,29.520882538696814],[-94.58441683275241,29.5205919463467],[-94.58468151142095,29.52036210067868],[-94.58487683148562,29.520445246479177],[-94.5849777289993,29.520357919293144],[-94.58492937443609,29.52003845132635],[-94.58498013748947,29.519862117820796],[-94.58518940735193,29.519637469247012],[-94.5859072732672,29.519326755203604],[-94.58611439280845,29.51911267100186],[-94.58685889107205,29.518719363229682],[-94.5869926764759,29.518125498047503],[-94.58720978566856,29.5176751046998],[-94.58726741941179,29.517289909766873],[-94.58762147395963,29.517038042129315],[-94.58774135229508,29.5168074824684],[-94.5882197582686,29.516556084012084],[-94.58868831061666,29.51605690149846],[-94.5891667415421,29.515833080453227],[-94.58931321978876,29.51532181182253],[-94.59015976524981,29.514394700376307],[-94.59050046008159,29.514071263258465],[-94.59069077415218,29.513989480876376],[-94.59112420587373,29.51398013298757],[-94.591355346413,29.51404135881889],[-94.59144970029217,29.51398681518891],[-94.59155163867555,29.513767234089084],[-94.59158647130039,29.51311203310735],[-94.59171511543617,29.512666928475706],[-94.5922383057253,29.5122886334289],[-94.5925543996234,29.51195454748063],[-94.59284679506418,29.511338686547866],[-94.59285911020095,29.51117388504296],[-94.59258395952479,29.511139738231343],[-94.59255198858972,29.511035033546854],[-94.59298173388777,29.510695505228302],[-94.59350598430503,29.510014971169294],[-94.59458448107793,29.509411736990728],[-94.59454767401357,29.508945705436815],[-94.5947899115663,29.508297869917516],[-94.5953506083982,29.507980580169207],[-94.59555283613906,29.50768420458958],[-94.59558079744272,29.50726647004654],[-94.59540302959697,29.506528458972305],[-94.59547434759374,29.50606643570684],[-94.5957986789371,29.50518732223983],[-94.5957199121989,29.504735437742887],[-94.59536918928214,29.504475429017948],[-94.59466216299889,29.504225733117345],[-94.59387575600344,29.504299670640556],[-94.59354890601195,29.504601410962227],[-94.59338360238104,29.50496959046003],[-94.5934193388143,29.505261294477233],[-94.59356923109695,29.50550932040117],[-94.59440106616252,29.506062432973334],[-94.59456377233704,29.506250067800103],[-94.59446187697229,29.506299431870527],[-94.59379725569926,29.5061923382567],[-94.59142691819872,29.50542468456336],[-94.59072755791875,29.50503725092216],[-94.59015105774913,29.504704964739187],[-94.58970036880308,29.50431847538374],[-94.5892902796155,29.50371135634765],[-94.58903972504204,29.50349035546423],[-94.58863470813704,29.501689546125284],[-94.58844158657067,29.501370014656104],[-94.58789335376034,29.500785363666196],[-94.58761639161806,29.500211358776138],[-94.58758949784244,29.49957159587924],[-94.58772987271168,29.499255909894625],[-94.58806926720337,29.498813799774958],[-94.5879662541858,29.498374659530345],[-94.58771968678533,29.498167154017356],[-94.58684288044384,29.498028262592705],[-94.58651376294675,29.498031208655753],[-94.58591803412233,29.49818694680706],[-94.58555783427816,29.498380169554668],[-94.58530692993511,29.4987025087016],[-94.58438238778568,29.498968160390238],[-94.58357939021136,29.49902982129296],[-94.58229715637346,29.49899240513464],[-94.58151613292269,29.499224570662793],[-94.58045720383593,29.499811265939655],[-94.57997980732605,29.500211229519714],[-94.5795971235208,29.50050063210118],[-94.57896045167013,29.500712387950262],[-94.57839157896545,29.501147498855634],[-94.57803065167813,29.5011845076971],[-94.57783387638678,29.50132579385879],[-94.57619517954544,29.502738947449227],[-94.57511226898008,29.503979619093332],[-94.57481330800609,29.504174712489146],[-94.57413470971903,29.504460028024802],[-94.57282695966832,29.504793638334874],[-94.57189512096777,29.504850081983015],[-94.57059139814625,29.504575972640843],[-94.56939349417989,29.504577082627673],[-94.56846482369839,29.50404164956746],[-94.56817514685667,29.504127370392798],[-94.56797719375649,29.504317810022712],[-94.56775651697666,29.50440785018654],[-94.56737500858345,29.50436173343149],[-94.56711093743806,29.504383556093334],[-94.56676770826496,29.50452617764744],[-94.5665628310683,29.504502338364333],[-94.56580997514901,29.50406036568252],[-94.56584817521637,29.50399662331355],[-94.56661737877722,29.50428691083114],[-94.56756677669111,29.504226086460466],[-94.56807760470582,29.503929577123966],[-94.56844414837607,29.50384880895032],[-94.56889510467066,29.504003494451737],[-94.56925192973596,29.504321684578386],[-94.56951148243179,29.50440905388241],[-94.56999342451918,29.504291575714642],[-94.57161879041561,29.504471291618156],[-94.57254008338748,29.504490763593182],[-94.5735066199602,29.50437661746366],[-94.57425842144048,29.504161515031385],[-94.57487387906076,29.503794743007706],[-94.57664515523899,29.5018966827155],[-94.57776245251594,29.500998068863296],[-94.57897845812532,29.50041769119332],[-94.57956564697427,29.5002112112127],[-94.58033753025646,29.499529986267326],[-94.58127337324224,29.498949084897223],[-94.58192217131588,29.498773614507684],[-94.58273366168481,29.498700622533953],[-94.58392924138144,29.49876806065589],[-94.58439902554626,29.49866961888567],[-94.584814197212,29.498534782752607],[-94.58594376095787,29.497837874647722],[-94.58635703758647,29.4977088392744],[-94.5867392179429,29.49768542201227],[-94.58710570565601,29.497718125538714],[-94.58786098979188,29.49803210288087],[-94.58827370525303,29.498506343245875],[-94.5883475111207,29.498706901429106],[-94.58832148940179,29.499173962254353],[-94.58804707130739,29.499692781117005],[-94.58794445620777,29.500037593606827],[-94.58797866592947,29.500211350422273],[-94.58803170642688,29.500477460084067],[-94.58839424388245,29.500891518755747],[-94.58886370863185,29.501223089478053],[-94.58917803727482,29.502164789079767],[-94.5891747500876,29.502902307316607],[-94.58932252623703,29.503414635747014],[-94.5896099958169,29.503877816105607],[-94.59005967500676,29.504225695613496],[-94.59145636036351,29.504924054793904],[-94.59167505609516,29.504897220931902],[-94.59207253044346,29.504656638192237],[-94.59238328716755,29.50413495081251],[-94.5925733825723,29.5039433835042],[-94.59312715672469,29.503637190221706],[-94.59402544992942,29.503447883466574],[-94.59508038396062,29.5033850185666],[-94.59523156394769,29.50327029627589],[-94.59534557258526,29.50311679541003],[-94.59543459086952,29.502704412750266],[-94.59558731648134,29.502561859780723],[-94.59568171279642,29.502336276459083],[-94.59562091076162,29.501901335002977],[-94.59603178818186,29.50141865248139],[-94.59638982606879,29.500442180553833],[-94.59656677136516,29.50021124766072],[-94.59692202483949,29.499532652772658],[-94.59696114934242,29.498828654108486],[-94.59735755580073,29.497728136148325],[-94.59761228557107,29.49628899542444],[-94.59830275161185,29.495703123018654],[-94.59838750536554,29.495594206528338],[-94.59835356119228,29.495383639572026],[-94.59822135223833,29.49544033635626],[-94.59794621985046,29.495265006011955],[-94.59746603215252,29.49509822092051],[-94.59629236626364,29.494269987590574],[-94.59570782647687,29.49363069970035],[-94.59549798029967,29.493243847166198],[-94.59510602941656,29.492849280679476],[-94.59489688828714,29.49290236324796],[-94.59470444151601,29.493108530647582],[-94.59457316904988,29.493148396360823],[-94.59416398660503,29.493204366250865],[-94.59328125761323,29.493172946539424],[-94.59305263708306,29.493123740003888],[-94.59218587391065,29.492692237713957],[-94.59142369989257,29.492473920902146],[-94.59158855632182,29.492424479954227],[-94.59215601876453,29.492521738507484],[-94.59334778544437,29.49291056603379],[-94.59370985081493,29.49290899836798],[-94.59406250520503,29.492822074336857],[-94.5943589113105,29.492614810412643],[-94.5945394909567,29.49218925260504],[-94.59466024408628,29.4918377872701],[-94.59531612501628,29.49127901083088],[-94.59716085811901,29.49048218302102],[-94.59833111846379,29.490097505899936],[-94.5986620711947,29.490060578414063],[-94.59898149586702,29.49023160158408],[-94.59909895343876,29.490440190601586],[-94.59901489939007,29.490904782773974],[-94.59908180833673,29.490975364067094],[-94.59926171283063,29.490881129404585],[-94.60025123726597,29.48967085988913],[-94.60082549686263,29.48933392369101],[-94.60145432546877,29.488694507744672],[-94.60166903541317,29.48842735853679],[-94.60203185484825,29.487703749308306],[-94.60246235038726,29.487631442933708],[-94.60266389050845,29.487487907954346],[-94.60280110345026,29.487340957920676],[-94.60267698167412,29.487025400888232],[-94.60288667592506,29.48684848510396],[-94.6032669311851,29.486745870301558],[-94.60372959520835,29.486065616886822],[-94.60410538178638,29.48581658390795],[-94.60420487489101,29.485640155099034],[-94.60440610494476,29.48550208459055],[-94.60463376414023,29.48548314983484],[-94.60487421005634,29.485205681750955],[-94.60513448236189,29.4850528930138],[-94.60556837857823,29.48491916727192],[-94.60582797773355,29.48463663857438],[-94.60635485345,29.484472415855105],[-94.60684816221269,29.484629199184138],[-94.60805911523921,29.484014786140524],[-94.60839466221212,29.48372907407175],[-94.60862574896046,29.48376189745139],[-94.60901853000992,29.48365980485176],[-94.60955014119327,29.483170790268986],[-94.60966020447633,29.483156315443356],[-94.60975630058205,29.48326775630714],[-94.60989915904263,29.48324590907688],[-94.61008496440787,29.4830448990368],[-94.6102956749739,29.48307651055781],[-94.61048883838532,29.4831968611313],[-94.61091114649884,29.483158629689367],[-94.61187809725534,29.48271982654138],[-94.61227560647887,29.48275932416883],[-94.61261929861703,29.48237883195614],[-94.61329565102069,29.48238470198477],[-94.61382999876723,29.482170193326688],[-94.61417279049253,29.481947580982528],[-94.61449584655276,29.48191065760859],[-94.6146359217339,29.481967135197895],[-94.61520260297672,29.48173713195441],[-94.61552603495569,29.48183577620057],[-94.61585008786011,29.48180953499511],[-94.61638686189849,29.481437197181688],[-94.6168117514259,29.480868474053324],[-94.61720482459819,29.480760855074774],[-94.61765291836554,29.480853396916576],[-94.61777857944186,29.48099942536642],[-94.61800557811421,29.48099216341154],[-94.61854526539537,29.480794708188153],[-94.61909017236614,29.48038899138321],[-94.61923033503273,29.479960295888354],[-94.6193781806624,29.479848181620177],[-94.61983593865065,29.47973742258954],[-94.62009027689854,29.479804943792146],[-94.62027954346144,29.479654632774277],[-94.62083969377468,29.479684132591792],[-94.62106540805932,29.479558068789927],[-94.62171430706839,29.47937693608718],[-94.6221274875944,29.479360635456604],[-94.62256722348742,29.479006545903076],[-94.62307174324819,29.478875394810625],[-94.6235368587776,29.478403985736474],[-94.62435806485881,29.478122730388005],[-94.62494359358672,29.47803456530061],[-94.62534157612764,29.477752314731223],[-94.6254928976401,29.477548785550116],[-94.62581332847672,29.477444958449865],[-94.62594558191581,29.477329747187255],[-94.62646593905231,29.47742431746364],[-94.6266992396075,29.477160581639296],[-94.6269444763459,29.47705116803348],[-94.62757420502972,29.476931816029143],[-94.62776241210868,29.476772162894086],[-94.62795093101218,29.476421419399195],[-94.62810970117869,29.476239296266225],[-94.62860578951889,29.476317348522155],[-94.6288759982005,29.47626854415424],[-94.62933473263327,29.47608244409659],[-94.62969847195959,29.476077811395903],[-94.6303030791281,29.47581492597324],[-94.63061731066794,29.476080081790617],[-94.63074823147294,29.47610243487029],[-94.63116257582553,29.47589416365045],[-94.63184920006988,29.47574142490952],[-94.63340150086813,29.475613050114383],[-94.63471433766495,29.475632502578073],[-94.63582779568239,29.475415091558244],[-94.63619854343382,29.47528375461475],[-94.63655014820378,29.475042574020986],[-94.63702252640465,29.47460895981888],[-94.6369986364922,29.47447135884802],[-94.6371054658057,29.47438913387284],[-94.63730659134046,29.474565514513284],[-94.63757573318861,29.4746211926084],[-94.63936664027321,29.474702286655255],[-94.63974474630646,29.474664829025006],[-94.63997702345827,29.474533199964014],[-94.64016644120065,29.474066043878754],[-94.64010451224455,29.4737906044074],[-94.64037517621519,29.47336226919594],[-94.64034620885128,29.47286005356524],[-94.64088607754621,29.472857300587695],[-94.6411377270941,29.472973510516223],[-94.64132126960573,29.472412788390304],[-94.64148516023488,29.47223695189434],[-94.64191788110023,29.472579287417787],[-94.64169652317173,29.47265566547755],[-94.64164670359355,29.472760236232947],[-94.64188395632537,29.47336579459355],[-94.64214772328984,29.473547852750695],[-94.64236644361074,29.473861827617196],[-94.64274321441543,29.47407716612712],[-94.6426738575956,29.474165072404077],[-94.64310000242405,29.474512468425342],[-94.6437974664503,29.474590872273495],[-94.64492193379438,29.474972961970646],[-94.64586386035809,29.475183637496094],[-94.6460588386573,29.475128865151714],[-94.6452758151304,29.474033309501753],[-94.64514549565637,29.472971451450263],[-94.64484537781985,29.472849818970932],[-94.64464472934567,29.472607457202955],[-94.64452579396851,29.47259594336994],[-94.64432414245702,29.47277153374322],[-94.64400998288534,29.472561903833647],[-94.64401042349522,29.472468337019436],[-94.64429287169472,29.472567919493674],[-94.64448882228332,29.472381411234327],[-94.64485254997203,29.472519839523937],[-94.64531047242903,29.472575881237084],[-94.64567493556916,29.47275799841375],[-94.64608723017288,29.47369958408682],[-94.64623759898804,29.473826260390894],[-94.64685263557485,29.474058376248763],[-94.6478012119615,29.474148271030593],[-94.64803944410048,29.474308195079782],[-94.64839026556902,29.475023765668496],[-94.64899200470992,29.47535463722413],[-94.64936894516389,29.47576757651243],[-94.65002132884335,29.476236018263165],[-94.6511266553308,29.47662296604795],[-94.65282137729363,29.476994238715694],[-94.65334943600585,29.477435171549402],[-94.65447965890529,29.477542285453886],[-94.65498860036905,29.477730296780482],[-94.65537115860285,29.47769821181031],[-94.65559892994399,29.47753361648525],[-94.65574871190553,29.47752855971629],[-94.6563399886188,29.477678407413713],[-94.65721249672418,29.47806550155449],[-94.6574385418585,29.478104274875125],[-94.6579168594537,29.47796191712188],[-94.6587080305365,29.477996911359153],[-94.65909815285863,29.477827089626917],[-94.65933514859584,29.477815748094592],[-94.6598134920544,29.47772398394075],[-94.660353884448,29.477912262992586],[-94.66092429391867,29.478270796695604],[-94.6612822860481,29.47837087893473],[-94.6618105684607,29.47820685606345],[-94.6624510444827,29.478268448397444],[-94.66332427880846,29.478523813160326],[-94.66391542789066,29.478475683030528],[-94.66446226103339,29.478575745001297],[-94.66463683232156,29.47854865673154],[-94.66510346079764,29.478274993975567],[-94.66553584035584,29.47839642486054],[-94.66635263906585,29.478365319133744],[-94.6667427377855,29.478195831409238],[-94.66726517177408,29.477822610370414],[-94.66759775632414,29.47781247173093],[-94.66969719395243,29.477404576682666],[-94.67030669928597,29.477394692987833],[-94.67106732135578,29.477154349201957],[-94.67155680457702,29.477095034352164],[-94.67230996727987,29.47742127400142],[-94.67249233551946,29.477295004231042],[-94.6727130558243,29.476784171342292],[-94.67286427157583,29.476652491508887],[-94.67322227984619,29.476493679360626],[-94.67403308133187,29.4763855143336],[-94.67412090024295,29.476275613761256],[-94.6742215224116,29.47574560265974],[-94.67477202210415,29.47537629020913],[-94.67573166485991,29.47499210188901],[-94.6767744371378,29.474856820244582],[-94.67703199810147,29.47473647713949],[-94.67725257710235,29.474472754986014],[-94.67772387866489,29.47427049606675],[-94.67800662709084,29.474221769820765],[-94.67924067336656,29.4728766519071],[-94.67968097461967,29.47272369346768],[-94.68037910860718,29.47199877091259],[-94.68065535921087,29.47193909646611],[-94.6811781757697,29.471653467667426],[-94.68190669509355,29.471485489151362],[-94.6821326175646,29.471310121817165],[-94.68235380945865,29.470962416662278],[-94.68251980299321,29.47091946985804],[-94.68260621427785,29.47040367496172],[-94.68324219268776,29.469491640119905],[-94.68356922895245,29.469179019577247],[-94.68462638207708,29.468477372854824],[-94.68540664484777,29.467846383842755],[-94.68614943689383,29.466907821026798],[-94.68660267558757,29.46624317838784],[-94.68684871589159,29.46569931641038],[-94.6871448410538,29.465347986266558],[-94.68761606420865,29.4650742192126],[-94.68898550956732,29.464544007719297],[-94.68899883133743,29.46440118143117],[-94.68889818276035,29.464285269873475],[-94.68822199220953,29.463789623621363],[-94.68770902667384,29.463013938145235],[-94.68787333627873,29.462612938103348],[-94.6879122327526,29.461959110091136],[-94.68783165859796,29.461634586653176],[-94.68747489525245,29.46128242836162],[-94.68765108906855,29.461167308984923],[-94.68756937351635,29.46096409165576],[-94.68740053638243,29.460815063555877],[-94.68708616546522,29.46078136962466],[-94.68671083888552,29.46053844135764],[-94.6864783220386,29.460719652071543],[-94.68630831115242,29.46073598605049],[-94.68605165901904,29.460696767150345],[-94.68606454017592,29.460575897003583],[-94.68632799803777,29.460620556893783],[-94.68679888434303,29.460395926082306],[-94.68714380571744,29.460633121142255],[-94.68735744345798,29.46063924297736],[-94.68774636685738,29.460474837727084],[-94.68794020769751,29.46068441792226],[-94.68841083724304,29.460795428347666],[-94.68858691364126,29.460927588723955],[-94.68908250796335,29.46095570906425],[-94.68927086958588,29.46086275397327],[-94.68941398328653,29.46120950446264],[-94.68952745249594,29.46129226065661],[-94.68981578267402,29.46134204243583],[-94.6911406477763,29.46110811330301],[-94.6916928717603,29.461136835257335],[-94.6925159754074,29.46089726251438],[-94.69311237266892,29.460595602498223],[-94.69386538518903,29.460404654594655],[-94.69411148489014,29.460075115178523],[-94.69428375994238,29.458547810832904],[-94.69449920961071,29.458059453993943],[-94.69475317289034,29.45685068434322],[-94.6947852211153,29.45653726696604],[-94.69471099993088,29.45631196711621],[-94.69408459648324,29.455826996068982],[-94.6936893394546,29.455661225651802],[-94.69356373927685,29.45551252571545],[-94.69355774822643,29.45539150703504],[-94.69397320636804,29.455100857363792],[-94.69417425806456,29.455106476744536],[-94.69493123755646,29.45577896011596],[-94.69503796145091,29.45581229061314],[-94.6952457747207,29.455751793287483],[-94.69559997621259,29.45468070084416],[-94.69625541164356,29.453796853865676],[-94.69671571892428,29.453000434311488],[-94.69698241269424,29.451802528568738],[-94.69763300446294,29.450242055504283],[-94.69778442886546,29.449989563525037],[-94.69823178673153,29.44958904873154],[-94.69858449861358,29.44903451455833],[-94.69912623017231,29.4473058983198],[-94.69978574978896,29.446287983052194],[-94.7000383553817,29.44576611128248],[-94.70013310346727,29.445513674929586],[-94.70004116983108,29.444963653886738],[-94.70131922091561,29.443476837997597],[-94.7028800499404,29.442457837868044],[-94.70311947231768,29.44213396909084],[-94.70314465993776,29.44197499953057],[-94.7030390022575,29.441705231343242],[-94.70337285628996,29.441293784883797],[-94.70483323729745,29.440197595531266],[-94.70534375763513,29.439473424036624],[-94.70596829064283,29.438315538573818],[-94.70671248417433,29.437140968903385],[-94.70682714261949,29.43669628928505],[-94.70679662683582,29.436476482850175],[-94.70669623625838,29.436399347179226],[-94.70604736575636,29.434631323480996],[-94.70638770976143,29.434366283644664],[-94.70652451669561,29.43416057170407],[-94.7090104798153,29.43270178098346],[-94.70930754697216,29.43225746012995],[-94.71020654275215,29.431632731550962],[-94.71038279215567,29.43141397589118],[-94.7108189161067,29.431183398477387],[-94.71216107730706,29.431546947278978],[-94.71236595668202,29.431763240245303],[-94.71360865525693,29.431990829277144],[-94.7143690309573,29.43187653991402],[-94.71512923108835,29.431663817988447],[-94.71695810230635,29.431046088512733],[-94.71772508291755,29.430679129127633],[-94.71888836156998,29.4299944465754],[-94.71934740936271,29.429621201333084],[-94.72036136142431,29.428485306984953],[-94.72134747582795,29.42815150675812],[-94.72145436711506,29.42803654148015],[-94.72136807868311,29.427409704878496],[-94.72140592668086,29.427234022757244],[-94.72202266389411,29.426751000054054],[-94.72235579535392,29.426669182642925],[-94.72305184899844,29.426884287371532],[-94.72353541276406,29.426841391076763],[-94.72386628578053,29.426715934705246],[-94.72417035724199,29.426457535525685],[-94.72434067336815,29.42614454970669],[-94.72439791606831,29.42593011765625],[-94.72436079357915,29.425396863587192],[-94.72465088612175,29.424919185724075],[-94.72559497236901,29.42411282079396],[-94.72595245172984,29.424074666057255],[-94.72664217321966,29.424290176705142],[-94.72730837272886,29.42401085097433],[-94.72781182951371,29.423412300346445],[-94.72818452762864,29.42264344729844],[-94.72833500828365,29.422478650616007],[-94.72934082764421,29.4220843712924],[-94.72948535476866,29.42194204325421],[-94.72951084179786,29.421689118003126],[-94.72917254100744,29.42119910194706],[-94.72918600458324,29.4210668282326],[-94.72951890315134,29.420814626471046],[-94.7300596609987,29.420557271421384],[-94.73058057111973,29.420651837491846],[-94.73113326634537,29.420493413955334],[-94.73178648074283,29.420148495154123],[-94.73201350475722,29.41961553082382],[-94.73197701893011,29.41925815834737],[-94.73211587033809,29.41890085468325],[-94.73249308104171,29.41848356311541],[-94.73349892940536,29.417666643569074],[-94.73386439836815,29.417233365678776],[-94.73516629583862,29.41627127340355],[-94.73603900761078,29.415726022779022],[-94.73749673225315,29.415245787503633],[-94.73807510770587,29.4149610549333],[-94.73873563398605,29.414407163401695],[-94.73915128542127,29.41342326407306],[-94.73944733153898,29.413066266949023],[-94.74024494170048,29.41287044356077],[-94.74060990645704,29.41263469593108],[-94.74121402486034,29.412003786365126],[-94.74181701244473,29.411960966701084],[-94.74265196301538,29.41153954856051],[-94.74295395200728,29.411319745362693],[-94.74350152183051,29.41075979063518],[-94.74370322180758,29.41040265019956],[-94.74376656796345,29.410088662878223],[-94.7436541251229,29.4097250671387],[-94.74422184205632,29.408559219957255],[-94.74557327091628,29.40748258110446],[-94.747655150787,29.40627952265787],[-94.74963355630129,29.40480865915773],[-94.75020668248347,29.404282146168217],[-94.75364871207336,29.401756958086544],[-94.75477411074003,29.400844333668648],[-94.75557772234552,29.40040332174325],[-94.75671484879494,29.39963744774962],[-94.75788410472235,29.399121362934782],[-94.75868684283517,29.398579104618317],[-94.7598052163479,29.398043699317824],[-94.76161718462933,29.39683176501279],[-94.76196337101575,29.39668338896631],[-94.76216265801379,29.39662852370097],[-94.76270498224399,29.39625032241147],[-94.7634168833728,29.395963449336787],[-94.76514009163073,29.394719590070892],[-94.76657752420824,29.39424270833398],[-94.76681937892849,29.39407201648874],[-94.76734555072126,29.393145616056824],[-94.76776216687868,29.392107668563373],[-94.76806416132686,29.39165141657075],[-94.7681087221053,29.39142198646841],[-94.76800991799509,29.39109615203074],[-94.7680723366979,29.390782801619526],[-94.76881240714621,29.389605408404073],[-94.7700329809581,29.388233413704405],[-94.77075423782536,29.387653675653574],[-94.77161852043473,29.387045765841567],[-94.7727150220503,29.386430888400945],[-94.77282501122839,29.386299829809403],[-94.77308143248256,29.38620887703678],[-94.77342091736115,29.385925447296145],[-94.77055965900905,29.38429758063442],[-94.7704381837845,29.383120789194017],[-94.7703091032085,29.382860812449778],[-94.77072917112747,29.382488572423345],[-94.77092282039864,29.382716797537423],[-94.77092047727871,29.382394934276455],[-94.77104107417438,29.382315247400665],[-94.77169989313128,29.381332032423003],[-94.77316885321164,29.380263800784952],[-94.7740416805165,29.37936301901831],[-94.7743890727241,29.37866050265867],[-94.7746846952722,29.378424222215592],[-94.77527522455294,29.37822863772062],[-94.77614221383213,29.377333117168096],[-94.7764704749722,29.377104020942074],[-94.77692523735551,29.376552528380877],[-94.77748810139632,29.37555431189471],[-94.77751719292966,29.375363488276466],[-94.77744960136495,29.375202401781397],[-94.77759259375513,29.37493952655822],[-94.77795467693765,29.373610605995186],[-94.77859215137639,29.372612352796516],[-94.77863215604295,29.372276759894],[-94.77852713252537,29.37115801631593],[-94.77853129407282,29.37001096541209],[-94.77870645510609,29.369060480409402],[-94.77984802117923,29.36661871200986],[-94.77983401360052,29.365678321092016],[-94.78004261504361,29.36548146020854],[-94.7803757755405,29.365365698454845],[-94.78080713653304,29.36520457135008],[-94.7808707772473,29.365116689622553],[-94.78077649894766,29.364940389215395],[-94.78058188867212,29.36481813524251],[-94.7804073059084,29.364593201990473],[-94.78021815022326,29.364420824651624],[-94.77946777559441,29.364521753095985],[-94.77916059933463,29.364080315597402],[-94.77904158458037,29.36401382305175],[-94.77892118845386,29.36413413088355],[-94.77885608169488,29.36451308259872],[-94.77869862666178,29.364562002809745],[-94.77864886044607,29.364435401545858],[-94.77870151571602,29.364039396030275],[-94.77897355362472,29.36383172448721],[-94.77913945288792,29.363376051081563],[-94.77936068636608,29.363206895041863],[-94.77928786237297,29.36273346151267],[-94.77919959332459,29.362650350454253],[-94.78004090001656,29.361923075934268],[-94.78013694525407,29.361758405238135],[-94.78006849187724,29.361510895223446],[-94.77993702604341,29.361427377281352],[-94.77958388890896,29.361403891571282],[-94.77782544079595,29.361532465620552],[-94.77621709898825,29.361733974554944],[-94.77328316430662,29.362314422520388],[-94.77283566949848,29.36230664937548],[-94.77042278173205,29.363236486338483],[-94.76774740487251,29.36458973437881],[-94.76615394273847,29.365287298058604],[-94.76516797258502,29.365530850182395],[-94.76425404255848,29.36555990409569],[-94.7636492000857,29.365446473400045],[-94.76293338346953,29.365130262978646],[-94.76242056786766,29.364671344665194],[-94.76216587149791,29.36419108490857],[-94.76202511799646,29.36353519588728],[-94.76250176096715,29.36303078104285],[-94.76128656914914,29.362072750896854],[-94.75825413127961,29.363298192786573],[-94.75789555572538,29.363186330976447],[-94.75731368173956,29.363469935952267],[-94.75718470233578,29.36386586609874],[-94.75385853734633,29.366252598486177],[-94.75448268168239,29.366905431314606],[-94.7543860524154,29.367196701154352],[-94.75424548409002,29.367515410295695],[-94.75299512573281,29.368682636522674],[-94.75146250579537,29.36972082895269],[-94.75020661453787,29.37025674611778],[-94.74943255060688,29.370624829166303],[-94.74925280837722,29.370809771979612],[-94.74917949717373,29.371018049459334],[-94.74869032686483,29.37128687566424],[-94.74827848248948,29.371782582267315],[-94.74741531497743,29.372238967797763],[-94.74686479907135,29.372401523121148],[-94.7462774642798,29.372615143801376],[-94.7449735598279,29.373402568402106],[-94.74378115493663,29.373988113070894],[-94.74255221091933,29.37450778348706],[-94.74219882254948,29.37461909370699],[-94.7419284710426,29.37460444903184],[-94.74197142905908,29.374318541106792],[-94.74210318472859,29.374308856441907],[-94.7427527408104,29.37390904384085],[-94.74329974052002,29.373210387247337],[-94.74331704928562,29.372962619812846],[-94.74353258400258,29.372507642891097],[-94.74360959711025,29.372100641609258],[-94.74398920834373,29.37132862693063],[-94.74411047065112,29.370873179385633],[-94.74461981628151,29.37020187108479],[-94.74476048087587,29.369416185588914],[-94.74463396198345,29.36877565441566],[-94.7443160423138,29.368666821832587],[-94.74395722944922,29.36868981235564],[-94.74314855400603,29.368894096908754],[-94.742508216666,29.369211025030737],[-94.74108293910096,29.370151320722158],[-94.74060076085385,29.370377058933947],[-94.73969432295036,29.371110007745248],[-94.73900208523449,29.371834636664765],[-94.7387755151684,29.372173514776033],[-94.73859498105965,29.372794066542326],[-94.73828368078256,29.372955655599863],[-94.73755702222262,29.372848070391516],[-94.73647246916202,29.373022644294217],[-94.7352335223313,29.37342139049129],[-94.73473975363679,29.37361426615407],[-94.73455499526237,29.373761120538237],[-94.73444219080038,29.37375403693871],[-94.73387788994135,29.37400111132588],[-94.73362564947553,29.374058785458416],[-94.7334882513582,29.374012805433527],[-94.7334896753386,29.373913413839343],[-94.73406898536885,29.373534464147685],[-94.73438397217683,29.37317412985478],[-94.7345726741406,29.372823726407365],[-94.73437791989853,29.37250143223268],[-94.73441363872797,29.3722479032771],[-94.73423908297987,29.37152346122667],[-94.73351197689593,29.371090283918978],[-94.7326910898435,29.371301259347003],[-94.7326184739013,29.371161951929135],[-94.73270809929247,29.370115696545625],[-94.73245297465424,29.369660114149053],[-94.73226125765049,29.36947044933025],[-94.73152944143601,29.368965149105836],[-94.73130356769006,29.368956809344827],[-94.73054957716566,29.36578725885352],[-94.73098148740453,29.355434549498437],[-94.7315859843696,29.340923180611828],[-94.73171572824633,29.337812129100204],[-94.73211086020494,29.337689102940352],[-94.73323711442306,29.337549709030647],[-94.73387017819839,29.337552616789303],[-94.73567234779911,29.33778609607479],[-94.73704546409923,29.337803530560993],[-94.73763779979367,29.33762954544758],[-94.73877720348348,29.337450715781415],[-94.74018435759925,29.337303300177325],[-94.74056599209815,29.337335666795358],[-94.74206440773321,29.33704024246027],[-94.74310481374907,29.33674441918947],[-94.74360097610467,29.336707165439346],[-94.7446086835846,29.336493598430938],[-94.74488662813498,29.336409107236772],[-94.74555429255761,29.33597425148375],[-94.74568875232784,29.335797430942815],[-94.74580437034615,29.335605367126274],[-94.74585138354928,29.335083891672674],[-94.74568374475811,29.3344925829948],[-94.74547261007766,29.334314187608214],[-94.74507210135312,29.334238718619062],[-94.74490169664622,29.33432493269286],[-94.74501637354076,29.33464559079769],[-94.74501309210345,29.33486640106106],[-94.74490508560616,29.334975486674786],[-94.74471642052619,29.335006555873626],[-94.74360844951902,29.33480817018564],[-94.74269511156496,29.33454042111826],[-94.74238746145105,29.334592706160926],[-94.74190683014994,29.334400696362742],[-94.74169288571488,29.334420394398283],[-94.74171628085723,29.33452529457814],[-94.74235857294713,29.33485132057409],[-94.74282461159062,29.335197572790598],[-94.74294197711816,29.335380711633572],[-94.74283498395151,29.335412760711577],[-94.74171347200969,29.33475161785144],[-94.73915174628188,29.334357300005863],[-94.73822185577693,29.334381348420123],[-94.73814142544735,29.334314337338792],[-94.7380092833025,29.3338666174773],[-94.73784871911717,29.333683078892243],[-94.73711120810718,29.33338953449611],[-94.73688318210024,29.333117141923015],[-94.74843657402101,29.334511341257297],[-94.74885801151822,29.334556992220392],[-94.74899986488784,29.334271746800727],[-94.74950109378145,29.334315219546223],[-94.74969006273254,29.334234593385673],[-94.74961812305725,29.334024092938012],[-94.74909779188634,29.33394197637966],[-94.74876770675948,29.333784118110668],[-94.74884398427594,29.333724297228166],[-94.7492767135094,29.33371228166458],[-94.74998933038472,29.332953020156058],[-94.75020653800917,29.332614887215804],[-94.75042911602812,29.332343527713157],[-94.75151949542335,29.33021579311154],[-94.75210411411823,29.32941096990701],[-94.75225785414864,29.329021582150897],[-94.75324243767265,29.327806226855653],[-94.75392999280656,29.32669388083492],[-94.75495894946532,29.325350077419426],[-94.75558931669107,29.325429941170665],[-94.75494435609163,29.32652904281956],[-94.75406222758906,29.32836635931098],[-94.75379893195375,29.32911222404382],[-94.75308015717087,29.330103524375463],[-94.75186956036653,29.332290982475477],[-94.75149274065154,29.33310236073932],[-94.7514401229893,29.33339373106225],[-94.751179148939,29.333848543768475],[-94.75088220032775,29.334066803261575],[-94.75020653453028,29.334099064507928],[-94.75003725595109,29.334089290685515],[-94.74994802643765,29.334170934379483],[-94.74998965089085,29.334331305639182],[-94.75020653687332,29.334410737284383],[-94.75075891305917,29.33456140145058],[-94.75089578081634,29.33486438588566],[-94.75111491130552,29.335025225781155],[-94.75311627890805,29.335789812158247],[-94.75452923353542,29.336248511593155],[-94.75688670451548,29.33658660193082],[-94.75771803927222,29.336569019400006],[-94.75913222105063,29.33691759905492],[-94.75955365699312,29.336925718516007],[-94.76041480219247,29.337084174242996],[-94.76234662236953,29.337303381366233],[-94.7638386156019,29.337388757563613],[-94.76492015804163,29.337575719774605],[-94.7652660387439,29.337638008147486],[-94.76607272938188,29.33762590675825],[-94.7671634253015,29.33741660541504],[-94.76815453542987,29.33699842652593],[-94.76916375411878,29.336667390511522],[-94.76998545124984,29.336259097024556],[-94.7709249005148,29.335207965486266],[-94.77170850688691,29.333869621421467],[-94.77232635859244,29.33270647277565],[-94.77241295066426,29.33194227060859],[-94.77254667298996,29.33177814905717],[-94.77291956305463,29.331548832117633],[-94.77358282410121,29.331310181847535],[-94.77388100865168,29.331287024993784],[-94.77383363557007,29.33143787539618],[-94.77397185097102,29.331482455959048],[-94.77433613700401,29.330681537434938],[-94.77423503244712,29.33064778603624],[-94.77412662876813,29.330867325940993],[-94.77400752650115,29.330935033752443],[-94.77350432521963,29.33073809242862],[-94.77364513904121,29.330441759565],[-94.77389017762144,29.33044291472329],[-94.77393472549774,29.3303442633852],[-94.77407356044115,29.330377855637746],[-94.77414985948283,29.330229587558097],[-94.77448902043992,29.330335457587513],[-94.77465761187507,29.32997521127653],[-94.77449688257265,29.33011587094685],[-94.7742076945495,29.330015501729342],[-94.77431679527956,29.329768456166054],[-94.77387002453685,29.32961822666254],[-94.77310893194712,29.32949907678292],[-94.77299135087796,29.32924543681732],[-94.77299692466411,29.32845381767983],[-94.7731750220185,29.327096675671896],[-94.77340706835575,29.327295861051923],[-94.77351390823456,29.32720803047373],[-94.77320782921011,29.32691013291013],[-94.77437275187262,29.32087942244414],[-94.77440455810942,29.320769576905764],[-94.77511395163933,29.32107517405734],[-94.77554241028996,29.320951064862168],[-94.77538825669205,29.320471867453684],[-94.77825646133589,29.319716347026272],[-94.7772303688254,29.31670421273838],[-94.77686461763774,29.31680166104329],[-94.77638758120521,29.31551834818426],[-94.77743409051132,29.315248675386286],[-94.77825623619859,29.317610930039375],[-94.77845116760804,29.317623113941792],[-94.77864691020984,29.317502801705196],[-94.77876792858511,29.317267251950103],[-94.7787630578956,29.316992094437083],[-94.77890318281692,29.31675145960544],[-94.77873525323675,29.316426215482124],[-94.77849059254437,29.315320086692207],[-94.77848727060896,29.31482543516401],[-94.77817463331165,29.313449101712862],[-94.77909509831049,29.31320105832211],[-94.77928800887797,29.314554548961237],[-94.77968425916981,29.31456194717212],[-94.77973067445912,29.315161260786084],[-94.78003170371248,29.315377033688527],[-94.78028501646766,29.316131496801898],[-94.78054844717212,29.316242832336854],[-94.78086068848415,29.31660154728942],[-94.78112441552481,29.31670738692112],[-94.78169871290196,29.31754042920588],[-94.78377933964921,29.315693126588965],[-94.78355976878463,29.315466602436807],[-94.78397752481891,29.31511661088677],[-94.78409113168749,29.31290748952628],[-94.78451463171488,29.312684383452627],[-94.784603412447,29.314663692221377],[-94.785562210014,29.314080628724426],[-94.78551554242136,29.312414498839402],[-94.78609155900591,29.31193921715004],[-94.7862128475814,29.313649715334805],[-94.7894065908347,29.311780343168262],[-94.78920655530904,29.311482348166845],[-94.78910896266291,29.3110753630582],[-94.7910012676601,29.310100502497942],[-94.79108299947114,29.310216735607614],[-94.79134788787076,29.310080694595555],[-94.79146510220036,29.310400388299843],[-94.78984980519931,29.311276866078934],[-94.79000576665916,29.311459133913228],[-94.79341797207863,29.309849519778048],[-94.79321396498568,29.309287441398936],[-94.79447361677647,29.308936589767175],[-94.79466522955467,29.30937770270546],[-94.79601347163366,29.30894134503675],[-94.79739198265088,29.30868824928029],[-94.79945522795907,29.308451562234772],[-94.80109029863063,29.308350059945045],[-94.80754568752613,29.308208778806264],[-94.8085822390514,29.306118726254567],[-94.8089510280791,29.306346157844537],[-94.8079791896778,29.308194534778945],[-94.81020862937014,29.30836023603349],[-94.8117084807295,29.305282934498887],[-94.81222982889454,29.30532906604428],[-94.81071146256802,29.308401141223197],[-94.81194170794089,29.308512089099533],[-94.81342944085189,29.305395739927782],[-94.81397558162654,29.305448391951483],[-94.81264560049645,29.308493761511237],[-94.81538441815745,29.308650980501277],[-94.81506801836046,29.305492081663587],[-94.81547666866807,29.30547232216517],[-94.81584943159336,29.30870854621971],[-94.81731203540856,29.308836891090394],[-94.81838553666066,29.305162577636796],[-94.81900006049477,29.30530301939453],[-94.81798328783695,29.308988934447253],[-94.82015526732037,29.309467991681746],[-94.8211770089837,29.305776069610967],[-94.82180466677384,29.30590565562608],[-94.82184260906848,29.30581223464981],[-94.82196863531465,29.305834933684196],[-94.82140762307887,29.3076423641276],[-94.82201605709048,29.307749838793576],[-94.82237474005082,29.307680176655115],[-94.82236980015709,29.307344470598707],[-94.82261633246956,29.307065144247996],[-94.82262340609125,29.30678428709329],[-94.82283870924556,29.306516075512345],[-94.8228772444723,29.306130863294037],[-94.82341334376464,29.305693378970602],[-94.82397298059571,29.30553660864276],[-94.82495814566106,29.30561850438797],[-94.82557550254052,29.305203270842238],[-94.82584593561131,29.305138588696227],[-94.82631691584099,29.305157503128047],[-94.82536234280705,29.30677611582408],[-94.82534972664462,29.306880559085847],[-94.82569417738229,29.30706393968124],[-94.82585144166646,29.306927202690378],[-94.8261932737842,29.306362015591326],[-94.82685790066989,29.3049232371138],[-94.82827300132222,29.304495461589593],[-94.82723960071439,29.301358958946075],[-94.82724251651966,29.300550067240998],[-94.8275329558209,29.29998998936044],[-94.82772728507115,29.300012743355556],[-94.82807734053223,29.30046026890328],[-94.82821532585565,29.300494118944226],[-94.82928322483066,29.300229406675104],[-94.82961034591786,29.300236213757504],[-94.8296916752262,29.30039060634448],[-94.82955836520898,29.300549641718195],[-94.8295016533436,29.30081918800598],[-94.8295185100963,29.301463037285654],[-94.82955602086273,29.30154062816294],[-94.82991438373988,29.30166880934687],[-94.83024650278554,29.30171470944461],[-94.83098239058386,29.30138755286847],[-94.83143965987537,29.30194578720869],[-94.83166619764904,29.302057232256857],[-94.83232658015562,29.301806830502667],[-94.8328451121272,29.30175730434477],[-94.83357796702816,29.301680997572163],[-94.83463978593494,29.302049853682842],[-94.83492948400396,29.302051350225057],[-94.83526258316806,29.301915583789608],[-94.83542683847634,29.301690697192598],[-94.83548395396554,29.301442861604105],[-94.8353458186473,29.301293717245755],[-94.83502483946621,29.301363559931403],[-94.83493096555426,29.301253050874276],[-94.83611011956515,29.300119446452435],[-94.83653924334342,29.29954955878106],[-94.83685505195282,29.299280944954912],[-94.83749943160272,29.298442462106383],[-94.83776427765882,29.298201707070053],[-94.83824254200088,29.29817128742271],[-94.83849442007751,29.29833814392521],[-94.83862689870745,29.298327711925356],[-94.83875947560246,29.29830075000252],[-94.83902484586973,29.298004967759578],[-94.83962383294089,29.297815681480195],[-94.84014682504467,29.297934385394917],[-94.84037982100325,29.298012700215192],[-94.8405555756124,29.298222896662246],[-94.84080548592713,29.298901348025677],[-94.84090566006523,29.299011743991457],[-94.84128369133201,29.29908014028028],[-94.8424122219569,29.298959562522565],[-94.84251324494615,29.2988611238429],[-94.84245064710178,29.298723684971723],[-94.84250244187642,29.298486981474916],[-94.84279575829434,29.298201104743306],[-94.84679270577928,29.30541302659618],[-94.84946257094637,29.304541657669525],[-94.85092449898475,29.304057585236357],[-94.8496936120596,29.301686547564596],[-94.84972157236122,29.301157667790385],[-94.84981106391035,29.297213971213782],[-94.85004155958514,29.297259463880323],[-94.85100291641093,29.29911296057883],[-94.85122975942434,29.299114586698582],[-94.85149244593468,29.299686593836608],[-94.85160469195506,29.299776827990673],[-94.85182516441219,29.29970629817173],[-94.85170052981111,29.29941970358952],[-94.85189663268719,29.299349202945486],[-94.85179689155858,29.299111795448468],[-94.85204332695342,29.299025448501908],[-94.85224442628343,29.299053567714797],[-94.85233872816006,29.29918646504352],[-94.85260566811566,29.29982642220598],[-94.85288412312829,29.299728281362402],[-94.8525470377562,29.299033838710518],[-94.85332440928738,29.298707469901],[-94.85328664922807,29.298619551785723],[-94.85377291230733,29.298363268257148],[-94.85371103924314,29.298181791256873],[-94.85344770153287,29.29794912330433],[-94.85305599093431,29.298095318163057],[-94.85296274951746,29.29795765992147],[-94.85302038287273,29.297699129286247],[-94.85360155833624,29.29750450533633],[-94.853415262514,29.297047120296146],[-94.85370515098116,29.296910902622656],[-94.85328743699712,29.29612197936288],[-94.85342088439877,29.296078538509825],[-94.85377588070162,29.296746158271862],[-94.85448045524528,29.296980549861487],[-94.85475187992938,29.29686664648357],[-94.85489350570887,29.296355802563408],[-94.85522202494863,29.29623146726083],[-94.85586711972205,29.29582228013287],[-94.85664211932792,29.29579313382487],[-94.85724227794731,29.295625441263255],[-94.8573673568311,29.295725166465196],[-94.85750626479378,29.29568191536186],[-94.8570157736834,29.294441973133004],[-94.85714183204063,29.294404403134433],[-94.85758973051294,29.295380027089113],[-94.85767749741015,29.295413198565466],[-94.85799353621285,29.29522778426348],[-94.85881506007748,29.29495718788306],[-94.85955867998307,29.294822834913038],[-94.86084356384796,29.294922745781506],[-94.86137684994185,29.295233471028357],[-94.86201205050011,29.29536830574481],[-94.86272130828401,29.294739355928414],[-94.86340293670912,29.294500238766332],[-94.86360565884965,29.294259284207985],[-94.86408437307026,29.294190219640296],[-94.86432514857927,29.29398763090665],[-94.86452032130195,29.293993815455973],[-94.86483670218554,29.293741968479104],[-94.86536054837799,29.29354669174975],[-94.86549974683086,29.293393346340697],[-94.8658845131131,29.293378627248373],[-94.8659727685778,29.293312687009152],[-94.86598019408505,29.293142269307282],[-94.86571413730422,29.292305161566542],[-94.86576183349555,29.29172787456864],[-94.86588878032502,29.291568849752636],[-94.8661473066523,29.29141618528951],[-94.86622430485565,29.291251358770722],[-94.86646698551912,29.291037273073986],[-94.86717773219728,29.290606785232587],[-94.86780898051238,29.290384212161708],[-94.86828238554074,29.290072634798143],[-94.86842141556761,29.290056924005828],[-94.86850180513731,29.29030453256793],[-94.8685953824833,29.290376443339706],[-94.86891545806745,29.290471328481015],[-94.86921266526166,29.290329509050874],[-94.86960295429691,29.290254092979435],[-94.87014544750934,29.28998729917006],[-94.87044113638505,29.290038159778767],[-94.87316937134862,29.291417074987837],[-94.87667274478183,29.29306371263532],[-94.87690442021754,29.293107827351818],[-94.8771811219089,29.292788275785004],[-94.87718064128347,29.292468875096763],[-94.87683542551365,29.29220987700908],[-94.87600193989101,29.291895277575236],[-94.87566154659393,29.291263565795767],[-94.87660338016708,29.29187389873999],[-94.87685485932425,29.29188509301604],[-94.87703043734963,29.291741782353263],[-94.87708654597554,29.291466304856783],[-94.87704256617938,29.29136163065511],[-94.87731950717408,29.29067900632016],[-94.877106438434,29.29047525826864],[-94.87467709670788,29.289330888660338],[-94.87235478538355,29.284865655812276],[-94.8724294360251,29.28493208320935],[-94.87265587834104,29.284956033447777],[-94.87295818769034,29.285447668110596],[-94.87315985773431,29.28592766769021],[-94.87309978619058,29.28621847018221],[-94.87425808857165,29.288290002258737],[-94.87446051403009,29.288143320540804],[-94.8744988980162,29.287577695582005],[-94.87475053402007,29.287240892555204],[-94.87501420202516,29.287021025647203],[-94.87506892507658,29.28669731093198],[-94.87462716808679,29.28625888883819],[-94.8743636358855,29.286223806253346],[-94.87409208837316,29.286325712196874],[-94.87363442111364,29.28671227059921],[-94.8735988643083,29.28655252587359],[-94.87434902756476,29.28584463230391],[-94.87462103219761,29.28570385425463],[-94.87478718738097,29.285485483613822],[-94.87520994651292,29.28532981181454],[-94.87543670171138,29.285153468457434],[-94.875707372511,29.2846199614623],[-94.87590858672742,29.28442192169775],[-94.87661882878128,29.284174272448457],[-94.87708963671635,29.283806118136752],[-94.8775861737456,29.28353123663343],[-94.87725441542916,29.283091073633575],[-94.8774050937198,29.28300321338032],[-94.87771233267028,29.283371832565592],[-94.87802731144043,29.28292098248153],[-94.87856732372585,29.282580040809904],[-94.87858017919328,29.28236548117966],[-94.8786748500657,29.28222267994755],[-94.87906505863879,29.282013706445017],[-94.87934769189184,29.28164000857966],[-94.87974410785017,29.28144745250492],[-94.87995256023788,29.2807823591199],[-94.88015389819346,29.280447012934975],[-94.88058824185889,29.28004021250506],[-94.88090328697902,29.2795728398695],[-94.88086583195306,29.27941886514018],[-94.88036401839845,29.278973199914187],[-94.88012580737826,29.27903929456285],[-94.88018779108712,29.279413158879017],[-94.88016825794256,29.27950116297653],[-94.88003056904297,29.279566843083952],[-94.87981693777338,29.27958333858496],[-94.87966601165591,29.279511859500843],[-94.87952929909795,29.27921517236878],[-94.87939746096654,29.27909421673749],[-94.87902691962658,29.27898940312745],[-94.87885680901526,29.279253405084734],[-94.87887546730992,29.279660252596862],[-94.87838495756309,29.27994055746426],[-94.87797662253982,29.279957099433545],[-94.87783897737955,29.279901972279536],[-94.87730512228273,29.280110643737856],[-94.87695333932652,29.280066830615617],[-94.87654566956034,29.280160142432045],[-94.8755602341828,29.280236996818925],[-94.87501788914288,29.280636654758077],[-94.87440213085812,29.280551525713317],[-94.87429446902443,29.280628064096916],[-94.87446185364429,29.28111768090195],[-94.87431634671216,29.28122708458207],[-94.87443328426828,29.28170572745086],[-94.87431429294497,29.281638960879754],[-94.87382184083093,29.280807190051522],[-94.8736717214955,29.28073504112259],[-94.87165917597638,29.280725918021385],[-94.87068526258959,29.28052371536973],[-94.87018315844522,29.280367806771903],[-94.86985076963559,29.280179185692894],[-94.86939112709567,29.280215636350032],[-94.8691575750072,29.28040132996435],[-94.86973174050718,29.281217161135476],[-94.86979928098647,29.281470443148816],[-94.8697057393574,29.281442587179825],[-94.86908741909153,29.280511024149707],[-94.86898112741373,29.280472299229885],[-94.86864007313424,29.280657433548445],[-94.86923127460014,29.281924132561993],[-94.8691114936965,29.281917894407332],[-94.86865658089668,29.28111892586187],[-94.86856359098749,29.28082745745155],[-94.86833842874489,29.280645223686264],[-94.86822498540788,29.280622735226018],[-94.86774649554611,29.28076340676363],[-94.8675947567597,29.2809166032907],[-94.86797497302038,29.281583154613852],[-94.8679735579191,29.281863588370275],[-94.86780240714731,29.282027707792874],[-94.86733586944298,29.28217951723364],[-94.86712281790652,29.282095857440684],[-94.86697323308891,29.281864719709603],[-94.86725804466063,29.28148082408079],[-94.86708985777881,29.281155996173087],[-94.86695850155546,29.281056377611442],[-94.86657535469233,29.280967220018667],[-94.86623517156768,29.28103123189663],[-94.86566918222924,29.280984900874337],[-94.86555673528093,29.28076455778134],[-94.86532397335125,29.28084598904184],[-94.86587699042327,29.282002748163887],[-94.86568775695689,29.282122410351334],[-94.86510235313125,29.280998761484927],[-94.86496481644686,29.280882377588277],[-94.8648004080094,29.280947991887707],[-94.86485035755064,29.281058088650433],[-94.86463558326655,29.281304398445712],[-94.8646143390884,29.28167799219806],[-94.86470036419463,29.281997423791438],[-94.86532990585913,29.28313247840147],[-94.86510339972355,29.283213832539605],[-94.86455501557482,29.282178064615692],[-94.86393765729564,29.282197107735826],[-94.86362743371349,29.28254177889165],[-94.86327450038137,29.282638994423838],[-94.86294622860154,29.282923385994263],[-94.86177361043372,29.28315463651256],[-94.86131239245358,29.283443623409912],[-94.8602786433492,29.283691488714343],[-94.85967790138957,29.28409528402238],[-94.85881353147181,29.284316628527485],[-94.85858038454283,29.284315798301986],[-94.85832182660943,29.28442439258238],[-94.8572221901434,29.28501234081706],[-94.85696998050116,29.285209295700167],[-94.85561934942172,29.28555407091142],[-94.85551166695929,29.285630600363703],[-94.85535873506947,29.285954426342425],[-94.85506117812311,29.286117874572017],[-94.85264123287368,29.28614871447791],[-94.85209772925433,29.286404035714092],[-94.85200158941986,29.286678574120817],[-94.85179332078671,29.286622271457798],[-94.851540818355,29.28667602537565],[-94.85043353501503,29.287318357025377],[-94.85002957217714,29.287459238234696],[-94.84985014801744,29.287452149377796],[-94.8496517560637,29.287402239751106],[-94.84960248851228,29.28726464452546],[-94.84979373621476,29.2869743675792],[-94.84892255749764,29.286996787545245],[-94.84875720381912,29.28724337403606],[-94.84846785676635,29.287236098294986],[-94.84783568946821,29.287386263975762],[-94.84763835709609,29.287643588499822],[-94.84751879196592,29.287692088627168],[-94.8472161764866,29.287668432393584],[-94.84707911997569,29.287409556863242],[-94.84625233992902,29.287498142651224],[-94.84655703739531,29.288121055805806],[-94.84554059572521,29.28820296713287],[-94.84507449259146,29.28816747586041],[-94.84488612141344,29.28801766963483],[-94.84483626064397,29.28789140558666],[-94.84492601070659,29.287798000444685],[-94.84550615967244,29.287785120809772],[-94.84560081148746,29.287747318153112],[-94.84560145641929,29.2876757581054],[-94.84253905256064,29.287426973365374],[-94.84099001261393,29.286401332430973],[-94.84015807777685,29.285638520211613],[-94.83988838641083,29.285527047363118],[-94.83942278367263,29.285453015488734],[-94.83922714760492,29.28548465157266],[-94.83745807212584,29.28612365816445],[-94.83719925723224,29.286133094183896],[-94.83696735939799,29.286049303787937],[-94.83623666774139,29.28475473530621],[-94.83601901481278,29.284550390686473],[-94.8356972242651,29.284636739939266],[-94.8356262190407,29.284806260815497],[-94.83596239529835,29.285840764334385],[-94.83614214686817,29.286138217787077],[-94.83611522725015,29.286275476022226],[-94.83573605953012,29.286526085604706],[-94.83572988171363,29.287190755900696],[-94.83563905741696,29.287437588540605],[-94.83529842344367,29.287523878680663],[-94.83491017106543,29.287525965341775],[-94.83433602355237,29.286422675780916],[-94.83334525266301,29.286864824058533],[-94.83145499388968,29.283347826083986],[-94.83245032710049,29.28293788765509],[-94.83114725103579,29.28046525761764],[-94.83192477685921,29.27998338602723],[-94.8327061100313,29.279833158667643],[-94.83295662793564,29.27990600782975],[-94.83317779069473,29.280428523860742],[-94.8339701184657,29.28178861863892],[-94.8352478225134,29.284271857729966],[-94.83559718034002,29.284509460131034],[-94.83588901496161,29.284380921450207],[-94.83590769266448,29.284280504423894],[-94.83461046843411,29.281824678242703],[-94.83446500837408,29.281280490231616],[-94.83419098555937,29.280999147705028],[-94.83418924534253,29.28054340854183],[-94.83391697648284,29.28008109893242],[-94.83382769371201,29.27955847282033],[-94.83351428080671,29.27939839056306],[-94.83344690564962,29.27927689386573],[-94.8334554026469,29.279013285942057],[-94.83369004064795,29.278778484135835],[-94.83455348074429,29.278530421280287],[-94.83576884129204,29.279700531841534],[-94.83651460701189,29.280028268156826],[-94.83708357386502,29.28015449106697],[-94.83747057489411,29.280878171346533],[-94.83770155038995,29.280776563193044],[-94.83768844738104,29.280945785580677],[-94.83796867519148,29.281287581030927],[-94.83822029018577,29.28194796080834],[-94.83833310215486,29.28208574592179],[-94.83841504353643,29.282080484920225],[-94.83882607100502,29.281835660582843],[-94.83931065872744,29.28183301035043],[-94.83973475396535,29.281637579705652],[-94.84059725405615,29.281570818455926],[-94.84109473651412,29.280908922755337],[-94.84104532291381,29.280063020585292],[-94.84111642312281,29.279876630422926],[-94.84122402990188,29.27971236192277],[-94.84184389757418,29.279408212862933],[-94.84224859595594,29.27922368697182],[-94.84252602787359,29.27920331791603],[-94.8435228857922,29.27885152259464],[-94.84388790276772,29.278897344104884],[-94.84448656796404,29.278845273894074],[-94.84479641720563,29.278627649579192],[-94.84485389750873,29.2784909311395],[-94.8454536707032,29.278373180072844],[-94.84664400903274,29.278297000888482],[-94.84734639396565,29.277767649278385],[-94.84809093073187,29.27758488620331],[-94.84852703916614,29.277340012519936],[-94.84881335954306,29.276825078007345],[-94.84819978482648,29.275629639166283],[-94.84766966111067,29.275841099034825],[-94.84724225695314,29.275773128025406],[-94.84682991515216,29.27527144100013],[-94.84685793903525,29.27491981315177],[-94.84635968278207,29.274291077490187],[-94.8464240686206,29.27408307426203],[-94.84665253984745,29.273770907480124],[-94.84666061569577,29.27352927556368],[-94.84740003007128,29.273071323896275],[-94.84775994271375,29.272930735543127],[-94.84788121639124,29.272656541902357],[-94.84686934828096,29.270740083957197],[-94.84506591878466,29.271396031172067],[-94.84499744807535,29.271236315363396],[-94.84677696266412,29.27054221374061],[-94.84642899208646,29.269892736445374],[-94.84477631249011,29.27054897062162],[-94.8446832052701,29.270394798676826],[-94.846310584455,29.269727219201812],[-94.84619294011942,29.269457768313433],[-94.84633184161794,29.269414186756837],[-94.846208051974,29.26917202591638],[-94.84609410384223,29.269204238946937],[-94.84440370065867,29.26600233261762],[-94.84531059497581,29.265627247415395],[-94.84570981522828,29.266367206234204],[-94.84520574794024,29.26677893447628],[-94.84638511216095,29.26903020249397],[-94.84627709622995,29.26912837809283],[-94.84645130504029,29.269381894871966],[-94.84653301640759,29.269365923188488],[-94.84682527041188,29.269866515052698],[-94.84733736598031,29.270440407953874],[-94.8474720178137,29.27090809131456],[-94.84765919859244,29.271139398259862],[-94.84830993152418,29.272477455863363],[-94.8482046457911,29.273147047110985],[-94.84771782461534,29.273534749853695],[-94.8476972879206,29.2737596858526],[-94.84899350191232,29.276298243390233],[-94.84900510469836,29.276479751379615],[-94.84909869840703,29.276595400398847],[-94.85069781066602,29.27653820220153],[-94.85111865701442,29.276715669087643],[-94.85137680338333,29.276737972358383],[-94.85171578298022,29.276751959626655],[-94.85205180556586,29.276484431827676],[-94.8524870416556,29.276359959736123],[-94.85469048837858,29.27722825887569],[-94.85515679090892,29.277109870550827],[-94.85550298736983,29.277155225229524],[-94.85581605308187,29.27738201207277],[-94.85613851914864,29.278114739733383],[-94.856756562372,29.278914517844914],[-94.85696619952964,29.27961340505927],[-94.85719772212897,29.279823457769133],[-94.8574640048235,29.279478733572763],[-94.85755433022611,29.279165768596215],[-94.85764944731743,29.279089437220627],[-94.85793303708977,29.27904139352653],[-94.85812728482867,29.27912465072696],[-94.85832929081478,29.279120103084274],[-94.85915561621381,29.278755757129463],[-94.85977297632563,29.278676179552882],[-94.86116048322212,29.278210338846282],[-94.86140034657039,29.27806863777227],[-94.86190420937297,29.278027104799012],[-94.86261206850308,29.277497212598405],[-94.86302741578227,29.277466549801474],[-94.8634251883476,29.277248301072667],[-94.86404170847095,29.277229227789437],[-94.86417486314392,29.277131016217663],[-94.8649424452796,29.277090876695826],[-94.86575550513653,29.276858109995963],[-94.86585667858267,29.276770667758523],[-94.86580701105918,29.276655090144512],[-94.8656309176161,29.276659666496123],[-94.86556817647299,29.276598962226654],[-94.86548738963772,29.276433597439638],[-94.86553358898672,29.27609334563461],[-94.86527024652685,29.275861390960575],[-94.86527791083185,29.27564144562192],[-94.86574766301273,29.275978820409257],[-94.86583538343878,29.276116595706018],[-94.86572007396776,29.27651733966148],[-94.86591493663157,29.276424736842003],[-94.86606739346125,29.276183473665164],[-94.86611550194347,29.275464061987204],[-94.86627431821526,29.27525091948693],[-94.86648855128857,29.275163574484736],[-94.86656394535224,29.275207926814367],[-94.866706023615,29.27567002282034],[-94.86692018062836,29.27564359720575],[-94.86747505273527,29.275393482247875],[-94.86799728394963,29.27534614420213],[-94.86827340850505,29.275424770903296],[-94.8691894191273,29.27589034869223],[-94.86961691230755,29.275897655946103],[-94.86966761390553,29.27579922008543],[-94.8695370891451,29.275534785316903],[-94.86920664939028,29.27511564711183],[-94.86920884758567,29.274730958603143],[-94.86944870159054,29.27448495567546],[-94.86975875961139,29.274321631696832],[-94.87101873756018,29.27386051466061],[-94.87122822823689,29.273608806129218],[-94.87245238863231,29.272933178267937],[-94.87298038348094,29.272924592437334],[-94.87347036359702,29.273042143113532],[-94.87403598449187,29.27299001723984],[-94.8750231659283,29.273087736849156],[-94.8756026342613,29.273041284930514],[-94.87666296813387,29.272777512577683],[-94.87717096532172,29.27292573252736],[-94.87777359753687,29.272826869228968],[-94.87810026140593,29.272705839880903],[-94.87818783416208,29.2724732788359],[-94.87813277179177,29.272161683431623],[-94.8777394952423,29.27141443585722],[-94.87762813976408,29.270755003348423],[-94.87734653832149,29.270392258983183],[-94.87697300527988,29.269359143949377],[-94.87651742755851,29.268513017277023],[-94.87636081776354,29.268326341533637],[-94.87619120536304,29.26828231656264],[-94.87512741171084,29.268567996377783],[-94.87491444817962,29.268512222641306],[-94.8747396182056,29.268313808802276],[-94.87456073001928,29.267774493458166],[-94.87429973329115,29.267334100153487],[-94.87386753780753,29.267178278012],[-94.87400143150977,29.266871541326754],[-94.87390215959518,29.26668409053614],[-94.8736149317104,29.266414011880656],[-94.87362848909622,29.26621597412306],[-94.87381735581971,29.266162345287665],[-94.87396037272786,29.26598554633954],[-94.87420097916949,29.26588876632903],[-94.87548309100129,29.265804677919466],[-94.87623513198902,29.26601333932802],[-94.87671155030273,29.26629896743231],[-94.8770926649187,29.266694334614527],[-94.87778438549803,29.268633746969105],[-94.87823332539745,29.269606236752985],[-94.8784961888429,29.26995240444227],[-94.87893853304652,29.27109532060669],[-94.8795319081812,29.272128712802992],[-94.87970649590602,29.272914594373127],[-94.87980640032012,29.273030123108605],[-94.87997530454054,29.273117843032928],[-94.88037719418625,29.27307384705952],[-94.88083543152504,29.273123313404486],[-94.88163843167628,29.27293100352951],[-94.88357909662905,29.27318455030816],[-94.88409824762704,29.273210995681772],[-94.88470680552781,29.273073442135487],[-94.8861513261721,29.272429643629383],[-94.88700527453217,29.271879718785108],[-94.88808482421206,29.27159321148079],[-94.89002539523287,29.270156828157017],[-94.89084834088975,29.269897804484874],[-94.8913254612339,29.269616943871966],[-94.89181490454565,29.269429816888632],[-94.89268059496345,29.26931361506825],[-94.89496580283898,29.26775508551311],[-94.89584473089971,29.267385760696218],[-94.89596361358794,29.267259080478293],[-94.89626444434117,29.267225778682395],[-94.89647775798794,29.26711012048982],[-94.89802231918218,29.265721679793515],[-94.89843114000058,29.265215026538264],[-94.89883884613191,29.265044221908852],[-94.89897057514192,29.265077055500722],[-94.89932092115566,29.265792196212267],[-94.89979084742673,29.266292907378027],[-94.90003543474297,29.26625423640429],[-94.9001425131547,29.266187986074605],[-94.89997941218465,29.265824880091674],[-94.89957905303434,29.265329715284256],[-94.8995539883309,29.265103980927076],[-94.89965391950216,29.265054286385382],[-94.89998677596635,29.265158556658296],[-94.90024385834855,29.26497135568121],[-94.90068194654789,29.26430472679533],[-94.90102317572418,29.26386425348721],[-94.90149368461945,29.26358857059368],[-94.90224045458588,29.26353841848678],[-94.90277394482061,29.26327353061182],[-94.90317540826207,29.263207070625395],[-94.90412879098135,29.262688576952574],[-94.9057732772421,29.262042971731464],[-94.90691606655098,29.261249156474882],[-94.9073994993519,29.261055894495342],[-94.90847309562008,29.260278572710437],[-94.90987895357996,29.25951042916985],[-94.91028095338918,29.259433286669132],[-94.91056292137664,29.259565055329357],[-94.91102135798688,29.259504293735365],[-94.91159226351657,29.25928905448082],[-94.9130042896129,29.259200205417272],[-94.91396460460658,29.258907738813576],[-94.91441646170001,29.258356354497415],[-94.91478650426306,29.25806426682636],[-94.9157402841195,29.258212726892676],[-94.91609252197881,29.257419209426672],[-94.91680750782722,29.25698405354771],[-94.91714696732394,29.25657061764939],[-94.91736066153533,29.256514135883556],[-94.91809427136411,29.25625625561879],[-94.91875899005261,29.255716152554026],[-94.91956205324254,29.25518708456789],[-94.92011890104845,29.255044907411584],[-94.92030473218348,29.25492776623033],[-94.9203333286295,29.254514913791578],[-94.92025870468424,29.253958523147634],[-94.9199453313436,29.253947346453696],[-94.91943734312062,29.25381513563786],[-94.91870201429413,29.253313146200444],[-94.91813156850473,29.252217820878403],[-94.91845248203629,29.25236668920915],[-94.91865921862801,29.25230029747245],[-94.91887909665387,29.25238862512868],[-94.91946836396147,29.252768436054687],[-94.91971300920704,29.25349579492822],[-94.9201247427416,29.253660585353824],[-94.92045293865169,29.25428538967753],[-94.92050903565175,29.254817924613345],[-94.92070390682348,29.254828824779143],[-94.92110493434356,29.254332807549567],[-94.92166955445119,29.254327535243775],[-94.92213361546864,29.253947252183682],[-94.92283585729297,29.253770926032118],[-94.92320523657649,29.253385098233938],[-94.92356257691092,29.253335399684726],[-94.92380718862987,29.253219906033358],[-94.92404536040938,29.253258353491493],[-94.92446564436008,29.253462381498267],[-94.92463476888979,29.253379675424345],[-94.92514240608159,29.253021390631964],[-94.92534951613395,29.252525801177388],[-94.92550040003876,29.252371441528325],[-94.92570719116095,29.252349428991696],[-94.92592654406964,29.25255334337856],[-94.92617059753451,29.252448477889534],[-94.92737442057016,29.250989136307833],[-94.92805726832141,29.250581420217717],[-94.92818217689701,29.25032277380996],[-94.92800708165696,29.250278605576998],[-94.92700411282753,29.25060884260668],[-94.9267842898341,29.25056494722877],[-94.92573819039805,29.250774021633948],[-94.92442138769661,29.25164444531468],[-94.92338736284152,29.251666409629106],[-94.92237780894288,29.251881381184855],[-94.92197650879469,29.252156825088846],[-94.92160676989451,29.25313734563748],[-94.92144444224698,29.253360402732728],[-94.9211631691897,29.253544354058455],[-94.92104999910238,29.253330417745865],[-94.92109223850692,29.25317593533092],[-94.92102960380045,29.2529170339272],[-94.92039628300519,29.25187606061678],[-94.92044011933378,29.251561874542983],[-94.92078505510298,29.251027771594032],[-94.92160036356631,29.250383075333936],[-94.92200777591972,29.250306107809426],[-94.9226973187758,29.25038843971909],[-94.9228029916092,29.250218340986546],[-94.9226898032808,29.250140667997226],[-94.92208865234475,29.250004411556553],[-94.92132069088677,29.24961988889708],[-94.920727516542,29.249691825326643],[-94.92058937021588,29.2496467184464],[-94.9204061147084,29.249353034715096],[-94.92023221236147,29.24925624853899],[-94.91985207272249,29.249291270999972],[-94.9189815727741,29.249037509338347],[-94.9184792132618,29.248777819447],[-94.9159733746932,29.244264610490998],[-94.91700363433188,29.243847179770906],[-94.91866481284838,29.24717942623504],[-94.91905231188841,29.247027464901926],[-94.91945003813058,29.247292408452836],[-94.92004256364207,29.247849949281054],[-94.92102598018889,29.24827132128662],[-94.92166040852914,29.248386560696172],[-94.92242864904394,29.24838905306777],[-94.92289390538818,29.248226305406824],[-94.9239602202929,29.2474481071653],[-94.92421069460637,29.247355231825736],[-94.92489268297221,29.247401093687063],[-94.92643326503482,29.24725140849315],[-94.92747285152309,29.24694095888178],[-94.92763592821922,29.246853547343395],[-94.92788736498433,29.24654629942911],[-94.92814400335531,29.246425787329528],[-94.93012207279993,29.246177994115925],[-94.93137482534154,29.245812717929137],[-94.93176983096618,29.24556627536018],[-94.93170070952185,29.24552255067337],[-94.93081817032008,29.24569616399359],[-94.93038067085381,29.245672806244713],[-94.92898599715457,29.245251186100273],[-94.92853658029294,29.244914184608113],[-94.92797873173555,29.245242890175795],[-94.92783477227881,29.245264316242363],[-94.92773483978638,29.245148819677787],[-94.9277853079002,29.245038633714493],[-94.92774918372477,29.244571219010282],[-94.92764311141063,29.244543564629993],[-94.92752316455557,29.24481269830947],[-94.9273979783934,29.244850712937225],[-94.92725445933073,29.244652252514207],[-94.92753664899,29.244372742940435],[-94.92773131482438,29.244296548654862],[-94.92784367055172,29.244324103420563],[-94.92788774150203,29.244412262052467],[-94.92791729579744,29.244764475333994],[-94.92799276688214,29.24485249339939],[-94.92791055015344,29.24498445977439],[-94.92806746203641,29.24494049412962],[-94.92821776668457,29.24472108592763],[-94.92835566510585,29.244650210709008],[-94.92891263786746,29.24486624707023],[-94.9293691974285,29.244900001890496],[-94.93000784370193,29.244692902687653],[-94.93030971371778,29.24427582055687],[-94.93047651695343,29.242818849805076],[-94.9309919675719,29.242127414861],[-94.93104257080931,29.24192397646836],[-94.93097385831382,29.241796984186276],[-94.93054890825663,29.24153220005254],[-94.92961324218813,29.240721469368165],[-94.92918032974234,29.241077890980407],[-94.92900534718815,29.241077427913567],[-94.92933148811214,29.240737053110664],[-94.92935717935275,29.240605240433364],[-94.92912039174868,29.24014835425373],[-94.9290836332402,29.239889468497594],[-94.92946738949635,29.239406485898463],[-94.92996751816791,29.239341849930224],[-94.9307485821059,29.239745098257533],[-94.93107391490553,29.239812149685708],[-94.93175642484464,29.23978646309418],[-94.9326876524347,29.240063910407216],[-94.93316878677972,29.24027412889144],[-94.9345381860807,29.241309435371505],[-94.93564735085735,29.24194630230184],[-94.93646694053467,29.242212727571932],[-94.93667283247177,29.24220754607267],[-94.93725571835287,29.242000248900446],[-94.93775044622645,29.24167689887312],[-94.9380014964984,29.241421239726417],[-94.93745624760305,29.241659640153607],[-94.93675580839442,29.241712875288922],[-94.93620525247314,29.24164544314149],[-94.93544445725168,29.24091195059902],[-94.93491403287294,29.240547644677665],[-94.93434691075375,29.239848034131043],[-94.93402137255066,29.239709393732646],[-94.93374131072277,29.23939019382228],[-94.9330223779948,29.23913501555039],[-94.93220417588893,29.2384952101156],[-94.93137289715648,29.238152232121763],[-94.93042263118792,29.23792424442902],[-94.92953470248581,29.237856032395502],[-94.92881527926772,29.237716436229157],[-94.92785860840665,29.237340540648855],[-94.92757734118423,29.23730139962504],[-94.92704410182135,29.23758052153555],[-94.9267125291667,29.237618174361426],[-94.92624350273266,29.237341974320373],[-94.92578863491065,29.23688427199266],[-94.92520701917347,29.23663007261515],[-94.92371276700831,29.236164480924796],[-94.92293702230545,29.235991958492747],[-94.92240569811378,29.23578173296346],[-94.92188148573413,29.23539043146656],[-94.921799764274,29.23524156854292],[-94.92168343109282,29.234658051059693],[-94.9219103251803,29.233872494641442],[-94.92136957501536,29.23292506118689],[-94.92160053709239,29.232980433350004],[-94.92206302195811,29.233366516315677],[-94.9222798970838,29.233993989937215],[-94.92266078636008,29.234379898244747],[-94.923285372256,29.234667513565736],[-94.92390350138616,29.235109037933913],[-94.9242791935598,29.235203247479337],[-94.92469249176044,29.235193288383748],[-94.92506728731914,29.235364885762223],[-94.92539340046483,29.235024500283117],[-94.92586959389534,29.23498198067411],[-94.92646338864807,29.23525833914167],[-94.92739529863789,29.235431254645583],[-94.9277820692515,29.235734773287213],[-94.9281817739597,29.236197136325877],[-94.92839402260947,29.23622008527561],[-94.92883894125185,29.236039662804274],[-94.93013519874242,29.235800720270685],[-94.93095620323336,29.235450867609515],[-94.93252746585365,29.235476543908906],[-94.93293286144845,29.23576942731411],[-94.93307594883457,29.235945507738872],[-94.93313164713388,29.236247822946567],[-94.93329417524532,29.23639714878885],[-94.93360056433508,29.23637567946182],[-94.93392040799161,29.236200556318547],[-94.9341645675907,29.23616833831882],[-94.934595108882,29.236460865473205],[-94.93525200375092,29.236731816055347],[-94.93535762269761,29.23685854623783],[-94.93546275397263,29.237221698522564],[-94.9360498585666,29.237597222002535],[-94.93625540397736,29.237839791778903],[-94.9363043872236,29.238120513793955],[-94.93624694722587,29.238455818389536],[-94.93588315353196,29.238872502299955],[-94.93603877318625,29.239049080006094],[-94.93654436497702,29.23940791506214],[-94.93703778319525,29.239623461881457],[-94.93869477896541,29.23991918313933],[-94.93930679667294,29.239784974178242],[-94.93923400484042,29.239524302469313],[-94.93836680701546,29.23895039905689],[-94.93807365550265,29.238581102004446],[-94.93779859281685,29.238437618490526],[-94.93756842175355,29.238018904538016],[-94.93700706903307,29.23773697856188],[-94.93648315393176,29.237141673601933],[-94.93608276076073,29.23694842553474],[-94.93434158879862,29.235585879971072],[-94.93339196615814,29.2349835094647],[-94.93303092196912,29.23453201543363],[-94.933095472788,29.233894141966942],[-94.93294561683327,29.233772854185585],[-94.93230795032376,29.233721536387876],[-94.93231435605543,29.233628198773626],[-94.93276495672374,29.23357978460941],[-94.93336538718432,29.233652999414552],[-94.93381065302603,29.233329423762527],[-94.9348636052881,29.232864233304063],[-94.93589634532097,29.232877978429887],[-94.93622144982848,29.233054790316533],[-94.93643950444155,29.233071756495548],[-94.93711043556085,29.23293579137679],[-94.93797785915756,29.233564783533573],[-94.9385480493951,29.23343440175453],[-94.93896631139496,29.23353992446545],[-94.9388908565619,29.233633264386746],[-94.93862822681922,29.23370399276435],[-94.93862808552848,29.23379725029545],[-94.9389910438083,29.23392495688033],[-94.93934606168912,29.23414562909258],[-94.93959505482869,29.23474578743577],[-94.93986275086442,29.234955750802147],[-94.94083842097686,29.235177441210762],[-94.94173125882672,29.235680431831778],[-94.94232529425544,29.235907194487496],[-94.94313800208296,29.236018788782438],[-94.94411959189867,29.236384190757683],[-94.9443637347727,29.236291390090628],[-94.94465255493765,29.235973215621538],[-94.94535595177115,29.23540797759615],[-94.94589432980327,29.235134375725995],[-94.94631585913922,29.23454091061405],[-94.94629759358848,29.23440870555294],[-94.94608503166884,29.234391975569945],[-94.94533877446216,29.23495196264351],[-94.9450130261798,29.234923502744422],[-94.94457793819893,29.234218849287092],[-94.9438409004301,29.233798881081487],[-94.94352313268199,29.23337457100127],[-94.94364352528733,29.23305016710479],[-94.9438627938304,29.23278607232462],[-94.94417626789803,29.232627395985418],[-94.94463932465517,29.232595632441697],[-94.94510268034733,29.232679167215196],[-94.94540198401451,29.232899994709946],[-94.94551326328646,29.233235857426703],[-94.94620768048878,29.23341841893258],[-94.94633307406073,29.233391400759807],[-94.94648405960477,29.232946222690398],[-94.94662863848801,29.232957811373385],[-94.94663441996263,29.233194158679122],[-94.9467459101807,29.233299108381647],[-94.94662002462927,29.23356254760729],[-94.94677026058557,29.233601569669293],[-94.94700842524512,29.233442395404808],[-94.94732649352612,29.23386119495538],[-94.94747614561251,29.2338506293532],[-94.94776504079086,29.233636355505528],[-94.94831221709728,29.23301076127834],[-94.94922032765065,29.23268733816643],[-94.94954722827802,29.2323312537677],[-94.95009887328223,29.232135444979008],[-94.95061220235765,29.23140567030649],[-94.95059203049775,29.230795059706285],[-94.95044230426696,29.230580212488007],[-94.94881010241234,29.230383992104354],[-94.94809585129228,29.230508654544387],[-94.94771304622114,29.23067189896218],[-94.94766256478333,29.23085802909596],[-94.94772484527996,29.230913159301945],[-94.94831928659953,29.2308610031358],[-94.94848254203801,29.230905380957978],[-94.94846915895074,29.231103238881072],[-94.94685232311392,29.231654740630095],[-94.94584426827183,29.231679628675383],[-94.94508174048882,29.231403156626055],[-94.94434504688272,29.230961489323768],[-94.94387701728817,29.23045411756885],[-94.94356028974232,29.22996411782119],[-94.94335387031347,29.229798593265922],[-94.94227292447799,29.22932287743538],[-94.94140402821846,29.228979881050524],[-94.93984613130101,29.22878933198036],[-94.9386961088349,29.228451099169074],[-94.93852585123138,29.228571824291723],[-94.9377571660036,29.228339352095507],[-94.93732695722193,29.227980800707346],[-94.93707759720981,29.2276448710531],[-94.93682857844207,29.227121244645446],[-94.93639894499177,29.226630768129937],[-94.93628575782786,29.2266194238966],[-94.93608694017239,29.22627754165914],[-94.93572492012545,29.225875133238652],[-94.93566374706097,29.22557243644975],[-94.9357077613841,29.225313919633663],[-94.93613561236656,29.22478104335388],[-94.93617377908434,29.224605320922432],[-94.93643076475708,29.22432541609836],[-94.93644432898797,29.224215474303794],[-94.93594414280646,29.223889898497713],[-94.93585203983874,29.22354822703142],[-94.93550872377551,29.223239566904176],[-94.93537239895895,29.222782532577607],[-94.93498439259025,29.22269925375462],[-94.93417232965093,29.222064523487546],[-94.9313419143414,29.22066601743271],[-94.93107319788797,29.220643235905328],[-94.93051492862118,29.22086215179198],[-94.93023429356629,29.220811752420794],[-94.92988296839061,29.22102004564787],[-94.92949452283062,29.221096745305992],[-94.92934950153284,29.221366036681427],[-94.92825938168981,29.221748435109056],[-94.92787692349974,29.22195097552726],[-94.92698567078058,29.222597739738227],[-94.92526802484473,29.22353418984044],[-94.9244464092817,29.224153806932872],[-94.92374409943261,29.224410947735905],[-94.92186857848966,29.225529663111733],[-94.921803190533,29.22544444060308],[-94.92258472309746,29.224886597099744],[-94.92358801193761,29.22428942616325],[-94.92422744805604,29.224049005285266],[-94.9251998358532,29.223336328469887],[-94.92590167424956,29.22301308546615],[-94.92627178914469,29.222700962401138],[-94.92751396690142,29.222065492542345],[-94.92790875963016,29.221731302333943],[-94.9281908678036,29.221572264418118],[-94.92922470038907,29.221321809590236],[-94.92936974748889,29.220931332455205],[-94.92950169373924,29.220838008745318],[-94.92970802290507,29.22083820588365],[-94.92999594402073,29.220657350981014],[-94.93058522424677,29.22064195222094],[-94.93072879765404,29.22058196514678],[-94.930654150559,29.22037247839356],[-94.93090004886008,29.22000440540977],[-94.93091968214907,29.219641713114257],[-94.93125127146071,29.21952690946876],[-94.93279182252752,29.219519606378636],[-94.93356631978209,29.219834834723624],[-94.934767826913,29.21979871075992],[-94.93529374089768,29.219916872589497],[-94.93573087475232,29.220171336536982],[-94.93646772582136,29.220789298852814],[-94.93759293509234,29.221105481174686],[-94.93808629164869,29.221425959622568],[-94.93826078813805,29.221767437854645],[-94.93842620542543,29.222691297506252],[-94.93840652553821,29.22300871296411],[-94.93821735410984,29.223630696992654],[-94.93822118506851,29.22437377975969],[-94.93808560264306,29.225655267177263],[-94.9381336527298,29.226150413340772],[-94.93833883616715,29.226656971323916],[-94.93862560008905,29.227042531211627],[-94.93931800146476,29.227610850532034],[-94.94035535788309,29.22806418964327],[-94.9429884783288,29.22865892409153],[-94.94353154012548,29.229050894457004],[-94.94482336540187,29.23024193770319],[-94.94537282268297,29.230616954642546],[-94.94587964942897,29.230739388376332],[-94.94631739638923,29.23069629907109],[-94.94657350952501,29.230796272652444],[-94.94659221026286,29.23088964798964],[-94.94637854126964,29.231136473917214],[-94.94652213612802,29.23119727045443],[-94.94693631741386,29.230972412600522],[-94.94780923706415,29.23001301150619],[-94.94795972033134,29.2299254182837],[-94.94821008183297,29.22990923131417],[-94.9490545233212,29.230103994660602],[-94.9502748588283,29.230101038948774],[-94.95067522254622,29.230234359745495],[-94.95111758712287,29.23076853727283],[-94.9511832681325,29.230984866726835],[-94.95142206718788,29.231186536566923],[-94.9516228252942,29.231270459716676],[-94.95199860416584,29.23128752273469],[-94.95214906821063,29.231200261062842],[-94.95241304478078,29.23081536406885],[-94.95266451855481,29.230656765212157],[-94.9530968927593,29.230520169236396],[-94.95366707239305,29.23044997998265],[-94.95415404560124,29.230577433126292],[-94.95459276411849,29.230606279773102],[-94.95558823188175,29.23039954841754],[-94.95602235735335,29.229910948640153],[-94.95630586320358,29.229284546255368],[-94.9564211094721,29.228801140939055],[-94.95640276340144,29.228624898591494],[-94.95630873451827,29.228531341840903],[-94.95604618564514,29.228585582651927],[-94.95571812372893,29.229299687359287],[-94.95537869650647,29.22947510844956],[-94.95509134463465,29.229463310319584],[-94.95451640879332,29.22923117361198],[-94.95387221075957,29.228866864889355],[-94.95257217052394,29.228302651735135],[-94.95198465105968,29.228208002797064],[-94.95082570220785,29.22841987790345],[-94.94893975735656,29.22910828933869],[-94.94673713171021,29.228806025757354],[-94.94657472840842,29.228684584672436],[-94.94659402348448,29.22856938495811],[-94.94678188659911,29.228487413689944],[-94.94693206150473,29.228482045834074],[-94.9471630815755,29.22864200663353],[-94.9473008907004,29.228647832309395],[-94.94754603194133,29.22838437176336],[-94.9477965740616,29.2282587831784],[-94.94851609647911,29.228304367213465],[-94.94861080273415,29.228233112819666],[-94.94861735137212,29.22810672259328],[-94.94808682828172,29.227593799282577],[-94.94812665548203,29.227022052879057],[-94.94803367758016,29.2266811001339],[-94.94710959371169,29.226040606589834],[-94.94641077975291,29.22536816542557],[-94.946173140273,29.22522996418929],[-94.9455540519552,29.225063462459758],[-94.9452736063052,29.2248430363255],[-94.94515512063194,29.22460051396076],[-94.9451751643736,29.224320156125906],[-94.94478315882719,29.223587681966627],[-94.94346319893019,29.223122681073303],[-94.94324390085764,29.22334175145248],[-94.94294382618241,29.223242335443537],[-94.94241105809269,29.22337832980586],[-94.94231156310545,29.22334511304816],[-94.94230486664948,29.22326259565016],[-94.9430510330087,29.22306666212682],[-94.9433269624398,29.222814068310875],[-94.94358413925521,29.222726960148275],[-94.94372841881908,29.222501798350827],[-94.94387278483492,29.22250205998276],[-94.9441031467319,29.222628955944156],[-94.94438566089158,29.222552837375467],[-94.94580354459983,29.221461759748145],[-94.94616027534227,29.221330761467602],[-94.94708743692809,29.22124489540284],[-94.94738307628883,29.220657527761],[-94.94753383025586,29.22056444045028],[-94.9480842041447,29.220587763051352],[-94.94847345690883,29.220374408281856],[-94.94889967154195,29.22026508693669],[-94.94910630950616,29.22000179030415],[-94.94950091592526,29.21988190141049],[-94.94995884488186,29.219629652603203],[-94.95005302487317,29.219492632064135],[-94.9500471030838,29.219349591266962],[-94.94999126741655,29.219200747933353],[-94.94972869222326,29.219013386537355],[-94.95008691073073,29.21883838027619],[-94.95044170940545,29.21928992429292],[-94.95057874063873,29.219658819050885],[-94.95072196456427,29.21968104567531],[-94.95124243549475,29.21959990698937],[-94.95196972886058,29.2189636207085],[-94.95248930918696,29.219036293152687],[-94.95294678670395,29.21888347274027],[-94.9534928284821,29.218444742453055],[-94.95385546339274,29.218456797597096],[-94.95406881369435,29.2182760106227],[-94.95459519240212,29.218155999579796],[-94.95553926359094,29.218394300344784],[-94.95575782924345,29.218537581680888],[-94.95583915732877,29.21884611314857],[-94.95595764543778,29.2189671703593],[-94.95683372710967,29.21901857061687],[-94.95709594611512,29.219227934422516],[-94.95716300029281,29.219706500805405],[-94.95728245762793,29.21977837637308],[-94.95760820759929,29.219548102706405],[-94.9582341353808,29.2196429959559],[-94.95837837035701,29.219539023579035],[-94.95811050373239,29.21912063436622],[-94.95833653189972,29.218846573705807],[-94.95841083830337,29.21921488998614],[-94.95852255806655,29.219330499486457],[-94.9588604788384,29.219441391729085],[-94.9594052297051,29.21943707560129],[-94.96023844249892,29.21916415703666],[-94.9603821491154,29.219192242258284],[-94.96040626665895,29.219499802391987],[-94.9605443210374,29.219561051013542],[-94.96192954345099,29.219113042626002],[-94.96213692523666,29.218607130888337],[-94.96212891053756,29.217061992252905],[-94.96240447932584,29.216754613949774],[-94.96242460504247,29.216622927553836],[-94.96206234941968,29.216072354971953],[-94.96213189057636,29.215758849662954],[-94.96174459510868,29.215510459941548],[-94.96122596198646,29.21534427069775],[-94.96091265687745,29.215288792546264],[-94.95990412252361,29.21534689997914],[-94.95940198750763,29.214462796957203],[-94.95966304937129,29.214313000226007],[-94.96020180284569,29.214165811406342],[-94.96038402909947,29.21385817304566],[-94.96040395006214,29.21353376115],[-94.95928430338815,29.213140943400983],[-94.95898416841847,29.212876396713263],[-94.95866577361207,29.212721962949814],[-94.95859051027121,29.21258406557876],[-94.95900406216245,29.212551990784085],[-94.95914856121722,29.212200179995577],[-94.95898076318815,29.211864506764233],[-94.95873689395185,29.21164969627028],[-94.95888168966603,29.21147408987765],[-94.95896307418388,29.211463225404056],[-94.95898107072613,29.211661126105575],[-94.95911259086344,29.211727285543105],[-94.95945743728223,29.211612642403704],[-94.95951308591934,29.211689864907655],[-94.9592934025583,29.211887256662774],[-94.95933682569922,29.212321931565477],[-94.95922934395217,29.212580219312922],[-94.95933011801213,29.212558074285045],[-94.95981330305034,29.211998463329017],[-94.95986518879307,29.21140446561706],[-94.96013593852113,29.210552495125683],[-94.96017517711162,29.210173087973715],[-94.96013222380884,29.20974429664107],[-94.95990076547939,29.209501769719125],[-94.95996977080779,29.209441530781522],[-94.96065166098691,29.20971230647556],[-94.96065696529932,29.210140983402038],[-94.96073185308332,29.210240320943296],[-94.96076249802023,29.210542998193226],[-94.9619135432229,29.210737458777967],[-94.96231943953553,29.2109748665538],[-94.96253180828377,29.211283062219728],[-94.96286296682781,29.211569805419252],[-94.9632693400488,29.211691619187327],[-94.96322502312533,29.211850913978875],[-94.96328786759562,29.21189505315025],[-94.9642760828954,29.21214426083496],[-94.96549574605545,29.21269653822568],[-94.96583946963092,29.212983449089673],[-94.96617098023495,29.213127042705715],[-94.96675293999007,29.21322175168274],[-94.96744128495156,29.213459357641938],[-94.96787179265824,29.213889078906767],[-94.96860502828504,29.214077893707493],[-94.968786735634,29.21423076256052],[-94.96903622124411,29.214463918766466],[-94.96964278993698,29.214613620914513],[-94.97004341652921,29.214801595784667],[-94.97041244454624,29.214857205395745],[-94.97069521606126,29.214637851621298],[-94.97112788709562,29.21446299759336],[-94.97120957998703,29.214248408098975],[-94.97174305685989,29.213974635589615],[-94.97166160769146,29.21388055763274],[-94.97114177957624,29.213813480390932],[-94.97082932981917,29.21360422447373],[-94.97034797516808,29.213140834539313],[-94.97030522738427,29.21296603637464],[-94.97009877609504,29.212816048622372],[-94.96992889132883,29.21299170350057],[-94.96991573166973,29.21314019252199],[-94.97040226866238,29.21400469626705],[-94.97036402446496,29.21415324260434],[-94.97025834810177,29.21416383145846],[-94.97010811720376,29.214064605954242],[-94.9698021424034,29.213684237772075],[-94.96972866733348,29.213040529657057],[-94.96960440726149,29.212666350220847],[-94.9690229657587,29.21212050384542],[-94.96769774853706,29.211347949984063],[-94.96749743227691,29.21109427884598],[-94.96734349402719,29.210307302232184],[-94.96703025663861,29.209976875694895],[-94.96589910525229,29.209457725620688],[-94.96542923700065,29.209456611884843],[-94.96488394309713,29.20960974895268],[-94.96462692531169,29.209604007534423],[-94.96228738572782,29.209044009806465],[-94.96010506036552,29.20815984978107],[-94.95942306693189,29.208043226857896],[-94.9587364807874,29.20753033495564],[-94.95816867163231,29.206753043341298],[-94.9575400943615,29.205558292774366],[-94.95729384991976,29.204236987729217],[-94.95699470093237,29.203680653070098],[-94.95698352886835,29.20322938763179],[-94.95713530513217,29.2029491069118],[-94.95761125480048,29.202680016189934],[-94.95798774845336,29.202559748714307],[-94.95831219176155,29.202687266309773],[-94.9586119053314,29.20317236967028],[-94.9585983735947,29.20346401093662],[-94.95881360375257,29.20458173895856],[-94.95934363884182,29.20527012018179],[-94.95941030426702,29.20589221405458],[-94.96102009432653,29.207744044591568],[-94.96123886981951,29.207897979370493],[-94.96201442382016,29.20808643181575],[-94.96228288812227,29.20829602620517],[-94.96260843421133,29.208417698087985],[-94.96446678114307,29.208740051289077],[-94.96504789904594,29.209093175986748],[-94.96527341735843,29.209131734394173],[-94.96650696631141,29.209035187904743],[-94.9669449430645,29.209289348210266],[-94.96745709342521,29.209763253032342],[-94.96779997228502,29.210385679419854],[-94.96798659605525,29.210919264377385],[-94.96856228429095,29.211074621746253],[-94.96937499145085,29.211653736360212],[-94.97067002856173,29.212388258224575],[-94.97101991331061,29.212708085180683],[-94.97135112484106,29.212796591150394],[-94.97161495284985,29.21260987898235],[-94.97187167085836,29.212560876217488],[-94.97214708011694,29.212605524833993],[-94.97232262830103,29.212518197896912],[-94.97241111574938,29.212292865213865],[-94.97254231224358,29.21238100161332],[-94.97261725131335,29.212662051790595],[-94.97297278121307,29.213146587703008],[-94.97338598706845,29.21325795057266],[-94.97426336820388,29.213298271127645],[-94.97527260145316,29.212866153285415],[-94.97553062464154,29.212624464667318],[-94.97566237827525,29.21236642534248],[-94.9756754544255,29.212234458243078],[-94.97546282085071,29.212173723616164],[-94.97528082730577,29.212249786755226],[-94.97486660839205,29.212645275561236],[-94.97449741719355,29.21277136268061],[-94.97451044650131,29.212127345913967],[-94.97494899136623,29.21205112890182],[-94.97544470066693,29.21187084624989],[-94.97574532268393,29.212020429951973],[-94.9759516418603,29.212020689830815],[-94.97684306261775,29.211681960461085],[-94.97694950121564,29.21154989574667],[-94.97680611410905,29.211439607003317],[-94.97657459558948,29.21133475739447],[-94.97612454510592,29.210827191935817],[-94.97569929119106,29.210584230321874],[-94.97476632307172,29.210329044521117],[-94.97455924318788,29.21019108407674],[-94.97415885889474,29.210074727159437],[-94.97337637915166,29.209913255531006],[-94.97160598174125,29.208858768381113],[-94.97106781922746,29.208675999890545],[-94.96984772136841,29.208101390079822],[-94.96917830302581,29.207984307623175],[-94.96772717873345,29.20712896444735],[-94.96608211877525,29.20645998427729],[-94.96561351867982,29.206404196358196],[-94.9650189169842,29.20602335821175],[-94.9640934431759,29.205669628832606],[-94.96376191120619,29.205603094323326],[-94.9632997986202,29.205178633490306],[-94.96307432642881,29.20526087215077],[-94.96291201067622,29.20518353294184],[-94.96216312107676,29.204433811493974],[-94.96226955245615,29.204241541571886],[-94.96223290143074,29.20413099942966],[-94.96206385396277,29.20397112190398],[-94.96192665303458,29.203954653143445],[-94.96164584595871,29.203513664590087],[-94.96121493110927,29.203199190814846],[-94.9611348688062,29.202896606814125],[-94.96134128123578,29.20274273523132],[-94.96151644349183,29.20287529847259],[-94.96192778638198,29.203553110660245],[-94.96265190612782,29.204220281228082],[-94.96265788055128,29.204423539125255],[-94.96298119789105,29.204952614674053],[-94.96337618354278,29.204914964039183],[-94.96377003843098,29.205020111694367],[-94.96405687162098,29.205405591455847],[-94.96515756406527,29.205814815301746],[-94.96582019412575,29.20618459752964],[-94.96613348133162,29.20624004993053],[-94.96654547545432,29.206450182964677],[-94.96681511685462,29.206500120861243],[-94.96750235638713,29.206864333089708],[-94.96820354813288,29.207140996570338],[-94.96928613971053,29.20750608943856],[-94.97031205101199,29.207723036082363],[-94.97085027652864,29.208026602424233],[-94.9718017799192,29.208347574912427],[-94.97291516132648,29.20899883042623],[-94.97411003142568,29.209469519055595],[-94.97436639740644,29.20964041458128],[-94.97507378568646,29.209873221401125],[-94.97600754559045,29.20993055126404],[-94.97624513969029,29.210085205413797],[-94.97654066739892,29.210592473093154],[-94.97690185933824,29.21076887564335],[-94.9770701262636,29.21092905244727],[-94.97752137855203,29.2110178277171],[-94.9787444801332,29.210834348691108],[-94.97915218884756,29.21068671919886],[-94.97972285734457,29.210589216899773],[-94.9801619222201,29.210243902655282],[-94.98115389296984,29.20999343480344],[-94.98154881929695,29.209758211547502],[-94.98164416120105,29.20952178178059],[-94.98149335543727,29.209372984985713],[-94.98092889110129,29.20942634030148],[-94.98072854023349,29.20937090519847],[-94.97960230594184,29.208663819066206],[-94.97828761709738,29.20808244672797],[-94.97724089753677,29.207964209444384],[-94.97727790453615,29.20819003937745],[-94.97719632891842,29.208387787307075],[-94.97707083475285,29.208448190658665],[-94.97631893386949,29.20836366614151],[-94.97549208243544,29.208119582669973],[-94.97525444514056,29.208179328883976],[-94.97554816019945,29.208356156466017],[-94.97618014887018,29.20854468431938],[-94.9761929785994,29.208676646129273],[-94.97557214612863,29.208636539307857],[-94.97514082188768,29.208344123390013],[-94.97502209783737,29.208349394263067],[-94.9749530108055,29.208426493512892],[-94.9750464805243,29.20859160077693],[-94.9750085709761,29.208657561560997],[-94.97486439301441,29.20868452878576],[-94.97416896883874,29.208462849631356],[-94.97414428832842,29.208363454454954],[-94.9742699492838,29.208254186334177],[-94.97469635634268,29.208200195579977],[-94.9747968852416,29.207908928261258],[-94.97537454828395,29.207827567580573],[-94.97550565742391,29.207734324029147],[-94.97547523594494,29.207624370534656],[-94.97539377042872,29.207530645511238],[-94.97499347082774,29.207397768908372],[-94.97469812233709,29.207633129420486],[-94.97440328272975,29.207737421195677],[-94.97422040646576,29.208088756265784],[-94.97410782024947,29.20812730683643],[-94.97318092116268,29.207800417926563],[-94.97299363957862,29.207552779487802],[-94.97316024458401,29.20739312443565],[-94.9727252122499,29.20740310361465],[-94.9726936690261,29.207315122661466],[-94.97267004006768,29.206814492310603],[-94.9728901770855,29.206622596593196],[-94.97253310687032,29.206533749275067],[-94.97218918384954,29.206356986589952],[-94.97202665168754,29.206208063576536],[-94.97200872579046,29.20591655704454],[-94.97215951666813,29.205867473067723],[-94.97286611408674,29.206039370335322],[-94.9731034163332,29.20645796460498],[-94.9730203947162,29.207079284207513],[-94.97312024156838,29.20709046614782],[-94.97335319026077,29.20689322078731],[-94.97380998256013,29.207026299882692],[-94.97443705941106,29.20674730529315],[-94.97436846592913,29.20657113968199],[-94.97399332938281,29.206421686403797],[-94.9738871700567,29.20628946296903],[-94.97421940369814,29.20605348239329],[-94.97444607445544,29.20573486419754],[-94.97457123417178,29.20575702913489],[-94.97462774047135,29.20587835541869],[-94.97457587356674,29.206428278028525],[-94.97475670885814,29.206709397322268],[-94.97473800987257,29.206813610147652],[-94.97487533081328,29.20679771392088],[-94.97504531932962,29.206528466557483],[-94.97518353945448,29.20647958241214],[-94.97520293690994,29.206149272536646],[-94.97453615719279,29.20497617711387],[-94.97402753641974,29.2051948295035],[-94.97370880306852,29.20500151939185],[-94.97356441134372,29.205017815090507],[-94.97335723062643,29.205308641733012],[-94.97320019470527,29.205341635244523],[-94.97263660191061,29.205180597556044],[-94.97211063860946,29.205217882820396],[-94.97138485925053,29.20494681052656],[-94.97140445809818,29.204688447131023],[-94.97126709392141,29.204583525357517],[-94.97129180304384,29.20448437636799],[-94.97153012249126,29.204517925870505],[-94.97155151290535,29.20369249756593],[-94.97131317218428,29.203857162622846],[-94.97102487475418,29.203895280636175],[-94.97079804904736,29.204125801533294],[-94.97066096188195,29.204015383888592],[-94.97044839786231,29.20375642746307],[-94.97033118571768,29.203062806538075],[-94.970056722924,29.20278726846587],[-94.96966837828062,29.20280317155663],[-94.96950606245326,29.20272582025935],[-94.96952537047517,29.202549370677783],[-94.96933846708124,29.202279716891383],[-94.96906901555987,29.202317539390673],[-94.96882494579917,29.202152282907484],[-94.96889395259147,29.202031134566887],[-94.96902546646997,29.2020972834714],[-94.96911308422845,29.202026085600075],[-94.96900100400556,29.201811023177967],[-94.96912098669638,29.201492300361966],[-94.96911566083713,29.201261159863655],[-94.96880760952297,29.201530091546022],[-94.96863343243581,29.201348345777266],[-94.96838210941719,29.201490815823252],[-94.96825752701046,29.201397080283463],[-94.96828956270332,29.201232148808295],[-94.96852761896194,29.201072977652522],[-94.96924794813377,29.201008325285567],[-94.97043862021036,29.200554199130856],[-94.97124643862567,29.20057249078995],[-94.97170382460445,29.20073861836044],[-94.97178450447485,29.200832342217463],[-94.97175896259088,29.201008220919597],[-94.97147082379563,29.201073856058176],[-94.97129610942723,29.200962998513308],[-94.97140865414461,29.20086456959658],[-94.97130883305813,29.200792468219344],[-94.9704129423185,29.200763088613424],[-94.9701626829742,29.200839543929884],[-94.96994869151405,29.20118618828568],[-94.96973507799383,29.201312263185677],[-94.96964720626391,29.20164738980399],[-94.96953976978891,29.201768395863013],[-94.96957049238145,29.201994006273395],[-94.96969237031558,29.2021356469228],[-94.96979551429254,29.202148504330733],[-94.9697945941676,29.202561444744404],[-94.970270291656,29.202600974150933],[-94.97058271387503,29.20281021025123],[-94.97067440313997,29.20360296112473],[-94.9707559419713,29.20374074855287],[-94.97128814127076,29.203582243660996],[-94.97170875617284,29.20327510089968],[-94.97190336965323,29.203319310755635],[-94.9719904727873,29.20344079964802],[-94.9719461809675,29.203600111021796],[-94.9720023436382,29.20374307794215],[-94.97223996771969,29.203881222742716],[-94.97227707950395,29.204013474145512],[-94.97198888208831,29.20409529670436],[-94.97190057223501,29.20421050477665],[-94.97181832936849,29.204436104651773],[-94.97191791550505,29.20477179065206],[-94.97254347452724,29.20499347044555],[-94.97263182881369,29.204740602404154],[-94.97293976641845,29.204367032420063],[-94.97310961042697,29.204329034487685],[-94.97330360074994,29.204400755120375],[-94.97377198478178,29.204704277048197],[-94.97420584665267,29.20441417008064],[-94.97498333490837,29.204047198795372],[-94.97528379930972,29.2040315859648],[-94.97573464262918,29.204142728146653],[-94.97586619939837,29.204329993307095],[-94.97582173064384,29.204462098373938],[-94.97553964106251,29.20465395040864],[-94.97563251555998,29.204769808351525],[-94.97610948878739,29.204693750218677],[-94.97659107385218,29.204832262642775],[-94.97655415381509,29.20465048546536],[-94.9761539119995,29.20430320445815],[-94.975842594133,29.20369171843994],[-94.97503626329683,29.2030351174365],[-94.97498707636898,29.202589238673326],[-94.97489297176342,29.20245163715966],[-94.97453597167981,29.202544515100243],[-94.97447988456383,29.202643121740007],[-94.97451010203449,29.20280295313707],[-94.97500423699933,29.20320007820771],[-94.97491583931394,29.203469464229286],[-94.97452067187365,29.203694001867618],[-94.97409500307224,29.203687776074823],[-94.97381445828921,29.20310399707021],[-94.97386504491178,29.202806964156007],[-94.97417236941436,29.202658783135014],[-94.97416025969487,29.202543361473634],[-94.97359082385726,29.20240480875117],[-94.97319651471436,29.20215616919061],[-94.9728331899035,29.20206707404456],[-94.97176266435704,29.202031827125502],[-94.97141734432996,29.202080408527856],[-94.97090405961985,29.202283011782743],[-94.9706597590469,29.20218317001422],[-94.97062870473471,29.202040146263656],[-94.97066735444774,29.20179252639272],[-94.97076751476187,29.201721467501294],[-94.97075548396164,29.201589536892495],[-94.97026660552211,29.20157736767264],[-94.97019199809561,29.201472541180994],[-94.97028631587276,29.201362363353805],[-94.97049293693628,29.201280747570905],[-94.97152711794891,29.201183805100854],[-94.9723966200261,29.201466445483447],[-94.9723335337085,29.201548929409793],[-94.97115641970571,29.201496699986755],[-94.97112348469848,29.20201367469767],[-94.97166266032878,29.201871964195224],[-94.97203823831333,29.201966353229835],[-94.97257128352757,29.201791358597983],[-94.97305993066742,29.201731943289843],[-94.97331705049628,29.20176588466726],[-94.97363019466526,29.201656486088293],[-94.97397488097218,29.201635060315127],[-94.97420618991302,29.20165215248616],[-94.97459413585669,29.20185683122837],[-94.9748445844736,29.201868473288627],[-94.97542774147401,29.20171023876594],[-94.97595406313108,29.201771721559254],[-94.9767239644039,29.202054504181955],[-94.9770178637631,29.202242368835186],[-94.97721274839512,29.201824401194845],[-94.97755203032791,29.201649267291096],[-94.97759608017263,29.20155568839426],[-94.97753393420153,29.20146753492778],[-94.97716411603291,29.201306958921933],[-94.97695262647827,29.20076757311245],[-94.9766591876156,29.200464104093474],[-94.97664630768885,29.200348659215354],[-94.9756386276803,29.20009841569661],[-94.9752827333163,29.199850301451242],[-94.97462490220194,29.199600849025167],[-94.97316868584008,29.1986786036932],[-94.9727553360164,29.19847947813854],[-94.97182300648417,29.198229798494527],[-94.97169143776155,29.198240392424964],[-94.97167856181682,29.19852069562833],[-94.97131521580053,29.198432296860783],[-94.97000598676816,29.198539307308153],[-94.96951817133538,29.198400528069236],[-94.96867417616538,29.197958505916706],[-94.96697781728177,29.197723881089225],[-94.96668410195205,29.19762410513848],[-94.96635292171277,29.197353538690287],[-94.96624037123864,29.197193854059453],[-94.9662471197143,29.197078155357566],[-94.96642307553087,29.196951953116624],[-94.96738634466026,29.19717984550765],[-94.96827542953768,29.19720382231198],[-94.96886942400589,29.19745831678001],[-94.97003281772153,29.198110203447026],[-94.97024487630341,29.198165770219113],[-94.97045731994392,29.198198969354568],[-94.97165473206086,29.19794849221133],[-94.97203634874015,29.197971561962614],[-94.97418292903308,29.198526820489786],[-94.97484579324225,29.19889140923903],[-94.97538518979584,29.1988818267097],[-94.97598542991038,29.199092506002746],[-94.9762737499557,29.199296655993226],[-94.9764288107984,29.199819695611765],[-94.97673536919068,29.199914100521912],[-94.97682837839895,29.200194803358755],[-94.97709222408614,29.20025070500279],[-94.97716491501937,29.200971459180177],[-94.97740872501174,29.201324579488197],[-94.97778397300456,29.201440962882298],[-94.97778416120217,29.201589629675258],[-94.97748254982639,29.201962758721166],[-94.97749470878239,29.202122231101992],[-94.9775818648332,29.20216664551252],[-94.97795180041082,29.20203574954005],[-94.97827793349629,29.202146412544952],[-94.97826437015118,29.202272853729358],[-94.9778003726826,29.202447870124022],[-94.97763067293583,29.202650720456603],[-94.97737991657559,29.20278254854186],[-94.9772857210877,29.202737875543114],[-94.97732968032624,29.202661148807774],[-94.97767528253014,29.20234826690685],[-94.9775753554498,29.202293035956092],[-94.97719876343923,29.202446373001997],[-94.9771048777638,29.202517685630262],[-94.97709205744877,29.202720898338594],[-94.97694123657227,29.202907626896852],[-94.97697827825054,29.202995817683135],[-94.97798734830494,29.202899209720417],[-94.97814380395506,29.202938455854863],[-94.97778047227904,29.203108157486174],[-94.97791740865387,29.203191009700298],[-94.97916333562603,29.203568026713192],[-94.97989669619362,29.20370755068795],[-94.97999737095887,29.20370259266063],[-94.98002252197237,29.203625463849566],[-94.97965884952974,29.20348165747629],[-94.97964042762042,29.203382511762275],[-94.97989852733154,29.203108154342182],[-94.98007373114136,29.20304212688432],[-94.98023656924144,29.20304822848669],[-94.98034320262255,29.20312576826287],[-94.98046812280555,29.20333512029099],[-94.98049199253089,29.20358798641031],[-94.98065507657014,29.203665684072],[-94.98139544622033,29.203348803576493],[-94.98171602418516,29.203140582659866],[-94.98177889551299,29.203047045938273],[-94.98175358839703,29.202898423549936],[-94.98132874503055,29.2024954745249],[-94.98122866617895,29.202214818739026],[-94.98121719028532,29.201873677967352],[-94.98069788150407,29.20143188243706],[-94.98012841763577,29.201111283521513],[-94.9798035396735,29.20074739209974],[-94.97949771137456,29.200075229026407],[-94.97791032261017,29.19846989659975],[-94.97650176951808,29.197976657881547],[-94.97581327407863,29.19788120692703],[-94.97300868755661,29.19718663762933],[-94.97262112090378,29.197020518583397],[-94.97241490486657,29.196805846322437],[-94.97217752281229,29.19667839999595],[-94.97202170110835,29.19635353242899],[-94.97151498879118,29.196170656483215],[-94.97064763376392,29.19511723853161],[-94.96985349187185,29.194636953242615],[-94.96976662513138,29.19446591684334],[-94.96981040304443,29.194240519403078],[-94.96996127228527,29.19411400482635],[-94.97017386658088,29.194098026972082],[-94.97060027124218,29.1942257694855],[-94.97188050320847,29.19519748514775],[-94.97258650439983,29.19588142820097],[-94.97276799999935,29.195997384827596],[-94.97334984714483,29.196152960284994],[-94.97351198672175,29.196400983683024],[-94.97403743253017,29.19673809944391],[-94.97473218343409,29.196970760340832],[-94.97590308070325,29.197188591663387],[-94.97655386716058,29.197239523209504],[-94.97656638725297,29.19731641065826],[-94.97687258079614,29.197432825578513],[-94.97732261944516,29.197802720047175],[-94.97773742535102,29.197501186556384],[-94.97786234272299,29.197512326659044],[-94.9784880364736,29.197959384129746],[-94.97884481428348,29.19811463546921],[-94.97900123074278,29.198092946820122],[-94.9789649961177,29.197471374077278],[-94.97926682016742,29.197246249618903],[-94.9795102168407,29.197180868397012],[-94.97942948919126,29.196905452048874],[-94.97948104186878,29.1963610038346],[-94.97926893781137,29.195925547718122],[-94.97868820047972,29.195153672575298],[-94.97842650329872,29.194630201889783],[-94.97787663787334,29.19418856608664],[-94.97765315730163,29.193318682882538],[-94.97775918523357,29.19328572724777],[-94.97922143265887,29.195050246495782],[-94.97943324116567,29.19549155494955],[-94.97971293968659,29.196427678750435],[-94.97973001023375,29.197132095233087],[-94.97956031579709,29.19753318921599],[-94.97924666152954,29.19771414737376],[-94.97952777314576,29.197830263626148],[-94.97952716207209,29.198116558922738],[-94.97928928031747,29.19804414734229],[-94.97924559062112,29.19811570938096],[-94.97965770542436,29.198689195984283],[-94.97978219409832,29.199074411578792],[-94.9800138566222,29.19926769713922],[-94.9804126827715,29.2002976578936],[-94.98114966781841,29.20103681447078],[-94.98137498070594,29.20144492972929],[-94.981750006953,29.201885838507316],[-94.98187508642825,29.201985409590524],[-94.98233893605054,29.201981077147853],[-94.98245856951696,29.201805503138125],[-94.9825155038365,29.201354533580272],[-94.98286055529125,29.201173757301422],[-94.98300530947657,29.201196008686566],[-94.98306694439876,29.201278632889117],[-94.98275839967523,29.201954667394823],[-94.98351055661975,29.201956924233734],[-94.98394327356395,29.201886655892217],[-94.9840382034734,29.20174932672211],[-94.98404513703697,29.201446763436792],[-94.98400746267222,29.201325162079577],[-94.98360599291519,29.201428672351717],[-94.98360658185221,29.201142727275716],[-94.98353187318273,29.20099385606172],[-94.98361350273468,29.20077958909313],[-94.98370736491133,29.20070829854803],[-94.98503736028383,29.200442276288634],[-94.98571088642304,29.20041604499934],[-94.98677951402564,29.200672638795123],[-94.98723565754317,29.200894079328766],[-94.98738652163281,29.200889036792855],[-94.98745598012,29.200773733731133],[-94.987293304212,29.200520222726553],[-94.98739351759342,29.20043229083546],[-94.98786337989759,29.20035658981567],[-94.98802674575398,29.200428803544128],[-94.98908597226989,29.200470005135326],[-94.98973790800356,29.200026043363966],[-94.98992626510254,29.199993236351084],[-94.99033342757089,29.20031355923996],[-94.99068421189365,29.200463363534585],[-94.99110367689879,29.20043657556971],[-94.99149271669572,29.20030020903147],[-94.99208883550871,29.199888779301276],[-94.9924704033,29.19985156882705],[-94.99327314593609,29.19955601496504],[-94.99346740541739,29.19901137413938],[-94.9937562761685,29.19874780840118],[-94.99420091932281,29.19849043221922],[-94.99430839998396,29.197802279004364],[-94.99422085128866,29.19758237415943],[-94.99431425221309,29.19750518027807],[-94.99470329455859,29.197566666830014],[-94.99490926790394,29.197985712517394],[-94.99501594129252,29.19784813806913],[-94.99496014263181,29.197193115364065],[-94.99481698294976,29.196680896919307],[-94.99498562232432,29.196482808709924],[-94.99559362480862,29.19643489295372],[-94.99576852264738,29.196374366418656],[-94.99593230402978,29.196209452145197],[-94.99598215426771,29.195879671791225],[-94.99620130037121,29.195522523882005],[-94.9961393807809,29.195307411612152],[-94.99583277855953,29.19515282924739],[-94.99559370903413,29.19531750816325],[-94.99575056864846,29.195807209788033],[-94.99570003639705,29.196027515539015],[-94.99446600166128,29.196107470062806],[-94.99408410576449,29.19567734203673],[-94.99384052910885,29.195181127513596],[-94.99387251987768,29.19501618311275],[-94.99424214899656,29.194890715251567],[-94.99416709225152,29.194763538305164],[-94.99389784432908,29.194752195729098],[-94.99318954868221,29.195179838759742],[-94.99305182294613,29.19537192657596],[-94.99305793920988,29.19548227674381],[-94.99328931050829,29.19562013410058],[-94.99323875506693,29.195917179552474],[-94.99382738374058,29.19635375997235],[-94.99382760419645,29.196502426751586],[-94.99370793321381,29.19669454755335],[-94.99343243405218,29.19668263364701],[-94.99323798675948,29.196528334289027],[-94.9931003834214,29.196274769427063],[-94.99305056550448,29.195900456478206],[-94.99278833475415,29.19556935326242],[-94.99265129251805,29.19469397081286],[-94.99264539403023,29.194594971830576],[-94.99316539321866,29.194458602572798],[-94.99320315230179,29.194365121600924],[-94.99267188212666,29.193896048172626],[-94.9925207343443,29.19424247085022],[-94.9924203688755,29.194302876477465],[-94.9921387530698,29.19418092589318],[-94.9921891013604,29.193872839934578],[-94.99240218930059,29.193664116984998],[-94.99288448351605,29.193406500739165],[-94.99286025513996,29.19331297850749],[-94.99250293322338,29.193367328604367],[-94.99236560922613,29.19324593434814],[-94.99244730128396,29.193014817159114],[-94.99282276205426,29.192928127031312],[-94.99306656833109,29.19309881105264],[-94.99317957682806,29.193280870469575],[-94.99331123323306,29.19323720081059],[-94.99331792701336,29.192923610628448],[-94.99356847670869,29.192825119074463],[-94.99359301680823,29.193111373915578],[-94.99373682344054,29.193106045389587],[-94.99376844761,29.192902543969016],[-94.99425719104785,29.19273292434622],[-94.99432586742608,29.19261760818154],[-94.99426350114716,29.19251844269468],[-94.99391354683505,29.19249015212204],[-94.993493099222,29.192582610639842],[-94.99311721319911,29.192570520141782],[-94.99264862436601,29.192256050918797],[-94.9919467221891,29.192315022914855],[-94.99161551328886,29.192028336018865],[-94.991566089606,29.191769301796587],[-94.99114017829764,29.191509517360497],[-94.9906334747041,29.19138727235272],[-94.98988145515528,29.191429466759114],[-94.98954322983477,29.191555110613088],[-94.98944335934331,29.191621011939944],[-94.98938654022655,29.191917801112673],[-94.98906079478385,29.19198339090042],[-94.98896626437288,29.191961068128897],[-94.98896062863535,29.19185657321216],[-94.98916725954405,29.191834801160883],[-94.98922348157417,29.191763381028405],[-94.98899923864622,29.19141073612604],[-94.98872949210572,29.19133295190698],[-94.98857915250888,29.19140409638793],[-94.9883291650098,29.1913539284534],[-94.98814102535594,29.191397773816334],[-94.98819663998252,29.19155172275014],[-94.98845354535385,29.191635180654046],[-94.98841603238446,29.191800276961583],[-94.98831567582191,29.19179975450978],[-94.98809047804657,29.191557178549807],[-94.98800936842338,29.191303778382768],[-94.98809756827234,29.191205061104412],[-94.98903750715844,29.19091016866296],[-94.98913769145584,29.190822579160123],[-94.98910031255704,29.19075640369167],[-94.98883031279391,29.19074433878502],[-94.9886308321538,29.190611884798255],[-94.9885244624395,29.190606292950086],[-94.98834764187086,29.190780661324773],[-94.98817381972405,29.19042380169309],[-94.98830526465619,29.190369109880045],[-94.98843720296868,29.190457610034773],[-94.98855635990236,29.19025998189436],[-94.98952692064674,29.190223350402697],[-94.98994581396296,29.190466723163258],[-94.99008997919039,29.190439381809313],[-94.99057269803804,29.189989759658513],[-94.99104273663089,29.189787409015516],[-94.99228305258055,29.189690890737186],[-94.99372973999627,29.18934750244153],[-94.9939735443818,29.189207104173352],[-94.99526550752425,29.18853719822141],[-94.99589224369406,29.188092917481814],[-94.99845984506572,29.187410739738844],[-94.99896691049334,29.187357117608908],[-94.99914834710137,29.187214591611966],[-94.99808507757103,29.18702531949305],[-94.99692686794259,29.187066647718044],[-94.99565646555037,29.186772458773817],[-94.99538099781367,29.186821467238886],[-94.99447379593148,29.186709207950006],[-94.99402912843593,29.18678489364042],[-94.99354782155882,29.186382522562493],[-94.99235847527666,29.18622057338057],[-94.99180121299585,29.186411536462074],[-94.99063517226993,29.187200638072994],[-94.98994551159618,29.187556385415924],[-94.98929370275674,29.187725015190153],[-94.98851738501091,29.18776727151087],[-94.98719005372155,29.187604288209553],[-94.98617619833591,29.18735423219316],[-94.9849806816165,29.187175093224695],[-94.98417351122626,29.18668854706936],[-94.98369278499403,29.186153648540373],[-94.9836552571503,29.185922268430843],[-94.98445694676029,29.185935791584793],[-94.98495011390268,29.186503514254202],[-94.98749103660585,29.187302675233408],[-94.98963866125533,29.187407283476592],[-94.99052879041245,29.186996834708875],[-94.99122443640749,29.18650883770673],[-94.99153251733054,29.18613008093015],[-94.992384597784,29.1857418743304],[-94.99250958653737,29.18573683604458],[-94.99308484406663,29.18603523298958],[-94.99329776155014,29.186073926124564],[-94.99340432282594,29.18603031105581],[-94.99368735561339,29.185711807727436],[-94.99401935601198,29.185492999786465],[-94.99385613200818,29.185448687322662],[-94.99341838741512,29.185557680767054],[-94.99262916187456,29.185500685807035],[-94.99220357854036,29.185570911255244],[-94.99199065124215,29.185471641974004],[-94.99192901108994,29.185114068882026],[-94.99202904118674,29.18499861072912],[-94.99269330360421,29.184923347998335],[-94.99354550994624,29.184578837015234],[-94.99374567607063,29.18459054808654],[-94.99393338471647,29.184722879653588],[-94.99402701986706,29.184915494198094],[-94.9942950172367,29.185180061057544],[-94.99426936737822,29.185466045090344],[-94.99394899610147,29.185992979598545],[-94.99403006388401,29.186262533706167],[-94.99434887601646,29.186423130377406],[-94.99635228976047,29.18664750594677],[-94.99684645150609,29.18655518423778],[-94.99859880108147,29.186597555452504],[-94.99943083972936,29.18689055539306],[-94.99961850115099,29.186902107429912],[-94.99938110293756,29.18656063614502],[-94.99926915656104,29.18621965755689],[-94.99913828902314,29.186202446110805],[-94.99901248347129,29.186284908528673],[-94.99893207123512,29.186185707591854],[-94.99907677154879,29.18573473327042],[-94.9992083973954,29.185553728556208],[-94.99936474204983,29.185548538128646],[-94.99944586211427,29.18587869831815],[-94.99993951982243,29.18591815344237],[-95.00021328066944,29.18670438045531],[-95.00034343709713,29.18689766757785],[-95.0002132799444,29.18698653231253],[-95.00021327650192,29.187135471494457],[-95.0005017615217,29.187160988675842],[-95.0008199867773,29.18696603203018],[-95.00113303265496,29.186980451992515],[-95.00182036879252,29.186700964388976],[-95.00047625756615,29.18621915927111],[-95.00021328408792,29.185933943329598],[-95.00061213907316,29.18597023854731],[-95.00066762153887,29.18582135565503],[-95.00040833939556,29.185508968848712],[-95.00021327172819,29.185438148625696],[-95.0003347969335,29.1851536360971],[-95.00021327605603,29.185118899935052],[-94.99952234258389,29.184999018613052],[-94.99895343987508,29.18480543524596],[-94.99884692255564,29.184909609580046],[-94.99880800542653,29.185316630453386],[-94.99870099015028,29.18555302031432],[-94.99852527188634,29.185706439305072],[-94.99738674575939,29.185593689896844],[-94.99667926161918,29.185823498066014],[-94.99642249549372,29.185844677726028],[-94.99632895590929,29.18561936276146],[-94.9968050213566,29.185466434190168],[-94.99740540179018,29.18542890029096],[-94.99783217846566,29.185105755554574],[-94.9982642633692,29.184968869401725],[-94.99822721657877,29.184881002351666],[-94.99806486185676,29.184743105769098],[-94.99758317988984,29.184577166638583],[-94.99711920105597,29.184785092308474],[-94.99638074865861,29.184777946333046],[-94.99622441627945,29.18464547467937],[-94.9958056204514,29.184507106987766],[-94.99516696269576,29.184588201624138],[-94.99501713928775,29.18438990576584],[-94.99506147610961,29.18427466044198],[-94.99595620205785,29.184293494546903],[-94.99691968220374,29.184592406773575],[-94.99788456453258,29.184236453727745],[-94.99839731615316,29.184270922299618],[-94.99869192968195,29.18419999931214],[-94.99884217183182,29.184008167491132],[-94.99918144069565,29.183525783015178],[-94.99898865900501,29.18320121435894],[-94.9990512307896,29.183036149078937],[-94.99896438674293,29.18277165671949],[-94.9987325363454,29.18262783718316],[-94.99868977326035,29.182528484702424],[-94.99874611023071,29.18234689610465],[-94.99889049670566,29.182253150967878],[-94.99849671054717,29.181855845019676],[-94.9983843450927,29.181844545806477],[-94.99814614553799,29.182147911246684],[-94.99788264023366,29.18222484466691],[-94.99738229412989,29.182087253127484],[-94.99735764554484,29.181971312815914],[-94.99753419752791,29.181507324574607],[-94.99747942680261,29.18106011957083],[-94.9977079041935,29.181054435590408],[-94.99842960916617,29.18148031749616],[-94.99869804254483,29.181552413496494],[-94.99872853736491,29.181938746352238],[-94.99927246543247,29.18216050661555],[-94.9991470910348,29.18241914556598],[-94.99942673139998,29.18314651897656],[-95.00021327337947,29.183079576087504],[-95.00070254642912,29.183104230172532],[-95.0016338264048,29.182882131820907],[-95.00188498326705,29.182924315640957],[-95.00235770833001,29.183296410402157],[-95.00301715922085,29.183498182844758],[-95.00306510117811,29.183204749865983],[-95.00295104136866,29.182690836117036],[-95.00198616228742,29.182235914298257],[-95.00091065963736,29.18091887758584],[-95.00021326246076,29.180218178091216],[-94.99985429841861,29.179967638727444],[-94.99869097373485,29.17949856533197],[-94.99842296655457,29.179311051399548],[-94.99790506493243,29.17884424216363],[-94.99766148268131,29.17854891895433],[-94.99759985337136,29.17833502446601],[-94.99763774103876,29.17826941581632],[-94.99796895378414,29.178264258609403],[-94.9981821653543,29.178143975035194],[-94.99883104975373,29.17896384888913],[-94.99916213375899,29.17920645606303],[-95.00021326040866,29.179520525943946],[-95.00030904955331,29.179520852284245],[-95.00082752798018,29.179879982390165],[-95.00169499144441,29.181038398079444],[-95.00257159875228,29.181846074534366],[-95.00337035080084,29.182191185843536],[-95.00351032282975,29.18250519146653],[-95.0038879412859,29.182742380980578],[-95.00448389866594,29.182778083786932],[-95.00446276956252,29.1825300147643],[-95.00468227468043,29.18259528137953],[-95.00479179079731,29.182908497219955],[-95.00524321222916,29.18302123819641],[-95.0054146351149,29.183272879991076],[-95.00554620306688,29.183338077284766],[-95.00557956195938,29.183591053835556],[-95.0054720803473,29.183437615184694],[-95.00540409234856,29.183586591572617],[-95.00545509187414,29.183663237256667],[-95.0061834110866,29.183873304127935],[-95.00633095548577,29.18419741261398],[-95.00661308057128,29.184267037299993],[-95.00688825815331,29.184210092354903],[-95.00737552461426,29.184025232365457],[-95.00837303427375,29.183417918051294],[-95.00851854763538,29.18350521106934],[-95.0087725198975,29.183872397046194],[-95.00863050782482,29.184121125075485],[-95.00805476643633,29.18426844100629],[-95.00805763814122,29.184571380130112],[-95.0077187408767,29.18524038802073],[-95.00781629026338,29.185597638975654],[-95.00826658251546,29.186173183736596],[-95.00866325508447,29.186329881213766],[-95.00920939814421,29.186419869733665],[-95.01119344176044,29.18649450710261],[-95.01220229485271,29.18632256575625],[-95.0129653799491,29.18600365377381],[-95.01313939069361,29.185820897536846],[-95.01339005482568,29.185758499613435],[-95.01324302529495,29.18558305604102],[-95.01326712777112,29.185412305940897],[-95.01376448123703,29.184918454931108],[-95.01364359499529,29.184770896758312],[-95.01301283772271,29.184460822860924],[-95.01220877700503,29.184449836828904],[-95.01180539657527,29.18428188110957],[-95.01120030102898,29.183906047761173],[-95.01082168824873,29.183054945381844],[-95.01086711988614,29.18255329695807],[-95.01051185946636,29.182059960147324],[-95.01029059782718,29.18190189217108],[-95.00991930096899,29.181716597382067],[-95.00911017452856,29.181656518201198],[-95.00850353563509,29.181737405678053],[-95.00838352544837,29.181644985354932],[-95.00883877930853,29.181454571054314],[-95.00893191636705,29.181289267762285],[-95.00852829659128,29.181007110090057],[-95.00846979642515,29.18077081152024],[-95.00890769016544,29.18067419669298],[-95.00918979041978,29.180694322472444],[-95.00925769719255,29.18057850834189],[-95.00906515735433,29.18003456409807],[-95.00895118332348,29.17979003006738],[-95.00876161140361,29.179616676187024],[-95.0079362940058,29.179065885650797],[-95.00763459180028,29.17894080306204],[-95.00738232088806,29.178690561387654],[-95.00722319799291,29.178372275089995],[-95.00740921702928,29.17814148568837],[-95.00779052728957,29.178119591579765],[-95.00838212596223,29.178401761937717],[-95.00854662455716,29.178571698718223],[-95.00944752359155,29.17849946842802],[-95.01022933938722,29.17903236102396],[-95.01025509270731,29.179955629730443],[-95.01011249628168,29.18012107058545],[-95.00955019038936,29.180334333131338],[-95.00942602367572,29.180461736961803],[-95.00949107796373,29.180708087096587],[-95.00923436026834,29.180820171138816],[-95.00870929510714,29.180857148891135],[-95.00869068748639,29.180945365696285],[-95.00883571828166,29.18105382387826],[-95.00944517516231,29.181208092055428],[-95.00950209777207,29.181323367104493],[-95.01007216055073,29.181253243619704],[-95.01039941979207,29.180755499633698],[-95.01037932576241,29.18057997390163],[-95.0105262612044,29.180205371003282],[-95.01069392467758,29.17997931840585],[-95.01112409927339,29.179696164245296],[-95.01134557006992,29.179260922617978],[-95.01111603008238,29.178716171690937],[-95.01090814843485,29.178547488958493],[-95.01090036925136,29.178407026473234],[-95.01070326025706,29.178072678300378],[-95.0108405988985,29.17805503206672],[-95.0108218511394,29.17796173714915],[-95.01044907843027,29.177639374807796],[-95.01070044766695,29.17768164617418],[-95.01115461696394,29.17804743558668],[-95.0118278099541,29.1792183177544],[-95.01208689145176,29.179429629170453],[-95.01236984650536,29.1795585876966],[-95.0127831522782,29.179516870926225],[-95.0124360937891,29.179288937076166],[-95.0118902571314,29.17847029147722],[-95.01174973409759,29.178130004105046],[-95.0116122756625,29.17735072464236],[-95.01144006163507,29.17700496287049],[-95.01086662089563,29.176650987226026],[-95.0100443843248,29.176364635070676],[-95.00849569898986,29.17552442805568],[-95.00537623981788,29.174734559072988],[-95.00524361970797,29.17453575720042],[-95.00694780243361,29.174682642578453],[-95.00871157388913,29.175013455926717],[-95.00878787459935,29.17517784471858],[-95.01078209699911,29.176272703897236],[-95.01120787909895,29.17628211913105],[-95.0115225487387,29.17638189449362],[-95.01170530052194,29.176568045379813],[-95.01224278458311,29.177891052020534],[-95.01266690428085,29.178454316727997],[-95.01326015502191,29.178897752141413],[-95.01405911206385,29.17919440523945],[-95.01461162309256,29.179229217909377],[-95.0148299498032,29.17911771840032],[-95.01474635482664,29.178936514554668],[-95.01465821255414,29.178204880305497],[-95.0143952056167,29.178207349471894],[-95.0143750497044,29.17803275151975],[-95.01445535020547,29.177950176877804],[-95.0143229405123,29.17786941503539],[-95.01440973487507,29.177721161445866],[-95.01465386080513,29.177718134915853],[-95.0146813925002,29.1779638649769],[-95.01488162596078,29.177945620492622],[-95.01514863095335,29.178333264817056],[-95.0154697271974,29.178474605679643],[-95.01572007943015,29.178445227983904],[-95.01583814891421,29.178328728258865],[-95.01604477354518,29.17829453884626],[-95.01614382923069,29.178150469436485],[-95.0164995781794,29.17794420667716],[-95.01693209149649,29.177947108603483],[-95.01728899676725,29.177829006143234],[-95.01759307052997,29.17754055363516],[-95.01766121242609,29.177385961886177],[-95.01785455585645,29.177335059482154],[-95.01811888508556,29.177421502305553],[-95.01840146321062,29.17742503978351],[-95.01904773290109,29.177365782663145],[-95.01940213555791,29.177060371692946],[-95.01930362599079,29.17662051807004],[-95.01933794391441,29.176323173581608],[-95.01952962979242,29.176068137162925],[-95.01977701979354,29.175992329764295],[-95.01998758787089,29.175971551866073],[-95.0201803001662,29.175854893340652],[-95.02086491892051,29.175894185531565],[-95.02139185633153,29.17583538037481],[-95.02173153603783,29.17592683556082],[-95.02215818237322,29.175879928481955],[-95.02207623663084,29.17579774467779],[-95.02139959415403,29.17538937488323],[-95.02110437747814,29.175386049022027],[-95.02090242315407,29.175244251616952],[-95.02107393175,29.174840810931066],[-95.02088363307149,29.174655361750812],[-95.02054644293538,29.174757352166235],[-95.02005658144373,29.175370682700265],[-95.01932503350672,29.175601495846873],[-95.01866547195267,29.17554395106085],[-95.01828096119775,29.175358223121993],[-95.01758365767243,29.175149582848537],[-95.01616040821405,29.175062370643328],[-95.01588555157072,29.175207443131413],[-95.01537059208415,29.17580008518458],[-95.01559708611889,29.175930992038513],[-95.01539818733112,29.176127161867537],[-95.0154163499174,29.176014060459604],[-95.01534057605284,29.175911570664013],[-95.01506343271403,29.175763555743327],[-95.0150434733594,29.17564816927439],[-95.0151117404175,29.17557067494142],[-95.01458339235893,29.17543635757616],[-95.01246561668005,29.174563445559986],[-95.01178732003896,29.174400725702345],[-95.01137831990197,29.17414735437193],[-95.01112163670221,29.174121757572575],[-95.01076882006875,29.173920681541766],[-95.01028503207813,29.17377282199641],[-95.00991580806458,29.173767290446666],[-95.00985217410744,29.17364577729708],[-95.00964501627926,29.173585217857788],[-95.00946751926223,29.173358925526223],[-95.00951649139365,29.17325963394035],[-95.00992602501293,29.173474208200712],[-95.0101328034255,29.17349603800874],[-95.01017758185733,29.173618074477456],[-95.01204759306823,29.173972415448365],[-95.01300271026403,29.17435076920015],[-95.0141202350441,29.174663229132708],[-95.01516144062158,29.174733321720947],[-95.01600475655917,29.1744302874035],[-95.01597140356054,29.174243497951956],[-95.01542447644474,29.1740100259144],[-95.0150834035656,29.173711424317524],[-95.01487829324687,29.173184298992844],[-95.01461956951105,29.17290328760946],[-95.01404827803343,29.172020854614328],[-95.01425348165658,29.171826573699942],[-95.01397688022766,29.171688619044428],[-95.01394949234381,29.171424649431373],[-95.0140310012371,29.171380011279343],[-95.0145028115388,29.171643334766884],[-95.01472331153376,29.17183991434963],[-95.01464226122106,29.171906574399163],[-95.01478098016838,29.172015947211964],[-95.01551544169745,29.172175961575086],[-95.0159128395515,29.172530283306404],[-95.01643522474905,29.172816037604456],[-95.01706368803846,29.172991197618675],[-95.01827893048062,29.17369350529637],[-95.01865542267126,29.17374066220954],[-95.01915211422728,29.173934132256477],[-95.01934463548331,29.173674786522245],[-95.0193673635574,29.173454813958468],[-95.01951622338403,29.17328860560435],[-95.01960181534925,29.173023891294427],[-95.01826661533387,29.1714631586317],[-95.01801217241008,29.171052168011297],[-95.01808883309997,29.170462263369938],[-95.01796148014127,29.17025422659036],[-95.01777306744378,29.17015082412227],[-95.01780335107541,29.170018501946238],[-95.01801561386014,29.16996215008576],[-95.01804141046145,29.17005572072624],[-95.01837979540308,29.170124787198134],[-95.01897282844412,29.170566906652216],[-95.01935371843187,29.170360284584408],[-95.01940156080552,29.170123309215764],[-95.01964414736197,29.169918115788487],[-95.0198865884882,29.170268732493508],[-95.02012521689768,29.170429854540263],[-95.02033848633806,29.170445481065602],[-95.02047730693882,29.17056569133078],[-95.0201286256088,29.170821003638174],[-95.01984395419703,29.170502175629103],[-95.01973777615223,29.17052427750692],[-95.01971391577302,29.17079195603492],[-95.02115852065958,29.171812864323478],[-95.02175356144346,29.171775676644792],[-95.02287699923829,29.1718779213752],[-95.02374698217818,29.171630367574235],[-95.02411647335114,29.171606034036635],[-95.02436027744396,29.171456324826625],[-95.02509278476067,29.171268565408795],[-95.02581099277062,29.17092764193971],[-95.02578888492123,29.171273388970228],[-95.0258708566536,29.171266463820178],[-95.02619116214098,29.17068904369408],[-95.02659881912311,29.170622794264855],[-95.02704839584558,29.170394145907263],[-95.02688856059488,29.170136858732302],[-95.02712062153925,29.17014458801504],[-95.02745921810465,29.170031156454545],[-95.02778602094811,29.170089398428843],[-95.02806053824875,29.169938789275193],[-95.02852648184312,29.17000988370808],[-95.02886854383047,29.169718376812636],[-95.02979130120823,29.16966127586629],[-95.029338202459,29.16962313416453],[-95.02783959261177,29.16920205280879],[-95.02651017759511,29.168638276103323],[-95.02580950155986,29.168169617745882],[-95.0254519950317,29.168072992113586],[-95.02515756788178,29.168140581548187],[-95.02498136741902,29.167993243410102],[-95.02505369602723,29.167458501904676],[-95.0248419326188,29.167261706175676],[-95.02501420463665,29.167177749324388],[-95.02522865694667,29.16717097058576],[-95.02532752896698,29.167082292273587],[-95.02543869721525,29.166663284233884],[-95.02517274307179,29.16631808038733],[-95.02470728799086,29.16606788967835],[-95.02434867008698,29.165737701756523],[-95.02410114533502,29.165458534266005],[-95.02381480916709,29.164937663705814],[-95.02336036540237,29.164577106534797],[-95.02368600938945,29.164481504874942],[-95.02389875792363,29.164507401557618],[-95.02401526077972,29.16419264002619],[-95.02389538899683,29.164083667237108],[-95.02400642033415,29.16382958681413],[-95.0239422129095,29.16365915234588],[-95.02416074415879,29.16360269321656],[-95.02428065442508,29.163711674139574],[-95.02435466625387,29.164333611562537],[-95.02415656017389,29.164588393522852],[-95.02442361412596,29.16501042358082],[-95.02471810192604,29.16504710112349],[-95.02485313067716,29.164677318734082],[-95.02500211248444,29.16455516485009],[-95.02562409827028,29.165560900332213],[-95.02665010098697,29.16635804920791],[-95.02688158600444,29.16660947841513],[-95.02720181733147,29.166750411646067],[-95.02800532727787,29.166871750008283],[-95.02864540642038,29.166862115707666],[-95.02883067538002,29.16657996061904],[-95.02922540800047,29.166549680143323],[-95.03037464184817,29.167260751793393],[-95.0309158647987,29.167367793317556],[-95.03162490762905,29.167349177225564],[-95.03227984410711,29.16749223014853],[-95.03265649958293,29.167450947365868],[-95.0329066474913,29.167348657785087],[-95.03326080864936,29.167004647482127],[-95.03334041756383,29.166811165781773],[-95.03243910335239,29.16601133872926],[-95.03223377550685,29.166758157879418],[-95.03210175176633,29.16672389350838],[-95.0320245804945,29.16657289345366],[-95.03205823548403,29.166163778958023],[-95.03188091156954,29.16603129346026],[-95.03190849382423,29.165678610897096],[-95.03212076942617,29.16559438344518],[-95.03236105179833,29.165692221309012],[-95.03273678324612,29.165639842256475],[-95.03360708805454,29.165962543822694],[-95.03372910552977,29.165676263677078],[-95.03392261669123,29.165559651921278],[-95.03457424542978,29.16540546927797],[-95.0349709821801,29.165474329324145],[-95.035115112687,29.16543524435597],[-95.0350486869617,29.165137748285595],[-95.03491619616877,29.16507817555653],[-95.03432073423006,29.165238443975795],[-95.03413278928518,29.165232326660878],[-95.03386712335738,29.16509953192103],[-95.03355429939049,29.164604784148523],[-95.0332629935024,29.164348027732473],[-95.0324840503611,29.164237321382828],[-95.03225988736206,29.16438751914788],[-95.03213978985934,29.164355635897387],[-95.03195590484046,29.164108919843876],[-95.03211178068567,29.164052748907274],[-95.03232567942952,29.16412305448807],[-95.03256960444568,29.16403317183959],[-95.03286463046871,29.16402029798191],[-95.03275385242698,29.163613343821044],[-95.03277690826184,29.163404003480338],[-95.03268808871583,29.163250496094886],[-95.03207684171181,29.162957435065223],[-95.0318507744614,29.162716249289822],[-95.03150196466993,29.162663932843603],[-95.03049027662355,29.16209546341849],[-95.03024773091215,29.161601882063298],[-95.03012197501526,29.16154185264778],[-95.03013306810323,29.161426298263603],[-95.0303717091361,29.16143020621328],[-95.03045246792861,29.161369031659316],[-95.03051977593726,29.161197857140174],[-95.03041717645159,29.161027895104034],[-95.02999006916677,29.160948089449647],[-95.02976760309002,29.160563913923266],[-95.02910918062148,29.16051333347577],[-95.02875923838677,29.160625909281165],[-95.02868934143861,29.160505152017365],[-95.02878213061886,29.160361152662254],[-95.0289506119713,29.160332659484833],[-95.02926185291305,29.160071665262112],[-95.02970563592716,29.159964120528272],[-95.02961035660199,29.159848912742792],[-95.02932293612106,29.159873102737162],[-95.02843091783916,29.15963684174695],[-95.0273100123595,29.159660985534106],[-95.02721536718428,29.159579545357193],[-95.02772062751627,29.15938869416729],[-95.02786341248643,29.159233279244628],[-95.02768171889018,29.159152268655898],[-95.02751861580647,29.159214034508143],[-95.02738069664093,29.159181825205184],[-95.02721031782771,29.159078511782592],[-95.02724587902136,29.15878094885277],[-95.02756507098367,29.158718093157848],[-95.0274563903048,29.15854283119925],[-95.02771084277825,29.158226980983187],[-95.02790090972755,29.158451516340776],[-95.0282006015151,29.158355855679066],[-95.02848321067485,29.158441853130153],[-95.02847131775215,29.1585521452396],[-95.02878405151804,29.15846181295271],[-95.02901118040081,29.157959172038296],[-95.02901390960749,29.157551667125837],[-95.02984016941878,29.157446920623137],[-95.0302701835644,29.157163352826636],[-95.03121821152061,29.156776744279004],[-95.03138009099038,29.156615860371534],[-95.03192897848095,29.156353056653305],[-95.03263573926155,29.15625463643148],[-95.03326705842072,29.156035715308384],[-95.03346451592856,29.155791928674123],[-95.03372783392281,29.155779186630763],[-95.03420724040774,29.155495155400793],[-95.03444023699963,29.155631245591085],[-95.03473390526861,29.155530227215515],[-95.03496725301954,29.155721368809868],[-95.03606716179294,29.155477083224387],[-95.03646846886406,29.155507267834192],[-95.03722581526104,29.155158324427575],[-95.03751149053993,29.155087496215028],[-95.03785338862136,29.154826308005237],[-95.03876043310305,29.15454470962755],[-95.03899456275434,29.154835297246265],[-95.03931539696018,29.155042108819796],[-95.03977982740116,29.15521463372742],[-95.0403813821877,29.155299113147684],[-95.04068672327762,29.155462512667466],[-95.04086109955136,29.155350958102623],[-95.04096674107139,29.155025215523402],[-95.04093322040731,29.154539506275462],[-95.04118367826379,29.153960237597907],[-95.04128321632732,29.153899083390954],[-95.04120785277746,29.154399847132478],[-95.0413772491313,29.154581534509244],[-95.04136798349292,29.154764153750214],[-95.04107070684063,29.1556411800215],[-95.04121370137378,29.155662671445782],[-95.04115751845012,29.156004308708987],[-95.04137277741843,29.156151749066016],[-95.0416976885683,29.156088752140658],[-95.04175456415095,29.155410998961933],[-95.04205294243165,29.15505649793753],[-95.04247614411643,29.154778136844037],[-95.0434164136021,29.15432529268873],[-95.04360905526144,29.153718106008434],[-95.04353069636437,29.15359759780375],[-95.0433326478667,29.153521957413435],[-95.04345695146455,29.153328239101555],[-95.04432747225611,29.152600736176325],[-95.04445624214277,29.15229107934236],[-95.04526869290284,29.151966146748762],[-95.0456466315609,29.151489871346158],[-95.04572178818502,29.15116963670375],[-95.04594523621537,29.15099188113679],[-95.04547870728236,29.15044416636355],[-95.04478029597733,29.14999200776122],[-95.04439140824627,29.149906663360902],[-95.04412042648559,29.14974866439386],[-95.0439584313292,29.149292299378143],[-95.04370481812576,29.149007731223804],[-95.04355867482722,29.14870577958796],[-95.04375715114172,29.14853357506722],[-95.0443672087746,29.148777283444048],[-95.04520186606659,29.148848799551025],[-95.04570235142798,29.149478766838747],[-95.04752121066504,29.148425105023605],[-95.04544774215002,29.145718015126523],[-95.0456467577567,29.1456122027323],[-95.04776417690661,29.148302061039757],[-95.04842998733056,29.147895469388814],[-95.04641361947563,29.14517723649518],[-95.04661312326965,29.145092804599134],[-95.04866091655693,29.147717272798598],[-95.05393058491894,29.144539793822688],[-95.05582724730608,29.143410905771297],[-95.05611966503902,29.14303968152499],[-95.05603657494541,29.14286342240113],[-95.05621391427616,29.142768392638224],[-95.05623832731636,29.14239995832904],[-95.05556090875083,29.14216742068163],[-95.0555206894549,29.141897659927846],[-95.0552750942483,29.141690525184266],[-95.05524910950398,29.141586351313453],[-95.05574923010306,29.141505511398865],[-95.05615439364605,29.141320947859793],[-95.05652305947258,29.141252205039553],[-95.05684899880275,29.141343499717454],[-95.05721156122802,29.141285975653627],[-95.05793388987077,29.140889914019272],[-95.05810541763873,29.141020201931056],[-95.05848515664532,29.141018355024556],[-95.058439399151,29.140703933547226],[-95.05798773333274,29.13982677974776],[-95.0583460773007,29.13998973462423],[-95.05868394686607,29.14003130455724],[-95.05919478336861,29.140307737624532],[-95.05947406534536,29.140218120406434],[-95.05955152312542,29.139750097901935],[-95.05981244838469,29.13956654988155],[-95.05997135711813,29.13958096797606],[-95.06126526674896,29.139238174196482],[-95.06173543652766,29.138844320263463],[-95.0623983849716,29.138812180317068],[-95.06270923399146,29.138611970938083],[-95.06264242879088,29.13832053677349],[-95.06223373509845,29.13774406982773],[-95.06232474636855,29.137665073326865],[-95.06330091080667,29.138415031025076],[-95.06362098730067,29.138489803084692],[-95.06401640263249,29.13836597090965],[-95.06440199980716,29.138098823603368],[-95.06441704383852,29.137664064669988],[-95.06424183912199,29.137346058862775],[-95.0640359859803,29.137303580508394],[-95.06383793803319,29.137403883071393],[-95.06363079745789,29.137713520122407],[-95.06336502735658,29.13761065239992],[-95.06332147169519,29.1374341922557],[-95.0630082508603,29.13726365132448],[-95.06365307992405,29.13705701425686],[-95.06398123689074,29.136845804737476],[-95.06408790537046,29.13669045992777],[-95.06449878773954,29.13660644487681],[-95.06549539079239,29.13791532063178],[-95.06567143754874,29.137919738971394],[-95.06696916580842,29.137277528112946],[-95.06879682867809,29.136846813088262],[-95.06935771008195,29.136512473991715],[-95.07013935781899,29.13623209736336],[-95.07074885000621,29.136233386674903],[-95.07088297041585,29.136147026465956],[-95.07168273026547,29.135632034724257],[-95.07238029323902,29.135572375061724],[-95.07269820840703,29.13538823308229],[-95.07299554195991,29.135105568337963],[-95.07335020953539,29.13389201198993],[-95.07375511240929,29.13358083447549],[-95.07517667688401,29.133703025017745],[-95.07561805244957,29.13384330383865],[-95.0758228035677,29.13362140827304],[-95.07573789138446,29.13352810647611],[-95.07444721088764,29.132145027140407],[-95.07414960846731,29.131926712260846],[-95.07356293744172,29.131814889179527],[-95.07301582400504,29.131912453360243],[-95.07133569732537,29.132953421873744],[-95.07092605030248,29.133138042111185],[-95.07056933503551,29.13270041280388],[-95.0719929837788,29.131804190299842],[-95.0730777997803,29.131218362361537],[-95.07315103462369,29.131036252486293],[-95.07302708798893,29.13053654774279],[-95.07305324126085,29.130217252696003],[-95.07335748893101,29.130264812306464],[-95.07372753233503,29.13064717133809],[-95.07395038887428,29.13070602175252],[-95.07477380207622,29.130424705168778],[-95.07548838694876,29.1298361738064],[-95.07604350905044,29.129584873160262],[-95.0768969681353,29.12905537623869],[-95.07837209754588,29.127999454149375],[-95.08001801294014,29.12717843716828],[-95.08085310472154,29.1266327238432],[-95.08134542849153,29.12600189930451],[-95.08178559471261,29.12641729489706],[-95.08159970742163,29.12663857545509],[-95.08113897938763,29.12698337956354],[-95.0805225482623,29.1273947661837],[-95.07971106611625,29.127758707266196],[-95.07847821485075,29.12863169181755],[-95.07458303674466,29.131048273551993],[-95.07446977464271,29.131417496300635],[-95.07493885274057,29.131844096639558],[-95.07566606006552,29.132697124996803],[-95.07538169243698,29.132121706477996],[-95.07555921672754,29.131762498066838],[-95.07615999394987,29.13154940675017],[-95.07655782704465,29.131254463672505],[-95.07695294989355,29.13073475074632],[-95.07747062136526,29.130433089105793],[-95.07916965475331,29.130141020793236],[-95.08011937765184,29.130183274712273],[-95.08022984688547,29.12953314519812],[-95.08038395467706,29.129317533897964],[-95.08104227729712,29.12967020663535],[-95.0814021614695,29.129772543794587],[-95.08181135908113,29.129780444850795],[-95.08223528169033,29.12951884506103],[-95.08277937494734,29.129316921272352],[-95.08312207876787,29.129506671496053],[-95.08460610342162,29.12897877887886],[-95.08514693190418,29.128573033042446],[-95.08599193003774,29.128220317098563],[-95.08623650649137,29.128179859885012],[-95.08558289080598,29.12736949082073],[-95.08605788759321,29.127580851587275],[-95.08649353580682,29.127671297896097],[-95.08755105733265,29.127658122496303],[-95.0879225485319,29.12759631779232],[-95.08864838951916,29.127358807587534],[-95.08943524760687,29.126934661916966],[-95.09323930230957,29.12460759655832],[-95.09455196242722,29.123320173838852],[-95.09501491506305,29.122750735440718],[-95.09626571240362,29.12177088626444],[-95.09722178399588,29.12071468502534],[-95.09808421982514,29.12000888255884],[-95.09843465361313,29.119343578478535],[-95.09850282532977,29.118998030566768],[-95.09934401676774,29.118005872654845],[-95.09963810710802,29.117366959554836],[-95.09988904070315,29.11702466719245],[-95.10084710196001,29.11620486667692],[-95.10157562088061,29.114731178429977],[-95.10245243685497,29.113893110640735],[-95.1024972899355,29.113806080743853],[-95.10244302598275,29.113661920677643],[-95.10213540402489,29.11321076009147],[-95.10200514761031,29.113076397983725],[-95.10149263631445,29.112825504420865],[-95.1013147483806,29.112563403804796],[-95.10134805507127,29.11243739456455],[-95.10165439729101,29.112195266378105],[-95.10245391502636,29.112191946246227],[-95.10265330717635,29.111980824320668],[-95.10270227716285,29.112047734274665],[-95.10282909143558,29.111995147845178],[-95.10327624974641,29.111600547617574],[-95.10350787246621,29.111285368489078],[-95.10428782323513,29.109652337311946],[-95.1043136648235,29.1092099170552],[-95.10476183341504,29.10785752408976],[-95.10533250788349,29.106695264824975],[-95.10610812342833,29.105372751623616],[-95.10648041844986,29.10421043005913],[-95.1063970065374,29.103785616385995],[-95.10602636686068,29.10351163812366],[-95.10605673297047,29.10338532895481],[-95.10651722285145,29.102913813048215],[-95.10686080834293,29.10241275965434],[-95.10705792471735,29.102270991680953],[-95.10721047432772,29.101854420400716],[-95.10749486484097,29.101467542314808],[-95.10756170941076,29.101000143932904],[-95.10790838896408,29.100279491787077],[-95.10805638031621,29.100094634586426],[-95.1083802161442,29.099901977225347],[-95.1091770028074,29.099232124479023],[-95.10956951216848,29.098765005910035],[-95.11018099449811,29.098274153052504],[-95.11032479645682,29.098001172436003],[-95.1102613846092,29.097736262083735],[-95.11035178606221,29.097605624036962],[-95.11072004421403,29.097386075987067],[-95.11108402654504,29.097034075317058],[-95.11216552806462,29.094751280643656],[-95.11227623948253,29.094279664786743],[-95.11280809180697,29.09370482806521],[-95.1130046224202,29.093024979863937],[-95.11334595596827,29.092578655648428],[-95.11362065714017,29.092027091992115],[-95.11398986134596,29.09174094095648],[-95.11465361152585,29.091730085325903],[-95.11469824964902,29.09256793143611],[-95.11428886362998,29.092671550200684],[-95.11384020973793,29.09257595879259],[-95.11375191799692,29.09261829445068],[-95.11383375372425,29.092889997311268],[-95.11419428963538,29.09297829142668],[-95.116099924882,29.092298373789014],[-95.11702857779045,29.091636216951752],[-95.11706203950767,29.091515799919495],[-95.11700064640492,29.09144335156255],[-95.11660248138206,29.09133814253778],[-95.11632558199673,29.091096675662346],[-95.1160321386734,29.091075681502556],[-95.11570363095248,29.09094306294007],[-95.1152764619325,29.091013115930608],[-95.11498297066801,29.09096443116417],[-95.11435174627954,29.090748956109383],[-95.1142596806782,29.090642694554205],[-95.11435778664455,29.090451329219857],[-95.11435059095393,29.08990621686621],[-95.11463426248537,29.09010926595867],[-95.11502730342065,29.09018176612506],[-95.1151551888749,29.09005178113667],[-95.11508579337134,29.089791522760684],[-95.11532781826851,29.089889106296845],[-95.11559200085784,29.08987174806757],[-95.1159601141965,29.090055053731202],[-95.11627939044868,29.09033613865362],[-95.11731028373896,29.09044091307133],[-95.11788310584586,29.09059314554198],[-95.11840556667234,29.091062977470834],[-95.1188870853734,29.09167510984355],[-95.11908699883197,29.09228966141313],[-95.11917348217554,29.092313532913078],[-95.11996218422745,29.091753571198144],[-95.12043500037385,29.091261352463132],[-95.12245686801464,29.091320070315422],[-95.12299939654106,29.076961523652873],[-95.12378575076211,29.07676894558468],[-95.12443108226245,29.076757566891384],[-95.12490766939999,29.07701919322618],[-95.12512242032606,29.07733120847402],[-95.12607931176237,29.07751341817522],[-95.12647331296525,29.077781457453025],[-95.12757670453409,29.07889016295478],[-95.12795599983674,29.079139572917196],[-95.12861314857258,29.079735318007117]],[[-94.88502946861091,29.38945930526387],[-94.8851875274474,29.389511739395477],[-94.88530220399691,29.38946028178301],[-94.88502946861091,29.38945930526387]],[[-94.8790541094194,29.387476914442598],[-94.8626176014824,29.382234192377272],[-94.84615733245312,29.37699819337699],[-94.83953597818528,29.37486202463797],[-94.8363211218804,29.373643071253884],[-94.83424269099268,29.373160447220794],[-94.83139561156692,29.372392498895106],[-94.82995572779927,29.37188492165861],[-94.82886640925369,29.371494813138483],[-94.82494172759611,29.369633404120652],[-94.82102288010026,29.368019853260893],[-94.81940519235546,29.36731887319957],[-94.81867226055427,29.366930359595155],[-94.8135968270001,29.36481151578918],[-94.81290501341553,29.364482229428795],[-94.81195202829652,29.364213023183183],[-94.81067967682283,29.363640294999847],[-94.80995091593921,29.363543033836077],[-94.80966076952751,29.363679127272736],[-94.80954091186514,29.36384903951319],[-94.80984135782883,29.36512631995129],[-94.8098946267277,29.365748262825925],[-94.80998785458755,29.365886285698473],[-94.81034686094068,29.36571171996529],[-94.81052353807974,29.365729264872733],[-94.81155704799772,29.366168680721294],[-94.8130436524978,29.36664382049107],[-94.81306216939909,29.366753654710777],[-94.8134962835249,29.366828954443424],[-94.8147627269186,29.367048614065574],[-94.81488326153689,29.36685083921566],[-94.8152530552297,29.366990206173195],[-94.81551354236909,29.36662884121903],[-94.816734854172,29.36726137902596],[-94.82019490684486,29.368708340514463],[-94.82096480637244,29.369185079731295],[-94.82158569001633,29.369479540775032],[-94.82194319273849,29.36961320263008],[-94.82272838695883,29.369699630493667],[-94.82364465328011,29.369995814874418],[-94.82409638376149,29.370057953362622],[-94.82555168795582,29.370532691245764],[-94.82734643081481,29.37124564000789],[-94.82764737593321,29.371290935274924],[-94.82947872489144,29.372113747168044],[-94.8299646716262,29.372102585837094],[-94.82990898120889,29.372991846167693],[-94.83236056788373,29.37306361403282],[-94.83269284285838,29.37315219010332],[-94.83498504455135,29.373867036121606],[-94.83578846000559,29.374217714320732],[-94.83687586217573,29.374415467745404],[-94.83767971314529,29.374743463190075],[-94.83839587069865,29.37491747428558],[-94.8388357880319,29.37512842360444],[-94.83968914168425,29.375323522900285],[-94.84048369616157,29.375767763257944],[-94.84118539491128,29.37602204477459],[-94.84154762281564,29.37600856193205],[-94.84234349244933,29.376176511624585],[-94.84321628817928,29.37625708482884],[-94.84417880286142,29.376809982182447],[-94.84520224189242,29.377088347344877],[-94.84551064446757,29.377349328659037],[-94.84616080826116,29.377370746259604],[-94.84683010643586,29.37749895738135],[-94.84745647593336,29.377840311177092],[-94.8480379358087,29.37793172239012],[-94.84893101683727,29.378357199317133],[-94.85046425358988,29.37873019105412],[-94.85149743228838,29.37916684814805],[-94.85239853043531,29.37932214487856],[-94.85322683708642,29.3798581620263],[-94.85385137139981,29.380368708183752],[-94.8541580919995,29.380409375533205],[-94.85522990497887,29.380249495475418],[-94.85566016394822,29.380272796318348],[-94.85634668597834,29.38057730032917],[-94.85721329142106,29.380775913569725],[-94.8575714855509,29.380942878007726],[-94.85812052871212,29.381038435157308],[-94.85865706927724,29.381370578096565],[-94.86008558510682,29.38177844368048],[-94.86030383260832,29.381917023125414],[-94.86086264880485,29.38257179933033],[-94.86178094364597,29.382744581835002],[-94.86236148853826,29.382615665740463],[-94.86261596511412,29.382669065454497],[-94.86315675606323,29.382811342304304],[-94.86400231935286,29.38315597709882],[-94.86482613119824,29.383302204653777],[-94.86537581785656,29.383505117214852],[-94.86632557613403,29.383707361487666],[-94.86710219149649,29.384748766392303],[-94.86715819790656,29.38528164388092],[-94.86729885612657,29.385535447560027],[-94.86756857048911,29.385681939570024],[-94.86793093362397,29.385651521090814],[-94.86882190024774,29.384897498933864],[-94.86905712853294,29.384833721526487],[-94.86940995571523,29.384864857706372],[-94.86981636818042,29.384982818806517],[-94.87030776342198,29.385307571801356],[-94.87091540037709,29.38552966649021],[-94.87184442205249,29.385753401500473],[-94.87335910193245,29.386243410857396],[-94.87423392582059,29.386391636628254],[-94.87461867177979,29.386548272895713],[-94.87507398172065,29.386961708721877],[-94.87563299782806,29.386958152711788],[-94.87839289739546,29.387743390785083],[-94.87842990423113,29.388235240136876],[-94.87810683173578,29.38860898259337],[-94.87730999302322,29.38919598022961],[-94.87713612806373,29.389475458226954],[-94.87720497453957,29.38975007850209],[-94.87734329422136,29.389929448215206],[-94.87756753776763,29.38996981219992],[-94.8778351894373,29.38975317886294],[-94.87817282776808,29.389203842761873],[-94.87901151722846,29.38920452315557],[-94.87904937516973,29.387998956346014],[-94.87950215351094,29.38794821235689],[-94.8840508706858,29.389424259033607],[-94.88502946861091,29.38945930526387],[-94.8790541094194,29.387476914442598]],[[-94.96416867176785,29.6812337386563],[-94.9639103951402,29.6815884161131],[-94.96538036633703,29.681893702644505],[-94.96416867176785,29.6812337386563]],[[-95.08912600157404,29.148395629736807],[-95.087114504647,29.148352882037184],[-95.08699486986443,29.151658079680463],[-95.08912600157404,29.148395629736807]],[[-95.06931078019545,29.17879847445788],[-95.07049666671192,29.176975672445124],[-95.06938415576764,29.176954190520576],[-95.06931078019545,29.17879847445788]],[[-94.91293214937545,29.26894474476971],[-94.91226694182703,29.268724977660884],[-94.91147019034733,29.268769411973643],[-94.91074929933514,29.268593517933333],[-94.91026575288831,29.268924106993133],[-94.91002092851149,29.269177553675235],[-94.90970668311736,29.26922721987934],[-94.9095873343844,29.269513567097675],[-94.90938621113798,29.26971166572849],[-94.90926647205819,29.27008059390335],[-94.90901559807891,29.270284588958795],[-94.9087706849951,29.27038934196335],[-94.90835037141069,29.270350785182142],[-94.90811800095337,29.270455710374282],[-94.907998757226,29.270604412987915],[-94.9079358076327,29.271132913497627],[-94.90801660893376,29.27164481852246],[-94.90752661154445,29.272278345868386],[-94.90749472906641,29.272437771198486],[-94.90758271211625,29.272647123541848],[-94.90782705774743,29.272883729755574],[-94.90771044641265,29.273771904954355],[-94.90788168487929,29.27428731261131],[-94.90799483564523,29.274375494059072],[-94.90844016185969,29.274551698955168],[-94.90935498337647,29.275178663164024],[-94.90981239051325,29.275409710751994],[-94.91058465496475,29.275458950660298],[-94.91142436131358,29.27564582195842],[-94.91180701639023,29.275744796951734],[-94.912264981205,29.27596486551789],[-94.91280500424442,29.275711221462146],[-94.91339516364931,29.275534935951136],[-94.91365844809926,29.27536413107146],[-94.91407351506344,29.27473651521325],[-94.91478948834076,29.27434537795054],[-94.91507110375525,29.27396037527468],[-94.91544275024543,29.273486075716995],[-94.91553151836538,29.273078724403845],[-94.91526208897007,29.272434669297166],[-94.91493015033467,29.27207135081529],[-94.91490617919119,29.271146352665312],[-94.91479388605,29.27075570860921],[-94.91447407261269,29.270205312044393],[-94.91354676049644,29.269291549082354],[-94.91293214937545,29.26894474476971]],[[-94.87105571453313,29.2761406838709],[-94.8708216625202,29.275337258505562],[-94.8707619548888,29.274771432821538],[-94.87042974247933,29.274550124905833],[-94.870034365373,29.274454968736578],[-94.86997547038827,29.274828063487586],[-94.87019213550263,29.275395058281624],[-94.87017032558778,29.275883921848532],[-94.87002447997077,29.27611926216184],[-94.86911008093152,29.276472546670465],[-94.86907155898618,29.27659282702322],[-94.86955351180626,29.27705696699021],[-94.86992355492778,29.277201360251524],[-94.87023848074084,29.27710946581777],[-94.87085136984177,29.276667247138526],[-94.87105571453313,29.2761406838709]],[[-94.86849125105297,29.27695304886312],[-94.86872432077686,29.27680590404576],[-94.86879459011773,29.276619467208064],[-94.86865797677987,29.276321738712262],[-94.86799260873546,29.27616505579312],[-94.86761715764119,29.27585560569092],[-94.86689885365855,29.276033706492665],[-94.86669159247054,29.27598882601656],[-94.86660886820896,29.276098360740264],[-94.86656263099921,29.27649916281936],[-94.86661801330884,29.27662564736636],[-94.86725507846472,29.27687238712018],[-94.86752123820827,29.277184991908026],[-94.86758178918986,29.27752609712693],[-94.86804971938692,29.277242173042055],[-94.86834510860179,29.277193916530646],[-94.86849125105297,29.27695304886312]],[[-94.87476917484722,29.277722912552637],[-94.8727837053427,29.27737900659482],[-94.87266399533117,29.277460899954853],[-94.87307672682908,29.27795735101789],[-94.87339121465186,29.277859587211257],[-94.87352346853369,29.277882487632372],[-94.87378410209656,29.278032081323218],[-94.87403168051084,29.278071676329187],[-94.87450214459899,29.278381506451275],[-94.87513496662424,29.278664549278556],[-94.87519237730147,29.27858804388719],[-94.87508842620628,29.27802698487406],[-94.87476917484722,29.277722912552637]],[[-94.92634247664208,29.282153529280492],[-94.92619205281842,29.281966484970564],[-94.92523167570319,29.2814273105135],[-94.92496775455628,29.281399551831882],[-94.92378123471256,29.281675194131783],[-94.92312785280525,29.281647998238412],[-94.92250603834604,29.281422110365714],[-94.92224252271754,29.281416711522407],[-94.92183375433692,29.28169768684291],[-94.92162041222956,29.28170875090299],[-94.92122557341581,29.281466494965642],[-94.92103041342017,29.28150515100334],[-94.92066595273982,29.28176413743724],[-94.9205337300684,29.281951228451465],[-94.92037682788772,29.282325575551948],[-94.92043901631426,29.282744128098997],[-94.92037243084333,29.283072886927716],[-94.9201170351678,29.283619156981803],[-94.91998511256075,29.283679948446014],[-94.92011070473234,29.284026718511125],[-94.92015357090328,29.28443969974629],[-94.92005250897313,29.28496255663955],[-94.92038510881977,29.285480054553943],[-94.92027151899362,29.28559562688707],[-94.91948049685469,29.28590395490475],[-94.91931678668614,29.286107665701767],[-94.91878237676352,29.28632820273896],[-94.91872007375447,29.286498808396313],[-94.91898332881374,29.28673546828961],[-94.9190141066819,29.286928044591434],[-94.9193407916801,29.287258453447084],[-94.9193840636827,29.287632899612625],[-94.9197038272161,29.287990562449686],[-94.91987333325068,29.28800733495109],[-94.92027571261605,29.287698926736486],[-94.9206340716341,29.287632738358987],[-94.92081608329227,29.28766550444354],[-94.92118627346616,29.287808703732875],[-94.92134927809529,29.288100537018085],[-94.92150022979584,29.28817231703873],[-94.92167566448676,29.288557562477656],[-94.92193161214688,29.288777087214655],[-94.92214017481447,29.288910003553443],[-94.92249267583054,29.288970595491165],[-94.92276891993576,29.28880459785604],[-94.92315917733531,29.288370223617353],[-94.92411364967307,29.288089409311883],[-94.92417051282169,29.288188399883158],[-94.9242460431827,29.28815528757909],[-94.92474265732582,29.287499925268353],[-94.92659707012027,29.287758617940682],[-94.92794804218438,29.28776413856842],[-94.9283691897663,29.287290568010526],[-94.9291615372586,29.28709202283347],[-94.92984647443191,29.28680004196477],[-94.93099011132401,29.286700546024697],[-94.93145481082817,29.286551859644987],[-94.93271834910685,29.285544133593294],[-94.93300106837022,29.285323433347564],[-94.93360465386239,29.285130401975653],[-94.93423882934027,29.284771029500593],[-94.9349738904403,29.284616593452075],[-94.93521239638183,29.28442373309232],[-94.93380551983157,29.28416554597526],[-94.93339687338366,29.284187795078306],[-94.93302630756236,29.28400738641585],[-94.93279589014372,29.284011881340753],[-94.93200853625272,29.284117781334203],[-94.93183875011125,29.28398574341037],[-94.93142465536928,29.283947156285116],[-94.92976587198334,29.283430319431023],[-94.92880496918926,29.282945872292693],[-94.9284277562996,29.282846803035024],[-94.92829631122927,29.28268737135426],[-94.92793184121254,29.28249450570903],[-94.92685773972684,29.28239027687028],[-94.92634247664208,29.282153529280492]],[[-94.91974834751288,29.27802634675154],[-94.91896362653897,29.27839549863308],[-94.91850487888394,29.278505810781958],[-94.9182788343287,29.278610327385042],[-94.91826657360487,29.27870964035258],[-94.91839197405776,29.27875905588299],[-94.91883101490869,29.278725725949514],[-94.91919551233404,29.278450557848682],[-94.9198858450749,29.278175017470897],[-94.91992411475687,29.27810324645577],[-94.91974834751288,29.27802634675154]],[[-94.90334708411885,29.340766199911464],[-94.90325334228818,29.340380825489948],[-94.90310831709805,29.340149619792506],[-94.90177139560403,29.33962165829661],[-94.9006287920723,29.33871371160216],[-94.90020799641647,29.338543304704622],[-94.89987511558449,29.3382845533412],[-94.89961762241384,29.337651367867387],[-94.89928508955492,29.336126025846003],[-94.89919714207365,29.335900531593467],[-94.89901502970233,29.335762791001663],[-94.89875220165466,29.335726739367747],[-94.89852480126049,29.33582357546983],[-94.89765923360252,29.336930770380825],[-94.8974209630359,29.336980712270208],[-94.89703765927986,29.33685962757008],[-94.89688708041146,29.33691483083115],[-94.89666104151948,29.33730040300019],[-94.8969373128825,29.337514884055484],[-94.89816109324548,29.338147764205594],[-94.89919706271547,29.338901418491652],[-94.89949255525838,29.339198921672047],[-94.9003210062102,29.340525390014687],[-94.90104915363922,29.341202273454087],[-94.90137608919508,29.341395067952067],[-94.90201667668457,29.341493783429733],[-94.90281382224427,29.34143846158651],[-94.903278422965,29.341267550655708],[-94.90334708411885,29.340766199911464]],[[-94.90278829245038,29.341790829436512],[-94.90181504483827,29.341653590390568],[-94.9015143916231,29.341769494233755],[-94.90139469427642,29.342209941310806],[-94.90088001967256,29.342661694092435],[-94.90086136103285,29.3428381401652],[-94.90093019457765,29.34290388901174],[-94.90130671229049,29.34291489323237],[-94.90159564027144,29.342843252808297],[-94.90207956027406,29.342468400103876],[-94.90289541666279,29.3420108760819],[-94.9029016133627,29.341862467193906],[-94.90278829245038,29.341790829436512]],[[-95.14523429424848,29.210708746333594],[-95.14522160987863,29.210934693518332],[-95.14537813446425,29.211116877032513],[-95.1455789770618,29.211100457121837],[-95.14619402304763,29.21078188370451],[-95.14655117508096,29.21077656402873],[-95.14671362353425,29.210870501326816],[-95.14685070858854,29.211063934026402],[-95.14713322664409,29.21099761247539],[-95.14815010459124,29.210403569832266],[-95.14823866693703,29.210293755192613],[-95.14834630699481,29.20983091657658],[-95.1481780086706,29.209395432269513],[-95.14780870073572,29.209169356923294],[-95.1475951020281,29.209587572874337],[-95.14719925964116,29.209868072989668],[-95.1468601061626,29.21001652580039],[-95.1467478566734,29.209922749778507],[-95.14681022292862,29.209851161466993],[-95.14676720786588,29.20976862659952],[-95.14665426253963,29.20976843623896],[-95.1462710818804,29.209982660772685],[-95.14599536629892,29.210037499778167],[-95.1455741371168,29.210323567509],[-95.14523429424848,29.210708746333594]],[[-95.14467960667723,29.20410684621475],[-95.14401829487063,29.2038040763176],[-95.14377174835853,29.20317659343362],[-95.14333339425589,29.203358238897568],[-95.1432317823148,29.20349021273704],[-95.1432686621405,29.203727013153465],[-95.14339413302802,29.203916583974742],[-95.14370449970997,29.20401305753988],[-95.14372853520558,29.204167253382156],[-95.14360919472654,29.204249773514253],[-95.14360245618305,29.20434886043131],[-95.14446435145942,29.204695975163574],[-95.14470940512992,29.204393312292183],[-95.14467960667723,29.20410684621475]],[[-94.8944270956309,29.506884086643662],[-94.89634070397533,29.505768269466113],[-94.89556442575632,29.505334281896182],[-94.8944270956309,29.506884086643662]],[[-94.7992802035209,29.34685247186008],[-94.79949298385291,29.346914198661178],[-94.80024908139318,29.347776969725782],[-94.80034112186796,29.348157211921258],[-94.80020743700663,29.348453535759692],[-94.80019142115096,29.34904786118208],[-94.80038769271947,29.34974210235911],[-94.8006692245903,29.350090544295636],[-94.80337578639242,29.35186019256941],[-94.80388320403806,29.35227535754348],[-94.80551953653377,29.352988323655474],[-94.80667328902734,29.353616133581756],[-94.80709353651709,29.353706295236933],[-94.8083197383445,29.353800907984898],[-94.80898681331945,29.35368334057199],[-94.80977552132872,29.353214583770086],[-94.8109670127094,29.352736849581788],[-94.81311822463961,29.351500028311932],[-94.8141027287854,29.351048131564326],[-94.81492693971785,29.350843238164444],[-94.81663880950802,29.351562456603336],[-94.81704621965433,29.352824141007623],[-94.81764758462627,29.35330571996808],[-94.81842531177737,29.35372189176673],[-94.820439510312,29.35440847547659],[-94.8217147680162,29.354541436607402],[-94.82255809636844,29.354507406390713],[-94.82311225996352,29.354296022449997],[-94.82365081807302,29.353787388556114],[-94.82453784398565,29.353714859866237],[-94.82492166786396,29.35357431675133],[-94.82553230401821,29.353483615941876],[-94.82680689669388,29.352874573602485],[-94.82769848218952,29.35196118940881],[-94.82894261861253,29.351170599842163],[-94.8294865079391,29.350634627015893],[-94.83063531239642,29.348930958734755],[-94.83096750714894,29.348220090552164],[-94.83108880326567,29.347625625934164],[-94.8310974468356,29.347196524459783],[-94.83101842946344,29.34705004572507],[-94.83098013108966,29.346860689998355],[-94.83066777543885,29.346380993373025],[-94.83057265482172,29.346633478740163],[-94.83073072572775,29.34756285765747],[-94.83067163009449,29.3479806037663],[-94.83032214633029,29.348643573414172],[-94.82981584152463,29.34910812934668],[-94.82949191537446,29.34964515916531],[-94.82933191609204,29.3501723633689],[-94.82917339138075,29.350435335780944],[-94.82885198265687,29.350554356583476],[-94.82834243447783,29.350606866803112],[-94.82803237757643,29.35085265372919],[-94.82758275302884,29.35138867135267],[-94.82733481347769,29.351811128370507],[-94.82701202393255,29.352089407304735],[-94.82660604447564,29.351730108646592],[-94.8261106014289,29.351502379599104],[-94.8253714745936,29.350877236256512],[-94.82504716419285,29.350474462596104],[-94.82470484073984,29.349878917090248],[-94.82395366571488,29.349303158247416],[-94.82381086775187,29.348989356692787],[-94.8236569043049,29.34827934586589],[-94.8235322424661,29.348141414232327],[-94.82299966117817,29.347770053695555],[-94.82244612630284,29.3477780668743],[-94.8221843703979,29.34752924132214],[-94.821989449427,29.347456600851814],[-94.82154187496911,29.346027232151187],[-94.82152092862356,29.345777421253327],[-94.82136578964037,29.345518490826816],[-94.82151857143889,29.34506844087356],[-94.82202745514205,29.344142215896042],[-94.82206531705808,29.343680611873566],[-94.8222587284982,29.343324045906797],[-94.82217207216706,29.342988792953626],[-94.82300427501376,29.342630145398974],[-94.8230816182291,29.34237246562474],[-94.8228066971989,29.342090744700794],[-94.82230382091478,29.34203270440349],[-94.8220070158912,29.3422070768629],[-94.82184402511403,29.342140213524484],[-94.82176974521954,29.342029819387367],[-94.82142283008668,29.341137439904127],[-94.82111101723348,29.339629153327852],[-94.82091864472572,29.33820972180887],[-94.8209390024632,29.33788572110457],[-94.82111824397573,29.337336936137934],[-94.82280204039708,29.334377154840958],[-94.82325689555202,29.33307674304987],[-94.82321478269056,29.332598054770195],[-94.82335708919439,29.33204881426541],[-94.82335245806836,29.331751989060223],[-94.82353787000294,29.331263698815402],[-94.82321996688437,29.329326430766432],[-94.82320229540576,29.328577559798784],[-94.8233194140014,29.327896169264836],[-94.82370446704978,29.326534057777177],[-94.82416417075835,29.325392475326357],[-94.82423058103109,29.3248373576349],[-94.82383215534834,29.319520983747655],[-94.82367238675081,29.3188324105475],[-94.823730551352,29.31844764644511],[-94.82318688773977,29.31670657906811],[-94.82299124090278,29.315643864935076],[-94.82260149806129,29.314811111035432],[-94.82173638343853,29.313881961430447],[-94.82136645018493,29.313660366069893],[-94.82071972291493,29.31356337846925],[-94.8203375387259,29.31333576601113],[-94.81860536324746,29.31282618468397],[-94.81840370579874,29.312940442688678],[-94.81732295905735,29.31280847332311],[-94.81677155568737,29.312470021409464],[-94.81646368037343,29.312573051414432],[-94.81637593069775,29.312539500932417],[-94.81632641490609,29.312363367134832],[-94.81618213992937,29.312329240546394],[-94.81488775228391,29.312212601823884],[-94.81444788194106,29.312287163429858],[-94.8137421572884,29.31253116991123],[-94.81370365657841,29.31267928281541],[-94.81412422903263,29.312730913477647],[-94.81390042949947,29.31458860818678],[-94.81323505123439,29.314546575608073],[-94.81347293227569,29.312469200888625],[-94.81309583426462,29.31245618645495],[-94.81284367012836,29.312575597614686],[-94.81020400084203,29.312588951557995],[-94.80996387596628,29.312791437623233],[-94.80961195170441,29.313927756167246],[-94.80946074578318,29.314053020851524],[-94.80933402174355,29.3140581453491],[-94.80889442975979,29.314039098284884],[-94.8083430567367,29.313833082259734],[-94.80835605412365,29.31361854731244],[-94.80856066044063,29.313124871130817],[-94.80850515934257,29.31289890017159],[-94.80829861224055,29.31276588109872],[-94.80727522342201,29.312722217113386],[-94.80748236629249,29.31256380253398],[-94.80731383201179,29.312425083108355],[-94.80708646628341,29.312594378063253],[-94.80624509465072,29.312347896634034],[-94.80574295710039,29.31232318598071],[-94.80478083533863,29.312367703535507],[-94.80401348322226,29.312500710523075],[-94.80357338113461,29.312520508574025],[-94.80267558869555,29.312389398602413],[-94.80214003272344,29.312490965073366],[-94.80124959196586,29.31222213928587],[-94.8009732747501,29.31220460217428],[-94.80034999314371,29.312228250370104],[-94.79983394101477,29.31247891164556],[-94.79945069024002,29.312316927790015],[-94.7987773639269,29.312379803137315],[-94.79865784999787,29.31241171407508],[-94.79861901438547,29.312653769271915],[-94.79821586299029,29.31280548596858],[-94.79817662768649,29.313025146478225],[-94.79841970390466,29.313356197832324],[-94.79831893467119,29.313405053597016],[-94.79901595853721,29.31461848490933],[-94.79894040066465,29.314739261464922],[-94.79885198188063,29.314748018505284],[-94.79818586677878,29.313646327294805],[-94.79810373781203,29.313684245581456],[-94.79875534192003,29.31480703888731],[-94.7985620678308,29.314852451895444],[-94.7983560253419,29.31468087549876],[-94.79738457732228,29.313075889369692],[-94.79751060781189,29.313010517781468],[-94.79706174967465,29.312282503394734],[-94.79684091827357,29.312402494500073],[-94.79827978217013,29.314784759017087],[-94.79814014225698,29.31498757363616],[-94.79797637184835,29.315068943913552],[-94.79749618704311,29.31432415124244],[-94.7974236970426,29.314358341352122],[-94.79786292988179,29.315089745578838],[-94.79772451169985,29.315122601208692],[-94.79675867563232,29.313721577858832],[-94.79667637521395,29.31374813731995],[-94.7975542439678,29.315237082533464],[-94.79733354155837,29.31538424935204],[-94.79723901626156,29.315345272369598],[-94.7964722937392,29.314230818670243],[-94.79713800545436,29.315383454881744],[-94.79709976096503,29.31548201326143],[-94.79686054484904,29.315519343728592],[-94.79678499006651,29.315595741345422],[-94.79603160526622,29.31430564181887],[-94.79617535966082,29.314231699135824],[-94.79600302213684,29.313929035676423],[-94.79577586747685,29.314034978060576],[-94.79516528176585,29.313041877988134],[-94.79508292200927,29.313069108551613],[-94.79626589664153,29.315109502377805],[-94.79611436538988,29.315196528297836],[-94.7964444553853,29.315780647051977],[-94.79609122390922,29.315938556921882],[-94.79556509614025,29.315069358322],[-94.79570702444963,29.31498537382813],[-94.79542730501834,29.31456128301318],[-94.79528767139267,29.31463158056298],[-94.79510732337532,29.31436127676623],[-94.79502701923103,29.314394112295563],[-94.79497512510405,29.314322121609653],[-94.79488719913334,29.314365306768302],[-94.79506719723958,29.314671397666576],[-94.79513719540766,29.314625067327533],[-94.79535535212676,29.3149671414786],[-94.79524333257376,29.315034807054634],[-94.79542242335346,29.31531367721153],[-94.79551989069304,29.31526847399252],[-94.79596559796376,29.31598156567773],[-94.79547350473987,29.316209810729813],[-94.795260788675,29.316104374232026],[-94.79500572458218,29.315586322473656],[-94.79461818556452,29.315254490112537],[-94.79427924463059,29.315115297184903],[-94.79400188534639,29.315279055402844],[-94.79387607593335,29.315267007097408],[-94.79331366866646,29.314665089536724],[-94.79292509328127,29.314470500856213],[-94.7923010646014,29.31465409374839],[-94.79177012200067,29.315036275893256],[-94.7912790764626,29.315170938845437],[-94.79116466146536,29.31535721576464],[-94.79045831532429,29.315787579887417],[-94.78995887017922,29.316197227112433],[-94.78947388000485,29.31640955129926],[-94.78835631591798,29.3172001775034],[-94.78787035957836,29.317445511020498],[-94.78718744392691,29.31802410854078],[-94.78680114982174,29.318461765297883],[-94.78584719968703,29.31923225163479],[-94.7858583033005,29.31939135324698],[-94.78700630945453,29.320073169357798],[-94.78667700586999,29.320472562972686],[-94.78542291601427,29.319718936978216],[-94.78491104562684,29.320051641414402],[-94.78453602800703,29.32083562707572],[-94.78421387047706,29.321042954732345],[-94.78406242349628,29.321025347569677],[-94.78369470948006,29.321496471234024],[-94.78373242419565,29.321584397351995],[-94.7848232165056,29.322293121408475],[-94.78446878334438,29.32269253010268],[-94.7833715051757,29.321972873558337],[-94.78316184298764,29.322235399647685],[-94.78301157489672,29.322196190984105],[-94.78263721289977,29.322820858823032],[-94.78226910733015,29.323225867108636],[-94.78172548878432,29.323695944293497],[-94.78129623111953,29.323952185684465],[-94.78143150233215,29.32453520776649],[-94.78133355963176,29.325073190155624],[-94.78160881220887,29.326415606508125],[-94.78161863492501,29.32687749252056],[-94.78148023032645,29.327964758653177],[-94.78075869912209,29.329599243982848],[-94.78081711582497,29.330473695096657],[-94.78103757546926,29.33138749063283],[-94.78096403250268,29.332041399964496],[-94.78068196851916,29.332760362760855],[-94.77991379976261,29.33381307517188],[-94.77955411112367,29.333855054234306],[-94.77890048497672,29.333709415001966],[-94.77874868355285,29.333829790056814],[-94.77820143901394,29.33370676098716],[-94.77751529052306,29.335617313483514],[-94.77743291863894,29.335688257994832],[-94.77717380378367,29.335715104477877],[-94.77668016094779,29.33717038306067],[-94.77769814797679,29.33742224976251],[-94.7781084202405,29.33629113327658],[-94.77829880512094,29.33615409175097],[-94.77847083164018,29.335802957439483],[-94.77892715837086,29.335409117890404],[-94.7797472438864,29.335132160215785],[-94.78074284955868,29.335142183264338],[-94.78120960671806,29.334934615559412],[-94.78153507791423,29.33490642285148],[-94.78195191343849,29.33500958233521],[-94.78241756541242,29.335027712340118],[-94.78257453688872,29.335132935145698],[-94.78357437137096,29.33531346504957],[-94.78445598008344,29.335251332047086],[-94.78477702367867,29.335329575742353],[-94.78520318722275,29.335557026230557],[-94.7854283182849,29.335827486508236],[-94.78575751290452,29.336472485628462],[-94.78600599483131,29.33783272341261],[-94.78642027834772,29.338913466712555],[-94.78641723379813,29.33920482731027],[-94.78668887239161,29.340059445533242],[-94.78753151905178,29.341004678229083],[-94.78850632432945,29.34191780536725],[-94.79046490262125,29.342505536725334],[-94.79181240188596,29.342386109345526],[-94.79224530644522,29.342547722292945],[-94.79287930978572,29.342650501525043],[-94.79500052988408,29.34251877856136],[-94.79543996324858,29.342543341602767],[-94.79556690900469,29.342461142439745],[-94.79520267510365,29.342338146424165],[-94.79337274858244,29.3423559217586],[-94.79315312047383,29.342216807037925],[-94.79319779187983,29.34214569538729],[-94.79385281060118,29.342061087207803],[-94.79442801251882,29.34161806964086],[-94.79457262958996,29.341602692795703],[-94.79546813563206,29.342163223194454],[-94.79605161550529,29.342403292152227],[-94.79663023754036,29.34239571531663],[-94.79683071346355,29.342452109955225],[-94.79696207999608,29.342551817045297],[-94.79692360958234,29.342639697963655],[-94.7962548618006,29.34292196445843],[-94.79618534818104,29.343076030734547],[-94.79630954877379,29.343236329755346],[-94.79664279758501,29.3432489743386],[-94.79711839078834,29.34367009732395],[-94.79711741776246,29.34374712589723],[-94.79698535508426,29.34376304824407],[-94.79657694715658,29.34362825643148],[-94.79640690354628,29.343737585983803],[-94.79637286912582,29.34418320924459],[-94.79665955960664,29.344581434007566],[-94.7971401062662,29.345057456919005],[-94.79716919834723,29.345454056533942],[-94.79740478682398,29.34595582582917],[-94.79766455142651,29.34592350503371],[-94.79792069353861,29.345975606775255],[-94.79853976666355,29.346491061811356],[-94.798797704919,29.346530899995198],[-94.7992802035209,29.34685247186008]],[[-94.82640959709825,29.51851287478045],[-94.82647865991022,29.51855149649808],[-94.82656097301569,29.51843963913029],[-94.82640959709825,29.51851287478045]],[[-94.72177466145929,29.781878148273123],[-94.72076682268182,29.782130854244933],[-94.71931936300902,29.782688669838933],[-94.71901855979272,29.783004138826627],[-94.71846093702815,29.784598967869233],[-94.71811742127328,29.78514051948905],[-94.71753520805767,29.785842962063608],[-94.71685715400777,29.786353063808154],[-94.71594568612022,29.786858749039475],[-94.71494897784427,29.787844169290924],[-94.71451704142754,29.78836960457262],[-94.71416751797531,29.788960750225097],[-94.71377358835633,29.790532765861265],[-94.7130835573308,29.791153093548914],[-94.7128508856636,29.79126989013768],[-94.7126241721776,29.79133156001018],[-94.71201191247144,29.791268375467826],[-94.71179144528891,29.791318984678156],[-94.71457418613033,29.792523246201064],[-94.7165984942518,29.79348864584488],[-94.71732010299706,29.793903866091494],[-94.71961941811452,29.79545734599417],[-94.72220534355704,29.797400573563984],[-94.72410619574002,29.79869702958],[-94.72491161578132,29.799354214312554],[-94.7256742842837,29.800248480652353],[-94.72641337997933,29.801418275244533],[-94.72681976465806,29.801829459754615],[-94.72709853204294,29.802009917143355],[-94.72767404890674,29.80220544708159],[-94.73021469921314,29.80274962771639],[-94.73422567749837,29.8031655797103],[-94.73785711802535,29.803412556160552],[-94.74056831199462,29.80391725627394],[-94.7412072653381,29.804156498033024],[-94.74196517905763,29.8042244192166],[-94.74250673129447,29.803979495020233],[-94.7439039327209,29.804363723526095],[-94.74403992348829,29.803834390858345],[-94.74394345032269,29.803509919173017],[-94.74376658925611,29.803488758714995],[-94.74317435753784,29.803700905771805],[-94.74265649415268,29.803659342634795],[-94.7424849719255,29.803467421109357],[-94.74242430766603,29.80276826358908],[-94.74192220305554,29.802159366251217],[-94.74146976467385,29.801406996058624],[-94.74138530594551,29.8009778140604],[-94.74131275245654,29.79929831206163],[-94.74110675998088,29.798599793331437],[-94.74092194245175,29.79830323907291],[-94.74080473232668,29.797681402208568],[-94.74068998905324,29.79749466467631],[-94.73970819565427,29.796976022639335],[-94.73960119163216,29.79703712623134],[-94.73946389446952,29.797313169975414],[-94.73922414794104,29.79735284838639],[-94.73893586536084,29.797728757030843],[-94.7388159743072,29.797745858450703],[-94.73881471137094,29.79752552592704],[-94.73897090278489,29.79723837313085],[-94.73899472653831,29.796995902770806],[-94.73917664658188,29.796785735662603],[-94.73974862834098,29.79526275419556],[-94.73984739984415,29.792816466655218],[-94.73976254932707,29.79237615582541],[-94.73958358713712,29.79204093614634],[-94.73936120080404,29.79182713038983],[-94.73835332562479,29.791236873068144],[-94.73789000535342,29.790875443441397],[-94.73748437407582,29.790645956267525],[-94.736724993719,29.79039609325547],[-94.73588235522251,29.789964825301933],[-94.73527470251877,29.789736285324217],[-94.73506526044335,29.789572011155432],[-94.73507715851058,29.78945626284757],[-94.73496302950865,29.78938517223384],[-94.73441423673727,29.789464881984458],[-94.73446910788692,29.78916161002513],[-94.73390724129082,29.789175283834417],[-94.73362261460217,29.789093991973722],[-94.73352676677402,29.788918148745378],[-94.73369620254545,29.788757580232573],[-94.73417581534208,29.788722270696553],[-94.7343330927618,29.78863337729575],[-94.7341484349363,29.788391854485216],[-94.73360513403034,29.78833932045147],[-94.7335287975954,29.788251525641993],[-94.7336387853782,29.787689061100174],[-94.73357241082331,29.78718804993332],[-94.73311880195493,29.786363791967776],[-94.73287086513766,29.786095024996285],[-94.73260429647958,29.78587591709118],[-94.73217445064536,29.785784294336487],[-94.73200446372137,29.785856721509045],[-94.73187945610148,29.78604461835237],[-94.73186757826223,29.786160367253405],[-94.73212212480182,29.78647869660424],[-94.73213568646126,29.786621872336962],[-94.7320357973446,29.78679312131789],[-94.73166914552654,29.78671221988687],[-94.73126990618177,29.78647170598605],[-94.73113159241547,29.78656050540009],[-94.73108225884855,29.786742553379806],[-94.73121709779736,29.788080621901127],[-94.73110592685187,29.78846679638819],[-94.73082318527325,29.788671963002333],[-94.73067185234522,29.78870021723904],[-94.73022879433152,29.78851502361484],[-94.7300488145845,29.7880035279973],[-94.72988982348132,29.787816959966793],[-94.72964939733845,29.787729962288804],[-94.72928319057907,29.787709650363706],[-94.72854521727014,29.787790293404132],[-94.72775818248276,29.7880915100801],[-94.72738000208973,29.78817044196091],[-94.72661632211076,29.788163050317213],[-94.72606028721793,29.788055506217404],[-94.72482382036348,29.7881164982579],[-94.72445838745374,29.788206386479484],[-94.72404809353061,29.788180791783414],[-94.72322948201435,29.788449141985886],[-94.7221446036817,29.78850390432764],[-94.72089863780835,29.789022212577052],[-94.7202927287915,29.788981031033092],[-94.72205430345268,29.788190305984834],[-94.72286757981259,29.78808727008922],[-94.72386869985127,29.787746432240933],[-94.72438954064755,29.787286679458095],[-94.72456484588744,29.78707099242955],[-94.72461419110326,29.78688896069714],[-94.72450618841178,29.786773790610436],[-94.72436726578938,29.786757911094487],[-94.72397042419063,29.786864486766422],[-94.72379350283518,29.786826771589684],[-94.7236097917141,29.78671194916247],[-94.72311710625726,29.786626154545544],[-94.72293986201286,29.786533340675756],[-94.72296458758119,29.786450585411703],[-94.72432154206295,29.786510222106862],[-94.72483195332107,29.786397614415808],[-94.72490703708056,29.786298086761565],[-94.72488722455057,29.78615496083448],[-94.72478576934134,29.786078299391214],[-94.72448318332354,29.78612383608378],[-94.72436247246526,29.785997681881415],[-94.7244045356485,29.7856614218132],[-94.72452943026205,29.785457010789564],[-94.72484313866605,29.785174538247926],[-94.72573100615013,29.784878326896727],[-94.72597591948804,29.784689843291105],[-94.72641410486024,29.784136845111174],[-94.72657909349387,29.783293159726053],[-94.72654606047917,29.783061941981334],[-94.72665287591394,29.782989819717372],[-94.72665849141501,29.782879615691172],[-94.7262463380499,29.782573050144798],[-94.72615549756345,29.782182338904622],[-94.72628077509034,29.782038492882464],[-94.72658447384389,29.78216377196154],[-94.72667266022893,29.782141315500276],[-94.72650430866717,29.78147550837286],[-94.72654112056246,29.78131005215362],[-94.72726285252668,29.780700603007435],[-94.72713640108164,29.780662646960256],[-94.72575628454405,29.78093917054242],[-94.72493615996467,29.78095297525147],[-94.72462297797293,29.780964227954215],[-94.72426658748901,29.780847102773322],[-94.72347189386257,29.780894942330068],[-94.72271081325957,29.781262171042638],[-94.72177466145929,29.781878148273123]],[[-94.76385924560842,29.77868544601734],[-94.76386176449823,29.779171004685228],[-94.76413838413256,29.77932692058699],[-94.76447936435179,29.779334186491294],[-94.76461144464558,29.77940109979133],[-94.76460443131916,29.779489325866294],[-94.76446463283023,29.77959895183783],[-94.76399661335199,29.779690359284917],[-94.76396807769196,29.780104027206473],[-94.76387925002251,29.78015874354063],[-94.76361490371066,29.78004704141198],[-94.76345020947554,29.780106886929953],[-94.76338136745383,29.780029305207705],[-94.76340159095234,29.779869375914537],[-94.76364410574759,29.77954507935567],[-94.76359584051015,29.779257918024705],[-94.76338984082558,29.778953361479935],[-94.76336762716235,29.77856699778187],[-94.76313631318875,29.77826783730914],[-94.76272129488127,29.778044943773796],[-94.76205649131256,29.77746203870753],[-94.76167022379114,29.776792264952086],[-94.76156923769707,29.776786198744375],[-94.76142836427647,29.77703929192358],[-94.76157463226048,29.777713332426423],[-94.76131859587987,29.778153458838553],[-94.76127044216497,29.778655412470016],[-94.7614052854269,29.77916934511293],[-94.7617516718907,29.779287027509913],[-94.76179512679447,29.779381059966898],[-94.76170556891542,29.779524066395133],[-94.76186924670887,29.779591132043084],[-94.7618875668565,29.779668496295976],[-94.76159629323018,29.7797663149106],[-94.76148917273923,29.779738179462747],[-94.76104421785143,29.77931095593172],[-94.76093086266224,29.779271734245818],[-94.76030508300207,29.779351277645194],[-94.76001590250819,29.7791897144647],[-94.75919078997967,29.77972079626141],[-94.75846445070286,29.77974463589451],[-94.75829519066816,29.779589193370303],[-94.75805852025152,29.77918498559283],[-94.75795125701039,29.77917338478132],[-94.75791841387091,29.779333303762076],[-94.75813645585465,29.77969874272166],[-94.75816647195994,29.779892097650126],[-94.75801448993148,29.779946511053105],[-94.7566700115514,29.779895282117653],[-94.7564985282066,29.780021330342777],[-94.75650285493195,29.78026425746272],[-94.75663463761583,29.78036432981704],[-94.75687595941827,29.780194471406666],[-94.7570086236786,29.780184117142113],[-94.75700728410511,29.780349717899526],[-94.75693094381575,29.780421094591453],[-94.75651234524163,29.780650733342654],[-94.75554369549926,29.780971331793463],[-94.75506772759795,29.781045526544666],[-94.75505538320066,29.78123373765451],[-94.75491589159688,29.781304757815924],[-94.75379051526915,29.781497447661845],[-94.75346935639448,29.781396320818082],[-94.75331672547847,29.78153350267913],[-94.7531395767252,29.78157670562684],[-94.75267297840408,29.781507872161853],[-94.75225383816307,29.781809198626963],[-94.75189429577166,29.781774051869913],[-94.75167221700644,29.781910828965923],[-94.75155070906231,29.782097875286098],[-94.75127920111903,29.782107371565573],[-94.75091006431566,29.782469672002343],[-94.7502074543716,29.782946518267366],[-94.74977354475962,29.783126672989855],[-94.74958580228194,29.78333698442238],[-94.7491698047502,29.78339415962773],[-94.74874605116074,29.783258514299195],[-94.74853197814208,29.78332019576261],[-94.748107335302,29.78392288221219],[-94.74725897422537,29.784406448687225],[-94.74722819590801,29.784511291780056],[-94.74739380306181,29.784719871810577],[-94.74756741148572,29.78515982790025],[-94.74751115813115,29.78523725293809],[-94.74739127126672,29.785237845743094],[-94.74690851752516,29.784810416999303],[-94.74671298992969,29.78482791081853],[-94.7453913718456,29.78535228131385],[-94.74425093422406,29.785644315535087],[-94.74339504386394,29.786017614145884],[-94.74105155073705,29.786756063831927],[-94.74063785855958,29.787198803579628],[-94.74041631595354,29.788048326830978],[-94.74022214044498,29.788280632072645],[-94.7399122024319,29.788204966908904],[-94.73979789311566,29.788106327976696],[-94.73944651927792,29.787501948162085],[-94.73910604190472,29.78664405786843],[-94.73894110344816,29.786529145288483],[-94.7384738689595,29.786531352076178],[-94.73820787150343,29.786411411490086],[-94.73776332254668,29.786033351728086],[-94.73750156702005,29.78560485139257],[-94.73722851623212,29.78537472517519],[-94.73652003863732,29.785168731003314],[-94.73611004556338,29.78522575431684],[-94.73583201078407,29.78518851176518],[-94.73563688579402,29.785277591559304],[-94.73549946422473,29.785498610023183],[-94.73518969752877,29.785433962253833],[-94.73507822237308,29.78549139311982],[-94.73505227168455,29.78660810707461],[-94.73522687328523,29.787235343644564],[-94.7351658746584,29.78756067551471],[-94.73547327463886,29.788225832482876],[-94.73569546511044,29.78840660505993],[-94.73640479323652,29.788733841858843],[-94.73706255729603,29.788896013370774],[-94.73797267311718,29.78901846275123],[-94.73890946384579,29.789350135619244],[-94.73932767534279,29.789568544005668],[-94.7396964326508,29.789946945411163],[-94.73998646318256,29.790633989099906],[-94.74004399845842,29.79095351064105],[-94.74052301850718,29.79179414305222],[-94.74062743709855,29.792328031006868],[-94.7405320090561,29.793231924311982],[-94.74053846650251,29.79533614907358],[-94.74035810979869,29.795805216342227],[-94.7404531651832,29.79586537342918],[-94.74102135727138,29.795835145570894],[-94.74124918690406,29.795922220467435],[-94.74107303228908,29.79603321436764],[-94.74039799247379,29.796146549489126],[-94.740385809409,29.796223718849827],[-94.7404879900887,29.79641602416395],[-94.74103933956549,29.796754942382538],[-94.7414141377686,29.79713872323525],[-94.7418218918756,29.79777021494278],[-94.74226525407633,29.798010469215868],[-94.74261907868953,29.798052854154935],[-94.742695386164,29.798146128889446],[-94.74250786222721,29.798483001264103],[-94.74196660929795,29.79879398725894],[-94.74193560879039,29.79889880688493],[-94.74197038758602,29.799471437854027],[-94.74213183807399,29.800115057403556],[-94.74215567169657,29.800996170229823],[-94.74243747826642,29.80172180795688],[-94.74306419083328,29.802032713995853],[-94.74317938760957,29.802318544384296],[-94.74383761860523,29.80262377247835],[-94.74430006408491,29.80292443356358],[-94.74457993100894,29.803308571066605],[-94.74527180425892,29.80401562915202],[-94.745367257614,29.804158345139697],[-94.74528060775978,29.804472676090263],[-94.74512955932052,29.804550508721398],[-94.74472576776272,29.804585526484203],[-94.74477104877553,29.80478905796453],[-94.7451013380879,29.80516191734431],[-94.74922994429018,29.807630624690024],[-94.75020750523937,29.80792885781698],[-94.75047528082307,29.808155775783916],[-94.75165189712487,29.8087463312006],[-94.7531579240723,29.809195513618977],[-94.75483018465296,29.810251477464313],[-94.7558033017013,29.811050185764493],[-94.75708191425686,29.811520109355627],[-94.75741014331655,29.811543952560374],[-94.75843103591494,29.810971130114634],[-94.75962015843395,29.810718734591582],[-94.76118034181496,29.810688697610594],[-94.76191782495897,29.810891063595033],[-94.76240384032529,29.810932277359658],[-94.76315688306069,29.810732486777663],[-94.76390496010787,29.810345296471485],[-94.76567167028628,29.80971557663559],[-94.76635631149561,29.809366578962923],[-94.76698289299928,29.809188065022088],[-94.76891521435726,29.809242432009903],[-94.76966100321819,29.80917477892692],[-94.77043934366476,29.808969506478057],[-94.77130103968275,29.80859383531504],[-94.77174559508337,29.80825449769307],[-94.77189872029025,29.80804037098101],[-94.77220782040426,29.807220854852364],[-94.77241874113179,29.80687475366857],[-94.77283728689915,29.806639975355687],[-94.7739380054421,29.80639231968566],[-94.77437600843238,29.8060860056137],[-94.7760432748023,29.80435321816556],[-94.77660851399305,29.803915303725912],[-94.77822539658725,29.80302005502177],[-94.77932732882705,29.80258509121646],[-94.77960571144084,29.802509434107314],[-94.78040146233555,29.802491731824723],[-94.78086198261016,29.80254936026908],[-94.78106298164963,29.802693760824514],[-94.78186962395677,29.80290764260856],[-94.7830805114133,29.80310170487082],[-94.78335811692999,29.80313080367355],[-94.7836817856906,29.802901098941216],[-94.78380127074087,29.80296789523138],[-94.78381813695528,29.803254574583303],[-94.7835951941857,29.80352341054187],[-94.78358117799331,29.803716236193424],[-94.78458548191777,29.804537452325572],[-94.78499668171735,29.805311279059946],[-94.78520355425123,29.805516338286044],[-94.78544220974209,29.80569951755679],[-94.78578848918342,29.805839183797097],[-94.7865459701598,29.80586536898959],[-94.78680428278041,29.80594394125286],[-94.78748312355256,29.806377488100633],[-94.78775690831628,29.806952133728043],[-94.7876827723167,29.807624071119083],[-94.78777573619949,29.807872555123943],[-94.78756536464466,29.80816350219826],[-94.78751356985747,29.808345103398686],[-94.78756356866185,29.808422519853867],[-94.78981714975248,29.81035250135852],[-94.79100743659511,29.81081079122735],[-94.79220049866241,29.81085575580605],[-94.7925679098718,29.810681369809267],[-94.79267627765242,29.810527640455327],[-94.79257599440969,29.810416874683145],[-94.79185792918669,29.810159538675226],[-94.79158190923826,29.809893539377413],[-94.79056355594287,29.809226770762162],[-94.79030649839893,29.80896087582882],[-94.79020751988773,29.808662744953022],[-94.79019760790874,29.808271431620643],[-94.79090138319864,29.806026826213657],[-94.7914833636422,29.804966411176284],[-94.79199084640618,29.80462748584683],[-94.79337620760481,29.804249188468873],[-94.79405236586344,29.8041646160278],[-94.79438207329198,29.803967991244818],[-94.79524269415035,29.80369151145428],[-94.79597627593667,29.80262635190252],[-94.79609922231526,29.802202711539344],[-94.79598049335954,29.802031279717266],[-94.79552687826738,29.801891140521175],[-94.79487059553828,29.80184360661892],[-94.79411875969573,29.801916760917546],[-94.79348477414064,29.801400912878396],[-94.79308829722717,29.801222453337143],[-94.79284424561021,29.8009180874032],[-94.79284714565208,29.800515849975163],[-94.79330465108455,29.800105042638005],[-94.79390668552233,29.79978867279916],[-94.79468971124889,29.79976528866135],[-94.79526520344888,29.799630576502352],[-94.79562776325561,29.79925778232999],[-94.79569889197627,29.79902120449637],[-94.79558111891271,29.798717526396317],[-94.79525987610506,29.79861663593492],[-94.79420642743243,29.79849534172635],[-94.79382915247079,29.798283914093695],[-94.79346543160935,29.797945814200105],[-94.7933660277353,29.797724850746878],[-94.79328971734763,29.796936401355957],[-94.79372063399397,29.79498776498063],[-94.79388047862665,29.794713045024167],[-94.79413953256987,29.794681378925468],[-94.7945683107536,29.794749813209684],[-94.79471394709643,29.794689960927375],[-94.79491163634808,29.79442095776554],[-94.79490681092251,29.794216973928695],[-94.79480666380974,29.794100707705343],[-94.79442142970292,29.794120693889074],[-94.79406870244713,29.794014066267707],[-94.79320889288566,29.793336918423016],[-94.79229995302184,29.793326388937576],[-94.79202902329205,29.793258732461894],[-94.79194758302151,29.79317559226843],[-94.79166458768067,29.79218722347758],[-94.7914897808621,29.791927122372304],[-94.79077456048698,29.791344181071295],[-94.79058417185612,29.790637376673292],[-94.79066348062358,29.790163643044966],[-94.79091699976362,29.79002723094696],[-94.79238199966848,29.78994719477835],[-94.79283722787225,29.78985047095383],[-94.79314130820929,29.78970324006052],[-94.7931617109332,29.788666648921062],[-94.79328476409847,29.788253708669483],[-94.79368075011418,29.78763819331126],[-94.79365700779896,29.787439529372275],[-94.79337983674782,29.787360818490416],[-94.79185145521754,29.787473728634193],[-94.79161816984991,29.78743933986659],[-94.79124739002559,29.78722220667621],[-94.7911230073336,29.786973322614774],[-94.79130464594867,29.786323558249418],[-94.79118447715385,29.78551768091803],[-94.7912322940529,29.78503811656371],[-94.7915331523726,29.784482737782536],[-94.7915219004006,29.784300679809323],[-94.79132648105106,29.7834336839011],[-94.79090151937558,29.78286876928099],[-94.79018565042617,29.78237395869165],[-94.78924898058735,29.78186689859743],[-94.78761522336512,29.78171442746024],[-94.78710513779157,29.78155164886216],[-94.7869172825168,29.78135206517579],[-94.78682484669464,29.781053765841488],[-94.78685122638359,29.780904998132048],[-94.78742840299968,29.7805442336949],[-94.78767682754777,29.780247811893293],[-94.787744907383,29.779597420828026],[-94.78730924193508,29.777951581742293],[-94.78725042066893,29.77738874627232],[-94.78657808013142,29.776160786276506],[-94.78623394003252,29.775761834615103],[-94.78587527804875,29.775610960895893],[-94.78559574452754,29.775841033498846],[-94.7854419203653,29.7761434845669],[-94.78509149985487,29.776560665715785],[-94.78403271066537,29.77715040965778],[-94.78376683527812,29.777248195308438],[-94.78327439320445,29.77725100557319],[-94.78310512668749,29.777095645449215],[-94.78337735860805,29.776170698726293],[-94.78346778998232,29.775084818843897],[-94.78333093440874,29.77481936110456],[-94.78315471324163,29.774746694564023],[-94.78281884879277,29.774910277544976],[-94.78230796716225,29.775668469596546],[-94.78192046635563,29.775980684748575],[-94.78143960780537,29.776115882242102],[-94.78073820351018,29.77619473976638],[-94.7801900501858,29.776048347835456],[-94.77994526376614,29.775859500991952],[-94.77979047669608,29.775461583766408],[-94.77979440636263,29.77494872789459],[-94.77983360164707,29.77477800191377],[-94.78014609144354,29.774371624437254],[-94.78052609682668,29.774219309245666],[-94.78166360059689,29.774082216545775],[-94.78242286421722,29.77386580451844],[-94.78279058574275,29.773669325380403],[-94.78285554331097,29.773432550974192],[-94.78193381326922,29.773427453847106],[-94.78124381520456,29.773666286602012],[-94.78037903662192,29.773639456985364],[-94.78029143057825,29.773539698507328],[-94.78027492175683,29.773225269484172],[-94.78046601595167,29.7721950732764],[-94.78041050270376,29.772023819666867],[-94.78015929843768,29.77185146683466],[-94.77978768551728,29.771733585597353],[-94.77920596144669,29.77184066889541],[-94.77855003162227,29.771748803758104],[-94.77750050768812,29.771924970748156],[-94.77734826840062,29.772017872911167],[-94.77730853396001,29.772254804676027],[-94.77743288819191,29.772503661164492],[-94.77764634325459,29.77266477184115],[-94.77760142400811,29.772758280379488],[-94.77714686562963,29.772750254519696],[-94.77687429160082,29.772886627493083],[-94.7766958113058,29.773106242744923],[-94.77649649911933,29.773568390532382],[-94.77638301211005,29.77354569995481],[-94.77637161086108,29.773385712259426],[-94.77648193514379,29.773000271589108],[-94.77660985854675,29.77278588127699],[-94.77697842775487,29.77248460974371],[-94.77700430883574,29.772402031364834],[-94.77691068419759,29.77226363582556],[-94.77571313977519,29.772797488554364],[-94.77563652106693,29.77290736210232],[-94.77584246856786,29.773222862237393],[-94.77582263746793,29.773338568806658],[-94.7755893690705,29.773293148491682],[-94.77542629576354,29.773148853900853],[-94.77523093865864,29.773098151378115],[-94.77485750462881,29.77321190573173],[-94.77479959727334,29.77335497907544],[-94.7748360844149,29.77353719323759],[-94.77512363448001,29.773913788555774],[-94.77490459945982,29.774480650774844],[-94.77477141281996,29.77455712728257],[-94.77471654739291,29.774303138949843],[-94.77475636829561,29.774049653958222],[-94.77461386384756,29.773695894780527],[-94.77448225741406,29.77356281702897],[-94.77402915744051,29.773361771560136],[-94.77375803526304,29.77331062992341],[-94.77341524023238,29.77354590215595],[-94.77272473215876,29.773834436743616],[-94.77218983894088,29.773594325529007],[-94.77172054059591,29.773856497687646],[-94.7712715838454,29.773936774919136],[-94.77055157680371,29.774776747152124],[-94.76914342819069,29.775596490778234],[-94.76907909956756,29.775750595819186],[-94.76849688832633,29.775912942570724],[-94.76827302040998,29.774637455291543],[-94.76814745660224,29.774543013685843],[-94.76794503774153,29.774586038475427],[-94.76788657821679,29.77480085056104],[-94.76805346458707,29.77527065965226],[-94.76807009906257,29.775574137039666],[-94.76784622901931,29.7759425375198],[-94.7669783081303,29.77630748562676],[-94.76640570321085,29.776861615912026],[-94.76588022178967,29.77703536232806],[-94.76550796777106,29.776994753723805],[-94.76516586191978,29.777136383580856],[-94.76498142749205,29.77730645314626],[-94.76478847059644,29.77775784538698],[-94.76485084171776,29.77785748003389],[-94.76573552918238,29.777779382183382],[-94.76599344628563,29.77790762786604],[-94.76604223868489,29.778128566804753],[-94.76588331516854,29.778265655613808],[-94.76554378909601,29.778076288784632],[-94.76536911119068,29.778182128014276],[-94.76542762926438,29.77839568046981],[-94.7653006089095,29.778488813718344],[-94.76448260700724,29.778109357226487],[-94.76412116576107,29.77830057775692],[-94.76393181997759,29.778288541372305],[-94.76379389693734,29.77816092730739],[-94.76362950375388,29.778187643185227],[-94.76362149753723,29.77840280651648],[-94.76385924560842,29.77868544601734]]]]},"properties":{"kind":"bays"}},{"type":"Feature","geometry":{"type":"Polygon","coordinates":[[[-94.74382,29.48087],[-94.74645,29.48022],[-94.74827,29.47494],[-94.74625,29.47253],[-94.74499,29.47293],[-94.74366,29.47518],[-94.74208,29.47555],[-94.74382,29.48087]]]},"properties":{"kind":"col","id":1}},{"type":"Feature","geometry":{"type":"Polygon","coordinates":[[[-94.67396,29.48727],[-94.67354,29.48506],[-94.67197,29.48325],[-94.67258,29.48723],[-94.67396,29.48727]]]},"properties":{"kind":"col","id":2}},{"type":"Feature","geometry":{"type":"Polygon","coordinates":[[[-94.86135,29.51499],[-94.8623,29.51288],[-94.85787,29.51212],[-94.85582,29.51381],[-94.86135,29.51499]]]},"properties":{"kind":"col","id":3}},{"type":"Feature","geometry":{"type":"Polygon","coordinates":[[[-94.71193,29.53236],[-94.71545,29.53188],[-94.71552,29.52923],[-94.71261,29.53061],[-94.71194,29.5267],[-94.7105,29.52691],[-94.71193,29.53236]]]},"properties":{"kind":"col","id":4}},{"type":"Feature","geometry":{"type":"Polygon","coordinates":[[[-94.88542,29.51506],[-94.88853,29.5127],[-94.88554,29.51133],[-94.88395,29.50773],[-94.88118,29.50929],[-94.88542,29.51506]]]},"properties":{"kind":"col","id":5}},{"type":"Feature","geometry":{"type":"Polygon","coordinates":[[[-94.84273,29.49443],[-94.84961,29.49143],[-94.84762,29.48757],[-94.84069,29.4897],[-94.84273,29.49443]]]},"properties":{"kind":"col","id":6}},{"type":"Feature","geometry":{"type":"Polygon","coordinates":[[[-94.70182,29.47505],[-94.703935,29.474942],[-94.70699,29.47286],[-94.70455,29.47106],[-94.70275,29.46837],[-94.70025,29.47058],[-94.69782,29.46775],[-94.69783,29.47257],[-94.70182,29.47505]]]},"properties":{"kind":"col","id":7}},{"type":"Feature","geometry":{"type":"Polygon","coordinates":[[[-94.71843,29.5297],[-94.72115,29.52856],[-94.71683,29.52013],[-94.71302,29.52215],[-94.71315,29.5241],[-94.7169,29.52233],[-94.71938,29.52741],[-94.71769,29.52821],[-94.71843,29.5297]]]},"properties":{"kind":"col","id":8}},{"type":"Feature","geometry":{"type":"Polygon","coordinates":[[[-94.79242,29.4964],[-94.79607,29.49407],[-94.79115,29.4906],[-94.78831,29.49582],[-94.79242,29.4964]]]},"properties":{"kind":"col","id":9}},{"type":"Feature","geometry":{"type":"Polygon","coordinates":[[[-96.7249,28.32997],[-96.72732,28.32741],[-96.72184,28.32163],[-96.72106,28.32226],[-96.72154,28.3259],[-96.7249,28.32997]]]},"properties":{"kind":"col","id":10}},{"type":"Feature","geometry":{"type":"Polygon","coordinates":[[[-96.71772,28.26781],[-96.72078,28.26776],[-96.71986,28.25922],[-96.71693,28.26228],[-96.71772,28.26781]]]},"properties":{"kind":"col","id":11}},{"type":"Feature","geometry":{"type":"Polygon","coordinates":[[[-94.86479,29.50842],[-94.86559,29.50597],[-94.86141,29.50364],[-94.86035,29.50732],[-94.86479,29.50842]]]},"properties":{"kind":"col","id":12}},{"type":"Feature","geometry":{"type":"Polygon","coordinates":[[[-94.8345,29.49132],[-94.84093,29.48933],[-94.83903,29.48488],[-94.83694,29.48525],[-94.83682,29.48671],[-94.8332,29.48755],[-94.8345,29.49132]]]},"properties":{"kind":"col","id":13}},{"type":"Feature","geometry":{"type":"Polygon","coordinates":[[[-94.80522,29.54912],[-94.80897,29.54754],[-94.80805,29.54491],[-94.80328,29.54721],[-94.80522,29.54912]]]},"properties":{"kind":"col","id":14}},{"type":"Feature","geometry":{"type":"Polygon","coordinates":[[[-94.81266,29.51773],[-94.81484,29.51682],[-94.81452,29.51436],[-94.81656,29.51343],[-94.81595,29.51234],[-94.80859,29.51542],[-94.81266,29.51773]]]},"properties":{"kind":"col","id":15}},{"type":"Feature","geometry":{"type":"Polygon","coordinates":[[[-94.71944,29.48726],[-94.73056,29.4797],[-94.72813,29.47804],[-94.71796,29.48493],[-94.71944,29.48726]]]},"properties":{"kind":"col","id":16}},{"type":"Feature","geometry":{"type":"Polygon","coordinates":[[[-94.69617,29.53479],[-94.69847,29.53447],[-94.69612,29.52684],[-94.69335,29.52581],[-94.69534,29.52804],[-94.69168,29.52825],[-94.69617,29.53479]]]},"properties":{"kind":"col","id":17}},{"type":"Feature","geometry":{"type":"Polygon","coordinates":[[[-96.93451,28.09284],[-96.93937,28.08768],[-96.93569,28.08531],[-96.93084,28.0905],[-96.93451,28.09284]]]},"properties":{"kind":"col","id":18}},{"type":"Feature","geometry":{"type":"Polygon","coordinates":[[[-96.77959,28.3364],[-96.77966,28.33276],[-96.76894,28.33258],[-96.76867,28.33385],[-96.77108,28.33626],[-96.77959,28.3364]]]},"properties":{"kind":"col","id":19}},{"type":"Feature","geometry":{"type":"Polygon","coordinates":[[[-96.70855,28.25087],[-96.71572,28.24922],[-96.71404,28.24451],[-96.7068,28.24617],[-96.70855,28.25087]]]},"properties":{"kind":"col","id":20}},{"type":"Feature","geometry":{"type":"Polygon","coordinates":[[[-96.97742,28.0774],[-96.97802,28.07604],[-96.98136,28.07648],[-96.98201,28.07314],[-96.9772,28.07232],[-96.97519,28.07448],[-96.97583,28.07717],[-96.97742,28.0774]]]},"properties":{"kind":"col","id":21}},{"type":"Feature","geometry":{"type":"Polygon","coordinates":[[[-94.74768,29.4886],[-94.74983,29.48833],[-94.7488,29.48273],[-94.74666,29.48299],[-94.74768,29.4886]]]},"properties":{"kind":"col","id":22}},{"type":"Feature","geometry":{"type":"Polygon","coordinates":[[[-96.77985,28.3238],[-96.77993,28.31975],[-96.77216,28.31961],[-96.77213,28.32111],[-96.77412,28.32114],[-96.77405,28.3237],[-96.77985,28.3238]]]},"properties":{"kind":"col","id":23}},{"type":"Feature","geometry":{"type":"Polygon","coordinates":[[[-96.66173,28.25938],[-96.6637,28.25491],[-96.65736,28.25272],[-96.65349,28.25623],[-96.66173,28.25938]]]},"properties":{"kind":"col","id":24}},{"type":"Feature","geometry":{"type":"Polygon","coordinates":[[[-94.86871,29.44648],[-94.87214,29.4438],[-94.86837,29.44216],[-94.86785,29.44613],[-94.86871,29.44648]]]},"properties":{"kind":"col","id":25}},{"type":"Feature","geometry":{"type":"Polygon","coordinates":[[[-94.72691,29.49113],[-94.73234,29.48811],[-94.73117,29.48603],[-94.73042,29.48665],[-94.73034,29.48427],[-94.72153,29.49025],[-94.72209,29.49106],[-94.72691,29.49113]]]},"properties":{"kind":"col","id":26}},{"type":"Feature","geometry":{"type":"Polygon","coordinates":[[[-94.72222,29.478027],[-94.71611,29.47565],[-94.71148,29.4788],[-94.71722,29.48143],[-94.72222,29.478027]]]},"properties":{"kind":"col","id":27}},{"type":"Feature","geometry":{"type":"Polygon","coordinates":[[[-94.69707,29.46687],[-94.70224,29.46229],[-94.69872,29.45765],[-94.69701,29.45827],[-94.69707,29.46687]]]},"properties":{"kind":"col","id":28}},{"type":"Feature","geometry":{"type":"Polygon","coordinates":[[[-96.95809,28.07638],[-96.95964,28.07376],[-96.9506,28.06939],[-96.94876,28.07208],[-96.95809,28.07638]]]},"properties":{"kind":"col","id":29}},{"type":"Feature","geometry":{"type":"Polygon","coordinates":[[[-96.51719,28.60677],[-96.5229,28.60486],[-96.52123,28.60104],[-96.5168,28.6021],[-96.51719,28.60677]]]},"properties":{"kind":"col","id":30}},{"type":"Feature","geometry":{"type":"Polygon","coordinates":[[[-96.7269,28.29468],[-96.72848,28.29438],[-96.72701,28.29023],[-96.72544,28.29053],[-96.7269,28.29468]]]},"properties":{"kind":"col","id":31}},{"type":"Feature","geometry":{"type":"Polygon","coordinates":[[[-96.70671,28.24591],[-96.71394,28.24424],[-96.71227,28.23957],[-96.70499,28.24125],[-96.70671,28.24591]]]},"properties":{"kind":"col","id":32}},{"type":"Feature","geometry":{"type":"Polygon","coordinates":[[[-96.94786,28.06751],[-96.95486,28.07112],[-96.95848,28.0671],[-96.95569,28.06521],[-96.94786,28.06751]]]},"properties":{"kind":"col","id":33}},{"type":"Feature","geometry":{"type":"Polygon","coordinates":[[[-94.87429,29.44182],[-94.87449,29.44191],[-94.87918,29.43821],[-94.87695,29.43711],[-94.87429,29.44182]]]},"properties":{"kind":"col","id":34}},{"type":"Feature","geometry":{"type":"Polygon","coordinates":[[[-96.71529,28.25499],[-96.71706,28.25298],[-96.71581,28.24948],[-96.70864,28.25113],[-96.71048,28.2561],[-96.71529,28.25499]]]},"properties":{"kind":"col","id":37}},{"type":"Feature","geometry":{"type":"Polygon","coordinates":[[[-96.72012,28.31973],[-96.72316,28.32091],[-96.72495,28.31746],[-96.72555,28.31411],[-96.72146,28.31277],[-96.72012,28.31973]]]},"properties":{"kind":"col","id":50}},{"type":"Feature","geometry":{"type":"Polygon","coordinates":[[[-96.7316,28.30676],[-96.72962,28.29874],[-96.72663,28.29932],[-96.72856,28.30623],[-96.7316,28.30676]]]},"properties":{"kind":"col","id":51}},{"type":"Feature","geometry":{"type":"Polygon","coordinates":[[[-96.72239,28.27795],[-96.72005,28.2716],[-96.72102,28.27],[-96.72081,28.26803],[-96.71776,28.26809],[-96.71866,28.27435],[-96.72046,28.2781],[-96.72239,28.27795]]]},"properties":{"kind":"col","id":52}},{"type":"Feature","geometry":{"type":"Polygon","coordinates":[[[-96.71161,28.25916],[-96.71498,28.25535],[-96.71057,28.25636],[-96.71161,28.25916]]]},"properties":{"kind":"col","id":53}},{"type":"Feature","geometry":{"type":"Polygon","coordinates":[[[-96.70923,28.22518],[-96.70772,28.22117],[-96.70094,28.22221],[-96.70123,28.22567],[-96.70923,28.22518]]]},"properties":{"kind":"col","id":54}},{"type":"Feature","geometry":{"type":"Polygon","coordinates":[[[-94.8404,29.48979],[-94.83459,29.49158],[-94.83651,29.49713],[-94.84244,29.49455],[-94.8404,29.48979]]]},"properties":{"kind":"col","id":55}},{"type":"Feature","geometry":{"type":"Polygon","coordinates":[[[-94.74178,29.47562],[-94.73894,29.4763],[-94.73709,29.47917],[-94.73602,29.47955],[-94.73761,29.48242],[-94.74352,29.48095],[-94.74178,29.47562]]]},"properties":{"kind":"col","id":56}},{"type":"Feature","geometry":{"type":"Polygon","coordinates":[[[-94.70705,29.46496],[-94.70314,29.46841],[-94.70355,29.46903],[-94.70492,29.46933],[-94.7061,29.46875],[-94.70992,29.4724],[-94.7127,29.47039],[-94.70705,29.46496]]]},"properties":{"kind":"col","id":57}},{"type":"Feature","geometry":{"type":"Polygon","coordinates":[[[-94.87959,29.42601],[-94.87734,29.42906],[-94.88612,29.43273],[-94.88939,29.4301],[-94.87959,29.42601]]]},"properties":{"kind":"col","id":72}},{"type":"Feature","geometry":{"type":"Polygon","coordinates":[[[-94.80781,29.52055],[-94.80719,29.52084],[-94.80999,29.5259],[-94.81101,29.52297],[-94.8091,29.52114],[-94.80781,29.52055]]]},"properties":{"kind":"col","id":73}},{"type":"Feature","geometry":{"type":"Polygon","coordinates":[[[-94.80877,29.5019],[-94.80738,29.5055],[-94.80809,29.50949],[-94.81436,29.50677],[-94.80877,29.5019]]]},"properties":{"kind":"col","id":74}},{"type":"Feature","geometry":{"type":"Polygon","coordinates":[[[-94.75314,29.47562],[-94.75185,29.47626],[-94.75799,29.48254],[-94.76177,29.48171],[-94.76168,29.47951],[-94.7576,29.47716],[-94.75585,29.47745],[-94.75314,29.47562]]]},"properties":{"kind":"col","id":75}},{"type":"Feature","geometry":{"type":"Polygon","coordinates":[[[-96.49734,28.61127],[-96.48758,28.6038],[-96.48526,28.6062],[-96.4931,28.61127],[-96.49734,28.61127]]]},"properties":{"kind":"col","id":87}},{"type":"Feature","geometry":{"type":"Polygon","coordinates":[[[-96.71042,28.23441],[-96.70878,28.22981],[-96.70138,28.23151],[-96.70308,28.2361],[-96.71042,28.23441]]]},"properties":{"kind":"col","id":88}},{"type":"Feature","geometry":{"type":"Polygon","coordinates":[[[-96.69937,28.22606],[-96.70129,28.23125],[-96.70868,28.22955],[-96.70727,28.22558],[-96.69937,28.22606]]]},"properties":{"kind":"col","id":89}},{"type":"Feature","geometry":{"type":"Polygon","coordinates":[[[-96.98231,28.07319],[-96.98166,28.07652],[-96.98459,28.07691],[-96.98781,28.0794],[-96.99034,28.07975],[-96.99055,28.07815],[-96.98656,28.07611],[-96.9848,28.07361],[-96.98231,28.07319]]]},"properties":{"kind":"col","id":90}},{"type":"Feature","geometry":{"type":"Polygon","coordinates":[[[-96.97287,28.08353],[-96.97561,28.0823],[-96.97583,28.08001],[-96.97508,28.07861],[-96.96876,28.08001],[-96.97287,28.08353]]]},"properties":{"kind":"col","id":91}},{"type":"Feature","geometry":{"type":"Polygon","coordinates":[[[-96.94144,28.06812],[-96.94848,28.07195],[-96.95033,28.06926],[-96.94243,28.06475],[-96.94144,28.06812]]]},"properties":{"kind":"col","id":92}},{"type":"Feature","geometry":{"type":"Polygon","coordinates":[[[-96.66547,28.25523],[-96.66781,28.25201],[-96.66081,28.24959],[-96.6576,28.25251],[-96.66547,28.25523]]]},"properties":{"kind":"col","id":93}},{"type":"Feature","geometry":{"type":"Polygon","coordinates":[[[-94.70749,29.47287],[-94.70416,29.47511],[-94.71108,29.47872],[-94.71533,29.47585],[-94.7115,29.47593],[-94.70901,29.47288],[-94.70749,29.47287]]]},"properties":{"kind":"col","id":94}},{"type":"Feature","geometry":{"type":"Polygon","coordinates":[[[-96.52302,28.60512],[-96.51722,28.60706],[-96.51756,28.61101],[-96.52426,28.60797],[-96.52302,28.60512]]]},"properties":{"kind":"col","id":95}},{"type":"Feature","geometry":{"type":"Polygon","coordinates":[[[-96.77395,28.32854],[-96.77975,28.32864],[-96.77984,28.32407],[-96.77405,28.32398],[-96.77395,28.32854]]]},"properties":{"kind":"col","id":96}},{"type":"Feature","geometry":{"type":"Polygon","coordinates":[[[-96.93891,28.09565],[-96.94376,28.0905],[-96.93962,28.08784],[-96.93476,28.093],[-96.93891,28.09565]]]},"properties":{"kind":"col","id":97}},{"type":"Feature","geometry":{"type":"Polygon","coordinates":[[[-94.84563,29.4837],[-94.83934,29.48482],[-94.84123,29.48924],[-94.84749,29.48731],[-94.84563,29.4837]]]},"properties":{"kind":"col","id":98}},{"type":"Feature","geometry":{"type":"Polygon","coordinates":[[[-94.88692,29.43956],[-94.89195,29.44163],[-94.8906,29.43666],[-94.88692,29.43956]]]},"properties":{"kind":"col","id":99}},{"type":"Feature","geometry":{"type":"Polygon","coordinates":[[[-94.88101,29.50906],[-94.88383,29.50747],[-94.88301,29.50518],[-94.88156,29.5041],[-94.88262,29.50227],[-94.88121,29.50208],[-94.87898,29.50313],[-94.87816,29.5052],[-94.88101,29.50906]]]},"properties":{"kind":"col","id":100}},{"type":"Feature","geometry":{"type":"Polygon","coordinates":[[[-94.87337,29.49718],[-94.87513,29.49947],[-94.88027,29.49641],[-94.87855,29.49417],[-94.87337,29.49718]]]},"properties":{"kind":"col","id":101}},{"type":"Feature","geometry":{"type":"Polygon","coordinates":[[[-94.86028,29.50758],[-94.85937,29.51072],[-94.8637,29.51179],[-94.86471,29.50869],[-94.86028,29.50758]]]},"properties":{"kind":"col","id":102}},{"type":"Feature","geometry":{"type":"Polygon","coordinates":[[[-96.76672,28.3347],[-96.76711,28.33631],[-96.76918,28.34036],[-96.77974,28.34058],[-96.77969,28.33736],[-96.77239,28.33885],[-96.76756,28.33416],[-96.76672,28.3347]]]},"properties":{"kind":"col","id":103}},{"type":"Feature","geometry":{"type":"Polygon","coordinates":[[[-96.77967,28.33249],[-96.77974,28.32891],[-96.76977,28.32875],[-96.769,28.33231],[-96.77967,28.33249]]]},"properties":{"kind":"col","id":104}},{"type":"Feature","geometry":{"type":"Polygon","coordinates":[[[-96.71217,28.23931],[-96.71052,28.23467],[-96.70318,28.23636],[-96.70489,28.24099],[-96.71217,28.23931]]]},"properties":{"kind":"col","id":105}},{"type":"Feature","geometry":{"type":"Polygon","coordinates":[[[-94.87634,29.43429],[-94.87736,29.4354],[-94.87703,29.43684],[-94.87943,29.43802],[-94.88587,29.43293],[-94.88077,29.4308],[-94.87634,29.43429]]]},"properties":{"kind":"col","id":106}},{"type":"Feature","geometry":{"type":"Polygon","coordinates":[[[-94.75181,29.47077],[-94.74656,29.47243],[-94.74838,29.47462],[-94.75465,29.47458],[-94.75533,29.47372],[-94.76134,29.47391],[-94.76087,29.47192],[-94.75739,29.4711],[-94.75336,29.472],[-94.75181,29.47077]]]},"properties":{"kind":"col","id":107}},{"type":"Feature","geometry":{"type":"Polygon","coordinates":[[[-94.72989,29.4805],[-94.7196,29.48749],[-94.72136,29.49002],[-94.73002,29.48414],[-94.72989,29.4805]]]},"properties":{"kind":"col","id":108}},{"type":"Feature","geometry":{"type":"Polygon","coordinates":[[[-94.7182513,29.4843987],[-94.72787,29.47787],[-94.72537,29.47615],[-94.72377,29.47617],[-94.72235,29.47831],[-94.71735,29.48169],[-94.7182513,29.4843987]]]},"properties":{"kind":"col","id":109}},{"type":"Feature","geometry":{"type":"Polygon","coordinates":[[[-97.03189,28.14468],[-97.03791,28.14716],[-97.03932,28.14636],[-97.03577,28.14105],[-97.03189,28.14468]]]},"properties":{"kind":"col","id":112}},{"type":"Feature","geometry":{"type":"Polygon","coordinates":[[[-97.01646,28.09904],[-97.01847,28.10032],[-97.02,28.09666],[-97.01753,28.09641],[-97.01646,28.09904]]]},"properties":{"kind":"col","id":113}},{"type":"Feature","geometry":{"type":"Polygon","coordinates":[[[-97.0872,28.14833],[-97.08791,28.15009],[-97.09091,28.15352],[-97.09364,28.15145],[-97.09088,28.14601],[-97.0872,28.14833]]]},"properties":{"kind":"col","id":115}},{"type":"Feature","geometry":{"type":"Polygon","coordinates":[[[-97.08488,28.14254],[-97.08709,28.14806],[-97.09075,28.14575],[-97.08767,28.13967],[-97.08488,28.14254]]]},"properties":{"kind":"col","id":116}},{"type":"Feature","geometry":{"type":"Polygon","coordinates":[[[-97.06996,28.13928],[-97.07427,28.14635],[-97.07835,28.14152],[-97.07702,28.1392],[-97.06996,28.13928]]]},"properties":{"kind":"col","id":117}},{"type":"Feature","geometry":{"type":"Polygon","coordinates":[[[-97.01169,28.10658],[-97.01067,28.10999],[-97.01899,28.11518],[-97.02125,28.11251],[-97.01169,28.10658]]]},"properties":{"kind":"col","id":118}},{"type":"Feature","geometry":{"type":"Polygon","coordinates":[[[-96.99596,28.11514],[-97.0027,28.11832],[-97.00581,28.1179],[-97.00617,28.11546],[-96.99524,28.11255],[-96.99596,28.11514]]]},"properties":{"kind":"col","id":119}},{"type":"Feature","geometry":{"type":"Polygon","coordinates":[[[-94.93202,29.25777],[-94.93623,29.25104],[-94.93154,29.25105],[-94.92571,29.25651],[-94.93202,29.25777]]]},"properties":{"kind":"col","id":120}}]}