{"type":"FeatureCollection","features":[{"type":"Feature","id":"0011a693-384d-4e51-aeb9-50907064dbec","geometry":{"type":"Point","coordinates":[-94.86508919997776,29.63762486662288]},"properties":{"substrate":"Solid Reef","lease_number":null,"poll_year":2023}},{"type":"Feature","id":"00159179-15a2-450a-b1df-7be5618cd618","geometry":{"type":"Point","coordinates":[-94.87493940583288,29.613821380978987]},"properties":{"substrate":"Mud","lease_number":null,"poll_year":2025}},{"type":"Feature","id":"001727fe-3d93-44a0-84bf-8888f9f76155","geometry":{"type":"Point","coordinates":[-94.86657783326936,29.63920645014862]},"properties":{"substrate":"Solid Reef","lease_number":null,"poll_year":2024}},{"type":"Feature","id":"00235517-b858-49f0-a6f8-bc97d24f84c6","geometry":{"type":"Point","coordinates":[-94.85621515022277,29.64863846638646]},"properties":{"substrate":"Scattered Shell","lease_number":null,"poll_year":2023}},{"type":"Feature","id":"002feab3-7ba2-4146-8efe-ae2c07e3c56e","geometry":{"type":"Point","coordinates":[-94.873516366625,29.612318250333836]},"properties":{"substrate":"Solid Reef","lease_number":null,"poll_year":2023}},{"type":"Feature","id":"00470dc3-cdc9-49ad-bbf8-294318ba9cd1","geometry":{"type":"Point","coordinates":[-94.85662926638221,29.648696783369477]},"properties":{"substrate":"Solid Reef","lease_number":null,"poll_year":2024}},{"type":"Feature","id":"00603093-f624-4041-9b6a-6e04596b7d06","geometry":{"type":"Point","coordinates":[-94.85625448295747,29.647141349862355]},"properties":{"substrate":"Solid Reef","lease_number":null,"poll_year":2024}},{"type":"Feature","id":"00863ad6-9e87-4a63-b53b-316aca39aff3","geometry":{"type":"Point","coordinates":[-94.8557948455693,29.6476924622707]},"properties":{"substrate":"Buried Shell","lease_number":null,"poll_year":2025}},{"type":"Feature","id":"00b19eb9-d3ad-46b3-8a24-c16906524e68","geometry":{"type":"Point","coordinates":[-94.85813743443799,29.646571999950098]},"properties":{"substrate":"Buried Shell","lease_number":null,"poll_year":2024}},{"type":"Feature","id":"00c0793f-dda1-48b6-ba16-9815e4227ddd","geometry":{"type":"Point","coordinates":[-94.86574719166886,29.640070419667687]},"properties":{"substrate":"Solid Reef","lease_number":null,"poll_year":2025}},{"type":"Feature","id":"00c8aff1-b48c-4de3-bc0a-9266f1cec18f","geometry":{"type":"Point","coordinates":[-94.85780146631836,29.648270467003947]},"properties":{"substrate":"Solid Reef","lease_number":null,"poll_year":2023}},{"type":"Feature","id":"00df5fc3-0baa-44e1-a006-7dedad388265","geometry":{"type":"Point","coordinates":[-94.87463086687212,29.612804866961305]},"properties":{"substrate":"Solid Reef","lease_number":null,"poll_year":2023}},{"type":"Feature","id":"00e13866-c683-4b09-8c9a-696437008343","geometry":{"type":"Point","coordinates":[-94.87236218060524,29.613481773288566]},"properties":{"substrate":"Mud","lease_number":null,"poll_year":2025}},{"type":"Feature","id":"00f565cb-e675-4bf6-89c5-e03d3e3c2165","geometry":{"type":"Point","coordinates":[-94.85843125001124,29.646391166377335]},"properties":{"substrate":"Mud","lease_number":null,"poll_year":2024}},{"type":"Feature","id":"00fb70fb-ee42-42a6-8aa5-c5c84e4a0b62","geometry":{"type":"Point","coordinates":[-94.87434338442165,29.612786849718745]},"properties":{"substrate":"Solid Reef","lease_number":null,"poll_year":2023}},{"type":"Feature","id":"010079e2-64d2-4bdb-98a7-2d8c01992207","geometry":{"type":"Point","coordinates":[-94.85744218332385,29.64625898318831]},"properties":{"substrate":"Buried Shell","lease_number":null,"poll_year":2024}},{"type":"Feature","id":"011ac7db-9816-44d6-9852-3e513fb609d8","geometry":{"type":"Point","coordinates":[-94.85917433371931,29.64839420031824]},"properties":{"substrate":"Buried Shell","lease_number":null,"poll_year":2023}},{"type":"Feature","id":"0120cead-0784-4414-9557-9e0c7f732e96","geometry":{"type":"Point","coordinates":[-94.8662324588904,29.640415849714746]},"properties":{"substrate":"Mud","lease_number":null,"poll_year":2025}},{"type":"Feature","id":"012b5e87-c13d-404c-b65b-a638b2fdc8c2","geometry":{"type":"Point","coordinates":[-94.86386774990616,29.640797850370348]},"properties":{"substrate":"Buried Shell","lease_number":null,"poll_year":2024}},{"type":"Feature","id":"012b8c81-0862-4f4d-a6af-f1d32fb461f2","geometry":{"type":"Point","coordinates":[-94.8649668413512,29.63690156916893]},"properties":{"substrate":"Buried Shell","lease_number":null,"poll_year":2025}},{"type":"Feature","id":"01342c32-6ef5-472d-a964-7e8d95503cb4","geometry":{"type":"Point","coordinates":[-94.85697826636166,29.64870129973729]},"properties":{"substrate":"Solid Reef","lease_number":null,"poll_year":2023}},{"type":"Feature","id":"0138f094-6c90-4ea2-af70-f00ea7e812f0","geometry":{"type":"Point","coordinates":[-94.87275280043012,29.61184228092203]},"properties":{"substrate":"Buried Shell","lease_number":null,"poll_year":2025}},{"type":"Feature","id":"0148fc48-a7de-4d17-b995-2d9b22a2b4b8","geometry":{"type":"Point","coordinates":[-94.86634506630452,29.640060283710074]},"properties":{"substrate":"Solid Reef","lease_number":null,"poll_year":2024}},{"type":"Feature","id":"014da84f-65f3-4ee4-88c6-ca0dab0047a9","geometry":{"type":"Point","coordinates":[-94.8594841680507,29.64919640171748]},"properties":{"substrate":"Buried Shell","lease_number":null,"poll_year":2025}},{"type":"Feature","id":"014e3827-f4d6-4538-bddb-f0272842681d","geometry":{"type":"Point","coordinates":[-94.87350476667972,29.613639682638752]},"properties":{"substrate":"Mud","lease_number":null,"poll_year":2023}},{"type":"Feature","id":"01b4f484-0bd1-45f7-9b03-d6194d41da73","geometry":{"type":"Point","coordinates":[-94.86407323683244,29.639157964679985]},"properties":{"substrate":"Buried Shell","lease_number":null,"poll_year":2025}},{"type":"Feature","id":"01d23f89-c87a-4b78-b097-2029cbfbe115","geometry":{"type":"Point","coordinates":[-94.86330820638366,29.63744835192879]},"properties":{"substrate":"Buried Shell","lease_number":null,"poll_year":2025}},{"type":"Feature","id":"01e3657c-5a43-4c7b-86f2-82f47f723769","geometry":{"type":"Point","coordinates":[-94.86438689619031,29.639642827685183]},"properties":{"substrate":"Buried Shell","lease_number":null,"poll_year":2025}},{"type":"Feature","id":"01e800dc-851e-459b-8229-62461bde59e5","geometry":{"type":"Point","coordinates":[-94.8593273581347,29.65055789462421]},"properties":{"substrate":"Scattered Shell","lease_number":null,"poll_year":2025}},{"type":"Feature","id":"020ae3cf-c316-4482-aba4-1e2bf135a608","geometry":{"type":"Point","coordinates":[-94.85970426697341,29.64987731832206]},"properties":{"substrate":"Mud","lease_number":null,"poll_year":2025}},{"type":"Feature","id":"020b3fce-fd09-4307-8d6b-49d91444336c","geometry":{"type":"Point","coordinates":[-94.85809369995839,29.64666733436325]},"properties":{"substrate":"Mud","lease_number":null,"poll_year":2023}},{"type":"Feature","id":"020c13a7-5353-42b0-bd8d-1fb09f4f3c67","geometry":{"type":"Point","coordinates":[-94.85823828290503,29.649313820385913]},"properties":{"substrate":"Buried Shell","lease_number":null,"poll_year":2025}},{"type":"Feature","id":"0219943c-2852-4cd5-b23e-05c9871f3457","geometry":{"type":"Point","coordinates":[-94.87502975029932,29.613493149767624]},"properties":{"substrate":"Scattered Shell","lease_number":null,"poll_year":2023}},{"type":"Feature","id":"0220c6ca-1194-4b78-8633-e2ba68f7551d","geometry":{"type":"Point","coordinates":[-94.85858565244226,29.650189785155302]},"properties":{"substrate":"Mud","lease_number":null,"poll_year":2025}},{"type":"Feature","id":"02284e81-4bc7-412a-a320-4a9782618a19","geometry":{"type":"Point","coordinates":[-94.85664023301521,29.646887232975466]},"properties":{"substrate":"Solid Reef","lease_number":null,"poll_year":2024}},{"type":"Feature","id":"022d8ac9-a0a8-4494-837e-26d206e9b51c","geometry":{"type":"Point","coordinates":[-94.86357634990271,29.639329149924887]},"properties":{"substrate":"Mud","lease_number":null,"poll_year":2023}},{"type":"Feature","id":"026033e1-9220-4f12-ae21-1ad8fa455c72","geometry":{"type":"Point","coordinates":[-94.86413382280847,29.63815248733711]},"properties":{"substrate":"Mud","lease_number":null,"poll_year":2025}},{"type":"Feature","id":"0261f8db-76b6-446d-9902-2a321bb7b688","geometry":{"type":"Point","coordinates":[-94.85715748834568,29.64552331466585]},"properties":{"substrate":"Mud","lease_number":null,"poll_year":2025}},{"type":"Feature","id":"02847de8-1523-4f0d-a08a-684be4ab667a","geometry":{"type":"Point","coordinates":[-94.86507102885619,29.6390961692726]},"properties":{"substrate":"Buried Shell","lease_number":null,"poll_year":2025}},{"type":"Feature","id":"029ca435-9b91-4e72-b419-9e6f8a30d511","geometry":{"type":"Point","coordinates":[-94.87532921268242,29.61188598583005]},"properties":{"substrate":"Buried Shell","lease_number":null,"poll_year":2025}},{"type":"Feature","id":"02a4c314-e91f-4235-87ad-6179b0aa186c","geometry":{"type":"Point","coordinates":[-94.86588882544645,29.637921380193042]},"properties":{"substrate":"Solid Reef","lease_number":null,"poll_year":2025}},{"type":"Feature","id":"02bfdd17-29d9-484a-8c46-00504592bd51","geometry":{"type":"Point","coordinates":[-94.86429897897177,29.640748419380987]},"properties":{"substrate":"Mud","lease_number":null,"poll_year":2025}},{"type":"Feature","id":"02fa0794-8f95-4d93-973c-0b9069c257f3","geometry":{"type":"Point","coordinates":[-94.86384586694582,29.6393891501868]},"properties":{"substrate":"Mud","lease_number":null,"poll_year":2024}},{"type":"Feature","id":"0306c408-7214-4cdd-a53f-6006b9b09483","geometry":{"type":"Point","coordinates":[-94.85591338455926,29.64935775183638]},"properties":{"substrate":"Mud","lease_number":null,"poll_year":2025}},{"type":"Feature","id":"0316f76b-7e5d-4b9e-841b-1f2408ce5be9","geometry":{"type":"Point","coordinates":[-94.86455694996855,29.639356583260497]},"properties":{"substrate":"Solid Reef","lease_number":null,"poll_year":2023}},{"type":"Feature","id":"0317a3c1-102e-4d90-a7e7-60af1378c8a3","geometry":{"type":"Point","coordinates":[-94.86746436355526,29.639377213692374]},"properties":{"substrate":"Mud","lease_number":null,"poll_year":2025}},{"type":"Feature","id":"0323ac2b-be07-4618-996f-8069c28a9509","geometry":{"type":"Point","coordinates":[-94.86680751541954,29.63678622230981]},"properties":{"substrate":"Mud","lease_number":null,"poll_year":2025}},{"type":"Feature","id":"0355a751-bf47-46ba-b583-8e045565623d","geometry":{"type":"Point","coordinates":[-94.85621825030881,29.64738798297072]},"properties":{"substrate":"Solid Reef","lease_number":null,"poll_year":2024}},{"type":"Feature","id":"03912cc9-cd6d-466b-a666-bc41b8594660","geometry":{"type":"Point","coordinates":[-94.85640124970858,29.6479065002011]},"properties":{"substrate":"Solid Reef","lease_number":null,"poll_year":2023}},{"type":"Feature","id":"0395cd83-fe79-433d-840a-6817c2e53507","geometry":{"type":"Point","coordinates":[-94.86747407344518,29.638829610655968]},"properties":{"substrate":"Mud","lease_number":null,"poll_year":2025}},{"type":"Feature","id":"03b376db-adf0-487c-a6d9-def350fc12dd","geometry":{"type":"Point","coordinates":[-94.87334736297733,29.61247665665049]},"properties":{"substrate":"Buried Shell","lease_number":null,"poll_year":2025}},{"type":"Feature","id":"03e4673d-cfcf-4488-a4b0-3ecdb6010ea8","geometry":{"type":"Point","coordinates":[-94.86627308340248,29.63883459983809]},"properties":{"substrate":"Solid Reef","lease_number":null,"poll_year":2024}},{"type":"Feature","id":"03e67fa3-8162-4856-be0c-9ebe497f9f6b","geometry":{"type":"Point","coordinates":[-94.85532166697656,29.64746449987447]},"properties":{"substrate":"Mud","lease_number":null,"poll_year":2023}},{"type":"Feature","id":"03fabaad-430b-405e-998e-73bac3e750c4","geometry":{"type":"Point","coordinates":[-94.86460276674298,29.636837767294995]},"properties":{"substrate":"Buried Shell","lease_number":null,"poll_year":2024}},{"type":"Feature","id":"0405a93c-e572-46eb-81a3-fa782879e2b8","geometry":{"type":"Point","coordinates":[-94.85596082818267,29.6496444081396]},"properties":{"substrate":"Mud","lease_number":null,"poll_year":2025}},{"type":"Feature","id":"040e55fb-d1a5-4ce6-a109-17250b546a39","geometry":{"type":"Point","coordinates":[-94.86426837696331,29.63863851698611]},"properties":{"substrate":"Buried Shell","lease_number":null,"poll_year":2025}},{"type":"Feature","id":"040f6cfe-72b2-4965-a0ec-90135f5de506","geometry":{"type":"Point","coordinates":[-94.85608033825143,29.647032159749866]},"properties":{"substrate":"Buried Shell","lease_number":null,"poll_year":2025}},{"type":"Feature","id":"04269ee2-ca35-4456-9945-c3889e49d485","geometry":{"type":"Point","coordinates":[-94.858827434001,29.64731054398558]},"properties":{"substrate":"Mud","lease_number":null,"poll_year":2025}},{"type":"Feature","id":"04434bf9-ab81-4257-8daf-6217a2d1d598","geometry":{"type":"Point","coordinates":[-94.87335596704112,29.612979933161945]},"properties":{"substrate":"Solid Reef","lease_number":null,"poll_year":2023}},{"type":"Feature","id":"047c96c3-1cd5-4410-89ed-a5b6bc4705e4","geometry":{"type":"Point","coordinates":[-94.85880644306775,29.648119086340902]},"properties":{"substrate":"Buried Shell","lease_number":null,"poll_year":2025}},{"type":"Feature","id":"049c64ca-277b-4308-828e-52014cb4b3d9","geometry":{"type":"Point","coordinates":[-94.86444207520663,29.641081022302405]},"properties":{"substrate":"Mud","lease_number":null,"poll_year":2025}},{"type":"Feature","id":"04b12707-e1a1-48b1-8957-8887848aa25c","geometry":{"type":"Point","coordinates":[-94.87348549961351,29.612562684338062]},"properties":{"substrate":"Solid Reef","lease_number":null,"poll_year":2024}},{"type":"Feature","id":"04bb7a38-350e-4d29-896f-ce11f50292fe","geometry":{"type":"Point","coordinates":[-94.8543592497104,29.646850458065074]},"properties":{"substrate":"Mud","lease_number":null,"poll_year":2025}},{"type":"Feature","id":"04ec6951-0dc7-4c47-b77e-5f4fa9cfdbcb","geometry":{"type":"Point","coordinates":[-94.85774372171359,29.649266676340925]},"properties":{"substrate":"Buried Shell","lease_number":null,"poll_year":2025}},{"type":"Feature","id":"04f7ac7f-2ee0-4de1-a48f-77b8dc944c85","geometry":{"type":"Point","coordinates":[-94.86396848338886,29.63927634994598]},"properties":{"substrate":"Mud","lease_number":null,"poll_year":2024}},{"type":"Feature","id":"053e70d5-dfd8-4b12-a752-f92d9cd5a991","geometry":{"type":"Point","coordinates":[-94.86745033456548,29.640279489377107]},"properties":{"substrate":"Mud","lease_number":null,"poll_year":2025}},{"type":"Feature","id":"054f3018-2e69-4b20-a306-1305ff90fce9","geometry":{"type":"Point","coordinates":[-94.8669990775606,29.639488621699122]},"properties":{"substrate":"Buried Shell","lease_number":null,"poll_year":2025}},{"type":"Feature","id":"057f8d86-0406-4bc1-abbd-58e938b63353","geometry":{"type":"Point","coordinates":[-94.8735212462736,29.613982740913716]},"properties":{"substrate":"Mud","lease_number":null,"poll_year":2025}},{"type":"Feature","id":"05a36522-8a39-463f-ab76-24491bbeb505","geometry":{"type":"Point","coordinates":[-94.8729539844262,29.61397600034179]},"properties":{"substrate":"Mud","lease_number":null,"poll_year":2024}},{"type":"Feature","id":"05ad79c1-c0db-40b1-9be1-06f2631b67a3","geometry":{"type":"Point","coordinates":[-94.86382984728938,29.638301862317768]},"properties":{"substrate":"Buried Shell","lease_number":null,"poll_year":2025}},{"type":"Feature","id":"05b2c258-57f0-4a14-a478-7fb313c9f934","geometry":{"type":"Point","coordinates":[-94.85586986926857,29.64829158433146]},"properties":{"substrate":"Mud","lease_number":null,"poll_year":2025}},{"type":"Feature","id":"05f57230-7d32-4397-88a2-2d6c1457ad75","geometry":{"type":"Point","coordinates":[-94.8573961249026,29.64898654406058]},"properties":{"substrate":"Buried Shell","lease_number":null,"poll_year":2025}},{"type":"Feature","id":"05ff2440-ed9b-4e60-a287-7b4d040b80f9","geometry":{"type":"Point","coordinates":[-94.86343890317266,29.640498279979813]},"properties":{"substrate":"Mud","lease_number":null,"poll_year":2025}},{"type":"Feature","id":"0606408b-1870-4132-bd91-3c6efc80f6ac","geometry":{"type":"Point","coordinates":[-94.85798705556111,29.65024600430314]},"properties":{"substrate":"Mud","lease_number":null,"poll_year":2025}},{"type":"Feature","id":"061bb2e4-3e73-47f1-8b56-23f8ceabc4e4","geometry":{"type":"Point","coordinates":[-94.87335063374327,29.612647549850145]},"properties":{"substrate":"Buried Shell","lease_number":null,"poll_year":2024}},{"type":"Feature","id":"061ed5d3-d97a-450b-bcba-0d01089489bd","geometry":{"type":"Point","coordinates":[-94.87433881828505,29.61269616834941]},"properties":{"substrate":"Solid Reef","lease_number":null,"poll_year":2025}},{"type":"Feature","id":"0623c483-0aa4-4d3a-a337-5f6130cd0490","geometry":{"type":"Point","coordinates":[-94.87502683257127,29.612579983116184]},"properties":{"substrate":"Buried Shell","lease_number":null,"poll_year":2023}},{"type":"Feature","id":"06281fd3-3736-4d53-9742-ba33327a5718","geometry":{"type":"Point","coordinates":[-94.86408115458336,29.63707461419523]},"properties":{"substrate":"Solid Reef","lease_number":null,"poll_year":2025}},{"type":"Feature","id":"062f190c-c180-453c-abc9-1cbe66845e0f","geometry":{"type":"Point","coordinates":[-94.8671976169165,29.638921366282624]},"properties":{"substrate":"Mud","lease_number":null,"poll_year":2024}},{"type":"Feature","id":"066d9753-285b-4ffa-8763-30cbbc467be4","geometry":{"type":"Point","coordinates":[-94.85711880778787,29.649160136666826]},"properties":{"substrate":"Buried Shell","lease_number":null,"poll_year":2025}},{"type":"Feature","id":"066fe8a9-07e3-43b2-bbc3-e206f5e6be89","geometry":{"type":"Point","coordinates":[-94.85608958371235,29.648382183698047]},"properties":{"substrate":"Scattered Shell","lease_number":null,"poll_year":2023}},{"type":"Feature","id":"06737811-9f30-417b-ad92-bea1265c06f8","geometry":{"type":"Point","coordinates":[-94.86652704970973,29.63602264978612]},"properties":{"substrate":"Mud","lease_number":null,"poll_year":2023}},{"type":"Feature","id":"067ff5ba-146e-4b21-811f-e623dc1c73f5","geometry":{"type":"Point","coordinates":[-94.87459591701769,29.61239030009501]},"properties":{"substrate":"Solid Reef","lease_number":null,"poll_year":2023}},{"type":"Feature","id":"06962291-befd-4ad8-99c4-61a5f760ecc1","geometry":{"type":"Point","coordinates":[-94.85912196373489,29.64963479308929]},"properties":{"substrate":"Mud","lease_number":null,"poll_year":2025}},{"type":"Feature","id":"06b269f7-b710-46d2-88c4-3245a574a446","geometry":{"type":"Point","coordinates":[-94.86344886638749,29.639039900174616]},"properties":{"substrate":"Buried Shell","lease_number":null,"poll_year":2024}},{"type":"Feature","id":"06de78dd-1a91-40b3-9f7f-8567db3a5ba7","geometry":{"type":"Point","coordinates":[-94.85932725932003,29.64873704578584]},"properties":{"substrate":"Buried Shell","lease_number":null,"poll_year":2025}},{"type":"Feature","id":"06ebfb2c-49fd-4438-81e1-c6f5b9d1fcc2","geometry":{"type":"Point","coordinates":[-94.86416471676941,29.639013000024246]},"properties":{"substrate":"Buried Shell","lease_number":null,"poll_year":2024}},{"type":"Feature","id":"0713e00f-4996-4fc5-9612-08448864459c","geometry":{"type":"Point","coordinates":[-94.85625253720659,29.646934657631505]},"properties":{"substrate":"Buried Shell","lease_number":null,"poll_year":2025}},{"type":"Feature","id":"0718d956-782a-4962-82d5-5d90390be194","geometry":{"type":"Point","coordinates":[-94.86337249611361,29.63898451332487]},"properties":{"substrate":"Buried Shell","lease_number":null,"poll_year":2025}},{"type":"Feature","id":"074b65dc-adc1-4d31-8cb5-6959aff96390","geometry":{"type":"Point","coordinates":[-94.87422498377224,29.612573467373586]},"properties":{"substrate":"Solid Reef","lease_number":null,"poll_year":2023}},{"type":"Feature","id":"074c8ca3-1127-4372-80e0-061b95e6f142","geometry":{"type":"Point","coordinates":[-94.85803013157562,29.646932560626023]},"properties":{"substrate":"Buried Shell","lease_number":null,"poll_year":2025}},{"type":"Feature","id":"0785e5f0-57c1-407d-aa03-ad6067053cdb","geometry":{"type":"Point","coordinates":[-94.8571859829065,29.64617715020806]},"properties":{"substrate":"Buried Shell","lease_number":null,"poll_year":2023}},{"type":"Feature","id":"07b512cd-adf8-4dee-b85c-a4f028ff3ed1","geometry":{"type":"Point","coordinates":[-94.86679462639182,29.63848889968154]},"properties":{"substrate":"Mud","lease_number":null,"poll_year":2025}},{"type":"Feature","id":"07b713e8-0b88-4502-9a31-9ea52a70d6b8","geometry":{"type":"Point","coordinates":[-94.86476624485333,29.635938860384954]},"properties":{"substrate":"Mud","lease_number":null,"poll_year":2025}},{"type":"Feature","id":"07d2b667-6020-403d-974e-ca275256b3bf","geometry":{"type":"Point","coordinates":[-94.85567119965697,29.648263816945853]},"properties":{"substrate":"Buried Shell","lease_number":null,"poll_year":2024}},{"type":"Feature","id":"07fed961-44bd-4f56-9460-8d48297b554d","geometry":{"type":"Point","coordinates":[-94.8579307428709,29.64643715161804]},"properties":{"substrate":"Mud","lease_number":null,"poll_year":2025}},{"type":"Feature","id":"081128ff-61a9-407e-854e-51a8c6691209","geometry":{"type":"Point","coordinates":[-94.8751011133638,29.61178634023661]},"properties":{"substrate":"Solid Reef","lease_number":null,"poll_year":2025}},{"type":"Feature","id":"0822ec97-9d54-4dcf-8014-3613850d93f2","geometry":{"type":"Point","coordinates":[-94.86549883444226,29.641161716389878]},"properties":{"substrate":"Mud","lease_number":null,"poll_year":2024}},{"type":"Feature","id":"0824808d-2da4-4d82-890d-b632001cff9a","geometry":{"type":"Point","coordinates":[-94.87556104989093,29.613233516282317]},"properties":{"substrate":"Mud","lease_number":null,"poll_year":2023}},{"type":"Feature","id":"083af61f-2556-4b6b-bce5-c02cc37e009a","geometry":{"type":"Point","coordinates":[-94.85755281624098,29.64509214979281]},"properties":{"substrate":"Mud","lease_number":null,"poll_year":2023}},{"type":"Feature","id":"0871eb5c-f177-42df-9e7d-81e9dddaa2df","geometry":{"type":"Point","coordinates":[-94.85633161679935,29.6482211997283]},"properties":{"substrate":"Solid Reef","lease_number":null,"poll_year":2024}},{"type":"Feature","id":"0878a830-99c9-4b4f-bbff-a337d920e3af","geometry":{"type":"Point","coordinates":[-94.87463181639137,29.613011833067798]},"properties":{"substrate":"Buried Shell","lease_number":null,"poll_year":2023}},{"type":"Feature","id":"08797df0-a716-49c2-bfa5-cfc3b2e2d027","geometry":{"type":"Point","coordinates":[-94.87272175016231,29.613147633648307]},"properties":{"substrate":"Mud","lease_number":null,"poll_year":2024}},{"type":"Feature","id":"08a09c97-7028-4bec-96a0-79a6525ad071","geometry":{"type":"Point","coordinates":[-94.85750196710433,29.64821140029521]},"properties":{"substrate":"Solid Reef","lease_number":null,"poll_year":2024}},{"type":"Feature","id":"08a4d3c0-3726-4538-aac9-a6131a7d1965","geometry":{"type":"Point","coordinates":[-94.85894439914256,29.650297986610898]},"properties":{"substrate":"Mud","lease_number":null,"poll_year":2025}},{"type":"Feature","id":"08bb190d-b8ab-4c0c-8012-679f67291b8e","geometry":{"type":"Point","coordinates":[-94.85859000028825,29.64646240012252]},"properties":{"substrate":"Mud","lease_number":null,"poll_year":2023}},{"type":"Feature","id":"08bea19d-5c00-4454-8aa3-d4cd045b339c","geometry":{"type":"Point","coordinates":[-94.87484711741214,29.61231598313389]},"properties":{"substrate":"Solid Reef","lease_number":null,"poll_year":2024}},{"type":"Feature","id":"08d39d08-dd7c-48f9-a22f-7967ebecf0ca","geometry":{"type":"Point","coordinates":[-94.87316866740605,29.6135976169772]},"properties":{"substrate":"Mud","lease_number":null,"poll_year":2024}},{"type":"Feature","id":"09148fbe-ed5d-413a-86e5-61b0ca0efbc5","geometry":{"type":"Point","coordinates":[-94.85879441642273,29.649590349622997]},"properties":{"substrate":"Buried Shell","lease_number":null,"poll_year":2024}},{"type":"Feature","id":"0928b7c5-f144-4e32-8a55-653a94ba1d3b","geometry":{"type":"Point","coordinates":[-94.85876564967236,29.648430000344494]},"properties":{"substrate":"Solid Reef","lease_number":null,"poll_year":2024}},{"type":"Feature","id":"092b57bb-246d-4947-9287-3e324864eb9a","geometry":{"type":"Point","coordinates":[-94.86503126672677,29.639040749661156]},"properties":{"substrate":"Buried Shell","lease_number":null,"poll_year":2024}},{"type":"Feature","id":"0937ccfe-cc1a-45ac-a877-0f558a363db7","geometry":{"type":"Point","coordinates":[-94.87585564969343,29.61343544967725]},"properties":{"substrate":"Mud","lease_number":null,"poll_year":2023}},{"type":"Feature","id":"095c010c-46cb-4e0c-9bec-dd24c9e9311a","geometry":{"type":"Point","coordinates":[-94.86638354024981,29.63724005869497]},"properties":{"substrate":"Mud","lease_number":null,"poll_year":2025}},{"type":"Feature","id":"099503b0-0888-4b57-8452-259165fc49e3","geometry":{"type":"Point","coordinates":[-94.8676279350904,29.638220050197518]},"properties":{"substrate":"Mud","lease_number":null,"poll_year":2025}},{"type":"Feature","id":"09f23995-ee82-4691-a442-fecd398ce2d7","geometry":{"type":"Point","coordinates":[-94.85757199437397,29.649109305303913]},"properties":{"substrate":"Solid Reef","lease_number":null,"poll_year":2025}},{"type":"Feature","id":"0a026fac-4eab-4291-9d61-a18e4ddb8352","geometry":{"type":"Point","coordinates":[-94.86394734962347,29.637135652693328]},"properties":{"substrate":"Buried Shell","lease_number":null,"poll_year":2025}},{"type":"Feature","id":"0a1a8806-7dc7-4606-98c2-19a0f087b78c","geometry":{"type":"Point","coordinates":[-94.87564763760287,29.613096919218805]},"properties":{"substrate":"Mud","lease_number":null,"poll_year":2025}},{"type":"Feature","id":"0a1bc842-c6ff-4049-b725-81f30a5b4167","geometry":{"type":"Point","coordinates":[-94.85735421310471,29.65025937129637]},"properties":{"substrate":"Buried Shell","lease_number":null,"poll_year":2025}},{"type":"Feature","id":"0a2c033c-d173-4f0e-9e84-d17605fbf7b6","geometry":{"type":"Point","coordinates":[-94.85906019557595,29.647726021906855]},"properties":{"substrate":"Mud","lease_number":null,"poll_year":2025}},{"type":"Feature","id":"0a628905-de81-4e51-a560-8f58b91f7d95","geometry":{"type":"Point","coordinates":[-94.8736230667178,29.61313511690122]},"properties":{"substrate":"Buried Shell","lease_number":null,"poll_year":2024}},{"type":"Feature","id":"0a7b8edb-7fd9-40ef-a48f-37f867f2105d","geometry":{"type":"Point","coordinates":[-94.85804104969958,29.645177147955696]},"properties":{"substrate":"Mud","lease_number":null,"poll_year":2025}},{"type":"Feature","id":"0a7e0661-37ab-4a3b-ab27-d6ffb3b9b2fd","geometry":{"type":"Point","coordinates":[-94.85896763855897,29.65051166300681]},"properties":{"substrate":"Buried Shell","lease_number":null,"poll_year":2025}},{"type":"Feature","id":"0a951ea0-1280-41d4-87b0-8b231ed662fb","geometry":{"type":"Point","coordinates":[-94.86446748225784,29.640549619284972]},"properties":{"substrate":"Mud","lease_number":null,"poll_year":2025}},{"type":"Feature","id":"0aa94faa-092a-407c-93c0-2c4491952a8a","geometry":{"type":"Point","coordinates":[-94.86592178912579,29.636362903748427]},"properties":{"substrate":"Mud","lease_number":null,"poll_year":2025}},{"type":"Feature","id":"0aae0d45-d3cb-4b5e-b246-dd72f3d841ec","geometry":{"type":"Point","coordinates":[-94.8737516174316,29.613257050273056]},"properties":{"substrate":"Buried Shell","lease_number":null,"poll_year":2024}},{"type":"Feature","id":"0ab1ed46-8158-484c-a443-ab44b558b130","geometry":{"type":"Point","coordinates":[-94.85632151704061,29.649079716770302]},"properties":{"substrate":"Buried Shell","lease_number":null,"poll_year":2024}},{"type":"Feature","id":"0ac0d961-f9ce-4196-b529-9ee897ef5fde","geometry":{"type":"Point","coordinates":[-94.8751742829403,29.61302169996603]},"properties":{"substrate":"Mud","lease_number":null,"poll_year":2024}},{"type":"Feature","id":"0ae6b3db-16e9-4e81-86b8-34368bde4232","geometry":{"type":"Point","coordinates":[-94.87441930194461,29.612939308133857]},"properties":{"substrate":"Buried Shell","lease_number":null,"poll_year":2025}},{"type":"Feature","id":"0ae92563-10c6-4599-914b-3a17463f7a18","geometry":{"type":"Point","coordinates":[-94.87317888125084,29.61435815436816]},"properties":{"substrate":"Mud","lease_number":null,"poll_year":2025}},{"type":"Feature","id":"0b25db3a-ecf9-479a-8045-6cdc12a01ab9","geometry":{"type":"Point","coordinates":[-94.86471749957106,29.638427827649227]},"properties":{"substrate":"Buried Shell","lease_number":null,"poll_year":2025}},{"type":"Feature","id":"0b8f7f60-3b20-4298-97e8-967fa0613f6a","geometry":{"type":"Point","coordinates":[-94.86364936856228,29.638388904056978]},"properties":{"substrate":"Mud","lease_number":null,"poll_year":2025}},{"type":"Feature","id":"0b9c3e3f-a444-42d4-b9bc-0aeffeb9f64c","geometry":{"type":"Point","coordinates":[-94.85595203367605,29.647000467355905]},"properties":{"substrate":"Buried Shell","lease_number":null,"poll_year":2024}},{"type":"Feature","id":"0bb68a6b-b05b-4c7f-a11d-65b520ba9237","geometry":{"type":"Point","coordinates":[-94.87484032794524,29.612696767362806]},"properties":{"substrate":"Buried Shell","lease_number":null,"poll_year":2025}},{"type":"Feature","id":"0c2c1742-d0cc-4c30-be97-1d00af700db8","geometry":{"type":"Point","coordinates":[-94.87431253357983,29.612415715674018]},"properties":{"substrate":"Solid Reef","lease_number":null,"poll_year":2023}},{"type":"Feature","id":"0c2c926d-af5e-4942-8c27-00a0993d9f78","geometry":{"type":"Point","coordinates":[-94.87562111304747,29.613500651823422]},"properties":{"substrate":"Mud","lease_number":null,"poll_year":2025}},{"type":"Feature","id":"0c4b91cb-1bac-44b0-9d31-3a5b223ca0b9","geometry":{"type":"Point","coordinates":[-94.86290688043722,29.638127043894833]},"properties":{"substrate":"Solid Reef","lease_number":null,"poll_year":2025}},{"type":"Feature","id":"0c57e2a1-1d4a-4f01-bb90-a9fd66d776e1","geometry":{"type":"Point","coordinates":[-94.87404697002229,29.61317158938749]},"properties":{"substrate":"Buried Shell","lease_number":null,"poll_year":2025}},{"type":"Feature","id":"0c5821ba-41de-4296-b685-fce5bdb11b2d","geometry":{"type":"Point","coordinates":[-94.85826708289306,29.648216200081386]},"properties":{"substrate":"Solid Reef","lease_number":null,"poll_year":2023}},{"type":"Feature","id":"0c7c76a3-e441-4603-9c20-6ac842761113","geometry":{"type":"Point","coordinates":[-94.85861750490561,29.649931508621794]},"properties":{"substrate":"Mud","lease_number":null,"poll_year":2025}},{"type":"Feature","id":"0c9205b8-15bd-4743-a334-9eb16744b825","geometry":{"type":"Point","coordinates":[-94.86342692144339,29.637962842302706]},"properties":{"substrate":"Buried Shell","lease_number":null,"poll_year":2025}},{"type":"Feature","id":"0c9e8a42-8b63-47cd-8f57-abc28952fca4","geometry":{"type":"Point","coordinates":[-94.87501733288713,29.612209766749366]},"properties":{"substrate":"Buried Shell","lease_number":null,"poll_year":2024}},{"type":"Feature","id":"0ccb70a9-d77a-4d58-97b5-8b1d30ab6f22","geometry":{"type":"Point","coordinates":[-94.8561804168623,29.64881251630382]},"properties":{"substrate":"Buried Shell","lease_number":null,"poll_year":2024}},{"type":"Feature","id":"0ce576a2-4ff4-4389-a627-92956313e38c","geometry":{"type":"Point","coordinates":[-94.86301463335555,29.639337516718307]},"properties":{"substrate":"Mud","lease_number":null,"poll_year":2024}},{"type":"Feature","id":"0cec5de5-4f95-46a2-8c82-4a77d6339650","geometry":{"type":"Point","coordinates":[-94.8729174499436,29.613780916389615]},"properties":{"substrate":"Mud","lease_number":null,"poll_year":2024}},{"type":"Feature","id":"0cf8cbb7-037a-4652-aa9f-9bc670c8f93c","geometry":{"type":"Point","coordinates":[-94.8558603668895,29.648414316755563]},"properties":{"substrate":"Buried Shell","lease_number":null,"poll_year":2024}},{"type":"Feature","id":"0d0e919c-7e44-4e4d-8864-40a9bf3d2174","geometry":{"type":"Point","coordinates":[-94.86432548376422,29.639949116813277]},"properties":{"substrate":"Buried Shell","lease_number":null,"poll_year":2024}},{"type":"Feature","id":"0d3350b6-5792-4596-98f0-43d8ba473e47","geometry":{"type":"Point","coordinates":[-94.85564536680435,29.648235082256893]},"properties":{"substrate":"Mud","lease_number":null,"poll_year":2025}},{"type":"Feature","id":"0d468376-1c9c-406c-ae82-24ff6eb451f4","geometry":{"type":"Point","coordinates":[-94.86520811356517,29.637864474097054]},"properties":{"substrate":"Buried Shell","lease_number":null,"poll_year":2025}},{"type":"Feature","id":"0d46dec0-9375-4586-b419-3689bef90d27","geometry":{"type":"Point","coordinates":[-94.87272013139817,29.613791457973914]},"properties":{"substrate":"Mud","lease_number":null,"poll_year":2025}},{"type":"Feature","id":"0d648702-897f-469d-b5b0-c5e711012567","geometry":{"type":"Point","coordinates":[-94.85881102627232,29.64981554276567]},"properties":{"substrate":"Mud","lease_number":null,"poll_year":2025}},{"type":"Feature","id":"0d6a2c88-b7bd-4dad-ab6a-cbb4d16362d4","geometry":{"type":"Point","coordinates":[-94.86014805269008,29.650190863290383]},"properties":{"substrate":"Mud","lease_number":null,"poll_year":2025}},{"type":"Feature","id":"0d8545ef-9392-4699-bf00-f857a84b1fde","geometry":{"type":"Point","coordinates":[-94.8734554482723,29.612420435943726]},"properties":{"substrate":"Solid Reef","lease_number":null,"poll_year":2025}},{"type":"Feature","id":"0d9007e7-21ee-4b69-adea-9f8335ca4923","geometry":{"type":"Point","coordinates":[-94.86494734880786,29.641343124626104]},"properties":{"substrate":"Mud","lease_number":null,"poll_year":2025}},{"type":"Feature","id":"0da6428f-18d5-4e83-9f3a-69aa6ada7e91","geometry":{"type":"Point","coordinates":[-94.86378199583082,29.640859152852126]},"properties":{"substrate":"Mud","lease_number":null,"poll_year":2025}},{"type":"Feature","id":"0dc06962-2101-4513-ae3c-5fc3841fa45b","geometry":{"type":"Point","coordinates":[-94.87588891341008,29.612673504242164]},"properties":{"substrate":"Mud","lease_number":null,"poll_year":2025}},{"type":"Feature","id":"0dc681f6-dd62-45e6-a35d-bb05adb326b0","geometry":{"type":"Point","coordinates":[-94.86317535004473,29.638950650175026]},"properties":{"substrate":"Buried Shell","lease_number":null,"poll_year":2024}},{"type":"Feature","id":"0dc97479-cbc4-4b2b-a3fd-91e15f69511f","geometry":{"type":"Point","coordinates":[-94.87499557928422,29.613167946122452]},"properties":{"substrate":"Mud","lease_number":null,"poll_year":2025}},{"type":"Feature","id":"0dd49fad-01b7-4eb7-ad2e-38d8a148d349","geometry":{"type":"Point","coordinates":[-94.86459579132479,29.638818707847694]},"properties":{"substrate":"Solid Reef","lease_number":null,"poll_year":2025}},{"type":"Feature","id":"0dd745b7-7eaf-4db0-9489-5a0876ecd98d","geometry":{"type":"Point","coordinates":[-94.85908678301341,29.650312583185]},"properties":{"substrate":"Mud","lease_number":null,"poll_year":2023}},{"type":"Feature","id":"0df97a35-e573-4fc4-aa1c-65857f19f6ac","geometry":{"type":"Point","coordinates":[-94.86476181975225,29.637878296371568]},"properties":{"substrate":"Buried Shell","lease_number":null,"poll_year":2025}},{"type":"Feature","id":"0dfa0752-69d1-4efa-9ea6-8e36223e1c88","geometry":{"type":"Point","coordinates":[-94.86323684960739,29.640094907737442]},"properties":{"substrate":"Mud","lease_number":null,"poll_year":2025}},{"type":"Feature","id":"0e059be8-6ba2-454e-88fe-e0dcbb4ec148","geometry":{"type":"Point","coordinates":[-94.85796198358153,29.646256683181]},"properties":{"substrate":"Buried Shell","lease_number":null,"poll_year":2024}},{"type":"Feature","id":"0e10d954-ec4d-4c74-ac1b-8852528e878e","geometry":{"type":"Point","coordinates":[-94.86554033301512,29.638484365678377]},"properties":{"substrate":"Buried Shell","lease_number":null,"poll_year":2024}},{"type":"Feature","id":"0e43e045-4fcb-445c-934e-1c2001909ec3","geometry":{"type":"Point","coordinates":[-94.86487225234507,29.63749539297818]},"properties":{"substrate":"Mud","lease_number":null,"poll_year":2025}},{"type":"Feature","id":"0e43e13b-f353-4466-add9-ec47c5a8515c","geometry":{"type":"Point","coordinates":[-94.86446001456287,29.638906768837664]},"properties":{"substrate":"Buried Shell","lease_number":null,"poll_year":2025}},{"type":"Feature","id":"0e4b6776-f854-4395-9db2-3c374c8b00b6","geometry":{"type":"Point","coordinates":[-94.86541843073275,29.638109939233203]},"properties":{"substrate":"Buried Shell","lease_number":null,"poll_year":2025}},{"type":"Feature","id":"0e5abe88-1b29-4ecc-91ac-1fffc0b0add9","geometry":{"type":"Point","coordinates":[-94.85694096741275,29.647118666959102]},"properties":{"substrate":"Solid Reef","lease_number":null,"poll_year":2024}},{"type":"Feature","id":"0e5cc3d5-ab90-43d9-b906-ab865f4e807a","geometry":{"type":"Point","coordinates":[-94.86307472525816,29.63685947808236]},"properties":{"substrate":"Solid Reef","lease_number":null,"poll_year":2025}},{"type":"Feature","id":"0e8b3b51-9577-45d8-920a-d1e28eea8826","geometry":{"type":"Point","coordinates":[-94.85733849438387,29.64680225577442]},"properties":{"substrate":"Solid Reef","lease_number":null,"poll_year":2025}},{"type":"Feature","id":"0e8d9dc3-627d-4514-a120-abfecb57084b","geometry":{"type":"Point","coordinates":[-94.85672959921631,29.65030527279748]},"properties":{"substrate":"Mud","lease_number":null,"poll_year":2025}},{"type":"Feature","id":"0e96bd05-e90b-4093-94b8-cc9f047adad5","geometry":{"type":"Point","coordinates":[-94.85621831678412,29.64979436564441]},"properties":{"substrate":"Buried Shell","lease_number":null,"poll_year":2024}},{"type":"Feature","id":"0ead4a44-49c1-4ab8-ad6b-fbdf6f58c038","geometry":{"type":"Point","coordinates":[-94.85550161659596,29.64704899979452]},"properties":{"substrate":"Solid Reef","lease_number":null,"poll_year":2023}},{"type":"Feature","id":"0eb1cd8a-ebd1-486c-9bc7-2ea0e488e332","geometry":{"type":"Point","coordinates":[-94.86421572580618,29.635957704261326]},"properties":{"substrate":"Mud","lease_number":null,"poll_year":2025}},{"type":"Feature","id":"0ec974f4-0197-4889-baf9-4bbd46aeae42","geometry":{"type":"Point","coordinates":[-94.8649014655581,29.637270183208233]},"properties":{"substrate":"Buried Shell","lease_number":null,"poll_year":2024}},{"type":"Feature","id":"0eda81d8-10a2-4499-84a3-94492fdaa389","geometry":{"type":"Point","coordinates":[-94.85845191665267,29.645787483717168]},"properties":{"substrate":"Mud","lease_number":null,"poll_year":2023}},{"type":"Feature","id":"0f210615-8302-454b-9588-a64a58371e94","geometry":{"type":"Point","coordinates":[-94.85736449971303,29.65023536738549]},"properties":{"substrate":"Buried Shell","lease_number":null,"poll_year":2024}},{"type":"Feature","id":"0f21cee2-63fc-4241-8ff1-75f1c67ceaa4","geometry":{"type":"Point","coordinates":[-94.87454918935155,29.61207407971054]},"properties":{"substrate":"Solid Reef","lease_number":null,"poll_year":2025}},{"type":"Feature","id":"0f30ef11-b88e-46ba-8161-56791132c746","geometry":{"type":"Point","coordinates":[-94.86195081605675,29.638516792345925]},"properties":{"substrate":"Mud","lease_number":null,"poll_year":2025}},{"type":"Feature","id":"0f354c50-ec7f-4848-b780-4db0b5b04136","geometry":{"type":"Point","coordinates":[-94.85601483310093,29.648067049819765]},"properties":{"substrate":"Solid Reef","lease_number":null,"poll_year":2024}},{"type":"Feature","id":"0f502bed-4cbe-4f0e-8d22-c3b9e3308668","geometry":{"type":"Point","coordinates":[-94.85874683356045,29.650113147754457]},"properties":{"substrate":"Mud","lease_number":null,"poll_year":2025}},{"type":"Feature","id":"0f5be7fa-6b8b-4319-b50d-e38adeb22690","geometry":{"type":"Point","coordinates":[-94.8580104000804,29.648191083175657]},"properties":{"substrate":"Solid Reef","lease_number":null,"poll_year":2024}},{"type":"Feature","id":"0f6098cd-dea7-4b2c-8501-debcb7f82b59","geometry":{"type":"Point","coordinates":[-94.85722500033255,29.64526363333711]},"properties":{"substrate":"Mud","lease_number":null,"poll_year":2023}},{"type":"Feature","id":"0f896e73-b811-41a2-8ec0-1841e45233a7","geometry":{"type":"Point","coordinates":[-94.85665491687685,29.645845555642637]},"properties":{"substrate":"Mud","lease_number":null,"poll_year":2025}},{"type":"Feature","id":"0f914aa5-b421-45ba-953a-b9ae3403c50a","geometry":{"type":"Point","coordinates":[-94.85876723340222,29.647441417318998]},"properties":{"substrate":"Buried Shell","lease_number":null,"poll_year":2024}},{"type":"Feature","id":"0f97adc4-9667-45f1-b9ad-83336a683d6b","geometry":{"type":"Point","coordinates":[-94.85795091633724,29.647628482986406]},"properties":{"substrate":"Solid Reef","lease_number":null,"poll_year":2024}},{"type":"Feature","id":"0f9831bb-54c6-49de-86c3-f548496a11fb","geometry":{"type":"Point","coordinates":[-94.86548154995788,29.640102350035708]},"properties":{"substrate":"Buried Shell","lease_number":null,"poll_year":2024}},{"type":"Feature","id":"0fa7f361-6218-44d7-8e24-b2e918fa8de0","geometry":{"type":"Point","coordinates":[-94.85782443713849,29.64541888602363]},"properties":{"substrate":"Mud","lease_number":null,"poll_year":2025}},{"type":"Feature","id":"0fba985e-e2b3-46bd-bd42-743321b42121","geometry":{"type":"Point","coordinates":[-94.86520614266144,29.6413805956438]},"properties":{"substrate":"Mud","lease_number":null,"poll_year":2025}},{"type":"Feature","id":"0fbad6b4-1f89-479d-a52c-348608f631d2","geometry":{"type":"Point","coordinates":[-94.85823694980517,29.647262550365923]},"properties":{"substrate":"Scattered Shell","lease_number":null,"poll_year":2024}},{"type":"Feature","id":"0fcdb316-088a-4f29-b098-a542b9624266","geometry":{"type":"Point","coordinates":[-94.8636839941249,29.637838637845938]},"properties":{"substrate":"Solid Reef","lease_number":null,"poll_year":2025}},{"type":"Feature","id":"0fed8967-03aa-4604-9ff1-e2bfc68e0aa8","geometry":{"type":"Point","coordinates":[-94.85534476535746,29.647450138662617]},"properties":{"substrate":"Mud","lease_number":null,"poll_year":2025}},{"type":"Feature","id":"0ff98f09-7f13-4221-85da-ebfd744b5855","geometry":{"type":"Point","coordinates":[-94.86582660004504,29.6366263168178]},"properties":{"substrate":"Mud","lease_number":null,"poll_year":2024}},{"type":"Feature","id":"0fff2ecc-852a-4be5-ab9e-4229fe136368","geometry":{"type":"Point","coordinates":[-94.86472200462222,29.639486297333193]},"properties":{"substrate":"Solid Reef","lease_number":null,"poll_year":2025}},{"type":"Feature","id":"10085724-25ce-4c30-8d33-8dbb6fddf22b","geometry":{"type":"Point","coordinates":[-94.86595573376545,29.63649161679044]},"properties":{"substrate":"Mud","lease_number":null,"poll_year":2024}},{"type":"Feature","id":"100c93ab-7a6c-4d5d-a0a5-7e48ea655c22","geometry":{"type":"Point","coordinates":[-94.85667580001225,29.645924483035188]},"properties":{"substrate":"Buried Shell","lease_number":null,"poll_year":2024}},{"type":"Feature","id":"1017d963-1ef1-4008-a652-cac8370e67d6","geometry":{"type":"Point","coordinates":[-94.86566511260133,29.63761447432024]},"properties":{"substrate":"Solid Reef","lease_number":null,"poll_year":2025}},{"type":"Feature","id":"102a4eb8-4a01-4624-a7eb-2001a3426ba6","geometry":{"type":"Point","coordinates":[-94.86481333094724,29.639247306627436]},"properties":{"substrate":"Solid Reef","lease_number":null,"poll_year":2025}},{"type":"Feature","id":"1034de36-68c8-4931-90fc-8b8349dade29","geometry":{"type":"Point","coordinates":[-94.85650366663414,29.64621560001405]},"properties":{"substrate":"Buried Shell","lease_number":null,"poll_year":2024}},{"type":"Feature","id":"1045d018-908e-483d-8aa8-a64ef51c894e","geometry":{"type":"Point","coordinates":[-94.85933823313952,29.647844500152186]},"properties":{"substrate":"Buried Shell","lease_number":null,"poll_year":2024}},{"type":"Feature","id":"10474e8f-6580-4534-acfd-79a381b2540d","geometry":{"type":"Point","coordinates":[-94.86003893073924,29.648896559650122]},"properties":{"substrate":"Buried Shell","lease_number":null,"poll_year":2025}},{"type":"Feature","id":"106f0195-7232-44ba-92a4-1d84a05d099f","geometry":{"type":"Point","coordinates":[-94.87432154458044,29.614137235854663]},"properties":{"substrate":"Mud","lease_number":null,"poll_year":2025}},{"type":"Feature","id":"10801ab6-dd8f-4486-9584-ddf671ef35fd","geometry":{"type":"Point","coordinates":[-94.87212692620535,29.612590877830467]},"properties":{"substrate":"Buried Shell","lease_number":null,"poll_year":2025}},{"type":"Feature","id":"1088086e-a1de-4bf6-9f33-8b60754a9867","geometry":{"type":"Point","coordinates":[-94.86453195344745,29.63942105734754]},"properties":{"substrate":"Solid Reef","lease_number":null,"poll_year":2025}},{"type":"Feature","id":"10a60f44-8056-43c1-9a6d-a8dcb6809b8c","geometry":{"type":"Point","coordinates":[-94.8575008666681,29.64686795003917]},"properties":{"substrate":"Solid Reef","lease_number":null,"poll_year":2024}},{"type":"Feature","id":"10b01b16-e065-4594-9c2f-33b6f8241c3f","geometry":{"type":"Point","coordinates":[-94.8674822849452,29.638295684756198]},"properties":{"substrate":"Mud","lease_number":null,"poll_year":2025}},{"type":"Feature","id":"10b55f37-fa34-4087-8f6a-779a2629e5fc","geometry":{"type":"Point","coordinates":[-94.85613550019978,29.646722133009337]},"properties":{"substrate":"Buried Shell","lease_number":null,"poll_year":2024}},{"type":"Feature","id":"10c57b1c-cef0-442e-a653-6d61415fc577","geometry":{"type":"Point","coordinates":[-94.85823603442189,29.649346850168136]},"properties":{"substrate":"Scattered Shell","lease_number":null,"poll_year":2023}},{"type":"Feature","id":"1120bd01-8458-406c-836a-489915f65da2","geometry":{"type":"Point","coordinates":[-94.85997878942928,29.649504562779043]},"properties":{"substrate":"Buried Shell","lease_number":null,"poll_year":2025}},{"type":"Feature","id":"112a60c3-286d-498b-aff0-7e143e50d85d","geometry":{"type":"Point","coordinates":[-94.859332271021,29.649286218009696]},"properties":{"substrate":"Buried Shell","lease_number":null,"poll_year":2025}},{"type":"Feature","id":"112d1378-6aab-4df1-8c1c-6fccf998ff1c","geometry":{"type":"Point","coordinates":[-94.86633815017514,29.637006483710035]},"properties":{"substrate":"Mud","lease_number":null,"poll_year":2024}},{"type":"Feature","id":"1132c6ad-b48f-4e96-9a19-b2b270e9b4fa","geometry":{"type":"Point","coordinates":[-94.86420478971591,29.641331630273623]},"properties":{"substrate":"Mud","lease_number":null,"poll_year":2025}},{"type":"Feature","id":"116763e8-2840-422c-bd81-5d5a1616cefa","geometry":{"type":"Point","coordinates":[-94.85673633298767,29.64736843312628]},"properties":{"substrate":"Solid Reef","lease_number":null,"poll_year":2024}},{"type":"Feature","id":"11695d42-2b51-4d32-8740-9f9a88f522d4","geometry":{"type":"Point","coordinates":[-94.86412481090953,29.641187530707832]},"properties":{"substrate":"Mud","lease_number":null,"poll_year":2025}},{"type":"Feature","id":"11781f97-446c-4dbe-8c98-b690db9b1601","geometry":{"type":"Point","coordinates":[-94.86631709186825,29.63653809767421]},"properties":{"substrate":"Mud","lease_number":null,"poll_year":2025}},{"type":"Feature","id":"118548e6-ba5e-4555-9a06-d1b77b51eb12","geometry":{"type":"Point","coordinates":[-94.85449048998015,29.647135130684482]},"properties":{"substrate":"Mud","lease_number":null,"poll_year":2025}},{"type":"Feature","id":"11c5c90e-c8db-4894-b981-66b009d50d4e","geometry":{"type":"Point","coordinates":[-94.85716666643295,29.64742031698883]},"properties":{"substrate":"Solid Reef","lease_number":null,"poll_year":2024}},{"type":"Feature","id":"11ed1463-5a10-42e5-bfd3-c63a27bde0b1","geometry":{"type":"Point","coordinates":[-94.87439446622196,29.611681316646987]},"properties":{"substrate":"Solid Reef","lease_number":null,"poll_year":2024}},{"type":"Feature","id":"11f06ebd-d794-4fd3-9421-dfda5134df20","geometry":{"type":"Point","coordinates":[-94.87517480036992,29.61261781705642]},"properties":{"substrate":"Mud","lease_number":null,"poll_year":2024}},{"type":"Feature","id":"11fc8093-d1d2-48d8-98e9-7986198d729c","geometry":{"type":"Point","coordinates":[-94.85659051665412,29.648346531988864]},"properties":{"substrate":"Solid Reef","lease_number":null,"poll_year":2025}},{"type":"Feature","id":"120e5ecc-27d8-42fb-8fbc-26c0887d9aba","geometry":{"type":"Point","coordinates":[-94.86359711895207,29.641125497632856]},"properties":{"substrate":"Mud","lease_number":null,"poll_year":2025}},{"type":"Feature","id":"12149336-4aed-4796-9e30-c391668be258","geometry":{"type":"Point","coordinates":[-94.87572811677086,29.611990887372336]},"properties":{"substrate":"Mud","lease_number":null,"poll_year":2025}},{"type":"Feature","id":"121f7d13-ff17-4176-8bfe-d46d5e1228e2","geometry":{"type":"Point","coordinates":[-94.85705615119511,29.647203466670838]},"properties":{"substrate":"Solid Reef","lease_number":null,"poll_year":2025}},{"type":"Feature","id":"121fa898-74c9-4481-a3ec-4676200d536f","geometry":{"type":"Point","coordinates":[-94.85490299186704,29.64797747524011]},"properties":{"substrate":"Mud","lease_number":null,"poll_year":2025}},{"type":"Feature","id":"123e052a-27a9-4502-86ac-ca04e331e102","geometry":{"type":"Point","coordinates":[-94.85785320029557,29.64913218371426]},"properties":{"substrate":"Solid Reef","lease_number":null,"poll_year":2024}},{"type":"Feature","id":"1248a01c-13c4-4d8b-bfa0-e4f3252c0c3c","geometry":{"type":"Point","coordinates":[-94.87358683317082,29.61360098298052]},"properties":{"substrate":"Mud","lease_number":null,"poll_year":2024}},{"type":"Feature","id":"12633db9-09a4-4ba4-b4cb-20dc38c6a786","geometry":{"type":"Point","coordinates":[-94.8755386432128,29.613165161933747]},"properties":{"substrate":"Mud","lease_number":null,"poll_year":2025}},{"type":"Feature","id":"127c198d-e3ef-4543-8f3a-4f9f82922477","geometry":{"type":"Point","coordinates":[-94.8662272702213,29.63775038931355]},"properties":{"substrate":"Mud","lease_number":null,"poll_year":2025}},{"type":"Feature","id":"12897ca0-f538-41d2-9c5a-f9888e322556","geometry":{"type":"Point","coordinates":[-94.86350033356504,29.637490266310643]},"properties":{"substrate":"Buried Shell","lease_number":null,"poll_year":2024}},{"type":"Feature","id":"12c94c52-5156-4cdd-b1a4-f5e54da7b546","geometry":{"type":"Point","coordinates":[-94.85878543326989,29.648221183333472]},"properties":{"substrate":"Buried Shell","lease_number":null,"poll_year":2024}},{"type":"Feature","id":"12d56a78-a7dd-4afc-a1ad-74260f8ae886","geometry":{"type":"Point","coordinates":[-94.86475331629975,29.639878534307826]},"properties":{"substrate":"Solid Reef","lease_number":null,"poll_year":2024}},{"type":"Feature","id":"12d6161f-c8bd-4687-a8de-776f51e73b07","geometry":{"type":"Point","coordinates":[-94.85852263113351,29.649726737946118]},"properties":{"substrate":"Buried Shell","lease_number":null,"poll_year":2025}},{"type":"Feature","id":"12d87381-c7a3-4880-b75b-14cbbd9a4cee","geometry":{"type":"Point","coordinates":[-94.85864493316619,29.64911068323937]},"properties":{"substrate":"Solid Reef","lease_number":null,"poll_year":2024}},{"type":"Feature","id":"12d92446-9e77-40eb-b3e6-59057d34ff38","geometry":{"type":"Point","coordinates":[-94.86640405597429,29.639399967828798]},"properties":{"substrate":"Solid Reef","lease_number":null,"poll_year":2025}},{"type":"Feature","id":"12f7b256-7353-41b0-b8e6-1172927c3a81","geometry":{"type":"Point","coordinates":[-94.85654204086644,29.648004683717406]},"properties":{"substrate":"Solid Reef","lease_number":null,"poll_year":2025}},{"type":"Feature","id":"131c62b3-f445-452b-ba2d-ec5827d1b51c","geometry":{"type":"Point","coordinates":[-94.86603799968253,29.640931450007418]},"properties":{"substrate":"Mud","lease_number":null,"poll_year":2024}},{"type":"Feature","id":"13299f41-0683-4cc2-bf8c-b33636f9d35f","geometry":{"type":"Point","coordinates":[-94.858981887636,29.64722373012044]},"properties":{"substrate":"Mud","lease_number":null,"poll_year":2025}},{"type":"Feature","id":"1343400c-3381-431b-b656-06c17943e696","geometry":{"type":"Point","coordinates":[-94.86503915034169,29.641387200091714]},"properties":{"substrate":"Mud","lease_number":null,"poll_year":2024}},{"type":"Feature","id":"136dd9a8-ba96-47a6-9cde-5ccd27dff085","geometry":{"type":"Point","coordinates":[-94.86572715564476,29.63799003084365]},"properties":{"substrate":"Solid Reef","lease_number":null,"poll_year":2025}},{"type":"Feature","id":"13774026-68b0-4837-8c95-2e466a8982fe","geometry":{"type":"Point","coordinates":[-94.8581258497641,29.64792161629362]},"properties":{"substrate":"Solid Reef","lease_number":null,"poll_year":2024}},{"type":"Feature","id":"137c1a79-69c6-4d35-a210-7e1d137e9dc4","geometry":{"type":"Point","coordinates":[-94.873841383383,29.613534100239388]},"properties":{"substrate":"Mud","lease_number":null,"poll_year":2024}},{"type":"Feature","id":"1392397b-047d-4202-bb73-c220d1cbacdd","geometry":{"type":"Point","coordinates":[-94.85713550028248,29.646559050152252]},"properties":{"substrate":"Buried Shell","lease_number":null,"poll_year":2024}},{"type":"Feature","id":"139c7489-14c0-43c2-8199-3f0db303b07e","geometry":{"type":"Point","coordinates":[-94.85631596275721,29.6474349967358]},"properties":{"substrate":"Solid Reef","lease_number":null,"poll_year":2025}},{"type":"Feature","id":"13a22ff6-746d-4abb-ad05-12e03fbbf0d0","geometry":{"type":"Point","coordinates":[-94.87350808864964,29.612577765124026]},"properties":{"substrate":"Solid Reef","lease_number":null,"poll_year":2025}},{"type":"Feature","id":"13ace76d-7edf-4dfc-9f02-8afb2ed51712","geometry":{"type":"Point","coordinates":[-94.86749808810767,29.63808765561897]},"properties":{"substrate":"Mud","lease_number":null,"poll_year":2025}},{"type":"Feature","id":"13fbfc56-dc15-4fb8-b266-7f63d34ece4c","geometry":{"type":"Point","coordinates":[-94.86565130010554,29.639785499867592]},"properties":{"substrate":"Solid Reef","lease_number":null,"poll_year":2024}},{"type":"Feature","id":"1407263c-61ba-4be6-9cf0-9ffa18d9a77e","geometry":{"type":"Point","coordinates":[-94.85762669728321,29.64750948531303]},"properties":{"substrate":"Solid Reef","lease_number":null,"poll_year":2025}},{"type":"Feature","id":"143418a5-c589-401d-8389-8466907b3bfa","geometry":{"type":"Point","coordinates":[-94.86290521496069,29.640727166179627]},"properties":{"substrate":"Mud","lease_number":null,"poll_year":2025}},{"type":"Feature","id":"1437bde9-7a96-4359-a36c-0824ede1a4e8","geometry":{"type":"Point","coordinates":[-94.8560223663729,29.648230682974177]},"properties":{"substrate":"Scattered Shell","lease_number":null,"poll_year":2023}},{"type":"Feature","id":"14402c89-503d-4940-b190-3bbd5781b627","geometry":{"type":"Point","coordinates":[-94.85666203333052,29.648116150099384]},"properties":{"substrate":"Solid Reef","lease_number":null,"poll_year":2024}},{"type":"Feature","id":"144678c0-1a7e-489e-96a9-c5276056114a","geometry":{"type":"Point","coordinates":[-94.8558601665652,29.650203483169214]},"properties":{"substrate":"Mud","lease_number":null,"poll_year":2024}},{"type":"Feature","id":"144cd1e5-04c3-4897-80ea-c7ce7325e493","geometry":{"type":"Point","coordinates":[-94.87495072999533,29.612090096972896]},"properties":{"substrate":"Solid Reef","lease_number":null,"poll_year":2025}},{"type":"Feature","id":"1475e2f4-f034-4264-81cc-f6d98952384e","geometry":{"type":"Point","coordinates":[-94.86525476307789,29.640289932154644]},"properties":{"substrate":"Buried Shell","lease_number":null,"poll_year":2025}},{"type":"Feature","id":"1479ba11-417c-47c4-b9ab-be049df83cf3","geometry":{"type":"Point","coordinates":[-94.85750561695933,29.646687216930022]},"properties":{"substrate":"Solid Reef","lease_number":null,"poll_year":2023}},{"type":"Feature","id":"14800e5f-ca93-4ed7-a95e-da96e83361ec","geometry":{"type":"Point","coordinates":[-94.85854550044401,29.646109616889277]},"properties":{"substrate":"Mud","lease_number":null,"poll_year":2023}},{"type":"Feature","id":"1488547f-b00f-447e-b239-b71eccdf941a","geometry":{"type":"Point","coordinates":[-94.85604711675562,29.6465549669878]},"properties":{"substrate":"Buried Shell","lease_number":null,"poll_year":2024}},{"type":"Feature","id":"14b59aed-cc7a-4c2d-9b9b-c556a05684a8","geometry":{"type":"Point","coordinates":[-94.85813963441213,29.647898366771187]},"properties":{"substrate":"Solid Reef","lease_number":null,"poll_year":2023}},{"type":"Feature","id":"14c417f5-5cb3-400d-bb7d-56d1da99b26c","geometry":{"type":"Point","coordinates":[-94.8731354504018,29.613108872884755]},"properties":{"substrate":"Buried Shell","lease_number":null,"poll_year":2025}},{"type":"Feature","id":"14d129d7-475c-42d8-a9a3-1212bc1cb23b","geometry":{"type":"Point","coordinates":[-94.85865179988822,29.647632199953613]},"properties":{"substrate":"Buried Shell","lease_number":null,"poll_year":2024}},{"type":"Feature","id":"14d42386-50bc-4ccb-98cc-15805fcaac53","geometry":{"type":"Point","coordinates":[-94.86620551392343,29.636618090342598]},"properties":{"substrate":"Mud","lease_number":null,"poll_year":2025}},{"type":"Feature","id":"14d917b0-46cc-4458-b672-f7b0dfae239a","geometry":{"type":"Point","coordinates":[-94.85652233362573,29.649245349990615]},"properties":{"substrate":"Scattered Shell","lease_number":null,"poll_year":2023}},{"type":"Feature","id":"14f96179-4fe5-4347-bdcf-550c8ac1e654","geometry":{"type":"Point","coordinates":[-94.85863118355245,29.64914244991613]},"properties":{"substrate":"Solid Reef","lease_number":null,"poll_year":2024}},{"type":"Feature","id":"151b9655-d545-4a5a-8920-38425248dfd1","geometry":{"type":"Point","coordinates":[-94.85647162911786,29.645657439707534]},"properties":{"substrate":"Mud","lease_number":null,"poll_year":2025}},{"type":"Feature","id":"155ff854-3422-4789-a3af-3c758f2dd76a","geometry":{"type":"Point","coordinates":[-94.85561188300044,29.647742767369422]},"properties":{"substrate":"Mud","lease_number":null,"poll_year":2023}},{"type":"Feature","id":"1578bbcf-c144-426e-975c-d3c8e41d0d95","geometry":{"type":"Point","coordinates":[-94.87350761703412,29.61220841564355]},"properties":{"substrate":"Solid Reef","lease_number":null,"poll_year":2023}},{"type":"Feature","id":"15809659-1509-4b04-9b84-c74657ffae8f","geometry":{"type":"Point","coordinates":[-94.86668339968828,29.63929956632459]},"properties":{"substrate":"Solid Reef","lease_number":null,"poll_year":2024}},{"type":"Feature","id":"15de4bb0-02f9-4bcb-a704-37c2902c9d32","geometry":{"type":"Point","coordinates":[-94.85695703378163,29.64674048301517]},"properties":{"substrate":"Solid Reef","lease_number":null,"poll_year":2024}},{"type":"Feature","id":"161c09b2-9828-4ba7-a8cb-d91fd1c6926e","geometry":{"type":"Point","coordinates":[-94.86544583294217,29.640614099634977]},"properties":{"substrate":"Mud","lease_number":null,"poll_year":2024}},{"type":"Feature","id":"1620dc63-867e-4e33-9e75-dc16f8662a87","geometry":{"type":"Point","coordinates":[-94.8729890025526,29.613685123655017]},"properties":{"substrate":"Mud","lease_number":null,"poll_year":2025}},{"type":"Feature","id":"1623ba43-5a8d-420a-9e6d-6efbd9f6f27e","geometry":{"type":"Point","coordinates":[-94.85791279363322,29.64947562312093]},"properties":{"substrate":"Buried Shell","lease_number":null,"poll_year":2025}},{"type":"Feature","id":"164ea197-cc5b-4673-93ea-151433919b9e","geometry":{"type":"Point","coordinates":[-94.8755076863698,29.612128857347173]},"properties":{"substrate":"Mud","lease_number":null,"poll_year":2025}},{"type":"Feature","id":"16593da3-83c5-46dc-8878-6ad0874347c0","geometry":{"type":"Point","coordinates":[-94.86768091862419,29.638092445737584]},"properties":{"substrate":"Mud","lease_number":null,"poll_year":2025}},{"type":"Feature","id":"16b7ac0d-2bfc-4655-b4c4-84990768667f","geometry":{"type":"Point","coordinates":[-94.85761636665744,29.648465816752854]},"properties":{"substrate":"Solid Reef","lease_number":null,"poll_year":2024}},{"type":"Feature","id":"16be75b5-05bb-4dba-b456-289e56f3ce3a","geometry":{"type":"Point","coordinates":[-94.87368256663065,29.612537882649143]},"properties":{"substrate":"Solid Reef","lease_number":null,"poll_year":2024}},{"type":"Feature","id":"16c04c93-fd02-4c3e-8666-3ac8e7ee8588","geometry":{"type":"Point","coordinates":[-94.87467037657494,29.613360903098336]},"properties":{"substrate":"Mud","lease_number":null,"poll_year":2025}},{"type":"Feature","id":"16c21248-99bf-4778-8473-5ea3ae955ea9","geometry":{"type":"Point","coordinates":[-94.85793798329209,29.64615964015736]},"properties":{"substrate":"Mud","lease_number":null,"poll_year":2025}},{"type":"Feature","id":"16de3952-f98b-4a20-9358-2083a0f7889b","geometry":{"type":"Point","coordinates":[-94.85724956027244,29.647414956612675]},"properties":{"substrate":"Solid Reef","lease_number":null,"poll_year":2025}},{"type":"Feature","id":"16de40b3-33ab-43a0-b7ce-127db4e40ad2","geometry":{"type":"Point","coordinates":[-94.85939018361071,29.649339799683002]},"properties":{"substrate":"Buried Shell","lease_number":null,"poll_year":2024}},{"type":"Feature","id":"1711fd31-00dc-4400-9067-b75fcc6ce1b1","geometry":{"type":"Point","coordinates":[-94.8724607500464,29.612015582981602]},"properties":{"substrate":"Mud","lease_number":null,"poll_year":2024}},{"type":"Feature","id":"173a8b79-2530-4eba-bb29-63088f4bb09b","geometry":{"type":"Point","coordinates":[-94.85840246709121,29.647709149966307]},"properties":{"substrate":"Solid Reef","lease_number":null,"poll_year":2024}},{"type":"Feature","id":"173d2639-bb62-4d38-947d-3f67d5a91c67","geometry":{"type":"Point","coordinates":[-94.855247237962,29.646840140882823]},"properties":{"substrate":"Mud","lease_number":null,"poll_year":2025}},{"type":"Feature","id":"17489d55-ff17-4c70-ac69-563c64eaa3b7","geometry":{"type":"Point","coordinates":[-94.85789581367771,29.645626222343484]},"properties":{"substrate":"Mud","lease_number":null,"poll_year":2025}},{"type":"Feature","id":"174c2f00-f96d-48ad-9c95-a6fd85e984a7","geometry":{"type":"Point","coordinates":[-94.87442014995423,29.612289466340307]},"properties":{"substrate":"Solid Reef","lease_number":null,"poll_year":2023}},{"type":"Feature","id":"185b3065-2223-46d1-b89f-bf553e4e44af","geometry":{"type":"Point","coordinates":[-94.87329910009036,29.61441201702998]},"properties":{"substrate":"Mud","lease_number":null,"poll_year":2023}},{"type":"Feature","id":"186739af-6801-4641-84cb-5f9e1ffa2c65","geometry":{"type":"Point","coordinates":[-94.85758207616642,29.64471807973099]},"properties":{"substrate":"Mud","lease_number":null,"poll_year":2025}},{"type":"Feature","id":"186e08b2-9f8a-4007-8093-671f35b7b46c","geometry":{"type":"Point","coordinates":[-94.86427647437728,29.635673827691296]},"properties":{"substrate":"Mud","lease_number":null,"poll_year":2025}},{"type":"Feature","id":"189fb595-0d2b-4e2e-af4a-afdd55062c52","geometry":{"type":"Point","coordinates":[-94.86002329196845,29.650253435702037]},"properties":{"substrate":"Mud","lease_number":null,"poll_year":2025}},{"type":"Feature","id":"18aaa048-3b27-45ee-9401-031ef51e2036","geometry":{"type":"Point","coordinates":[-94.85851540688199,29.646643966662527]},"properties":{"substrate":"Mud","lease_number":null,"poll_year":2025}},{"type":"Feature","id":"18ab1257-ba03-4981-93c5-2a7bff759346","geometry":{"type":"Point","coordinates":[-94.85637464969471,29.64856091672263]},"properties":{"substrate":"Buried Shell","lease_number":null,"poll_year":2023}},{"type":"Feature","id":"18c6f38b-85bc-4b95-b250-2c9ffbe04f88","geometry":{"type":"Point","coordinates":[-94.86667376525686,29.63745816568291]},"properties":{"substrate":"Mud","lease_number":null,"poll_year":2025}},{"type":"Feature","id":"18c7221f-cc3f-4d9e-9699-f2a3a7edef04","geometry":{"type":"Point","coordinates":[-94.85677888258942,29.645752784355462]},"properties":{"substrate":"Mud","lease_number":null,"poll_year":2024}},{"type":"Feature","id":"18c9e8b1-01ac-4fb4-a3b1-a084abf83429","geometry":{"type":"Point","coordinates":[-94.85945531685873,29.648143067335255]},"properties":{"substrate":"Buried Shell","lease_number":null,"poll_year":2024}},{"type":"Feature","id":"18cf7faa-b6e4-493c-bd68-fc0aa8707bb8","geometry":{"type":"Point","coordinates":[-94.8762319234232,29.612490829946108]},"properties":{"substrate":"Mud","lease_number":null,"poll_year":2025}},{"type":"Feature","id":"18ebd973-dd52-4058-8c9e-54caac7c7298","geometry":{"type":"Point","coordinates":[-94.8666407126443,29.639270386376904]},"properties":{"substrate":"Solid Reef","lease_number":null,"poll_year":2025}},{"type":"Feature","id":"18f23abb-d585-42af-bf86-158b1c397240","geometry":{"type":"Point","coordinates":[-94.86318533481911,29.63853329729791]},"properties":{"substrate":"Mud","lease_number":null,"poll_year":2025}},{"type":"Feature","id":"19099c00-436d-4077-9471-1156e0b64f70","geometry":{"type":"Point","coordinates":[-94.85760048803648,29.6501491118954]},"properties":{"substrate":"Buried Shell","lease_number":null,"poll_year":2025}},{"type":"Feature","id":"19324744-a526-4e52-a615-f9a96912b907","geometry":{"type":"Point","coordinates":[-94.8563169329377,29.648076166928085]},"properties":{"substrate":"Solid Reef","lease_number":null,"poll_year":2024}},{"type":"Feature","id":"193edcbf-7346-4274-acb3-fbfa92c1753d","geometry":{"type":"Point","coordinates":[-94.85912254943645,29.650731197227536]},"properties":{"substrate":"Mud","lease_number":null,"poll_year":2025}},{"type":"Feature","id":"198ae72a-b9b6-4a3e-8430-235bc33ff496","geometry":{"type":"Point","coordinates":[-94.85980482258968,29.6495304100892]},"properties":{"substrate":"Buried Shell","lease_number":null,"poll_year":2025}},{"type":"Feature","id":"198c800b-f7ec-4762-9dd3-43a3b5114040","geometry":{"type":"Point","coordinates":[-94.85638683444323,29.649219083371833]},"properties":{"substrate":"Buried Shell","lease_number":null,"poll_year":2024}},{"type":"Feature","id":"1991b21b-26d8-4b0d-b5b4-3aa6dac9c8df","geometry":{"type":"Point","coordinates":[-94.86400405038589,29.638013800315385]},"properties":{"substrate":"Solid Reef","lease_number":null,"poll_year":2024}},{"type":"Feature","id":"19981d7d-edc2-4275-bd01-8b085c0099e3","geometry":{"type":"Point","coordinates":[-94.85943803596759,29.64807348988034]},"properties":{"substrate":"Mud","lease_number":null,"poll_year":2025}},{"type":"Feature","id":"19b48bba-d4ad-406b-8d76-d46d1d90647d","geometry":{"type":"Point","coordinates":[-94.86389333302714,29.63880064997124]},"properties":{"substrate":"Buried Shell","lease_number":null,"poll_year":2024}},{"type":"Feature","id":"19bf9c21-4f72-455e-899b-7b766db260bf","geometry":{"type":"Point","coordinates":[-94.85849059990542,29.648553933323]},"properties":{"substrate":"Solid Reef","lease_number":null,"poll_year":2024}},{"type":"Feature","id":"19c3383e-f23e-47a4-9911-9b6a58d38b98","geometry":{"type":"Point","coordinates":[-94.85579566662948,29.647840866728792]},"properties":{"substrate":"Buried Shell","lease_number":null,"poll_year":2024}},{"type":"Feature","id":"19ca30c0-2c75-44af-a0a5-81df1bf9469f","geometry":{"type":"Point","coordinates":[-94.87316980018163,29.613921765703953]},"properties":{"substrate":"Mud","lease_number":null,"poll_year":2023}},{"type":"Feature","id":"19df7ae1-0283-4511-9924-3ede82824f41","geometry":{"type":"Point","coordinates":[-94.86705305283444,29.639609555021583]},"properties":{"substrate":"Mud","lease_number":null,"poll_year":2025}},{"type":"Feature","id":"1a0ae0c4-f244-4cdb-a6cd-d74301f83a9c","geometry":{"type":"Point","coordinates":[-94.86450196768327,29.637725027752438]},"properties":{"substrate":"Buried Shell","lease_number":null,"poll_year":2025}},{"type":"Feature","id":"1a0f5d30-a9e7-4819-aee1-2274b0c125da","geometry":{"type":"Point","coordinates":[-94.8738375637464,29.614038913890866]},"properties":{"substrate":"Mud","lease_number":null,"poll_year":2025}},{"type":"Feature","id":"1a14db57-a1bf-4961-8ad5-0081004224ca","geometry":{"type":"Point","coordinates":[-94.86482887539492,29.64034217491458]},"properties":{"substrate":"Buried Shell","lease_number":null,"poll_year":2025}},{"type":"Feature","id":"1a25eca7-144a-4e56-9d7f-58910c72f486","geometry":{"type":"Point","coordinates":[-94.85853193318829,29.64711044992896]},"properties":{"substrate":"Scattered Shell","lease_number":null,"poll_year":2023}},{"type":"Feature","id":"1a51fec2-5efd-4253-a05f-0a629583eaf1","geometry":{"type":"Point","coordinates":[-94.85942365663483,29.647770562223673]},"properties":{"substrate":"Buried Shell","lease_number":null,"poll_year":2025}},{"type":"Feature","id":"1a75ab56-9884-4163-b17f-65b799f33a84","geometry":{"type":"Point","coordinates":[-94.85708516588048,29.644936816967654]},"properties":{"substrate":"Mud","lease_number":null,"poll_year":2025}},{"type":"Feature","id":"1ab9749b-3385-4012-9d49-ed5c1ea53f48","geometry":{"type":"Point","coordinates":[-94.85795825018322,29.645309783046088]},"properties":{"substrate":"Mud","lease_number":null,"poll_year":2023}},{"type":"Feature","id":"1acf21d1-c22d-4898-9f08-9059da44d589","geometry":{"type":"Point","coordinates":[-94.8634438762461,29.63688046506823]},"properties":{"substrate":"Mud","lease_number":null,"poll_year":2025}},{"type":"Feature","id":"1ad292ec-4f61-435c-94be-b4cee09bd4db","geometry":{"type":"Point","coordinates":[-94.8584985392159,29.650481152110615]},"properties":{"substrate":"Mud","lease_number":null,"poll_year":2025}},{"type":"Feature","id":"1ad2b880-ed03-4309-8b17-01ffdef09b28","geometry":{"type":"Point","coordinates":[-94.87393862870744,29.61288253787458]},"properties":{"substrate":"Solid Reef","lease_number":null,"poll_year":2025}},{"type":"Feature","id":"1b361236-38ec-4387-aa27-198f8ff603ec","geometry":{"type":"Point","coordinates":[-94.863025327799,29.639663130133634]},"properties":{"substrate":"Mud","lease_number":null,"poll_year":2025}},{"type":"Feature","id":"1b531ac2-eb8d-4f3a-89b9-75663bef7a2d","geometry":{"type":"Point","coordinates":[-94.85680006666045,29.646035228770277]},"properties":{"substrate":"Mud","lease_number":null,"poll_year":2025}},{"type":"Feature","id":"1b59ddad-e703-4808-8402-9581508620ae","geometry":{"type":"Point","coordinates":[-94.87416020086721,29.611992725036426]},"properties":{"substrate":"Buried Shell","lease_number":null,"poll_year":2025}},{"type":"Feature","id":"1b831120-0465-43dc-a12d-2cd01465100f","geometry":{"type":"Point","coordinates":[-94.86511743762038,29.639592833971726]},"properties":{"substrate":"Solid Reef","lease_number":null,"poll_year":2025}},{"type":"Feature","id":"1b86106f-d3a5-442f-9132-a97848d2d4ba","geometry":{"type":"Point","coordinates":[-94.87447280021304,29.61271586628158]},"properties":{"substrate":"Buried Shell","lease_number":null,"poll_year":2024}},{"type":"Feature","id":"1b874483-d99e-46ad-a177-cad640856081","geometry":{"type":"Point","coordinates":[-94.85495628262464,29.64744385704683]},"properties":{"substrate":"Mud","lease_number":null,"poll_year":2025}},{"type":"Feature","id":"1b8b6ae3-2f8b-47d1-acf0-89d3abee63c3","geometry":{"type":"Point","coordinates":[-94.85844223371221,29.647798849698315]},"properties":{"substrate":"Solid Reef","lease_number":null,"poll_year":2024}},{"type":"Feature","id":"1b9c5c5b-0429-4963-9c0f-67023562be32","geometry":{"type":"Point","coordinates":[-94.85757284957013,29.646398383362524]},"properties":{"substrate":"Buried Shell","lease_number":null,"poll_year":2024}},{"type":"Feature","id":"1bd8ae8d-cfc5-4b67-9fa9-67912c00d0c0","geometry":{"type":"Point","coordinates":[-94.86301911774545,29.63979488631154]},"properties":{"substrate":"Mud","lease_number":null,"poll_year":2025}},{"type":"Feature","id":"1be5ba8b-7378-496a-8ed0-c47eb91d7e78","geometry":{"type":"Point","coordinates":[-94.85834259168259,29.65007135338918]},"properties":{"substrate":"Buried Shell","lease_number":null,"poll_year":2025}},{"type":"Feature","id":"1bf109c7-e564-4cfa-83c1-ba95e79a5646","geometry":{"type":"Point","coordinates":[-94.86300339992293,29.638786749745346]},"properties":{"substrate":"Buried Shell","lease_number":null,"poll_year":2024}},{"type":"Feature","id":"1c0d5bc5-c0ae-47c1-a6d6-68d53e40c772","geometry":{"type":"Point","coordinates":[-94.86406943336553,29.637870582975744]},"properties":{"substrate":"Buried Shell","lease_number":null,"poll_year":2024}},{"type":"Feature","id":"1c367807-2c90-4b58-83b6-a45bd5281257","geometry":{"type":"Point","coordinates":[-94.85937948108243,29.649728966830853]},"properties":{"substrate":"Buried Shell","lease_number":null,"poll_year":2025}},{"type":"Feature","id":"1c397f88-ebf4-4e0f-88f9-4fd0dd033a4a","geometry":{"type":"Point","coordinates":[-94.85690506624243,29.646682349929094]},"properties":{"substrate":"Solid Reef","lease_number":null,"poll_year":2024}},{"type":"Feature","id":"1c3a8e73-cc2c-4235-b54a-23bb84726152","geometry":{"type":"Point","coordinates":[-94.86635743341104,29.636698000183056]},"properties":{"substrate":"Mud","lease_number":null,"poll_year":2024}},{"type":"Feature","id":"1c6a95fc-0e49-4405-9113-83cb8222e58b","geometry":{"type":"Point","coordinates":[-94.87290184980037,29.61241711676003]},"properties":{"substrate":"Mud","lease_number":null,"poll_year":2023}},{"type":"Feature","id":"1c6aa44b-9235-4644-b0af-ffe4d73f1725","geometry":{"type":"Point","coordinates":[-94.85588999961578,29.646342283077594]},"properties":{"substrate":"Buried Shell","lease_number":null,"poll_year":2024}},{"type":"Feature","id":"1c72827f-5efd-4811-8da0-cdee763c141c","geometry":{"type":"Point","coordinates":[-94.85824378328954,29.64553910019982]},"properties":{"substrate":"Mud","lease_number":null,"poll_year":2023}},{"type":"Feature","id":"1cb0f9e8-d2ed-45df-9ad8-ccf2d1eedebc","geometry":{"type":"Point","coordinates":[-94.86507433375812,29.637362583627645]},"properties":{"substrate":"Solid Reef","lease_number":null,"poll_year":2024}},{"type":"Feature","id":"1ce89c4e-390c-4c17-bcbb-6af63ff5529c","geometry":{"type":"Point","coordinates":[-94.86346601073468,29.636017739325574]},"properties":{"substrate":"Mud","lease_number":null,"poll_year":2025}},{"type":"Feature","id":"1d207f2b-e6f3-463b-adfc-4b78215795f1","geometry":{"type":"Point","coordinates":[-94.8750733670996,29.612440750126343]},"properties":{"substrate":"Buried Shell","lease_number":null,"poll_year":2024}},{"type":"Feature","id":"1d4e48a8-6f16-43de-a3c9-4ce4e98ebac9","geometry":{"type":"Point","coordinates":[-94.8657201344125,29.63919674977751]},"properties":{"substrate":"Solid Reef","lease_number":null,"poll_year":2024}},{"type":"Feature","id":"1d743636-1698-48b0-b7e1-260fa8b3b802","geometry":{"type":"Point","coordinates":[-94.85677718297688,29.64750684962797]},"properties":{"substrate":"Solid Reef","lease_number":null,"poll_year":2024}},{"type":"Feature","id":"1d748c48-96e5-46d8-a901-8b09f20f2b50","geometry":{"type":"Point","coordinates":[-94.86004890024226,29.64891164983084]},"properties":{"substrate":"Buried Shell","lease_number":null,"poll_year":2023}},{"type":"Feature","id":"1d7cccde-ac17-4e63-a78f-b328b0643511","geometry":{"type":"Point","coordinates":[-94.85761466704493,29.647056734347228]},"properties":{"substrate":"Solid Reef","lease_number":null,"poll_year":2024}},{"type":"Feature","id":"1d7d4fd0-02ae-45ce-b353-c4a0086a945a","geometry":{"type":"Point","coordinates":[-94.86648643867235,29.638141106615098]},"properties":{"substrate":"Solid Reef","lease_number":null,"poll_year":2025}},{"type":"Feature","id":"1d97501c-1abc-46e1-8419-4cad93dd03f4","geometry":{"type":"Point","coordinates":[-94.85657013298201,29.648120799994192]},"properties":{"substrate":"Solid Reef","lease_number":null,"poll_year":2023}},{"type":"Feature","id":"1d9b9055-b75b-45b2-ba3a-fbaf0af69ae8","geometry":{"type":"Point","coordinates":[-94.85637391217787,29.647942711834503]},"properties":{"substrate":"Solid Reef","lease_number":null,"poll_year":2025}},{"type":"Feature","id":"1da3e6a4-0dda-4974-a8ad-34f9059edec1","geometry":{"type":"Point","coordinates":[-94.85618298334906,29.647255166369778]},"properties":{"substrate":"Buried Shell","lease_number":null,"poll_year":2024}},{"type":"Feature","id":"1dcde308-8bde-4b13-bc47-1bb5f16122c3","geometry":{"type":"Point","coordinates":[-94.86538112280067,29.636118070706562]},"properties":{"substrate":"Mud","lease_number":null,"poll_year":2025}},{"type":"Feature","id":"1dd6ff39-bbbe-4738-872a-0cea2afd4691","geometry":{"type":"Point","coordinates":[-94.85757549960022,29.646800833306447]},"properties":{"substrate":"Solid Reef","lease_number":null,"poll_year":2023}},{"type":"Feature","id":"1dda11bf-a80a-4507-9454-06eb2a162b29","geometry":{"type":"Point","coordinates":[-94.86271978202478,29.637181315790073]},"properties":{"substrate":"Solid Reef","lease_number":null,"poll_year":2025}},{"type":"Feature","id":"1defe083-474d-4a0a-9043-e8846f856a03","geometry":{"type":"Point","coordinates":[-94.85848770014368,29.6486291830391]},"properties":{"substrate":"Solid Reef","lease_number":null,"poll_year":2023}},{"type":"Feature","id":"1dfd9050-4b59-4e47-9f05-e6a1dedfabe6","geometry":{"type":"Point","coordinates":[-94.85790921744007,29.648549800274427]},"properties":{"substrate":"Solid Reef","lease_number":null,"poll_year":2024}},{"type":"Feature","id":"1e10b49f-1ce5-497b-9600-b408274824c0","geometry":{"type":"Point","coordinates":[-94.85839668373742,29.64915520030324]},"properties":{"substrate":"Buried Shell","lease_number":null,"poll_year":2023}},{"type":"Feature","id":"1e1c84d8-8bde-4f4d-b522-1a55644f18d1","geometry":{"type":"Point","coordinates":[-94.8643126333641,29.63733231703798]},"properties":{"substrate":"Solid Reef","lease_number":null,"poll_year":2024}},{"type":"Feature","id":"1e4348a6-e27a-4dee-9bc4-f841c1662fb4","geometry":{"type":"Point","coordinates":[-94.85892152444215,29.65000706333971]},"properties":{"substrate":"Mud","lease_number":null,"poll_year":2025}},{"type":"Feature","id":"1e4bcbcb-41e1-4efa-ad0d-11effce81b25","geometry":{"type":"Point","coordinates":[-94.87381819966213,29.612090449978975]},"properties":{"substrate":"Buried Shell","lease_number":null,"poll_year":2024}},{"type":"Feature","id":"1e4f2797-c4b8-4256-9742-5c54dc5fc6cb","geometry":{"type":"Point","coordinates":[-94.86331456016767,29.638557888804602]},"properties":{"substrate":"Mud","lease_number":null,"poll_year":2025}},{"type":"Feature","id":"1e60acbc-172a-4116-bc42-145ffee12021","geometry":{"type":"Point","coordinates":[-94.85637033328977,29.647687100347582]},"properties":{"substrate":"Solid Reef","lease_number":null,"poll_year":2024}},{"type":"Feature","id":"1e917188-3978-4aac-9e87-b2efe279adad","geometry":{"type":"Point","coordinates":[-94.85642133244508,29.64911075272168]},"properties":{"substrate":"Mud","lease_number":null,"poll_year":2025}},{"type":"Feature","id":"1e971af8-600c-459f-8585-b4568cd19bb4","geometry":{"type":"Point","coordinates":[-94.87411947394716,29.61229224196232]},"properties":{"substrate":"Solid Reef","lease_number":null,"poll_year":2025}},{"type":"Feature","id":"1ee481c4-cc03-4bd8-b13d-6a5f24377c42","geometry":{"type":"Point","coordinates":[-94.86523393294307,29.63595248303844]},"properties":{"substrate":"Mud","lease_number":null,"poll_year":2024}},{"type":"Feature","id":"1eed64cc-3506-4a45-ae9d-4e83ff35b7eb","geometry":{"type":"Point","coordinates":[-94.8595543273727,29.648793801306937]},"properties":{"substrate":"Buried Shell","lease_number":null,"poll_year":2025}},{"type":"Feature","id":"1eedf2ab-967e-4154-86c5-3fbe917f9bab","geometry":{"type":"Point","coordinates":[-94.85700191630815,29.65061216731049]},"properties":{"substrate":"Buried Shell","lease_number":null,"poll_year":2024}},{"type":"Feature","id":"1efd3466-ad97-48df-9b76-c72c98d2ae52","geometry":{"type":"Point","coordinates":[-94.8758547666495,29.611743332709118]},"properties":{"substrate":"Mud","lease_number":null,"poll_year":2023}},{"type":"Feature","id":"1efe9bb0-7de6-40b5-ae66-a5eb53135506","geometry":{"type":"Point","coordinates":[-94.87457716558444,29.612308383366685]},"properties":{"substrate":"Buried Shell","lease_number":null,"poll_year":2024}},{"type":"Feature","id":"1f1d62d4-80c1-489d-a589-c7b135a7fd9e","geometry":{"type":"Point","coordinates":[-94.85858105037306,29.650241566854433]},"properties":{"substrate":"Mud","lease_number":null,"poll_year":2023}},{"type":"Feature","id":"1f5ebaa7-a14a-4f44-b642-3f728ea21704","geometry":{"type":"Point","coordinates":[-94.86214559057328,29.638946879794325]},"properties":{"substrate":"Mud","lease_number":null,"poll_year":2025}},{"type":"Feature","id":"1f763d96-1c1d-4a64-8cee-f3369e5da317","geometry":{"type":"Point","coordinates":[-94.86394594106511,29.636452893114907]},"properties":{"substrate":"Mud","lease_number":null,"poll_year":2025}},{"type":"Feature","id":"1fa35b83-8ce9-4472-a74b-83eb8b9e0cef","geometry":{"type":"Point","coordinates":[-94.86585280030862,29.63712159998296]},"properties":{"substrate":"Mud","lease_number":null,"poll_year":2024}},{"type":"Feature","id":"1fc5e24b-6074-49e2-bb7a-dd7874b3e0c6","geometry":{"type":"Point","coordinates":[-94.85812975563894,29.646329785287993]},"properties":{"substrate":"Mud","lease_number":null,"poll_year":2025}},{"type":"Feature","id":"1fca6edd-2f00-4b37-b280-41a2de49c24c","geometry":{"type":"Point","coordinates":[-94.85847408258229,29.64769788430823]},"properties":{"substrate":"Buried Shell","lease_number":null,"poll_year":2024}},{"type":"Feature","id":"1fd0ced0-193a-45e8-9881-9a3d0ece81f4","geometry":{"type":"Point","coordinates":[-94.8582106498286,29.647793733704567]},"properties":{"substrate":"Solid Reef","lease_number":null,"poll_year":2023}},{"type":"Feature","id":"1fd8ccf7-3620-4fbc-bbef-0b46a2c3b53a","geometry":{"type":"Point","coordinates":[-94.85755715240886,29.647212515935205]},"properties":{"substrate":"Solid Reef","lease_number":null,"poll_year":2025}},{"type":"Feature","id":"1fec4897-3d9b-4dd1-b364-e944aa7da607","geometry":{"type":"Point","coordinates":[-94.85619192607771,29.648029201866382]},"properties":{"substrate":"Buried Shell","lease_number":null,"poll_year":2025}},{"type":"Feature","id":"1fee746a-e5b1-46f2-a894-9112c1abf9b7","geometry":{"type":"Point","coordinates":[-94.8648110357517,29.636439930303602]},"properties":{"substrate":"Mud","lease_number":null,"poll_year":2025}},{"type":"Feature","id":"1ff3112b-7250-42d3-ad69-858b567fec0b","geometry":{"type":"Point","coordinates":[-94.85916964361522,29.64824077829324]},"properties":{"substrate":"Buried Shell","lease_number":null,"poll_year":2025}},{"type":"Feature","id":"1ffb2fd7-207d-40e9-8aee-feca57d90455","geometry":{"type":"Point","coordinates":[-94.85912400021562,29.648870200036857]},"properties":{"substrate":"Buried Shell","lease_number":null,"poll_year":2024}},{"type":"Feature","id":"201a2768-df98-4f73-bba6-a2c4653883e9","geometry":{"type":"Point","coordinates":[-94.87509251558821,29.612501583311953]},"properties":{"substrate":"Buried Shell","lease_number":null,"poll_year":2024}},{"type":"Feature","id":"202945fa-6227-4cd3-9508-e0a854ce3f93","geometry":{"type":"Point","coordinates":[-94.87352596692044,29.612014950381706]},"properties":{"substrate":"Solid Reef","lease_number":null,"poll_year":2023}},{"type":"Feature","id":"2049a570-2c51-4802-b3c8-a6119b2e1bc0","geometry":{"type":"Point","coordinates":[-94.86225259699161,29.638388491022692]},"properties":{"substrate":"Mud","lease_number":null,"poll_year":2025}},{"type":"Feature","id":"20530fcb-dbaa-4c61-b702-45db6b661e6d","geometry":{"type":"Point","coordinates":[-94.85908529989487,29.64874953312744]},"properties":{"substrate":"Buried Shell","lease_number":null,"poll_year":2024}},{"type":"Feature","id":"20add973-89b5-421d-816d-813d55ff80c8","geometry":{"type":"Point","coordinates":[-94.87385753329515,29.613583300137734]},"properties":{"substrate":"Scattered Shell","lease_number":null,"poll_year":2023}},{"type":"Feature","id":"20c7e818-62f7-4911-8574-ac7a1833d588","geometry":{"type":"Point","coordinates":[-94.86657150463819,29.636360011669566]},"properties":{"substrate":"Mud","lease_number":null,"poll_year":2025}},{"type":"Feature","id":"21109f09-a4c9-420a-a930-a5f49905fbee","geometry":{"type":"Point","coordinates":[-94.8559768163981,29.646514117377887]},"properties":{"substrate":"Mud","lease_number":null,"poll_year":2023}},{"type":"Feature","id":"211346c2-a931-4b29-afe8-8737de4342f1","geometry":{"type":"Point","coordinates":[-94.86662226484162,29.639849444316678]},"properties":{"substrate":"Solid Reef","lease_number":null,"poll_year":2025}},{"type":"Feature","id":"2132f817-6c5a-45ef-a5c4-2d6ebe36daef","geometry":{"type":"Point","coordinates":[-94.87362303168351,29.6128775583409]},"properties":{"substrate":"Buried Shell","lease_number":null,"poll_year":2025}},{"type":"Feature","id":"2133417b-509e-4f34-bbb2-7abb15f4254d","geometry":{"type":"Point","coordinates":[-94.85985099599527,29.648036500708557]},"properties":{"substrate":"Buried Shell","lease_number":null,"poll_year":2025}},{"type":"Feature","id":"2143359d-9a87-4fb2-984a-e6533fd560a8","geometry":{"type":"Point","coordinates":[-94.8594431437883,29.64864392506609]},"properties":{"substrate":"Buried Shell","lease_number":null,"poll_year":2025}},{"type":"Feature","id":"21448c15-3e01-4598-9ac8-eb57f821d687","geometry":{"type":"Point","coordinates":[-94.85523256667679,29.64752740031866]},"properties":{"substrate":"Buried Shell","lease_number":null,"poll_year":2024}},{"type":"Feature","id":"214b3d66-21e5-47a6-906e-4f5d6cbdcc39","geometry":{"type":"Point","coordinates":[-94.87305003319469,29.613694684345344]},"properties":{"substrate":"Solid Reef","lease_number":null,"poll_year":2023}},{"type":"Feature","id":"215a7972-ae70-400d-808f-17e7cf604231","geometry":{"type":"Point","coordinates":[-94.86408485204907,29.638722528225102]},"properties":{"substrate":"Buried Shell","lease_number":null,"poll_year":2025}},{"type":"Feature","id":"216b3343-ddca-4f1b-8f84-b7ea3f00cce3","geometry":{"type":"Point","coordinates":[-94.8572846170264,29.649224250038568]},"properties":{"substrate":"Scattered Shell","lease_number":null,"poll_year":2023}},{"type":"Feature","id":"2172dd11-d729-4d44-8bfe-90e437ffbbe7","geometry":{"type":"Point","coordinates":[-94.85576228343689,29.647717867383168]},"properties":{"substrate":"Buried Shell","lease_number":null,"poll_year":2024}},{"type":"Feature","id":"217c479c-ca5a-4196-b7de-59586d872f05","geometry":{"type":"Point","coordinates":[-94.86629616741034,29.636156596968306]},"properties":{"substrate":"Mud","lease_number":null,"poll_year":2025}},{"type":"Feature","id":"219bdfd2-c076-4be3-8520-531e8ad797c4","geometry":{"type":"Point","coordinates":[-94.8588608666009,29.64821191634251]},"properties":{"substrate":"Buried Shell","lease_number":null,"poll_year":2024}},{"type":"Feature","id":"21a806bc-6c67-4cc4-8c4c-8715e2bd0b8c","geometry":{"type":"Point","coordinates":[-94.87469910020616,29.612741116991394]},"properties":{"substrate":"Buried Shell","lease_number":null,"poll_year":2024}},{"type":"Feature","id":"21a8b8c9-ada2-4a3c-b672-2b1d6a853010","geometry":{"type":"Point","coordinates":[-94.86611432414233,29.637386433668894]},"properties":{"substrate":"Buried Shell","lease_number":null,"poll_year":2025}},{"type":"Feature","id":"21cd4a1b-281c-4a3a-bee8-0f808b3a8dce","geometry":{"type":"Point","coordinates":[-94.87459559991237,29.613603400098842]},"properties":{"substrate":"Scattered Shell","lease_number":null,"poll_year":2023}},{"type":"Feature","id":"21f606e3-6a54-4f66-9fd6-66452932ec28","geometry":{"type":"Point","coordinates":[-94.87378468441719,29.613358100171556]},"properties":{"substrate":"Buried Shell","lease_number":null,"poll_year":2024}},{"type":"Feature","id":"2249a223-5cd5-4ae9-8546-faefeacd71d9","geometry":{"type":"Point","coordinates":[-94.8646424408375,29.637638073668594]},"properties":{"substrate":"Buried Shell","lease_number":null,"poll_year":2025}},{"type":"Feature","id":"22656b3e-f8db-4399-a5ea-68ee493f48a9","geometry":{"type":"Point","coordinates":[-94.85823316969444,29.649599162121852]},"properties":{"substrate":"Mud","lease_number":null,"poll_year":2025}},{"type":"Feature","id":"22d05884-b7e0-45f2-aaf9-927415bd6fb1","geometry":{"type":"Point","coordinates":[-94.85629329556765,29.646039910770902]},"properties":{"substrate":"Mud","lease_number":null,"poll_year":2025}},{"type":"Feature","id":"22d5ddd8-4dbb-448a-9369-a5e6085fbd4c","geometry":{"type":"Point","coordinates":[-94.85904429988699,29.649929749719103]},"properties":{"substrate":"Mud","lease_number":null,"poll_year":2023}},{"type":"Feature","id":"22ec613f-b406-4bcc-99f2-46e6005a941e","geometry":{"type":"Point","coordinates":[-94.85582391415358,29.64556378836714]},"properties":{"substrate":"Mud","lease_number":null,"poll_year":2025}},{"type":"Feature","id":"2301fbb5-e110-408c-a77f-295b9a94aa82","geometry":{"type":"Point","coordinates":[-94.86307269057406,29.637042112107125]},"properties":{"substrate":"Mud","lease_number":null,"poll_year":2025}},{"type":"Feature","id":"231cb416-7670-4e3d-89ed-9baa1450aa72","geometry":{"type":"Point","coordinates":[-94.85769968719667,29.646022158671897]},"properties":{"substrate":"Mud","lease_number":null,"poll_year":2025}},{"type":"Feature","id":"23217638-a979-4e46-b65a-da3ca716778b","geometry":{"type":"Point","coordinates":[-94.87306878372962,29.614331949718668]},"properties":{"substrate":"Mud","lease_number":null,"poll_year":2023}},{"type":"Feature","id":"2330dcd9-fdab-4a90-815b-b2f7b62110c1","geometry":{"type":"Point","coordinates":[-94.85813849714498,29.646628786359194]},"properties":{"substrate":"Mud","lease_number":null,"poll_year":2025}},{"type":"Feature","id":"239a330d-f779-44b4-9a2e-9dda86e8b979","geometry":{"type":"Point","coordinates":[-94.87516279977602,29.61237388301614]},"properties":{"substrate":"Solid Reef","lease_number":null,"poll_year":2023}},{"type":"Feature","id":"23c2b5f4-0223-4f19-be08-22706a7093ee","geometry":{"type":"Point","coordinates":[-94.85914483304538,29.649550033679894]},"properties":{"substrate":"Mud","lease_number":null,"poll_year":2023}},{"type":"Feature","id":"23d522e6-75b0-498e-9899-97063ed15994","geometry":{"type":"Point","coordinates":[-94.85741694964753,29.647703966826885]},"properties":{"substrate":"Solid Reef","lease_number":null,"poll_year":2023}},{"type":"Feature","id":"23e227d8-3e34-4e9b-b91d-4f452830aa39","geometry":{"type":"Point","coordinates":[-94.85757596672417,29.648884316686406]},"properties":{"substrate":"Solid Reef","lease_number":null,"poll_year":2024}},{"type":"Feature","id":"24079867-b25d-4db0-ac88-ee96a9d2bb9c","geometry":{"type":"Point","coordinates":[-94.85840000031745,29.648001749814643]},"properties":{"substrate":"Solid Reef","lease_number":null,"poll_year":2024}},{"type":"Feature","id":"2412e2f1-98ab-460e-b00a-486f8966b9d5","geometry":{"type":"Point","coordinates":[-94.85823769989842,29.648634516806684]},"properties":{"substrate":"Solid Reef","lease_number":null,"poll_year":2023}},{"type":"Feature","id":"2421e317-2894-4de5-9e3b-9dc1778ec5a7","geometry":{"type":"Point","coordinates":[-94.86262125300779,29.63876212862491]},"properties":{"substrate":"Buried Shell","lease_number":null,"poll_year":2025}},{"type":"Feature","id":"242f79ba-1da8-4a0b-a770-14dcc6272685","geometry":{"type":"Point","coordinates":[-94.86490280404787,29.635853713878884]},"properties":{"substrate":"Mud","lease_number":null,"poll_year":2025}},{"type":"Feature","id":"243e4576-c378-449a-a93e-ebcb69b09679","geometry":{"type":"Point","coordinates":[-94.8740061999831,29.611990433618484]},"properties":{"substrate":"Buried Shell","lease_number":null,"poll_year":2024}},{"type":"Feature","id":"2449b49e-0597-4436-909f-0c042e902c48","geometry":{"type":"Point","coordinates":[-94.86317839533353,29.640833450880073]},"properties":{"substrate":"Mud","lease_number":null,"poll_year":2025}},{"type":"Feature","id":"244d9984-b666-453d-b12d-4af6174aa11e","geometry":{"type":"Point","coordinates":[-94.85883866563698,29.650587446811663]},"properties":{"substrate":"Buried Shell","lease_number":null,"poll_year":2025}},{"type":"Feature","id":"2467dd4f-c803-4b90-bd38-48ad287402e2","geometry":{"type":"Point","coordinates":[-94.85804718339635,29.648578000091263]},"properties":{"substrate":"Solid Reef","lease_number":null,"poll_year":2023}},{"type":"Feature","id":"2479012b-ee07-4f7e-8279-293b82701b3c","geometry":{"type":"Point","coordinates":[-94.87349428334035,29.61389493303872]},"properties":{"substrate":"Buried Shell","lease_number":null,"poll_year":2023}},{"type":"Feature","id":"247facd5-2932-4cf9-9f0a-79a926c258d4","geometry":{"type":"Point","coordinates":[-94.8731024723494,29.614144460617837]},"properties":{"substrate":"Mud","lease_number":null,"poll_year":2025}},{"type":"Feature","id":"24c0d940-cdb4-43cc-9704-930217e6895d","geometry":{"type":"Point","coordinates":[-94.86404912784685,29.638016591625387]},"properties":{"substrate":"Solid Reef","lease_number":null,"poll_year":2025}},{"type":"Feature","id":"24c5004d-16fd-4845-bc1a-ab57d7df5c73","geometry":{"type":"Point","coordinates":[-94.87450534976905,29.612082400346328]},"properties":{"substrate":"Buried Shell","lease_number":null,"poll_year":2024}},{"type":"Feature","id":"24c8cc27-8564-4f3c-a931-86d2b4d5b4ca","geometry":{"type":"Point","coordinates":[-94.86620235005701,29.63932833323339]},"properties":{"substrate":"Solid Reef","lease_number":null,"poll_year":2024}},{"type":"Feature","id":"24cb88d9-a5e2-46d5-9200-b5f2067a35bb","geometry":{"type":"Point","coordinates":[-94.87345923377292,29.61363600034192]},"properties":{"substrate":"Mud","lease_number":null,"poll_year":2023}},{"type":"Feature","id":"24ce4257-3700-474a-af5c-83d65ea34bec","geometry":{"type":"Point","coordinates":[-94.8569227495788,29.649355966379883]},"properties":{"substrate":"Buried Shell","lease_number":null,"poll_year":2024}},{"type":"Feature","id":"24daf0e9-00b9-44ae-b6f6-ee35281882f6","geometry":{"type":"Point","coordinates":[-94.85760318298234,29.646513833195787]},"properties":{"substrate":"Solid Reef","lease_number":null,"poll_year":2024}},{"type":"Feature","id":"24fbbcdc-b506-479e-ac41-1b6fc8e89e97","geometry":{"type":"Point","coordinates":[-94.86467190018892,29.640119766666785]},"properties":{"substrate":"Solid Reef","lease_number":null,"poll_year":2024}},{"type":"Feature","id":"25007fc0-bfc8-43cf-872b-6579053195dc","geometry":{"type":"Point","coordinates":[-94.85663272938763,29.646134846738512]},"properties":{"substrate":"Mud","lease_number":null,"poll_year":2025}},{"type":"Feature","id":"2507f5e5-e0c3-4047-add0-27b7ab385f4f","geometry":{"type":"Point","coordinates":[-94.86458286636449,29.64091154990792]},"properties":{"substrate":"Mud","lease_number":null,"poll_year":2024}},{"type":"Feature","id":"255b861f-dac6-4a08-836c-f36c552adf54","geometry":{"type":"Point","coordinates":[-94.8639547041307,29.637481775998967]},"properties":{"substrate":"Solid Reef","lease_number":null,"poll_year":2025}},{"type":"Feature","id":"25854060-bf6d-4de7-b050-b9bfafc8c936","geometry":{"type":"Point","coordinates":[-94.85912403794487,29.649029221848732]},"properties":{"substrate":"Buried Shell","lease_number":null,"poll_year":2025}},{"type":"Feature","id":"259c9899-eab7-4890-bbd5-2cf451f16c8a","geometry":{"type":"Point","coordinates":[-94.87249347836715,29.6128240486436]},"properties":{"substrate":"Mud","lease_number":null,"poll_year":2025}},{"type":"Feature","id":"25bc4d1e-b321-4f4a-bfce-137f68949c09","geometry":{"type":"Point","coordinates":[-94.85579226740445,29.647079699883534]},"properties":{"substrate":"Buried Shell","lease_number":null,"poll_year":2023}},{"type":"Feature","id":"25c98fc8-ee12-4f2a-a0eb-8481f4640eee","geometry":{"type":"Point","coordinates":[-94.8576071301797,29.649612331684914]},"properties":{"substrate":"Buried Shell","lease_number":null,"poll_year":2025}},{"type":"Feature","id":"25f07c14-030c-46a0-ae4b-3de0e4fa36cc","geometry":{"type":"Point","coordinates":[-94.86608941116455,29.638896667117145]},"properties":{"substrate":"Solid Reef","lease_number":null,"poll_year":2025}},{"type":"Feature","id":"26015f4b-71d2-448b-b064-1e876c26570f","geometry":{"type":"Point","coordinates":[-94.86429217243686,29.640093057312775]},"properties":{"substrate":"Buried Shell","lease_number":null,"poll_year":2025}},{"type":"Feature","id":"2628137d-22db-4391-b2bd-0ee5b1f524e5","geometry":{"type":"Point","coordinates":[-94.85701766557172,29.646320866324775]},"properties":{"substrate":"Buried Shell","lease_number":null,"poll_year":2024}},{"type":"Feature","id":"262eb3ea-861b-4628-a226-6a37d8a89476","geometry":{"type":"Point","coordinates":[-94.8572043669288,29.649082999614656]},"properties":{"substrate":"Solid Reef","lease_number":null,"poll_year":2023}},{"type":"Feature","id":"263352bb-8294-410a-98be-8c1f53dd0551","geometry":{"type":"Point","coordinates":[-94.85746374558562,29.64476749627969]},"properties":{"substrate":"Mud","lease_number":null,"poll_year":2025}},{"type":"Feature","id":"263f7106-cd1e-4bf9-92e4-b201828b2fd8","geometry":{"type":"Point","coordinates":[-94.87466470012068,29.61296581694668]},"properties":{"substrate":"Buried Shell","lease_number":null,"poll_year":2023}},{"type":"Feature","id":"26646e67-8fb7-4b59-88b5-5f55a627f1fc","geometry":{"type":"Point","coordinates":[-94.87301753304604,29.612022333056448]},"properties":{"substrate":"Solid Reef","lease_number":null,"poll_year":2023}},{"type":"Feature","id":"266a6cad-e754-49d0-9fc2-152d0580df0c","geometry":{"type":"Point","coordinates":[-94.85934967857457,29.650092137763952]},"properties":{"substrate":"Mud","lease_number":null,"poll_year":2025}},{"type":"Feature","id":"266d3c03-7a1f-4b4a-bbbd-e45868ead749","geometry":{"type":"Point","coordinates":[-94.85790963336004,29.649279333028392]},"properties":{"substrate":"Solid Reef","lease_number":null,"poll_year":2024}},{"type":"Feature","id":"26ec98b4-a868-4ee9-9a9c-dcda936c3dbf","geometry":{"type":"Point","coordinates":[-94.87547688313872,29.612379582642543]},"properties":{"substrate":"Mud","lease_number":null,"poll_year":2023}},{"type":"Feature","id":"26ed5a80-8132-4c73-826c-367461cdf869","geometry":{"type":"Point","coordinates":[-94.86409591659843,29.640178716322946]},"properties":{"substrate":"Mud","lease_number":null,"poll_year":2024}},{"type":"Feature","id":"2717cf2a-aabf-4337-b4cf-83dac305da4e","geometry":{"type":"Point","coordinates":[-94.87287416641827,29.613603500063675]},"properties":{"substrate":"Mud","lease_number":null,"poll_year":2024}},{"type":"Feature","id":"271fa169-15ca-45ec-971c-c2d272e0d561","geometry":{"type":"Point","coordinates":[-94.85821799984424,29.64871019975276]},"properties":{"substrate":"Solid Reef","lease_number":null,"poll_year":2024}},{"type":"Feature","id":"2723d488-ea1f-4d27-aa96-938688efc7c2","geometry":{"type":"Point","coordinates":[-94.86434350037557,29.63822028365205]},"properties":{"substrate":"Solid Reef","lease_number":null,"poll_year":2024}},{"type":"Feature","id":"27458837-3bdf-4843-9a06-c6fece7e704c","geometry":{"type":"Point","coordinates":[-94.85872563331974,29.648733067323963]},"properties":{"substrate":"Solid Reef","lease_number":null,"poll_year":2024}},{"type":"Feature","id":"2751f931-673d-4d82-b1f2-d252c248e449","geometry":{"type":"Point","coordinates":[-94.87392076660633,29.61343764968807]},"properties":{"substrate":"Mud","lease_number":null,"poll_year":2024}},{"type":"Feature","id":"2755e075-de40-498c-857b-3e5d111e3e26","geometry":{"type":"Point","coordinates":[-94.86339818343916,29.63870820012066]},"properties":{"substrate":"Buried Shell","lease_number":null,"poll_year":2024}},{"type":"Feature","id":"27803fd1-9d3c-4cd7-ae07-99501ea04af4","geometry":{"type":"Point","coordinates":[-94.8564658664253,29.64839236566024]},"properties":{"substrate":"Solid Reef","lease_number":null,"poll_year":2024}},{"type":"Feature","id":"27886292-724a-4c30-8caa-71ae5dee1d63","geometry":{"type":"Point","coordinates":[-94.85801408317307,29.648422665618433]},"properties":{"substrate":"Solid Reef","lease_number":null,"poll_year":2024}},{"type":"Feature","id":"278fe433-8d0b-49ae-81b8-01140a1df3d2","geometry":{"type":"Point","coordinates":[-94.85963589979039,29.649370549818737]},"properties":{"substrate":"Buried Shell","lease_number":null,"poll_year":2023}},{"type":"Feature","id":"279a1637-99cc-4b47-bc9c-ffe68435c8dd","geometry":{"type":"Point","coordinates":[-94.86251226580426,29.638962515669114]},"properties":{"substrate":"Mud","lease_number":null,"poll_year":2025}},{"type":"Feature","id":"27c9ff65-b105-407f-9f45-beb10a7b44e0","geometry":{"type":"Point","coordinates":[-94.86524426626377,29.63674478313956]},"properties":{"substrate":"Buried Shell","lease_number":null,"poll_year":2024}},{"type":"Feature","id":"27d400d8-0d6f-42ca-a976-18215b7108da","geometry":{"type":"Point","coordinates":[-94.85923265414418,29.65061667734683]},"properties":{"substrate":"Mud","lease_number":null,"poll_year":2025}},{"type":"Feature","id":"27df1acb-aecc-4d70-a54b-1d10ce7a411d","geometry":{"type":"Point","coordinates":[-94.87446606644167,29.612859032692736]},"properties":{"substrate":"Buried Shell","lease_number":null,"poll_year":2024}},{"type":"Feature","id":"27e4ca78-fea3-4141-97cd-13ab8b430731","geometry":{"type":"Point","coordinates":[-94.87433437342102,29.6139701508589]},"properties":{"substrate":"Mud","lease_number":null,"poll_year":2025}},{"type":"Feature","id":"27e5554b-2215-4909-996c-ac8811f3953a","geometry":{"type":"Point","coordinates":[-94.85726900969664,29.64874348424217]},"properties":{"substrate":"Solid Reef","lease_number":null,"poll_year":2025}},{"type":"Feature","id":"27ef2644-26e0-4caf-bf6c-e4784ce53f15","geometry":{"type":"Point","coordinates":[-94.87498248364399,29.613290350384087]},"properties":{"substrate":"Buried Shell","lease_number":null,"poll_year":2023}},{"type":"Feature","id":"27ff447a-c38b-4154-b456-82e969a45a8b","geometry":{"type":"Point","coordinates":[-94.87501630701108,29.613968557675218]},"properties":{"substrate":"Mud","lease_number":null,"poll_year":2025}},{"type":"Feature","id":"284a74ab-b251-4be3-8702-f335cf27ec7f","geometry":{"type":"Point","coordinates":[-94.8585687335722,29.648735232993797]},"properties":{"substrate":"Solid Reef","lease_number":null,"poll_year":2024}},{"type":"Feature","id":"286df5a6-66d6-4525-a592-773a665b28f7","geometry":{"type":"Point","coordinates":[-94.87429524999378,29.611734082667585]},"properties":{"substrate":"Solid Reef","lease_number":null,"poll_year":2023}},{"type":"Feature","id":"2885e2ac-f252-471e-9c00-5a45ff6246ea","geometry":{"type":"Point","coordinates":[-94.87570106670101,29.612972683323928]},"properties":{"substrate":"Mud","lease_number":null,"poll_year":2023}},{"type":"Feature","id":"28a95a7a-f788-4e04-8cda-63059c18beb0","geometry":{"type":"Point","coordinates":[-94.85546042704355,29.645758171364847]},"properties":{"substrate":"Mud","lease_number":null,"poll_year":2025}},{"type":"Feature","id":"28e7240c-670d-4d49-ad80-0c69df6a1b4a","geometry":{"type":"Point","coordinates":[-94.86686623739132,29.637900551923835]},"properties":{"substrate":"Mud","lease_number":null,"poll_year":2025}},{"type":"Feature","id":"28eeef30-ea29-4ab9-b476-814523a8c6e8","geometry":{"type":"Point","coordinates":[-94.8642329132725,29.637895365156314]},"properties":{"substrate":"Solid Reef","lease_number":null,"poll_year":2025}},{"type":"Feature","id":"28fd13fd-3e5d-42aa-ab46-6d8a6aa7ac38","geometry":{"type":"Point","coordinates":[-94.86510460967814,29.640754997324386]},"properties":{"substrate":"Mud","lease_number":null,"poll_year":2025}},{"type":"Feature","id":"29039b02-9bbe-40ba-abc3-6145ea7e7dbd","geometry":{"type":"Point","coordinates":[-94.85877953313509,29.648749950022744]},"properties":{"substrate":"Solid Reef","lease_number":null,"poll_year":2023}},{"type":"Feature","id":"29388620-a561-4a0b-b5b7-2066860401f9","geometry":{"type":"Point","coordinates":[-94.86564675013862,29.636998500092773]},"properties":{"substrate":"Mud","lease_number":null,"poll_year":2023}},{"type":"Feature","id":"2948ec41-1b84-4c3e-9172-71d8ba1d3dd1","geometry":{"type":"Point","coordinates":[-94.85757184974523,29.64698335014876]},"properties":{"substrate":"Solid Reef","lease_number":null,"poll_year":2024}},{"type":"Feature","id":"294a5984-5717-4aa3-9aa2-5d5371662aff","geometry":{"type":"Point","coordinates":[-94.85660675010963,29.649802349808436]},"properties":{"substrate":"Buried Shell","lease_number":null,"poll_year":2024}},{"type":"Feature","id":"294e1bf8-eeb8-4d2f-b80b-4775dc065fcc","geometry":{"type":"Point","coordinates":[-94.86673326696635,29.64044520031849]},"properties":{"substrate":"Mud","lease_number":null,"poll_year":2024}},{"type":"Feature","id":"2955c158-50d3-4568-85ab-015dc2567b58","geometry":{"type":"Point","coordinates":[-94.86615310531145,29.636235588954417]},"properties":{"substrate":"Mud","lease_number":null,"poll_year":2025}},{"type":"Feature","id":"296d2af5-e843-46c0-84e2-11228fa0aec1","geometry":{"type":"Point","coordinates":[-94.86381801378214,29.639397024305943]},"properties":{"substrate":"Buried Shell","lease_number":null,"poll_year":2025}},{"type":"Feature","id":"297ab248-cefa-4604-86cc-1e7313c9844c","geometry":{"type":"Point","coordinates":[-94.86508146638147,29.64077114978463]},"properties":{"substrate":"Mud","lease_number":null,"poll_year":2024}},{"type":"Feature","id":"297de1ea-4f6b-4ac0-9039-dbedca44adc4","geometry":{"type":"Point","coordinates":[-94.85742258298266,29.646450783000628]},"properties":{"substrate":"Buried Shell","lease_number":null,"poll_year":2024}},{"type":"Feature","id":"298d1e76-cdf7-4a32-9b08-d537cb987854","geometry":{"type":"Point","coordinates":[-94.85486179333148,29.646471347179144]},"properties":{"substrate":"Mud","lease_number":null,"poll_year":2025}},{"type":"Feature","id":"29a66515-3d5d-452f-b68d-9167b1334f27","geometry":{"type":"Point","coordinates":[-94.8668151609809,29.637356948658336]},"properties":{"substrate":"Mud","lease_number":null,"poll_year":2025}},{"type":"Feature","id":"29b32e88-84b1-4e3d-95c4-4e0356e5c4f0","geometry":{"type":"Point","coordinates":[-94.86387298259268,29.641298393302304]},"properties":{"substrate":"Buried Shell","lease_number":null,"poll_year":2025}},{"type":"Feature","id":"29b4288d-2abd-469f-90da-ffbe0791deec","geometry":{"type":"Point","coordinates":[-94.87646751828458,29.612267796336262]},"properties":{"substrate":"Mud","lease_number":null,"poll_year":2025}},{"type":"Feature","id":"29cbf358-22e9-4726-ace3-12620f341862","geometry":{"type":"Point","coordinates":[-94.85788466558505,29.647449317352695]},"properties":{"substrate":"Solid Reef","lease_number":null,"poll_year":2023}},{"type":"Feature","id":"29ce4825-9b44-4abf-b6e9-c0de116f0587","geometry":{"type":"Point","coordinates":[-94.85805998259252,29.64900683369506]},"properties":{"substrate":"Solid Reef","lease_number":null,"poll_year":2024}},{"type":"Feature","id":"29ee8bce-e59b-407d-9df7-96f778a5f0dd","geometry":{"type":"Point","coordinates":[-94.87289596044536,29.611770226083284]},"properties":{"substrate":"Buried Shell","lease_number":null,"poll_year":2025}},{"type":"Feature","id":"29fbf3b2-782d-4891-9aef-540cab2ce709","geometry":{"type":"Point","coordinates":[-94.85621774994719,29.646881834315778]},"properties":{"substrate":"Buried Shell","lease_number":null,"poll_year":2024}},{"type":"Feature","id":"2a0bc520-ad62-4f6d-ba08-c4f6b447da67","geometry":{"type":"Point","coordinates":[-94.86444473332156,29.639097866683155]},"properties":{"substrate":"Buried Shell","lease_number":null,"poll_year":2024}},{"type":"Feature","id":"2a1a724d-524e-41cc-ac7a-b8bcb2248bed","geometry":{"type":"Point","coordinates":[-94.87317108297587,29.613494217361882]},"properties":{"substrate":"Mud","lease_number":null,"poll_year":2023}},{"type":"Feature","id":"2a2e2924-fba7-4203-a21a-a92c1f8d5d27","geometry":{"type":"Point","coordinates":[-94.86529935005869,29.639803883149348]},"properties":{"substrate":"Buried Shell","lease_number":null,"poll_year":2024}},{"type":"Feature","id":"2a3896d3-e674-4996-a452-38b712b3c9ad","geometry":{"type":"Point","coordinates":[-94.86379881678451,29.636211156944604]},"properties":{"substrate":"Mud","lease_number":null,"poll_year":2025}},{"type":"Feature","id":"2a39078b-2bbc-468b-a626-67248627b38e","geometry":{"type":"Point","coordinates":[-94.86646023301888,29.63747191696124]},"properties":{"substrate":"Mud","lease_number":null,"poll_year":2024}},{"type":"Feature","id":"2a39919b-9f48-4524-b0b0-a1ca4fbd0bb0","geometry":{"type":"Point","coordinates":[-94.86336865671407,29.63907920531558]},"properties":{"substrate":"Buried Shell","lease_number":null,"poll_year":2025}},{"type":"Feature","id":"2a3d4c02-758b-40b7-a643-0fd1b6f3517f","geometry":{"type":"Point","coordinates":[-94.86492088982949,29.637811855273675]},"properties":{"substrate":"Solid Reef","lease_number":null,"poll_year":2025}},{"type":"Feature","id":"2a44a92a-5321-4c6e-ae95-29f97858f5d1","geometry":{"type":"Point","coordinates":[-94.85946941771373,29.65002041318938]},"properties":{"substrate":"Mud","lease_number":null,"poll_year":2025}},{"type":"Feature","id":"2a68e333-27a9-4f95-84ff-28a4881342e9","geometry":{"type":"Point","coordinates":[-94.87468086710084,29.613476733649293]},"properties":{"substrate":"Mud","lease_number":null,"poll_year":2023}},{"type":"Feature","id":"2a8c3ec1-5314-40e6-afff-50243826c4e4","geometry":{"type":"Point","coordinates":[-94.86001544698108,29.648527127057037]},"properties":{"substrate":"Buried Shell","lease_number":null,"poll_year":2025}},{"type":"Feature","id":"2abbe4dc-8579-4b7c-a9b7-51081711682b","geometry":{"type":"Point","coordinates":[-94.87403913311974,29.612465750209147]},"properties":{"substrate":"Solid Reef","lease_number":null,"poll_year":2024}},{"type":"Feature","id":"2acd6773-f8a7-49f5-b3b9-6c9e56186a6e","geometry":{"type":"Point","coordinates":[-94.86489344989081,29.63918345002375]},"properties":{"substrate":"Solid Reef","lease_number":null,"poll_year":2024}},{"type":"Feature","id":"2af5722b-8b4d-45a7-b027-c5d36f2a55ae","geometry":{"type":"Point","coordinates":[-94.85932300040724,29.648857533148757]},"properties":{"substrate":"Buried Shell","lease_number":null,"poll_year":2023}},{"type":"Feature","id":"2af9d5cb-e9fb-44c9-b0dc-2fe31fb17451","geometry":{"type":"Point","coordinates":[-94.85902138296576,29.64927736566777]},"properties":{"substrate":"Buried Shell","lease_number":null,"poll_year":2023}},{"type":"Feature","id":"2b010218-9812-4aca-944b-0fb087cab711","geometry":{"type":"Point","coordinates":[-94.86546711672621,29.637489149780833]},"properties":{"substrate":"Solid Reef","lease_number":null,"poll_year":2024}},{"type":"Feature","id":"2b0ace60-1939-4282-91a4-63021af8685c","geometry":{"type":"Point","coordinates":[-94.85958344985589,29.649526616683737]},"properties":{"substrate":"Buried Shell","lease_number":null,"poll_year":2023}},{"type":"Feature","id":"2b251186-ba4c-4155-b916-eef2082b7784","geometry":{"type":"Point","coordinates":[-94.8620972971436,29.63844268984895]},"properties":{"substrate":"Mud","lease_number":null,"poll_year":2025}},{"type":"Feature","id":"2b269b3c-9a5a-47a0-a413-acac59c5e742","geometry":{"type":"Point","coordinates":[-94.87515358306122,29.6128669830788]},"properties":{"substrate":"Mud","lease_number":null,"poll_year":2024}},{"type":"Feature","id":"2b2988a9-764f-4039-9df2-d068534ae625","geometry":{"type":"Point","coordinates":[-94.8644613332897,29.639994983976997]},"properties":{"substrate":"Buried Shell","lease_number":null,"poll_year":2025}},{"type":"Feature","id":"2b31b16b-f2c4-47eb-afba-8ec946a8070d","geometry":{"type":"Point","coordinates":[-94.87422598359716,29.613498250322184]},"properties":{"substrate":"Scattered Shell","lease_number":null,"poll_year":2023}},{"type":"Feature","id":"2b38659d-b284-4f68-9e6b-2126a5b811fe","geometry":{"type":"Point","coordinates":[-94.86708331078815,29.6372002297053]},"properties":{"substrate":"Mud","lease_number":null,"poll_year":2025}},{"type":"Feature","id":"2b4551dd-1e83-4b03-bbfe-0f2b7fb83b9a","geometry":{"type":"Point","coordinates":[-94.86643801858023,29.64051869312466]},"properties":{"substrate":"Mud","lease_number":null,"poll_year":2025}},{"type":"Feature","id":"2b4bc744-de81-4b1a-86c8-42007c9d8b61","geometry":{"type":"Point","coordinates":[-94.87333948744723,29.614050070073006]},"properties":{"substrate":"Mud","lease_number":null,"poll_year":2025}},{"type":"Feature","id":"2b4e54d3-f898-4fce-bb75-b9b1d1ea3d90","geometry":{"type":"Point","coordinates":[-94.85919578099673,29.650169832237417]},"properties":{"substrate":"Mud","lease_number":null,"poll_year":2025}},{"type":"Feature","id":"2b758763-55a9-49ab-8adc-2f64755b74bd","geometry":{"type":"Point","coordinates":[-94.85823811671672,29.649845533140592]},"properties":{"substrate":"Mud","lease_number":null,"poll_year":2024}},{"type":"Feature","id":"2b76f920-a858-49c4-8bab-0eb0992bfbf3","geometry":{"type":"Point","coordinates":[-94.85779683370644,29.650200517322183]},"properties":{"substrate":"Mud","lease_number":null,"poll_year":2023}},{"type":"Feature","id":"2b7ebd1b-08c4-487e-9af3-d66804bc131c","geometry":{"type":"Point","coordinates":[-94.85765175039818,29.648095666669807]},"properties":{"substrate":"Solid Reef","lease_number":null,"poll_year":2023}},{"type":"Feature","id":"2b814ff6-42ee-4607-9e94-8f494a9df7b3","geometry":{"type":"Point","coordinates":[-94.87435158334523,29.612238882684636]},"properties":{"substrate":"Buried Shell","lease_number":null,"poll_year":2024}},{"type":"Feature","id":"2ba19bd1-f5e2-41d7-a6c3-f048e506817c","geometry":{"type":"Point","coordinates":[-94.85632378259176,29.648307366308526]},"properties":{"substrate":"Buried Shell","lease_number":null,"poll_year":2023}},{"type":"Feature","id":"2bafe0b4-7f3c-4c34-876d-df9cfed4255b","geometry":{"type":"Point","coordinates":[-94.86409933289146,29.639820700199113]},"properties":{"substrate":"Solid Reef","lease_number":null,"poll_year":2023}},{"type":"Feature","id":"2bd66af6-52e3-46ec-9d5c-591922f84ad8","geometry":{"type":"Point","coordinates":[-94.87323825000966,29.613195549806868]},"properties":{"substrate":"Solid Reef","lease_number":null,"poll_year":2023}},{"type":"Feature","id":"2bd97a60-418d-498b-9da0-0e1b5251f372","geometry":{"type":"Point","coordinates":[-94.85637639871459,29.64686142089964]},"properties":{"substrate":"Buried Shell","lease_number":null,"poll_year":2025}},{"type":"Feature","id":"2be1f566-e04e-40ac-b569-fce282f6dc2f","geometry":{"type":"Point","coordinates":[-94.87319749973341,29.61324788315408]},"properties":{"substrate":"Buried Shell","lease_number":null,"poll_year":2024}},{"type":"Feature","id":"2bed4ee0-064c-46d2-8f7f-5583b2c034bd","geometry":{"type":"Point","coordinates":[-94.87471025009546,29.611779216833007]},"properties":{"substrate":"Solid Reef","lease_number":null,"poll_year":2023}},{"type":"Feature","id":"2c369656-2a1e-4c50-90ee-f76085d701e8","geometry":{"type":"Point","coordinates":[-94.87350419984277,29.61243906632436]},"properties":{"substrate":"Solid Reef","lease_number":null,"poll_year":2024}},{"type":"Feature","id":"2c4e6896-9fa8-4775-84a5-dc657e0358f9","geometry":{"type":"Point","coordinates":[-94.87337021701647,29.612568666669805]},"properties":{"substrate":"Solid Reef","lease_number":null,"poll_year":2023}},{"type":"Feature","id":"2c59abb0-25cf-40ad-99cd-370fb97fc74a","geometry":{"type":"Point","coordinates":[-94.8586789469761,29.650674812064164]},"properties":{"substrate":"Buried Shell","lease_number":null,"poll_year":2025}},{"type":"Feature","id":"2c619338-f911-44a6-ae04-e35bc305d8fc","geometry":{"type":"Point","coordinates":[-94.86653578313093,29.638797680665217]},"properties":{"substrate":"Buried Shell","lease_number":null,"poll_year":2025}},{"type":"Feature","id":"2c6f1aaa-1d1d-4e60-9631-758053a5103b","geometry":{"type":"Point","coordinates":[-94.85705619970415,29.648839533283358]},"properties":{"substrate":"Solid Reef","lease_number":null,"poll_year":2023}},{"type":"Feature","id":"2caa3dc9-c8aa-42c4-ba99-af5d7efc417c","geometry":{"type":"Point","coordinates":[-94.86446050683963,29.636644595268752]},"properties":{"substrate":"Buried Shell","lease_number":null,"poll_year":2025}},{"type":"Feature","id":"2cb59deb-ebe0-40f0-8c2f-0fd6882b8e8d","geometry":{"type":"Point","coordinates":[-94.86544811735794,29.63650634263633]},"properties":{"substrate":"Mud","lease_number":null,"poll_year":2025}},{"type":"Feature","id":"2cbfcb40-6236-47e2-a6d3-f39cf344f606","geometry":{"type":"Point","coordinates":[-94.86497799842704,29.635599229633748]},"properties":{"substrate":"Mud","lease_number":null,"poll_year":2025}},{"type":"Feature","id":"2cefd822-4e16-448f-bc79-544940da0986","geometry":{"type":"Point","coordinates":[-94.8649311108608,29.638858153615285]},"properties":{"substrate":"Buried Shell","lease_number":null,"poll_year":2025}},{"type":"Feature","id":"2cfbc796-b8a0-426d-b3eb-c72a29b4c241","geometry":{"type":"Point","coordinates":[-94.85882971662014,29.648302567307418]},"properties":{"substrate":"Buried Shell","lease_number":null,"poll_year":2024}},{"type":"Feature","id":"2cfcd70e-5604-4872-97ac-844fb183d439","geometry":{"type":"Point","coordinates":[-94.86286508272536,29.63692472285066]},"properties":{"substrate":"Solid Reef","lease_number":null,"poll_year":2025}},{"type":"Feature","id":"2cfea9ec-584d-47ef-ac97-d215ae4cec11","geometry":{"type":"Point","coordinates":[-94.86705645385611,29.63831735306693]},"properties":{"substrate":"Mud","lease_number":null,"poll_year":2025}},{"type":"Feature","id":"2d098821-8f31-4359-b6be-c57777751a50","geometry":{"type":"Point","coordinates":[-94.87652564467336,29.612321321167503]},"properties":{"substrate":"Mud","lease_number":null,"poll_year":2025}},{"type":"Feature","id":"2d24b08e-cd91-4712-beed-4e4ae1d6f580","geometry":{"type":"Point","coordinates":[-94.86405471626624,29.639487349817305]},"properties":{"substrate":"Buried Shell","lease_number":null,"poll_year":2024}},{"type":"Feature","id":"2d314ee2-5044-48e3-b765-66f510cb9760","geometry":{"type":"Point","coordinates":[-94.85469903387335,29.64652253666319]},"properties":{"substrate":"Mud","lease_number":null,"poll_year":2025}},{"type":"Feature","id":"2d3f02dc-a30a-4358-adde-7ba627225ea9","geometry":{"type":"Point","coordinates":[-94.85715304976988,29.646876666748135]},"properties":{"substrate":"Solid Reef","lease_number":null,"poll_year":2023}},{"type":"Feature","id":"2d4312d6-71eb-4ae6-9930-af6c6af6bad0","geometry":{"type":"Point","coordinates":[-94.86434144772514,29.636711985023272]},"properties":{"substrate":"Solid Reef","lease_number":null,"poll_year":2025}},{"type":"Feature","id":"2d45e679-5b10-4044-95bd-f7c5f8f106e7","geometry":{"type":"Point","coordinates":[-94.87530169998021,29.613501283633003]},"properties":{"substrate":"Mud","lease_number":null,"poll_year":2023}},{"type":"Feature","id":"2d54c977-6e64-4576-a712-2962bc6c6dcd","geometry":{"type":"Point","coordinates":[-94.85780049973113,29.647391016822674]},"properties":{"substrate":"Solid Reef","lease_number":null,"poll_year":2024}},{"type":"Feature","id":"2d5f8dad-e9b3-4d19-9840-7edf9984591b","geometry":{"type":"Point","coordinates":[-94.8597885379302,29.65036017875977]},"properties":{"substrate":"Mud","lease_number":null,"poll_year":2025}},{"type":"Feature","id":"2d6563a5-9291-40d0-aea0-706a6ae7e619","geometry":{"type":"Point","coordinates":[-94.85670234972046,29.647295817377636]},"properties":{"substrate":"Solid Reef","lease_number":null,"poll_year":2024}},{"type":"Feature","id":"2d68a531-41d3-48ce-ab6f-07825d4d1b7f","geometry":{"type":"Point","coordinates":[-94.86475818157534,29.63756800720668]},"properties":{"substrate":"Buried Shell","lease_number":null,"poll_year":2025}},{"type":"Feature","id":"2d700752-1860-4ef0-9b27-0b4fedff30cd","geometry":{"type":"Point","coordinates":[-94.85962832519591,29.648533187665844]},"properties":{"substrate":"Buried Shell","lease_number":null,"poll_year":2025}},{"type":"Feature","id":"2d8d8586-b065-4ee3-9b57-f82f263cf39b","geometry":{"type":"Point","coordinates":[-94.85663143311868,29.645852949891605]},"properties":{"substrate":"Buried Shell","lease_number":null,"poll_year":2024}},{"type":"Feature","id":"2d9b658a-1405-4892-a0aa-e9676d99fdca","geometry":{"type":"Point","coordinates":[-94.87576269112951,29.612734976911536]},"properties":{"substrate":"Mud","lease_number":null,"poll_year":2025}},{"type":"Feature","id":"2da87742-81b1-4747-8bba-c687ee602bec","geometry":{"type":"Point","coordinates":[-94.86773983373378,29.639629883242304]},"properties":{"substrate":"Mud","lease_number":null,"poll_year":2024}},{"type":"Feature","id":"2db5421a-789d-4900-9c9e-03b349053eec","geometry":{"type":"Point","coordinates":[-94.85884459990777,29.648900250026664]},"properties":{"substrate":"Buried Shell","lease_number":null,"poll_year":2023}},{"type":"Feature","id":"2de648ba-77e2-47a2-8645-16ce71852619","geometry":{"type":"Point","coordinates":[-94.85851993259439,29.6497848833265]},"properties":{"substrate":"Mud","lease_number":null,"poll_year":2023}},{"type":"Feature","id":"2e37b1ea-8dfc-4752-9689-2eacbae279c7","geometry":{"type":"Point","coordinates":[-94.85892203288861,29.649625099968464]},"properties":{"substrate":"Scattered Shell","lease_number":null,"poll_year":2023}},{"type":"Feature","id":"2e67017e-26b7-4c68-8fc5-cc6226d22ccd","geometry":{"type":"Point","coordinates":[-94.86278022427037,29.64025300492686]},"properties":{"substrate":"Mud","lease_number":null,"poll_year":2025}},{"type":"Feature","id":"2e6e0d03-692b-4313-8862-f91e73721b37","geometry":{"type":"Point","coordinates":[-94.85561882697759,29.6478306839301]},"properties":{"substrate":"Mud","lease_number":null,"poll_year":2025}},{"type":"Feature","id":"2eab1db8-874a-42cf-93ab-0422a2224324","geometry":{"type":"Point","coordinates":[-94.87436508322732,29.613472350029856]},"properties":{"substrate":"Scattered Shell","lease_number":null,"poll_year":2023}},{"type":"Feature","id":"2eacfe3c-014d-4c56-b1cd-581a81a87f8d","geometry":{"type":"Point","coordinates":[-94.85651051718649,29.646767825329604]},"properties":{"substrate":"Buried Shell","lease_number":null,"poll_year":2025}},{"type":"Feature","id":"2eb039b4-9a5a-4e0e-8600-3ea53dc181a4","geometry":{"type":"Point","coordinates":[-94.87385756114293,29.61184256364001]},"properties":{"substrate":"Solid Reef","lease_number":null,"poll_year":2025}},{"type":"Feature","id":"2f053801-d147-418f-9832-59f4b513914a","geometry":{"type":"Point","coordinates":[-94.85798225406592,29.64975117136056]},"properties":{"substrate":"Mud","lease_number":null,"poll_year":2025}},{"type":"Feature","id":"2f12251f-3fc8-42f0-a0fe-ae70de2e07ee","geometry":{"type":"Point","coordinates":[-94.85679812899438,29.64894833576901]},"properties":{"substrate":"Mud","lease_number":null,"poll_year":2025}},{"type":"Feature","id":"2f3f3a33-36d7-4761-8bb9-113e2416a62e","geometry":{"type":"Point","coordinates":[-94.85626245101405,29.649185732680213]},"properties":{"substrate":"Mud","lease_number":null,"poll_year":2025}},{"type":"Feature","id":"2f5438f5-9fa3-41af-82c3-48712a905bb8","geometry":{"type":"Point","coordinates":[-94.85652456324429,29.649576036336907]},"properties":{"substrate":"Mud","lease_number":null,"poll_year":2025}},{"type":"Feature","id":"2f587470-998b-4d5b-89b5-6bf8fdf58878","geometry":{"type":"Point","coordinates":[-94.86647903296115,29.63804993430521]},"properties":{"substrate":"Solid Reef","lease_number":null,"poll_year":2024}},{"type":"Feature","id":"2f5e5dc0-fd93-418d-910f-9a71307796c3","geometry":{"type":"Point","coordinates":[-94.8559953540323,29.6486085060994]},"properties":{"substrate":"Mud","lease_number":null,"poll_year":2025}},{"type":"Feature","id":"2f690e46-a668-4178-bd62-bbe45efdab46","geometry":{"type":"Point","coordinates":[-94.85678683717127,29.64824270273527]},"properties":{"substrate":"Solid Reef","lease_number":null,"poll_year":2025}},{"type":"Feature","id":"2f8266a7-e0ad-4956-bc5e-c6ca79f77646","geometry":{"type":"Point","coordinates":[-94.8642984390843,29.641128302129548]},"properties":{"substrate":"Mud","lease_number":null,"poll_year":2025}},{"type":"Feature","id":"2f854d55-e225-42c6-bef7-fbbfd2844c33","geometry":{"type":"Point","coordinates":[-94.8561538572726,29.64751985005019]},"properties":{"substrate":"Solid Reef","lease_number":null,"poll_year":2025}},{"type":"Feature","id":"2f886586-002e-40de-9cf6-8a264ac3cd92","geometry":{"type":"Point","coordinates":[-94.8722632078205,29.612594654664445]},"properties":{"substrate":"Buried Shell","lease_number":null,"poll_year":2025}},{"type":"Feature","id":"2fb2668d-69f1-4129-998f-de2e87dc0aea","geometry":{"type":"Point","coordinates":[-94.8650255498483,29.63709440027644]},"properties":{"substrate":"Buried Shell","lease_number":null,"poll_year":2024}},{"type":"Feature","id":"2fc98cf5-e22d-4bea-a93c-4e833c7b3082","geometry":{"type":"Point","coordinates":[-94.86398976627456,29.639934782637145]},"properties":{"substrate":"Mud","lease_number":null,"poll_year":2023}},{"type":"Feature","id":"2fe0a993-dc37-44f6-bb64-454a87c11567","geometry":{"type":"Point","coordinates":[-94.86381144530078,29.636537430092368]},"properties":{"substrate":"Mud","lease_number":null,"poll_year":2025}},{"type":"Feature","id":"300a4a80-97b9-4edb-ae3a-caeb37da1472","geometry":{"type":"Point","coordinates":[-94.87462729966214,29.61210246702423]},"properties":{"substrate":"Solid Reef","lease_number":null,"poll_year":2023}},{"type":"Feature","id":"303897f2-eac4-4bb8-92de-626d1c939181","geometry":{"type":"Point","coordinates":[-94.86469416672986,29.636030167342266]},"properties":{"substrate":"Mud","lease_number":null,"poll_year":2024}},{"type":"Feature","id":"30411d25-e1b5-482a-9656-5d9e7653ffda","geometry":{"type":"Point","coordinates":[-94.86646264140217,29.639779206061974]},"properties":{"substrate":"Solid Reef","lease_number":null,"poll_year":2025}},{"type":"Feature","id":"30999d05-aa1f-4b2b-9098-623ab3611e6f","geometry":{"type":"Point","coordinates":[-94.86476274681362,29.638137914765835]},"properties":{"substrate":"Solid Reef","lease_number":null,"poll_year":2025}},{"type":"Feature","id":"30a12b66-3ca7-424f-b8ab-7bc3027b8cc6","geometry":{"type":"Point","coordinates":[-94.85658124963365,29.649674817018287]},"properties":{"substrate":"Buried Shell","lease_number":null,"poll_year":2024}},{"type":"Feature","id":"30a4c851-2286-4df6-9fd4-16c9f4e472f4","geometry":{"type":"Point","coordinates":[-94.8746168836964,29.611704600302264]},"properties":{"substrate":"Solid Reef","lease_number":null,"poll_year":2023}},{"type":"Feature","id":"30a8b069-085b-40b3-af56-15d598530b50","geometry":{"type":"Point","coordinates":[-94.85604604057389,29.649116824225153]},"properties":{"substrate":"Mud","lease_number":null,"poll_year":2025}},{"type":"Feature","id":"30b632f2-3ac3-45f3-8f8f-3b58baa4e05d","geometry":{"type":"Point","coordinates":[-94.86494663015563,29.640429030629072]},"properties":{"substrate":"Buried Shell","lease_number":null,"poll_year":2025}},{"type":"Feature","id":"30db6e71-1985-43a1-8903-4d3c43c341b9","geometry":{"type":"Point","coordinates":[-94.87370056707232,29.61309053315221]},"properties":{"substrate":"Buried Shell","lease_number":null,"poll_year":2024}},{"type":"Feature","id":"30e7bbdd-03cf-462d-95eb-7e3db177a9c7","geometry":{"type":"Point","coordinates":[-94.86405711117477,29.63638128531266]},"properties":{"substrate":"Solid Reef","lease_number":null,"poll_year":2025}},{"type":"Feature","id":"310c2214-684a-4f03-9462-93b33ef4ed0e","geometry":{"type":"Point","coordinates":[-94.86311004971009,29.63876393300799]},"properties":{"substrate":"Solid Reef","lease_number":null,"poll_year":2024}},{"type":"Feature","id":"31494271-a569-4107-9886-a50258c0e826","geometry":{"type":"Point","coordinates":[-94.86548773306197,29.63870673303378]},"properties":{"substrate":"Buried Shell","lease_number":null,"poll_year":2024}},{"type":"Feature","id":"315a5f7a-6c1d-41d2-99a5-35080a3b9fbb","geometry":{"type":"Point","coordinates":[-94.86655785922902,29.636022284371023]},"properties":{"substrate":"Mud","lease_number":null,"poll_year":2025}},{"type":"Feature","id":"315d0387-06fc-4f7e-bdd5-3bbc19daee2a","geometry":{"type":"Point","coordinates":[-94.87249340021373,29.612626784301145]},"properties":{"substrate":"Mud","lease_number":null,"poll_year":2023}},{"type":"Feature","id":"316c5d74-e244-495e-961f-a93898e3c193","geometry":{"type":"Point","coordinates":[-94.86247076992636,29.637882782773957]},"properties":{"substrate":"Mud","lease_number":null,"poll_year":2025}},{"type":"Feature","id":"316d01a9-f58a-4a71-9f59-fb6be65179c9","geometry":{"type":"Point","coordinates":[-94.85780779315292,29.646245247943696]},"properties":{"substrate":"Mud","lease_number":null,"poll_year":2025}},{"type":"Feature","id":"317ff52a-30c7-4e3a-990c-a1b6b8688520","geometry":{"type":"Point","coordinates":[-94.86483344961637,29.63878918265589]},"properties":{"substrate":"Solid Reef","lease_number":null,"poll_year":2023}},{"type":"Feature","id":"31a7e9cd-17e8-4b04-b52a-ae13ddece862","geometry":{"type":"Point","coordinates":[-94.86656983197513,29.63910855162429]},"properties":{"substrate":"Buried Shell","lease_number":null,"poll_year":2025}},{"type":"Feature","id":"31a95fb4-1851-418d-b826-b36c51774a62","geometry":{"type":"Point","coordinates":[-94.85766611266294,29.646348763065326]},"properties":{"substrate":"Buried Shell","lease_number":null,"poll_year":2025}},{"type":"Feature","id":"31b594f7-cf95-4fff-8b1c-d449c00e307c","geometry":{"type":"Point","coordinates":[-94.86599714879499,29.636168893012595]},"properties":{"substrate":"Mud","lease_number":null,"poll_year":2025}},{"type":"Feature","id":"31e956c1-1fd2-4781-9d59-39b809e84fc4","geometry":{"type":"Point","coordinates":[-94.87475471670201,29.612242050362966]},"properties":{"substrate":"Solid Reef","lease_number":null,"poll_year":2024}},{"type":"Feature","id":"31ecf61d-4389-4c3e-9d42-cec762571639","geometry":{"type":"Point","coordinates":[-94.8578050829357,29.647550465678677]},"properties":{"substrate":"Solid Reef","lease_number":null,"poll_year":2023}},{"type":"Feature","id":"31ff0df4-74de-4ce9-80a6-265aed3bd8e7","geometry":{"type":"Point","coordinates":[-94.85634321674462,29.65045421676339]},"properties":{"substrate":"Buried Shell","lease_number":null,"poll_year":2024}},{"type":"Feature","id":"3241b5c0-5fe5-49eb-b29c-29a215f2eac0","geometry":{"type":"Point","coordinates":[-94.86424614994823,29.638075483173058]},"properties":{"substrate":"Solid Reef","lease_number":null,"poll_year":2024}},{"type":"Feature","id":"325a1a46-825c-4b58-a697-9f3c6393130a","geometry":{"type":"Point","coordinates":[-94.86578246312017,29.641094566964814]},"properties":{"substrate":"Mud","lease_number":null,"poll_year":2025}},{"type":"Feature","id":"325d0bce-741f-4be3-b87e-62e81f670cea","geometry":{"type":"Point","coordinates":[-94.85828977433714,29.65033229562192]},"properties":{"substrate":"Mud","lease_number":null,"poll_year":2025}},{"type":"Feature","id":"327918a5-e735-4813-915a-f22abbb87109","geometry":{"type":"Point","coordinates":[-94.85724228122368,29.6485258576315]},"properties":{"substrate":"Solid Reef","lease_number":null,"poll_year":2025}},{"type":"Feature","id":"3287f235-c082-456f-adcc-a17e1b2f8c52","geometry":{"type":"Point","coordinates":[-94.85754754492689,29.64611381796095]},"properties":{"substrate":"Mud","lease_number":null,"poll_year":2025}},{"type":"Feature","id":"328cad28-a752-4e9b-9d05-670dce5b3125","geometry":{"type":"Point","coordinates":[-94.86397933324085,29.638411416373987]},"properties":{"substrate":"Buried Shell","lease_number":null,"poll_year":2024}},{"type":"Feature","id":"32917bdd-5593-49dc-82f3-c08006461602","geometry":{"type":"Point","coordinates":[-94.86437608316923,29.637219199833975]},"properties":{"substrate":"Solid Reef","lease_number":null,"poll_year":2024}},{"type":"Feature","id":"329ff779-ed28-48d8-8e86-cfa8eac50898","geometry":{"type":"Point","coordinates":[-94.86358150084256,29.636826878325397]},"properties":{"substrate":"Mud","lease_number":null,"poll_year":2025}},{"type":"Feature","id":"32ac9396-1a3a-4b03-8b28-5ef1e22a43a3","geometry":{"type":"Point","coordinates":[-94.86504359969729,29.640362432718263]},"properties":{"substrate":"Buried Shell","lease_number":null,"poll_year":2024}},{"type":"Feature","id":"32ce9f7c-fa34-471c-b1aa-2b9d1025191f","geometry":{"type":"Point","coordinates":[-94.86625938319608,29.638464600170657]},"properties":{"substrate":"Solid Reef","lease_number":null,"poll_year":2023}},{"type":"Feature","id":"32d125dc-7f99-49ca-aea6-e73afa24f0a1","geometry":{"type":"Point","coordinates":[-94.86482511684379,29.637605883297205]},"properties":{"substrate":"Buried Shell","lease_number":null,"poll_year":2024}},{"type":"Feature","id":"32ea3413-e1cc-4032-9c85-acfbce546577","geometry":{"type":"Point","coordinates":[-94.86374836560152,29.63764783431062]},"properties":{"substrate":"Solid Reef","lease_number":null,"poll_year":2024}},{"type":"Feature","id":"32f30ce1-f643-4904-86ef-787a420ef662","geometry":{"type":"Point","coordinates":[-94.85503154976733,29.64702631687046]},"properties":{"substrate":"Buried Shell","lease_number":null,"poll_year":2024}},{"type":"Feature","id":"3303852e-2ff7-441b-9b91-6fb20ec9fd22","geometry":{"type":"Point","coordinates":[-94.8730313500334,29.61222003437192]},"properties":{"substrate":"Buried Shell","lease_number":null,"poll_year":2024}},{"type":"Feature","id":"33256840-320e-4030-9311-cb3d2ccfbb27","geometry":{"type":"Point","coordinates":[-94.86652619990346,29.640612916774682]},"properties":{"substrate":"Mud","lease_number":null,"poll_year":2024}},{"type":"Feature","id":"334fb999-4a1e-4807-b2d5-ca27d5741205","geometry":{"type":"Point","coordinates":[-94.85862485042969,29.648944116859436]},"properties":{"substrate":"Solid Reef","lease_number":null,"poll_year":2023}},{"type":"Feature","id":"33637e57-4f81-4510-9578-2a36849e4026","geometry":{"type":"Point","coordinates":[-94.8588364737477,29.64846942360974]},"properties":{"substrate":"Buried Shell","lease_number":null,"poll_year":2025}},{"type":"Feature","id":"3372ba56-da63-48b2-a024-3f3a073025e1","geometry":{"type":"Point","coordinates":[-94.86558661871014,29.63804201713749]},"properties":{"substrate":"Solid Reef","lease_number":null,"poll_year":2025}},{"type":"Feature","id":"338b28c9-aa72-484f-9093-42978273a8b6","geometry":{"type":"Point","coordinates":[-94.86647078642685,29.638307283299433]},"properties":{"substrate":"Buried Shell","lease_number":null,"poll_year":2025}},{"type":"Feature","id":"338cca43-aebe-44cb-8195-94ebe2451f89","geometry":{"type":"Point","coordinates":[-94.86392404822331,29.640806512170663]},"properties":{"substrate":"Mud","lease_number":null,"poll_year":2025}},{"type":"Feature","id":"3398fc17-6246-4250-aa5e-863e405d902c","geometry":{"type":"Point","coordinates":[-94.8585206674163,29.646006850236038]},"properties":{"substrate":"Mud","lease_number":null,"poll_year":2024}},{"type":"Feature","id":"3399e4dd-d9de-47cd-80ca-2dcfbf74b127","geometry":{"type":"Point","coordinates":[-94.85498826444537,29.646012351217543]},"properties":{"substrate":"Mud","lease_number":null,"poll_year":2025}},{"type":"Feature","id":"339c0f4e-85a4-461f-8b07-3028115c33b0","geometry":{"type":"Point","coordinates":[-94.86462204997886,29.63896829967732]},"properties":{"substrate":"Solid Reef","lease_number":null,"poll_year":2023}},{"type":"Feature","id":"33afa43c-111c-4cfc-a7be-a12e7b3ce7f9","geometry":{"type":"Point","coordinates":[-94.86538779997818,29.63702110016953]},"properties":{"substrate":"Buried Shell","lease_number":null,"poll_year":2024}},{"type":"Feature","id":"33b43523-ed63-4935-b910-c4c947229284","geometry":{"type":"Point","coordinates":[-94.86723094710848,29.638957763850044]},"properties":{"substrate":"Mud","lease_number":null,"poll_year":2025}},{"type":"Feature","id":"33b84584-31fa-4e07-a824-f8c235a5cb87","geometry":{"type":"Point","coordinates":[-94.86746111434888,29.637603106810833]},"properties":{"substrate":"Mud","lease_number":null,"poll_year":2025}},{"type":"Feature","id":"33dde25f-6455-4a42-918a-b183ec388680","geometry":{"type":"Point","coordinates":[-94.86608629131557,29.64047580170231]},"properties":{"substrate":"Mud","lease_number":null,"poll_year":2025}},{"type":"Feature","id":"33e0e6c4-4dea-43dd-bc38-b9bf2eb90084","geometry":{"type":"Point","coordinates":[-94.874451550565,29.613957695129788]},"properties":{"substrate":"Mud","lease_number":null,"poll_year":2025}},{"type":"Feature","id":"341bfa55-1fbe-46c1-8d72-d5c8d75bc17e","geometry":{"type":"Point","coordinates":[-94.85716355017723,29.649080266383244]},"properties":{"substrate":"Solid Reef","lease_number":null,"poll_year":2024}},{"type":"Feature","id":"342aab1f-b39b-402b-a55a-6fe586bc89bd","geometry":{"type":"Point","coordinates":[-94.85728726705646,29.647670615633277]},"properties":{"substrate":"Solid Reef","lease_number":null,"poll_year":2024}},{"type":"Feature","id":"343cfe49-50cb-4f67-b834-7a71c19a07dd","geometry":{"type":"Point","coordinates":[-94.87249563073057,29.61196779824914]},"properties":{"substrate":"Buried Shell","lease_number":null,"poll_year":2025}},{"type":"Feature","id":"346a128e-44c3-4bfa-a39b-5f0e67bdddfb","geometry":{"type":"Point","coordinates":[-94.86663859801013,29.638217087901364]},"properties":{"substrate":"Solid Reef","lease_number":null,"poll_year":2025}},{"type":"Feature","id":"346d6a41-ece4-4035-97fd-83f22e105a9d","geometry":{"type":"Point","coordinates":[-94.8653496215786,29.639204930756996]},"properties":{"substrate":"Solid Reef","lease_number":null,"poll_year":2025}},{"type":"Feature","id":"347c892f-440f-4f4e-9970-19390f642fe9","geometry":{"type":"Point","coordinates":[-94.85702943440026,29.64701786561791]},"properties":{"substrate":"Solid Reef","lease_number":null,"poll_year":2024}},{"type":"Feature","id":"3490f906-0908-4c23-980b-56a96a6991a2","geometry":{"type":"Point","coordinates":[-94.86465082481403,29.63567745686899]},"properties":{"substrate":"Mud","lease_number":null,"poll_year":2025}},{"type":"Feature","id":"34b4bcdd-87e5-41a7-a464-f304c4542f67","geometry":{"type":"Point","coordinates":[-94.85605190926765,29.646484286058183]},"properties":{"substrate":"Buried Shell","lease_number":null,"poll_year":2025}},{"type":"Feature","id":"34d15c1d-930b-402d-9264-e578a03f6404","geometry":{"type":"Point","coordinates":[-94.85752148300386,29.647369066284927]},"properties":{"substrate":"Solid Reef","lease_number":null,"poll_year":2023}},{"type":"Feature","id":"34f514b8-f3ec-4e2b-9482-2f19b1910b93","geometry":{"type":"Point","coordinates":[-94.85810596555527,29.64973339961795]},"properties":{"substrate":"Buried Shell","lease_number":null,"poll_year":2024}},{"type":"Feature","id":"3511d642-429f-435b-8774-16a2b8bddfcf","geometry":{"type":"Point","coordinates":[-94.86543761605228,29.635858447105175]},"properties":{"substrate":"Mud","lease_number":null,"poll_year":2025}},{"type":"Feature","id":"352fd0d5-c06d-4121-9e28-867d8d2581ed","geometry":{"type":"Point","coordinates":[-94.85532405020702,29.646844132691708]},"properties":{"substrate":"Buried Shell","lease_number":null,"poll_year":2024}},{"type":"Feature","id":"3533c94c-d194-4aa6-8ebc-7f0c6c235b79","geometry":{"type":"Point","coordinates":[-94.87545768344614,29.61287186733335]},"properties":{"substrate":"Mud","lease_number":null,"poll_year":2023}},{"type":"Feature","id":"3535d7f2-abe4-481f-b8f6-7e55b01746fb","geometry":{"type":"Point","coordinates":[-94.86450253362189,29.63777685021763]},"properties":{"substrate":"Solid Reef","lease_number":null,"poll_year":2024}},{"type":"Feature","id":"353d0ce4-cedc-4f61-9940-47cd1ad8ee89","geometry":{"type":"Point","coordinates":[-94.87241820044466,29.611840650217257]},"properties":{"substrate":"Mud","lease_number":null,"poll_year":2024}},{"type":"Feature","id":"354ef7f4-f935-45f0-9c8e-640a95a452a7","geometry":{"type":"Point","coordinates":[-94.8743566830811,29.61335864997944]},"properties":{"substrate":"Mud","lease_number":null,"poll_year":2023}},{"type":"Feature","id":"3566740a-aee3-441c-ad96-9f28432dead5","geometry":{"type":"Point","coordinates":[-94.85959401943352,29.648005662725918]},"properties":{"substrate":"Mud","lease_number":null,"poll_year":2025}},{"type":"Feature","id":"35798d38-e4c7-4d30-b5fb-6fd51e0bee4f","geometry":{"type":"Point","coordinates":[-94.87350079971944,29.612663234322866]},"properties":{"substrate":"Buried Shell","lease_number":null,"poll_year":2023}},{"type":"Feature","id":"357e19dc-498b-46a8-a87c-9d7cc7b50400","geometry":{"type":"Point","coordinates":[-94.8752766495602,29.61358849987159]},"properties":{"substrate":"Mud","lease_number":null,"poll_year":2023}},{"type":"Feature","id":"3595fdea-9ab0-49ab-baaf-01a5c860ef70","geometry":{"type":"Point","coordinates":[-94.85886209459792,29.64862773171094]},"properties":{"substrate":"Solid Reef","lease_number":null,"poll_year":2025}},{"type":"Feature","id":"35ba61be-e198-4254-bf17-b9d7d3b386e7","geometry":{"type":"Point","coordinates":[-94.85830479955857,29.64822506735009]},"properties":{"substrate":"Solid Reef","lease_number":null,"poll_year":2024}},{"type":"Feature","id":"35d2f3a7-627d-4744-8e53-16daa53ea138","geometry":{"type":"Point","coordinates":[-94.8588086502284,29.64818509983623]},"properties":{"substrate":"Buried Shell","lease_number":null,"poll_year":2023}},{"type":"Feature","id":"360444eb-611b-4bbf-9923-e4d626f2ca40","geometry":{"type":"Point","coordinates":[-94.8574106776102,29.64917987118905]},"properties":{"substrate":"Buried Shell","lease_number":null,"poll_year":2025}},{"type":"Feature","id":"3642c768-1d76-4dbe-a525-09a83c088776","geometry":{"type":"Point","coordinates":[-94.86354516668426,29.637949783649034]},"properties":{"substrate":"Buried Shell","lease_number":null,"poll_year":2024}},{"type":"Feature","id":"3644b6aa-bbe9-4d45-b774-b5c81b47dbe6","geometry":{"type":"Point","coordinates":[-94.8580680979728,29.64856379908262]},"properties":{"substrate":"Solid Reef","lease_number":null,"poll_year":2025}},{"type":"Feature","id":"3654e780-4b36-43f8-8a91-a12cff8bb605","geometry":{"type":"Point","coordinates":[-94.86650095005746,29.639091683704994]},"properties":{"substrate":"Solid Reef","lease_number":null,"poll_year":2024}},{"type":"Feature","id":"367ad526-e1ff-4a11-bb1d-685654635d5c","geometry":{"type":"Point","coordinates":[-94.87413030044299,29.612279532986552]},"properties":{"substrate":"Solid Reef","lease_number":null,"poll_year":2024}},{"type":"Feature","id":"36b08203-4a4a-4493-873a-da056a5b304b","geometry":{"type":"Point","coordinates":[-94.87500505920539,29.613457704381524]},"properties":{"substrate":"Mud","lease_number":null,"poll_year":2025}},{"type":"Feature","id":"36c0078f-e7ee-457f-851e-e52c3860cccb","geometry":{"type":"Point","coordinates":[-94.86497631678083,29.639672350284343]},"properties":{"substrate":"Solid Reef","lease_number":null,"poll_year":2024}},{"type":"Feature","id":"36d624a1-ff15-44ab-a54c-debf30413ff3","geometry":{"type":"Point","coordinates":[-94.86711981742299,29.638393966654515]},"properties":{"substrate":"Mud","lease_number":null,"poll_year":2024}},{"type":"Feature","id":"36f7ad36-2945-4532-ae47-4c2244f8d13c","geometry":{"type":"Point","coordinates":[-94.86380071672133,29.639772534362134]},"properties":{"substrate":"Buried Shell","lease_number":null,"poll_year":2024}},{"type":"Feature","id":"37561531-660a-4d1d-9521-25227ef005b0","geometry":{"type":"Point","coordinates":[-94.85946393260059,29.647749550182763]},"properties":{"substrate":"Buried Shell","lease_number":null,"poll_year":2024}},{"type":"Feature","id":"3779e412-77ba-40a9-ab27-99b8c1cb4da9","geometry":{"type":"Point","coordinates":[-94.86644626691118,29.63823801682628]},"properties":{"substrate":"Solid Reef","lease_number":null,"poll_year":2023}},{"type":"Feature","id":"377d8c11-7b79-4b9f-9a98-f155f6e1f3d5","geometry":{"type":"Point","coordinates":[-94.85974205011426,29.647911966727587]},"properties":{"substrate":"Buried Shell","lease_number":null,"poll_year":2024}},{"type":"Feature","id":"37938915-e33a-4836-bdd5-56a947ac8295","geometry":{"type":"Point","coordinates":[-94.86400377370478,29.64122467932908]},"properties":{"substrate":"Buried Shell","lease_number":null,"poll_year":2025}},{"type":"Feature","id":"3799597f-9b3f-4337-b85c-b9f1760363bd","geometry":{"type":"Point","coordinates":[-94.85595535115438,29.6470949011982]},"properties":{"substrate":"Buried Shell","lease_number":null,"poll_year":2025}},{"type":"Feature","id":"37a69c17-40fb-460a-bf56-7b5e14a5af33","geometry":{"type":"Point","coordinates":[-94.85682186697576,29.647199117308762]},"properties":{"substrate":"Solid Reef","lease_number":null,"poll_year":2024}},{"type":"Feature","id":"37acce24-8e36-41da-a7fb-9c50ae2c8dea","geometry":{"type":"Point","coordinates":[-94.85816731689593,29.650070949771116]},"properties":{"substrate":"Buried Shell","lease_number":null,"poll_year":2024}},{"type":"Feature","id":"37b97177-64da-4095-ab57-42844196b377","geometry":{"type":"Point","coordinates":[-94.87219024395816,29.61211150304163]},"properties":{"substrate":"Buried Shell","lease_number":null,"poll_year":2025}},{"type":"Feature","id":"37bd514f-86cb-4fde-b42a-ccb3856f2468","geometry":{"type":"Point","coordinates":[-94.8583939905882,29.64923803484142]},"properties":{"substrate":"Buried Shell","lease_number":null,"poll_year":2025}},{"type":"Feature","id":"37e3d00c-d61d-4e19-be62-07a13177230a","geometry":{"type":"Point","coordinates":[-94.86549406708305,29.63845305005407]},"properties":{"substrate":"Buried Shell","lease_number":null,"poll_year":2024}},{"type":"Feature","id":"37e51dcf-ff4a-4df2-9ea4-c7403a4a8df0","geometry":{"type":"Point","coordinates":[-94.87515148100346,29.6138998227103]},"properties":{"substrate":"Mud","lease_number":null,"poll_year":2025}},{"type":"Feature","id":"3806b247-dc5a-4634-adee-e5c8b4ebeb0e","geometry":{"type":"Point","coordinates":[-94.87257041637629,29.61292866571394]},"properties":{"substrate":"Mud","lease_number":null,"poll_year":2023}},{"type":"Feature","id":"383592d1-78b2-47e2-8437-a96315004b6a","geometry":{"type":"Point","coordinates":[-94.8550630860237,29.647923301844784]},"properties":{"substrate":"Mud","lease_number":null,"poll_year":2025}},{"type":"Feature","id":"38428260-d9a3-49c9-ae88-4429358e1eef","geometry":{"type":"Point","coordinates":[-94.85855199795847,29.649157879664305]},"properties":{"substrate":"Buried Shell","lease_number":null,"poll_year":2025}},{"type":"Feature","id":"38523491-a487-45a8-bd84-532c1cae99a9","geometry":{"type":"Point","coordinates":[-94.86549550259087,29.6396214633806]},"properties":{"substrate":"Solid Reef","lease_number":null,"poll_year":2025}},{"type":"Feature","id":"38556ce0-6daa-4384-b31f-bbe00157c24f","geometry":{"type":"Point","coordinates":[-94.86684532640814,29.640280707375915]},"properties":{"substrate":"Mud","lease_number":null,"poll_year":2025}},{"type":"Feature","id":"3856d10c-9510-46b0-9e04-98a39acdd1e0","geometry":{"type":"Point","coordinates":[-94.86497439977603,29.640186133630387]},"properties":{"substrate":"Scattered Shell","lease_number":null,"poll_year":2023}},{"type":"Feature","id":"386ef017-e115-4e81-af2e-c166ee94ca3f","geometry":{"type":"Point","coordinates":[-94.85854588312633,29.64829716638148]},"properties":{"substrate":"Solid Reef","lease_number":null,"poll_year":2023}},{"type":"Feature","id":"3875170f-2b31-4032-b515-9d83faf19d90","geometry":{"type":"Point","coordinates":[-94.85827570043158,29.650520616729725]},"properties":{"substrate":"Mud","lease_number":null,"poll_year":2024}},{"type":"Feature","id":"389c2dff-e2b7-4cd9-add3-e5de85d03e54","geometry":{"type":"Point","coordinates":[-94.86536553792882,29.637625263263732]},"properties":{"substrate":"Solid Reef","lease_number":null,"poll_year":2025}},{"type":"Feature","id":"38b9645c-de78-45f0-97e3-c573a1dd15ba","geometry":{"type":"Point","coordinates":[-94.86365218478069,29.63630340295661]},"properties":{"substrate":"Mud","lease_number":null,"poll_year":2025}},{"type":"Feature","id":"3942fb25-105b-4a1a-9a66-76b916efa81c","geometry":{"type":"Point","coordinates":[-94.87604331673943,29.6120361096744]},"properties":{"substrate":"Mud","lease_number":null,"poll_year":2025}},{"type":"Feature","id":"3943442c-d16f-4859-b64c-a5ed185d0d72","geometry":{"type":"Point","coordinates":[-94.86444126672289,29.637118016924116]},"properties":{"substrate":"Solid Reef","lease_number":null,"poll_year":2024}},{"type":"Feature","id":"3980c693-81c0-4844-ab2c-a9e98868b5d1","geometry":{"type":"Point","coordinates":[-94.86642686689429,29.639106433374796]},"properties":{"substrate":"Solid Reef","lease_number":null,"poll_year":2024}},{"type":"Feature","id":"39815d7d-91b2-463a-86de-b813c8f92815","geometry":{"type":"Point","coordinates":[-94.85835990042148,29.648324950152755]},"properties":{"substrate":"Solid Reef","lease_number":null,"poll_year":2024}},{"type":"Feature","id":"398cb2b7-6525-44e3-a2bc-ec830e20e1a8","geometry":{"type":"Point","coordinates":[-94.87464864992148,29.613277800072694]},"properties":{"substrate":"Buried Shell","lease_number":null,"poll_year":2023}},{"type":"Feature","id":"39bc29e7-7ee6-4548-989f-9d15b3124707","geometry":{"type":"Point","coordinates":[-94.85555968100098,29.64993062721868]},"properties":{"substrate":"Mud","lease_number":null,"poll_year":2025}},{"type":"Feature","id":"39cdcf69-8a2b-496f-8b1a-d108620fc544","geometry":{"type":"Point","coordinates":[-94.85511362703824,29.64740256669463]},"properties":{"substrate":"Mud","lease_number":null,"poll_year":2025}},{"type":"Feature","id":"39dfd6ed-2050-4b17-bf7f-378bb06706c0","geometry":{"type":"Point","coordinates":[-94.85835653443411,29.64725345035963]},"properties":{"substrate":"Scattered Shell","lease_number":null,"poll_year":2023}},{"type":"Feature","id":"39ec6f35-c1b5-48d1-824c-abab58bd0be9","geometry":{"type":"Point","coordinates":[-94.8673611165864,29.639939916987956]},"properties":{"substrate":"Mud","lease_number":null,"poll_year":2024}},{"type":"Feature","id":"39f5bccb-ac91-4532-9f92-f1023c1c16e4","geometry":{"type":"Point","coordinates":[-94.8678395341539,29.639001687327188]},"properties":{"substrate":"Mud","lease_number":null,"poll_year":2025}},{"type":"Feature","id":"3a11433b-ac9e-4b8c-b210-489f86f91769","geometry":{"type":"Point","coordinates":[-94.86330352256778,29.639664155288905]},"properties":{"substrate":"Mud","lease_number":null,"poll_year":2025}},{"type":"Feature","id":"3a3c4975-14ad-4c23-95b5-04e80f81f102","geometry":{"type":"Point","coordinates":[-94.85697803369803,29.649703566910134]},"properties":{"substrate":"Buried Shell","lease_number":null,"poll_year":2024}},{"type":"Feature","id":"3a8c0dfa-2e8a-4a8e-b1ff-990528d4d79c","geometry":{"type":"Point","coordinates":[-94.8659327162329,29.637353300021353]},"properties":{"substrate":"Mud","lease_number":null,"poll_year":2024}},{"type":"Feature","id":"3a8c32ba-de68-4bb9-bb87-92fabdcbe5f2","geometry":{"type":"Point","coordinates":[-94.86016260360104,29.649586417255886]},"properties":{"substrate":"Buried Shell","lease_number":null,"poll_year":2025}},{"type":"Feature","id":"3a97f83c-05f1-4560-8faa-d085bfa6ff2c","geometry":{"type":"Point","coordinates":[-94.86684442090633,29.636219533366667]},"properties":{"substrate":"Mud","lease_number":null,"poll_year":2025}},{"type":"Feature","id":"3acbb398-bca5-422f-98f2-84502e44588c","geometry":{"type":"Point","coordinates":[-94.85934946657216,29.649396934283374]},"properties":{"substrate":"Buried Shell","lease_number":null,"poll_year":2024}},{"type":"Feature","id":"3ae25a84-619e-451c-a1f9-8ffb9e5c50ba","geometry":{"type":"Point","coordinates":[-94.87451928443573,29.612084666770592]},"properties":{"substrate":"Solid Reef","lease_number":null,"poll_year":2024}},{"type":"Feature","id":"3b0247c7-37ba-4e77-a5df-9c5297159114","geometry":{"type":"Point","coordinates":[-94.864617049956,29.64165040014466]},"properties":{"substrate":"Mud","lease_number":null,"poll_year":2024}},{"type":"Feature","id":"3b1dccf5-0bf3-424a-b94a-6267829f0e36","geometry":{"type":"Point","coordinates":[-94.87380176857728,29.61295434981443]},"properties":{"substrate":"Solid Reef","lease_number":null,"poll_year":2025}},{"type":"Feature","id":"3b5ab190-e2f7-4e1c-bdd8-a94adfcd05db","geometry":{"type":"Point","coordinates":[-94.86626790641151,29.638941988215073]},"properties":{"substrate":"Solid Reef","lease_number":null,"poll_year":2025}},{"type":"Feature","id":"3bdf5fd9-39c2-4782-9666-362a46455d67","geometry":{"type":"Point","coordinates":[-94.86293440481751,29.638648094047582]},"properties":{"substrate":"Buried Shell","lease_number":null,"poll_year":2025}},{"type":"Feature","id":"3bf5f6b6-b6a1-452c-8e08-3a7f7ba4e0db","geometry":{"type":"Point","coordinates":[-94.85818691184723,29.647748366625574]},"properties":{"substrate":"Solid Reef","lease_number":null,"poll_year":2025}},{"type":"Feature","id":"3c11fac1-c8fa-41d0-b8d0-91a2ba824297","geometry":{"type":"Point","coordinates":[-94.8567806334059,29.647875482615472]},"properties":{"substrate":"Solid Reef","lease_number":null,"poll_year":2023}},{"type":"Feature","id":"3c2d6e0d-c616-4f19-8c00-fcefae77d1cb","geometry":{"type":"Point","coordinates":[-94.8579251005526,29.650750978282943]},"properties":{"substrate":"Mud","lease_number":null,"poll_year":2025}},{"type":"Feature","id":"3c34e0dd-cca8-4087-8cd1-22be39551b82","geometry":{"type":"Point","coordinates":[-94.87309828440355,29.61204462868408]},"properties":{"substrate":"Buried Shell","lease_number":null,"poll_year":2025}},{"type":"Feature","id":"3c480561-e3b4-4cd3-9508-7bd04ed4ecaf","geometry":{"type":"Point","coordinates":[-94.86554853373536,29.639291216705143]},"properties":{"substrate":"Solid Reef","lease_number":null,"poll_year":2024}},{"type":"Feature","id":"3c49824f-00b6-4c2c-864d-76c0da073534","geometry":{"type":"Point","coordinates":[-94.85616514999404,29.647261049833038]},"properties":{"substrate":"Solid Reef","lease_number":null,"poll_year":2024}},{"type":"Feature","id":"3c7b5669-ad04-4f78-94e6-5d6528592c09","geometry":{"type":"Point","coordinates":[-94.85659686684487,29.64741643372188]},"properties":{"substrate":"Solid Reef","lease_number":null,"poll_year":2024}},{"type":"Feature","id":"3c8238fe-3f21-4719-9d2e-0a848cd5d398","geometry":{"type":"Point","coordinates":[-94.85574073644649,29.65040605835561]},"properties":{"substrate":"Mud","lease_number":null,"poll_year":2025}},{"type":"Feature","id":"3c9bd0dc-a61f-4708-971e-19e328e98aa7","geometry":{"type":"Point","coordinates":[-94.86503579693075,29.63722229411331]},"properties":{"substrate":"Solid Reef","lease_number":null,"poll_year":2025}},{"type":"Feature","id":"3cb4e516-a5eb-413c-b768-df16f33b697c","geometry":{"type":"Point","coordinates":[-94.86653748633668,29.638656778675443]},"properties":{"substrate":"Mud","lease_number":null,"poll_year":2025}},{"type":"Feature","id":"3cb5cf28-a2ff-4a89-b4e7-e8147b1790a1","geometry":{"type":"Point","coordinates":[-94.85884814016828,29.649010174313638]},"properties":{"substrate":"Buried Shell","lease_number":null,"poll_year":2025}},{"type":"Feature","id":"3ce3a988-b025-467f-a011-af73848efc04","geometry":{"type":"Point","coordinates":[-94.86448693258035,29.63964631696143]},"properties":{"substrate":"Solid Reef","lease_number":null,"poll_year":2024}},{"type":"Feature","id":"3d1f2356-dea4-4e97-8c12-845c001faf18","geometry":{"type":"Point","coordinates":[-94.87324331740616,29.613450933316418]},"properties":{"substrate":"Buried Shell","lease_number":null,"poll_year":2024}},{"type":"Feature","id":"3d6c37f7-0044-4d1a-ad38-c1a9ff67c82f","geometry":{"type":"Point","coordinates":[-94.87285195916613,29.61373398219391]},"properties":{"substrate":"Mud","lease_number":null,"poll_year":2025}},{"type":"Feature","id":"3d6cccf4-8d78-440f-8923-e7b3f541c74a","geometry":{"type":"Point","coordinates":[-94.86554193291462,29.636871066640676]},"properties":{"substrate":"Mud","lease_number":null,"poll_year":2024}},{"type":"Feature","id":"3d7c3213-eb7b-42e4-be5e-38506319c24d","geometry":{"type":"Point","coordinates":[-94.85665523218552,29.649509644335126]},"properties":{"substrate":"Mud","lease_number":null,"poll_year":2025}},{"type":"Feature","id":"3d81dd8b-1dfa-4b55-b1b9-3b212dd8b466","geometry":{"type":"Point","coordinates":[-94.85757229980116,29.650271200326596]},"properties":{"substrate":"Mud","lease_number":null,"poll_year":2024}},{"type":"Feature","id":"3d954f0b-2b3f-404a-aea8-aefd6484a203","geometry":{"type":"Point","coordinates":[-94.85749423530469,29.650005629206614]},"properties":{"substrate":"Mud","lease_number":null,"poll_year":2025}},{"type":"Feature","id":"3da60389-4ac9-4067-acda-902c563b5937","geometry":{"type":"Point","coordinates":[-94.86772752861103,29.639028134629203]},"properties":{"substrate":"Mud","lease_number":null,"poll_year":2025}},{"type":"Feature","id":"3da8a2aa-4bc7-4fb6-a711-e407c5e66594","geometry":{"type":"Point","coordinates":[-94.86378501686511,29.636907816306678]},"properties":{"substrate":"Mud","lease_number":null,"poll_year":2024}},{"type":"Feature","id":"3dbc7b47-fdbd-4d86-b29b-41bb34fdf196","geometry":{"type":"Point","coordinates":[-94.87281940871179,29.6143655431191]},"properties":{"substrate":"Mud","lease_number":null,"poll_year":2025}},{"type":"Feature","id":"3dc2ae76-a776-4280-9430-5f3322aff621","geometry":{"type":"Point","coordinates":[-94.85583652560186,29.648665345228196]},"properties":{"substrate":"Mud","lease_number":null,"poll_year":2025}},{"type":"Feature","id":"3dd29a6f-9ec8-4b1d-a070-2228f4053e05","geometry":{"type":"Point","coordinates":[-94.8646117669638,29.63617815018088]},"properties":{"substrate":"Mud","lease_number":null,"poll_year":2024}},{"type":"Feature","id":"3df96a2d-ccac-4cef-9555-50924bc16a29","geometry":{"type":"Point","coordinates":[-94.87576198774865,29.61304337761783]},"properties":{"substrate":"Mud","lease_number":null,"poll_year":2025}},{"type":"Feature","id":"3e27206d-1da6-44d9-899e-dc52d0ff1cb2","geometry":{"type":"Point","coordinates":[-94.85533343311015,29.647614900167422]},"properties":{"substrate":"Buried Shell","lease_number":null,"poll_year":2024}},{"type":"Feature","id":"3e497e1a-d601-4163-bac1-a60adc155163","geometry":{"type":"Point","coordinates":[-94.8744703002016,29.612728066783063]},"properties":{"substrate":"Buried Shell","lease_number":null,"poll_year":2024}},{"type":"Feature","id":"3e92a59a-1c40-4e9c-80d6-cdb90d6a26e0","geometry":{"type":"Point","coordinates":[-94.8565109995818,29.646923132688762]},"properties":{"substrate":"Buried Shell","lease_number":null,"poll_year":2023}},{"type":"Feature","id":"3ed4dd87-d9b5-464a-ac9f-39f6a27d54b5","geometry":{"type":"Point","coordinates":[-94.87521595039644,29.612768299843538]},"properties":{"substrate":"Scattered Shell","lease_number":null,"poll_year":2023}},{"type":"Feature","id":"3eec7dad-0694-4eb0-aabb-04a65f6289e6","geometry":{"type":"Point","coordinates":[-94.87468040177352,29.612543193336588]},"properties":{"substrate":"Solid Reef","lease_number":null,"poll_year":2025}},{"type":"Feature","id":"3eefb1e5-02b8-4d32-abdd-0b156bf304d8","geometry":{"type":"Point","coordinates":[-94.85727686636211,29.64863043294577]},"properties":{"substrate":"Solid Reef","lease_number":null,"poll_year":2023}},{"type":"Feature","id":"3f02d08f-e1b3-49d8-8fdb-8b4199a8363f","geometry":{"type":"Point","coordinates":[-94.8640851772392,29.636623890882177]},"properties":{"substrate":"Solid Reef","lease_number":null,"poll_year":2025}},{"type":"Feature","id":"3f08c2d0-a7b6-48b0-997c-b9882dde4d69","geometry":{"type":"Point","coordinates":[-94.8647744662348,29.637973550007064]},"properties":{"substrate":"Scattered Shell","lease_number":null,"poll_year":2023}},{"type":"Feature","id":"3f2e3390-677a-439b-bcc6-c266a2b5ec52","geometry":{"type":"Point","coordinates":[-94.86725635685461,29.640305224282862]},"properties":{"substrate":"Mud","lease_number":null,"poll_year":2025}},{"type":"Feature","id":"3f3565d2-a96f-4054-80fb-3505da79e203","geometry":{"type":"Point","coordinates":[-94.85715831659238,29.64790583269468]},"properties":{"substrate":"Solid Reef","lease_number":null,"poll_year":2023}},{"type":"Feature","id":"3f3ee471-a960-4922-8cba-5f205e484542","geometry":{"type":"Point","coordinates":[-94.8747040337537,29.612246333288784]},"properties":{"substrate":"Solid Reef","lease_number":null,"poll_year":2023}},{"type":"Feature","id":"3f440c8d-7b99-4d59-9d8f-cd27480ad245","geometry":{"type":"Point","coordinates":[-94.85646723366116,29.64591428364743]},"properties":{"substrate":"Mud","lease_number":null,"poll_year":2024}},{"type":"Feature","id":"3f596296-eea4-4482-89af-ffdd96183cd4","geometry":{"type":"Point","coordinates":[-94.87496088365299,29.612340432653202]},"properties":{"substrate":"Buried Shell","lease_number":null,"poll_year":2024}},{"type":"Feature","id":"3f6920df-b421-4b38-a43f-891cadbd389b","geometry":{"type":"Point","coordinates":[-94.86632841692904,29.63816034984128]},"properties":{"substrate":"Mud","lease_number":null,"poll_year":2024}},{"type":"Feature","id":"3f8e17c0-9b77-4dd9-b664-1de2aad90bb8","geometry":{"type":"Point","coordinates":[-94.85843029959365,29.648928232710325]},"properties":{"substrate":"Solid Reef","lease_number":null,"poll_year":2024}},{"type":"Feature","id":"3f94d3b7-537c-4813-a93f-99af91c69aba","geometry":{"type":"Point","coordinates":[-94.85644203681575,29.65014130185318]},"properties":{"substrate":"Mud","lease_number":null,"poll_year":2025}},{"type":"Feature","id":"3f996722-2561-49fc-a99c-db900b20a802","geometry":{"type":"Point","coordinates":[-94.86424378288746,29.636560988310855]},"properties":{"substrate":"Solid Reef","lease_number":null,"poll_year":2025}},{"type":"Feature","id":"3fb53a60-af5d-474f-b5bc-5ab63e8d80c0","geometry":{"type":"Point","coordinates":[-94.86488123639622,29.636235117351315]},"properties":{"substrate":"Mud","lease_number":null,"poll_year":2025}},{"type":"Feature","id":"3fc3c614-a0d2-4fdb-a60a-5838368a30d1","geometry":{"type":"Point","coordinates":[-94.85901374818417,29.64893921795891]},"properties":{"substrate":"Buried Shell","lease_number":null,"poll_year":2025}},{"type":"Feature","id":"3fc74c9c-50c4-4096-9fb8-e1b695f2f944","geometry":{"type":"Point","coordinates":[-94.87588193439863,29.61180038320408]},"properties":{"substrate":"Mud","lease_number":null,"poll_year":2024}},{"type":"Feature","id":"3fc9c325-7f46-478f-af9d-f730215bf8be","geometry":{"type":"Point","coordinates":[-94.87415019992315,29.612657600314957]},"properties":{"substrate":"Solid Reef","lease_number":null,"poll_year":2024}},{"type":"Feature","id":"3fcf0ff7-af7d-4a64-8362-8597eca6c286","geometry":{"type":"Point","coordinates":[-94.8566131667757,29.645561029276198]},"properties":{"substrate":"Mud","lease_number":null,"poll_year":2025}},{"type":"Feature","id":"3ff33340-8299-4310-846d-7a6f9ba1ab93","geometry":{"type":"Point","coordinates":[-94.85918693708274,29.648841895687834]},"properties":{"substrate":"Buried Shell","lease_number":null,"poll_year":2025}},{"type":"Feature","id":"40006148-c857-475a-9a60-67f2bfe024b1","geometry":{"type":"Point","coordinates":[-94.87411032460602,29.61171325210827]},"properties":{"substrate":"Solid Reef","lease_number":null,"poll_year":2025}},{"type":"Feature","id":"4002df67-ac4b-4681-acaf-1d461f606b1e","geometry":{"type":"Point","coordinates":[-94.86360341075233,29.64059183921707]},"properties":{"substrate":"Mud","lease_number":null,"poll_year":2025}},{"type":"Feature","id":"40171fbe-9688-4735-8197-7645745c8c32","geometry":{"type":"Point","coordinates":[-94.87586308864229,29.61191839372442]},"properties":{"substrate":"Mud","lease_number":null,"poll_year":2025}},{"type":"Feature","id":"401a4966-9851-47b7-958f-83e9066fdd66","geometry":{"type":"Point","coordinates":[-94.8589977330193,29.64859041562778]},"properties":{"substrate":"Solid Reef","lease_number":null,"poll_year":2024}},{"type":"Feature","id":"4048b9a9-01b0-470f-bcf4-423983b5db46","geometry":{"type":"Point","coordinates":[-94.85741701702118,29.648956900061094]},"properties":{"substrate":"Solid Reef","lease_number":null,"poll_year":2024}},{"type":"Feature","id":"4062b5b9-436a-4255-ae88-67a64766c071","geometry":{"type":"Point","coordinates":[-94.8549538005795,29.648139016244095]},"properties":{"substrate":"Mud","lease_number":null,"poll_year":2025}},{"type":"Feature","id":"406ea5e7-491e-4089-9ef7-46225a5b2591","geometry":{"type":"Point","coordinates":[-94.85913813161336,29.648464093736955]},"properties":{"substrate":"Solid Reef","lease_number":null,"poll_year":2025}},{"type":"Feature","id":"4088c410-8ab1-4a5d-9c6f-f17287252e87","geometry":{"type":"Point","coordinates":[-94.85668156629805,29.65028618334659]},"properties":{"substrate":"Buried Shell","lease_number":null,"poll_year":2024}},{"type":"Feature","id":"40990626-dc28-4f9b-9c94-5ac1da6846a9","geometry":{"type":"Point","coordinates":[-94.85959773306891,29.650015233291793]},"properties":{"substrate":"Buried Shell","lease_number":null,"poll_year":2024}},{"type":"Feature","id":"409b6744-6f41-4b63-af4e-c7e7beaaa437","geometry":{"type":"Point","coordinates":[-94.85648557636095,29.646457833688157]},"properties":{"substrate":"Buried Shell","lease_number":null,"poll_year":2025}},{"type":"Feature","id":"40cf5659-0cdf-4119-9bb6-27423b5e528a","geometry":{"type":"Point","coordinates":[-94.8667895823515,29.63647333831173]},"properties":{"substrate":"Mud","lease_number":null,"poll_year":2025}},{"type":"Feature","id":"410e11cd-b835-42ae-a9c9-53607e05ac07","geometry":{"type":"Point","coordinates":[-94.86442005480409,29.638024081705186]},"properties":{"substrate":"Solid Reef","lease_number":null,"poll_year":2025}},{"type":"Feature","id":"4132f135-cd03-4df9-a91f-53aa06e1b72f","geometry":{"type":"Point","coordinates":[-94.864495046164,29.641190901254785]},"properties":{"substrate":"Buried Shell","lease_number":null,"poll_year":2025}},{"type":"Feature","id":"4162c698-6c8a-4283-8920-49d4669997c5","geometry":{"type":"Point","coordinates":[-94.8636123301248,29.63949895290795]},"properties":{"substrate":"Mud","lease_number":null,"poll_year":2025}},{"type":"Feature","id":"4164aec7-138a-40cd-8f49-78db23b55ea6","geometry":{"type":"Point","coordinates":[-94.85656001705358,29.64600433318173]},"properties":{"substrate":"Mud","lease_number":null,"poll_year":2024}},{"type":"Feature","id":"416ee9eb-18c7-4833-8791-4db93d64acb1","geometry":{"type":"Point","coordinates":[-94.8574529002252,29.647794049892184]},"properties":{"substrate":"Solid Reef","lease_number":null,"poll_year":2024}},{"type":"Feature","id":"4198fdbe-a1dd-401b-b1e5-d0e63bf40533","geometry":{"type":"Point","coordinates":[-94.87506036308757,29.61203190561937]},"properties":{"substrate":"Solid Reef","lease_number":null,"poll_year":2025}},{"type":"Feature","id":"419ff2ea-322e-4c84-b694-94ccda411cf4","geometry":{"type":"Point","coordinates":[-94.86595951926604,29.640536261152416]},"properties":{"substrate":"Solid Reef","lease_number":null,"poll_year":2025}},{"type":"Feature","id":"41b26f75-bf24-448a-9b4f-02b60639c68e","geometry":{"type":"Point","coordinates":[-94.85805115035664,29.646962433190936]},"properties":{"substrate":"Buried Shell","lease_number":null,"poll_year":2024}},{"type":"Feature","id":"41b887a0-f9fb-4a15-bea7-c24c3a073ada","geometry":{"type":"Point","coordinates":[-94.85639624968572,29.64724358369087]},"properties":{"substrate":"Solid Reef","lease_number":null,"poll_year":2023}},{"type":"Feature","id":"41cc1144-e9b2-42af-8dc4-458962aa6d2e","geometry":{"type":"Point","coordinates":[-94.86544196659321,29.636485832639988]},"properties":{"substrate":"Mud","lease_number":null,"poll_year":2024}},{"type":"Feature","id":"41da4297-d0ab-440f-a2c2-141e7c7d3e94","geometry":{"type":"Point","coordinates":[-94.86487811744556,29.63931118271006]},"properties":{"substrate":"Solid Reef","lease_number":null,"poll_year":2024}},{"type":"Feature","id":"41dc79d7-9f48-4dd4-b7a9-8831638949c8","geometry":{"type":"Point","coordinates":[-94.86670933944045,29.63870911207241]},"properties":{"substrate":"Buried Shell","lease_number":null,"poll_year":2025}},{"type":"Feature","id":"41e635df-6e8c-46b7-98a9-5dd83078c05c","geometry":{"type":"Point","coordinates":[-94.86502398318643,29.639232465627433]},"properties":{"substrate":"Solid Reef","lease_number":null,"poll_year":2024}},{"type":"Feature","id":"41eef2c1-c312-43f5-84a0-1b398e7902bb","geometry":{"type":"Point","coordinates":[-94.86587654996809,29.638640383053104]},"properties":{"substrate":"Solid Reef","lease_number":null,"poll_year":2024}},{"type":"Feature","id":"41fbcd0b-7d00-4060-b358-34948678210b","geometry":{"type":"Point","coordinates":[-94.87566737358965,29.611706032637752]},"properties":{"substrate":"Buried Shell","lease_number":null,"poll_year":2025}},{"type":"Feature","id":"4204a9c6-adec-414e-a00d-215ac6bb7b68","geometry":{"type":"Point","coordinates":[-94.85862721659214,29.648428549794115]},"properties":{"substrate":"Solid Reef","lease_number":null,"poll_year":2023}},{"type":"Feature","id":"424aa5bb-023e-405f-ba0b-ea3c096c3e5b","geometry":{"type":"Point","coordinates":[-94.86398024413256,29.638221734349507]},"properties":{"substrate":"Solid Reef","lease_number":null,"poll_year":2025}},{"type":"Feature","id":"4263ece8-aa33-49f0-8cd5-ebf35f14fa87","geometry":{"type":"Point","coordinates":[-94.85903238373474,29.648076949978194]},"properties":{"substrate":"Buried Shell","lease_number":null,"poll_year":2024}},{"type":"Feature","id":"4266a919-7462-4168-92c1-9cd3888664e1","geometry":{"type":"Point","coordinates":[-94.86243803441907,29.63847969972281]},"properties":{"substrate":"Buried Shell","lease_number":null,"poll_year":2024}},{"type":"Feature","id":"42732ff7-9c71-4074-8180-3af4df3f2dcd","geometry":{"type":"Point","coordinates":[-94.87301864965193,29.613230482963452]},"properties":{"substrate":"Buried Shell","lease_number":null,"poll_year":2023}},{"type":"Feature","id":"427557f6-3dd3-4068-9035-30e7f6ab0a0f","geometry":{"type":"Point","coordinates":[-94.85843877160512,29.648351410619878]},"properties":{"substrate":"Solid Reef","lease_number":null,"poll_year":2025}},{"type":"Feature","id":"42a49f56-5ab3-412f-8040-5586023ea843","geometry":{"type":"Point","coordinates":[-94.86384598372682,29.64040861668532]},"properties":{"substrate":"Mud","lease_number":null,"poll_year":2024}},{"type":"Feature","id":"42c2cf96-b84c-4691-8229-e90d9ffba1f5","geometry":{"type":"Point","coordinates":[-94.86384938295186,29.640996628895717]},"properties":{"substrate":"Mud","lease_number":null,"poll_year":2025}},{"type":"Feature","id":"42c56671-de44-4f6c-acef-1273bddffd2a","geometry":{"type":"Point","coordinates":[-94.86451853441373,29.638282967348278]},"properties":{"substrate":"Solid Reef","lease_number":null,"poll_year":2023}},{"type":"Feature","id":"42c8dfea-9f6f-4497-b974-191af7668c1f","geometry":{"type":"Point","coordinates":[-94.8653747465588,29.64023786035601]},"properties":{"substrate":"Solid Reef","lease_number":null,"poll_year":2025}},{"type":"Feature","id":"42ce4a9b-6b19-4750-a74c-a5ef4549b2ce","geometry":{"type":"Point","coordinates":[-94.86332048365864,29.6394870000303]},"properties":{"substrate":"Mud","lease_number":null,"poll_year":2024}},{"type":"Feature","id":"42ef7908-bf07-4558-9c9f-41f07ff8a3b6","geometry":{"type":"Point","coordinates":[-94.86369314975427,29.63937642901302]},"properties":{"substrate":"Mud","lease_number":null,"poll_year":2025}},{"type":"Feature","id":"43422025-49c3-4176-a9ca-059966227fdf","geometry":{"type":"Point","coordinates":[-94.85679665036743,29.648440817015132]},"properties":{"substrate":"Solid Reef","lease_number":null,"poll_year":2024}},{"type":"Feature","id":"434443c2-c49f-4454-a120-9afe8a0ed65b","geometry":{"type":"Point","coordinates":[-94.87405310012578,29.611794849895535]},"properties":{"substrate":"Solid Reef","lease_number":null,"poll_year":2024}},{"type":"Feature","id":"4345d0db-b0d2-4d36-b10f-a04468ef7039","geometry":{"type":"Point","coordinates":[-94.86443310732515,29.641723286203526]},"properties":{"substrate":"Mud","lease_number":null,"poll_year":2025}},{"type":"Feature","id":"43489564-f5b6-41c2-98fa-39244d375a06","geometry":{"type":"Point","coordinates":[-94.86258580189343,29.638270777748733]},"properties":{"substrate":"Buried Shell","lease_number":null,"poll_year":2025}},{"type":"Feature","id":"434b61e4-16a4-4623-bf25-e062930d8191","geometry":{"type":"Point","coordinates":[-94.86264049222622,29.639430856855462]},"properties":{"substrate":"Mud","lease_number":null,"poll_year":2025}},{"type":"Feature","id":"434d5318-f428-4f93-908b-8809a90e1a55","geometry":{"type":"Point","coordinates":[-94.87300010393288,29.61317163077935]},"properties":{"substrate":"Mud","lease_number":null,"poll_year":2025}},{"type":"Feature","id":"4358fb20-bfa9-4ab8-9889-f174a73c7167","geometry":{"type":"Point","coordinates":[-94.86316413637503,29.63797961905906]},"properties":{"substrate":"Buried Shell","lease_number":null,"poll_year":2025}},{"type":"Feature","id":"43806271-fb7d-4852-a2d0-5aa2e4e4fb5c","geometry":{"type":"Point","coordinates":[-94.85948125032266,29.64953746680653]},"properties":{"substrate":"Buried Shell","lease_number":null,"poll_year":2024}},{"type":"Feature","id":"438ac28d-0f85-4bf6-860b-f50256bed5eb","geometry":{"type":"Point","coordinates":[-94.85709546776016,29.64882043730888]},"properties":{"substrate":"Solid Reef","lease_number":null,"poll_year":2025}},{"type":"Feature","id":"438e3bf2-e74a-4bfa-95f1-5818f0fb00ae","geometry":{"type":"Point","coordinates":[-94.86404180028909,29.640641482651542]},"properties":{"substrate":"Buried Shell","lease_number":null,"poll_year":2024}},{"type":"Feature","id":"43971944-78eb-43e0-b1f3-829ccf402ec0","geometry":{"type":"Point","coordinates":[-94.85647884977611,29.647608167310587]},"properties":{"substrate":"Solid Reef","lease_number":null,"poll_year":2024}},{"type":"Feature","id":"4398fe20-d0e8-418b-a599-f934d501e7ff","geometry":{"type":"Point","coordinates":[-94.87461681632276,29.612463682944377]},"properties":{"substrate":"Solid Reef","lease_number":null,"poll_year":2024}},{"type":"Feature","id":"43cbef21-7210-4828-bdc6-ddab47b60a7f","geometry":{"type":"Point","coordinates":[-94.87451070013488,29.613469316718106]},"properties":{"substrate":"Mud","lease_number":null,"poll_year":2023}},{"type":"Feature","id":"43cee7b9-a8fc-400e-bfdb-2e0384621f23","geometry":{"type":"Point","coordinates":[-94.86355138841591,29.637899829695947]},"properties":{"substrate":"Solid Reef","lease_number":null,"poll_year":2025}},{"type":"Feature","id":"43dacc70-496a-4f03-98fe-7b28ab275cab","geometry":{"type":"Point","coordinates":[-94.85914885031133,29.65048209986745]},"properties":{"substrate":"Mud","lease_number":null,"poll_year":2024}},{"type":"Feature","id":"44132e5d-a881-47a8-8d4e-34d24328d254","geometry":{"type":"Point","coordinates":[-94.8665626131135,29.640257612242603]},"properties":{"substrate":"Mud","lease_number":null,"poll_year":2025}},{"type":"Feature","id":"4417f870-89cb-4fd5-b748-dd9b03cd916f","geometry":{"type":"Point","coordinates":[-94.86341442138622,29.636731005214838]},"properties":{"substrate":"Mud","lease_number":null,"poll_year":2025}},{"type":"Feature","id":"44377cd8-5f0c-47b6-a1a7-3a1ad9cc843c","geometry":{"type":"Point","coordinates":[-94.872988866907,29.613295367384342]},"properties":{"substrate":"Mud","lease_number":null,"poll_year":2024}},{"type":"Feature","id":"445783f1-c278-4867-b063-48559409b2e1","geometry":{"type":"Point","coordinates":[-94.86615020015984,29.63964091635189]},"properties":{"substrate":"Buried Shell","lease_number":null,"poll_year":2024}},{"type":"Feature","id":"44809055-6f57-4477-b272-2b195efec274","geometry":{"type":"Point","coordinates":[-94.85752029543107,29.648090053380226]},"properties":{"substrate":"Solid Reef","lease_number":null,"poll_year":2025}},{"type":"Feature","id":"448bff11-9e73-43f2-9481-aaa76f34ca3b","geometry":{"type":"Point","coordinates":[-94.86662640068519,29.638047731708614]},"properties":{"substrate":"Solid Reef","lease_number":null,"poll_year":2025}},{"type":"Feature","id":"44e329f5-e79f-4c08-9418-7c466a2f2c61","geometry":{"type":"Point","coordinates":[-94.85507299983118,29.646949900346062]},"properties":{"substrate":"Buried Shell","lease_number":null,"poll_year":2024}},{"type":"Feature","id":"44e720f5-c84c-44a0-9fa1-966cb704855c","geometry":{"type":"Point","coordinates":[-94.86538243074773,29.6407775458084]},"properties":{"substrate":"Buried Shell","lease_number":null,"poll_year":2025}},{"type":"Feature","id":"44eb48f2-6d93-43b6-8110-84c53ae69548","geometry":{"type":"Point","coordinates":[-94.86657225023988,29.636741799718525]},"properties":{"substrate":"Mud","lease_number":null,"poll_year":2024}},{"type":"Feature","id":"451244db-ee83-415e-9a73-f842dc6add7a","geometry":{"type":"Point","coordinates":[-94.87392060041799,29.612572016306853]},"properties":{"substrate":"Solid Reef","lease_number":null,"poll_year":2023}},{"type":"Feature","id":"453ab66a-0311-4b5d-a2a5-11a1024e8566","geometry":{"type":"Point","coordinates":[-94.85700201691947,29.646899283345004]},"properties":{"substrate":"Solid Reef","lease_number":null,"poll_year":2024}},{"type":"Feature","id":"454e6aa1-901c-4586-80a1-6df6ab2d63e3","geometry":{"type":"Point","coordinates":[-94.85872331656462,29.648079417015463]},"properties":{"substrate":"Buried Shell","lease_number":null,"poll_year":2023}},{"type":"Feature","id":"4555ce1b-8ea0-4196-b143-44b4f1ce7fd0","geometry":{"type":"Point","coordinates":[-94.86397378344904,29.640520699694793]},"properties":{"substrate":"Mud","lease_number":null,"poll_year":2024}},{"type":"Feature","id":"457512d1-3aeb-476d-af7a-936cd68188df","geometry":{"type":"Point","coordinates":[-94.85771281787117,29.649051840304054]},"properties":{"substrate":"Solid Reef","lease_number":null,"poll_year":2025}},{"type":"Feature","id":"457b7d13-d90b-479d-ac1d-ae60ab2b0d79","geometry":{"type":"Point","coordinates":[-94.86508870141277,29.640363567954683]},"properties":{"substrate":"Buried Shell","lease_number":null,"poll_year":2025}},{"type":"Feature","id":"4582fa2b-c1ee-4c7d-aee5-c7adbf199d5e","geometry":{"type":"Point","coordinates":[-94.8759292163253,29.612167317026834]},"properties":{"substrate":"Mud","lease_number":null,"poll_year":2024}},{"type":"Feature","id":"458ad530-5ffd-461a-a5c7-15e281c17586","geometry":{"type":"Point","coordinates":[-94.85953816668074,29.649669917372623]},"properties":{"substrate":"Buried Shell","lease_number":null,"poll_year":2024}},{"type":"Feature","id":"45a83325-bba8-41d9-be98-30c5b6d0250b","geometry":{"type":"Point","coordinates":[-94.85861369964208,29.64882860033094]},"properties":{"substrate":"Solid Reef","lease_number":null,"poll_year":2024}},{"type":"Feature","id":"45b549b6-80d4-4c03-a329-b7f60f005ae0","geometry":{"type":"Point","coordinates":[-94.86645078992862,29.636440404248127]},"properties":{"substrate":"Mud","lease_number":null,"poll_year":2025}},{"type":"Feature","id":"45e7e9fc-86f0-464a-bb92-94782ed1b74e","geometry":{"type":"Point","coordinates":[-94.86546926639467,29.637197817056965]},"properties":{"substrate":"Solid Reef","lease_number":null,"poll_year":2023}},{"type":"Feature","id":"45edda53-97bf-40d3-a750-057115b0897a","geometry":{"type":"Point","coordinates":[-94.85684336276219,29.646548213761424]},"properties":{"substrate":"Buried Shell","lease_number":null,"poll_year":2025}},{"type":"Feature","id":"460685ac-d6d1-4042-a014-d8ddbe049a65","geometry":{"type":"Point","coordinates":[-94.86715260682918,29.63986854433516]},"properties":{"substrate":"Mud","lease_number":null,"poll_year":2025}},{"type":"Feature","id":"460d06a3-8369-426a-b900-08e0ce93a270","geometry":{"type":"Point","coordinates":[-94.87433561399443,29.613569030154807]},"properties":{"substrate":"Mud","lease_number":null,"poll_year":2025}},{"type":"Feature","id":"460f463c-5c25-46e4-ab4d-f0d442a9c258","geometry":{"type":"Point","coordinates":[-94.86482948355439,29.640380549652953]},"properties":{"substrate":"Scattered Shell","lease_number":null,"poll_year":2023}},{"type":"Feature","id":"46197c1e-335f-4024-9b50-ba841258bb2e","geometry":{"type":"Point","coordinates":[-94.87458306661753,29.61234689998974]},"properties":{"substrate":"Buried Shell","lease_number":null,"poll_year":2024}},{"type":"Feature","id":"462c31a0-ac5e-40b2-9bb3-be68a186e0f9","geometry":{"type":"Point","coordinates":[-94.85780654988456,29.64898729977908]},"properties":{"substrate":"Solid Reef","lease_number":null,"poll_year":2024}},{"type":"Feature","id":"4634c411-3142-4091-8e3e-5e88b50bd65f","geometry":{"type":"Point","coordinates":[-94.86666386672076,29.639376749911758]},"properties":{"substrate":"Solid Reef","lease_number":null,"poll_year":2024}},{"type":"Feature","id":"464078e9-8526-4628-b5b9-9935b0c1b4ba","geometry":{"type":"Point","coordinates":[-94.85716979885835,29.650627318908327]},"properties":{"substrate":"Mud","lease_number":null,"poll_year":2025}},{"type":"Feature","id":"46445737-5adf-4340-9b18-4b1ac4a1dc9a","geometry":{"type":"Point","coordinates":[-94.85880171703104,29.649724783085343]},"properties":{"substrate":"Buried Shell","lease_number":null,"poll_year":2024}},{"type":"Feature","id":"464add11-62d8-4074-959c-b8b7bb978681","geometry":{"type":"Point","coordinates":[-94.8660324498907,29.639977799994014]},"properties":{"substrate":"Solid Reef","lease_number":null,"poll_year":2024}},{"type":"Feature","id":"466d0476-8807-4ab5-a1b6-2ed26ba7411f","geometry":{"type":"Point","coordinates":[-94.85651127356796,29.649947134983726]},"properties":{"substrate":"Mud","lease_number":null,"poll_year":2025}},{"type":"Feature","id":"467c6c1a-9434-40c9-8c23-782f5f9bcaf4","geometry":{"type":"Point","coordinates":[-94.85892168344397,29.64735789973941]},"properties":{"substrate":"Mud","lease_number":null,"poll_year":2024}},{"type":"Feature","id":"4689148c-74cc-40d4-8dc0-b42db1e6d6b5","geometry":{"type":"Point","coordinates":[-94.86412481540111,29.6357450783885]},"properties":{"substrate":"Mud","lease_number":null,"poll_year":2025}},{"type":"Feature","id":"46bc2e94-98cd-413f-9c75-bbbc6857d871","geometry":{"type":"Point","coordinates":[-94.85860533093688,29.648633420698737]},"properties":{"substrate":"Solid Reef","lease_number":null,"poll_year":2025}},{"type":"Feature","id":"46d2ba1f-f7df-4d9c-9596-5be2f3f6dd0c","geometry":{"type":"Point","coordinates":[-94.87250208332925,29.61217671697796]},"properties":{"substrate":"Mud","lease_number":null,"poll_year":2024}},{"type":"Feature","id":"46e957c0-c321-432b-94a8-807861c0080d","geometry":{"type":"Point","coordinates":[-94.86471420095734,29.641425382364968]},"properties":{"substrate":"Mud","lease_number":null,"poll_year":2025}},{"type":"Feature","id":"471394f0-f669-4c70-ab1c-a5a055a9766a","geometry":{"type":"Point","coordinates":[-94.86580102231395,29.639023409359677]},"properties":{"substrate":"Solid Reef","lease_number":null,"poll_year":2025}},{"type":"Feature","id":"47150cee-dc63-40b5-8c74-b4a26b70a59c","geometry":{"type":"Point","coordinates":[-94.87389480619292,29.613808928355372]},"properties":{"substrate":"Mud","lease_number":null,"poll_year":2025}},{"type":"Feature","id":"4725f456-7593-47b5-85eb-d44303da51a3","geometry":{"type":"Point","coordinates":[-94.85614951661316,29.648084966287545]},"properties":{"substrate":"Buried Shell","lease_number":null,"poll_year":2023}},{"type":"Feature","id":"47312713-71e4-47da-ab1f-e07cbfe83803","geometry":{"type":"Point","coordinates":[-94.85801679608522,29.648920057985784]},"properties":{"substrate":"Solid Reef","lease_number":null,"poll_year":2025}},{"type":"Feature","id":"473c4ba7-386e-41d1-9f2a-4df28c6db6a3","geometry":{"type":"Point","coordinates":[-94.86682582039006,29.635884158935884]},"properties":{"substrate":"Mud","lease_number":null,"poll_year":2025}},{"type":"Feature","id":"4765ceb4-71dc-4872-8938-5c73e5f9476e","geometry":{"type":"Point","coordinates":[-94.85584075037865,29.647531233615695]},"properties":{"substrate":"Solid Reef","lease_number":null,"poll_year":2024}},{"type":"Feature","id":"478698ff-7f2c-4b35-bd9f-357c08555198","geometry":{"type":"Point","coordinates":[-94.86396438257957,29.636960173255613]},"properties":{"substrate":"Mud","lease_number":null,"poll_year":2025}},{"type":"Feature","id":"479be052-01b7-4419-88b5-63cf2990476d","geometry":{"type":"Point","coordinates":[-94.87434660039035,29.612567284329465]},"properties":{"substrate":"Solid Reef","lease_number":null,"poll_year":2023}},{"type":"Feature","id":"47b04491-6b07-4c5b-bd2b-e8edfc903c28","geometry":{"type":"Point","coordinates":[-94.86602593440995,29.638720816754176]},"properties":{"substrate":"Solid Reef","lease_number":null,"poll_year":2024}},{"type":"Feature","id":"47e2ae4d-eec1-417a-8bb0-e668a180b038","geometry":{"type":"Point","coordinates":[-94.85610087823042,29.64977145771814]},"properties":{"substrate":"Mud","lease_number":null,"poll_year":2025}},{"type":"Feature","id":"48260299-1965-468c-ae67-4853687c3a2b","geometry":{"type":"Point","coordinates":[-94.8571956918981,29.646890135682074]},"properties":{"substrate":"Solid Reef","lease_number":null,"poll_year":2025}},{"type":"Feature","id":"4839f3cd-ef0f-427c-9e42-bc212a924d1c","geometry":{"type":"Point","coordinates":[-94.8625943646347,29.638381302352293]},"properties":{"substrate":"Solid Reef","lease_number":null,"poll_year":2025}},{"type":"Feature","id":"48938480-364d-48ad-a4aa-79479c525b3e","geometry":{"type":"Point","coordinates":[-94.86671916700963,29.63627839785644]},"properties":{"substrate":"Mud","lease_number":null,"poll_year":2025}},{"type":"Feature","id":"48b0b22d-2067-493b-bd9f-11799b562a43","geometry":{"type":"Point","coordinates":[-94.86366830774341,29.63883834133419]},"properties":{"substrate":"Mud","lease_number":null,"poll_year":2025}},{"type":"Feature","id":"48bbab23-b1b0-43b3-9e82-27c5c5a9798b","geometry":{"type":"Point","coordinates":[-94.85681802667793,29.650511057972743]},"properties":{"substrate":"Mud","lease_number":null,"poll_year":2025}},{"type":"Feature","id":"48f5d4d8-2b83-438d-8b25-d54539003df7","geometry":{"type":"Point","coordinates":[-94.85765395037231,29.649666216875254]},"properties":{"substrate":"Scattered Shell","lease_number":null,"poll_year":2023}},{"type":"Feature","id":"49084d68-4d18-4bdf-a766-210e006023db","geometry":{"type":"Point","coordinates":[-94.86441569887326,29.639492560706856]},"properties":{"substrate":"Solid Reef","lease_number":null,"poll_year":2025}},{"type":"Feature","id":"49287b9e-4212-46a8-a2f7-ad3dd77b47ee","geometry":{"type":"Point","coordinates":[-94.85489000941455,29.646954807150582]},"properties":{"substrate":"Mud","lease_number":null,"poll_year":2025}},{"type":"Feature","id":"493348de-378f-43aa-87df-20b8edca8cdd","geometry":{"type":"Point","coordinates":[-94.85933941622075,29.64824055032691]},"properties":{"substrate":"Buried Shell","lease_number":null,"poll_year":2024}},{"type":"Feature","id":"49338e76-4d53-4310-a306-97ef90adf5d7","geometry":{"type":"Point","coordinates":[-94.8674780655583,29.63916032418848]},"properties":{"substrate":"Mud","lease_number":null,"poll_year":2025}},{"type":"Feature","id":"49437fe5-5a8b-4e22-a1e6-8125cd70930f","geometry":{"type":"Point","coordinates":[-94.85524206366597,29.646343814072353]},"properties":{"substrate":"Mud","lease_number":null,"poll_year":2025}},{"type":"Feature","id":"498c1cdd-2e92-4fdc-a09d-c6baaaadff1a","geometry":{"type":"Point","coordinates":[-94.86744969855826,29.63969277374667]},"properties":{"substrate":"Mud","lease_number":null,"poll_year":2025}},{"type":"Feature","id":"49b2c991-8d52-4bb0-b35f-b5263cceaae5","geometry":{"type":"Point","coordinates":[-94.85561320442223,29.64684889819151]},"properties":{"substrate":"Buried Shell","lease_number":null,"poll_year":2025}},{"type":"Feature","id":"49c87a55-3816-40e9-bd2a-36a48ec914c4","geometry":{"type":"Point","coordinates":[-94.85662323329677,29.65001938267474]},"properties":{"substrate":"Buried Shell","lease_number":null,"poll_year":2024}},{"type":"Feature","id":"49e8dbd6-7d0b-4d4d-9212-2b4ec551d495","geometry":{"type":"Point","coordinates":[-94.85756312261223,29.650426873888925]},"properties":{"substrate":"Mud","lease_number":null,"poll_year":2025}},{"type":"Feature","id":"49fbe96e-5bd4-4fcf-a9ab-846266682430","geometry":{"type":"Point","coordinates":[-94.86675261757587,29.63978113691193]},"properties":{"substrate":"Buried Shell","lease_number":null,"poll_year":2025}},{"type":"Feature","id":"49fe027d-0296-4baa-b312-87eb4c325622","geometry":{"type":"Point","coordinates":[-94.87243612003796,29.61360904967336]},"properties":{"substrate":"Mud","lease_number":null,"poll_year":2025}},{"type":"Feature","id":"4a10a2db-eeab-4d0c-8488-a6c951e2ce3f","geometry":{"type":"Point","coordinates":[-94.87315321458652,29.613829477331205]},"properties":{"substrate":"Mud","lease_number":null,"poll_year":2025}},{"type":"Feature","id":"4a36faad-c0ce-4ad6-88e6-3b37bf5fe7f9","geometry":{"type":"Point","coordinates":[-94.8643918503991,29.639457616354683]},"properties":{"substrate":"Solid Reef","lease_number":null,"poll_year":2023}},{"type":"Feature","id":"4a38aa85-f33d-4824-b2e7-1b2fa13c2098","geometry":{"type":"Point","coordinates":[-94.85839301681442,29.648380466926344]},"properties":{"substrate":"Solid Reef","lease_number":null,"poll_year":2024}},{"type":"Feature","id":"4a764a1d-5bed-47dd-9213-380b632a0313","geometry":{"type":"Point","coordinates":[-94.8573965003984,29.64798689995586]},"properties":{"substrate":"Solid Reef","lease_number":null,"poll_year":2024}},{"type":"Feature","id":"4a827280-7a09-4ab7-a9d7-4d541072edd7","geometry":{"type":"Point","coordinates":[-94.85708281678602,29.64824536728724]},"properties":{"substrate":"Solid Reef","lease_number":null,"poll_year":2024}},{"type":"Feature","id":"4a8d91bd-aa18-4812-9f17-4c37babab5a6","geometry":{"type":"Point","coordinates":[-94.85786545690932,29.65100928237976]},"properties":{"substrate":"Mud","lease_number":null,"poll_year":2025}},{"type":"Feature","id":"4ade516f-d628-4882-ba56-d8bb93231b4f","geometry":{"type":"Point","coordinates":[-94.86300693838683,29.639252099033257]},"properties":{"substrate":"Mud","lease_number":null,"poll_year":2025}},{"type":"Feature","id":"4ae44fef-4f10-4cdb-8b31-6832012b0897","geometry":{"type":"Point","coordinates":[-94.87360866492716,29.61178308273024]},"properties":{"substrate":"Solid Reef","lease_number":null,"poll_year":2025}},{"type":"Feature","id":"4aedd898-547a-49d0-9917-92ab66174e3c","geometry":{"type":"Point","coordinates":[-94.85859875796395,29.64715281700715]},"properties":{"substrate":"Mud","lease_number":null,"poll_year":2025}},{"type":"Feature","id":"4b244145-52f7-4b67-97ff-34bac128673e","geometry":{"type":"Point","coordinates":[-94.85926649996914,29.650734116998354]},"properties":{"substrate":"Mud","lease_number":null,"poll_year":2024}},{"type":"Feature","id":"4b321101-2803-4b80-a2f7-41268748122f","geometry":{"type":"Point","coordinates":[-94.85589800809655,29.64722049796189]},"properties":{"substrate":"Buried Shell","lease_number":null,"poll_year":2025}},{"type":"Feature","id":"4b348e7b-2045-4fb8-b45c-d888bff69349","geometry":{"type":"Point","coordinates":[-94.86420462532422,29.637015539356508]},"properties":{"substrate":"Solid Reef","lease_number":null,"poll_year":2025}},{"type":"Feature","id":"4b5b95a6-6765-4f50-ab83-f0487c75b2ea","geometry":{"type":"Point","coordinates":[-94.86562217133415,29.636409251175063]},"properties":{"substrate":"Mud","lease_number":null,"poll_year":2025}},{"type":"Feature","id":"4b728209-3b2b-4b77-b121-6a48a7aac0e0","geometry":{"type":"Point","coordinates":[-94.85689076685975,29.64924979997439]},"properties":{"substrate":"Buried Shell","lease_number":null,"poll_year":2024}},{"type":"Feature","id":"4ba45482-e7a7-4155-9835-b54620f6e2a5","geometry":{"type":"Point","coordinates":[-94.85704702161689,29.6501834951229]},"properties":{"substrate":"Mud","lease_number":null,"poll_year":2025}},{"type":"Feature","id":"4bb019e8-dd77-4bdc-8bc1-823ecfcbb223","geometry":{"type":"Point","coordinates":[-94.87374451175769,29.61335192732827]},"properties":{"substrate":"Buried Shell","lease_number":null,"poll_year":2025}},{"type":"Feature","id":"4bd6b1d2-dbe4-4559-bbf3-4cf203f0983a","geometry":{"type":"Point","coordinates":[-94.87610612514747,29.612332051121825]},"properties":{"substrate":"Mud","lease_number":null,"poll_year":2025}},{"type":"Feature","id":"4be56d8a-2949-415e-9c70-09a583a0ee99","geometry":{"type":"Point","coordinates":[-94.86321685580411,29.63806221528344]},"properties":{"substrate":"Mud","lease_number":null,"poll_year":2025}},{"type":"Feature","id":"4c0dfbfe-c971-45aa-801f-a334633a53dc","geometry":{"type":"Point","coordinates":[-94.85880101634513,29.650034616334594]},"properties":{"substrate":"Buried Shell","lease_number":null,"poll_year":2024}},{"type":"Feature","id":"4c28468d-d8cc-4a13-a8f2-0946adbbab2b","geometry":{"type":"Point","coordinates":[-94.86484154972527,29.640475550295342]},"properties":{"substrate":"Buried Shell","lease_number":null,"poll_year":2024}},{"type":"Feature","id":"4c2b4412-2113-4313-958b-9189421bf75e","geometry":{"type":"Point","coordinates":[-94.85736103221603,29.645123433684557]},"properties":{"substrate":"Mud","lease_number":null,"poll_year":2025}},{"type":"Feature","id":"4c358dec-1387-48d2-8ce7-b591a5c5fbc0","geometry":{"type":"Point","coordinates":[-94.8570163836758,29.64799223297675]},"properties":{"substrate":"Solid Reef","lease_number":null,"poll_year":2023}},{"type":"Feature","id":"4c37d1bc-350a-4e1f-bd6f-a5aa9b289047","geometry":{"type":"Point","coordinates":[-94.85735265003612,29.64612953313729]},"properties":{"substrate":"Buried Shell","lease_number":null,"poll_year":2024}},{"type":"Feature","id":"4c3cea55-758f-4c68-980f-7fbcb0d57514","geometry":{"type":"Point","coordinates":[-94.85488331696568,29.647122450305954]},"properties":{"substrate":"Mud","lease_number":null,"poll_year":2023}},{"type":"Feature","id":"4c4937fb-e708-4c1b-8c37-ce8fb5ae0b1b","geometry":{"type":"Point","coordinates":[-94.87405563337488,29.612553999803684]},"properties":{"substrate":"Solid Reef","lease_number":null,"poll_year":2024}},{"type":"Feature","id":"4c6205b0-eb2e-402e-8cab-968c1b414450","geometry":{"type":"Point","coordinates":[-94.85620458334007,29.646183284346304]},"properties":{"substrate":"Scattered Shell","lease_number":null,"poll_year":2023}},{"type":"Feature","id":"4c9edfd4-fe36-4586-99b9-922642465ff9","geometry":{"type":"Point","coordinates":[-94.87254821631068,29.612328899847057]},"properties":{"substrate":"Buried Shell","lease_number":null,"poll_year":2024}},{"type":"Feature","id":"4cb871e4-dfc5-4758-a3dd-feead01f8a3c","geometry":{"type":"Point","coordinates":[-94.85701626689482,29.64996436566814]},"properties":{"substrate":"Buried Shell","lease_number":null,"poll_year":2024}},{"type":"Feature","id":"4cc9a596-f7ea-498b-b788-1518b6c38ea9","geometry":{"type":"Point","coordinates":[-94.86653331815377,29.639331946663834]},"properties":{"substrate":"Solid Reef","lease_number":null,"poll_year":2025}},{"type":"Feature","id":"4d21308c-5f4c-4af8-8573-47aaf5e00fda","geometry":{"type":"Point","coordinates":[-94.86539349978867,29.63936340021217]},"properties":{"substrate":"Solid Reef","lease_number":null,"poll_year":2024}},{"type":"Feature","id":"4d4353e0-cf1a-4cce-b43c-edd752bb38a1","geometry":{"type":"Point","coordinates":[-94.87539361829502,29.612186764365774]},"properties":{"substrate":"Buried Shell","lease_number":null,"poll_year":2025}},{"type":"Feature","id":"4d77cf87-f54a-4892-b6cc-3dbd897c02f4","geometry":{"type":"Point","coordinates":[-94.86766698305918,29.63924954979815]},"properties":{"substrate":"Mud","lease_number":null,"poll_year":2024}},{"type":"Feature","id":"4d7d4df4-6472-42c7-8631-27d29cea6607","geometry":{"type":"Point","coordinates":[-94.86768605788592,29.639267970655073]},"properties":{"substrate":"Mud","lease_number":null,"poll_year":2025}},{"type":"Feature","id":"4d9b5cc5-dfcd-4ea8-848e-d71833da65de","geometry":{"type":"Point","coordinates":[-94.8568678373621,29.648371748786197]},"properties":{"substrate":"Solid Reef","lease_number":null,"poll_year":2025}},{"type":"Feature","id":"4da8a60a-7921-4450-87e2-7259c2237452","geometry":{"type":"Point","coordinates":[-94.85807511740842,29.64907053183191]},"properties":{"substrate":"Solid Reef","lease_number":null,"poll_year":2025}},{"type":"Feature","id":"4dd05dcf-b743-4f88-8f92-b99e092c1e39","geometry":{"type":"Point","coordinates":[-94.86596759961203,29.63977738295853]},"properties":{"substrate":"Solid Reef","lease_number":null,"poll_year":2024}},{"type":"Feature","id":"4dd50977-a0fd-4bda-b359-04228212b05d","geometry":{"type":"Point","coordinates":[-94.85714231669886,29.647981115685017]},"properties":{"substrate":"Solid Reef","lease_number":null,"poll_year":2024}},{"type":"Feature","id":"4df46105-5d0f-4bff-905b-491211779bdf","geometry":{"type":"Point","coordinates":[-94.86579859955762,29.63747206687299]},"properties":{"substrate":"Solid Reef","lease_number":null,"poll_year":2024}},{"type":"Feature","id":"4dfc5b03-7f6f-4d4c-ba03-55c371077a34","geometry":{"type":"Point","coordinates":[-94.85559991474591,29.64840828814848]},"properties":{"substrate":"Mud","lease_number":null,"poll_year":2025}},{"type":"Feature","id":"4dfe5705-598a-4734-b870-bb952a9c1af0","geometry":{"type":"Point","coordinates":[-94.85653349159989,29.64695574010705]},"properties":{"substrate":"Buried Shell","lease_number":null,"poll_year":2025}},{"type":"Feature","id":"4e1548a4-32c3-43bd-901a-4c94008cbe33","geometry":{"type":"Point","coordinates":[-94.85662765839785,29.646396526807994]},"properties":{"substrate":"Buried Shell","lease_number":null,"poll_year":2025}},{"type":"Feature","id":"4e2c7718-33f5-458b-8743-8d4c8285e02e","geometry":{"type":"Point","coordinates":[-94.86265801656081,29.63888110384461]},"properties":{"substrate":"Mud","lease_number":null,"poll_year":2025}},{"type":"Feature","id":"4e58fdac-c6eb-4469-959a-2ac27bd09bdb","geometry":{"type":"Point","coordinates":[-94.86530521785411,29.64004735337473]},"properties":{"substrate":"Solid Reef","lease_number":null,"poll_year":2025}},{"type":"Feature","id":"4e6825ff-6111-4d05-a874-84d1ad9d0ff5","geometry":{"type":"Point","coordinates":[-94.85889080026281,29.64830695019212]},"properties":{"substrate":"Buried Shell","lease_number":null,"poll_year":2023}},{"type":"Feature","id":"4e880c9c-df42-4051-bcd9-bb1ba05ba1be","geometry":{"type":"Point","coordinates":[-94.85574433869078,29.647189085903893]},"properties":{"substrate":"Buried Shell","lease_number":null,"poll_year":2025}},{"type":"Feature","id":"4e9b38ae-f7d7-4c22-ab41-8adcf1885688","geometry":{"type":"Point","coordinates":[-94.85719495438124,29.64633455705795]},"properties":{"substrate":"Buried Shell","lease_number":null,"poll_year":2025}},{"type":"Feature","id":"4ea77c95-2fc4-4024-99d4-2a98bccd9d62","geometry":{"type":"Point","coordinates":[-94.86384816663296,29.639047149698683]},"properties":{"substrate":"Mud","lease_number":null,"poll_year":2023}},{"type":"Feature","id":"4eb7b909-7895-458a-a7c8-c641d25cf094","geometry":{"type":"Point","coordinates":[-94.87452447400312,29.61177218480471]},"properties":{"substrate":"Solid Reef","lease_number":null,"poll_year":2025}},{"type":"Feature","id":"4ed3b4a8-5da3-4461-adfa-c438ffd004ac","geometry":{"type":"Point","coordinates":[-94.85684286689217,29.646607233041397]},"properties":{"substrate":"Buried Shell","lease_number":null,"poll_year":2023}},{"type":"Feature","id":"4edd9d19-d8cf-4913-b40e-ed99eba6c413","geometry":{"type":"Point","coordinates":[-94.87333846696107,29.6116984999898]},"properties":{"substrate":"Solid Reef","lease_number":null,"poll_year":2023}},{"type":"Feature","id":"4ee99d52-33e9-46ad-a096-819735bf75e6","geometry":{"type":"Point","coordinates":[-94.86437163022036,29.641245410096356]},"properties":{"substrate":"Mud","lease_number":null,"poll_year":2025}},{"type":"Feature","id":"4ef564fc-4c66-45f8-81dd-e07d18b41c2c","geometry":{"type":"Point","coordinates":[-94.86420919505406,29.639068992741944]},"properties":{"substrate":"Buried Shell","lease_number":null,"poll_year":2025}},{"type":"Feature","id":"4f2bcdda-8bc6-40f3-80ac-87ac7d9c099c","geometry":{"type":"Point","coordinates":[-94.85770673358178,29.64675393323007]},"properties":{"substrate":"Buried Shell","lease_number":null,"poll_year":2024}},{"type":"Feature","id":"4f314d51-ca45-4743-a80f-7e6c0499d190","geometry":{"type":"Point","coordinates":[-94.87335316699237,29.612194533616094]},"properties":{"substrate":"Solid Reef","lease_number":null,"poll_year":2023}},{"type":"Feature","id":"4f3ce0b8-f217-4aac-850a-c03fa99ea1b3","geometry":{"type":"Point","coordinates":[-94.87526541702587,29.612542467021978]},"properties":{"substrate":"Buried Shell","lease_number":null,"poll_year":2024}},{"type":"Feature","id":"4f65f13d-3ab2-49a9-8fed-e6b4bc02e0a4","geometry":{"type":"Point","coordinates":[-94.87541521559108,29.612619332944124]},"properties":{"substrate":"Mud","lease_number":null,"poll_year":2024}},{"type":"Feature","id":"4f6aaa66-79b7-4a62-8902-4c85074521d7","geometry":{"type":"Point","coordinates":[-94.86414883365686,29.64035058300447]},"properties":{"substrate":"Mud","lease_number":null,"poll_year":2024}},{"type":"Feature","id":"4f7df508-1ee7-4373-b805-96ef18950831","geometry":{"type":"Point","coordinates":[-94.85773078058361,29.648203495637063]},"properties":{"substrate":"Solid Reef","lease_number":null,"poll_year":2025}},{"type":"Feature","id":"4f89c7a4-b6d4-43be-a8c1-96fc671f549d","geometry":{"type":"Point","coordinates":[-94.85771418780197,29.644628713750535]},"properties":{"substrate":"Mud","lease_number":null,"poll_year":2025}},{"type":"Feature","id":"4fb136cd-b024-44f6-9060-83b033e215a1","geometry":{"type":"Point","coordinates":[-94.87362633299217,29.61340760005082]},"properties":{"substrate":"Buried Shell","lease_number":null,"poll_year":2024}},{"type":"Feature","id":"4fb1b931-7b0d-49f0-9d84-1dae303f6140","geometry":{"type":"Point","coordinates":[-94.85765974989579,29.64753796569696]},"properties":{"substrate":"Solid Reef","lease_number":null,"poll_year":2023}},{"type":"Feature","id":"4fc097fe-c921-476a-8ad2-af1c558c212f","geometry":{"type":"Point","coordinates":[-94.85658502704942,29.649038855693686]},"properties":{"substrate":"Mud","lease_number":null,"poll_year":2025}},{"type":"Feature","id":"4fd9fd7d-3d07-4b57-926d-5ec725789809","geometry":{"type":"Point","coordinates":[-94.86585844981342,29.638977233345894]},"properties":{"substrate":"Solid Reef","lease_number":null,"poll_year":2023}},{"type":"Feature","id":"4fe231f4-b9cf-4c75-8215-7d0575086de2","geometry":{"type":"Point","coordinates":[-94.87460784664465,29.612305643670403]},"properties":{"substrate":"Solid Reef","lease_number":null,"poll_year":2025}},{"type":"Feature","id":"4fefbf14-7177-42d9-9f15-bd18abb43bfb","geometry":{"type":"Point","coordinates":[-94.86289245439207,29.63822688284178]},"properties":{"substrate":"Mud","lease_number":null,"poll_year":2025}},{"type":"Feature","id":"500f062a-28d5-4c27-9ed9-52a5eea0a5c6","geometry":{"type":"Point","coordinates":[-94.8642456837226,29.637488450192876]},"properties":{"substrate":"Buried Shell","lease_number":null,"poll_year":2024}},{"type":"Feature","id":"501fe767-aa42-42f3-843c-b9cdc0057081","geometry":{"type":"Point","coordinates":[-94.85809288338979,29.645413983047902]},"properties":{"substrate":"Mud","lease_number":null,"poll_year":2023}},{"type":"Feature","id":"50439f87-f1c1-462e-9ad4-d11b6226ed92","geometry":{"type":"Point","coordinates":[-94.87296134971321,29.61315926632605]},"properties":{"substrate":"Mud","lease_number":null,"poll_year":2024}},{"type":"Feature","id":"5059029f-bb82-4631-9dbf-19c6b150040f","geometry":{"type":"Point","coordinates":[-94.87292974428657,29.613388087345335]},"properties":{"substrate":"Buried Shell","lease_number":null,"poll_year":2025}},{"type":"Feature","id":"50616214-a39c-4e62-8e05-041cd1dcaed7","geometry":{"type":"Point","coordinates":[-94.86397190327514,29.638656073630152]},"properties":{"substrate":"Solid Reef","lease_number":null,"poll_year":2025}},{"type":"Feature","id":"5061bedf-4069-4c1d-9ff9-0e97b665899c","geometry":{"type":"Point","coordinates":[-94.8558523260694,29.650200104336356]},"properties":{"substrate":"Mud","lease_number":null,"poll_year":2025}},{"type":"Feature","id":"506b0a38-44be-4d25-99c6-a6453016f2f2","geometry":{"type":"Point","coordinates":[-94.85871035028181,29.648356000389562]},"properties":{"substrate":"Solid Reef","lease_number":null,"poll_year":2024}},{"type":"Feature","id":"506e8c44-916b-4b48-a6dc-773634713299","geometry":{"type":"Point","coordinates":[-94.85753338298643,29.650128433706502]},"properties":{"substrate":"Buried Shell","lease_number":null,"poll_year":2024}},{"type":"Feature","id":"50755056-54f5-493b-baf5-3484f0ef16b9","geometry":{"type":"Point","coordinates":[-94.87366318368176,29.612068700271507]},"properties":{"substrate":"Solid Reef","lease_number":null,"poll_year":2023}},{"type":"Feature","id":"50940895-3c76-407c-8bb5-d77c24fb5811","geometry":{"type":"Point","coordinates":[-94.85895273371177,29.64865768262379]},"properties":{"substrate":"Solid Reef","lease_number":null,"poll_year":2024}},{"type":"Feature","id":"50a0bea3-a97a-4c31-8d08-281e561d6743","geometry":{"type":"Point","coordinates":[-94.85526014315936,29.64736055104267]},"properties":{"substrate":"Mud","lease_number":null,"poll_year":2025}},{"type":"Feature","id":"50d12f76-f914-46bc-aaa3-5a99c4149f44","geometry":{"type":"Point","coordinates":[-94.87562182720812,29.612269933893707]},"properties":{"substrate":"Buried Shell","lease_number":null,"poll_year":2025}},{"type":"Feature","id":"50dbbaf3-1bc8-4d64-bd8a-7b60cc4692f3","geometry":{"type":"Point","coordinates":[-94.85852651544882,29.64610921169392]},"properties":{"substrate":"Mud","lease_number":null,"poll_year":2025}},{"type":"Feature","id":"5101e049-bc0e-4900-abe7-86f1fc932819","geometry":{"type":"Point","coordinates":[-94.85717643291673,29.650375284334835]},"properties":{"substrate":"Mud","lease_number":null,"poll_year":2024}},{"type":"Feature","id":"5127311a-aa1c-4ac3-bce1-426e6dcef9f0","geometry":{"type":"Point","coordinates":[-94.85885984970801,29.649484366928498]},"properties":{"substrate":"Buried Shell","lease_number":null,"poll_year":2023}},{"type":"Feature","id":"512c6f28-0b4a-45a1-be0b-4c2eaaac9b17","geometry":{"type":"Point","coordinates":[-94.87543106636429,29.612154683010004]},"properties":{"substrate":"Buried Shell","lease_number":null,"poll_year":2024}},{"type":"Feature","id":"513a61e5-c32c-485b-8074-be7926747969","geometry":{"type":"Point","coordinates":[-94.86554234074978,29.637677612031766]},"properties":{"substrate":"Solid Reef","lease_number":null,"poll_year":2025}},{"type":"Feature","id":"5144c580-14b1-40c8-a2ae-6b5ae9ea81a6","geometry":{"type":"Point","coordinates":[-94.8673612333674,29.639245011925418]},"properties":{"substrate":"Mud","lease_number":null,"poll_year":2025}},{"type":"Feature","id":"51d233da-6859-4954-86e0-3d8a8577931d","geometry":{"type":"Point","coordinates":[-94.86256343294453,29.63859910002136]},"properties":{"substrate":"Buried Shell","lease_number":null,"poll_year":2024}},{"type":"Feature","id":"5213a64b-3c60-477a-86dc-5b9183f8a885","geometry":{"type":"Point","coordinates":[-94.87530414968599,29.612245749892406]},"properties":{"substrate":"Buried Shell","lease_number":null,"poll_year":2024}},{"type":"Feature","id":"5227fd75-a90f-4d72-8997-40ae0dc17a57","geometry":{"type":"Point","coordinates":[-94.85805226696255,29.648357633626095]},"properties":{"substrate":"Solid Reef","lease_number":null,"poll_year":2024}},{"type":"Feature","id":"522b12b8-0186-4271-b7bc-8a14b5a506d5","geometry":{"type":"Point","coordinates":[-94.86775334978554,29.639764881230914]},"properties":{"substrate":"Mud","lease_number":null,"poll_year":2025}},{"type":"Feature","id":"522ef642-bd15-49e0-92f0-88b2d64432ea","geometry":{"type":"Point","coordinates":[-94.85717784776328,29.650134545744574]},"properties":{"substrate":"Mud","lease_number":null,"poll_year":2025}},{"type":"Feature","id":"524080e8-835c-4e0c-b63b-e249ca7fbfc8","geometry":{"type":"Point","coordinates":[-94.86395322011386,29.641460239369906]},"properties":{"substrate":"Buried Shell","lease_number":null,"poll_year":2025}},{"type":"Feature","id":"524bea33-9f13-4c3d-9dc7-7a99e8438937","geometry":{"type":"Point","coordinates":[-94.8565910736096,29.648504690388]},"properties":{"substrate":"Buried Shell","lease_number":null,"poll_year":2025}},{"type":"Feature","id":"525d7cbc-1b36-4999-b5f0-8521295e84c7","geometry":{"type":"Point","coordinates":[-94.85830941689913,29.648273266617352]},"properties":{"substrate":"Solid Reef","lease_number":null,"poll_year":2023}},{"type":"Feature","id":"52921285-aaac-4ee0-8c3e-215be37dd2c4","geometry":{"type":"Point","coordinates":[-94.85791467560374,29.647003604274094]},"properties":{"substrate":"Solid Reef","lease_number":null,"poll_year":2025}},{"type":"Feature","id":"52b1d813-829f-46f1-b3f4-a53dea4773c1","geometry":{"type":"Point","coordinates":[-94.85804849942824,29.645295580795693]},"properties":{"substrate":"Mud","lease_number":null,"poll_year":2025}},{"type":"Feature","id":"52bd8e05-6980-4f19-b25b-54c77223ea2f","geometry":{"type":"Point","coordinates":[-94.85737001626718,29.64939873301094]},"properties":{"substrate":"Scattered Shell","lease_number":null,"poll_year":2023}},{"type":"Feature","id":"52ccf44e-318b-47cb-ba2e-ccd6dc9e39d3","geometry":{"type":"Point","coordinates":[-94.86510418297838,29.636096033384586]},"properties":{"substrate":"Mud","lease_number":null,"poll_year":2024}},{"type":"Feature","id":"52d0a06f-9eaa-4fbd-851e-98a5c614fd1c","geometry":{"type":"Point","coordinates":[-94.8647581375579,29.63871934966753]},"properties":{"substrate":"Solid Reef","lease_number":null,"poll_year":2025}},{"type":"Feature","id":"52df0686-d325-4bc5-9f69-90d2dd3d2ce5","geometry":{"type":"Point","coordinates":[-94.85642346324894,29.649494323938434]},"properties":{"substrate":"Mud","lease_number":null,"poll_year":2025}},{"type":"Feature","id":"5315ca31-c577-47c2-aa40-a71e42218263","geometry":{"type":"Point","coordinates":[-94.86692323369948,29.636977833257077]},"properties":{"substrate":"Mud","lease_number":null,"poll_year":2024}},{"type":"Feature","id":"531b2395-2598-4247-9d1d-2c4705ccbdb2","geometry":{"type":"Point","coordinates":[-94.85745986666022,29.646803450272735]},"properties":{"substrate":"Solid Reef","lease_number":null,"poll_year":2024}},{"type":"Feature","id":"533269fc-3537-4651-85f0-f77b95c3dd3e","geometry":{"type":"Point","coordinates":[-94.86450083311107,29.638299750297563]},"properties":{"substrate":"Solid Reef","lease_number":null,"poll_year":2025}},{"type":"Feature","id":"5332daad-56e5-4808-98ef-372f622e8eee","geometry":{"type":"Point","coordinates":[-94.85831979244067,29.647069944059403]},"properties":{"substrate":"Buried Shell","lease_number":null,"poll_year":2025}},{"type":"Feature","id":"534ec57d-a5b6-405a-91fc-c415a3d51f94","geometry":{"type":"Point","coordinates":[-94.87297824971866,29.614104184372234]},"properties":{"substrate":"Mud","lease_number":null,"poll_year":2024}},{"type":"Feature","id":"5354893c-0b7d-46f7-b844-9db40b9755e6","geometry":{"type":"Point","coordinates":[-94.8637208106785,29.640377824773747]},"properties":{"substrate":"Mud","lease_number":null,"poll_year":2025}},{"type":"Feature","id":"5383e0de-7616-4988-aa13-aeb7b0e4a3f9","geometry":{"type":"Point","coordinates":[-94.8600183332681,29.648633666620423]},"properties":{"substrate":"Buried Shell","lease_number":null,"poll_year":2023}},{"type":"Feature","id":"53a61660-2208-4765-8663-45ef418632e2","geometry":{"type":"Point","coordinates":[-94.86480013469574,29.63892084706459]},"properties":{"substrate":"Buried Shell","lease_number":null,"poll_year":2025}},{"type":"Feature","id":"53f1b760-8964-4f63-b315-7fe9282eb762","geometry":{"type":"Point","coordinates":[-94.87438890026044,29.61362950028711]},"properties":{"substrate":"Mud","lease_number":null,"poll_year":2023}},{"type":"Feature","id":"54079c18-9f01-4288-b0fe-8c10b01f34c8","geometry":{"type":"Point","coordinates":[-94.86320406559109,29.63842438361617]},"properties":{"substrate":"Buried Shell","lease_number":null,"poll_year":2024}},{"type":"Feature","id":"5415c593-c8b2-4732-a78a-146733774252","geometry":{"type":"Point","coordinates":[-94.86624559585312,29.638821887963662]},"properties":{"substrate":"Solid Reef","lease_number":null,"poll_year":2025}},{"type":"Feature","id":"541ddd28-b3ce-441b-8598-1ddb90566419","geometry":{"type":"Point","coordinates":[-94.86497619371164,29.63634141303938]},"properties":{"substrate":"Mud","lease_number":null,"poll_year":2025}},{"type":"Feature","id":"54244722-39c9-4140-a443-b183fe22fab5","geometry":{"type":"Point","coordinates":[-94.85763221743062,29.650094684382395]},"properties":{"substrate":"Mud","lease_number":null,"poll_year":2023}},{"type":"Feature","id":"542a36fb-094c-4ad2-bc1a-439999fcd6fa","geometry":{"type":"Point","coordinates":[-94.8571207670135,29.65019538271392]},"properties":{"substrate":"Mud","lease_number":null,"poll_year":2024}},{"type":"Feature","id":"544e2d73-a0fd-4971-ab6c-68b1039fcffe","geometry":{"type":"Point","coordinates":[-94.87590153204488,29.612987985846836]},"properties":{"substrate":"Mud","lease_number":null,"poll_year":2025}},{"type":"Feature","id":"547dc08a-0fa2-4f11-9950-0da6e8d42d60","geometry":{"type":"Point","coordinates":[-94.86457497825798,29.64060744829042]},"properties":{"substrate":"Buried Shell","lease_number":null,"poll_year":2025}},{"type":"Feature","id":"548d7021-5c6d-4dd8-8948-8c26286948e9","geometry":{"type":"Point","coordinates":[-94.8577787353484,29.649538508255876]},"properties":{"substrate":"Buried Shell","lease_number":null,"poll_year":2025}},{"type":"Feature","id":"548eb512-8cd9-4ecd-9c3b-2c065be8bd91","geometry":{"type":"Point","coordinates":[-94.85848321844874,29.648168117112174]},"properties":{"substrate":"Buried Shell","lease_number":null,"poll_year":2025}},{"type":"Feature","id":"54b1cde4-9573-471f-a5cb-ec66850d0cd6","geometry":{"type":"Point","coordinates":[-94.8576315931015,29.647711461651063]},"properties":{"substrate":"Solid Reef","lease_number":null,"poll_year":2025}},{"type":"Feature","id":"54d06c05-1288-4cbd-b60a-e28b0c6be0b0","geometry":{"type":"Point","coordinates":[-94.8656343246416,29.64012343238041]},"properties":{"substrate":"Solid Reef","lease_number":null,"poll_year":2025}},{"type":"Feature","id":"54dd0026-47fc-4f8a-93f0-def8f86ec840","geometry":{"type":"Point","coordinates":[-94.8591384038029,29.647927427892697]},"properties":{"substrate":"Buried Shell","lease_number":null,"poll_year":2025}},{"type":"Feature","id":"54e95803-2add-4cb3-9a34-31d1b21797a7","geometry":{"type":"Point","coordinates":[-94.86485329519763,29.639747395830526]},"properties":{"substrate":"Solid Reef","lease_number":null,"poll_year":2025}},{"type":"Feature","id":"55173fc6-5ace-42a2-a1d8-2a84f590db40","geometry":{"type":"Point","coordinates":[-94.8650345662388,29.639372784353153]},"properties":{"substrate":"Solid Reef","lease_number":null,"poll_year":2024}},{"type":"Feature","id":"55323e0a-765d-40fe-8650-a9c9fe2f4fa7","geometry":{"type":"Point","coordinates":[-94.86704069201615,29.637441199888393]},"properties":{"substrate":"Mud","lease_number":null,"poll_year":2025}},{"type":"Feature","id":"5542cb00-6d21-4ea4-9aa4-0e662a4dc396","geometry":{"type":"Point","coordinates":[-94.85866649542795,29.646836889194034]},"properties":{"substrate":"Mud","lease_number":null,"poll_year":2025}},{"type":"Feature","id":"5549dc2b-80c8-4420-8ef1-736c28597c55","geometry":{"type":"Point","coordinates":[-94.86550495556259,29.6391330953631]},"properties":{"substrate":"Solid Reef","lease_number":null,"poll_year":2025}},{"type":"Feature","id":"55695773-4238-4013-8abf-e8d0af03c01a","geometry":{"type":"Point","coordinates":[-94.87468226667605,29.61249046678865]},"properties":{"substrate":"Buried Shell","lease_number":null,"poll_year":2024}},{"type":"Feature","id":"55761c4c-f5ae-4af3-8636-41e0bd485dda","geometry":{"type":"Point","coordinates":[-94.85767689963286,29.646638050373024]},"properties":{"substrate":"Buried Shell","lease_number":null,"poll_year":2024}},{"type":"Feature","id":"5581e34a-0ac1-4b99-824f-959831ce9433","geometry":{"type":"Point","coordinates":[-94.86729688255201,29.639469367015177]},"properties":{"substrate":"Mud","lease_number":null,"poll_year":2024}},{"type":"Feature","id":"55969fe6-455d-434a-b9ec-0a086c888e1e","geometry":{"type":"Point","coordinates":[-94.87548641695882,29.612041866332024]},"properties":{"substrate":"Mud","lease_number":null,"poll_year":2024}},{"type":"Feature","id":"559e7720-6ac0-4f86-b475-4582bff436a8","geometry":{"type":"Point","coordinates":[-94.86428974698559,29.638087782886995]},"properties":{"substrate":"Solid Reef","lease_number":null,"poll_year":2025}},{"type":"Feature","id":"55a63c34-00ed-43ac-a28b-bb1aee6665ab","geometry":{"type":"Point","coordinates":[-94.8731091665949,29.6117976497419]},"properties":{"substrate":"Mud","lease_number":null,"poll_year":2023}},{"type":"Feature","id":"55afe647-74ce-492d-97b0-194e248e5c96","geometry":{"type":"Point","coordinates":[-94.87315941026705,29.61327119534373]},"properties":{"substrate":"Buried Shell","lease_number":null,"poll_year":2025}},{"type":"Feature","id":"55ecc69f-e9bb-4871-a9a2-4ba57462f30e","geometry":{"type":"Point","coordinates":[-94.86596844133344,29.63858056114405]},"properties":{"substrate":"Solid Reef","lease_number":null,"poll_year":2025}},{"type":"Feature","id":"56107ecf-43d9-4dbf-8d3c-053827949f87","geometry":{"type":"Point","coordinates":[-94.86310168280153,29.640136542283006]},"properties":{"substrate":"Mud","lease_number":null,"poll_year":2025}},{"type":"Feature","id":"5615436e-2314-45b7-820c-4019c7ead627","geometry":{"type":"Point","coordinates":[-94.85838459960021,29.649018065636533]},"properties":{"substrate":"Solid Reef","lease_number":null,"poll_year":2024}},{"type":"Feature","id":"561fb820-750d-4c3c-b270-0e594e4d263d","geometry":{"type":"Point","coordinates":[-94.85634065025783,29.645789850096847]},"properties":{"substrate":"Mud","lease_number":null,"poll_year":2024}},{"type":"Feature","id":"5620d6f7-4c74-4e6e-8b48-9de61615caeb","geometry":{"type":"Point","coordinates":[-94.85559196555396,29.64699565033595]},"properties":{"substrate":"Buried Shell","lease_number":null,"poll_year":2024}},{"type":"Feature","id":"56255250-eb4b-44c8-90a0-83381ba917cf","geometry":{"type":"Point","coordinates":[-94.85774433256799,29.647548265632082]},"properties":{"substrate":"Solid Reef","lease_number":null,"poll_year":2024}},{"type":"Feature","id":"562a5dd2-24b3-4777-b0fa-7c977808ae4d","geometry":{"type":"Point","coordinates":[-94.86407264394435,29.63688198293331]},"properties":{"substrate":"Mud","lease_number":null,"poll_year":2025}},{"type":"Feature","id":"563b566d-2384-44dd-ad60-64de577c32d6","geometry":{"type":"Point","coordinates":[-94.85813493442656,29.6481027000665]},"properties":{"substrate":"Solid Reef","lease_number":null,"poll_year":2023}},{"type":"Feature","id":"56421413-c369-45ce-a13f-49bc93743d04","geometry":{"type":"Point","coordinates":[-94.86417823821107,29.640698348920722]},"properties":{"substrate":"Mud","lease_number":null,"poll_year":2025}},{"type":"Feature","id":"564db978-fd27-4c6e-a8bb-ee36897c5e82","geometry":{"type":"Point","coordinates":[-94.87359601395303,29.611956217760113]},"properties":{"substrate":"Solid Reef","lease_number":null,"poll_year":2025}},{"type":"Feature","id":"565a2eb6-b198-4e95-8511-6233a47b9c86","geometry":{"type":"Point","coordinates":[-94.86241285194671,29.637726349626995]},"properties":{"substrate":"Mud","lease_number":null,"poll_year":2025}},{"type":"Feature","id":"569f044e-a4bd-4d25-ab7f-7c5392774845","geometry":{"type":"Point","coordinates":[-94.85821455211018,29.648999749615996]},"properties":{"substrate":"Solid Reef","lease_number":null,"poll_year":2025}},{"type":"Feature","id":"56a299b2-7af8-45ce-a846-2b641f60dcd0","geometry":{"type":"Point","coordinates":[-94.86735179117544,29.639988242022117]},"properties":{"substrate":"Mud","lease_number":null,"poll_year":2025}},{"type":"Feature","id":"56a752af-42bf-4131-81da-dfed20528631","geometry":{"type":"Point","coordinates":[-94.87349376680908,29.611920684362946]},"properties":{"substrate":"Solid Reef","lease_number":null,"poll_year":2023}},{"type":"Feature","id":"56b4b65c-232d-4643-a19d-a1a503007b13","geometry":{"type":"Point","coordinates":[-94.86719044386895,29.637368752657714]},"properties":{"substrate":"Mud","lease_number":null,"poll_year":2025}},{"type":"Feature","id":"56c43465-b346-4f44-83c7-a8d0f6585adb","geometry":{"type":"Point","coordinates":[-94.87394190127003,29.61342740405684]},"properties":{"substrate":"Buried Shell","lease_number":null,"poll_year":2025}},{"type":"Feature","id":"56e3cf83-3335-4c1a-8b6b-55aa355ae276","geometry":{"type":"Point","coordinates":[-94.85599695033856,29.64615963313085]},"properties":{"substrate":"Buried Shell","lease_number":null,"poll_year":2024}},{"type":"Feature","id":"571d228c-aa47-48fd-822e-64a289c39ae5","geometry":{"type":"Point","coordinates":[-94.85690074983748,29.648063167358448]},"properties":{"substrate":"Solid Reef","lease_number":null,"poll_year":2023}},{"type":"Feature","id":"5731c04f-eb8d-416f-8e22-3bc7111d5c97","geometry":{"type":"Point","coordinates":[-94.86412318316223,29.637101033114046]},"properties":{"substrate":"Buried Shell","lease_number":null,"poll_year":2024}},{"type":"Feature","id":"57373698-5042-4318-bb04-e71fa7b1ddde","geometry":{"type":"Point","coordinates":[-94.85455486684666,29.646513716868498]},"properties":{"substrate":"Mud","lease_number":null,"poll_year":2023}},{"type":"Feature","id":"573f9238-0ba7-4041-8060-9f3527ff6176","geometry":{"type":"Point","coordinates":[-94.8664994768204,29.63662650811305]},"properties":{"substrate":"Buried Shell","lease_number":null,"poll_year":2025}},{"type":"Feature","id":"57424584-b1bf-40fb-8027-90cbe3b829c1","geometry":{"type":"Point","coordinates":[-94.8730897001027,29.612239349714127]},"properties":{"substrate":"Buried Shell","lease_number":null,"poll_year":2024}},{"type":"Feature","id":"5753c984-a491-485a-b5ec-82057b95fc0e","geometry":{"type":"Point","coordinates":[-94.85926262104375,29.64786265789887]},"properties":{"substrate":"Buried Shell","lease_number":null,"poll_year":2025}},{"type":"Feature","id":"576cc1f4-fe3f-424d-a7ed-2e3af8bf247c","geometry":{"type":"Point","coordinates":[-94.86520875226734,29.641250482700233]},"properties":{"substrate":"Mud","lease_number":null,"poll_year":2025}},{"type":"Feature","id":"57726b3f-d6db-46e0-9cf6-760cd5e11065","geometry":{"type":"Point","coordinates":[-94.86697699158101,29.63781862079788]},"properties":{"substrate":"Mud","lease_number":null,"poll_year":2025}},{"type":"Feature","id":"57824a93-ca96-41d1-b1be-3bd0b17bce7b","geometry":{"type":"Point","coordinates":[-94.87296671894367,29.61391545232008]},"properties":{"substrate":"Mud","lease_number":null,"poll_year":2025}},{"type":"Feature","id":"5789c875-c184-4c4d-bf0f-12fbea5c11f7","geometry":{"type":"Point","coordinates":[-94.855225737684,29.647873805651344]},"properties":{"substrate":"Mud","lease_number":null,"poll_year":2025}},{"type":"Feature","id":"579714e6-5342-4b02-88b6-185d96aa6454","geometry":{"type":"Point","coordinates":[-94.86413956214481,29.640833504752788]},"properties":{"substrate":"Mud","lease_number":null,"poll_year":2025}},{"type":"Feature","id":"5797e9ea-044c-43f9-9d4a-7593e40b02e3","geometry":{"type":"Point","coordinates":[-94.86574616399618,29.639784038261844]},"properties":{"substrate":"Solid Reef","lease_number":null,"poll_year":2025}},{"type":"Feature","id":"57a1a1ae-1029-45f6-b5e4-311bf32d45a3","geometry":{"type":"Point","coordinates":[-94.86329168367065,29.63784216700483]},"properties":{"substrate":"Mud","lease_number":null,"poll_year":2024}},{"type":"Feature","id":"57a37e6f-b5d2-4a93-9fc3-8575cbd49c8b","geometry":{"type":"Point","coordinates":[-94.85731121704026,29.648972415714834]},"properties":{"substrate":"Solid Reef","lease_number":null,"poll_year":2024}},{"type":"Feature","id":"57a9d29b-0a13-48db-9702-ec3ccde2b20e","geometry":{"type":"Point","coordinates":[-94.86564568294007,29.639247483082936]},"properties":{"substrate":"Solid Reef","lease_number":null,"poll_year":2023}},{"type":"Feature","id":"57be60f6-533e-4728-9cbd-3c6fe01f2c2d","geometry":{"type":"Point","coordinates":[-94.8659909836572,29.63836203262171]},"properties":{"substrate":"Solid Reef","lease_number":null,"poll_year":2024}},{"type":"Feature","id":"57cfc341-bb0e-4243-b340-8774ceed60b8","geometry":{"type":"Point","coordinates":[-94.86673456503193,29.639641629978822]},"properties":{"substrate":"Buried Shell","lease_number":null,"poll_year":2025}},{"type":"Feature","id":"58270014-d35a-41e3-90e9-579d71bab776","geometry":{"type":"Point","coordinates":[-94.87318839979959,29.61262808307549]},"properties":{"substrate":"Buried Shell","lease_number":null,"poll_year":2024}},{"type":"Feature","id":"5845ea8a-5d30-4098-bbe1-31f4bed6ef1b","geometry":{"type":"Point","coordinates":[-94.85710076692202,29.647274200184103]},"properties":{"substrate":"Solid Reef","lease_number":null,"poll_year":2024}},{"type":"Feature","id":"585c8cfa-f482-4bfd-8644-1c6322d9d16b","geometry":{"type":"Point","coordinates":[-94.85671621701351,29.648917066337813]},"properties":{"substrate":"Scattered Shell","lease_number":null,"poll_year":2023}},{"type":"Feature","id":"587c62c8-99a3-43d9-8ae5-9fb3d3f27344","geometry":{"type":"Point","coordinates":[-94.86641680037322,29.640383216755286]},"properties":{"substrate":"Mud","lease_number":null,"poll_year":2024}},{"type":"Feature","id":"589a0555-4761-4a9d-aba1-3f2eec509d1c","geometry":{"type":"Point","coordinates":[-94.87345840013633,29.614266433379232]},"properties":{"substrate":"Mud","lease_number":null,"poll_year":2023}},{"type":"Feature","id":"58bb0a3a-dcb6-4e2b-83d3-10c2e0529e5c","geometry":{"type":"Point","coordinates":[-94.8650374462376,29.638549310354552]},"properties":{"substrate":"Buried Shell","lease_number":null,"poll_year":2025}},{"type":"Feature","id":"58d349da-2723-4047-a133-73ec733bc4d1","geometry":{"type":"Point","coordinates":[-94.86422603127913,29.63547556882587]},"properties":{"substrate":"Mud","lease_number":null,"poll_year":2025}},{"type":"Feature","id":"58fe4976-0dcf-46ad-bd9e-a4c4e212ac74","geometry":{"type":"Point","coordinates":[-94.87518188897582,29.611959782970175]},"properties":{"substrate":"Solid Reef","lease_number":null,"poll_year":2025}},{"type":"Feature","id":"58ff893f-3661-4545-bc99-19b66d56ec2a","geometry":{"type":"Point","coordinates":[-94.86378388858111,29.641482132639094]},"properties":{"substrate":"Buried Shell","lease_number":null,"poll_year":2025}},{"type":"Feature","id":"5904b12a-690d-4b49-8a70-d87eb0f5cafb","geometry":{"type":"Point","coordinates":[-94.8636738674167,29.639550167017973]},"properties":{"substrate":"Mud","lease_number":null,"poll_year":2024}},{"type":"Feature","id":"59113f5a-8770-42f8-b60e-0f2347e86db4","geometry":{"type":"Point","coordinates":[-94.8722259987031,29.613057041635155]},"properties":{"substrate":"Mud","lease_number":null,"poll_year":2025}},{"type":"Feature","id":"5913f63a-4a80-4e5f-b3c9-71fbc4e748be","geometry":{"type":"Point","coordinates":[-94.86500448255825,29.63849461735043]},"properties":{"substrate":"Buried Shell","lease_number":null,"poll_year":2024}},{"type":"Feature","id":"59297797-2b2d-43e8-957e-a51b416295eb","geometry":{"type":"Point","coordinates":[-94.85544623366205,29.646404331675697]},"properties":{"substrate":"Mud","lease_number":null,"poll_year":2025}},{"type":"Feature","id":"594c0882-933e-4531-b2b5-ac6351c26c4e","geometry":{"type":"Point","coordinates":[-94.8737715663191,29.613319016945265]},"properties":{"substrate":"Mud","lease_number":null,"poll_year":2024}},{"type":"Feature","id":"595dcec3-57a3-4a56-a7cf-1553b2e1b28b","geometry":{"type":"Point","coordinates":[-94.8591048669984,29.650358366777645]},"properties":{"substrate":"Mud","lease_number":null,"poll_year":2024}},{"type":"Feature","id":"59aad32d-f40b-4084-8c2d-72ed1c55ba8e","geometry":{"type":"Point","coordinates":[-94.87522915024122,29.612184383138867]},"properties":{"substrate":"Buried Shell","lease_number":null,"poll_year":2024}},{"type":"Feature","id":"59ea0bf2-683b-4fc9-b850-1e76a86168fd","geometry":{"type":"Point","coordinates":[-94.873232509775,29.611981644382414]},"properties":{"substrate":"Buried Shell","lease_number":null,"poll_year":2025}},{"type":"Feature","id":"59f62332-fbe9-4041-aebb-4c7baf9cbf2f","geometry":{"type":"Point","coordinates":[-94.85713035024095,29.646813900180813]},"properties":{"substrate":"Solid Reef","lease_number":null,"poll_year":2023}},{"type":"Feature","id":"5a0011eb-cd96-442d-aba4-57d77e922e88","geometry":{"type":"Point","coordinates":[-94.86704519976223,29.6390391998167]},"properties":{"substrate":"Solid Reef","lease_number":null,"poll_year":2024}},{"type":"Feature","id":"5a02c3bd-899d-4546-8e82-2b1f39074b82","geometry":{"type":"Point","coordinates":[-94.86484891680892,29.636449299881836]},"properties":{"substrate":"Mud","lease_number":null,"poll_year":2024}},{"type":"Feature","id":"5a064d62-6e45-41d2-9eb9-e0836af43df7","geometry":{"type":"Point","coordinates":[-94.86347564875936,29.640660488047136]},"properties":{"substrate":"Mud","lease_number":null,"poll_year":2025}},{"type":"Feature","id":"5a0f2828-4647-458d-9ece-ccfc74193403","geometry":{"type":"Point","coordinates":[-94.87335053313195,29.61317303263585]},"properties":{"substrate":"Solid Reef","lease_number":null,"poll_year":2023}},{"type":"Feature","id":"5a2678ce-e5c7-40bb-b314-3e1e99520b2c","geometry":{"type":"Point","coordinates":[-94.85656419781293,29.647336481641204]},"properties":{"substrate":"Solid Reef","lease_number":null,"poll_year":2025}},{"type":"Feature","id":"5a27bf96-ebb0-4270-b0f1-53d356b81dab","geometry":{"type":"Point","coordinates":[-94.86682211663614,29.64019011633389]},"properties":{"substrate":"Mud","lease_number":null,"poll_year":2024}},{"type":"Feature","id":"5a394a18-8aa3-40ca-bb3e-855e1bbcf374","geometry":{"type":"Point","coordinates":[-94.86496789327842,29.64084056207975]},"properties":{"substrate":"Mud","lease_number":null,"poll_year":2025}},{"type":"Feature","id":"5a3d5ca3-ae4a-4085-b862-477ada467e6d","geometry":{"type":"Point","coordinates":[-94.85586856671142,29.648163150252362]},"properties":{"substrate":"Buried Shell","lease_number":null,"poll_year":2024}},{"type":"Feature","id":"5a5871e4-5966-47a6-881e-9c5a9510f813","geometry":{"type":"Point","coordinates":[-94.85708601478842,29.648056856114025]},"properties":{"substrate":"Solid Reef","lease_number":null,"poll_year":2025}},{"type":"Feature","id":"5a5974b6-27fd-4256-b99d-98c61a999d4b","geometry":{"type":"Point","coordinates":[-94.87382364974096,29.612865849875504]},"properties":{"substrate":"Solid Reef","lease_number":null,"poll_year":2024}},{"type":"Feature","id":"5a7ff7a3-7359-4c44-8826-5a62f059897d","geometry":{"type":"Point","coordinates":[-94.8737922670965,29.612726500133185]},"properties":{"substrate":"Solid Reef","lease_number":null,"poll_year":2024}},{"type":"Feature","id":"5aacbd39-9cd6-4312-9d0b-0e38c4c078fd","geometry":{"type":"Point","coordinates":[-94.85737993366793,29.64703046637661]},"properties":{"substrate":"Solid Reef","lease_number":null,"poll_year":2023}},{"type":"Feature","id":"5b1796bc-79ad-4aa0-bb3d-6b25fc8e6b86","geometry":{"type":"Point","coordinates":[-94.87353728299806,29.612536083263187]},"properties":{"substrate":"Solid Reef","lease_number":null,"poll_year":2024}},{"type":"Feature","id":"5b204e16-4676-4b6a-a58e-33264b91d426","geometry":{"type":"Point","coordinates":[-94.87407670605481,29.613925390198432]},"properties":{"substrate":"Mud","lease_number":null,"poll_year":2025}},{"type":"Feature","id":"5b42ddc2-8415-4d5b-b8a8-d9bef6f9ed69","geometry":{"type":"Point","coordinates":[-94.86409813364054,29.638722932669452]},"properties":{"substrate":"Solid Reef","lease_number":null,"poll_year":2023}},{"type":"Feature","id":"5b54b967-d23d-4057-8dd3-5aeacb31e779","geometry":{"type":"Point","coordinates":[-94.85820278058671,29.650597459922075]},"properties":{"substrate":"Mud","lease_number":null,"poll_year":2025}},{"type":"Feature","id":"5b66ddd2-5f2a-4a4e-bfae-f8c8992186b8","geometry":{"type":"Point","coordinates":[-94.85785644231545,29.650302086798703]},"properties":{"substrate":"Mud","lease_number":null,"poll_year":2025}},{"type":"Feature","id":"5b716efc-eaff-48ba-94a6-dec4399e9acd","geometry":{"type":"Point","coordinates":[-94.85653478337726,29.6495224836751]},"properties":{"substrate":"Buried Shell","lease_number":null,"poll_year":2024}},{"type":"Feature","id":"5b841e88-1df1-4dfe-8a85-1b32f3de1610","geometry":{"type":"Point","coordinates":[-94.85813825010828,29.647696233104625]},"properties":{"substrate":"Solid Reef","lease_number":null,"poll_year":2023}},{"type":"Feature","id":"5b89e6b4-d857-4db1-8f9a-924c5e1e3057","geometry":{"type":"Point","coordinates":[-94.86439012024388,29.63694147635613]},"properties":{"substrate":"Solid Reef","lease_number":null,"poll_year":2025}},{"type":"Feature","id":"5b9f109a-26e1-4284-b66a-570a204d13e9","geometry":{"type":"Point","coordinates":[-94.86578613633138,29.63948455230188]},"properties":{"substrate":"Buried Shell","lease_number":null,"poll_year":2025}},{"type":"Feature","id":"5ba1cea0-e069-4ee9-bba0-fc3645b48505","geometry":{"type":"Point","coordinates":[-94.85798279664836,29.647493194186303]},"properties":{"substrate":"Solid Reef","lease_number":null,"poll_year":2025}},{"type":"Feature","id":"5baaaa1e-0f10-4d4c-b5b1-d74d3ca7360c","geometry":{"type":"Point","coordinates":[-94.87596401705942,29.613120000273582]},"properties":{"substrate":"Mud","lease_number":null,"poll_year":2023}},{"type":"Feature","id":"5baaac5c-5bbd-4457-a72c-2c343564cc1e","geometry":{"type":"Point","coordinates":[-94.87291778321857,29.61203946635797]},"properties":{"substrate":"Solid Reef","lease_number":null,"poll_year":2023}},{"type":"Feature","id":"5bb4551c-160a-43f3-9da3-6892b13a1081","geometry":{"type":"Point","coordinates":[-94.86502402361064,29.639848537840642]},"properties":{"substrate":"Solid Reef","lease_number":null,"poll_year":2025}},{"type":"Feature","id":"5bbd9e74-c1a9-43c5-a28d-1d706e3fc127","geometry":{"type":"Point","coordinates":[-94.85609474543196,29.645903733713187]},"properties":{"substrate":"Mud","lease_number":null,"poll_year":2025}},{"type":"Feature","id":"5bcbc7bf-f1ef-44ca-bff8-0b0a66ecfa6c","geometry":{"type":"Point","coordinates":[-94.85592129332701,29.648146232323317]},"properties":{"substrate":"Buried Shell","lease_number":null,"poll_year":2025}},{"type":"Feature","id":"5bcc3ef3-f5f8-4ce4-813d-18862ec16e40","geometry":{"type":"Point","coordinates":[-94.87464713356529,29.61333271685016]},"properties":{"substrate":"Buried Shell","lease_number":null,"poll_year":2023}},{"type":"Feature","id":"5bdba09a-9a17-4669-9e27-5cb5fa881cd4","geometry":{"type":"Point","coordinates":[-94.8583092668805,29.647914316662444]},"properties":{"substrate":"Solid Reef","lease_number":null,"poll_year":2023}},{"type":"Feature","id":"5bdde75a-4cf4-4e25-ad13-cbabb8488e93","geometry":{"type":"Point","coordinates":[-94.8675287655746,29.638670949850255]},"properties":{"substrate":"Mud","lease_number":null,"poll_year":2024}},{"type":"Feature","id":"5be2b435-00a8-4066-8697-91e92ee1b1e5","geometry":{"type":"Point","coordinates":[-94.85657415204459,29.649433773842063]},"properties":{"substrate":"Mud","lease_number":null,"poll_year":2025}},{"type":"Feature","id":"5bfefa67-cf7d-49b2-93ba-532e5d0b88a7","geometry":{"type":"Point","coordinates":[-94.87343638063209,29.613509810328697]},"properties":{"substrate":"Buried Shell","lease_number":null,"poll_year":2025}},{"type":"Feature","id":"5c1c1d10-bcc0-443d-a2b3-dbd174fdbf8b","geometry":{"type":"Point","coordinates":[-94.87423186666395,29.612866599617195]},"properties":{"substrate":"Solid Reef","lease_number":null,"poll_year":2024}},{"type":"Feature","id":"5c30fd0c-6cba-40c5-a629-70f5c0284fb2","geometry":{"type":"Point","coordinates":[-94.85599632690776,29.64760546760977]},"properties":{"substrate":"Buried Shell","lease_number":null,"poll_year":2025}},{"type":"Feature","id":"5c5eb5b0-a524-4ee3-8a23-8fd2fd4220ac","geometry":{"type":"Point","coordinates":[-94.85809713781099,29.645791444338762]},"properties":{"substrate":"Mud","lease_number":null,"poll_year":2025}},{"type":"Feature","id":"5c629c32-ad5f-42fc-bc7f-03a86aa90310","geometry":{"type":"Point","coordinates":[-94.86633794985084,29.637171883035727]},"properties":{"substrate":"Mud","lease_number":null,"poll_year":2023}},{"type":"Feature","id":"5c70235c-41f2-47c0-b0ae-474fe38a0440","geometry":{"type":"Point","coordinates":[-94.8644513997193,29.639842816344757]},"properties":{"substrate":"Buried Shell","lease_number":null,"poll_year":2024}},{"type":"Feature","id":"5ce7e20b-fdce-44ea-8014-398da18bfd59","geometry":{"type":"Point","coordinates":[-94.86515309983885,29.63727871570053]},"properties":{"substrate":"Solid Reef","lease_number":null,"poll_year":2024}},{"type":"Feature","id":"5cfb4f74-eb5e-4b6d-ab2c-cb7f709bd280","geometry":{"type":"Point","coordinates":[-94.87345773358638,29.61368819991384]},"properties":{"substrate":"Mud","lease_number":null,"poll_year":2024}},{"type":"Feature","id":"5cfe7770-8706-401d-b660-b9216fab0de5","geometry":{"type":"Point","coordinates":[-94.87548609895521,29.612680318313554]},"properties":{"substrate":"Mud","lease_number":null,"poll_year":2025}},{"type":"Feature","id":"5d005161-6f36-4ea0-858b-b6e66481e819","geometry":{"type":"Point","coordinates":[-94.85817438304394,29.648488684379576]},"properties":{"substrate":"Solid Reef","lease_number":null,"poll_year":2023}},{"type":"Feature","id":"5d085813-e3b5-493e-ab6c-56ed4f60279d","geometry":{"type":"Point","coordinates":[-94.85600937044569,29.648227248644957]},"properties":{"substrate":"Buried Shell","lease_number":null,"poll_year":2025}},{"type":"Feature","id":"5d100601-4e7e-407e-9f67-9b72e3e9389b","geometry":{"type":"Point","coordinates":[-94.86441046708505,29.640800099752692]},"properties":{"substrate":"Mud","lease_number":null,"poll_year":2024}},{"type":"Feature","id":"5d34995b-90f1-4a3e-8a02-2d9856b6d858","geometry":{"type":"Point","coordinates":[-94.8745766167138,29.611813284363574]},"properties":{"substrate":"Solid Reef","lease_number":null,"poll_year":2023}},{"type":"Feature","id":"5d3d5a91-89d0-49d2-849d-5b7cf5e306f2","geometry":{"type":"Point","coordinates":[-94.8741655835724,29.612253533195922]},"properties":{"substrate":"Buried Shell","lease_number":null,"poll_year":2024}},{"type":"Feature","id":"5d538328-2fd6-455f-bf2e-2caa4f9d8f89","geometry":{"type":"Point","coordinates":[-94.86539734996798,29.63866763309281]},"properties":{"substrate":"Buried Shell","lease_number":null,"poll_year":2024}},{"type":"Feature","id":"5d87b123-ad55-48c3-b13b-dcc26c170740","geometry":{"type":"Point","coordinates":[-94.86388442263782,29.63926822284584]},"properties":{"substrate":"Buried Shell","lease_number":null,"poll_year":2025}},{"type":"Feature","id":"5d881f53-2336-4187-a4d2-cb7be3641d42","geometry":{"type":"Point","coordinates":[-94.85633916444435,29.64846941033777]},"properties":{"substrate":"Buried Shell","lease_number":null,"poll_year":2025}},{"type":"Feature","id":"5d8e2711-2d87-407d-bf65-9fcb4ff965e1","geometry":{"type":"Point","coordinates":[-94.87366371009453,29.61301031015718]},"properties":{"substrate":"Buried Shell","lease_number":null,"poll_year":2025}},{"type":"Feature","id":"5d986be3-dcec-417b-b91b-3a6b4bce2d93","geometry":{"type":"Point","coordinates":[-94.87370925018784,29.61260026680832]},"properties":{"substrate":"Solid Reef","lease_number":null,"poll_year":2024}},{"type":"Feature","id":"5dd7f1b3-5fc1-4ef7-b303-65d277137e47","geometry":{"type":"Point","coordinates":[-94.87295646557301,29.611853916874352]},"properties":{"substrate":"Buried Shell","lease_number":null,"poll_year":2024}},{"type":"Feature","id":"5ddf4595-7c06-4186-bd90-3dc690af1ee2","geometry":{"type":"Point","coordinates":[-94.87627062104903,29.61191515965196]},"properties":{"substrate":"Mud","lease_number":null,"poll_year":2025}},{"type":"Feature","id":"5e098bf4-bfa2-4f37-b234-eb44db239ff9","geometry":{"type":"Point","coordinates":[-94.85646269357571,29.64624406202668]},"properties":{"substrate":"Mud","lease_number":null,"poll_year":2025}},{"type":"Feature","id":"5e11b539-9ac8-483f-92ba-488693b74c68","geometry":{"type":"Point","coordinates":[-94.87227259701183,29.61297022479853]},"properties":{"substrate":"Mud","lease_number":null,"poll_year":2025}},{"type":"Feature","id":"5e38c3d0-67e1-4160-8295-6c63a59237c6","geometry":{"type":"Point","coordinates":[-94.86531426658398,29.636638433221542]},"properties":{"substrate":"Buried Shell","lease_number":null,"poll_year":2024}},{"type":"Feature","id":"5e41c511-1172-4eaf-8059-418114e60cde","geometry":{"type":"Point","coordinates":[-94.85577660258251,29.64970210466773]},"properties":{"substrate":"Mud","lease_number":null,"poll_year":2025}},{"type":"Feature","id":"5e4c2683-79a7-4c95-bbfb-927d77d52c43","geometry":{"type":"Point","coordinates":[-94.85725265856183,29.64821019332226]},"properties":{"substrate":"Solid Reef","lease_number":null,"poll_year":2025}},{"type":"Feature","id":"5e60c104-30db-4e28-bdc3-d691789a6cc9","geometry":{"type":"Point","coordinates":[-94.86562723513741,29.638208166657893]},"properties":{"substrate":"Solid Reef","lease_number":null,"poll_year":2025}},{"type":"Feature","id":"5e7aca10-04b2-48a5-87a9-d9d0cab3b769","geometry":{"type":"Point","coordinates":[-94.87522588306855,29.61176075033822]},"properties":{"substrate":"Solid Reef","lease_number":null,"poll_year":2023}},{"type":"Feature","id":"5e8e9087-7362-4a69-9cc0-f212a067cd4a","geometry":{"type":"Point","coordinates":[-94.85906320044056,29.650231067337984]},"properties":{"substrate":"Mud","lease_number":null,"poll_year":2024}},{"type":"Feature","id":"5e9c2565-3bec-4a38-85e3-f00bb6d50746","geometry":{"type":"Point","coordinates":[-94.85812238316541,29.64833998264688]},"properties":{"substrate":"Solid Reef","lease_number":null,"poll_year":2023}},{"type":"Feature","id":"5eed4783-4712-454b-a0fd-4897e5d4b75a","geometry":{"type":"Point","coordinates":[-94.85586346697555,29.648051900178597]},"properties":{"substrate":"Buried Shell","lease_number":null,"poll_year":2024}},{"type":"Feature","id":"5eefa410-d7d7-4a6b-a5f9-be252196550f","geometry":{"type":"Point","coordinates":[-94.8748906138382,29.61401889211384]},"properties":{"substrate":"Mud","lease_number":null,"poll_year":2025}},{"type":"Feature","id":"5f6a0969-08fa-4c0e-9171-382e9385fe7d","geometry":{"type":"Point","coordinates":[-94.87512011183374,29.613092401254374]},"properties":{"substrate":"Mud","lease_number":null,"poll_year":2025}},{"type":"Feature","id":"5f6f0a0e-6d07-4e23-86ac-38191b6f31f9","geometry":{"type":"Point","coordinates":[-94.85737932191522,29.64842956627241]},"properties":{"substrate":"Solid Reef","lease_number":null,"poll_year":2025}},{"type":"Feature","id":"5f8df2db-4a16-4476-a27b-56b8b28c2ae2","geometry":{"type":"Point","coordinates":[-94.8662137344066,29.63711585022358]},"properties":{"substrate":"Buried Shell","lease_number":null,"poll_year":2024}},{"type":"Feature","id":"5fa702ed-019c-47a4-bf4c-1244ca125a85","geometry":{"type":"Point","coordinates":[-94.87528548718596,29.61330913914238]},"properties":{"substrate":"Mud","lease_number":null,"poll_year":2025}},{"type":"Feature","id":"5fc3fd5b-0ecc-4228-b779-1ef24b1fe995","geometry":{"type":"Point","coordinates":[-94.85745846708501,29.65005163309422]},"properties":{"substrate":"Mud","lease_number":null,"poll_year":2023}},{"type":"Feature","id":"5fce6e02-eaae-4133-b132-1292f9fc766b","geometry":{"type":"Point","coordinates":[-94.86228138440322,29.638358850148833]},"properties":{"substrate":"Mud","lease_number":null,"poll_year":2024}},{"type":"Feature","id":"5fe5bdf6-c11a-46b2-8ee0-a4bfba2e2862","geometry":{"type":"Point","coordinates":[-94.8574431499111,29.648842933240857]},"properties":{"substrate":"Solid Reef","lease_number":null,"poll_year":2023}},{"type":"Feature","id":"5fe6d76b-26d2-4d18-aa2c-0d0e734a5dfb","geometry":{"type":"Point","coordinates":[-94.87512361616164,29.612336512108403]},"properties":{"substrate":"Buried Shell","lease_number":null,"poll_year":2025}},{"type":"Feature","id":"5ff39f6a-0b6f-4746-9f85-6b725269a5ed","geometry":{"type":"Point","coordinates":[-94.87329947378953,29.61319458764151]},"properties":{"substrate":"Buried Shell","lease_number":null,"poll_year":2025}},{"type":"Feature","id":"60107bd1-608d-4c9d-a1a0-5b864c94299e","geometry":{"type":"Point","coordinates":[-94.863327516569,29.637879149771848]},"properties":{"substrate":"Buried Shell","lease_number":null,"poll_year":2025}},{"type":"Feature","id":"60107ddb-d188-47cf-abb6-481443fe1b5a","geometry":{"type":"Point","coordinates":[-94.85797461658939,29.64804348336337]},"properties":{"substrate":"Solid Reef","lease_number":null,"poll_year":2024}},{"type":"Feature","id":"601ff331-c449-49e3-8570-88904307033b","geometry":{"type":"Point","coordinates":[-94.85635188009721,29.650016010081284]},"properties":{"substrate":"Mud","lease_number":null,"poll_year":2025}},{"type":"Feature","id":"6033eea6-df67-4169-88cc-d4684bf51472","geometry":{"type":"Point","coordinates":[-94.85940238632554,29.6494658683097]},"properties":{"substrate":"Mud","lease_number":null,"poll_year":2025}},{"type":"Feature","id":"606ebfb8-82f6-46a2-898d-91041cfd6775","geometry":{"type":"Point","coordinates":[-94.87263908359661,29.61280130021915]},"properties":{"substrate":"Mud","lease_number":null,"poll_year":2024}},{"type":"Feature","id":"60976a6c-8457-441a-b42a-7833241b6b2f","geometry":{"type":"Point","coordinates":[-94.86272365196704,29.63760236115714]},"properties":{"substrate":"Scattered Shell","lease_number":null,"poll_year":2025}},{"type":"Feature","id":"60a18700-d7de-4b08-806b-d615bb61548e","geometry":{"type":"Point","coordinates":[-94.85720488256176,29.647507200167848]},"properties":{"substrate":"Solid Reef","lease_number":null,"poll_year":2023}},{"type":"Feature","id":"60c4b853-5d4f-4195-a08b-24095b88d691","geometry":{"type":"Point","coordinates":[-94.86279360018494,29.639101232615364]},"properties":{"substrate":"Mud","lease_number":null,"poll_year":2024}},{"type":"Feature","id":"60d0220f-c39b-4268-8956-9a29ccc602a2","geometry":{"type":"Point","coordinates":[-94.85697084987068,29.645837350219484]},"properties":{"substrate":"Mud","lease_number":null,"poll_year":2024}},{"type":"Feature","id":"60d8137b-e6ed-407a-9ad4-e04510b906c2","geometry":{"type":"Point","coordinates":[-94.86762174120653,29.639661432732616]},"properties":{"substrate":"Mud","lease_number":null,"poll_year":2025}},{"type":"Feature","id":"60de1139-019f-4393-915a-439c5d3535df","geometry":{"type":"Point","coordinates":[-94.87273814980615,29.612017166824256]},"properties":{"substrate":"Buried Shell","lease_number":null,"poll_year":2023}},{"type":"Feature","id":"6132a198-9c9c-457d-83c9-8d943d659d0c","geometry":{"type":"Point","coordinates":[-94.86320638144788,29.63681252496572]},"properties":{"substrate":"Mud","lease_number":null,"poll_year":2025}},{"type":"Feature","id":"61730cbe-d99b-4205-a1c4-27b1ec9f1913","geometry":{"type":"Point","coordinates":[-94.85740434897903,29.648689439294436]},"properties":{"substrate":"Solid Reef","lease_number":null,"poll_year":2025}},{"type":"Feature","id":"6185c21e-efe2-4749-9bac-d6d74a5baa53","geometry":{"type":"Point","coordinates":[-94.87347724679098,29.61366082987577]},"properties":{"substrate":"Buried Shell","lease_number":null,"poll_year":2025}},{"type":"Feature","id":"6187a0b4-8052-4eab-b42f-6bb91ed1ab4e","geometry":{"type":"Point","coordinates":[-94.8569085669771,29.648592400177378]},"properties":{"substrate":"Solid Reef","lease_number":null,"poll_year":2023}},{"type":"Feature","id":"618d6494-65e9-47d5-bf6b-d67b84165b7b","geometry":{"type":"Point","coordinates":[-94.85647133357213,29.649561933056194]},"properties":{"substrate":"Buried Shell","lease_number":null,"poll_year":2024}},{"type":"Feature","id":"6194722c-b08b-4b6d-88f6-d01d97229a58","geometry":{"type":"Point","coordinates":[-94.85778284963241,29.64518060034579]},"properties":{"substrate":"Mud","lease_number":null,"poll_year":2023}},{"type":"Feature","id":"6195730b-3cad-45d6-b41d-b48023270445","geometry":{"type":"Point","coordinates":[-94.86694127007375,29.63839857327458]},"properties":{"substrate":"Mud","lease_number":null,"poll_year":2025}},{"type":"Feature","id":"6196a5c7-52db-45c9-93eb-7b26b1e187f7","geometry":{"type":"Point","coordinates":[-94.85647339969726,29.64937963323906]},"properties":{"substrate":"Buried Shell","lease_number":null,"poll_year":2024}},{"type":"Feature","id":"619b6884-1359-445c-a5ff-2621eb7c53a9","geometry":{"type":"Point","coordinates":[-94.87455856506816,29.6125932746674]},"properties":{"substrate":"Solid Reef","lease_number":null,"poll_year":2025}},{"type":"Feature","id":"61c22689-427e-4303-84fd-fa758a889786","geometry":{"type":"Point","coordinates":[-94.85816526694043,29.649895083013003]},"properties":{"substrate":"Buried Shell","lease_number":null,"poll_year":2024}},{"type":"Feature","id":"61c7d2bd-69ae-45b3-9776-76f5b7d09671","geometry":{"type":"Point","coordinates":[-94.85939164786464,29.64887656666011]},"properties":{"substrate":"Buried Shell","lease_number":null,"poll_year":2025}},{"type":"Feature","id":"61ca3ac1-03aa-4cc2-b6f4-e4c17e84e526","geometry":{"type":"Point","coordinates":[-94.86536780797155,29.63721796696312]},"properties":{"substrate":"Solid Reef","lease_number":null,"poll_year":2025}},{"type":"Feature","id":"61f22f00-5374-4e5e-ab72-724e94af66ba","geometry":{"type":"Point","coordinates":[-94.85577610042428,29.646264417013853]},"properties":{"substrate":"Buried Shell","lease_number":null,"poll_year":2024}},{"type":"Feature","id":"62104408-c377-42d0-961d-7cc9ea3b9f30","geometry":{"type":"Point","coordinates":[-94.8627222155609,29.638685483305395]},"properties":{"substrate":"Buried Shell","lease_number":null,"poll_year":2024}},{"type":"Feature","id":"62158b30-6776-433c-b72f-a616cf061b2f","geometry":{"type":"Point","coordinates":[-94.87413546665418,29.612452834294437]},"properties":{"substrate":"Solid Reef","lease_number":null,"poll_year":2024}},{"type":"Feature","id":"62178072-d7dc-449e-a9cb-4bfbe84bef67","geometry":{"type":"Point","coordinates":[-94.86549980282612,29.6360541527777]},"properties":{"substrate":"Mud","lease_number":null,"poll_year":2025}},{"type":"Feature","id":"6219cc63-dd15-4f29-b352-3f881c180a32","geometry":{"type":"Point","coordinates":[-94.86609564277768,29.637944451657724]},"properties":{"substrate":"Solid Reef","lease_number":null,"poll_year":2025}},{"type":"Feature","id":"627b77e0-a81b-4a12-8435-c4bae47c7a40","geometry":{"type":"Point","coordinates":[-94.85875165032698,29.64897808438492]},"properties":{"substrate":"Buried Shell","lease_number":null,"poll_year":2024}},{"type":"Feature","id":"62b4e15d-16b3-4884-b05d-f8a72d1bb1d6","geometry":{"type":"Point","coordinates":[-94.8748250916197,29.612164039227075]},"properties":{"substrate":"Solid Reef","lease_number":null,"poll_year":2025}},{"type":"Feature","id":"62ccd7dc-b8ad-4333-a054-4fec707215bb","geometry":{"type":"Point","coordinates":[-94.85462283787263,29.64705659069551]},"properties":{"substrate":"Mud","lease_number":null,"poll_year":2025}},{"type":"Feature","id":"62e156bc-a50f-4c50-aa3e-5bfe01659653","geometry":{"type":"Point","coordinates":[-94.85799704123383,29.65047445067312]},"properties":{"substrate":"Mud","lease_number":null,"poll_year":2025}},{"type":"Feature","id":"62e2f528-c99c-43de-bf45-172dcbab763b","geometry":{"type":"Point","coordinates":[-94.87315403295177,29.613584016292158]},"properties":{"substrate":"Mud","lease_number":null,"poll_year":2023}},{"type":"Feature","id":"62e42e96-64c6-4c47-9f9e-1dc5c4e98812","geometry":{"type":"Point","coordinates":[-94.85945603640926,29.650238447212367]},"properties":{"substrate":"Buried Shell","lease_number":null,"poll_year":2025}},{"type":"Feature","id":"62f49661-f42a-4b4e-8de8-f2e86c1b2570","geometry":{"type":"Point","coordinates":[-94.8576820496744,29.649299682717672]},"properties":{"substrate":"Scattered Shell","lease_number":null,"poll_year":2023}},{"type":"Feature","id":"62fd8c3c-35c5-480d-ab31-dd12b034cd9c","geometry":{"type":"Point","coordinates":[-94.8726351929931,29.611900453641315]},"properties":{"substrate":"Buried Shell","lease_number":null,"poll_year":2025}},{"type":"Feature","id":"6341376d-2af7-490f-9375-968825c5ed53","geometry":{"type":"Point","coordinates":[-94.86287395628374,29.639199908019826]},"properties":{"substrate":"Mud","lease_number":null,"poll_year":2025}},{"type":"Feature","id":"63484dcf-7ccc-4193-a517-6246187f40a0","geometry":{"type":"Point","coordinates":[-94.85996138816391,29.650517889782915]},"properties":{"substrate":"Mud","lease_number":null,"poll_year":2025}},{"type":"Feature","id":"63532540-0bfe-4544-a2d8-68ce4e71a983","geometry":{"type":"Point","coordinates":[-94.85777321699761,29.647375316676833]},"properties":{"substrate":"Solid Reef","lease_number":null,"poll_year":2024}},{"type":"Feature","id":"635f2ef8-b61a-456d-a505-64aacef3e9c5","geometry":{"type":"Point","coordinates":[-94.86307841643567,29.639801700110397]},"properties":{"substrate":"Mud","lease_number":null,"poll_year":2024}},{"type":"Feature","id":"6369dc2e-0bd5-44cf-af9f-a48b76c3ea9d","geometry":{"type":"Point","coordinates":[-94.86438815113677,29.641598205689725]},"properties":{"substrate":"Mud","lease_number":null,"poll_year":2025}},{"type":"Feature","id":"63808d2f-0cce-4c9b-a314-c62799de5b73","geometry":{"type":"Point","coordinates":[-94.87433959981934,29.612641600324384]},"properties":{"substrate":"Solid Reef","lease_number":null,"poll_year":2024}},{"type":"Feature","id":"638f28ea-9068-4a26-9227-b4792f8dc8f2","geometry":{"type":"Point","coordinates":[-94.87284871534963,29.612152014379287]},"properties":{"substrate":"Buried Shell","lease_number":null,"poll_year":2025}},{"type":"Feature","id":"63a9d008-3025-48ac-9d4b-df3a6de56340","geometry":{"type":"Point","coordinates":[-94.85776354034539,29.645703849998597]},"properties":{"substrate":"Mud","lease_number":null,"poll_year":2025}},{"type":"Feature","id":"63d30e4f-a099-4359-a098-d8fe8d1dfc58","geometry":{"type":"Point","coordinates":[-94.86418483364187,29.639362100220833]},"properties":{"substrate":"Solid Reef","lease_number":null,"poll_year":2024}},{"type":"Feature","id":"63e2a844-5dbd-4006-b2e6-f72e66d7c9dd","geometry":{"type":"Point","coordinates":[-94.87628205211102,29.612938132758405]},"properties":{"substrate":"Mud","lease_number":null,"poll_year":2025}},{"type":"Feature","id":"6427e120-772b-414a-838a-59271302b048","geometry":{"type":"Point","coordinates":[-94.87476555038435,29.612808700017947]},"properties":{"substrate":"Solid Reef","lease_number":null,"poll_year":2023}},{"type":"Feature","id":"6431f243-c9fb-4d66-8d28-cc35d58c10e4","geometry":{"type":"Point","coordinates":[-94.87479057924479,29.613283253640052]},"properties":{"substrate":"Mud","lease_number":null,"poll_year":2025}},{"type":"Feature","id":"6438d559-5616-467d-b169-4debd461cd2b","geometry":{"type":"Point","coordinates":[-94.87426653444739,29.613070416688284]},"properties":{"substrate":"Solid Reef","lease_number":null,"poll_year":2023}},{"type":"Feature","id":"643a2312-06e1-4f4c-abff-af5d848c3c01","geometry":{"type":"Point","coordinates":[-94.86476899100316,29.641612051655223]},"properties":{"substrate":"Mud","lease_number":null,"poll_year":2025}},{"type":"Feature","id":"64508879-e981-4258-a5dd-4152668a260d","geometry":{"type":"Point","coordinates":[-94.8756144205986,29.612059544759244]},"properties":{"substrate":"Mud","lease_number":null,"poll_year":2025}},{"type":"Feature","id":"64614d00-a818-40b2-9bd6-0194cf491769","geometry":{"type":"Point","coordinates":[-94.85751006631493,29.650006332611007]},"properties":{"substrate":"Buried Shell","lease_number":null,"poll_year":2024}},{"type":"Feature","id":"64cf8c54-aeb4-48cf-81b4-65c20bfa18c0","geometry":{"type":"Point","coordinates":[-94.8645029333722,29.639169416337825]},"properties":{"substrate":"Solid Reef","lease_number":null,"poll_year":2024}},{"type":"Feature","id":"64e92b06-e797-44aa-9faa-5572a957e597","geometry":{"type":"Point","coordinates":[-94.85597728442036,29.648384216655437]},"properties":{"substrate":"Buried Shell","lease_number":null,"poll_year":2024}},{"type":"Feature","id":"651cbeb4-e725-4204-9b06-e7792868d193","geometry":{"type":"Point","coordinates":[-94.87429046556656,29.613684133379234]},"properties":{"substrate":"Mud","lease_number":null,"poll_year":2024}},{"type":"Feature","id":"65246c66-8cbe-4dea-bbc3-0b513bcb254c","geometry":{"type":"Point","coordinates":[-94.87451023301094,29.61281970013996]},"properties":{"substrate":"Solid Reef","lease_number":null,"poll_year":2023}},{"type":"Feature","id":"652b1e15-e087-47e7-a996-50d24b0dae13","geometry":{"type":"Point","coordinates":[-94.86630031583033,29.636728637841447]},"properties":{"substrate":"Buried Shell","lease_number":null,"poll_year":2025}},{"type":"Feature","id":"6538cff3-bb79-46c9-b965-ecddb5079fab","geometry":{"type":"Point","coordinates":[-94.85604221644573,29.648487183084256]},"properties":{"substrate":"Buried Shell","lease_number":null,"poll_year":2024}},{"type":"Feature","id":"654588e5-321d-4438-91fe-2e869aca420b","geometry":{"type":"Point","coordinates":[-94.86627670540972,29.64061728437885]},"properties":{"substrate":"Mud","lease_number":null,"poll_year":2025}},{"type":"Feature","id":"654a72b4-3c64-4457-96e6-a70e8bb80e38","geometry":{"type":"Point","coordinates":[-94.85664153377574,29.649891953991876]},"properties":{"substrate":"Mud","lease_number":null,"poll_year":2025}},{"type":"Feature","id":"655c0092-1c6e-4d5d-b034-d374079fcb1f","geometry":{"type":"Point","coordinates":[-94.87406949976962,29.61335828370114]},"properties":{"substrate":"Mud","lease_number":null,"poll_year":2024}},{"type":"Feature","id":"656a9808-03e4-4bdb-81fc-302042804bf8","geometry":{"type":"Point","coordinates":[-94.86758606641165,29.63909263078834]},"properties":{"substrate":"Mud","lease_number":null,"poll_year":2025}},{"type":"Feature","id":"658fd9d4-a45a-45ad-9ed9-68fd6549713a","geometry":{"type":"Point","coordinates":[-94.87620729610971,29.61352028009158]},"properties":{"substrate":"Mud","lease_number":null,"poll_year":2025}},{"type":"Feature","id":"65a5f331-8e2e-487a-9486-8ea8d3ca3a8a","geometry":{"type":"Point","coordinates":[-94.87514822101728,29.613738733640858]},"properties":{"substrate":"Mud","lease_number":null,"poll_year":2025}},{"type":"Feature","id":"65b1beb2-d77d-40a2-bad2-f565c4ee6688","geometry":{"type":"Point","coordinates":[-94.8647129999098,29.638803733271118]},"properties":{"substrate":"Buried Shell","lease_number":null,"poll_year":2024}},{"type":"Feature","id":"65eeb010-4f42-41e6-86ad-7711d06915e8","geometry":{"type":"Point","coordinates":[-94.86384937486702,29.640322082629663]},"properties":{"substrate":"Mud","lease_number":null,"poll_year":2025}},{"type":"Feature","id":"65fb8c2b-0a60-4fbd-ab40-bc4afc15f3b0","geometry":{"type":"Point","coordinates":[-94.86587811842656,29.63585787633837]},"properties":{"substrate":"Mud","lease_number":null,"poll_year":2025}},{"type":"Feature","id":"660bf282-868a-4403-bf64-6470e3498875","geometry":{"type":"Point","coordinates":[-94.85566955124843,29.64871209608051]},"properties":{"substrate":"Mud","lease_number":null,"poll_year":2025}},{"type":"Feature","id":"66100ec2-3250-4e02-9aa5-91676f83c89f","geometry":{"type":"Point","coordinates":[-94.85574246660174,29.647381434347043]},"properties":{"substrate":"Buried Shell","lease_number":null,"poll_year":2024}},{"type":"Feature","id":"662a1430-3458-4347-bf14-59cf16e2ca56","geometry":{"type":"Point","coordinates":[-94.8568498162592,29.647991384346447]},"properties":{"substrate":"Solid Reef","lease_number":null,"poll_year":2023}},{"type":"Feature","id":"663894be-56e8-44dc-9b13-1ccfd889ead4","geometry":{"type":"Point","coordinates":[-94.85730778367925,29.65005691682206]},"properties":{"substrate":"Mud","lease_number":null,"poll_year":2023}},{"type":"Feature","id":"663f4179-f0b9-4fed-b104-24c1ad0a87ab","geometry":{"type":"Point","coordinates":[-94.85868874759585,29.648188527140576]},"properties":{"substrate":"Solid Reef","lease_number":null,"poll_year":2025}},{"type":"Feature","id":"6668beb2-94ff-4b34-bde9-ead6922bbe90","geometry":{"type":"Point","coordinates":[-94.86502159995601,29.63800641564092]},"properties":{"substrate":"Buried Shell","lease_number":null,"poll_year":2024}},{"type":"Feature","id":"667845d0-059b-4dfb-89d6-aad30ff72a45","geometry":{"type":"Point","coordinates":[-94.85902516038155,29.648536676633938]},"properties":{"substrate":"Solid Reef","lease_number":null,"poll_year":2025}},{"type":"Feature","id":"667871ec-1d64-4182-a18c-9bfb7d5872e2","geometry":{"type":"Point","coordinates":[-94.87413004532145,29.61367621898242]},"properties":{"substrate":"Mud","lease_number":null,"poll_year":2025}},{"type":"Feature","id":"66878d41-1196-4e6b-8cd4-8ded51b4976b","geometry":{"type":"Point","coordinates":[-94.8584500499535,29.64950843269353]},"properties":{"substrate":"Buried Shell","lease_number":null,"poll_year":2024}},{"type":"Feature","id":"6691c663-a137-42fe-aed5-43a62dccce50","geometry":{"type":"Point","coordinates":[-94.86256908424599,29.639297283335363]},"properties":{"substrate":"Mud","lease_number":null,"poll_year":2025}},{"type":"Feature","id":"6694b4bd-ca26-42ff-98a2-9b97c8ac8d79","geometry":{"type":"Point","coordinates":[-94.86456223296074,29.63972068325465]},"properties":{"substrate":"Buried Shell","lease_number":null,"poll_year":2024}},{"type":"Feature","id":"66c48279-5587-4f95-8f0e-38d4a5dc991f","geometry":{"type":"Point","coordinates":[-94.86464240041332,29.640602299919852]},"properties":{"substrate":"Buried Shell","lease_number":null,"poll_year":2024}},{"type":"Feature","id":"66f85916-abac-4b47-8a70-32bfb2ead7c6","geometry":{"type":"Point","coordinates":[-94.87420725641842,29.612535456133482]},"properties":{"substrate":"Solid Reef","lease_number":null,"poll_year":2025}},{"type":"Feature","id":"670def21-2c27-4962-aeba-b3dfcfb50eab","geometry":{"type":"Point","coordinates":[-94.85763031659548,29.65048193436136]},"properties":{"substrate":"Mud","lease_number":null,"poll_year":2024}},{"type":"Feature","id":"67172925-b8a6-4a6f-9bf0-ec301bd45de4","geometry":{"type":"Point","coordinates":[-94.87350395011111,29.613289883359464]},"properties":{"substrate":"Scattered Shell","lease_number":null,"poll_year":2023}},{"type":"Feature","id":"67436bfd-7680-4f08-b4e0-68def0a68c36","geometry":{"type":"Point","coordinates":[-94.86620317740538,29.639893479836008]},"properties":{"substrate":"Buried Shell","lease_number":null,"poll_year":2025}},{"type":"Feature","id":"675a8b4c-ccf2-4f94-9c89-047e9049e1ec","geometry":{"type":"Point","coordinates":[-94.86730055755983,29.637637414682743]},"properties":{"substrate":"Mud","lease_number":null,"poll_year":2025}},{"type":"Feature","id":"677aebd9-efd1-4b31-a55e-cc2676906627","geometry":{"type":"Point","coordinates":[-94.85887619185966,29.647537673710602]},"properties":{"substrate":"Solid Reef","lease_number":null,"poll_year":2025}},{"type":"Feature","id":"6783f8ba-58d8-4b0c-8ba8-a7bb4d65e66b","geometry":{"type":"Point","coordinates":[-94.86388795032195,29.636343316627286]},"properties":{"substrate":"Mud","lease_number":null,"poll_year":2024}},{"type":"Feature","id":"678f137d-d69b-4594-b778-73e9ebb54ae1","geometry":{"type":"Point","coordinates":[-94.8732120335764,29.612561099722985]},"properties":{"substrate":"Buried Shell","lease_number":null,"poll_year":2024}},{"type":"Feature","id":"67946241-f035-45b6-99ab-28e40eea6a6f","geometry":{"type":"Point","coordinates":[-94.85635612643354,29.646518124814136]},"properties":{"substrate":"Buried Shell","lease_number":null,"poll_year":2025}},{"type":"Feature","id":"67a108d9-9278-458d-a38e-894b7b9a8285","geometry":{"type":"Point","coordinates":[-94.87331873366922,29.61233050008547]},"properties":{"substrate":"Solid Reef","lease_number":null,"poll_year":2024}},{"type":"Feature","id":"67c8c6ba-f702-4e55-b809-8d5fca688881","geometry":{"type":"Point","coordinates":[-94.86274188866562,29.63994275431003]},"properties":{"substrate":"Mud","lease_number":null,"poll_year":2025}},{"type":"Feature","id":"6808c805-f996-4c3e-98ed-8e54219d4b13","geometry":{"type":"Point","coordinates":[-94.87334418563617,29.612081827101882]},"properties":{"substrate":"Solid Reef","lease_number":null,"poll_year":2025}},{"type":"Feature","id":"680dbbe9-fb18-480e-9654-216752ee4b79","geometry":{"type":"Point","coordinates":[-94.85805315000646,29.64790990019011]},"properties":{"substrate":"Solid Reef","lease_number":null,"poll_year":2023}},{"type":"Feature","id":"682102b0-5f1f-423b-a143-b6958b51d2e2","geometry":{"type":"Point","coordinates":[-94.86681978101642,29.640108180043825]},"properties":{"substrate":"Mud","lease_number":null,"poll_year":2025}},{"type":"Feature","id":"683e6e93-b1af-49bd-9db7-ac82d2b0c520","geometry":{"type":"Point","coordinates":[-94.87485156676776,29.6134853673408]},"properties":{"substrate":"Mud","lease_number":null,"poll_year":2023}},{"type":"Feature","id":"6853fb03-6309-4ab8-ab33-aec86f366a3b","geometry":{"type":"Point","coordinates":[-94.87480417614495,29.611949718377993]},"properties":{"substrate":"Solid Reef","lease_number":null,"poll_year":2025}},{"type":"Feature","id":"686004a7-a8a8-4973-bb51-4b2c643453c2","geometry":{"type":"Point","coordinates":[-94.87376808444905,29.612297183256672]},"properties":{"substrate":"Solid Reef","lease_number":null,"poll_year":2024}},{"type":"Feature","id":"68722e54-8e9c-47b2-a741-0cefc8950f86","geometry":{"type":"Point","coordinates":[-94.8747539576256,29.614090247937792]},"properties":{"substrate":"Mud","lease_number":null,"poll_year":2025}},{"type":"Feature","id":"6878cc2f-934a-4ea9-830a-d81dfbd2dfef","geometry":{"type":"Point","coordinates":[-94.87309943334878,29.612694316640514]},"properties":{"substrate":"Buried Shell","lease_number":null,"poll_year":2024}},{"type":"Feature","id":"68c8c0e3-6a46-4ab1-97d3-de4fd7f56dfa","geometry":{"type":"Point","coordinates":[-94.87597207135424,29.61186057089842]},"properties":{"substrate":"Mud","lease_number":null,"poll_year":2025}},{"type":"Feature","id":"68cc20f2-1a09-48e4-b7b1-18c8585244e7","geometry":{"type":"Point","coordinates":[-94.87246176334605,29.61339291612527]},"properties":{"substrate":"Mud","lease_number":null,"poll_year":2025}},{"type":"Feature","id":"68d4c89b-3372-4e84-9fbf-764a7900dfb0","geometry":{"type":"Point","coordinates":[-94.85689696972678,29.645383026371857]},"properties":{"substrate":"Mud","lease_number":null,"poll_year":2025}},{"type":"Feature","id":"69040966-449a-4858-9ee0-ada4a858e54f","geometry":{"type":"Point","coordinates":[-94.85687531673516,29.64660133314483]},"properties":{"substrate":"Scattered Shell","lease_number":null,"poll_year":2023}},{"type":"Feature","id":"690497d6-abd4-4803-8859-7782bb132d08","geometry":{"type":"Point","coordinates":[-94.85721931669174,29.64753056688746]},"properties":{"substrate":"Solid Reef","lease_number":null,"poll_year":2024}},{"type":"Feature","id":"6917182e-0d76-4c62-841d-818a95da5fc1","geometry":{"type":"Point","coordinates":[-94.86668426027433,29.637079187301495]},"properties":{"substrate":"Mud","lease_number":null,"poll_year":2025}},{"type":"Feature","id":"6929f969-b85f-4837-91e7-859b6fc18417","geometry":{"type":"Point","coordinates":[-94.86524024540458,29.63619698230045]},"properties":{"substrate":"Mud","lease_number":null,"poll_year":2025}},{"type":"Feature","id":"693c43fd-66fa-4e00-b2e7-7806f6d6a6b9","geometry":{"type":"Point","coordinates":[-94.86564483313381,29.63965623434422]},"properties":{"substrate":"Solid Reef","lease_number":null,"poll_year":2024}},{"type":"Feature","id":"694a8365-6b43-418c-81e3-079eda7d2423","geometry":{"type":"Point","coordinates":[-94.85807270992346,29.649394842794102]},"properties":{"substrate":"Buried Shell","lease_number":null,"poll_year":2025}},{"type":"Feature","id":"69587eff-b843-4248-ab75-7d25d2c16ab0","geometry":{"type":"Point","coordinates":[-94.8570479334069,29.646605649742487]},"properties":{"substrate":"Buried Shell","lease_number":null,"poll_year":2024}},{"type":"Feature","id":"696413f0-abfe-44ea-a0be-1841f454cfa1","geometry":{"type":"Point","coordinates":[-94.85609395042293,29.650312234216308]},"properties":{"substrate":"Mud","lease_number":null,"poll_year":2025}},{"type":"Feature","id":"697a7dac-ee31-404e-a3ce-622100968a77","geometry":{"type":"Point","coordinates":[-94.85670381127944,29.646642725319197]},"properties":{"substrate":"Buried Shell","lease_number":null,"poll_year":2025}},{"type":"Feature","id":"69a6b9e9-5af0-4a8c-b50c-e5c87c291adb","geometry":{"type":"Point","coordinates":[-94.8670237497899,29.638106716932334]},"properties":{"substrate":"Mud","lease_number":null,"poll_year":2023}},{"type":"Feature","id":"69b8edc5-87bd-4f9c-bc1e-37b31e80a653","geometry":{"type":"Point","coordinates":[-94.87350563355396,29.612120982658602]},"properties":{"substrate":"Solid Reef","lease_number":null,"poll_year":2023}},{"type":"Feature","id":"69d206c0-645a-4891-8109-a67703f04b69","geometry":{"type":"Point","coordinates":[-94.86441461640335,29.638759683221195]},"properties":{"substrate":"Solid Reef","lease_number":null,"poll_year":2024}},{"type":"Feature","id":"69fa19f7-5f71-44be-897c-6de842793c4b","geometry":{"type":"Point","coordinates":[-94.85525837257995,29.647003028105413]},"properties":{"substrate":"Mud","lease_number":null,"poll_year":2025}},{"type":"Feature","id":"6a5453db-d47c-4c4c-af00-dffb3f9fe509","geometry":{"type":"Point","coordinates":[-94.85902406803017,29.649464752693348]},"properties":{"substrate":"Buried Shell","lease_number":null,"poll_year":2025}},{"type":"Feature","id":"6a5d5ad2-1a75-48e6-a3b6-74f486fc0ba6","geometry":{"type":"Point","coordinates":[-94.87460416624694,29.612727182711428]},"properties":{"substrate":"Solid Reef","lease_number":null,"poll_year":2023}},{"type":"Feature","id":"6a663a21-d7fe-404d-a644-6ae94c41c5c0","geometry":{"type":"Point","coordinates":[-94.86411108375368,29.638252666680746]},"properties":{"substrate":"Solid Reef","lease_number":null,"poll_year":2024}},{"type":"Feature","id":"6a82260b-e1c1-4cf9-8723-167c78444c81","geometry":{"type":"Point","coordinates":[-94.85725555023873,29.646050033634996]},"properties":{"substrate":"Buried Shell","lease_number":null,"poll_year":2024}},{"type":"Feature","id":"6abcf51b-5fb1-4006-8699-9fc68b617a08","geometry":{"type":"Point","coordinates":[-94.86420509334648,29.63732678435064]},"properties":{"substrate":"Buried Shell","lease_number":null,"poll_year":2025}},{"type":"Feature","id":"6ac02ba8-edc5-46cf-9133-d01805b94568","geometry":{"type":"Point","coordinates":[-94.8730919333145,29.612626649972096]},"properties":{"substrate":"Buried Shell","lease_number":null,"poll_year":2024}},{"type":"Feature","id":"6ac9a4bd-6cc0-4fa1-8d58-0fa2f73f5b8b","geometry":{"type":"Point","coordinates":[-94.86457555138313,29.63992668838251]},"properties":{"substrate":"Solid Reef","lease_number":null,"poll_year":2025}},{"type":"Feature","id":"6acb3a35-eb1f-4c32-9d7c-d32d07084a15","geometry":{"type":"Point","coordinates":[-94.86502409188259,29.636142423097294]},"properties":{"substrate":"Mud","lease_number":null,"poll_year":2025}},{"type":"Feature","id":"6ae9b38b-19e3-48d6-99cf-101871b360ff","geometry":{"type":"Point","coordinates":[-94.856920516367,29.64638145030322]},"properties":{"substrate":"Buried Shell","lease_number":null,"poll_year":2024}},{"type":"Feature","id":"6b496db8-608c-4b02-b22a-b208c3285e53","geometry":{"type":"Point","coordinates":[-94.8750676663908,29.61293716668569]},"properties":{"substrate":"Mud","lease_number":null,"poll_year":2023}},{"type":"Feature","id":"6b739023-b099-470f-a7b6-b513ad600bfa","geometry":{"type":"Point","coordinates":[-94.85803656530969,29.64994528161736]},"properties":{"substrate":"Buried Shell","lease_number":null,"poll_year":2025}},{"type":"Feature","id":"6b74fa77-a516-4417-aff4-963b3e151347","geometry":{"type":"Point","coordinates":[-94.8742345211856,29.61224317420147]},"properties":{"substrate":"Solid Reef","lease_number":null,"poll_year":2025}},{"type":"Feature","id":"6b7c45b1-f035-48ed-a7ba-4b1c125c06af","geometry":{"type":"Point","coordinates":[-94.8724499397203,29.612300311102892]},"properties":{"substrate":"Mud","lease_number":null,"poll_year":2025}},{"type":"Feature","id":"6b85aa96-d97c-4869-bb87-28ee2891fccf","geometry":{"type":"Point","coordinates":[-94.87303503043113,29.61441103379007]},"properties":{"substrate":"Mud","lease_number":null,"poll_year":2025}},{"type":"Feature","id":"6b894cf7-74fd-4cf0-aac3-79d6aa3f7cdd","geometry":{"type":"Point","coordinates":[-94.87399300103664,29.611766950613625]},"properties":{"substrate":"Solid Reef","lease_number":null,"poll_year":2025}},{"type":"Feature","id":"6b92e85a-d83b-42e9-a7f6-1a829e23aaa7","geometry":{"type":"Point","coordinates":[-94.85615067004998,29.648549861950066]},"properties":{"substrate":"Mud","lease_number":null,"poll_year":2025}},{"type":"Feature","id":"6b95cb03-3b90-4964-8622-89819213b8a1","geometry":{"type":"Point","coordinates":[-94.8650395797364,29.637401662993963]},"properties":{"substrate":"Mud","lease_number":null,"poll_year":2025}},{"type":"Feature","id":"6b99245c-840d-4e88-a7e8-a4ba6187218c","geometry":{"type":"Point","coordinates":[-94.85440453558049,29.64631172875866]},"properties":{"substrate":"Mud","lease_number":null,"poll_year":2025}},{"type":"Feature","id":"6ba72ac0-6531-4696-b3e5-4cade6b5c6a1","geometry":{"type":"Point","coordinates":[-94.87401653330383,29.611672267314194]},"properties":{"substrate":"Solid Reef","lease_number":null,"poll_year":2024}},{"type":"Feature","id":"6bbbcb23-e3a4-482b-9bb2-2f79a7e38535","geometry":{"type":"Point","coordinates":[-94.8739187669565,29.61376809982716]},"properties":{"substrate":"Mud","lease_number":null,"poll_year":2024}},{"type":"Feature","id":"6bc0ed39-b8a3-4055-9e93-3f582b9acbe2","geometry":{"type":"Point","coordinates":[-94.86709143155834,29.638881378678924]},"properties":{"substrate":"Mud","lease_number":null,"poll_year":2025}},{"type":"Feature","id":"6bde6f7a-022f-40eb-b3cc-4ac817ea54ca","geometry":{"type":"Point","coordinates":[-94.873488925788,29.612938123386602]},"properties":{"substrate":"Buried Shell","lease_number":null,"poll_year":2025}},{"type":"Feature","id":"6be74c0a-737c-417d-af02-1a80accb4954","geometry":{"type":"Point","coordinates":[-94.85637756742275,29.647053733275243]},"properties":{"substrate":"Solid Reef","lease_number":null,"poll_year":2024}},{"type":"Feature","id":"6bf40ec5-bcb3-481b-91ad-3b5c4696a651","geometry":{"type":"Point","coordinates":[-94.87449691638516,29.613340450087236]},"properties":{"substrate":"Buried Shell","lease_number":null,"poll_year":2023}},{"type":"Feature","id":"6bf87977-133d-47e9-9bcf-33fc2436f5cc","geometry":{"type":"Point","coordinates":[-94.85703270157296,29.64830265474649]},"properties":{"substrate":"Solid Reef","lease_number":null,"poll_year":2025}},{"type":"Feature","id":"6c0126ed-eed4-4f7b-8326-d7be222386c7","geometry":{"type":"Point","coordinates":[-94.86661208333621,29.63860505035685]},"properties":{"substrate":"Buried Shell","lease_number":null,"poll_year":2024}},{"type":"Feature","id":"6c189a45-41fe-4d53-850f-f6367bc261bd","geometry":{"type":"Point","coordinates":[-94.86599456703685,29.637527699722558]},"properties":{"substrate":"Solid Reef","lease_number":null,"poll_year":2023}},{"type":"Feature","id":"6c482749-2127-447e-8d47-afb2149955aa","geometry":{"type":"Point","coordinates":[-94.85771158717924,29.645200081910843]},"properties":{"substrate":"Mud","lease_number":null,"poll_year":2025}},{"type":"Feature","id":"6c4d7df5-8e1f-4ed6-ae61-48ea09a66724","geometry":{"type":"Point","coordinates":[-94.85500673021436,29.64845785200043]},"properties":{"substrate":"Mud","lease_number":null,"poll_year":2025}},{"type":"Feature","id":"6c5ef080-fd02-4b43-ac6b-53ab07a11797","geometry":{"type":"Point","coordinates":[-94.86689900972954,29.639128833099463]},"properties":{"substrate":"Buried Shell","lease_number":null,"poll_year":2025}},{"type":"Feature","id":"6c7b0ab4-72b9-4d9e-8d9e-5aed043a1c62","geometry":{"type":"Point","coordinates":[-94.85460900741052,29.646202293380167]},"properties":{"substrate":"Mud","lease_number":null,"poll_year":2025}},{"type":"Feature","id":"6ca8f23f-fe6b-4c42-a434-8b35eef86919","geometry":{"type":"Point","coordinates":[-94.86477047502,29.63680209978587]},"properties":{"substrate":"Mud","lease_number":null,"poll_year":2025}},{"type":"Feature","id":"6ce0fc93-1e25-4156-9a85-2f313073735a","geometry":{"type":"Point","coordinates":[-94.87304114975484,29.61281151701768]},"properties":{"substrate":"Buried Shell","lease_number":null,"poll_year":2023}},{"type":"Feature","id":"6d002f7e-13f6-49bf-a63e-f7580eb2f383","geometry":{"type":"Point","coordinates":[-94.8647320837197,29.639258833229643]},"properties":{"substrate":"Solid Reef","lease_number":null,"poll_year":2024}},{"type":"Feature","id":"6d2843f6-93de-4ace-855d-75d051208fd4","geometry":{"type":"Point","coordinates":[-94.86692278633846,29.640504234887693]},"properties":{"substrate":"Mud","lease_number":null,"poll_year":2025}},{"type":"Feature","id":"6d645064-6bda-448d-a0dd-5718e502fd02","geometry":{"type":"Point","coordinates":[-94.85679481061771,29.647894808297828]},"properties":{"substrate":"Solid Reef","lease_number":null,"poll_year":2025}},{"type":"Feature","id":"6d72773f-0b6f-4940-923f-1c7bfea59735","geometry":{"type":"Point","coordinates":[-94.85836406680777,29.648687933317863]},"properties":{"substrate":"Solid Reef","lease_number":null,"poll_year":2024}},{"type":"Feature","id":"6d9a19cd-5c1a-41be-a19c-64260b72a448","geometry":{"type":"Point","coordinates":[-94.87333343370052,29.612671300309746]},"properties":{"substrate":"Buried Shell","lease_number":null,"poll_year":2024}},{"type":"Feature","id":"6dbc9c8c-9898-4dcf-a865-288e70128147","geometry":{"type":"Point","coordinates":[-94.86360913032574,29.638300321831323]},"properties":{"substrate":"Buried Shell","lease_number":null,"poll_year":2025}},{"type":"Feature","id":"6ddf71d4-3e38-4090-a7fa-2a7863949012","geometry":{"type":"Point","coordinates":[-94.86368612492875,29.63764944976277]},"properties":{"substrate":"Buried Shell","lease_number":null,"poll_year":2025}},{"type":"Feature","id":"6dea62ed-a87f-40cd-a270-5e520d1b4415","geometry":{"type":"Point","coordinates":[-94.85701231700251,29.648935032619153]},"properties":{"substrate":"Solid Reef","lease_number":null,"poll_year":2024}},{"type":"Feature","id":"6df08723-ebfd-4f15-99e7-fc233968d8a8","geometry":{"type":"Point","coordinates":[-94.87274586633444,29.613185116716224]},"properties":{"substrate":"Mud","lease_number":null,"poll_year":2024}},{"type":"Feature","id":"6dfde228-5e7f-49fb-ad58-d7787f1bbc85","geometry":{"type":"Point","coordinates":[-94.86394004991348,29.640322750186424]},"properties":{"substrate":"Mud","lease_number":null,"poll_year":2024}},{"type":"Feature","id":"6e06ce5b-0bcc-468a-9c0e-9907f852680d","geometry":{"type":"Point","coordinates":[-94.85639248843962,29.64963726086902]},"properties":{"substrate":"Mud","lease_number":null,"poll_year":2025}},{"type":"Feature","id":"6e253274-04b7-4ed3-9184-5b4e5681109e","geometry":{"type":"Point","coordinates":[-94.85844969961053,29.647556432660892]},"properties":{"substrate":"Solid Reef","lease_number":null,"poll_year":2023}},{"type":"Feature","id":"6e435be9-a6bf-4923-a8ab-f2cea0a2f418","geometry":{"type":"Point","coordinates":[-94.86338215030796,29.639847800011314]},"properties":{"substrate":"Buried Shell","lease_number":null,"poll_year":2024}},{"type":"Feature","id":"6e4456a9-aac4-496c-9d0a-9aaedfdb1cca","geometry":{"type":"Point","coordinates":[-94.8569213167659,29.64807159978622]},"properties":{"substrate":"Solid Reef","lease_number":null,"poll_year":2024}},{"type":"Feature","id":"6e45af29-e024-4e56-af4b-45ad499517c2","geometry":{"type":"Point","coordinates":[-94.85662608365115,29.649883749679258]},"properties":{"substrate":"Buried Shell","lease_number":null,"poll_year":2024}},{"type":"Feature","id":"6e4b512b-a367-49c6-b5c0-647e0d920f08","geometry":{"type":"Point","coordinates":[-94.86609506156768,29.639031528671836]},"properties":{"substrate":"Solid Reef","lease_number":null,"poll_year":2025}},{"type":"Feature","id":"6e858ecf-38db-405a-8163-3f26d9921ac9","geometry":{"type":"Point","coordinates":[-94.85739186688815,29.650605483056825]},"properties":{"substrate":"Mud","lease_number":null,"poll_year":2023}},{"type":"Feature","id":"6e863ffe-13a5-4a33-a7ea-724a5e44a57d","geometry":{"type":"Point","coordinates":[-94.85996690471808,29.64971870303086]},"properties":{"substrate":"Buried Shell","lease_number":null,"poll_year":2025}},{"type":"Feature","id":"6e8c9a88-7fe4-43d9-a9f4-2eec3ba21d46","geometry":{"type":"Point","coordinates":[-94.85808375560819,29.645553491351933]},"properties":{"substrate":"Mud","lease_number":null,"poll_year":2025}},{"type":"Feature","id":"6eac8b93-7dcf-4231-932a-f55890ed0244","geometry":{"type":"Point","coordinates":[-94.85636680021577,29.64605428311408]},"properties":{"substrate":"Mud","lease_number":null,"poll_year":2024}},{"type":"Feature","id":"6eb98604-82b0-4f96-a3e1-7c027419495c","geometry":{"type":"Point","coordinates":[-94.86534982819113,29.637085916177664]},"properties":{"substrate":"Solid Reef","lease_number":null,"poll_year":2025}},{"type":"Feature","id":"6ece5279-536e-4e35-b024-172789513a9a","geometry":{"type":"Point","coordinates":[-94.87346979975729,29.612320249655838]},"properties":{"substrate":"Solid Reef","lease_number":null,"poll_year":2024}},{"type":"Feature","id":"6ed71586-b3e9-44d5-a3c5-49ec51d462a9","geometry":{"type":"Point","coordinates":[-94.85768317436512,29.64550409002283]},"properties":{"substrate":"Mud","lease_number":null,"poll_year":2025}},{"type":"Feature","id":"6ed7be20-c2ee-4301-945a-b9715c4fe47f","geometry":{"type":"Point","coordinates":[-94.8595835495689,29.649845466781557]},"properties":{"substrate":"Buried Shell","lease_number":null,"poll_year":2024}},{"type":"Feature","id":"6ee1aab2-27b5-4de2-9e58-4486621baff7","geometry":{"type":"Point","coordinates":[-94.85700623900131,29.64644793805473]},"properties":{"substrate":"Buried Shell","lease_number":null,"poll_year":2025}},{"type":"Feature","id":"6ee5f0a8-17f7-45bb-b091-936e3127f2f1","geometry":{"type":"Point","coordinates":[-94.86622338321108,29.63770826735021]},"properties":{"substrate":"Buried Shell","lease_number":null,"poll_year":2024}},{"type":"Feature","id":"6eea1471-21b2-44a9-a806-8ce36c486763","geometry":{"type":"Point","coordinates":[-94.86288498310387,29.6387353002322]},"properties":{"substrate":"Buried Shell","lease_number":null,"poll_year":2024}},{"type":"Feature","id":"6f0303df-4397-4f70-af77-cc259bb75c88","geometry":{"type":"Point","coordinates":[-94.86533649988726,29.64122878300949]},"properties":{"substrate":"Mud","lease_number":null,"poll_year":2024}},{"type":"Feature","id":"6f1932c5-7811-4605-b4a0-8c177caeb385","geometry":{"type":"Point","coordinates":[-94.85687743316598,29.64920196732265]},"properties":{"substrate":"Mud","lease_number":null,"poll_year":2023}},{"type":"Feature","id":"6f1fd2e7-94bf-45cc-8893-aa85a8ef34a8","geometry":{"type":"Point","coordinates":[-94.85729288332362,29.647045833210502]},"properties":{"substrate":"Solid Reef","lease_number":null,"poll_year":2023}},{"type":"Feature","id":"6f3484bf-004b-437c-a2c6-d33a2bbd9fa2","geometry":{"type":"Point","coordinates":[-94.87590160031684,29.61201901698365]},"properties":{"substrate":"Mud","lease_number":null,"poll_year":2024}},{"type":"Feature","id":"6f4ad1b4-3d3c-47fd-b656-b2fc874bc03f","geometry":{"type":"Point","coordinates":[-94.85835857540644,29.648245052662475]},"properties":{"substrate":"Solid Reef","lease_number":null,"poll_year":2025}},{"type":"Feature","id":"6f68ea6b-7de3-4f89-a907-c99e204b9346","geometry":{"type":"Point","coordinates":[-94.86372915333254,29.64052281166836]},"properties":{"substrate":"Mud","lease_number":null,"poll_year":2025}},{"type":"Feature","id":"6f8e1383-1ebc-40a1-ae2f-bb8bdec2e51f","geometry":{"type":"Point","coordinates":[-94.87349726664542,29.61245026563766]},"properties":{"substrate":"Solid Reef","lease_number":null,"poll_year":2023}},{"type":"Feature","id":"6f942850-2988-4f0e-ae0c-26964db42b9d","geometry":{"type":"Point","coordinates":[-94.8656980996369,29.63673830019135]},"properties":{"substrate":"Mud","lease_number":null,"poll_year":2024}},{"type":"Feature","id":"6fa5efc1-764b-4126-a961-4d981a3b4186","geometry":{"type":"Point","coordinates":[-94.86331995005936,29.63824048332385]},"properties":{"substrate":"Buried Shell","lease_number":null,"poll_year":2024}},{"type":"Feature","id":"6fbfcc0a-a31f-4f14-81cc-e3b1c6e2637a","geometry":{"type":"Point","coordinates":[-94.86733386888721,29.63944808231285]},"properties":{"substrate":"Mud","lease_number":null,"poll_year":2025}},{"type":"Feature","id":"6fc9dc98-0e8c-429c-ae52-1d7a410c67e7","geometry":{"type":"Point","coordinates":[-94.86739970012617,29.63780233434935]},"properties":{"substrate":"Mud","lease_number":null,"poll_year":2025}},{"type":"Feature","id":"6fcf5852-88f7-4a69-ae8b-964789f8605b","geometry":{"type":"Point","coordinates":[-94.8551049969233,29.648573834254066]},"properties":{"substrate":"Mud","lease_number":null,"poll_year":2025}},{"type":"Feature","id":"6fd35a23-7743-4b26-9c86-6320c5af3956","geometry":{"type":"Point","coordinates":[-94.86646007940698,29.63774995285302]},"properties":{"substrate":"Buried Shell","lease_number":null,"poll_year":2025}},{"type":"Feature","id":"6fd92fc4-c372-49e5-92eb-60df0d1b1898","geometry":{"type":"Point","coordinates":[-94.86523490222527,29.63899597437177]},"properties":{"substrate":"Buried Shell","lease_number":null,"poll_year":2025}},{"type":"Feature","id":"6fe7f472-8c9b-4275-86ad-1a911b59c639","geometry":{"type":"Point","coordinates":[-94.87537445812833,29.613636476736627]},"properties":{"substrate":"Mud","lease_number":null,"poll_year":2025}},{"type":"Feature","id":"6fec6f0a-6518-43a2-a666-b8e658ac41fa","geometry":{"type":"Point","coordinates":[-94.85730892903123,29.64602397385502]},"properties":{"substrate":"Mud","lease_number":null,"poll_year":2025}},{"type":"Feature","id":"70507ae0-ccc1-476e-86ba-cf1d2af7b98c","geometry":{"type":"Point","coordinates":[-94.86476809987438,29.637450799706635]},"properties":{"substrate":"Mud","lease_number":null,"poll_year":2024}},{"type":"Feature","id":"707a7fe0-80b8-44ed-b517-7c13c91de44b","geometry":{"type":"Point","coordinates":[-94.86350806266975,29.637339771252318]},"properties":{"substrate":"Mud","lease_number":null,"poll_year":2025}},{"type":"Feature","id":"7097eeff-7318-4690-ba68-0307dc1f9a3e","geometry":{"type":"Point","coordinates":[-94.87536148376068,29.61233943299241]},"properties":{"substrate":"Buried Shell","lease_number":null,"poll_year":2024}},{"type":"Feature","id":"709d9aa6-4d63-4e9b-a5d3-3119463f8c1e","geometry":{"type":"Point","coordinates":[-94.85936171689768,29.648412584370316]},"properties":{"substrate":"Buried Shell","lease_number":null,"poll_year":2023}},{"type":"Feature","id":"70b25802-892a-4fe0-8caf-f9884e0aeb88","geometry":{"type":"Point","coordinates":[-94.87395758315994,29.613884300091406]},"properties":{"substrate":"Mud","lease_number":null,"poll_year":2024}},{"type":"Feature","id":"70b64c77-e3cc-4f41-bf78-96062001e357","geometry":{"type":"Point","coordinates":[-94.8565541932756,29.650385239695304]},"properties":{"substrate":"Mud","lease_number":null,"poll_year":2025}},{"type":"Feature","id":"70ed08e0-aa13-4f9b-964a-7852267c3d56","geometry":{"type":"Point","coordinates":[-94.87505901741126,29.612294099926537]},"properties":{"substrate":"Solid Reef","lease_number":null,"poll_year":2023}},{"type":"Feature","id":"7111ffdb-4182-43e4-abd4-17b82742e1bb","geometry":{"type":"Point","coordinates":[-94.87240882113477,29.61255521579473]},"properties":{"substrate":"Buried Shell","lease_number":null,"poll_year":2025}},{"type":"Feature","id":"7123ae80-fc2f-4087-9313-70dc9e659003","geometry":{"type":"Point","coordinates":[-94.85703835017945,29.648243416301238]},"properties":{"substrate":"Solid Reef","lease_number":null,"poll_year":2023}},{"type":"Feature","id":"71256ef8-7de7-4e13-9d1a-d991bd6c5113","geometry":{"type":"Point","coordinates":[-94.86452058257258,29.63859645004896]},"properties":{"substrate":"Solid Reef","lease_number":null,"poll_year":2024}},{"type":"Feature","id":"712f209b-a40b-4aeb-96bb-03920368539f","geometry":{"type":"Point","coordinates":[-94.85913805974815,29.65081938129565]},"properties":{"substrate":"Mud","lease_number":null,"poll_year":2025}},{"type":"Feature","id":"714b6fa3-4a60-4b45-82f6-4755adc7d78d","geometry":{"type":"Point","coordinates":[-94.87543605021749,29.612574633381495]},"properties":{"substrate":"Mud","lease_number":null,"poll_year":2023}},{"type":"Feature","id":"7186c27f-055b-4b5a-be87-ca88a88db5a5","geometry":{"type":"Point","coordinates":[-94.86520036469753,29.637309521833203]},"properties":{"substrate":"Buried Shell","lease_number":null,"poll_year":2025}},{"type":"Feature","id":"719c873d-7a7a-498d-8554-2a4ab7ce87b5","geometry":{"type":"Point","coordinates":[-94.86371060581686,29.64106318422594]},"properties":{"substrate":"Mud","lease_number":null,"poll_year":2025}},{"type":"Feature","id":"71adee60-6ad7-4e61-8ac0-cd1791c9e6ee","geometry":{"type":"Point","coordinates":[-94.8734331844263,29.61221698305986]},"properties":{"substrate":"Solid Reef","lease_number":null,"poll_year":2024}},{"type":"Feature","id":"71b76a88-3381-4025-81dd-9575ba9d8793","geometry":{"type":"Point","coordinates":[-94.86372938330125,29.640504867308735]},"properties":{"substrate":"Mud","lease_number":null,"poll_year":2024}},{"type":"Feature","id":"71cd5466-cc1e-45c4-bbe8-e5839ef519fc","geometry":{"type":"Point","coordinates":[-94.87499073377157,29.61263438326328]},"properties":{"substrate":"Buried Shell","lease_number":null,"poll_year":2024}},{"type":"Feature","id":"71f06ef4-495d-42d3-9151-a80269e8ccea","geometry":{"type":"Point","coordinates":[-94.8570604172944,29.645874013075566]},"properties":{"substrate":"Mud","lease_number":null,"poll_year":2025}},{"type":"Feature","id":"72069891-ca1b-49fd-9006-5b4ea0b4abaf","geometry":{"type":"Point","coordinates":[-94.8572869167135,29.649018866635444]},"properties":{"substrate":"Solid Reef","lease_number":null,"poll_year":2024}},{"type":"Feature","id":"7223a732-81c5-4224-a16e-54e99b957251","geometry":{"type":"Point","coordinates":[-94.87285169955301,29.613405032980285]},"properties":{"substrate":"Mud","lease_number":null,"poll_year":2024}},{"type":"Feature","id":"72399859-8c70-4368-a0f0-df5cf71066e2","geometry":{"type":"Point","coordinates":[-94.85859339142843,29.648765784235046]},"properties":{"substrate":"Solid Reef","lease_number":null,"poll_year":2025}},{"type":"Feature","id":"725119b1-833a-44d5-a91c-21af5c39d02b","geometry":{"type":"Point","coordinates":[-94.8732296836751,29.613664766769528]},"properties":{"substrate":"Solid Reef","lease_number":null,"poll_year":2023}},{"type":"Feature","id":"7269763e-d747-410b-9f8c-caee3e5f0c37","geometry":{"type":"Point","coordinates":[-94.86458439978867,29.63952609965311]},"properties":{"substrate":"Buried Shell","lease_number":null,"poll_year":2024}},{"type":"Feature","id":"72913853-9ea0-4cd9-ac06-2c91f361faa7","geometry":{"type":"Point","coordinates":[-94.85657703294171,29.65030063315256]},"properties":{"substrate":"Mud","lease_number":null,"poll_year":2024}},{"type":"Feature","id":"72bab66f-206f-4951-a2e4-4a296b5356dc","geometry":{"type":"Point","coordinates":[-94.87431085912013,29.612472425279396]},"properties":{"substrate":"Solid Reef","lease_number":null,"poll_year":2025}},{"type":"Feature","id":"72c0120b-72d9-4ccf-810e-57b92dbeebe6","geometry":{"type":"Point","coordinates":[-94.87496144959164,29.61191163270876]},"properties":{"substrate":"Buried Shell","lease_number":null,"poll_year":2024}},{"type":"Feature","id":"72cb8062-59a5-47b7-ae32-eba8f59249c8","geometry":{"type":"Point","coordinates":[-94.87512951629644,29.612044184302356]},"properties":{"substrate":"Solid Reef","lease_number":null,"poll_year":2023}},{"type":"Feature","id":"72d92efa-d1a8-4745-89e9-dc32fb0cc7a3","geometry":{"type":"Point","coordinates":[-94.86017215359081,29.648895003711772]},"properties":{"substrate":"Buried Shell","lease_number":null,"poll_year":2025}},{"type":"Feature","id":"72f8e3eb-2b86-4684-be17-842711495c39","geometry":{"type":"Point","coordinates":[-94.86484723336608,29.641032587705162]},"properties":{"substrate":"Mud","lease_number":null,"poll_year":2025}},{"type":"Feature","id":"732e4edc-ddb2-4ac6-b650-d46ca633b3cf","geometry":{"type":"Point","coordinates":[-94.85602421690238,29.64831869981982]},"properties":{"substrate":"Buried Shell","lease_number":null,"poll_year":2024}},{"type":"Feature","id":"7333a8bf-2296-4c9a-bc34-2b6e1ef96d7e","geometry":{"type":"Point","coordinates":[-94.86378751687656,29.640262083704425]},"properties":{"substrate":"Mud","lease_number":null,"poll_year":2024}},{"type":"Feature","id":"735cc8fa-5139-408c-a3b8-81234d544949","geometry":{"type":"Point","coordinates":[-94.87563996688866,29.612895999639722]},"properties":{"substrate":"Mud","lease_number":null,"poll_year":2024}},{"type":"Feature","id":"7381d9bf-95d6-42c9-90bb-0f18875278a4","geometry":{"type":"Point","coordinates":[-94.86010463172249,29.64999557309917]},"properties":{"substrate":"Mud","lease_number":null,"poll_year":2025}},{"type":"Feature","id":"73855d8f-b75a-4c10-9654-a1493b589577","geometry":{"type":"Point","coordinates":[-94.86343274971297,29.641140083044725]},"properties":{"substrate":"Mud","lease_number":null,"poll_year":2024}},{"type":"Feature","id":"73bf191e-8e66-4808-b547-656f1fee3652","geometry":{"type":"Point","coordinates":[-94.85738725044592,29.65046410029262]},"properties":{"substrate":"Mud","lease_number":null,"poll_year":2024}},{"type":"Feature","id":"73ea0b1f-4368-4b57-9c4e-e8b75c39f8c4","geometry":{"type":"Point","coordinates":[-94.85923386686981,29.648327133006912]},"properties":{"substrate":"Buried Shell","lease_number":null,"poll_year":2024}},{"type":"Feature","id":"73ea1f5b-8776-4f17-8fd4-909e65cd1593","geometry":{"type":"Point","coordinates":[-94.87363621625693,29.612186499611454]},"properties":{"substrate":"Solid Reef","lease_number":null,"poll_year":2024}},{"type":"Feature","id":"73ecb017-38ca-4b21-8e24-2dd9fe4dd256","geometry":{"type":"Point","coordinates":[-94.85667942112116,29.645144118366737]},"properties":{"substrate":"Mud","lease_number":null,"poll_year":2025}},{"type":"Feature","id":"73ef5a6c-156a-4210-aa52-1ae942ce5dfa","geometry":{"type":"Point","coordinates":[-94.87331093359762,29.61181970018865]},"properties":{"substrate":"Solid Reef","lease_number":null,"poll_year":2024}},{"type":"Feature","id":"7402b02e-04fe-480b-8a2a-02a7ca0001f1","geometry":{"type":"Point","coordinates":[-94.85612681708423,29.64625854988755]},"properties":{"substrate":"Buried Shell","lease_number":null,"poll_year":2024}},{"type":"Feature","id":"7405978a-fdc8-4bde-8548-b99fe3c67e34","geometry":{"type":"Point","coordinates":[-94.86547486559385,29.63789883263106]},"properties":{"substrate":"Solid Reef","lease_number":null,"poll_year":2024}},{"type":"Feature","id":"7410d76c-30aa-4d4d-839f-d37894934208","geometry":{"type":"Point","coordinates":[-94.85710643259651,29.64683231731167]},"properties":{"substrate":"Solid Reef","lease_number":null,"poll_year":2024}},{"type":"Feature","id":"742a2c0b-e170-4716-90e0-002711158dfe","geometry":{"type":"Point","coordinates":[-94.85924906636443,29.648749767338284]},"properties":{"substrate":"Buried Shell","lease_number":null,"poll_year":2023}},{"type":"Feature","id":"742c5dc3-4b0c-46e0-b3c5-876a5fc07ecc","geometry":{"type":"Point","coordinates":[-94.85891393367801,29.649741366611522]},"properties":{"substrate":"Buried Shell","lease_number":null,"poll_year":2024}},{"type":"Feature","id":"743474f3-1f8c-4b3f-a07d-2774a2365189","geometry":{"type":"Point","coordinates":[-94.85845998442223,29.64859294979298]},"properties":{"substrate":"Solid Reef","lease_number":null,"poll_year":2024}},{"type":"Feature","id":"743a03fc-3f8d-4af2-ad7b-ed467c1a836a","geometry":{"type":"Point","coordinates":[-94.85688043443734,29.647157149976223]},"properties":{"substrate":"Solid Reef","lease_number":null,"poll_year":2023}},{"type":"Feature","id":"743dd005-7c92-4c16-9d26-72b6520a93dd","geometry":{"type":"Point","coordinates":[-94.87501841625536,29.612766633228613]},"properties":{"substrate":"Buried Shell","lease_number":null,"poll_year":2023}},{"type":"Feature","id":"745d5645-01a2-41a5-88a2-ea3b53da4ff3","geometry":{"type":"Point","coordinates":[-94.85676596661227,29.646048216890932]},"properties":{"substrate":"Buried Shell","lease_number":null,"poll_year":2024}},{"type":"Feature","id":"745e9e37-a1a2-4593-ab90-a6aba9edca2f","geometry":{"type":"Point","coordinates":[-94.85896608357521,29.648540916639615]},"properties":{"substrate":"Buried Shell","lease_number":null,"poll_year":2024}},{"type":"Feature","id":"74626781-fa14-48a3-905e-c849804f2229","geometry":{"type":"Point","coordinates":[-94.87555588996794,29.612849960817247]},"properties":{"substrate":"Mud","lease_number":null,"poll_year":2025}},{"type":"Feature","id":"747ff0d2-728d-47bb-be26-0399bf10f784","geometry":{"type":"Point","coordinates":[-94.87407571700969,29.611923833307525]},"properties":{"substrate":"Solid Reef","lease_number":null,"poll_year":2024}},{"type":"Feature","id":"749ac41a-13d4-43c6-b944-b75f0942bef5","geometry":{"type":"Point","coordinates":[-94.858459083412,29.647719900353973]},"properties":{"substrate":"Solid Reef","lease_number":null,"poll_year":2023}},{"type":"Feature","id":"74c893d1-35ee-410c-bd49-06717009a885","geometry":{"type":"Point","coordinates":[-94.85780979998925,29.650961916633502]},"properties":{"substrate":"Buried Shell","lease_number":null,"poll_year":2024}},{"type":"Feature","id":"74ccc9b6-6b3d-4bd8-85f6-2c4862c7c64a","geometry":{"type":"Point","coordinates":[-94.87460628357606,29.612560832626716]},"properties":{"substrate":"Solid Reef","lease_number":null,"poll_year":2023}},{"type":"Feature","id":"74ce2670-9c33-45db-9bdb-0516c3089ddf","geometry":{"type":"Point","coordinates":[-94.85697898321727,29.647263416958808]},"properties":{"substrate":"Solid Reef","lease_number":null,"poll_year":2023}},{"type":"Feature","id":"74db0b3c-6672-475b-a67f-91a89570a35e","geometry":{"type":"Point","coordinates":[-94.86537455521766,29.638917092298385]},"properties":{"substrate":"Buried Shell","lease_number":null,"poll_year":2025}},{"type":"Feature","id":"7519c194-8494-4135-9380-260fda4d5f7f","geometry":{"type":"Point","coordinates":[-94.85881914973744,29.648493833127585]},"properties":{"substrate":"Solid Reef","lease_number":null,"poll_year":2024}},{"type":"Feature","id":"7525093b-5593-432a-b6b5-9de30d76a2ee","geometry":{"type":"Point","coordinates":[-94.87318308356974,29.614401783212394]},"properties":{"substrate":"Mud","lease_number":null,"poll_year":2023}},{"type":"Feature","id":"754789aa-bb92-4869-9370-d9ffd5dcbae8","geometry":{"type":"Point","coordinates":[-94.87349440012134,29.613503982686055]},"properties":{"substrate":"Scattered Shell","lease_number":null,"poll_year":2023}},{"type":"Feature","id":"7548a42f-c1a0-47f2-813c-e5569e10b4d6","geometry":{"type":"Point","coordinates":[-94.85931373338678,29.64931109965198]},"properties":{"substrate":"Mud","lease_number":null,"poll_year":2024}},{"type":"Feature","id":"75532c61-0d79-44b1-873d-63dcd761eea4","geometry":{"type":"Point","coordinates":[-94.86293905090417,29.640191670845276]},"properties":{"substrate":"Mud","lease_number":null,"poll_year":2025}},{"type":"Feature","id":"7557b9cf-7d5d-4aed-86f8-b3b80ce1edd7","geometry":{"type":"Point","coordinates":[-94.86644231522222,29.639177847168153]},"properties":{"substrate":"Solid Reef","lease_number":null,"poll_year":2025}},{"type":"Feature","id":"7564aaa8-0b02-4395-910e-f8741626574e","geometry":{"type":"Point","coordinates":[-94.86377120886088,29.63589848900375]},"properties":{"substrate":"Buried Shell","lease_number":null,"poll_year":2025}},{"type":"Feature","id":"7565a288-3303-417d-bca1-618ba0460b5e","geometry":{"type":"Point","coordinates":[-94.8740693174116,29.611975016919917]},"properties":{"substrate":"Solid Reef","lease_number":null,"poll_year":2023}},{"type":"Feature","id":"75827e67-352f-4325-94d7-e19c8cc2b3e6","geometry":{"type":"Point","coordinates":[-94.85898186158485,29.648369883680218]},"properties":{"substrate":"Buried Shell","lease_number":null,"poll_year":2025}},{"type":"Feature","id":"7588ae48-3fd6-410e-a19a-0931ab0f5f1f","geometry":{"type":"Point","coordinates":[-94.87308676710329,29.613154549995834]},"properties":{"substrate":"Mud","lease_number":null,"poll_year":2024}},{"type":"Feature","id":"758a2613-7cd7-4c68-87ca-d9fec2bc9b7f","geometry":{"type":"Point","coordinates":[-94.85783589964153,29.650021484300098]},"properties":{"substrate":"Mud","lease_number":null,"poll_year":2023}},{"type":"Feature","id":"7593bbfa-5b44-490e-9ea7-0cb9d1a04659","geometry":{"type":"Point","coordinates":[-94.85760145013215,29.647664550288248]},"properties":{"substrate":"Solid Reef","lease_number":null,"poll_year":2024}},{"type":"Feature","id":"75a0b46d-4569-4907-8f89-5d7ae35fc1ef","geometry":{"type":"Point","coordinates":[-94.8656163277932,29.635993219032336]},"properties":{"substrate":"Mud","lease_number":null,"poll_year":2025}},{"type":"Feature","id":"75aefed5-ca7b-4802-99a1-2f2a955ab8b0","geometry":{"type":"Point","coordinates":[-94.85899703682495,29.648008754331734]},"properties":{"substrate":"Buried Shell","lease_number":null,"poll_year":2025}},{"type":"Feature","id":"75d060e5-a0d8-4626-b15c-9aefdb2c66a3","geometry":{"type":"Point","coordinates":[-94.8739041666382,29.612419967353087]},"properties":{"substrate":"Solid Reef","lease_number":null,"poll_year":2023}},{"type":"Feature","id":"75dc89cf-2e3f-45b6-b85c-ae82db1256e2","geometry":{"type":"Point","coordinates":[-94.86411471564239,29.639678067105308]},"properties":{"substrate":"Buried Shell","lease_number":null,"poll_year":2025}},{"type":"Feature","id":"75e890da-3dd1-4a16-acb3-64674977d6d0","geometry":{"type":"Point","coordinates":[-94.85754838305505,29.647630016303726]},"properties":{"substrate":"Solid Reef","lease_number":null,"poll_year":2023}},{"type":"Feature","id":"75edfd5d-a852-42f5-ae06-721b9584c643","geometry":{"type":"Point","coordinates":[-94.85566788307696,29.647091217001186]},"properties":{"substrate":"Buried Shell","lease_number":null,"poll_year":2024}},{"type":"Feature","id":"75f50e8d-b24d-4011-b60c-9a65157bb995","geometry":{"type":"Point","coordinates":[-94.8578068166842,29.648677816964653]},"properties":{"substrate":"Solid Reef","lease_number":null,"poll_year":2024}},{"type":"Feature","id":"75f5bd6a-f351-4a5f-8298-964f86110e6d","geometry":{"type":"Point","coordinates":[-94.8572777359313,29.645438094287634]},"properties":{"substrate":"Mud","lease_number":null,"poll_year":2025}},{"type":"Feature","id":"76008ba1-c8a9-42ec-b5ba-dedc69eab971","geometry":{"type":"Point","coordinates":[-94.86656206244623,29.63695337331879]},"properties":{"substrate":"Mud","lease_number":null,"poll_year":2025}},{"type":"Feature","id":"7610c97d-0d92-4530-9c3e-5c40b0d387d2","geometry":{"type":"Point","coordinates":[-94.85531058266426,29.64833732434312]},"properties":{"substrate":"Mud","lease_number":null,"poll_year":2025}},{"type":"Feature","id":"7618fc58-8b28-4751-b6f2-bb6c622da66d","geometry":{"type":"Point","coordinates":[-94.86549783371902,29.639457999715162]},"properties":{"substrate":"Solid Reef","lease_number":null,"poll_year":2023}},{"type":"Feature","id":"7626f430-4acf-4004-910e-7f77633578b9","geometry":{"type":"Point","coordinates":[-94.87473446687889,29.61360226690377]},"properties":{"substrate":"Mud","lease_number":null,"poll_year":2023}},{"type":"Feature","id":"762cb283-141d-4fbd-abad-7764b415d5ab","geometry":{"type":"Point","coordinates":[-94.87242364962518,29.611687366977144]},"properties":{"substrate":"Mud","lease_number":null,"poll_year":2024}},{"type":"Feature","id":"763791ba-4b5b-4076-8524-d8fdf9313611","geometry":{"type":"Point","coordinates":[-94.87649286425032,29.61180471066505]},"properties":{"substrate":"Mud","lease_number":null,"poll_year":2025}},{"type":"Feature","id":"764ec8fd-8420-4720-a794-331d75e170c7","geometry":{"type":"Point","coordinates":[-94.8655208710145,29.637553873354555]},"properties":{"substrate":"Buried Shell","lease_number":null,"poll_year":2025}},{"type":"Feature","id":"768380e5-d85d-4865-a43b-796988b97711","geometry":{"type":"Point","coordinates":[-94.867025667693,29.639960031991517]},"properties":{"substrate":"Mud","lease_number":null,"poll_year":2025}},{"type":"Feature","id":"768b1d3a-e1f6-4120-862a-8333033028c3","geometry":{"type":"Point","coordinates":[-94.8554735496332,29.64660786698557]},"properties":{"substrate":"Buried Shell","lease_number":null,"poll_year":2024}},{"type":"Feature","id":"76a54b57-5066-46ec-864d-1487e84971ac","geometry":{"type":"Point","coordinates":[-94.86587300880923,29.63970988594719]},"properties":{"substrate":"Solid Reef","lease_number":null,"poll_year":2025}},{"type":"Feature","id":"76ab0f62-f9d2-4771-b934-8d1cc334be41","geometry":{"type":"Point","coordinates":[-94.86665874991691,29.63887910036491]},"properties":{"substrate":"Mud","lease_number":null,"poll_year":2024}},{"type":"Feature","id":"76b99d70-ade2-417c-8ad1-78121d7717c2","geometry":{"type":"Point","coordinates":[-94.86388122822866,29.640442779159486]},"properties":{"substrate":"Mud","lease_number":null,"poll_year":2025}},{"type":"Feature","id":"76c6c3f1-7dae-40b3-8ccc-8d7843f1cb34","geometry":{"type":"Point","coordinates":[-94.86472241874557,29.640404089795506]},"properties":{"substrate":"Buried Shell","lease_number":null,"poll_year":2025}},{"type":"Feature","id":"76e2382c-b423-42a9-a85e-28c393a88d00","geometry":{"type":"Point","coordinates":[-94.87252914956876,29.6123031343647]},"properties":{"substrate":"Mud","lease_number":null,"poll_year":2024}},{"type":"Feature","id":"7725de03-75a0-4350-b27b-8c989c987364","geometry":{"type":"Point","coordinates":[-94.87395138298784,29.613563083026346]},"properties":{"substrate":"Scattered Shell","lease_number":null,"poll_year":2023}},{"type":"Feature","id":"772b2d31-1c72-4ce5-9619-09aef8ab647c","geometry":{"type":"Point","coordinates":[-94.86393401682803,29.638144067351938]},"properties":{"substrate":"Solid Reef","lease_number":null,"poll_year":2024}},{"type":"Feature","id":"7731d4e5-ba2c-43fb-9685-26acc1537447","geometry":{"type":"Point","coordinates":[-94.85691526661248,29.648716999676314]},"properties":{"substrate":"Solid Reef","lease_number":null,"poll_year":2024}},{"type":"Feature","id":"7734f64d-9b31-4257-948e-d22520c8773e","geometry":{"type":"Point","coordinates":[-94.87293019973242,29.613710549841226]},"properties":{"substrate":"Mud","lease_number":null,"poll_year":2023}},{"type":"Feature","id":"774a3e7e-c8a3-4acf-a114-5f4ce4a9c733","geometry":{"type":"Point","coordinates":[-94.87534183311384,29.612372766988898]},"properties":{"substrate":"Solid Reef","lease_number":null,"poll_year":2023}},{"type":"Feature","id":"775792d5-c97c-40ce-aedc-6e18dddda2e3","geometry":{"type":"Point","coordinates":[-94.86646916676438,29.640567299737665]},"properties":{"substrate":"Mud","lease_number":null,"poll_year":2024}},{"type":"Feature","id":"77610e1c-32b1-43ef-94bd-7de35d2ad5d9","geometry":{"type":"Point","coordinates":[-94.87419513365367,29.612878533004956]},"properties":{"substrate":"Solid Reef","lease_number":null,"poll_year":2024}},{"type":"Feature","id":"778172fb-8ea1-48fc-95af-b2031b9f5b9d","geometry":{"type":"Point","coordinates":[-94.86707526098489,29.636321176289115]},"properties":{"substrate":"Mud","lease_number":null,"poll_year":2025}},{"type":"Feature","id":"77912e09-c2b4-4f69-90fa-0e75c1a6227e","geometry":{"type":"Point","coordinates":[-94.8734746497615,29.61350909964055]},"properties":{"substrate":"Buried Shell","lease_number":null,"poll_year":2024}},{"type":"Feature","id":"779ee2b0-74db-4b74-b88d-0182be992484","geometry":{"type":"Point","coordinates":[-94.86517883297849,29.63784003311297]},"properties":{"substrate":"Buried Shell","lease_number":null,"poll_year":2024}},{"type":"Feature","id":"77ab47ee-77fd-45c3-9332-ee83ae9e2393","geometry":{"type":"Point","coordinates":[-94.8673416914167,29.63814417588103]},"properties":{"substrate":"Mud","lease_number":null,"poll_year":2025}},{"type":"Feature","id":"77b54ca9-8022-4da5-beb8-4cbe32e11415","geometry":{"type":"Point","coordinates":[-94.85909893362593,29.650437050179423]},"properties":{"substrate":"Buried Shell","lease_number":null,"poll_year":2025}},{"type":"Feature","id":"77b5d1ed-8d2e-4002-90a7-9e7c9d6c1567","geometry":{"type":"Point","coordinates":[-94.87280396038386,29.612360645323932]},"properties":{"substrate":"Buried Shell","lease_number":null,"poll_year":2025}},{"type":"Feature","id":"77ccfacc-f654-41f1-b6e3-c7972324dd67","geometry":{"type":"Point","coordinates":[-94.86625779677128,29.639265315234866]},"properties":{"substrate":"Solid Reef","lease_number":null,"poll_year":2025}},{"type":"Feature","id":"77d13554-1ebd-487c-ac6a-ec0299d93033","geometry":{"type":"Point","coordinates":[-94.86699911708648,29.638529650265134]},"properties":{"substrate":"Buried Shell","lease_number":null,"poll_year":2024}},{"type":"Feature","id":"77eebbc8-4066-42fa-960d-d8c712bde20f","geometry":{"type":"Point","coordinates":[-94.85880501744138,29.6493710666408]},"properties":{"substrate":"Buried Shell","lease_number":null,"poll_year":2024}},{"type":"Feature","id":"781f1a44-589b-4f87-bd12-68fcc191435e","geometry":{"type":"Point","coordinates":[-94.87492588259458,29.611742850057563]},"properties":{"substrate":"Solid Reef","lease_number":null,"poll_year":2024}},{"type":"Feature","id":"782995f7-8d8e-4337-98b4-b73cd7e2f517","geometry":{"type":"Point","coordinates":[-94.85991193590752,29.650302869831503]},"properties":{"substrate":"Mud","lease_number":null,"poll_year":2025}},{"type":"Feature","id":"78438ce0-c75e-4712-bf77-f10972a4e8a9","geometry":{"type":"Point","coordinates":[-94.85870200044123,29.650403634313406]},"properties":{"substrate":"Mud","lease_number":null,"poll_year":2024}},{"type":"Feature","id":"785e0627-58d9-48c7-840c-e0f3442871fb","geometry":{"type":"Point","coordinates":[-94.87378673257604,29.61257651633193]},"properties":{"substrate":"Solid Reef","lease_number":null,"poll_year":2023}},{"type":"Feature","id":"788ca922-acb9-4834-9f09-e03384ddfec9","geometry":{"type":"Point","coordinates":[-94.87409478375159,29.613102750008892]},"properties":{"substrate":"Solid Reef","lease_number":null,"poll_year":2023}},{"type":"Feature","id":"78c898a6-596c-4e87-b4cb-ec6efaa88f70","geometry":{"type":"Point","coordinates":[-94.87319153042834,29.612734679357384]},"properties":{"substrate":"Buried Shell","lease_number":null,"poll_year":2025}},{"type":"Feature","id":"78cd312f-22b3-4c6f-b0c4-61e890853f67","geometry":{"type":"Point","coordinates":[-94.87408410008791,29.61257586733492]},"properties":{"substrate":"Solid Reef","lease_number":null,"poll_year":2023}},{"type":"Feature","id":"78cd3a0d-3b43-4fc2-acbd-fc7a1127fafb","geometry":{"type":"Point","coordinates":[-94.85822271689781,29.648942250202744]},"properties":{"substrate":"Solid Reef","lease_number":null,"poll_year":2023}},{"type":"Feature","id":"78f132b1-cd0f-414e-9b98-0eaa8656b14b","geometry":{"type":"Point","coordinates":[-94.8671179722834,29.638482245073423]},"properties":{"substrate":"Mud","lease_number":null,"poll_year":2025}},{"type":"Feature","id":"78f79d6e-5b32-4bb6-9bda-9b3c4330e647","geometry":{"type":"Point","coordinates":[-94.85749078307904,29.646305450194724]},"properties":{"substrate":"Buried Shell","lease_number":null,"poll_year":2024}},{"type":"Feature","id":"790e7b7f-28b3-4ffc-b9c6-510a385e6da8","geometry":{"type":"Point","coordinates":[-94.86476656555189,29.641551749783588]},"properties":{"substrate":"Mud","lease_number":null,"poll_year":2024}},{"type":"Feature","id":"7926ba27-0f28-469e-9579-5f1ea0f08809","geometry":{"type":"Point","coordinates":[-94.86496163291919,29.637772366933618]},"properties":{"substrate":"Mud","lease_number":null,"poll_year":2023}},{"type":"Feature","id":"79285e28-d5ff-4e3e-87b2-bcdcf4f8a9a6","geometry":{"type":"Point","coordinates":[-94.87352023297396,29.61381088313231]},"properties":{"substrate":"Mud","lease_number":null,"poll_year":2023}},{"type":"Feature","id":"794278e3-c12c-46a7-bdab-fad0ad3b5acc","geometry":{"type":"Point","coordinates":[-94.8578717334382,29.647260216810828]},"properties":{"substrate":"Solid Reef","lease_number":null,"poll_year":2023}},{"type":"Feature","id":"797ab603-51fb-44b4-a85c-91757236a239","geometry":{"type":"Point","coordinates":[-94.87595081362136,29.612411978663513]},"properties":{"substrate":"Mud","lease_number":null,"poll_year":2025}},{"type":"Feature","id":"79920331-a855-46c0-9d37-825b8f84ed54","geometry":{"type":"Point","coordinates":[-94.85708873578541,29.64968223128406]},"properties":{"substrate":"Buried Shell","lease_number":null,"poll_year":2025}},{"type":"Feature","id":"79c57697-55d4-48d4-b896-6ad53f451f1b","geometry":{"type":"Point","coordinates":[-94.85776251626596,29.64660360035402]},"properties":{"substrate":"Buried Shell","lease_number":null,"poll_year":2024}},{"type":"Feature","id":"79dbcfde-17f4-4889-805f-2cd101164168","geometry":{"type":"Point","coordinates":[-94.8629858953513,29.638719598736557]},"properties":{"substrate":"Solid Reef","lease_number":null,"poll_year":2025}},{"type":"Feature","id":"79e10ada-ba80-4b2d-a10f-c189239b2367","geometry":{"type":"Point","coordinates":[-94.85829324991897,29.648789266987155]},"properties":{"substrate":"Solid Reef","lease_number":null,"poll_year":2024}},{"type":"Feature","id":"79ec4908-7025-4c62-a566-96ceac788522","geometry":{"type":"Point","coordinates":[-94.85741383339179,29.647618497686278]},"properties":{"substrate":"Solid Reef","lease_number":null,"poll_year":2025}},{"type":"Feature","id":"7a0207e7-8682-4644-8085-2111b8059f11","geometry":{"type":"Point","coordinates":[-94.85777220010472,29.64676468371974]},"properties":{"substrate":"Solid Reef","lease_number":null,"poll_year":2024}},{"type":"Feature","id":"7a0c12a2-23e0-4a6d-8359-e50bb3903235","geometry":{"type":"Point","coordinates":[-94.85780453316676,29.647420791662384]},"properties":{"substrate":"Solid Reef","lease_number":null,"poll_year":2025}},{"type":"Feature","id":"7a1b8d68-1b4a-4bb2-ad17-c3f6323618ff","geometry":{"type":"Point","coordinates":[-94.86243263374759,29.638993150296248]},"properties":{"substrate":"Mud","lease_number":null,"poll_year":2024}},{"type":"Feature","id":"7a3fec63-b127-402a-84fb-2d5524e9b7bf","geometry":{"type":"Point","coordinates":[-94.86639443142433,29.63998294683501]},"properties":{"substrate":"Buried Shell","lease_number":null,"poll_year":2025}},{"type":"Feature","id":"7a46cbf4-13ef-4b8e-b2a7-063dbd932cc4","geometry":{"type":"Point","coordinates":[-94.86621716686932,29.640069866882488]},"properties":{"substrate":"Mud","lease_number":null,"poll_year":2024}},{"type":"Feature","id":"7a5400ce-11a9-41a2-8605-4ff5a2f69127","geometry":{"type":"Point","coordinates":[-94.86564116441419,29.639846661645997]},"properties":{"substrate":"Solid Reef","lease_number":null,"poll_year":2025}},{"type":"Feature","id":"7a59f164-c13a-42b6-bf92-5cc7194e5d1f","geometry":{"type":"Point","coordinates":[-94.87457014974207,29.61271133268045]},"properties":{"substrate":"Buried Shell","lease_number":null,"poll_year":2024}},{"type":"Feature","id":"7a62b524-1740-4540-9494-70a5583eba55","geometry":{"type":"Point","coordinates":[-94.86504208603604,29.635769711177822]},"properties":{"substrate":"Mud","lease_number":null,"poll_year":2025}},{"type":"Feature","id":"7a6b3e7b-fc94-47d2-840d-13810ff09400","geometry":{"type":"Point","coordinates":[-94.86757452575519,29.63932156312593]},"properties":{"substrate":"Mud","lease_number":null,"poll_year":2025}},{"type":"Feature","id":"7a6c6838-d142-47a0-9863-76f10fa7243c","geometry":{"type":"Point","coordinates":[-94.85983801623775,29.649479599992045]},"properties":{"substrate":"Scattered Shell","lease_number":null,"poll_year":2023}},{"type":"Feature","id":"7a6e2d6e-c35b-435b-afdc-1b14158289f9","geometry":{"type":"Point","coordinates":[-94.87261436555326,29.61264959992947]},"properties":{"substrate":"Mud","lease_number":null,"poll_year":2024}},{"type":"Feature","id":"7a7ead3f-aef6-4f47-b77a-954f15250b72","geometry":{"type":"Point","coordinates":[-94.86455291922786,29.636408444610275]},"properties":{"substrate":"Mud","lease_number":null,"poll_year":2025}},{"type":"Feature","id":"7a8dfb2c-109f-43cc-9290-8cc57b2af037","geometry":{"type":"Point","coordinates":[-94.86347880004938,29.640099865626084]},"properties":{"substrate":"Mud","lease_number":null,"poll_year":2024}},{"type":"Feature","id":"7a9aa221-b39e-4e6a-930d-ae8f21c20fa2","geometry":{"type":"Point","coordinates":[-94.85638908292638,29.64645163320538]},"properties":{"substrate":"Buried Shell","lease_number":null,"poll_year":2024}},{"type":"Feature","id":"7ab5e94e-2cac-46c1-bb24-700b4c0d6abe","geometry":{"type":"Point","coordinates":[-94.8668711664473,29.639939966957332]},"properties":{"substrate":"Mud","lease_number":null,"poll_year":2024}},{"type":"Feature","id":"7acc77ea-9b6a-4425-bdf9-302e7f4fa3c3","geometry":{"type":"Point","coordinates":[-94.86657035030305,29.6406637336893]},"properties":{"substrate":"Mud","lease_number":null,"poll_year":2024}},{"type":"Feature","id":"7acd6f8b-4224-43f0-8eb4-4b0ba2d43062","geometry":{"type":"Point","coordinates":[-94.86651499970851,29.639423633124572]},"properties":{"substrate":"Solid Reef","lease_number":null,"poll_year":2024}},{"type":"Feature","id":"7ad8b573-5ef0-4a71-8593-7724ccc99bf1","geometry":{"type":"Point","coordinates":[-94.85889556672372,29.648345516290505]},"properties":{"substrate":"Scattered Shell","lease_number":null,"poll_year":2023}},{"type":"Feature","id":"7adcf8c8-3aea-4824-b432-f431132e2bbe","geometry":{"type":"Point","coordinates":[-94.8596261961887,29.649090827695055]},"properties":{"substrate":"Buried Shell","lease_number":null,"poll_year":2025}},{"type":"Feature","id":"7ae1e832-1e2f-4911-81ac-f12dd25bd9f9","geometry":{"type":"Point","coordinates":[-94.87653689966555,29.611866915650594]},"properties":{"substrate":"Mud","lease_number":null,"poll_year":2023}},{"type":"Feature","id":"7b1e11f2-86d6-4fe4-8b8b-1b25e9d2719c","geometry":{"type":"Point","coordinates":[-94.85643338334464,29.6462141673884]},"properties":{"substrate":"Mud","lease_number":null,"poll_year":2023}},{"type":"Feature","id":"7b3dd43f-d9f9-4f00-bc9d-cd817cb86037","geometry":{"type":"Point","coordinates":[-94.87365741559933,29.612799117376024]},"properties":{"substrate":"Solid Reef","lease_number":null,"poll_year":2023}},{"type":"Feature","id":"7b4ca9a1-af76-4161-8521-e1fb742a2f3d","geometry":{"type":"Point","coordinates":[-94.86662280562743,29.639703873215083]},"properties":{"substrate":"Solid Reef","lease_number":null,"poll_year":2025}},{"type":"Feature","id":"7b543488-4f05-485d-8b2f-9e24965e1b94","geometry":{"type":"Point","coordinates":[-94.85786012271315,29.65054081471441]},"properties":{"substrate":"Mud","lease_number":null,"poll_year":2025}},{"type":"Feature","id":"7b623439-1ddc-4aac-91bc-9d737fc938e9","geometry":{"type":"Point","coordinates":[-94.86440220168613,29.638576743121813]},"properties":{"substrate":"Solid Reef","lease_number":null,"poll_year":2025}},{"type":"Feature","id":"7b6b436b-1004-4037-bcdd-29cf0d1ce0cb","geometry":{"type":"Point","coordinates":[-94.874628766611,29.612850933138645]},"properties":{"substrate":"Solid Reef","lease_number":null,"poll_year":2023}},{"type":"Feature","id":"7b801810-8dbb-430a-8cbe-3f6b65cbcbd5","geometry":{"type":"Point","coordinates":[-94.86578129980188,29.63644056196936]},"properties":{"substrate":"Mud","lease_number":null,"poll_year":2025}},{"type":"Feature","id":"7b89416f-2b3e-4321-82ee-1bc8f86478c0","geometry":{"type":"Point","coordinates":[-94.85913588313021,29.64860580017974]},"properties":{"substrate":"Buried Shell","lease_number":null,"poll_year":2023}},{"type":"Feature","id":"7b90092b-2634-41fd-837a-ea3efb43b005","geometry":{"type":"Point","coordinates":[-94.86289058859123,29.640396122062985]},"properties":{"substrate":"Mud","lease_number":null,"poll_year":2025}},{"type":"Feature","id":"7beec9bc-c210-45b8-988f-9290e9c85cec","geometry":{"type":"Point","coordinates":[-94.85730220514135,29.649742117640216]},"properties":{"substrate":"Buried Shell","lease_number":null,"poll_year":2025}},{"type":"Feature","id":"7c21fd03-8566-4d2c-bfb9-25bf6fcda10b","geometry":{"type":"Point","coordinates":[-94.86511038315047,29.63850843329221]},"properties":{"substrate":"Mud","lease_number":null,"poll_year":2023}},{"type":"Feature","id":"7c31e396-34f7-4649-bbed-d3c5adca7ff9","geometry":{"type":"Point","coordinates":[-94.87414753372339,29.61240234990583]},"properties":{"substrate":"Solid Reef","lease_number":null,"poll_year":2024}},{"type":"Feature","id":"7c39dd93-d073-4f49-b80c-0434b5e98881","geometry":{"type":"Point","coordinates":[-94.87570895031594,29.613452767049004]},"properties":{"substrate":"Mud","lease_number":null,"poll_year":2023}},{"type":"Feature","id":"7c44c68a-ee49-44f8-8754-0f057d72a609","geometry":{"type":"Point","coordinates":[-94.86762862858981,29.63983969716116]},"properties":{"substrate":"Mud","lease_number":null,"poll_year":2025}},{"type":"Feature","id":"7c4eceb5-70d7-43e1-b241-596213afcbe8","geometry":{"type":"Point","coordinates":[-94.87621188200924,29.611719344609984]},"properties":{"substrate":"Mud","lease_number":null,"poll_year":2025}},{"type":"Feature","id":"7c5ededa-bbad-4916-a790-ffc08188787e","geometry":{"type":"Point","coordinates":[-94.87627684996721,29.611810715690435]},"properties":{"substrate":"Mud","lease_number":null,"poll_year":2023}},{"type":"Feature","id":"7c987c87-73d0-44ba-ad29-6fbdc2440786","geometry":{"type":"Point","coordinates":[-94.87557710009013,29.61263604988039]},"properties":{"substrate":"Mud","lease_number":null,"poll_year":2024}},{"type":"Feature","id":"7c98c833-acc7-4790-aadb-19016643fc2a","geometry":{"type":"Point","coordinates":[-94.87581277040998,29.61362246370201]},"properties":{"substrate":"Mud","lease_number":null,"poll_year":2025}},{"type":"Feature","id":"7ca210b8-e182-49f8-bcf1-7ddf7c988490","geometry":{"type":"Point","coordinates":[-94.87361465309685,29.61358854204428]},"properties":{"substrate":"Buried Shell","lease_number":null,"poll_year":2025}},{"type":"Feature","id":"7cd9f327-f17f-467c-86c4-de7a91518246","geometry":{"type":"Point","coordinates":[-94.87376003644243,29.6122361211189]},"properties":{"substrate":"Solid Reef","lease_number":null,"poll_year":2025}},{"type":"Feature","id":"7cf0387e-6013-40a0-bb44-1304de7555d8","geometry":{"type":"Point","coordinates":[-94.85856753701626,29.649371086158236]},"properties":{"substrate":"Buried Shell","lease_number":null,"poll_year":2025}},{"type":"Feature","id":"7d21a243-b26f-4705-8b94-afa73a185fef","geometry":{"type":"Point","coordinates":[-94.85561545560033,29.648956933631222]},"properties":{"substrate":"Mud","lease_number":null,"poll_year":2025}},{"type":"Feature","id":"7d25e781-bec2-4eec-986d-b439a48be497","geometry":{"type":"Point","coordinates":[-94.85863001035268,29.64806488725839]},"properties":{"substrate":"Buried Shell","lease_number":null,"poll_year":2025}},{"type":"Feature","id":"7d27a0d7-3b52-45e6-8de3-f3b781c9fc75","geometry":{"type":"Point","coordinates":[-94.86339541662808,29.638133500206973]},"properties":{"substrate":"Mud","lease_number":null,"poll_year":2024}},{"type":"Feature","id":"7d67ce32-c45a-4828-8512-40b2afb6c9b4","geometry":{"type":"Point","coordinates":[-94.85865986675947,29.64827438302758]},"properties":{"substrate":"Solid Reef","lease_number":null,"poll_year":2024}},{"type":"Feature","id":"7d719e07-fc73-4f0b-9a49-4cd276514476","geometry":{"type":"Point","coordinates":[-94.87531115744352,29.613819534757546]},"properties":{"substrate":"Mud","lease_number":null,"poll_year":2025}},{"type":"Feature","id":"7d7e5e1f-9dc5-493f-9353-a7f65c05c79d","geometry":{"type":"Point","coordinates":[-94.85816241658605,29.648917449662207]},"properties":{"substrate":"Solid Reef","lease_number":null,"poll_year":2024}},{"type":"Feature","id":"7d7e7493-43f2-4e1d-87ab-48c29d42421a","geometry":{"type":"Point","coordinates":[-94.8576011006875,29.64935932182015]},"properties":{"substrate":"Buried Shell","lease_number":null,"poll_year":2025}},{"type":"Feature","id":"7d8914b0-8284-49ec-9723-48377bc22cb8","geometry":{"type":"Point","coordinates":[-94.85631738299367,29.6471285843866]},"properties":{"substrate":"Solid Reef","lease_number":null,"poll_year":2023}},{"type":"Feature","id":"7d91db7b-b572-4794-b52b-950704b4b1aa","geometry":{"type":"Point","coordinates":[-94.87336113325232,29.61191954333912]},"properties":{"substrate":"Solid Reef","lease_number":null,"poll_year":2025}},{"type":"Feature","id":"7dad001b-b93c-41b1-8058-5fc2d512d2a2","geometry":{"type":"Point","coordinates":[-94.86405742199187,29.64034858892327]},"properties":{"substrate":"Mud","lease_number":null,"poll_year":2025}},{"type":"Feature","id":"7daf7e57-93c0-46d1-bf29-dbf7fab9467b","geometry":{"type":"Point","coordinates":[-94.87507363389925,29.612572064727814]},"properties":{"substrate":"Buried Shell","lease_number":null,"poll_year":2025}},{"type":"Feature","id":"7dbb86dc-bd98-4ae9-95a7-41a4f8693e2e","geometry":{"type":"Point","coordinates":[-94.8655253320482,29.63700373063094]},"properties":{"substrate":"Mud","lease_number":null,"poll_year":2025}},{"type":"Feature","id":"7dc96650-061f-40df-9cf2-0e140525724c","geometry":{"type":"Point","coordinates":[-94.8661568162519,29.63639421689956]},"properties":{"substrate":"Mud","lease_number":null,"poll_year":2023}},{"type":"Feature","id":"7df06617-0779-4801-addc-5506079411f6","geometry":{"type":"Point","coordinates":[-94.85862948304161,29.64891396695293]},"properties":{"substrate":"Solid Reef","lease_number":null,"poll_year":2024}},{"type":"Feature","id":"7dfce9be-f296-48ef-9f52-b7d7043a1731","geometry":{"type":"Point","coordinates":[-94.85758676627051,29.647305234350043]},"properties":{"substrate":"Solid Reef","lease_number":null,"poll_year":2023}},{"type":"Feature","id":"7e1666ca-d57c-4f22-b9c3-c59e2b2aa130","geometry":{"type":"Point","coordinates":[-94.87237060859923,29.612887997711212]},"properties":{"substrate":"Mud","lease_number":null,"poll_year":2025}},{"type":"Feature","id":"7e5b92a2-6756-4f57-bb0a-bdc885933242","geometry":{"type":"Point","coordinates":[-94.85654968373288,29.64784381703113]},"properties":{"substrate":"Solid Reef","lease_number":null,"poll_year":2024}},{"type":"Feature","id":"7e628313-e490-4e25-80bd-f14fec5f9928","geometry":{"type":"Point","coordinates":[-94.85670366665067,29.64681851734571]},"properties":{"substrate":"Solid Reef","lease_number":null,"poll_year":2024}},{"type":"Feature","id":"7e6ff16c-1dcd-48c2-92cc-bef70b8cbfc4","geometry":{"type":"Point","coordinates":[-94.86457625925559,29.640490861914586]},"properties":{"substrate":"Buried Shell","lease_number":null,"poll_year":2025}},{"type":"Feature","id":"7eae1ba8-66bc-474d-b1aa-2ed34dc4a4be","geometry":{"type":"Point","coordinates":[-94.87432998155761,29.613797028659615]},"properties":{"substrate":"Mud","lease_number":null,"poll_year":2025}},{"type":"Feature","id":"7ee5df98-5d50-467c-9589-333a1ebcd470","geometry":{"type":"Point","coordinates":[-94.87422973316515,29.613253466365435]},"properties":{"substrate":"Buried Shell","lease_number":null,"poll_year":2024}},{"type":"Feature","id":"7eeb9e8d-481e-4779-bc18-5e10ccffe397","geometry":{"type":"Point","coordinates":[-94.85610678375508,29.645429756107387]},"properties":{"substrate":"Mud","lease_number":null,"poll_year":2025}},{"type":"Feature","id":"7eee327c-459d-417a-93c1-8030f6cee107","geometry":{"type":"Point","coordinates":[-94.85654838297235,29.64612061571774]},"properties":{"substrate":"Mud","lease_number":null,"poll_year":2023}},{"type":"Feature","id":"7ef78648-2c77-42eb-a8e3-58537a7af424","geometry":{"type":"Point","coordinates":[-94.86575880059728,29.640360299660596]},"properties":{"substrate":"Solid Reef","lease_number":null,"poll_year":2025}},{"type":"Feature","id":"7efe8417-7b0c-4c6f-9cde-ace5f3b8cb5f","geometry":{"type":"Point","coordinates":[-94.8575630669167,29.64638118329661]},"properties":{"substrate":"Buried Shell","lease_number":null,"poll_year":2024}},{"type":"Feature","id":"7f185895-e3e6-49cc-a73a-593d60086aa3","geometry":{"type":"Point","coordinates":[-94.85743805826006,29.64595133996066]},"properties":{"substrate":"Mud","lease_number":null,"poll_year":2025}},{"type":"Feature","id":"7f1e34e6-732a-4c37-8f1d-e5dc5c45d19e","geometry":{"type":"Point","coordinates":[-94.8659417847257,29.63747413596707]},"properties":{"substrate":"Buried Shell","lease_number":null,"poll_year":2025}},{"type":"Feature","id":"7f22fb46-4887-479b-a249-605a70acb7b2","geometry":{"type":"Point","coordinates":[-94.85884219511773,29.647019726064624]},"properties":{"substrate":"Mud","lease_number":null,"poll_year":2025}},{"type":"Feature","id":"7f36f4c1-1282-4f13-9aa9-014ae90a5508","geometry":{"type":"Point","coordinates":[-94.85883549997392,29.647213882966607]},"properties":{"substrate":"Buried Shell","lease_number":null,"poll_year":2024}},{"type":"Feature","id":"7f45ef11-d074-4214-9ff0-8bca54f66277","geometry":{"type":"Point","coordinates":[-94.86581211740602,29.638152284333017]},"properties":{"substrate":"Solid Reef","lease_number":null,"poll_year":2024}},{"type":"Feature","id":"7f6b65d5-1292-425a-a289-059de72faf01","geometry":{"type":"Point","coordinates":[-94.8743938230282,29.6121557232839]},"properties":{"substrate":"Solid Reef","lease_number":null,"poll_year":2025}},{"type":"Feature","id":"7f89c93f-4edb-44f9-8d23-5614f16342ea","geometry":{"type":"Point","coordinates":[-94.86369236642334,29.6407784499338]},"properties":{"substrate":"Mud","lease_number":null,"poll_year":2024}},{"type":"Feature","id":"7f8ea9c4-e045-4a1e-98d0-79bf79cd55a0","geometry":{"type":"Point","coordinates":[-94.8589863316017,29.6474766220004]},"properties":{"substrate":"Mud","lease_number":null,"poll_year":2025}},{"type":"Feature","id":"7f96aae1-c9aa-4090-a1bb-ead501a07b0f","geometry":{"type":"Point","coordinates":[-94.87487493374492,29.61258475023717]},"properties":{"substrate":"Solid Reef","lease_number":null,"poll_year":2023}},{"type":"Feature","id":"7f971f74-cd4c-4b3d-81e3-79f30ba1d536","geometry":{"type":"Point","coordinates":[-94.8632990336863,29.63878538338031]},"properties":{"substrate":"Buried Shell","lease_number":null,"poll_year":2024}},{"type":"Feature","id":"7fad6eff-c86a-49a5-b285-4cf98a0e409b","geometry":{"type":"Point","coordinates":[-94.8662308607875,29.638440325638925]},"properties":{"substrate":"Solid Reef","lease_number":null,"poll_year":2025}},{"type":"Feature","id":"7fba3a4c-080e-4415-8fb1-3056aec97b9e","geometry":{"type":"Point","coordinates":[-94.85729356694156,29.646357133179052]},"properties":{"substrate":"Buried Shell","lease_number":null,"poll_year":2023}},{"type":"Feature","id":"7fc5fd41-9c81-4d71-bee1-8f58f2591fd7","geometry":{"type":"Point","coordinates":[-94.85574008337129,29.647495933706494]},"properties":{"substrate":"Buried Shell","lease_number":null,"poll_year":2024}},{"type":"Feature","id":"7ffb4cc9-a359-4a6c-891c-4f480d49c751","geometry":{"type":"Point","coordinates":[-94.87332223440389,29.612421816724087]},"properties":{"substrate":"Buried Shell","lease_number":null,"poll_year":2024}},{"type":"Feature","id":"8017b7d2-7322-446d-82b4-ecdf66da7f9f","geometry":{"type":"Point","coordinates":[-94.85528131285737,29.645860664237368]},"properties":{"substrate":"Buried Shell","lease_number":null,"poll_year":2025}},{"type":"Feature","id":"80180cf9-4a34-4452-b7df-fe22d1167b7d","geometry":{"type":"Point","coordinates":[-94.8572549905883,29.647944726844504]},"properties":{"substrate":"Solid Reef","lease_number":null,"poll_year":2025}},{"type":"Feature","id":"8044c6f9-e706-4f3f-9c1f-ce3eefd8a4dd","geometry":{"type":"Point","coordinates":[-94.86424907216785,29.638475384338356]},"properties":{"substrate":"Solid Reef","lease_number":null,"poll_year":2025}},{"type":"Feature","id":"808f634f-2807-4c3f-9f28-28843ad6d5ea","geometry":{"type":"Point","coordinates":[-94.8592697833115,29.649198333167547]},"properties":{"substrate":"Buried Shell","lease_number":null,"poll_year":2024}},{"type":"Feature","id":"80ba5ca6-f43f-41c2-b0d6-2b8d9791252d","geometry":{"type":"Point","coordinates":[-94.85723931678324,29.64989223269961]},"properties":{"substrate":"Mud","lease_number":null,"poll_year":2023}},{"type":"Feature","id":"80ecf5fd-5daa-4bd5-a853-4050e8de1da6","geometry":{"type":"Point","coordinates":[-94.86612531682646,29.63829225008808]},"properties":{"substrate":"Buried Shell","lease_number":null,"poll_year":2024}},{"type":"Feature","id":"80f9fd88-bb0b-4575-ac1b-9715b3b8130a","geometry":{"type":"Point","coordinates":[-94.86488160740043,29.639411901978157]},"properties":{"substrate":"Solid Reef","lease_number":null,"poll_year":2025}},{"type":"Feature","id":"810965c8-d15b-4b8d-9304-216ec013db17","geometry":{"type":"Point","coordinates":[-94.87514693732476,29.613385374231598]},"properties":{"substrate":"Mud","lease_number":null,"poll_year":2025}},{"type":"Feature","id":"8113fb62-eaae-4f45-aef9-24a4e45dca3c","geometry":{"type":"Point","coordinates":[-94.86707575236336,29.639036749735023]},"properties":{"substrate":"Mud","lease_number":null,"poll_year":2025}},{"type":"Feature","id":"81215d5a-1ac7-4f89-9976-6a7a6c704ffd","geometry":{"type":"Point","coordinates":[-94.86244023798648,29.6384610749375]},"properties":{"substrate":"Mud","lease_number":null,"poll_year":2025}},{"type":"Feature","id":"8126949c-2969-4447-8538-ed95773b0427","geometry":{"type":"Point","coordinates":[-94.86580383673574,29.638680764266027]},"properties":{"substrate":"Solid Reef","lease_number":null,"poll_year":2025}},{"type":"Feature","id":"814d4562-c622-4483-a801-ea6900df85ba","geometry":{"type":"Point","coordinates":[-94.85925086209669,29.649809465058794]},"properties":{"substrate":"Buried Shell","lease_number":null,"poll_year":2025}},{"type":"Feature","id":"81630b24-f5ce-4f3c-a232-3d27a07e5a7f","geometry":{"type":"Point","coordinates":[-94.8586345836758,29.646920333037805]},"properties":{"substrate":"Mud","lease_number":null,"poll_year":2023}},{"type":"Feature","id":"81691b72-d0fa-48a2-b96f-564d331a4bf8","geometry":{"type":"Point","coordinates":[-94.85794552824217,29.648626161715768]},"properties":{"substrate":"Solid Reef","lease_number":null,"poll_year":2025}},{"type":"Feature","id":"818c2d18-d66e-428a-9af6-159663909a4f","geometry":{"type":"Point","coordinates":[-94.85481064415751,29.64610861131776]},"properties":{"substrate":"Scattered Shell","lease_number":null,"poll_year":2025}},{"type":"Feature","id":"81c5a921-1e5c-4c6a-85cf-53bf0370345a","geometry":{"type":"Point","coordinates":[-94.85713869199668,29.64982357376972]},"properties":{"substrate":"Buried Shell","lease_number":null,"poll_year":2025}},{"type":"Feature","id":"81ded41a-9275-4e0b-8599-503206fb24ba","geometry":{"type":"Point","coordinates":[-94.8736582833719,29.612927699641123]},"properties":{"substrate":"Solid Reef","lease_number":null,"poll_year":2024}},{"type":"Feature","id":"81df596b-0525-4b1a-9fa7-7573cf0a1ce5","geometry":{"type":"Point","coordinates":[-94.8655865998455,29.637718399640683]},"properties":{"substrate":"Buried Shell","lease_number":null,"poll_year":2024}},{"type":"Feature","id":"81ef7818-62ab-4ff4-b665-decfb07885c1","geometry":{"type":"Point","coordinates":[-94.85837702590405,29.646191560787003]},"properties":{"substrate":"Mud","lease_number":null,"poll_year":2025}},{"type":"Feature","id":"8228dec8-4a73-4936-98f3-9c114a3e4fa6","geometry":{"type":"Point","coordinates":[-94.85407434632307,29.646492215053602]},"properties":{"substrate":"Mud","lease_number":null,"poll_year":2025}},{"type":"Feature","id":"822e8cd5-4b54-4e22-8773-c1286c8bdebb","geometry":{"type":"Point","coordinates":[-94.85591903316575,29.648110432976804]},"properties":{"substrate":"Scattered Shell","lease_number":null,"poll_year":2023}},{"type":"Feature","id":"82375818-cdde-47d7-9c45-a5963aba2e3d","geometry":{"type":"Point","coordinates":[-94.85723501744629,29.649658650372622]},"properties":{"substrate":"Buried Shell","lease_number":null,"poll_year":2024}},{"type":"Feature","id":"825e6b52-e937-43bf-8866-0a97f418bd23","geometry":{"type":"Point","coordinates":[-94.86537588202931,29.63776926876723]},"properties":{"substrate":"Solid Reef","lease_number":null,"poll_year":2025}},{"type":"Feature","id":"8266292a-e159-43b6-8b62-10e7977e947f","geometry":{"type":"Point","coordinates":[-94.86535185029884,29.639565933188337]},"properties":{"substrate":"Mud","lease_number":null,"poll_year":2024}},{"type":"Feature","id":"826ec63b-a975-46ed-a6a7-31adfee0b16c","geometry":{"type":"Point","coordinates":[-94.865870133302,29.63954071730848]},"properties":{"substrate":"Buried Shell","lease_number":null,"poll_year":2024}},{"type":"Feature","id":"8278e921-33ef-471e-a7f0-a9db03f64aa9","geometry":{"type":"Point","coordinates":[-94.85974968399753,29.64810283903245]},"properties":{"substrate":"Buried Shell","lease_number":null,"poll_year":2025}},{"type":"Feature","id":"8279ffa1-3682-4d22-a017-96ecb939adb4","geometry":{"type":"Point","coordinates":[-94.85807281861962,29.6506635553256]},"properties":{"substrate":"Mud","lease_number":null,"poll_year":2025}},{"type":"Feature","id":"82928d01-e3fc-4d3d-8093-41f34901c3ad","geometry":{"type":"Point","coordinates":[-94.85665600024508,29.65013051737366]},"properties":{"substrate":"Buried Shell","lease_number":null,"poll_year":2024}},{"type":"Feature","id":"8295202c-08c2-4993-a091-1820484d6204","geometry":{"type":"Point","coordinates":[-94.87426895900035,29.61192646836181]},"properties":{"substrate":"Solid Reef","lease_number":null,"poll_year":2025}},{"type":"Feature","id":"82977173-d16b-4507-8f4b-5d193f785c21","geometry":{"type":"Point","coordinates":[-94.86527201701954,29.638788283197332]},"properties":{"substrate":"Buried Shell","lease_number":null,"poll_year":2024}},{"type":"Feature","id":"82aaff60-3ad2-488d-9201-7a623ef0528d","geometry":{"type":"Point","coordinates":[-94.85779344975276,29.649702633198487]},"properties":{"substrate":"Buried Shell","lease_number":null,"poll_year":2024}},{"type":"Feature","id":"82b1e8a9-7d4e-417e-b439-9ac8d9fdd32e","geometry":{"type":"Point","coordinates":[-94.87516926674776,29.61218853329951]},"properties":{"substrate":"Buried Shell","lease_number":null,"poll_year":2024}},{"type":"Feature","id":"82b58f04-47dd-4e28-af69-4ffd00fc0dfc","geometry":{"type":"Point","coordinates":[-94.87396790031096,29.612272083165923]},"properties":{"substrate":"Buried Shell","lease_number":null,"poll_year":2024}},{"type":"Feature","id":"82ca563a-c933-4e30-ae71-7ab38de8a0fc","geometry":{"type":"Point","coordinates":[-94.85636984999616,29.6470242643677]},"properties":{"substrate":"Buried Shell","lease_number":null,"poll_year":2025}},{"type":"Feature","id":"82ccd160-c770-4cc8-b419-78a11d606cbf","geometry":{"type":"Point","coordinates":[-94.85857316675813,29.64633868317098]},"properties":{"substrate":"Mud","lease_number":null,"poll_year":2023}},{"type":"Feature","id":"82d84b15-e4db-46f3-9e40-a956f7332552","geometry":{"type":"Point","coordinates":[-94.86480153337264,29.63909255036821]},"properties":{"substrate":"Solid Reef","lease_number":null,"poll_year":2023}},{"type":"Feature","id":"82e63b61-edff-4f9f-89a2-368956647e42","geometry":{"type":"Point","coordinates":[-94.85487643317565,29.646370632630553]},"properties":{"substrate":"Mud","lease_number":null,"poll_year":2023}},{"type":"Feature","id":"832546c4-e6f0-47fa-92aa-bcaddf1f5ad0","geometry":{"type":"Point","coordinates":[-94.85931159000651,29.648361716717414]},"properties":{"substrate":"Solid Reef","lease_number":null,"poll_year":2025}},{"type":"Feature","id":"83278664-c6ac-4e74-9e39-a1ce45bf6bde","geometry":{"type":"Point","coordinates":[-94.86014745890365,29.649019469336334]},"properties":{"substrate":"Buried Shell","lease_number":null,"poll_year":2025}},{"type":"Feature","id":"832ea58f-76fc-40eb-832b-96b482757926","geometry":{"type":"Point","coordinates":[-94.86547430055353,29.636611391886255]},"properties":{"substrate":"Mud","lease_number":null,"poll_year":2025}},{"type":"Feature","id":"8364a4e8-29c3-4fd1-abfb-000554b35c87","geometry":{"type":"Point","coordinates":[-94.85913416555137,29.64875775002379]},"properties":{"substrate":"Buried Shell","lease_number":null,"poll_year":2024}},{"type":"Feature","id":"837b5090-ae3d-420c-934d-e88845f02856","geometry":{"type":"Point","coordinates":[-94.86633531868537,29.635923655824307]},"properties":{"substrate":"Mud","lease_number":null,"poll_year":2025}},{"type":"Feature","id":"838d2a53-c46a-4d77-92ba-ecce68bb2737","geometry":{"type":"Point","coordinates":[-94.85921495912972,29.64763753065118]},"properties":{"substrate":"Mud","lease_number":null,"poll_year":2025}},{"type":"Feature","id":"83dc0da9-b930-44b8-bddc-ef70a2336fb5","geometry":{"type":"Point","coordinates":[-94.85673878359177,29.646421399795866]},"properties":{"substrate":"Buried Shell","lease_number":null,"poll_year":2024}},{"type":"Feature","id":"83df8fcf-604a-4391-9fed-d6b68502f677","geometry":{"type":"Point","coordinates":[-94.8740799849056,29.61281233626713]},"properties":{"substrate":"Solid Reef","lease_number":null,"poll_year":2025}},{"type":"Feature","id":"83fb54c7-9082-4f82-b423-0cf6d3983ab9","geometry":{"type":"Point","coordinates":[-94.85814843341032,29.649305199913886]},"properties":{"substrate":"Solid Reef","lease_number":null,"poll_year":2024}},{"type":"Feature","id":"8424db2f-cf00-4266-bc0c-7221f773b112","geometry":{"type":"Point","coordinates":[-94.86520566026613,29.63769204803167]},"properties":{"substrate":"Solid Reef","lease_number":null,"poll_year":2025}},{"type":"Feature","id":"84350ee5-9bc9-4169-a8c2-49ef3e8df9d8","geometry":{"type":"Point","coordinates":[-94.858547474941,29.6507426233677]},"properties":{"substrate":"Mud","lease_number":null,"poll_year":2025}},{"type":"Feature","id":"84453523-f9b0-4f01-aa9d-3fd40d911900","geometry":{"type":"Point","coordinates":[-94.87313053302394,29.612889016891067]},"properties":{"substrate":"Buried Shell","lease_number":null,"poll_year":2024}},{"type":"Feature","id":"8455fe13-df0b-413e-917d-70044423dbb2","geometry":{"type":"Point","coordinates":[-94.86641281005673,29.638863728380606]},"properties":{"substrate":"Solid Reef","lease_number":null,"poll_year":2025}},{"type":"Feature","id":"845c8aee-18b0-499a-93c2-876b72a2fcb9","geometry":{"type":"Point","coordinates":[-94.85848160417618,29.646398670667892]},"properties":{"substrate":"Mud","lease_number":null,"poll_year":2025}},{"type":"Feature","id":"84835fd5-4a17-4cd5-b915-45511e42e9ee","geometry":{"type":"Point","coordinates":[-94.8749660804069,29.612626254013815]},"properties":{"substrate":"Buried Shell","lease_number":null,"poll_year":2025}},{"type":"Feature","id":"84ca518b-d09c-4555-a19d-4c8dc0e3ddea","geometry":{"type":"Point","coordinates":[-94.85432930976029,29.646674348341797]},"properties":{"substrate":"Mud","lease_number":null,"poll_year":2025}},{"type":"Feature","id":"84d19660-cc5a-404c-a1c0-dda84af17ea0","geometry":{"type":"Point","coordinates":[-94.85735466675393,29.647109916700277]},"properties":{"substrate":"Solid Reef","lease_number":null,"poll_year":2024}},{"type":"Feature","id":"84e12a5e-4d2a-493d-b668-ecb6641cd150","geometry":{"type":"Point","coordinates":[-94.86264606627257,29.63866116666477]},"properties":{"substrate":"Buried Shell","lease_number":null,"poll_year":2024}},{"type":"Feature","id":"850d5bdd-49bd-4b38-abc5-2c44d3d5f425","geometry":{"type":"Point","coordinates":[-94.86487951702077,29.638174966914036]},"properties":{"substrate":"Solid Reef","lease_number":null,"poll_year":2024}},{"type":"Feature","id":"852be35d-9466-4155-857a-f3ada3e91282","geometry":{"type":"Point","coordinates":[-94.86632851664204,29.638918999741517]},"properties":{"substrate":"Solid Reef","lease_number":null,"poll_year":2024}},{"type":"Feature","id":"855bd2f9-e5be-4c3f-b7da-eb6b144634ff","geometry":{"type":"Point","coordinates":[-94.8746052163775,29.611688783693054]},"properties":{"substrate":"Solid Reef","lease_number":null,"poll_year":2023}},{"type":"Feature","id":"85732a68-9ed8-484e-84c6-e992ebcb9a7f","geometry":{"type":"Point","coordinates":[-94.85770163384589,29.648563902916287]},"properties":{"substrate":"Solid Reef","lease_number":null,"poll_year":2025}},{"type":"Feature","id":"85768641-7cf1-429c-95c9-faebe408be5e","geometry":{"type":"Point","coordinates":[-94.85718291695643,29.648524649881598]},"properties":{"substrate":"Solid Reef","lease_number":null,"poll_year":2024}},{"type":"Feature","id":"858152e7-75bb-4a18-88fd-e2711065bd88","geometry":{"type":"Point","coordinates":[-94.85910480142137,29.649902320825777]},"properties":{"substrate":"Mud","lease_number":null,"poll_year":2025}},{"type":"Feature","id":"858a6f91-bbfb-4dfd-aa5e-f34d09a804ef","geometry":{"type":"Point","coordinates":[-94.87288015009636,29.612466200055945]},"properties":{"substrate":"Buried Shell","lease_number":null,"poll_year":2023}},{"type":"Feature","id":"859d9913-a935-4f85-82d4-b9e54b91f741","geometry":{"type":"Point","coordinates":[-94.86515479855306,29.63978262662554]},"properties":{"substrate":"Solid Reef","lease_number":null,"poll_year":2025}},{"type":"Feature","id":"85a7eb9c-159c-4d6e-8b63-3298b3e2e713","geometry":{"type":"Point","coordinates":[-94.87425100257614,29.614043351372825]},"properties":{"substrate":"Mud","lease_number":null,"poll_year":2025}},{"type":"Feature","id":"85c8d964-ce37-41e8-8506-6f67bd5d6d3d","geometry":{"type":"Point","coordinates":[-94.85746428367648,29.64966839970026]},"properties":{"substrate":"Buried Shell","lease_number":null,"poll_year":2024}},{"type":"Feature","id":"860441fd-fb31-4def-8222-3b027a8998fa","geometry":{"type":"Point","coordinates":[-94.8559456241965,29.646191156372712]},"properties":{"substrate":"Mud","lease_number":null,"poll_year":2025}},{"type":"Feature","id":"8631c338-a81a-495f-9c01-c64372e35398","geometry":{"type":"Point","coordinates":[-94.85663668377151,29.646405049938974]},"properties":{"substrate":"Mud","lease_number":null,"poll_year":2023}},{"type":"Feature","id":"8654f8b6-fa96-49a1-9af6-2c36832de401","geometry":{"type":"Point","coordinates":[-94.85636020029337,29.649662365703435]},"properties":{"substrate":"Buried Shell","lease_number":null,"poll_year":2024}},{"type":"Feature","id":"865b2bbe-be4b-4196-82e6-8bdc67bbcb6f","geometry":{"type":"Point","coordinates":[-94.85870511669697,29.649101183681715]},"properties":{"substrate":"Buried Shell","lease_number":null,"poll_year":2024}},{"type":"Feature","id":"8669774a-cdb6-4930-8630-f2b1b21f381f","geometry":{"type":"Point","coordinates":[-94.87349886744325,29.61284073430668]},"properties":{"substrate":"Buried Shell","lease_number":null,"poll_year":2023}},{"type":"Feature","id":"866af69a-7ca7-40bb-89a9-212b8072b280","geometry":{"type":"Point","coordinates":[-94.8559878836424,29.650049166885992]},"properties":{"substrate":"Mud","lease_number":null,"poll_year":2024}},{"type":"Feature","id":"867b3d11-f316-4f1d-9f77-a8e9f5912d28","geometry":{"type":"Point","coordinates":[-94.86336774941563,29.636436327700512]},"properties":{"substrate":"Mud","lease_number":null,"poll_year":2025}},{"type":"Feature","id":"867c52e2-60ac-44e9-92ba-c8c89ee6f77c","geometry":{"type":"Point","coordinates":[-94.85662236372758,29.65058962180984]},"properties":{"substrate":"Mud","lease_number":null,"poll_year":2025}},{"type":"Feature","id":"867d5cde-e70e-401a-b90f-1bec55d08216","geometry":{"type":"Point","coordinates":[-94.87303744959421,29.6125673163498]},"properties":{"substrate":"Solid Reef","lease_number":null,"poll_year":2023}},{"type":"Feature","id":"86989eb8-7e5e-4167-8f16-19935d8d3ce6","geometry":{"type":"Point","coordinates":[-94.85841843374708,29.64846508367087]},"properties":{"substrate":"Solid Reef","lease_number":null,"poll_year":2023}},{"type":"Feature","id":"869fea4d-5b31-423c-b43b-7c7ea02c4eb2","geometry":{"type":"Point","coordinates":[-94.85611706677014,29.64678310007887]},"properties":{"substrate":"Buried Shell","lease_number":null,"poll_year":2023}},{"type":"Feature","id":"86c4580d-bb23-4cd6-a25c-ba940fafb35d","geometry":{"type":"Point","coordinates":[-94.86236717171622,29.639045397632817]},"properties":{"substrate":"Mud","lease_number":null,"poll_year":2025}},{"type":"Feature","id":"86c55e0d-4975-476a-9bd4-9e905c9b7b27","geometry":{"type":"Point","coordinates":[-94.86538558293607,29.638818500160255]},"properties":{"substrate":"Buried Shell","lease_number":null,"poll_year":2024}},{"type":"Feature","id":"8711c156-a3f8-4dc9-aab5-ed28b86bd79a","geometry":{"type":"Point","coordinates":[-94.8662831166859,29.63764611735587]},"properties":{"substrate":"Solid Reef","lease_number":null,"poll_year":2023}},{"type":"Feature","id":"87378199-c4d4-4812-a243-ecea5047f92a","geometry":{"type":"Point","coordinates":[-94.87323949956621,29.612466782670044]},"properties":{"substrate":"Solid Reef","lease_number":null,"poll_year":2023}},{"type":"Feature","id":"874e4e97-0442-4eca-bd0f-d7d399432565","geometry":{"type":"Point","coordinates":[-94.87293748327275,29.612347616933942]},"properties":{"substrate":"Buried Shell","lease_number":null,"poll_year":2024}},{"type":"Feature","id":"8759c2f3-7997-4aff-aa74-c8c1caa20d2c","geometry":{"type":"Point","coordinates":[-94.85808271625741,29.647345867381254]},"properties":{"substrate":"Solid Reef","lease_number":null,"poll_year":2024}},{"type":"Feature","id":"8775b2eb-5c3e-459b-9b59-324a60e2c9eb","geometry":{"type":"Point","coordinates":[-94.87364127107705,29.612308359156135]},"properties":{"substrate":"Solid Reef","lease_number":null,"poll_year":2025}},{"type":"Feature","id":"879f472a-77a4-44c7-8f36-c5aa8b0649b3","geometry":{"type":"Point","coordinates":[-94.85785076675947,29.64686861677179]},"properties":{"substrate":"Solid Reef","lease_number":null,"poll_year":2024}},{"type":"Feature","id":"87a42ad5-c3fe-48de-b4ff-26c35887019c","geometry":{"type":"Point","coordinates":[-94.87291031642194,29.61192731729598]},"properties":{"substrate":"Buried Shell","lease_number":null,"poll_year":2023}},{"type":"Feature","id":"87a7429e-6483-4bca-8461-a594fdbcc17a","geometry":{"type":"Point","coordinates":[-94.85678707073323,29.6463185928634]},"properties":{"substrate":"Buried Shell","lease_number":null,"poll_year":2025}},{"type":"Feature","id":"87ca1d8b-1a71-4afe-a729-3a3b06d200be","geometry":{"type":"Point","coordinates":[-94.86483860864104,29.63561131102483]},"properties":{"substrate":"Mud","lease_number":null,"poll_year":2025}},{"type":"Feature","id":"87d57207-4a18-4d05-a749-9b579905aef1","geometry":{"type":"Point","coordinates":[-94.85745011634613,29.64949916738251]},"properties":{"substrate":"Mud","lease_number":null,"poll_year":2024}},{"type":"Feature","id":"87eab40e-591f-47f7-9f99-8a4ae6a78b30","geometry":{"type":"Point","coordinates":[-94.863186451425,29.638620840098618]},"properties":{"substrate":"Buried Shell","lease_number":null,"poll_year":2025}},{"type":"Feature","id":"87eab9e3-3574-4c8a-976e-09d7ef2e50c8","geometry":{"type":"Point","coordinates":[-94.86437069956574,29.640171650361104]},"properties":{"substrate":"Buried Shell","lease_number":null,"poll_year":2024}},{"type":"Feature","id":"87f3bbf8-fc37-439a-9e04-32b8cfec8e40","geometry":{"type":"Point","coordinates":[-94.85784470043635,29.64899342281626]},"properties":{"substrate":"Solid Reef","lease_number":null,"poll_year":2025}},{"type":"Feature","id":"881d322e-e07c-4c2c-83ef-b1279a3d6b72","geometry":{"type":"Point","coordinates":[-94.85585824506882,29.649177236328434]},"properties":{"substrate":"Mud","lease_number":null,"poll_year":2025}},{"type":"Feature","id":"881e6f4b-3fc8-4ca9-8a01-cfe37e5844ac","geometry":{"type":"Point","coordinates":[-94.86520913315303,29.637479000289915]},"properties":{"substrate":"Solid Reef","lease_number":null,"poll_year":2023}},{"type":"Feature","id":"882b3b82-edef-4251-bbf1-0fa0f996a417","geometry":{"type":"Point","coordinates":[-94.87421484987752,29.61306881568063]},"properties":{"substrate":"Buried Shell","lease_number":null,"poll_year":2024}},{"type":"Feature","id":"8856bf0f-87cc-4118-a640-f6c7a95efb10","geometry":{"type":"Point","coordinates":[-94.87523676705653,29.61256643305775]},"properties":{"substrate":"Buried Shell","lease_number":null,"poll_year":2023}},{"type":"Feature","id":"88586c29-e381-4269-ae10-c06c81de9df6","geometry":{"type":"Point","coordinates":[-94.86335678098602,29.6384437946565]},"properties":{"substrate":"Mud","lease_number":null,"poll_year":2025}},{"type":"Feature","id":"886ab9e1-bd55-4641-abaf-7f4e1434cdb1","geometry":{"type":"Point","coordinates":[-94.87443300035439,29.611794067344356]},"properties":{"substrate":"Buried Shell","lease_number":null,"poll_year":2024}},{"type":"Feature","id":"8894d9c0-d444-44d4-89aa-3fccd3db36e4","geometry":{"type":"Point","coordinates":[-94.85786276914999,29.649197076241688]},"properties":{"substrate":"Solid Reef","lease_number":null,"poll_year":2025}},{"type":"Feature","id":"88a22643-529d-47c9-b172-dde507e5effd","geometry":{"type":"Point","coordinates":[-94.87262828315195,29.612554083368924]},"properties":{"substrate":"Mud","lease_number":null,"poll_year":2023}},{"type":"Feature","id":"88afc1fc-bd08-466b-9fd8-ad9939a088cd","geometry":{"type":"Point","coordinates":[-94.85952973509349,29.649645812611382]},"properties":{"substrate":"Buried Shell","lease_number":null,"poll_year":2025}},{"type":"Feature","id":"88b13c62-4f18-447e-9482-169cad3e1ca9","geometry":{"type":"Point","coordinates":[-94.86514170111622,29.636651517030717]},"properties":{"substrate":"Mud","lease_number":null,"poll_year":2025}},{"type":"Feature","id":"88c480fd-fad9-4455-9819-bca5259e260d","geometry":{"type":"Point","coordinates":[-94.86353400242191,29.637212239071392]},"properties":{"substrate":"Buried Shell","lease_number":null,"poll_year":2025}},{"type":"Feature","id":"88d44682-00d6-4a20-8a6d-06be076503cd","geometry":{"type":"Point","coordinates":[-94.8746173831597,29.6119434173664]},"properties":{"substrate":"Solid Reef","lease_number":null,"poll_year":2023}},{"type":"Feature","id":"88efb884-27f7-4633-a933-e75193332cfe","geometry":{"type":"Point","coordinates":[-94.87437386695416,29.61173159990136]},"properties":{"substrate":"Solid Reef","lease_number":null,"poll_year":2024}},{"type":"Feature","id":"88f1c31d-b023-493e-91fa-8e3c9d1a1485","geometry":{"type":"Point","coordinates":[-94.85507883888053,29.64688910201245]},"properties":{"substrate":"Mud","lease_number":null,"poll_year":2025}},{"type":"Feature","id":"8914c024-d348-45fa-b701-781ea58c4560","geometry":{"type":"Point","coordinates":[-94.8583447674022,29.647562349677145]},"properties":{"substrate":"Solid Reef","lease_number":null,"poll_year":2023}},{"type":"Feature","id":"8914d8e8-03b8-4d6b-9caa-f2601ebf98a4","geometry":{"type":"Point","coordinates":[-94.87463846661942,29.611956533279304]},"properties":{"substrate":"Buried Shell","lease_number":null,"poll_year":2024}},{"type":"Feature","id":"891bde54-e7c2-4959-8f3e-b330da49fc5f","geometry":{"type":"Point","coordinates":[-94.86658122261294,29.637687003356938]},"properties":{"substrate":"Mud","lease_number":null,"poll_year":2025}},{"type":"Feature","id":"89298ae0-3849-44fc-8e01-4719dd0b8dac","geometry":{"type":"Point","coordinates":[-94.85625397990091,29.650228661247407]},"properties":{"substrate":"Mud","lease_number":null,"poll_year":2025}},{"type":"Feature","id":"8934f554-3e4f-4866-aaa0-35b2f353c556","geometry":{"type":"Point","coordinates":[-94.85791166624753,29.649151883110463]},"properties":{"substrate":"Solid Reef","lease_number":null,"poll_year":2024}},{"type":"Feature","id":"893cda00-1b03-48cf-9177-0c6fd3329e37","geometry":{"type":"Point","coordinates":[-94.86289017267126,29.63970857424872]},"properties":{"substrate":"Mud","lease_number":null,"poll_year":2025}},{"type":"Feature","id":"8946d60e-28cb-443e-85d8-a451c02bdaa4","geometry":{"type":"Point","coordinates":[-94.85803314991497,29.647773317350495]},"properties":{"substrate":"Solid Reef","lease_number":null,"poll_year":2024}},{"type":"Feature","id":"894721d8-3d00-47be-96e6-936738daec03","geometry":{"type":"Point","coordinates":[-94.8560733170192,29.646659384302193]},"properties":{"substrate":"Buried Shell","lease_number":null,"poll_year":2023}},{"type":"Feature","id":"894d81dd-33ec-4338-ae88-8e4f09c7c751","geometry":{"type":"Point","coordinates":[-94.87508623366942,29.612764466785357]},"properties":{"substrate":"Mud","lease_number":null,"poll_year":2024}},{"type":"Feature","id":"895cf6b0-1414-4aac-a3d2-5efede366c03","geometry":{"type":"Point","coordinates":[-94.85747536259888,29.646710888320207]},"properties":{"substrate":"Solid Reef","lease_number":null,"poll_year":2025}},{"type":"Feature","id":"895d6284-8d1b-4650-9022-203da3a294d7","geometry":{"type":"Point","coordinates":[-94.87352889991983,29.611852432995708]},"properties":{"substrate":"Solid Reef","lease_number":null,"poll_year":2023}},{"type":"Feature","id":"895df44b-da53-4849-b32d-84440bdffd25","geometry":{"type":"Point","coordinates":[-94.8579574497843,29.650131800050666]},"properties":{"substrate":"Buried Shell","lease_number":null,"poll_year":2024}},{"type":"Feature","id":"89ab4446-0ecb-4099-b132-bc6084f92015","geometry":{"type":"Point","coordinates":[-94.8566912663065,29.6477400668915]},"properties":{"substrate":"Solid Reef","lease_number":null,"poll_year":2023}},{"type":"Feature","id":"89bd8a96-9955-48f3-a6e9-308782c6ee98","geometry":{"type":"Point","coordinates":[-94.8575283497259,29.649681599701378]},"properties":{"substrate":"Mud","lease_number":null,"poll_year":2023}},{"type":"Feature","id":"89c79d6b-09b5-4901-8675-e6aecccd8f12","geometry":{"type":"Point","coordinates":[-94.85695155944828,29.648146921687964]},"properties":{"substrate":"Solid Reef","lease_number":null,"poll_year":2025}},{"type":"Feature","id":"89cd6036-e134-486f-8e83-fe6371f29888","geometry":{"type":"Point","coordinates":[-94.87614841693274,29.61281394977454]},"properties":{"substrate":"Mud","lease_number":null,"poll_year":2023}},{"type":"Feature","id":"8a34d8b3-bb41-4bc8-bf15-a0bbf52ee1ad","geometry":{"type":"Point","coordinates":[-94.85852473319127,29.6459692833496]},"properties":{"substrate":"Mud","lease_number":null,"poll_year":2023}},{"type":"Feature","id":"8a48d3df-cfa3-4626-8256-908b17e27327","geometry":{"type":"Point","coordinates":[-94.85921971660747,29.649029549743016]},"properties":{"substrate":"Buried Shell","lease_number":null,"poll_year":2024}},{"type":"Feature","id":"8a6e45f8-8b0e-41a4-9836-016645c4739c","geometry":{"type":"Point","coordinates":[-94.86731352743591,29.637304449811616]},"properties":{"substrate":"Mud","lease_number":null,"poll_year":2025}},{"type":"Feature","id":"8a73f714-e3f1-4ecb-a2ec-a78bb4ef2e76","geometry":{"type":"Point","coordinates":[-94.85893298874181,29.647835916247733]},"properties":{"substrate":"Mud","lease_number":null,"poll_year":2025}},{"type":"Feature","id":"8a776220-9ea9-4813-a359-1ee4c56f137d","geometry":{"type":"Point","coordinates":[-94.85721261705636,29.646960949829346]},"properties":{"substrate":"Solid Reef","lease_number":null,"poll_year":2024}},{"type":"Feature","id":"8a7b356c-f777-433c-8183-7bcfd1cc7692","geometry":{"type":"Point","coordinates":[-94.86214671077244,29.638623180880984]},"properties":{"substrate":"Mud","lease_number":null,"poll_year":2025}},{"type":"Feature","id":"8aabc94b-7739-49f0-8c55-1ffbba5c7689","geometry":{"type":"Point","coordinates":[-94.8735140166322,29.61214830000765]},"properties":{"substrate":"Solid Reef","lease_number":null,"poll_year":2023}},{"type":"Feature","id":"8ab9b8b3-81ad-4518-b2fe-6ef21e39cbb7","geometry":{"type":"Point","coordinates":[-94.87468546557677,29.612592083668286]},"properties":{"substrate":"Buried Shell","lease_number":null,"poll_year":2024}},{"type":"Feature","id":"8b12617b-e0e1-4e7d-962b-ada6d266dbe4","geometry":{"type":"Point","coordinates":[-94.86576615959609,29.638125922687347]},"properties":{"substrate":"Solid Reef","lease_number":null,"poll_year":2025}},{"type":"Feature","id":"8b1c5f37-1bb7-4a8a-9ff2-383276c4d47e","geometry":{"type":"Point","coordinates":[-94.86474778357592,29.637349770064578]},"properties":{"substrate":"Solid Reef","lease_number":null,"poll_year":2025}},{"type":"Feature","id":"8b36e82c-d9e0-41ad-8174-e215e1175ea5","geometry":{"type":"Point","coordinates":[-94.87450704668662,29.612362685256286]},"properties":{"substrate":"Solid Reef","lease_number":null,"poll_year":2025}},{"type":"Feature","id":"8b3acc43-810a-4f41-b8ca-10c7d7034f22","geometry":{"type":"Point","coordinates":[-94.85727293263949,29.646608640678476]},"properties":{"substrate":"Solid Reef","lease_number":null,"poll_year":2025}},{"type":"Feature","id":"8b5b05c7-16aa-439d-8246-22451d0a1920","geometry":{"type":"Point","coordinates":[-94.87460999990638,29.613912725944004]},"properties":{"substrate":"Mud","lease_number":null,"poll_year":2025}},{"type":"Feature","id":"8b688fdd-50f9-44e0-99a0-ecd75fde83af","geometry":{"type":"Point","coordinates":[-94.86632294079907,29.640824315158195]},"properties":{"substrate":"Mud","lease_number":null,"poll_year":2025}},{"type":"Feature","id":"8b6ddbba-de78-47dd-ad53-7ee2ec77fd33","geometry":{"type":"Point","coordinates":[-94.86410391699434,29.63574108301637]},"properties":{"substrate":"Mud","lease_number":null,"poll_year":2024}},{"type":"Feature","id":"8b760573-0262-4211-995c-0fdc93eaef45","geometry":{"type":"Point","coordinates":[-94.86004525038727,29.649127400366453]},"properties":{"substrate":"Buried Shell","lease_number":null,"poll_year":2023}},{"type":"Feature","id":"8b77b82d-b936-4c95-b940-9618b4b2824e","geometry":{"type":"Point","coordinates":[-94.85634924983006,29.64555388327717]},"properties":{"substrate":"Mud","lease_number":null,"poll_year":2024}},{"type":"Feature","id":"8b7d83e4-4337-466d-8d10-fa5c7011c8f4","geometry":{"type":"Point","coordinates":[-94.87601487697584,29.612603369653655]},"properties":{"substrate":"Mud","lease_number":null,"poll_year":2025}},{"type":"Feature","id":"8b7ee8a6-de1d-47ef-a595-c70a517cd4bf","geometry":{"type":"Point","coordinates":[-94.87270850001188,29.61231801681927]},"properties":{"substrate":"Mud","lease_number":null,"poll_year":2024}},{"type":"Feature","id":"8bbe5601-3eb8-4ca9-ad50-42da778414dc","geometry":{"type":"Point","coordinates":[-94.86655445281747,29.637144094625025]},"properties":{"substrate":"Mud","lease_number":null,"poll_year":2025}},{"type":"Feature","id":"8be2966a-3583-457a-ad5d-495fb0477042","geometry":{"type":"Point","coordinates":[-94.85755751622655,29.648320799919247]},"properties":{"substrate":"Solid Reef","lease_number":null,"poll_year":2024}},{"type":"Feature","id":"8c57dda8-2df0-430a-8bad-6bb32b280539","geometry":{"type":"Point","coordinates":[-94.86512131924073,29.63625852182301]},"properties":{"substrate":"Mud","lease_number":null,"poll_year":2025}},{"type":"Feature","id":"8c831848-31a2-4778-a6a1-291bf4a440ae","geometry":{"type":"Point","coordinates":[-94.873245299988,29.61224265016]},"properties":{"substrate":"Solid Reef","lease_number":null,"poll_year":2023}},{"type":"Feature","id":"8c8c02c8-eed6-4303-9e9a-3dc5698910b5","geometry":{"type":"Point","coordinates":[-94.87299582166392,29.614189949826667]},"properties":{"substrate":"Mud","lease_number":null,"poll_year":2025}},{"type":"Feature","id":"8ca09547-bc54-4866-980b-3cefe2c88d97","geometry":{"type":"Point","coordinates":[-94.85695978532134,29.648699443225183]},"properties":{"substrate":"Buried Shell","lease_number":null,"poll_year":2025}},{"type":"Feature","id":"8cb01e52-c4ca-4697-b280-19ef67d0e080","geometry":{"type":"Point","coordinates":[-94.87306430023804,29.612468083008377]},"properties":{"substrate":"Solid Reef","lease_number":null,"poll_year":2023}},{"type":"Feature","id":"8cc7c276-49f7-46f8-9369-042191457d11","geometry":{"type":"Point","coordinates":[-94.85615463341702,29.646102724664253]},"properties":{"substrate":"Mud","lease_number":null,"poll_year":2025}},{"type":"Feature","id":"8ce89808-5c0a-48af-95ad-3b4f7939fce7","geometry":{"type":"Point","coordinates":[-94.87280183317327,29.61297244981088]},"properties":{"substrate":"Mud","lease_number":null,"poll_year":2024}},{"type":"Feature","id":"8cf58f3e-98e2-48d6-93f4-7afca1b1defb","geometry":{"type":"Point","coordinates":[-94.87414603443519,29.61339810024944]},"properties":{"substrate":"Mud","lease_number":null,"poll_year":2023}},{"type":"Feature","id":"8d054131-a96c-4714-b971-4c6cd182ea6f","geometry":{"type":"Point","coordinates":[-94.86272828008738,29.639757710616543]},"properties":{"substrate":"Mud","lease_number":null,"poll_year":2025}},{"type":"Feature","id":"8d15a811-61a1-4b0d-a7eb-17262ac14b2d","geometry":{"type":"Point","coordinates":[-94.86232261617644,29.637964691985736]},"properties":{"substrate":"Solid Reef","lease_number":null,"poll_year":2025}},{"type":"Feature","id":"8d1db0a0-c776-47f2-b530-1a37463a54af","geometry":{"type":"Point","coordinates":[-94.87515551623571,29.61349113328736]},"properties":{"substrate":"Mud","lease_number":null,"poll_year":2023}},{"type":"Feature","id":"8d2ac602-b7ca-4dc8-a73c-934a7141c2ac","geometry":{"type":"Point","coordinates":[-94.86736272726571,29.638359107026545]},"properties":{"substrate":"Mud","lease_number":null,"poll_year":2025}},{"type":"Feature","id":"8d4cfb13-3d25-472b-a132-4ca461398c2f","geometry":{"type":"Point","coordinates":[-94.85961799996005,29.650470182644117]},"properties":{"substrate":"Mud","lease_number":null,"poll_year":2024}},{"type":"Feature","id":"8d6b8c79-fe9e-408b-8728-446404be4a31","geometry":{"type":"Point","coordinates":[-94.87402310807339,29.61373725135187]},"properties":{"substrate":"Mud","lease_number":null,"poll_year":2025}},{"type":"Feature","id":"8d7a187f-f8b7-482d-9133-5d03f038fab0","geometry":{"type":"Point","coordinates":[-94.85675288444679,29.646189833047867]},"properties":{"substrate":"Buried Shell","lease_number":null,"poll_year":2024}},{"type":"Feature","id":"8d7ea5fc-d68d-4c15-bca8-9f430459c2f4","geometry":{"type":"Point","coordinates":[-94.85666455040996,29.649408500319872]},"properties":{"substrate":"Buried Shell","lease_number":null,"poll_year":2024}},{"type":"Feature","id":"8d887a59-cf43-4216-b5c4-3b8b52c44492","geometry":{"type":"Point","coordinates":[-94.85736643288752,29.647701666852587]},"properties":{"substrate":"Solid Reef","lease_number":null,"poll_year":2023}},{"type":"Feature","id":"8da87a79-b181-4711-985a-e7dcd0df3d08","geometry":{"type":"Point","coordinates":[-94.86536655033014,29.638091750057747]},"properties":{"substrate":"Buried Shell","lease_number":null,"poll_year":2024}},{"type":"Feature","id":"8de5c6f9-595d-4418-be4a-d3f4c1fc91b0","geometry":{"type":"Point","coordinates":[-94.85960441743295,29.649641500047576]},"properties":{"substrate":"Buried Shell","lease_number":null,"poll_year":2024}},{"type":"Feature","id":"8de984ef-2205-4374-aec1-f0ff5813d375","geometry":{"type":"Point","coordinates":[-94.87561066743733,29.612781882676035]},"properties":{"substrate":"Mud","lease_number":null,"poll_year":2024}},{"type":"Feature","id":"8df2b402-7e91-4dff-a4bb-c383862f34e1","geometry":{"type":"Point","coordinates":[-94.86434757333707,29.636191723611567]},"properties":{"substrate":"Solid Reef","lease_number":null,"poll_year":2025}},{"type":"Feature","id":"8e1bc3d9-0207-44aa-877a-2c04b2d534cd","geometry":{"type":"Point","coordinates":[-94.87595481741259,29.613276061616197]},"properties":{"substrate":"Mud","lease_number":null,"poll_year":2025}},{"type":"Feature","id":"8e2ba4b3-08ec-4ed0-842a-83bf4a2cc6c9","geometry":{"type":"Point","coordinates":[-94.87477073366352,29.61231279983821]},"properties":{"substrate":"Buried Shell","lease_number":null,"poll_year":2024}},{"type":"Feature","id":"8e4870aa-427c-497b-b068-611521dbfeef","geometry":{"type":"Point","coordinates":[-94.8731065048867,29.612592146927877]},"properties":{"substrate":"Buried Shell","lease_number":null,"poll_year":2025}},{"type":"Feature","id":"8e5e0b37-b872-44f9-83f1-affbf450a4d0","geometry":{"type":"Point","coordinates":[-94.85500680028294,29.64723591629394]},"properties":{"substrate":"Mud","lease_number":null,"poll_year":2023}},{"type":"Feature","id":"8e6d144f-5279-4b74-b822-b6fb7d9cb955","geometry":{"type":"Point","coordinates":[-94.85617331657829,29.648259516814125]},"properties":{"substrate":"Buried Shell","lease_number":null,"poll_year":2024}},{"type":"Feature","id":"8e8bdc65-ba74-4053-a860-8f90d544833d","geometry":{"type":"Point","coordinates":[-94.86326249022055,29.641082885201104]},"properties":{"substrate":"Mud","lease_number":null,"poll_year":2025}},{"type":"Feature","id":"8eaa41b0-0dd9-4c3e-9c5a-301e6e58bfcb","geometry":{"type":"Point","coordinates":[-94.85823101014451,29.645994534313516]},"properties":{"substrate":"Mud","lease_number":null,"poll_year":2025}},{"type":"Feature","id":"8eaa6769-52b3-4dde-a13f-a25fe7858a08","geometry":{"type":"Point","coordinates":[-94.8625335666563,29.638817250131822]},"properties":{"substrate":"Buried Shell","lease_number":null,"poll_year":2024}},{"type":"Feature","id":"8eb35c5d-6250-469f-8b32-25b34cc7fa72","geometry":{"type":"Point","coordinates":[-94.8749557830188,29.612226583719746]},"properties":{"substrate":"Buried Shell","lease_number":null,"poll_year":2024}},{"type":"Feature","id":"8ec51ed9-1fda-45b8-8274-4481f7e923f2","geometry":{"type":"Point","coordinates":[-94.87414957200077,29.613107474151278]},"properties":{"substrate":"Buried Shell","lease_number":null,"poll_year":2025}},{"type":"Feature","id":"8eeccacb-6648-4182-94ee-230c81c120b6","geometry":{"type":"Point","coordinates":[-94.86595618292309,29.64030138368376]},"properties":{"substrate":"Solid Reef","lease_number":null,"poll_year":2024}},{"type":"Feature","id":"8eed363a-3f98-4894-8ac0-5be8e86ed026","geometry":{"type":"Point","coordinates":[-94.86582935338137,29.63847695761496]},"properties":{"substrate":"Solid Reef","lease_number":null,"poll_year":2025}},{"type":"Feature","id":"8f0c814b-303e-4b66-b96c-391293f1e18c","geometry":{"type":"Point","coordinates":[-94.87266383757257,29.6129993561338]},"properties":{"substrate":"Buried Shell","lease_number":null,"poll_year":2025}},{"type":"Feature","id":"8f0c95a0-e428-4944-ba92-7faf361cb23b","geometry":{"type":"Point","coordinates":[-94.85769617658055,29.6487930237273]},"properties":{"substrate":"Solid Reef","lease_number":null,"poll_year":2025}},{"type":"Feature","id":"8f1388aa-c514-441d-ac76-70f1eca4cdc0","geometry":{"type":"Point","coordinates":[-94.87397704066899,29.612359505086012]},"properties":{"substrate":"Solid Reef","lease_number":null,"poll_year":2025}},{"type":"Feature","id":"8f2a8c9c-1c9c-4028-817b-9ef2975e2a2f","geometry":{"type":"Point","coordinates":[-94.85492990898621,29.64715673463572]},"properties":{"substrate":"Mud","lease_number":null,"poll_year":2025}},{"type":"Feature","id":"8f45e4d1-51af-45c3-b731-eaa82fab79c1","geometry":{"type":"Point","coordinates":[-94.86349907233038,29.63901649478774]},"properties":{"substrate":"Buried Shell","lease_number":null,"poll_year":2025}},{"type":"Feature","id":"8f61c723-361a-46dd-a364-d3259ac8bdd4","geometry":{"type":"Point","coordinates":[-94.86317514522884,29.640593617021285]},"properties":{"substrate":"Mud","lease_number":null,"poll_year":2025}},{"type":"Feature","id":"8f6b8c58-edf7-475d-880d-77ae0bc73a65","geometry":{"type":"Point","coordinates":[-94.85883008313276,29.646446205635645]},"properties":{"substrate":"Mud","lease_number":null,"poll_year":2025}},{"type":"Feature","id":"8f6c7e84-7ffe-4db7-9568-9a52594fdcbe","geometry":{"type":"Point","coordinates":[-94.85781723893811,29.647598491950998]},"properties":{"substrate":"Solid Reef","lease_number":null,"poll_year":2025}},{"type":"Feature","id":"8f6ffa52-f622-4b8a-a2b3-11d0da809558","geometry":{"type":"Point","coordinates":[-94.85734378366426,29.645702914688364]},"properties":{"substrate":"Mud","lease_number":null,"poll_year":2025}},{"type":"Feature","id":"8f9eaa81-559f-4394-95b5-bc1f4f1d6870","geometry":{"type":"Point","coordinates":[-94.86390600017096,29.636184766681982]},"properties":{"substrate":"Solid Reef","lease_number":null,"poll_year":2024}},{"type":"Feature","id":"8fabe018-66d7-41c3-98d6-5ebf7348d961","geometry":{"type":"Point","coordinates":[-94.87413421709762,29.61263149987505]},"properties":{"substrate":"Solid Reef","lease_number":null,"poll_year":2024}},{"type":"Feature","id":"8fc90999-9da0-4fb9-9040-3972f9abcd71","geometry":{"type":"Point","coordinates":[-94.85660953309036,29.64939513321364]},"properties":{"substrate":"Mud","lease_number":null,"poll_year":2023}},{"type":"Feature","id":"8fda9f76-cda4-4719-9b8a-2ed11ce918f3","geometry":{"type":"Point","coordinates":[-94.87258880039857,29.61250366697653]},"properties":{"substrate":"Buried Shell","lease_number":null,"poll_year":2024}},{"type":"Feature","id":"8fece679-1347-48ad-b7c6-6be12daaa08c","geometry":{"type":"Point","coordinates":[-94.85610215024485,29.649915967353035]},"properties":{"substrate":"Buried Shell","lease_number":null,"poll_year":2024}},{"type":"Feature","id":"8ffbe54f-6a2c-45c4-9cac-f63344a23a67","geometry":{"type":"Point","coordinates":[-94.8574041064339,29.65049128467704]},"properties":{"substrate":"Mud","lease_number":null,"poll_year":2025}},{"type":"Feature","id":"900df019-032a-4062-9668-264a278d58df","geometry":{"type":"Point","coordinates":[-94.8640125502451,29.638649316750776]},"properties":{"substrate":"Buried Shell","lease_number":null,"poll_year":2024}},{"type":"Feature","id":"9016ed9d-0414-46fe-ad9d-b1e32cf54853","geometry":{"type":"Point","coordinates":[-94.85875220009595,29.64924573331382]},"properties":{"substrate":"Buried Shell","lease_number":null,"poll_year":2023}},{"type":"Feature","id":"901edae2-0e23-46ab-be65-19fe4b11d69c","geometry":{"type":"Point","coordinates":[-94.86487887562366,29.638354434818922]},"properties":{"substrate":"Buried Shell","lease_number":null,"poll_year":2025}},{"type":"Feature","id":"9028a353-9500-4074-ae58-b59b8ceb6027","geometry":{"type":"Point","coordinates":[-94.86417275219962,29.640161342644358]},"properties":{"substrate":"Buried Shell","lease_number":null,"poll_year":2025}},{"type":"Feature","id":"902de285-479b-4d6f-9ee0-4af833b4fb36","geometry":{"type":"Point","coordinates":[-94.87498631226374,29.612406167358124]},"properties":{"substrate":"Buried Shell","lease_number":null,"poll_year":2025}},{"type":"Feature","id":"90350078-dede-41c7-8f8b-f16c99ecaba3","geometry":{"type":"Point","coordinates":[-94.86304412774128,29.640319804348255]},"properties":{"substrate":"Mud","lease_number":null,"poll_year":2025}},{"type":"Feature","id":"903743c2-eb28-448b-9e9e-e179733552ec","geometry":{"type":"Point","coordinates":[-94.85797691717482,29.647864892289878]},"properties":{"substrate":"Solid Reef","lease_number":null,"poll_year":2025}},{"type":"Feature","id":"905735b8-9cbd-49c2-9b2e-71c865a9881b","geometry":{"type":"Point","coordinates":[-94.86487827375242,29.638060389025775]},"properties":{"substrate":"Buried Shell","lease_number":null,"poll_year":2025}},{"type":"Feature","id":"906509ad-1827-4d3d-9538-29d5ef263974","geometry":{"type":"Point","coordinates":[-94.86622113742287,29.640078559976228]},"properties":{"substrate":"Buried Shell","lease_number":null,"poll_year":2025}},{"type":"Feature","id":"906831a4-43fc-4d3f-94a1-1d192df274a3","geometry":{"type":"Point","coordinates":[-94.85854496684475,29.647830000028218]},"properties":{"substrate":"Buried Shell","lease_number":null,"poll_year":2023}},{"type":"Feature","id":"9072ed4f-a9be-4080-8c85-988926f7b459","geometry":{"type":"Point","coordinates":[-94.86573481917245,29.635930782206028]},"properties":{"substrate":"Mud","lease_number":null,"poll_year":2025}},{"type":"Feature","id":"908c7b6e-564f-404d-b8b3-9fc4b892f44c","geometry":{"type":"Point","coordinates":[-94.85751376557727,29.646814766777553]},"properties":{"substrate":"Solid Reef","lease_number":null,"poll_year":2024}},{"type":"Feature","id":"909dc5e9-bbfb-41cc-86b7-995210471035","geometry":{"type":"Point","coordinates":[-94.8751063325756,29.61220701689758]},"properties":{"substrate":"Solid Reef","lease_number":null,"poll_year":2024}},{"type":"Feature","id":"90ba2186-b918-42a5-806a-c496e6ec82e2","geometry":{"type":"Point","coordinates":[-94.87545250016696,29.61358713316478]},"properties":{"substrate":"Mud","lease_number":null,"poll_year":2023}},{"type":"Feature","id":"90c12997-d5f4-4a9f-8a6f-fb0d53c548be","geometry":{"type":"Point","coordinates":[-94.87362204084174,29.612524046745058]},"properties":{"substrate":"Solid Reef","lease_number":null,"poll_year":2025}},{"type":"Feature","id":"90c1b98f-17d1-488d-a519-8ac9c2a3f408","geometry":{"type":"Point","coordinates":[-94.8731002157814,29.613647889904026]},"properties":{"substrate":"Mud","lease_number":null,"poll_year":2025}},{"type":"Feature","id":"90c1e958-3f5f-45ba-81c0-770d3ce9e085","geometry":{"type":"Point","coordinates":[-94.86724225959284,29.6384243469194]},"properties":{"substrate":"Mud","lease_number":null,"poll_year":2025}},{"type":"Feature","id":"90cf116b-3b32-4ad8-956e-892e8fd2b394","geometry":{"type":"Point","coordinates":[-94.87349983313217,29.612992816988918]},"properties":{"substrate":"Buried Shell","lease_number":null,"poll_year":2023}},{"type":"Feature","id":"90cff78f-4895-4c73-83c1-9d987476ad08","geometry":{"type":"Point","coordinates":[-94.87537868290512,29.612880832993476]},"properties":{"substrate":"Mud","lease_number":null,"poll_year":2024}},{"type":"Feature","id":"90eef1bb-6c0e-43ee-b2dc-c49371512066","geometry":{"type":"Point","coordinates":[-94.8571699668433,29.649432700383027]},"properties":{"substrate":"Buried Shell","lease_number":null,"poll_year":2024}},{"type":"Feature","id":"911d541f-88cb-4a15-8eba-0a04f24456f4","geometry":{"type":"Point","coordinates":[-94.87544153443227,29.61292783318877]},"properties":{"substrate":"Mud","lease_number":null,"poll_year":2023}},{"type":"Feature","id":"912c4431-2529-45d4-b15d-0f04ed456fc3","geometry":{"type":"Point","coordinates":[-94.86603403092559,29.636860485307878]},"properties":{"substrate":"Mud","lease_number":null,"poll_year":2025}},{"type":"Feature","id":"91518295-71e7-4d86-84a5-fcdae9fa5897","geometry":{"type":"Point","coordinates":[-94.8734641053367,29.61422078332496]},"properties":{"substrate":"Mud","lease_number":null,"poll_year":2025}},{"type":"Feature","id":"9153edf9-d78b-4dba-90fd-8750d93e822f","geometry":{"type":"Point","coordinates":[-94.8763343133993,29.612438050263826]},"properties":{"substrate":"Mud","lease_number":null,"poll_year":2025}},{"type":"Feature","id":"916a2dfd-a951-4d5b-90b6-10e1c99e57b1","geometry":{"type":"Point","coordinates":[-94.87600076623937,29.612492750385318]},"properties":{"substrate":"Mud","lease_number":null,"poll_year":2024}},{"type":"Feature","id":"917408ca-f1eb-48fc-9fe5-f2606aca9389","geometry":{"type":"Point","coordinates":[-94.85526495004444,29.646691616280194]},"properties":{"substrate":"Mud","lease_number":null,"poll_year":2023}},{"type":"Feature","id":"917b144b-e152-4c40-b0c9-4cdf7d6fdf84","geometry":{"type":"Point","coordinates":[-94.87565485466784,29.61278850774256]},"properties":{"substrate":"Mud","lease_number":null,"poll_year":2025}},{"type":"Feature","id":"9197c421-3e95-46e8-9af7-ac476e73aabf","geometry":{"type":"Point","coordinates":[-94.85770473303361,29.647223266375963]},"properties":{"substrate":"Solid Reef","lease_number":null,"poll_year":2024}},{"type":"Feature","id":"91ae80da-d6a4-47d6-991a-7f1c9085a427","geometry":{"type":"Point","coordinates":[-94.8723999996787,29.612174366990274]},"properties":{"substrate":"Mud","lease_number":null,"poll_year":2023}},{"type":"Feature","id":"91b370d5-0510-4b13-8c01-a383d27fc88f","geometry":{"type":"Point","coordinates":[-94.8656658330502,29.638573833148545]},"properties":{"substrate":"Buried Shell","lease_number":null,"poll_year":2024}},{"type":"Feature","id":"91d13164-fab6-4e0b-9a04-41ae66f402b8","geometry":{"type":"Point","coordinates":[-94.87402178305834,29.611807750274725]},"properties":{"substrate":"Solid Reef","lease_number":null,"poll_year":2023}},{"type":"Feature","id":"9200bb0d-8d2c-4f5f-b145-616119c28195","geometry":{"type":"Point","coordinates":[-94.85882196685417,29.649471249655416]},"properties":{"substrate":"Buried Shell","lease_number":null,"poll_year":2024}},{"type":"Feature","id":"9220c91f-512d-4f3d-9381-55a1bde818bd","geometry":{"type":"Point","coordinates":[-94.86728747090277,29.639774084195306]},"properties":{"substrate":"Mud","lease_number":null,"poll_year":2025}},{"type":"Feature","id":"924ea0d1-b926-4192-bf3b-df3323c5bf07","geometry":{"type":"Point","coordinates":[-94.87489198376902,29.612784249831208]},"properties":{"substrate":"Solid Reef","lease_number":null,"poll_year":2023}},{"type":"Feature","id":"925ac578-225b-43ce-8472-06d7d2c176ef","geometry":{"type":"Point","coordinates":[-94.87455311678596,29.61228299978103]},"properties":{"substrate":"Solid Reef","lease_number":null,"poll_year":2023}},{"type":"Feature","id":"9267ccae-3356-4c15-a15a-63dd0ef9e984","geometry":{"type":"Point","coordinates":[-94.85793521558271,29.646988115641964]},"properties":{"substrate":"Solid Reef","lease_number":null,"poll_year":2024}},{"type":"Feature","id":"927eda5d-aa2a-4d12-a034-e0234ea8c328","geometry":{"type":"Point","coordinates":[-94.85673253311401,29.650415317337714]},"properties":{"substrate":"Mud","lease_number":null,"poll_year":2024}},{"type":"Feature","id":"92babf8d-95db-49da-b7ac-92949c8b97b0","geometry":{"type":"Point","coordinates":[-94.86376557822068,29.638886729359296]},"properties":{"substrate":"Buried Shell","lease_number":null,"poll_year":2025}},{"type":"Feature","id":"92e8846f-0141-48ed-90b2-86579eec758f","geometry":{"type":"Point","coordinates":[-94.87374038310065,29.613601534348998]},"properties":{"substrate":"Buried Shell","lease_number":null,"poll_year":2023}},{"type":"Feature","id":"9301b8fd-624a-4a87-92ca-af62ab6e58fe","geometry":{"type":"Point","coordinates":[-94.87212507657419,29.612494915272425]},"properties":{"substrate":"Buried Shell","lease_number":null,"poll_year":2025}},{"type":"Feature","id":"93027265-78a8-45d3-b119-cc4e449cf602","geometry":{"type":"Point","coordinates":[-94.87321428295787,29.612141699890625]},"properties":{"substrate":"Solid Reef","lease_number":null,"poll_year":2024}},{"type":"Feature","id":"933f59c8-5fcc-4212-99a6-db3a3ee99c1e","geometry":{"type":"Point","coordinates":[-94.87461053440398,29.61415793861483]},"properties":{"substrate":"Mud","lease_number":null,"poll_year":2025}},{"type":"Feature","id":"9345c22d-894e-4464-82ee-8a1258a6435e","geometry":{"type":"Point","coordinates":[-94.85973413326165,29.650662463923897]},"properties":{"substrate":"Mud","lease_number":null,"poll_year":2025}},{"type":"Feature","id":"935c431b-163e-42f1-bd24-d0e4ff21d554","geometry":{"type":"Point","coordinates":[-94.85749553337027,29.647194200366865]},"properties":{"substrate":"Solid Reef","lease_number":null,"poll_year":2023}},{"type":"Feature","id":"935c4897-ebe6-4b03-993e-fff3dfd199c0","geometry":{"type":"Point","coordinates":[-94.8578630637974,29.648490710308536]},"properties":{"substrate":"Solid Reef","lease_number":null,"poll_year":2025}},{"type":"Feature","id":"935ed88e-b8aa-44a0-8fa1-46491ba9f8aa","geometry":{"type":"Point","coordinates":[-94.86639472786837,29.6376522137552]},"properties":{"substrate":"Mud","lease_number":null,"poll_year":2025}},{"type":"Feature","id":"9368febc-4b7a-49e8-bfde-3353bfcc8e86","geometry":{"type":"Point","coordinates":[-94.86468101090254,29.641101779645204]},"properties":{"substrate":"Buried Shell","lease_number":null,"poll_year":2025}},{"type":"Feature","id":"937ebb4a-88f1-409b-a76c-8894a716c2fb","geometry":{"type":"Point","coordinates":[-94.87270653359973,29.61258571631327]},"properties":{"substrate":"Buried Shell","lease_number":null,"poll_year":2024}},{"type":"Feature","id":"93881b42-1a43-4c19-a5f3-b5059c2aa09c","geometry":{"type":"Point","coordinates":[-94.87554203255637,29.612455799691165]},"properties":{"substrate":"Mud","lease_number":null,"poll_year":2024}},{"type":"Feature","id":"93c451de-8bd1-4216-b0af-21d6b60c2875","geometry":{"type":"Point","coordinates":[-94.8580019002212,29.647700099965803]},"properties":{"substrate":"Solid Reef","lease_number":null,"poll_year":2024}},{"type":"Feature","id":"93cc9efd-7e7a-4e7d-be85-aaeabd99b9e9","geometry":{"type":"Point","coordinates":[-94.85925038329462,29.64911968314824]},"properties":{"substrate":"Buried Shell","lease_number":null,"poll_year":2024}},{"type":"Feature","id":"93cce158-6f50-415a-a010-be2b11223bad","geometry":{"type":"Point","coordinates":[-94.85834550042746,29.64970491673242]},"properties":{"substrate":"Buried Shell","lease_number":null,"poll_year":2024}},{"type":"Feature","id":"9443ae9a-1a6d-4943-a31f-7bf065995315","geometry":{"type":"Point","coordinates":[-94.86395582163492,29.639861142619733]},"properties":{"substrate":"Buried Shell","lease_number":null,"poll_year":2025}},{"type":"Feature","id":"944ab882-5322-4d68-8548-46bc4145dd1b","geometry":{"type":"Point","coordinates":[-94.85479231493245,29.64806185264603]},"properties":{"substrate":"Mud","lease_number":null,"poll_year":2025}},{"type":"Feature","id":"9450c169-9620-401f-b73b-df257db998d7","geometry":{"type":"Point","coordinates":[-94.86461691610702,29.637406802158694]},"properties":{"substrate":"Buried Shell","lease_number":null,"poll_year":2025}},{"type":"Feature","id":"946dd593-e1bf-4def-9c57-48957a3ea6c0","geometry":{"type":"Point","coordinates":[-94.85806446698241,29.647375700007107]},"properties":{"substrate":"Solid Reef","lease_number":null,"poll_year":2023}},{"type":"Feature","id":"94713799-1ba0-4f07-a423-60110d3c2554","geometry":{"type":"Point","coordinates":[-94.85688858125866,29.647085972153416]},"properties":{"substrate":"Solid Reef","lease_number":null,"poll_year":2025}},{"type":"Feature","id":"947bf658-dc40-49bc-9df1-391ddad47ae7","geometry":{"type":"Point","coordinates":[-94.86355633184493,29.636674695755495]},"properties":{"substrate":"Mud","lease_number":null,"poll_year":2025}},{"type":"Feature","id":"94821585-1f2d-457c-83e4-4a224df4475d","geometry":{"type":"Point","coordinates":[-94.87596506629166,29.612364500265006]},"properties":{"substrate":"Mud","lease_number":null,"poll_year":2024}},{"type":"Feature","id":"949f0bc8-7328-4c45-bec4-fea9f235c55b","geometry":{"type":"Point","coordinates":[-94.8653768917357,29.641160326634232]},"properties":{"substrate":"Mud","lease_number":null,"poll_year":2025}},{"type":"Feature","id":"94a2f672-00eb-49eb-91cd-5bee2e8c3b5f","geometry":{"type":"Point","coordinates":[-94.85860359988332,29.648820382659675]},"properties":{"substrate":"Solid Reef","lease_number":null,"poll_year":2024}},{"type":"Feature","id":"94b225e7-3eed-4f63-b226-f11adb66a3e8","geometry":{"type":"Point","coordinates":[-94.86391123375579,29.63811061929723]},"properties":{"substrate":"Buried Shell","lease_number":null,"poll_year":2025}},{"type":"Feature","id":"94cb377e-c9bc-4b27-a449-ddb54cb35fbd","geometry":{"type":"Point","coordinates":[-94.86674801640498,29.63902111621414]},"properties":{"substrate":"Buried Shell","lease_number":null,"poll_year":2025}},{"type":"Feature","id":"94e343c7-792b-42d5-beba-35d097e1d948","geometry":{"type":"Point","coordinates":[-94.85767394956547,29.64694929997491]},"properties":{"substrate":"Solid Reef","lease_number":null,"poll_year":2023}},{"type":"Feature","id":"94e83c3c-379d-4c9c-8925-6b5d1dd49a25","geometry":{"type":"Point","coordinates":[-94.86362901633119,29.639955182623126]},"properties":{"substrate":"Buried Shell","lease_number":null,"poll_year":2024}},{"type":"Feature","id":"95059eee-10bc-4693-af96-a783d9968ca1","geometry":{"type":"Point","coordinates":[-94.85625298366926,29.647824816895074]},"properties":{"substrate":"Solid Reef","lease_number":null,"poll_year":2024}},{"type":"Feature","id":"95240de1-1561-4f0f-8777-11ca11b837c9","geometry":{"type":"Point","coordinates":[-94.86464091010826,29.63899044177582]},"properties":{"substrate":"Solid Reef","lease_number":null,"poll_year":2025}},{"type":"Feature","id":"953657c4-eaed-4f50-a444-a0417631bfac","geometry":{"type":"Point","coordinates":[-94.86474066532561,29.639821168662333]},"properties":{"substrate":"Solid Reef","lease_number":null,"poll_year":2025}},{"type":"Feature","id":"95406161-c0f2-4b74-8d72-bbe039c658f0","geometry":{"type":"Point","coordinates":[-94.86528973359356,29.63769491664863]},"properties":{"substrate":"Solid Reef","lease_number":null,"poll_year":2024}},{"type":"Feature","id":"9541ce60-5ec8-4923-b6a5-df76ac37e272","geometry":{"type":"Point","coordinates":[-94.87541825010013,29.61172410005679]},"properties":{"substrate":"Solid Reef","lease_number":null,"poll_year":2024}},{"type":"Feature","id":"957f97ef-b39d-4e19-845a-30e11c7c462e","geometry":{"type":"Point","coordinates":[-94.8668426727848,29.639581220741842]},"properties":{"substrate":"Buried Shell","lease_number":null,"poll_year":2025}},{"type":"Feature","id":"95856086-ea16-4348-8774-a3e5b482ffa7","geometry":{"type":"Point","coordinates":[-94.8585558499344,29.64881090025006]},"properties":{"substrate":"Solid Reef","lease_number":null,"poll_year":2023}},{"type":"Feature","id":"95856ec5-8dcb-4958-ab40-f8dd582d15b0","geometry":{"type":"Point","coordinates":[-94.85577021556085,29.647745741876722]},"properties":{"substrate":"Buried Shell","lease_number":null,"poll_year":2025}},{"type":"Feature","id":"958782cb-8a26-48e6-9596-c780a6af88a4","geometry":{"type":"Point","coordinates":[-94.86400451661153,29.637295783025348]},"properties":{"substrate":"Buried Shell","lease_number":null,"poll_year":2024}},{"type":"Feature","id":"958d2582-527f-462d-b934-bff45de04827","geometry":{"type":"Point","coordinates":[-94.86634878532979,29.640360744698228]},"properties":{"substrate":"Mud","lease_number":null,"poll_year":2025}},{"type":"Feature","id":"95948a4b-c57f-4f9b-a7c2-f85f26c11206","geometry":{"type":"Point","coordinates":[-94.86525566678306,29.638238650042343]},"properties":{"substrate":"Buried Shell","lease_number":null,"poll_year":2024}},{"type":"Feature","id":"959bf93d-766f-4e3e-80c8-c0baf6f99a2d","geometry":{"type":"Point","coordinates":[-94.87469008291734,29.612793599742016]},"properties":{"substrate":"Buried Shell","lease_number":null,"poll_year":2024}},{"type":"Feature","id":"95a56667-2152-4fce-85f0-685b63dd62be","geometry":{"type":"Point","coordinates":[-94.85518013201364,29.64807458131017]},"properties":{"substrate":"Mud","lease_number":null,"poll_year":2025}},{"type":"Feature","id":"95a806d3-3a38-4a66-8e5f-4e1494e778ee","geometry":{"type":"Point","coordinates":[-94.87286022276842,29.613219943663395]},"properties":{"substrate":"Mud","lease_number":null,"poll_year":2025}},{"type":"Feature","id":"95ae27f8-f97c-4906-addb-fcc0326f45fa","geometry":{"type":"Point","coordinates":[-94.8557267838135,29.646283978002813]},"properties":{"substrate":"Mud","lease_number":null,"poll_year":2025}},{"type":"Feature","id":"95b322a8-6387-49e2-9050-46221fa7cafc","geometry":{"type":"Point","coordinates":[-94.85717996688903,29.650523766809922]},"properties":{"substrate":"Mud","lease_number":null,"poll_year":2024}},{"type":"Feature","id":"95b7045d-b3b6-42d3-af5f-282a3141d296","geometry":{"type":"Point","coordinates":[-94.86346798612999,29.63847770404297]},"properties":{"substrate":"Mud","lease_number":null,"poll_year":2025}},{"type":"Feature","id":"95bc10d6-3a04-435c-b9c5-0cc59f5e046d","geometry":{"type":"Point","coordinates":[-94.86329798355574,29.639217916635673]},"properties":{"substrate":"Mud","lease_number":null,"poll_year":2024}},{"type":"Feature","id":"95bd58f3-d865-4524-ade6-a550d9a1133b","geometry":{"type":"Point","coordinates":[-94.85961750588663,29.650429921701704]},"properties":{"substrate":"Mud","lease_number":null,"poll_year":2025}},{"type":"Feature","id":"95cef241-e139-4355-bc09-897e16351858","geometry":{"type":"Point","coordinates":[-94.85855630538025,29.64598356123521]},"properties":{"substrate":"Mud","lease_number":null,"poll_year":2025}},{"type":"Feature","id":"95ea0e2f-74c0-480f-9bd1-e7901f847b8a","geometry":{"type":"Point","coordinates":[-94.86280496656823,29.63869877687869]},"properties":{"substrate":"Buried Shell","lease_number":null,"poll_year":2025}},{"type":"Feature","id":"95f9f90e-ebf9-468f-a17c-f891c8c96fce","geometry":{"type":"Point","coordinates":[-94.85795150024218,29.64777756675678]},"properties":{"substrate":"Solid Reef","lease_number":null,"poll_year":2024}},{"type":"Feature","id":"963a475e-4faf-4e00-8cf0-899c398295a4","geometry":{"type":"Point","coordinates":[-94.86612578125546,29.63956151791135]},"properties":{"substrate":"Buried Shell","lease_number":null,"poll_year":2025}},{"type":"Feature","id":"96483857-54db-4127-8e6c-ce8247465e15","geometry":{"type":"Point","coordinates":[-94.85599306692158,29.64630063314157]},"properties":{"substrate":"Mud","lease_number":null,"poll_year":2023}},{"type":"Feature","id":"9675a2c6-5529-468a-acad-8f926914e63b","geometry":{"type":"Point","coordinates":[-94.87514219960994,29.613606084310607]},"properties":{"substrate":"Mud","lease_number":null,"poll_year":2023}},{"type":"Feature","id":"969b91b9-ffd3-436b-adc0-d7238ca33d83","geometry":{"type":"Point","coordinates":[-94.8578584500501,29.647858000185018]},"properties":{"substrate":"Solid Reef","lease_number":null,"poll_year":2023}},{"type":"Feature","id":"96bdf08f-62e5-4167-a1b9-e7f6cbe2b7ce","geometry":{"type":"Point","coordinates":[-94.85810990017622,29.649995533283846]},"properties":{"substrate":"Buried Shell","lease_number":null,"poll_year":2024}},{"type":"Feature","id":"96c188d5-e2ad-47cd-8cf9-62f6d56d24e9","geometry":{"type":"Point","coordinates":[-94.87420396678785,29.613250783706203]},"properties":{"substrate":"Buried Shell","lease_number":null,"poll_year":2024}},{"type":"Feature","id":"97267da6-8472-4c89-83c6-4ebb5545ff51","geometry":{"type":"Point","coordinates":[-94.87398307465276,29.61267249677483]},"properties":{"substrate":"Solid Reef","lease_number":null,"poll_year":2025}},{"type":"Feature","id":"972f76dd-b6dc-4922-aa72-9e45225663d5","geometry":{"type":"Point","coordinates":[-94.85694494335621,29.645005383200655]},"properties":{"substrate":"Mud","lease_number":null,"poll_year":2025}},{"type":"Feature","id":"9733d2b0-d71a-42d0-9c37-3769c7762ca7","geometry":{"type":"Point","coordinates":[-94.85651381669854,29.647515466350495]},"properties":{"substrate":"Solid Reef","lease_number":null,"poll_year":2024}},{"type":"Feature","id":"973813d6-71fc-47e7-8edc-b7bea572decb","geometry":{"type":"Point","coordinates":[-94.85783009921973,29.648698635978114]},"properties":{"substrate":"Solid Reef","lease_number":null,"poll_year":2025}},{"type":"Feature","id":"9753e2dc-d327-4f39-b84e-016572c2ee0a","geometry":{"type":"Point","coordinates":[-94.86469792258607,29.640986764736855]},"properties":{"substrate":"Mud","lease_number":null,"poll_year":2025}},{"type":"Feature","id":"975ba818-a175-4120-8d86-91bb2c332690","geometry":{"type":"Point","coordinates":[-94.85706029781846,29.64672071834737]},"properties":{"substrate":"Mud","lease_number":null,"poll_year":2025}},{"type":"Feature","id":"976c324f-c17d-4cc5-838e-781ffcd0acf4","geometry":{"type":"Point","coordinates":[-94.85753546528127,29.648634466060958]},"properties":{"substrate":"Solid Reef","lease_number":null,"poll_year":2025}},{"type":"Feature","id":"97e5939c-fe9b-4c35-a45d-f03c17e4c1bb","geometry":{"type":"Point","coordinates":[-94.87266075006296,29.61293183337053]},"properties":{"substrate":"Mud","lease_number":null,"poll_year":2024}},{"type":"Feature","id":"97fb4e0d-9bb0-4e2f-aeb1-0ea82bbcbd0b","geometry":{"type":"Point","coordinates":[-94.87235631819969,29.61203956788636]},"properties":{"substrate":"Mud","lease_number":null,"poll_year":2025}},{"type":"Feature","id":"980fdd55-d7e9-4495-9ae7-14fbb275c3aa","geometry":{"type":"Point","coordinates":[-94.85623913344422,29.648733983088427]},"properties":{"substrate":"Scattered Shell","lease_number":null,"poll_year":2023}},{"type":"Feature","id":"981b990a-541c-4c23-bc5a-274472eec924","geometry":{"type":"Point","coordinates":[-94.86376700025377,29.638959782943726]},"properties":{"substrate":"Buried Shell","lease_number":null,"poll_year":2024}},{"type":"Feature","id":"9840aae5-53fd-443f-ad72-3b07584bc65d","geometry":{"type":"Point","coordinates":[-94.8762929181327,29.612261706991625]},"properties":{"substrate":"Mud","lease_number":null,"poll_year":2025}},{"type":"Feature","id":"98447397-779b-4b87-a66c-6b2c6da10c45","geometry":{"type":"Point","coordinates":[-94.86781766197336,29.63920023126143]},"properties":{"substrate":"Mud","lease_number":null,"poll_year":2025}},{"type":"Feature","id":"985db1a4-d7c1-4bbd-bef4-f7a80e964ce1","geometry":{"type":"Point","coordinates":[-94.8730469133457,29.613332009284722]},"properties":{"substrate":"Buried Shell","lease_number":null,"poll_year":2025}},{"type":"Feature","id":"9870ec9c-9379-42cd-b67e-8ffa73ede0d8","geometry":{"type":"Point","coordinates":[-94.85777454560593,29.64488255137099]},"properties":{"substrate":"Mud","lease_number":null,"poll_year":2025}},{"type":"Feature","id":"9874072a-cfe3-4ae1-b780-095a2c92c09c","geometry":{"type":"Point","coordinates":[-94.85832343331252,29.648822749748835]},"properties":{"substrate":"Solid Reef","lease_number":null,"poll_year":2024}},{"type":"Feature","id":"9878b20a-8ec5-4a14-b9bb-dd582fdd285b","geometry":{"type":"Point","coordinates":[-94.87461120005561,29.612834303707924]},"properties":{"substrate":"Buried Shell","lease_number":null,"poll_year":2025}},{"type":"Feature","id":"987e9e06-e86b-4875-a2d6-6f02ad07e258","geometry":{"type":"Point","coordinates":[-94.87408484568961,29.612610010351602]},"properties":{"substrate":"Solid Reef","lease_number":null,"poll_year":2025}},{"type":"Feature","id":"988fc5c7-d494-4381-a391-70636c729e15","geometry":{"type":"Point","coordinates":[-94.87558033312683,29.61358471682706]},"properties":{"substrate":"Mud","lease_number":null,"poll_year":2023}},{"type":"Feature","id":"98b9b853-ce9d-4440-8cb1-d57c89d46b6e","geometry":{"type":"Point","coordinates":[-94.86421901633508,29.63692196664616]},"properties":{"substrate":"Solid Reef","lease_number":null,"poll_year":2024}},{"type":"Feature","id":"98d4d0d2-0e8d-4867-9177-b95e84c439fd","geometry":{"type":"Point","coordinates":[-94.85552246559537,29.646199566316362]},"properties":{"substrate":"Buried Shell","lease_number":null,"poll_year":2024}},{"type":"Feature","id":"98f8bbb5-af2b-481e-96a5-7373eebcaec7","geometry":{"type":"Point","coordinates":[-94.8562625830664,29.646359750156872]},"properties":{"substrate":"Buried Shell","lease_number":null,"poll_year":2024}},{"type":"Feature","id":"99144eb3-8e1c-4e44-8168-a855098741c9","geometry":{"type":"Point","coordinates":[-94.86569745015494,29.63825348338102]},"properties":{"substrate":"Solid Reef","lease_number":null,"poll_year":2023}},{"type":"Feature","id":"9922b8be-f112-4aa9-aa13-0f5a1c6eb417","geometry":{"type":"Point","coordinates":[-94.85710163289795,29.648351650296625]},"properties":{"substrate":"Solid Reef","lease_number":null,"poll_year":2023}},{"type":"Feature","id":"99372512-e4ed-41c4-aff5-f2b7a9dcbd48","geometry":{"type":"Point","coordinates":[-94.87662637456279,29.611746727670994]},"properties":{"substrate":"Mud","lease_number":null,"poll_year":2025}},{"type":"Feature","id":"9956c239-5743-4922-9f21-6b0ac0f02460","geometry":{"type":"Point","coordinates":[-94.86460207144695,29.637944308773807]},"properties":{"substrate":"Solid Reef","lease_number":null,"poll_year":2025}},{"type":"Feature","id":"995d144c-34a1-4352-93d3-1d6dd8512d4f","geometry":{"type":"Point","coordinates":[-94.85811003492351,29.64722642124366]},"properties":{"substrate":"Buried Shell","lease_number":null,"poll_year":2025}},{"type":"Feature","id":"9967fe49-4fcb-4542-98b9-4b8f0d149aeb","geometry":{"type":"Point","coordinates":[-94.86477059988583,29.639504283255384]},"properties":{"substrate":"Solid Reef","lease_number":null,"poll_year":2024}},{"type":"Feature","id":"996946f7-2066-4c47-a287-76d72947a3b9","geometry":{"type":"Point","coordinates":[-94.86567240512483,29.638544210287225]},"properties":{"substrate":"Solid Reef","lease_number":null,"poll_year":2025}},{"type":"Feature","id":"996a3835-3b1d-487c-97c1-d0738f26e4f8","geometry":{"type":"Point","coordinates":[-94.87374150509645,29.61246940833828]},"properties":{"substrate":"Solid Reef","lease_number":null,"poll_year":2025}},{"type":"Feature","id":"997846d2-a722-43c2-9e2a-df374b3f4e06","geometry":{"type":"Point","coordinates":[-94.87549625081623,29.613567730611592]},"properties":{"substrate":"Mud","lease_number":null,"poll_year":2025}},{"type":"Feature","id":"9993628d-cd79-478b-97c0-901864a9649f","geometry":{"type":"Point","coordinates":[-94.8552426996732,29.64847066571133]},"properties":{"substrate":"Buried Shell","lease_number":null,"poll_year":2024}},{"type":"Feature","id":"999e2104-f9c4-4ab6-89d5-eda63a0e0c10","geometry":{"type":"Point","coordinates":[-94.8570869831723,29.64673181704109]},"properties":{"substrate":"Solid Reef","lease_number":null,"poll_year":2024}},{"type":"Feature","id":"99c24f49-10b4-49eb-bebe-136e688b7525","geometry":{"type":"Point","coordinates":[-94.8571835664384,29.64850003270387]},"properties":{"substrate":"Solid Reef","lease_number":null,"poll_year":2023}},{"type":"Feature","id":"99c9987a-b6b8-4f73-9ca0-3b9692b94b33","geometry":{"type":"Point","coordinates":[-94.87440058374904,29.612327416756344]},"properties":{"substrate":"Buried Shell","lease_number":null,"poll_year":2024}},{"type":"Feature","id":"9a0ca276-1a9c-442c-8bb2-ebe80f911c06","geometry":{"type":"Point","coordinates":[-94.85776241655297,29.64887896731805]},"properties":{"substrate":"Solid Reef","lease_number":null,"poll_year":2024}},{"type":"Feature","id":"9a394020-3922-46d2-a1c0-cc8910b6971c","geometry":{"type":"Point","coordinates":[-94.85885861632113,29.649586983260665]},"properties":{"substrate":"Buried Shell","lease_number":null,"poll_year":2024}},{"type":"Feature","id":"9a47d9ce-8acc-4cee-ae4a-23d2cacf10e8","geometry":{"type":"Point","coordinates":[-94.85984789141766,29.6497905730296]},"properties":{"substrate":"Mud","lease_number":null,"poll_year":2025}},{"type":"Feature","id":"9a4a6390-b1df-4304-a6bc-c91515122b2b","geometry":{"type":"Point","coordinates":[-94.87462553357427,29.612668082662054]},"properties":{"substrate":"Buried Shell","lease_number":null,"poll_year":2024}},{"type":"Feature","id":"9a5c5a4b-c9ec-4c21-b52a-64d9d77cd846","geometry":{"type":"Point","coordinates":[-94.85825663638464,29.646264253062245]},"properties":{"substrate":"Mud","lease_number":null,"poll_year":2025}},{"type":"Feature","id":"9a61cfc8-3b39-44df-9112-4962fa63dc3c","geometry":{"type":"Point","coordinates":[-94.86310829979192,29.63907478299024]},"properties":{"substrate":"Buried Shell","lease_number":null,"poll_year":2024}},{"type":"Feature","id":"9a6af1fb-3bc9-439c-9af0-bf8a43dfd95b","geometry":{"type":"Point","coordinates":[-94.85834193321747,29.64833065008756]},"properties":{"substrate":"Solid Reef","lease_number":null,"poll_year":2023}},{"type":"Feature","id":"9a6af59a-1643-4a58-b363-f2e39b4d49fe","geometry":{"type":"Point","coordinates":[-94.8565568837299,29.646658583284516]},"properties":{"substrate":"Buried Shell","lease_number":null,"poll_year":2024}},{"type":"Feature","id":"9ad365c2-8dbe-4f42-8a41-ea52b7120e10","geometry":{"type":"Point","coordinates":[-94.86330606120676,29.640547199689987]},"properties":{"substrate":"Mud","lease_number":null,"poll_year":2025}},{"type":"Feature","id":"9ae8a015-8dd7-4241-84d3-0460fe280602","geometry":{"type":"Point","coordinates":[-94.8665701472838,29.640447071817356]},"properties":{"substrate":"Mud","lease_number":null,"poll_year":2025}},{"type":"Feature","id":"9afbea32-12da-431d-85e5-e11ea7a8fd82","geometry":{"type":"Point","coordinates":[-94.85807260841382,29.650971986696682]},"properties":{"substrate":"Mud","lease_number":null,"poll_year":2025}},{"type":"Feature","id":"9afc7487-14fb-42f6-a46c-1578d066bb42","geometry":{"type":"Point","coordinates":[-94.87305322940048,29.612802544322545]},"properties":{"substrate":"Mud","lease_number":null,"poll_year":2025}},{"type":"Feature","id":"9afeda60-5e1f-496e-9a69-b5f8227f1e01","geometry":{"type":"Point","coordinates":[-94.86490306635594,29.637280024307486]},"properties":{"substrate":"Solid Reef","lease_number":null,"poll_year":2025}},{"type":"Feature","id":"9b184a9c-83bc-48ef-8a01-8a7ba57e0eb4","geometry":{"type":"Point","coordinates":[-94.8731569497815,29.613021250121722]},"properties":{"substrate":"Buried Shell","lease_number":null,"poll_year":2024}},{"type":"Feature","id":"9b2c162a-c844-476f-87cf-2bb03cf1e19f","geometry":{"type":"Point","coordinates":[-94.8594211323689,29.64829335887694]},"properties":{"substrate":"Buried Shell","lease_number":null,"poll_year":2025}},{"type":"Feature","id":"9b34768e-f21d-4387-9c36-e92342102ad1","geometry":{"type":"Point","coordinates":[-94.87397161664128,29.612678333056326]},"properties":{"substrate":"Solid Reef","lease_number":null,"poll_year":2024}},{"type":"Feature","id":"9b5817a3-a5d9-4695-bc25-1a8b9b8921a7","geometry":{"type":"Point","coordinates":[-94.87336516399299,29.613724879939173]},"properties":{"substrate":"Scattered Shell","lease_number":null,"poll_year":2025}},{"type":"Feature","id":"9b5f7681-8443-404d-b748-20a2b13677bc","geometry":{"type":"Point","coordinates":[-94.87213866359286,29.611916154631015]},"properties":{"substrate":"Buried Shell","lease_number":null,"poll_year":2025}},{"type":"Feature","id":"9b602b8f-4d7e-45e6-ba3e-4fe67d16428f","geometry":{"type":"Point","coordinates":[-94.85762368792702,29.64580262120742]},"properties":{"substrate":"Mud","lease_number":null,"poll_year":2025}},{"type":"Feature","id":"9b9eb854-5fff-45b2-ba22-c03b2d2d526b","geometry":{"type":"Point","coordinates":[-94.86352305555185,29.636370134726057]},"properties":{"substrate":"Mud","lease_number":null,"poll_year":2025}},{"type":"Feature","id":"9bca10d9-b3f8-4f70-84cb-75aee990279c","geometry":{"type":"Point","coordinates":[-94.85698160180632,29.65043704471462]},"properties":{"substrate":"Mud","lease_number":null,"poll_year":2025}},{"type":"Feature","id":"9bcb8061-478c-4e04-8505-29c2b0fd5a99","geometry":{"type":"Point","coordinates":[-94.8573820662684,29.649229617344663]},"properties":{"substrate":"Solid Reef","lease_number":null,"poll_year":2024}},{"type":"Feature","id":"9be16fea-90e3-40cc-9ac3-2cd2a570ef11","geometry":{"type":"Point","coordinates":[-94.87489379477263,29.613224339789493]},"properties":{"substrate":"Mud","lease_number":null,"poll_year":2025}},{"type":"Feature","id":"9be1aa71-b9e0-43f9-9dc9-71812f2c5677","geometry":{"type":"Point","coordinates":[-94.87395596709075,29.61313381735241]},"properties":{"substrate":"Buried Shell","lease_number":null,"poll_year":2023}},{"type":"Feature","id":"9be5aa5a-4850-45d8-a505-eb5c74a27cc9","geometry":{"type":"Point","coordinates":[-94.85772305237721,29.650357133286978]},"properties":{"substrate":"Mud","lease_number":null,"poll_year":2025}},{"type":"Feature","id":"9be9e62f-6b6f-4323-a6e9-4eba655616c2","geometry":{"type":"Point","coordinates":[-94.85853393373642,29.648642266851674]},"properties":{"substrate":"Solid Reef","lease_number":null,"poll_year":2024}},{"type":"Feature","id":"9c070cd7-7311-428e-8293-76457273625b","geometry":{"type":"Point","coordinates":[-94.87261531686913,29.61265853437006]},"properties":{"substrate":"Mud","lease_number":null,"poll_year":2024}},{"type":"Feature","id":"9c196eab-e712-48a8-b4ac-a60a6c52e3f5","geometry":{"type":"Point","coordinates":[-94.85784133444899,29.647469099833792]},"properties":{"substrate":"Solid Reef","lease_number":null,"poll_year":2024}},{"type":"Feature","id":"9c343223-fa35-4ed5-bcc8-41f99630b731","geometry":{"type":"Point","coordinates":[-94.87436066710939,29.612239549646503]},"properties":{"substrate":"Solid Reef","lease_number":null,"poll_year":2024}},{"type":"Feature","id":"9c4fa390-d910-41fb-b139-93f3ca4ad716","geometry":{"type":"Point","coordinates":[-94.87371335099711,29.61172349635171]},"properties":{"substrate":"Solid Reef","lease_number":null,"poll_year":2025}},{"type":"Feature","id":"9c6f4453-98fe-4637-a786-6969d1559b55","geometry":{"type":"Point","coordinates":[-94.85571421638268,29.646834600129978]},"properties":{"substrate":"Buried Shell","lease_number":null,"poll_year":2024}},{"type":"Feature","id":"9c75a8cb-0bfb-4d71-bb99-bb15e2f6dacd","geometry":{"type":"Point","coordinates":[-94.87297936991781,29.612271025711472]},"properties":{"substrate":"Buried Shell","lease_number":null,"poll_year":2025}},{"type":"Feature","id":"9c7d8b3b-74f1-4886-9f23-109ce3cb0c70","geometry":{"type":"Point","coordinates":[-94.86497327867855,29.63967545229611]},"properties":{"substrate":"Solid Reef","lease_number":null,"poll_year":2025}},{"type":"Feature","id":"9cc2b666-d106-42cb-8bbc-75706145059d","geometry":{"type":"Point","coordinates":[-94.85813826627793,29.646185832625047]},"properties":{"substrate":"Buried Shell","lease_number":null,"poll_year":2024}},{"type":"Feature","id":"9cc80fa7-beba-46f1-af5a-9f819d83c258","geometry":{"type":"Point","coordinates":[-94.85960148443354,29.650179016294793]},"properties":{"substrate":"Buried Shell","lease_number":null,"poll_year":2024}},{"type":"Feature","id":"9ccf38e5-144e-4d8f-bd53-049dfd0a078f","geometry":{"type":"Point","coordinates":[-94.8542949456074,29.646365935030854]},"properties":{"substrate":"Mud","lease_number":null,"poll_year":2025}},{"type":"Feature","id":"9d19b73b-19f0-4ca7-9663-a7e7a1aea8de","geometry":{"type":"Point","coordinates":[-94.8576655170799,29.648605767390208]},"properties":{"substrate":"Solid Reef","lease_number":null,"poll_year":2024}},{"type":"Feature","id":"9d1abdbc-bd3f-4a5e-afeb-0e2475f7c865","geometry":{"type":"Point","coordinates":[-94.85673558289442,29.648119383009835]},"properties":{"substrate":"Solid Reef","lease_number":null,"poll_year":2024}},{"type":"Feature","id":"9d2526b8-cb44-4a94-b71b-19b2c79a0455","geometry":{"type":"Point","coordinates":[-94.8663468809014,29.638365689029946]},"properties":{"substrate":"Solid Reef","lease_number":null,"poll_year":2025}},{"type":"Feature","id":"9d421723-9601-444f-94a8-3da54a8dbdf3","geometry":{"type":"Point","coordinates":[-94.8656423465971,29.636517751651827]},"properties":{"substrate":"Mud","lease_number":null,"poll_year":2025}},{"type":"Feature","id":"9d425334-873b-4144-bc43-cd65c34ba632","geometry":{"type":"Point","coordinates":[-94.85753256641786,29.647930484368985]},"properties":{"substrate":"Solid Reef","lease_number":null,"poll_year":2023}},{"type":"Feature","id":"9d7673cb-d46d-4569-b351-43d509120b5e","geometry":{"type":"Point","coordinates":[-94.86612698589626,29.639325594271742]},"properties":{"substrate":"Buried Shell","lease_number":null,"poll_year":2025}},{"type":"Feature","id":"9d93a315-d9bb-4ffb-aa55-bd58303c7755","geometry":{"type":"Point","coordinates":[-94.86679091994297,29.639189863325463]},"properties":{"substrate":"Solid Reef","lease_number":null,"poll_year":2025}},{"type":"Feature","id":"9d9b412c-1896-4d85-b419-cc51c6634db2","geometry":{"type":"Point","coordinates":[-94.86392407966437,29.638805551707502]},"properties":{"substrate":"Buried Shell","lease_number":null,"poll_year":2025}},{"type":"Feature","id":"9dcea554-4e53-49da-bea3-bd501f398ace","geometry":{"type":"Point","coordinates":[-94.86456557469359,29.64008120132112]},"properties":{"substrate":"Solid Reef","lease_number":null,"poll_year":2025}},{"type":"Feature","id":"9ddad230-a0ed-48ab-a5b9-3c763da00478","geometry":{"type":"Point","coordinates":[-94.86571634442032,29.640964932259514]},"properties":{"substrate":"Mud","lease_number":null,"poll_year":2025}},{"type":"Feature","id":"9dee2d07-c8d5-44ba-8545-930c2a4cbe5c","geometry":{"type":"Point","coordinates":[-94.85857378300241,29.64774898338687]},"properties":{"substrate":"Solid Reef","lease_number":null,"poll_year":2024}},{"type":"Feature","id":"9df16234-43ad-4da5-865f-37313124d327","geometry":{"type":"Point","coordinates":[-94.8581537208941,29.648363471743977]},"properties":{"substrate":"Solid Reef","lease_number":null,"poll_year":2025}},{"type":"Feature","id":"9e1ac58f-6489-4727-a369-f6e207a229bf","geometry":{"type":"Point","coordinates":[-94.8734541834444,29.612560484308148]},"properties":{"substrate":"Solid Reef","lease_number":null,"poll_year":2023}},{"type":"Feature","id":"9e3cd03a-03b6-4440-adc7-8d734b797691","geometry":{"type":"Point","coordinates":[-94.85869304962775,29.64833444978368]},"properties":{"substrate":"Solid Reef","lease_number":null,"poll_year":2023}},{"type":"Feature","id":"9e4b4120-7649-4883-ac5a-48b417dc3f36","geometry":{"type":"Point","coordinates":[-94.85802406255756,29.6484208098819]},"properties":{"substrate":"Solid Reef","lease_number":null,"poll_year":2025}},{"type":"Feature","id":"9e60ce46-f549-4bf0-8aa0-0f172e5427ed","geometry":{"type":"Point","coordinates":[-94.86403817918017,29.64075926732685]},"properties":{"substrate":"Mud","lease_number":null,"poll_year":2025}},{"type":"Feature","id":"9e64299a-ac2b-4189-bc7e-b7632e7fc84e","geometry":{"type":"Point","coordinates":[-94.8579082670225,29.64799888305272]},"properties":{"substrate":"Solid Reef","lease_number":null,"poll_year":2023}},{"type":"Feature","id":"9e8f62c6-7f5a-4d75-a093-e462916315cc","geometry":{"type":"Point","coordinates":[-94.85655141658306,29.648170749657098]},"properties":{"substrate":"Solid Reef","lease_number":null,"poll_year":2024}},{"type":"Feature","id":"9e91f2f1-c0cb-49a5-b175-07811950fd4e","geometry":{"type":"Point","coordinates":[-94.86366943333245,29.6371293142169]},"properties":{"substrate":"Buried Shell","lease_number":null,"poll_year":2025}},{"type":"Feature","id":"9eaf61ca-4bb4-4810-b814-94f679b685b5","geometry":{"type":"Point","coordinates":[-94.85635463433188,29.64573515165697]},"properties":{"substrate":"Mud","lease_number":null,"poll_year":2025}},{"type":"Feature","id":"9ecea003-ba2f-4eec-a548-4dac223f0923","geometry":{"type":"Point","coordinates":[-94.86641296905853,29.636096159874324]},"properties":{"substrate":"Mud","lease_number":null,"poll_year":2025}},{"type":"Feature","id":"9ee47e9f-9aa0-4865-933a-dd3060394dff","geometry":{"type":"Point","coordinates":[-94.8579815713463,29.646753421859568]},"properties":{"substrate":"Mud","lease_number":null,"poll_year":2025}},{"type":"Feature","id":"9eeafeaa-7c05-4733-96bb-3ae4fab06fc9","geometry":{"type":"Point","coordinates":[-94.85741216701695,29.649341016791492]},"properties":{"substrate":"Buried Shell","lease_number":null,"poll_year":2024}},{"type":"Feature","id":"9efb39cd-9223-43d4-b383-9db0f847b9db","geometry":{"type":"Point","coordinates":[-94.86304855014743,29.638179467357403]},"properties":{"substrate":"Solid Reef","lease_number":null,"poll_year":2024}},{"type":"Feature","id":"9efbc693-6e4d-4bae-965d-a5755d392cff","geometry":{"type":"Point","coordinates":[-94.86683851627998,29.638717066665148]},"properties":{"substrate":"Mud","lease_number":null,"poll_year":2024}},{"type":"Feature","id":"9f10a07d-3ee9-48e1-8d4d-8f904fdfa175","geometry":{"type":"Point","coordinates":[-94.8644933833824,29.641722799791776]},"properties":{"substrate":"Mud","lease_number":null,"poll_year":2024}},{"type":"Feature","id":"9f2907f1-1398-4610-be4a-752920c53822","geometry":{"type":"Point","coordinates":[-94.86343150374968,29.63959278322145]},"properties":{"substrate":"Mud","lease_number":null,"poll_year":2025}},{"type":"Feature","id":"9f3db68a-d213-4c07-b0b5-381f20d2d118","geometry":{"type":"Point","coordinates":[-94.87286744881658,29.612891629271633]},"properties":{"substrate":"Buried Shell","lease_number":null,"poll_year":2025}},{"type":"Feature","id":"9f3f0eb6-62ff-4e16-ba7e-ec48fbbc7610","geometry":{"type":"Point","coordinates":[-94.85868219079259,29.64739645605214]},"properties":{"substrate":"Mud","lease_number":null,"poll_year":2025}},{"type":"Feature","id":"9f5618f2-80f9-494d-9013-5e2c60ff7521","geometry":{"type":"Point","coordinates":[-94.8655955497607,29.63629850031781]},"properties":{"substrate":"Mud","lease_number":null,"poll_year":2024}},{"type":"Feature","id":"9f809284-c8c6-4e39-bab2-66d5b4562c33","geometry":{"type":"Point","coordinates":[-94.85928314575135,29.648157788354332]},"properties":{"substrate":"Mud","lease_number":null,"poll_year":2025}},{"type":"Feature","id":"9f930126-ad2b-4576-9d01-9485623a556e","geometry":{"type":"Point","coordinates":[-94.85954984657606,29.647705722645632]},"properties":{"substrate":"Mud","lease_number":null,"poll_year":2025}},{"type":"Feature","id":"9fa5921a-3765-455f-8432-035b9513e239","geometry":{"type":"Point","coordinates":[-94.87423264460499,29.61362381400788]},"properties":{"substrate":"Mud","lease_number":null,"poll_year":2025}},{"type":"Feature","id":"9fe12743-0765-480e-97c5-0aea07176f8f","geometry":{"type":"Point","coordinates":[-94.85616628636288,29.65008569783248]},"properties":{"substrate":"Mud","lease_number":null,"poll_year":2025}},{"type":"Feature","id":"9fee4bf5-d353-4e76-8dae-20409954f948","geometry":{"type":"Point","coordinates":[-94.8755420280648,29.611776278751066]},"properties":{"substrate":"Buried Shell","lease_number":null,"poll_year":2025}},{"type":"Feature","id":"9ff5ba46-9512-4d4c-a418-43fe24622633","geometry":{"type":"Point","coordinates":[-94.85533768842964,29.647987176326694]},"properties":{"substrate":"Mud","lease_number":null,"poll_year":2025}},{"type":"Feature","id":"9ff9ba6d-f831-424c-b3b7-5258aa3ffa85","geometry":{"type":"Point","coordinates":[-94.87326848370886,29.611696749791243]},"properties":{"substrate":"Solid Reef","lease_number":null,"poll_year":2024}},{"type":"Feature","id":"a013dc80-e852-4d29-b623-26ee222cf7a6","geometry":{"type":"Point","coordinates":[-94.85693146772864,29.648884222221522]},"properties":{"substrate":"Solid Reef","lease_number":null,"poll_year":2025}},{"type":"Feature","id":"a019d3b6-2400-4037-9ab6-253f4239d71f","geometry":{"type":"Point","coordinates":[-94.86541198442228,29.638520400340045]},"properties":{"substrate":"Scattered Shell","lease_number":null,"poll_year":2023}},{"type":"Feature","id":"a032591b-b7a7-4185-a1ec-8bbd99fcb399","geometry":{"type":"Point","coordinates":[-94.87532275020226,29.611915417378103]},"properties":{"substrate":"Buried Shell","lease_number":null,"poll_year":2024}},{"type":"Feature","id":"a032f7f2-ecba-4454-87e4-c6675aa002f6","geometry":{"type":"Point","coordinates":[-94.85571054317147,29.65030207977249]},"properties":{"substrate":"Mud","lease_number":null,"poll_year":2025}},{"type":"Feature","id":"a04aa299-3dbc-4e85-bfce-a2ca7e68a4f0","geometry":{"type":"Point","coordinates":[-94.8666924331468,29.637206632983016]},"properties":{"substrate":"Mud","lease_number":null,"poll_year":2024}},{"type":"Feature","id":"a04eb103-22ea-4fee-9980-99ffe6f55c3f","geometry":{"type":"Point","coordinates":[-94.85805376625075,29.64956721680975]},"properties":{"substrate":"Buried Shell","lease_number":null,"poll_year":2024}},{"type":"Feature","id":"a0581b36-dd19-4c3c-aeaf-4dd2cea86549","geometry":{"type":"Point","coordinates":[-94.87363586142239,29.613936569822247]},"properties":{"substrate":"Mud","lease_number":null,"poll_year":2025}},{"type":"Feature","id":"a067a5cd-3bdb-41ec-867a-40133e91f1e8","geometry":{"type":"Point","coordinates":[-94.85549481634925,29.64761406636748]},"properties":{"substrate":"Mud","lease_number":null,"poll_year":2023}},{"type":"Feature","id":"a0b99186-4308-4bde-9328-c7bef700b7e2","geometry":{"type":"Point","coordinates":[-94.86442011678783,29.636530065610366]},"properties":{"substrate":"Solid Reef","lease_number":null,"poll_year":2024}},{"type":"Feature","id":"a0bc963e-0314-44e7-84a4-e65602018b2b","geometry":{"type":"Point","coordinates":[-94.8736230667178,29.61189609963082]},"properties":{"substrate":"Solid Reef","lease_number":null,"poll_year":2023}},{"type":"Feature","id":"a0cca9b6-8bdb-4ca2-b6f2-c69472268fe4","geometry":{"type":"Point","coordinates":[-94.86590759304937,29.64085253821965]},"properties":{"substrate":"Mud","lease_number":null,"poll_year":2025}},{"type":"Feature","id":"a0d25c65-eef7-4262-b85c-25c55edd5207","geometry":{"type":"Point","coordinates":[-94.85956220020785,29.64921315005829]},"properties":{"substrate":"Buried Shell","lease_number":null,"poll_year":2023}},{"type":"Feature","id":"a0d33e52-67af-4661-a078-386bdbd16411","geometry":{"type":"Point","coordinates":[-94.85916085000689,29.64895531679914]},"properties":{"substrate":"Buried Shell","lease_number":null,"poll_year":2024}},{"type":"Feature","id":"a0de5168-d257-4114-90cc-b5ba3bd01b25","geometry":{"type":"Point","coordinates":[-94.85728171097645,29.650554685212725]},"properties":{"substrate":"Mud","lease_number":null,"poll_year":2025}},{"type":"Feature","id":"a0e778b0-aaff-46e7-a72e-6faf95d6bd4e","geometry":{"type":"Point","coordinates":[-94.85740866628228,29.649615316285953]},"properties":{"substrate":"Buried Shell","lease_number":null,"poll_year":2024}},{"type":"Feature","id":"a0eb1d85-a448-4f6f-b228-a09e66c5adc2","geometry":{"type":"Point","coordinates":[-94.86482974586245,29.636968789319155]},"properties":{"substrate":"Buried Shell","lease_number":null,"poll_year":2025}},{"type":"Feature","id":"a1053365-19ca-42da-9c59-11716064f6e8","geometry":{"type":"Point","coordinates":[-94.85661598658737,29.648889438870334]},"properties":{"substrate":"Mud","lease_number":null,"poll_year":2025}},{"type":"Feature","id":"a10f2eca-ef21-41a0-90c3-b0993e09adfa","geometry":{"type":"Point","coordinates":[-94.8744443343983,29.612405700329347]},"properties":{"substrate":"Solid Reef","lease_number":null,"poll_year":2023}},{"type":"Feature","id":"a11c6a08-b1f7-4cab-9654-ac3904bf7cc3","geometry":{"type":"Point","coordinates":[-94.8564380779403,29.650478994285248]},"properties":{"substrate":"Mud","lease_number":null,"poll_year":2025}},{"type":"Feature","id":"a12693c7-f3e0-42cf-a8a4-19e443a4a2a8","geometry":{"type":"Point","coordinates":[-94.85804830000225,29.647548983106475]},"properties":{"substrate":"Solid Reef","lease_number":null,"poll_year":2023}},{"type":"Feature","id":"a1646235-5f84-4ec8-bf12-b0c2b93dfa73","geometry":{"type":"Point","coordinates":[-94.8665823670666,29.637331017020433]},"properties":{"substrate":"Mud","lease_number":null,"poll_year":2024}},{"type":"Feature","id":"a1670408-a7e3-4a1f-959b-0f8825130c17","geometry":{"type":"Point","coordinates":[-94.85708472929926,29.64776640337946]},"properties":{"substrate":"Solid Reef","lease_number":null,"poll_year":2025}},{"type":"Feature","id":"a16b1162-c1da-4e0f-a4e8-df55c5425924","geometry":{"type":"Point","coordinates":[-94.87346494975306,29.61193958271491]},"properties":{"substrate":"Solid Reef","lease_number":null,"poll_year":2024}},{"type":"Feature","id":"a17943d8-df89-45d8-a3f3-31d029fc2cd3","geometry":{"type":"Point","coordinates":[-94.87548693259178,29.61348863338287]},"properties":{"substrate":"Mud","lease_number":null,"poll_year":2023}},{"type":"Feature","id":"a1885182-7a2c-4a9f-af51-eb8b16b9b77b","geometry":{"type":"Point","coordinates":[-94.85559389244025,29.647250235377747]},"properties":{"substrate":"Mud","lease_number":null,"poll_year":2025}},{"type":"Feature","id":"a194680d-97cb-4bab-8c7e-5710dfea709c","geometry":{"type":"Point","coordinates":[-94.87434697498783,29.61324109723628]},"properties":{"substrate":"Buried Shell","lease_number":null,"poll_year":2025}},{"type":"Feature","id":"a19a5d83-4a17-400d-8242-d8575ab4dd63","geometry":{"type":"Point","coordinates":[-94.85565418376886,29.64760206682982]},"properties":{"substrate":"Buried Shell","lease_number":null,"poll_year":2024}},{"type":"Feature","id":"a1b2aaaa-be9f-48e6-81ca-007965bf97d1","geometry":{"type":"Point","coordinates":[-94.87441267956434,29.612423920695957]},"properties":{"substrate":"Solid Reef","lease_number":null,"poll_year":2025}},{"type":"Feature","id":"a20b3eab-0976-4c41-b2cc-76396b06a653","geometry":{"type":"Point","coordinates":[-94.85538225025763,29.646880500070022]},"properties":{"substrate":"Buried Shell","lease_number":null,"poll_year":2023}},{"type":"Feature","id":"a20d589e-7a6d-48b3-a2eb-45d7b61932d6","geometry":{"type":"Point","coordinates":[-94.87451821633886,29.613035632643303]},"properties":{"substrate":"Solid Reef","lease_number":null,"poll_year":2023}},{"type":"Feature","id":"a233327e-628f-4773-aa67-6ec6417a0dfa","geometry":{"type":"Point","coordinates":[-94.85766405013104,29.64714694993263]},"properties":{"substrate":"Solid Reef","lease_number":null,"poll_year":2024}},{"type":"Feature","id":"a261c3d9-343f-47d7-88c1-786229243c5b","geometry":{"type":"Point","coordinates":[-94.86529974172414,29.638694196818882]},"properties":{"substrate":"Mud","lease_number":null,"poll_year":2025}},{"type":"Feature","id":"a26876dc-69d2-446c-83c9-bbe85eddb838","geometry":{"type":"Point","coordinates":[-94.86430866640379,29.64039281629312]},"properties":{"substrate":"Buried Shell","lease_number":null,"poll_year":2024}},{"type":"Feature","id":"a288db1a-0963-4793-9342-57f981aee4ed","geometry":{"type":"Point","coordinates":[-94.85722121662857,29.64866733367984]},"properties":{"substrate":"Solid Reef","lease_number":null,"poll_year":2024}},{"type":"Feature","id":"a29b369e-b422-4860-92c4-3b9750109c62","geometry":{"type":"Point","coordinates":[-94.8585710197846,29.648262372638726]},"properties":{"substrate":"Solid Reef","lease_number":null,"poll_year":2025}},{"type":"Feature","id":"a2a1f659-6023-40b9-bf4e-d0ce6ad9351d","geometry":{"type":"Point","coordinates":[-94.85687348327367,29.650096116952824]},"properties":{"substrate":"Buried Shell","lease_number":null,"poll_year":2024}},{"type":"Feature","id":"a2d58f12-3229-44c9-ae4d-b64f56bae4ed","geometry":{"type":"Point","coordinates":[-94.86517306669268,29.63944686664633]},"properties":{"substrate":"Buried Shell","lease_number":null,"poll_year":2024}},{"type":"Feature","id":"a307852e-c5dc-4d1d-ace3-e215ebcc8fd5","geometry":{"type":"Point","coordinates":[-94.86453196063398,29.63714168587932]},"properties":{"substrate":"Buried Shell","lease_number":null,"poll_year":2025}},{"type":"Feature","id":"a308d44c-41cb-4dd7-9720-3a1093b0b15e","geometry":{"type":"Point","coordinates":[-94.86305228264743,29.63757404661315]},"properties":{"substrate":"Buried Shell","lease_number":null,"poll_year":2025}},{"type":"Feature","id":"a320dc2a-551d-4e8d-8ff4-bdc9396ec2f4","geometry":{"type":"Point","coordinates":[-94.87387558314417,29.612537067302384]},"properties":{"substrate":"Solid Reef","lease_number":null,"poll_year":2024}},{"type":"Feature","id":"a33642d9-ce1c-454e-ba6f-baa53edda947","geometry":{"type":"Point","coordinates":[-94.86495636699502,29.64026587199358]},"properties":{"substrate":"Buried Shell","lease_number":null,"poll_year":2025}},{"type":"Feature","id":"a35c1414-82f4-4119-a8ea-0754f9470bac","geometry":{"type":"Point","coordinates":[-94.8747402502327,29.612991233161594]},"properties":{"substrate":"Buried Shell","lease_number":null,"poll_year":2023}},{"type":"Feature","id":"a360b08c-3b41-47ae-952f-3ba2debc5c27","geometry":{"type":"Point","coordinates":[-94.86330031109063,29.640757886934743]},"properties":{"substrate":"Mud","lease_number":null,"poll_year":2025}},{"type":"Feature","id":"a366fbd9-f974-4891-8308-a0fd65344d30","geometry":{"type":"Point","coordinates":[-94.86793420041518,29.6394589998877]},"properties":{"substrate":"Mud","lease_number":null,"poll_year":2024}},{"type":"Feature","id":"a369ffa3-57c6-4054-a67a-96978c1f9b9c","geometry":{"type":"Point","coordinates":[-94.85857374976476,29.648458150229743]},"properties":{"substrate":"Solid Reef","lease_number":null,"poll_year":2024}},{"type":"Feature","id":"a3a76541-d0d6-44b6-8206-b8f68f3f7aad","geometry":{"type":"Point","coordinates":[-94.87266497124646,29.612428887756312]},"properties":{"substrate":"Buried Shell","lease_number":null,"poll_year":2025}},{"type":"Feature","id":"a3db9b05-9eb8-4faf-9d4c-46febbc3d11f","geometry":{"type":"Point","coordinates":[-94.86359548401826,29.64043177268377]},"properties":{"substrate":"Mud","lease_number":null,"poll_year":2025}},{"type":"Feature","id":"a4008ff3-e8e5-452e-8f87-1ee3004aa40b","geometry":{"type":"Point","coordinates":[-94.85752393360796,29.645934317042773]},"properties":{"substrate":"Mud","lease_number":null,"poll_year":2023}},{"type":"Feature","id":"a40dc85e-5566-425a-b71d-c934d904620d","geometry":{"type":"Point","coordinates":[-94.87288421676965,29.614292295980988]},"properties":{"substrate":"Mud","lease_number":null,"poll_year":2025}},{"type":"Feature","id":"a40f42b8-7a65-4cb9-bb73-1291c4840ecf","geometry":{"type":"Point","coordinates":[-94.86624240234228,29.637867488716324]},"properties":{"substrate":"Buried Shell","lease_number":null,"poll_year":2025}},{"type":"Feature","id":"a411f7f5-3d6c-4724-9643-1513415abfcc","geometry":{"type":"Point","coordinates":[-94.85589899444672,29.646562442379558]},"properties":{"substrate":"Buried Shell","lease_number":null,"poll_year":2025}},{"type":"Feature","id":"a42596cf-481d-48ad-8983-2a19d34f42f8","geometry":{"type":"Point","coordinates":[-94.85702811208016,29.64560496314521]},"properties":{"substrate":"Buried Shell","lease_number":null,"poll_year":2025}},{"type":"Feature","id":"a43259bb-32e9-4304-a7b9-ba4eb8821ae7","geometry":{"type":"Point","coordinates":[-94.87269681742161,29.612480432707816]},"properties":{"substrate":"Mud","lease_number":null,"poll_year":2023}},{"type":"Feature","id":"a432ba83-80be-4688-85a0-28cfb3e7f007","geometry":{"type":"Point","coordinates":[-94.87383855009658,29.612034650008987]},"properties":{"substrate":"Solid Reef","lease_number":null,"poll_year":2023}},{"type":"Feature","id":"a4418039-7594-4b59-bc67-ef0b3808afb0","geometry":{"type":"Point","coordinates":[-94.87283671655238,29.612436233694492]},"properties":{"substrate":"Mud","lease_number":null,"poll_year":2024}},{"type":"Feature","id":"a444870a-2026-4bce-8d8c-4af7a93132b9","geometry":{"type":"Point","coordinates":[-94.86306173022926,29.638594209206012]},"properties":{"substrate":"Buried Shell","lease_number":null,"poll_year":2025}},{"type":"Feature","id":"a44d7199-fe36-4d3d-9b27-665535d2fab7","geometry":{"type":"Point","coordinates":[-94.86606963295694,29.63871228438407]},"properties":{"substrate":"Solid Reef","lease_number":null,"poll_year":2023}},{"type":"Feature","id":"a48a809c-6641-4f6c-a937-bffdb6dc7124","geometry":{"type":"Point","coordinates":[-94.86518177136779,29.640126350897397]},"properties":{"substrate":"Solid Reef","lease_number":null,"poll_year":2025}},{"type":"Feature","id":"a496e0a1-8775-400c-8957-a0b274ce8a99","geometry":{"type":"Point","coordinates":[-94.87344129980659,29.61232393434372]},"properties":{"substrate":"Solid Reef","lease_number":null,"poll_year":2024}},{"type":"Feature","id":"a4a0962a-752e-42c1-86fd-b4eedff6855b","geometry":{"type":"Point","coordinates":[-94.8748206835866,29.61247564996219]},"properties":{"substrate":"Buried Shell","lease_number":null,"poll_year":2024}},{"type":"Feature","id":"a4a54fed-5e6c-4990-86f2-fc387aa23d1f","geometry":{"type":"Point","coordinates":[-94.8563054830111,29.647139316879805]},"properties":{"substrate":"Solid Reef","lease_number":null,"poll_year":2024}},{"type":"Feature","id":"a4a745d4-aa40-4939-977f-697182a9480f","geometry":{"type":"Point","coordinates":[-94.87396715021771,29.611998950289134]},"properties":{"substrate":"Solid Reef","lease_number":null,"poll_year":2023}},{"type":"Feature","id":"a501d15d-04c9-4ce8-a095-f05769c0d70d","geometry":{"type":"Point","coordinates":[-94.85832208943286,29.64765586409523]},"properties":{"substrate":"Buried Shell","lease_number":null,"poll_year":2025}},{"type":"Feature","id":"a50287de-0938-49bf-bdd9-51211ba4df40","geometry":{"type":"Point","coordinates":[-94.86582751632662,29.639886750366653]},"properties":{"substrate":"Solid Reef","lease_number":null,"poll_year":2024}},{"type":"Feature","id":"a505d191-aef0-4197-aebf-dff5ef97e6d3","geometry":{"type":"Point","coordinates":[-94.85856886742118,29.64740385018718]},"properties":{"substrate":"Buried Shell","lease_number":null,"poll_year":2023}},{"type":"Feature","id":"a510d399-cd44-443f-91c7-39b48494f52c","geometry":{"type":"Point","coordinates":[-94.85903268377206,29.648479216772078]},"properties":{"substrate":"Buried Shell","lease_number":null,"poll_year":2023}},{"type":"Feature","id":"a5218b28-f296-40ed-a45e-55274658400a","geometry":{"type":"Point","coordinates":[-94.85608981637601,29.647115850137787]},"properties":{"substrate":"Buried Shell","lease_number":null,"poll_year":2024}},{"type":"Feature","id":"a55ece77-6092-468f-981e-e1f697ac6ef5","geometry":{"type":"Point","coordinates":[-94.86352391883284,29.64095137821047]},"properties":{"substrate":"Mud","lease_number":null,"poll_year":2025}},{"type":"Feature","id":"a5749d82-efb7-4ab5-8d57-90a585d26831","geometry":{"type":"Point","coordinates":[-94.86526846687754,29.638660366364252]},"properties":{"substrate":"Scattered Shell","lease_number":null,"poll_year":2023}},{"type":"Feature","id":"a58537ba-77ff-4646-b62c-1cab4eae5320","geometry":{"type":"Point","coordinates":[-94.86474330906749,29.63998741830897]},"properties":{"substrate":"Solid Reef","lease_number":null,"poll_year":2025}},{"type":"Feature","id":"a5976a18-6a7d-4e6d-a888-b1b623b2894b","geometry":{"type":"Point","coordinates":[-94.85776570798016,29.64653719780378]},"properties":{"substrate":"Buried Shell","lease_number":null,"poll_year":2025}},{"type":"Feature","id":"a5a377af-0f40-4f2d-98fc-007b7d7eb508","geometry":{"type":"Point","coordinates":[-94.86674480043628,29.639856383035344]},"properties":{"substrate":"Buried Shell","lease_number":null,"poll_year":2024}},{"type":"Feature","id":"a5b58cd6-b9e8-41b0-af1a-744a77d05a0e","geometry":{"type":"Point","coordinates":[-94.8659429067215,29.639409964874936]},"properties":{"substrate":"Buried Shell","lease_number":null,"poll_year":2025}},{"type":"Feature","id":"a5ece888-cfc9-42e6-a1ce-222a364d72fb","geometry":{"type":"Point","coordinates":[-94.85871084166027,29.646334723351593]},"properties":{"substrate":"Mud","lease_number":null,"poll_year":2025}},{"type":"Feature","id":"a6035b3b-9d06-4827-abc4-8955c8aba174","geometry":{"type":"Point","coordinates":[-94.85491417140074,29.64764036463349]},"properties":{"substrate":"Mud","lease_number":null,"poll_year":2025}},{"type":"Feature","id":"a60eb2ad-8690-4979-9d6b-7ca12a1cfc85","geometry":{"type":"Point","coordinates":[-94.86513507424436,29.636801638335765]},"properties":{"substrate":"Buried Shell","lease_number":null,"poll_year":2025}},{"type":"Feature","id":"a63445de-06f6-4db2-bfeb-4412624eb7b6","geometry":{"type":"Point","coordinates":[-94.8596126424077,29.650151784203775]},"properties":{"substrate":"Mud","lease_number":null,"poll_year":2025}},{"type":"Feature","id":"a63f64a9-1a25-4752-9330-da2059b8bca3","geometry":{"type":"Point","coordinates":[-94.8592142521556,29.64736273235627]},"properties":{"substrate":"Mud","lease_number":null,"poll_year":2025}},{"type":"Feature","id":"a64818b3-75cd-4c19-8a97-ffcc7d3086bd","geometry":{"type":"Point","coordinates":[-94.85780864834906,29.650852142808425]},"properties":{"substrate":"Mud","lease_number":null,"poll_year":2025}},{"type":"Feature","id":"a6886e9d-7e47-4051-b75c-454b95d533bf","geometry":{"type":"Point","coordinates":[-94.8657479166093,29.63687946565088]},"properties":{"substrate":"Mud","lease_number":null,"poll_year":2023}},{"type":"Feature","id":"a68c9dfa-1a55-41d8-a93b-ad8112e56402","geometry":{"type":"Point","coordinates":[-94.85708948318373,29.649086949957493]},"properties":{"substrate":"Solid Reef","lease_number":null,"poll_year":2024}},{"type":"Feature","id":"a6b7a8c8-2ce4-4689-8637-6c25c5bcc9a4","geometry":{"type":"Point","coordinates":[-94.85606013334406,29.64792430037179]},"properties":{"substrate":"Buried Shell","lease_number":null,"poll_year":2023}},{"type":"Feature","id":"a6bbde93-75ea-4555-b973-d94322585c1e","geometry":{"type":"Point","coordinates":[-94.8637331885648,29.638228685672914]},"properties":{"substrate":"Buried Shell","lease_number":null,"poll_year":2025}},{"type":"Feature","id":"a6cea370-2b62-4aae-ab68-10bfb1698fb1","geometry":{"type":"Point","coordinates":[-94.86362952926922,29.638949164353026]},"properties":{"substrate":"Buried Shell","lease_number":null,"poll_year":2025}},{"type":"Feature","id":"a6d10387-a5d7-41e8-83a6-02094dea003d","geometry":{"type":"Point","coordinates":[-94.85823753371011,29.65033208327411]},"properties":{"substrate":"Buried Shell","lease_number":null,"poll_year":2024}},{"type":"Feature","id":"a6d5721e-dd51-4fa3-b4d6-a18d7bba26e0","geometry":{"type":"Point","coordinates":[-94.87350032361233,29.611839990281656]},"properties":{"substrate":"Solid Reef","lease_number":null,"poll_year":2025}},{"type":"Feature","id":"a6e93e19-d4ce-4ec4-967c-69e10a7a424c","geometry":{"type":"Point","coordinates":[-94.85871190616388,29.649073397782605]},"properties":{"substrate":"Buried Shell","lease_number":null,"poll_year":2025}},{"type":"Feature","id":"a6f4d46a-9bd2-46b7-bdc8-f6d110a20774","geometry":{"type":"Point","coordinates":[-94.86668788317986,29.636599500348815]},"properties":{"substrate":"Mud","lease_number":null,"poll_year":2024}},{"type":"Feature","id":"a70cff72-d666-4074-b766-38f51e8b9341","geometry":{"type":"Point","coordinates":[-94.85695161694045,29.64952623336165]},"properties":{"substrate":"Buried Shell","lease_number":null,"poll_year":2024}},{"type":"Feature","id":"a70e35f5-e727-4b6b-b235-ce6bb492c9d9","geometry":{"type":"Point","coordinates":[-94.87322048312997,29.61278234970301]},"properties":{"substrate":"Buried Shell","lease_number":null,"poll_year":2024}},{"type":"Feature","id":"a7124d9b-8fa0-40f7-8ef7-cb7b41b9e425","geometry":{"type":"Point","coordinates":[-94.86445754509415,29.637479198610652]},"properties":{"substrate":"Buried Shell","lease_number":null,"poll_year":2025}},{"type":"Feature","id":"a727e07c-2f65-4ae5-b6f6-831c1e71047a","geometry":{"type":"Point","coordinates":[-94.87541658372525,29.61176264970467]},"properties":{"substrate":"Mud","lease_number":null,"poll_year":2023}},{"type":"Feature","id":"a737d8d9-47fe-4026-990c-677d5ce6c453","geometry":{"type":"Point","coordinates":[-94.85728363337115,29.646612649672377]},"properties":{"substrate":"Solid Reef","lease_number":null,"poll_year":2024}},{"type":"Feature","id":"a7425c94-8123-4f01-a053-0937a98a5653","geometry":{"type":"Point","coordinates":[-94.86012788012205,29.649501487613847]},"properties":{"substrate":"Buried Shell","lease_number":null,"poll_year":2025}},{"type":"Feature","id":"a75bdeea-b03d-4606-b328-7feb35ad28b0","geometry":{"type":"Point","coordinates":[-94.86022861540138,29.65008475163326]},"properties":{"substrate":"Mud","lease_number":null,"poll_year":2025}},{"type":"Feature","id":"a783c27d-0a27-4b65-865f-60261da85315","geometry":{"type":"Point","coordinates":[-94.87350771674713,29.612326216382286]},"properties":{"substrate":"Solid Reef","lease_number":null,"poll_year":2023}},{"type":"Feature","id":"a79a061a-bef8-40df-a96b-f0e4a6e8f68f","geometry":{"type":"Point","coordinates":[-94.87357674958174,29.613152215650498]},"properties":{"substrate":"Solid Reef","lease_number":null,"poll_year":2023}},{"type":"Feature","id":"a79e01b4-3e06-41f8-9eae-531d828a2a3e","geometry":{"type":"Point","coordinates":[-94.85707855966989,29.648627425675073]},"properties":{"substrate":"Solid Reef","lease_number":null,"poll_year":2025}},{"type":"Feature","id":"a7b94551-3491-4ddc-85a7-6ce4ee7b50a5","geometry":{"type":"Point","coordinates":[-94.85589293441183,29.647560967036195]},"properties":{"substrate":"Buried Shell","lease_number":null,"poll_year":2023}},{"type":"Feature","id":"a7d8ae7a-6f35-4f40-9605-df66278170a8","geometry":{"type":"Point","coordinates":[-94.87602452398369,29.61294437435331]},"properties":{"substrate":"Mud","lease_number":null,"poll_year":2025}},{"type":"Feature","id":"a7da3676-baef-4a8b-9155-7758b2842eff","geometry":{"type":"Point","coordinates":[-94.85738798526782,29.646217544012853]},"properties":{"substrate":"Mud","lease_number":null,"poll_year":2025}},{"type":"Feature","id":"a7dede28-a914-4072-9007-50c7df64e04d","geometry":{"type":"Point","coordinates":[-94.8648575837548,29.639786317336167]},"properties":{"substrate":"Solid Reef","lease_number":null,"poll_year":2024}},{"type":"Feature","id":"a7fec36e-b0ec-44fe-acc3-e47f9eea6739","geometry":{"type":"Point","coordinates":[-94.87358125014133,29.612670399836993]},"properties":{"substrate":"Solid Reef","lease_number":null,"poll_year":2024}},{"type":"Feature","id":"a81db3e2-993c-4746-8bcc-83f896db47e8","geometry":{"type":"Point","coordinates":[-94.85693554967328,29.648096850222853]},"properties":{"substrate":"Solid Reef","lease_number":null,"poll_year":2023}},{"type":"Feature","id":"a8241f03-4050-477c-b906-6d57c226a9b3","geometry":{"type":"Point","coordinates":[-94.85807630408291,29.64606710571886]},"properties":{"substrate":"Mud","lease_number":null,"poll_year":2025}},{"type":"Feature","id":"a82ffd29-6cff-4a91-87b2-f52a05a99824","geometry":{"type":"Point","coordinates":[-94.87421351138774,29.61385551185918]},"properties":{"substrate":"Mud","lease_number":null,"poll_year":2025}},{"type":"Feature","id":"a850041c-fc0d-4c55-bee4-743df76f5824","geometry":{"type":"Point","coordinates":[-94.85868483363616,29.648354900375043]},"properties":{"substrate":"Solid Reef","lease_number":null,"poll_year":2024}},{"type":"Feature","id":"a872f979-e6a6-40ce-9162-a0c76c7e5920","geometry":{"type":"Point","coordinates":[-94.87227829143242,29.61238062291419]},"properties":{"substrate":"Buried Shell","lease_number":null,"poll_year":2025}},{"type":"Feature","id":"a8995bac-20a6-4023-b092-fb85f9db43f5","geometry":{"type":"Point","coordinates":[-94.85463243098155,29.647637080180697]},"properties":{"substrate":"Mud","lease_number":null,"poll_year":2025}},{"type":"Feature","id":"a8a08bac-bf1f-4ae2-83cc-5917a67b12ca","geometry":{"type":"Point","coordinates":[-94.86292186703112,29.638341082641407]},"properties":{"substrate":"Solid Reef","lease_number":null,"poll_year":2024}},{"type":"Feature","id":"a8aa55ac-6fa5-4b58-87d0-82be77c62afa","geometry":{"type":"Point","coordinates":[-94.86564058679745,29.641159132068903]},"properties":{"substrate":"Mud","lease_number":null,"poll_year":2025}},{"type":"Feature","id":"a8dd774f-a2e6-45ae-86c3-9cbe83182781","geometry":{"type":"Point","coordinates":[-94.86365428144856,29.64001794487796]},"properties":{"substrate":"Mud","lease_number":null,"poll_year":2025}},{"type":"Feature","id":"a8f60522-7006-4be2-91d8-fd34da9088e1","geometry":{"type":"Point","coordinates":[-94.8757965504292,29.61212383326003]},"properties":{"substrate":"Mud","lease_number":null,"poll_year":2024}},{"type":"Feature","id":"a90bf7ab-aa71-4702-96e4-e342ec00fce3","geometry":{"type":"Point","coordinates":[-94.85477581557564,29.647016949837823]},"properties":{"substrate":"Mud","lease_number":null,"poll_year":2023}},{"type":"Feature","id":"a9418f2e-9f8d-453c-aa64-84a368024313","geometry":{"type":"Point","coordinates":[-94.87278931694641,29.613364882957573]},"properties":{"substrate":"Mud","lease_number":null,"poll_year":2024}},{"type":"Feature","id":"a943b40e-0158-46c9-870a-6d53fadc89b4","geometry":{"type":"Point","coordinates":[-94.87358163372194,29.61345474994801]},"properties":{"substrate":"Mud","lease_number":null,"poll_year":2023}},{"type":"Feature","id":"a94979df-7ca0-4729-ab70-e6df8a79977e","geometry":{"type":"Point","coordinates":[-94.86347539543446,29.64010469234514]},"properties":{"substrate":"Mud","lease_number":null,"poll_year":2025}},{"type":"Feature","id":"a94d5064-fd81-4fd7-8414-615db5192c66","geometry":{"type":"Point","coordinates":[-94.8559839337501,29.646440932648364]},"properties":{"substrate":"Buried Shell","lease_number":null,"poll_year":2024}},{"type":"Feature","id":"a97167ac-4ee6-490a-b68a-8a347eae8b38","geometry":{"type":"Point","coordinates":[-94.85822248333582,29.645532890291737]},"properties":{"substrate":"Mud","lease_number":null,"poll_year":2025}},{"type":"Feature","id":"a995fb35-ed82-4d1d-9420-ad334e021733","geometry":{"type":"Point","coordinates":[-94.85790304960732,29.646669400145505]},"properties":{"substrate":"Buried Shell","lease_number":null,"poll_year":2024}},{"type":"Feature","id":"a99767a6-e3af-4fea-96d6-f4ab8f75f760","geometry":{"type":"Point","coordinates":[-94.87271805000167,29.612098433227136]},"properties":{"substrate":"Buried Shell","lease_number":null,"poll_year":2023}},{"type":"Feature","id":"a9b078c8-afa5-4efe-a40e-a9c7d9ace426","geometry":{"type":"Point","coordinates":[-94.85737235997176,29.649511696787147]},"properties":{"substrate":"Buried Shell","lease_number":null,"poll_year":2025}},{"type":"Feature","id":"a9b7f45d-c0ec-4786-a692-9caa7384b917","geometry":{"type":"Point","coordinates":[-94.85559437842882,29.647347631794077]},"properties":{"substrate":"Mud","lease_number":null,"poll_year":2025}},{"type":"Feature","id":"a9df0ca3-4f71-4134-902e-73b9295f3749","geometry":{"type":"Point","coordinates":[-94.87476606691564,29.61279608326308]},"properties":{"substrate":"Solid Reef","lease_number":null,"poll_year":2023}},{"type":"Feature","id":"a9e76f45-65e1-4b9d-8bb9-f887ea7c54fd","geometry":{"type":"Point","coordinates":[-94.87420193300206,29.612390882709494]},"properties":{"substrate":"Buried Shell","lease_number":null,"poll_year":2024}},{"type":"Feature","id":"a9e95073-c590-40c5-8501-2e4c46187a54","geometry":{"type":"Point","coordinates":[-94.86668703517024,29.636872250325684]},"properties":{"substrate":"Mud","lease_number":null,"poll_year":2025}},{"type":"Feature","id":"aa0cf020-eb07-487d-8b26-1096f2f49be6","geometry":{"type":"Point","coordinates":[-94.86664310036633,29.636550300757033]},"properties":{"substrate":"Mud","lease_number":null,"poll_year":2025}},{"type":"Feature","id":"aa0e8610-7ab1-40a2-a793-39dc49fd4ef4","geometry":{"type":"Point","coordinates":[-94.873494649853,29.61314398335359]},"properties":{"substrate":"Solid Reef","lease_number":null,"poll_year":2023}},{"type":"Feature","id":"aa640869-49da-41dd-851a-8436105d2a0d","geometry":{"type":"Point","coordinates":[-94.86678705000072,29.64051271635614]},"properties":{"substrate":"Mud","lease_number":null,"poll_year":2024}},{"type":"Feature","id":"aa75df9a-4c77-4926-9fe1-ad9f57c35aa8","geometry":{"type":"Point","coordinates":[-94.85656036559992,29.64851781637476]},"properties":{"substrate":"Buried Shell","lease_number":null,"poll_year":2024}},{"type":"Feature","id":"aa828ba8-82cb-4aa1-abca-7b0611d6ee8c","geometry":{"type":"Point","coordinates":[-94.85925856515026,29.647158336663153]},"properties":{"substrate":"Mud","lease_number":null,"poll_year":2025}},{"type":"Feature","id":"aaae8ceb-4fb9-49a8-9081-6491db122172","geometry":{"type":"Point","coordinates":[-94.86464705009323,29.639632650303536]},"properties":{"substrate":"Solid Reef","lease_number":null,"poll_year":2024}},{"type":"Feature","id":"aac38e50-4208-4952-8f0e-d0f0c09b93e4","geometry":{"type":"Point","coordinates":[-94.86507148789528,29.638269420746088]},"properties":{"substrate":"Buried Shell","lease_number":null,"poll_year":2025}},{"type":"Feature","id":"aad40582-80ec-4c75-8daf-769cb9592b77","geometry":{"type":"Point","coordinates":[-94.86597351681479,29.639097123382836]},"properties":{"substrate":"Solid Reef","lease_number":null,"poll_year":2025}},{"type":"Feature","id":"aad6fb12-40e6-4615-8635-d11ceee86dcf","geometry":{"type":"Point","coordinates":[-94.86362771557066,29.638514499969585]},"properties":{"substrate":"Buried Shell","lease_number":null,"poll_year":2024}},{"type":"Feature","id":"aaed5585-17b9-432d-b0c8-1f7273198d24","geometry":{"type":"Point","coordinates":[-94.85986300916558,29.648423162146987]},"properties":{"substrate":"Buried Shell","lease_number":null,"poll_year":2025}},{"type":"Feature","id":"ab0d8957-d32c-400b-a283-1175ac7cb1ab","geometry":{"type":"Point","coordinates":[-94.86615049480724,29.636802130236884]},"properties":{"substrate":"Mud","lease_number":null,"poll_year":2025}},{"type":"Feature","id":"ab108678-34d3-4a8d-a3bd-01e41fde1b41","geometry":{"type":"Point","coordinates":[-94.85505591207783,29.6464222593695]},"properties":{"substrate":"Mud","lease_number":null,"poll_year":2025}},{"type":"Feature","id":"ab10f5a6-59e4-420d-b8b6-2b0fa2ce31a7","geometry":{"type":"Point","coordinates":[-94.85698173835024,29.647224503027893]},"properties":{"substrate":"Solid Reef","lease_number":null,"poll_year":2025}},{"type":"Feature","id":"ab18d773-ef36-496a-80ed-8ebe4bbc5511","geometry":{"type":"Point","coordinates":[-94.87415901688767,29.612533433386197]},"properties":{"substrate":"Solid Reef","lease_number":null,"poll_year":2024}},{"type":"Feature","id":"ab29dc76-afef-43a0-a074-2b4170f11e7d","geometry":{"type":"Point","coordinates":[-94.86369808959002,29.636599466774555]},"properties":{"substrate":"Mud","lease_number":null,"poll_year":2025}},{"type":"Feature","id":"ab4ca193-3214-4791-aa53-1bb9b9b59465","geometry":{"type":"Point","coordinates":[-94.86618193314723,29.638818517337405]},"properties":{"substrate":"Solid Reef","lease_number":null,"poll_year":2024}},{"type":"Feature","id":"ab5148ae-fdd3-46c7-8f79-6eca0c5e6e52","geometry":{"type":"Point","coordinates":[-94.86531673335774,29.639657116618014]},"properties":{"substrate":"Solid Reef","lease_number":null,"poll_year":2023}},{"type":"Feature","id":"ab622654-966f-445d-a1ad-6d7652d0c121","geometry":{"type":"Point","coordinates":[-94.8643889650104,29.637219914258818]},"properties":{"substrate":"Buried Shell","lease_number":null,"poll_year":2025}},{"type":"Feature","id":"ab6b6e3d-d41c-46f6-b89f-5d7c09c1af7f","geometry":{"type":"Point","coordinates":[-94.85742423318784,29.647306372630958]},"properties":{"substrate":"Solid Reef","lease_number":null,"poll_year":2025}},{"type":"Feature","id":"ab6c80f8-3733-4154-8cf9-c40160a87845","geometry":{"type":"Point","coordinates":[-94.85853371634413,29.649029599707823]},"properties":{"substrate":"Solid Reef","lease_number":null,"poll_year":2024}},{"type":"Feature","id":"ab87bb09-f487-41bd-b3dd-9c966ac11c2b","geometry":{"type":"Point","coordinates":[-94.85678586699075,29.64903421677104]},"properties":{"substrate":"Mud","lease_number":null,"poll_year":2023}},{"type":"Feature","id":"aba0a514-6c7d-498c-a225-505dfba6c443","geometry":{"type":"Point","coordinates":[-94.85846206671707,29.64815024984378]},"properties":{"substrate":"Solid Reef","lease_number":null,"poll_year":2023}},{"type":"Feature","id":"aba7e8ff-800b-4478-a6ea-a6301dd5dc17","geometry":{"type":"Point","coordinates":[-94.86361736967352,29.635961433371442]},"properties":{"substrate":"Mud","lease_number":null,"poll_year":2025}},{"type":"Feature","id":"abb5728b-9886-40db-8d9d-23fad20f3f1c","geometry":{"type":"Point","coordinates":[-94.86615344038306,29.637237507847388]},"properties":{"substrate":"Mud","lease_number":null,"poll_year":2025}},{"type":"Feature","id":"abdfcb30-656f-49ad-b761-bd4314d98ac9","geometry":{"type":"Point","coordinates":[-94.86673740101328,29.640608293859838]},"properties":{"substrate":"Mud","lease_number":null,"poll_year":2025}},{"type":"Feature","id":"abfa8d30-647b-4f98-961c-295b833c5d4f","geometry":{"type":"Point","coordinates":[-94.86434303055667,29.637823830992975]},"properties":{"substrate":"Buried Shell","lease_number":null,"poll_year":2025}},{"type":"Feature","id":"ac08c699-23e9-4355-8f90-8e0dd5e4e3da","geometry":{"type":"Point","coordinates":[-94.85727596355525,29.644849523246812]},"properties":{"substrate":"Mud","lease_number":null,"poll_year":2025}},{"type":"Feature","id":"ac091502-0c85-4398-818b-d0b26aa8bbad","geometry":{"type":"Point","coordinates":[-94.85824670011927,29.649208600143385]},"properties":{"substrate":"Solid Reef","lease_number":null,"poll_year":2023}},{"type":"Feature","id":"ac348715-c0b1-40fc-a4b0-1b0c80c7f8bf","geometry":{"type":"Point","coordinates":[-94.85742325761744,29.645342970287984]},"properties":{"substrate":"Mud","lease_number":null,"poll_year":2025}},{"type":"Feature","id":"ac4a5fb9-d9c3-41c3-a029-e3a4d8982232","geometry":{"type":"Point","coordinates":[-94.86425919438447,29.639705605750187]},"properties":{"substrate":"Buried Shell","lease_number":null,"poll_year":2025}},{"type":"Feature","id":"ac4bce5c-4cb6-42bb-b9ce-a6e4f45b8b97","geometry":{"type":"Point","coordinates":[-94.87388137009121,29.61272741778704]},"properties":{"substrate":"Solid Reef","lease_number":null,"poll_year":2025}},{"type":"Feature","id":"ac51a841-bcff-4207-9d4a-61039a5d109e","geometry":{"type":"Point","coordinates":[-94.85697683444711,29.647974000305407]},"properties":{"substrate":"Solid Reef","lease_number":null,"poll_year":2024}},{"type":"Feature","id":"ac6a076e-aab0-49c9-b5ca-719202fa1961","geometry":{"type":"Point","coordinates":[-94.87471073338908,29.612942515620084]},"properties":{"substrate":"Buried Shell","lease_number":null,"poll_year":2024}},{"type":"Feature","id":"ac96b4d7-31f7-48d7-a3e7-01c84d625d11","geometry":{"type":"Point","coordinates":[-94.85774471704691,29.64633616690564]},"properties":{"substrate":"Buried Shell","lease_number":null,"poll_year":2024}},{"type":"Feature","id":"ac994647-4d2b-43bc-9b20-2b2a892de8f5","geometry":{"type":"Point","coordinates":[-94.86561705003871,29.63794136676999]},"properties":{"substrate":"Solid Reef","lease_number":null,"poll_year":2023}},{"type":"Feature","id":"acb5c11b-4c40-4c20-a714-dd40d4491eb4","geometry":{"type":"Point","coordinates":[-94.85622491670654,29.64752369974253]},"properties":{"substrate":"Solid Reef","lease_number":null,"poll_year":2024}},{"type":"Feature","id":"acc3d9b4-1e8d-4bed-b7a8-e4d126def49a","geometry":{"type":"Point","coordinates":[-94.87477783304922,29.613314533353794]},"properties":{"substrate":"Solid Reef","lease_number":null,"poll_year":2023}},{"type":"Feature","id":"acdc4f50-50b6-4607-ba9c-f4c84cbcbe67","geometry":{"type":"Point","coordinates":[-94.8666641344187,29.638196433027538]},"properties":{"substrate":"Mud","lease_number":null,"poll_year":2023}},{"type":"Feature","id":"acf52009-f00c-446a-bb25-0dd083dd79d8","geometry":{"type":"Point","coordinates":[-94.85850263373696,29.648906316858657]},"properties":{"substrate":"Solid Reef","lease_number":null,"poll_year":2024}},{"type":"Feature","id":"acf5bb33-546b-4e16-be5f-f2f46cdca792","geometry":{"type":"Point","coordinates":[-94.87325439992183,29.613017799753255]},"properties":{"substrate":"Mud","lease_number":null,"poll_year":2024}},{"type":"Feature","id":"ad022804-eba2-43aa-9ecd-55b36ed60864","geometry":{"type":"Point","coordinates":[-94.85534765074615,29.648836244185453]},"properties":{"substrate":"Mud","lease_number":null,"poll_year":2025}},{"type":"Feature","id":"ad0ef6a3-3f47-4045-8807-fb2175fa95f7","geometry":{"type":"Point","coordinates":[-94.85804814998357,29.649445100200246]},"properties":{"substrate":"Solid Reef","lease_number":null,"poll_year":2024}},{"type":"Feature","id":"ad1d9a07-4e53-4210-bf74-0b3bbd0ec718","geometry":{"type":"Point","coordinates":[-94.8583311381627,29.64562288863921]},"properties":{"substrate":"Mud","lease_number":null,"poll_year":2025}},{"type":"Feature","id":"ad3bc75c-1494-4745-b91a-b3204bcc9f17","geometry":{"type":"Point","coordinates":[-94.8572970667779,29.649712666695]},"properties":{"substrate":"Mud","lease_number":null,"poll_year":2024}},{"type":"Feature","id":"ad67822a-e085-4ca8-aeaf-885fb24a57a6","geometry":{"type":"Point","coordinates":[-94.85966590621581,29.649579046702033]},"properties":{"substrate":"Buried Shell","lease_number":null,"poll_year":2025}},{"type":"Feature","id":"ad81b78c-5341-404b-9de7-9ac41ce6250d","geometry":{"type":"Point","coordinates":[-94.85771610031523,29.648768199728995]},"properties":{"substrate":"Solid Reef","lease_number":null,"poll_year":2024}},{"type":"Feature","id":"ad88879b-b8d8-46a5-9bdd-6e4009e4f531","geometry":{"type":"Point","coordinates":[-94.86375826683259,29.638377699818644]},"properties":{"substrate":"Buried Shell","lease_number":null,"poll_year":2024}},{"type":"Feature","id":"ad896d56-635d-4b2f-aefe-56fa611ab6d2","geometry":{"type":"Point","coordinates":[-94.85710014977941,29.646404216909744]},"properties":{"substrate":"Buried Shell","lease_number":null,"poll_year":2024}},{"type":"Feature","id":"ad9033e5-2a15-4ebf-9996-2e69269dc3f8","geometry":{"type":"Point","coordinates":[-94.87270446657625,29.612561450384483]},"properties":{"substrate":"Mud","lease_number":null,"poll_year":2024}},{"type":"Feature","id":"ad9ea1f1-fadc-4ac3-8899-64ac0e87209e","geometry":{"type":"Point","coordinates":[-94.87288864995558,29.612567632648013]},"properties":{"substrate":"Buried Shell","lease_number":null,"poll_year":2024}},{"type":"Feature","id":"adc71e4e-3272-4666-9157-7e050916c5fa","geometry":{"type":"Point","coordinates":[-94.86310418371129,29.63860941570579]},"properties":{"substrate":"Mud","lease_number":null,"poll_year":2024}},{"type":"Feature","id":"adcad3cb-7519-4112-bb3e-70a7c7d2d1f0","geometry":{"type":"Point","coordinates":[-94.87255107115665,29.612488951679953]},"properties":{"substrate":"Buried Shell","lease_number":null,"poll_year":2025}},{"type":"Feature","id":"ae0823f7-121e-4cde-b28e-5051da344c44","geometry":{"type":"Point","coordinates":[-94.85726181688615,29.64692395009939]},"properties":{"substrate":"Solid Reef","lease_number":null,"poll_year":2023}},{"type":"Feature","id":"ae7bc2e1-8527-4bbc-ad12-8bf0fe52b82c","geometry":{"type":"Point","coordinates":[-94.85689213319729,29.646167433332614]},"properties":{"substrate":"Buried Shell","lease_number":null,"poll_year":2024}},{"type":"Feature","id":"ae8cdce0-1581-4600-a2d7-a49b1fafb3f1","geometry":{"type":"Point","coordinates":[-94.86653280431743,29.63755750480685]},"properties":{"substrate":"Mud","lease_number":null,"poll_year":2025}},{"type":"Feature","id":"ae9b953a-79e0-4dc3-85b9-443fb2024ab1","geometry":{"type":"Point","coordinates":[-94.86442568364765,29.64094485024879]},"properties":{"substrate":"Mud","lease_number":null,"poll_year":2024}},{"type":"Feature","id":"aea0499f-0136-45b9-9c0b-a4c2981a0948","geometry":{"type":"Point","coordinates":[-94.85733493166545,29.65007371888745]},"properties":{"substrate":"Mud","lease_number":null,"poll_year":2025}},{"type":"Feature","id":"aea6bc3a-09ad-48fa-b6cf-4b621520a1fa","geometry":{"type":"Point","coordinates":[-94.85727741702938,29.64984841702514]},"properties":{"substrate":"Buried Shell","lease_number":null,"poll_year":2024}},{"type":"Feature","id":"aeafdf9c-805d-4540-8427-bbb9e34e870c","geometry":{"type":"Point","coordinates":[-94.86505229988082,29.638863283336363]},"properties":{"substrate":"Mud","lease_number":null,"poll_year":2023}},{"type":"Feature","id":"aed04c6e-1b3d-462c-8e63-2f261cbdb5bb","geometry":{"type":"Point","coordinates":[-94.85698598288997,29.646471650098675]},"properties":{"substrate":"Buried Shell","lease_number":null,"poll_year":2024}},{"type":"Feature","id":"aee3ed42-4acf-4d70-b432-def84a5841e9","geometry":{"type":"Point","coordinates":[-94.86463106636937,29.63845763324791]},"properties":{"substrate":"Solid Reef","lease_number":null,"poll_year":2024}},{"type":"Feature","id":"aee8ea3e-04fd-487b-8038-12a94591ff2f","geometry":{"type":"Point","coordinates":[-94.87539912317109,29.61324749813194]},"properties":{"substrate":"Mud","lease_number":null,"poll_year":2025}},{"type":"Feature","id":"aefff3ec-8da9-42f2-85af-9c8e2f3c5272","geometry":{"type":"Point","coordinates":[-94.87521051558899,29.613273350061416]},"properties":{"substrate":"Mud","lease_number":null,"poll_year":2023}},{"type":"Feature","id":"af07d32d-2f03-4b56-9f60-a25b11f42b8a","geometry":{"type":"Point","coordinates":[-94.87487793321966,29.6121930333417]},"properties":{"substrate":"Solid Reef","lease_number":null,"poll_year":2023}},{"type":"Feature","id":"af0cd5e0-b471-46c3-a5b5-2fadac064fe3","geometry":{"type":"Point","coordinates":[-94.85843980017611,29.64846728369748]},"properties":{"substrate":"Solid Reef","lease_number":null,"poll_year":2024}},{"type":"Feature","id":"af190533-3064-4262-8ee0-dac60e04b448","geometry":{"type":"Point","coordinates":[-94.86348155069079,29.641186081614652]},"properties":{"substrate":"Mud","lease_number":null,"poll_year":2025}},{"type":"Feature","id":"af1e17df-19fa-4b86-bee3-c2991437a460","geometry":{"type":"Point","coordinates":[-94.86532886780061,29.636687312643772]},"properties":{"substrate":"Buried Shell","lease_number":null,"poll_year":2025}},{"type":"Feature","id":"af3a5ff2-6272-4bb9-9eb1-e36cb2697d6f","geometry":{"type":"Point","coordinates":[-94.85775751624308,29.647697849956945]},"properties":{"substrate":"Solid Reef","lease_number":null,"poll_year":2023}},{"type":"Feature","id":"af61f058-b185-4a34-a75f-dcab204afdf9","geometry":{"type":"Point","coordinates":[-94.86569491690585,29.638548866870444]},"properties":{"substrate":"Solid Reef","lease_number":null,"poll_year":2024}},{"type":"Feature","id":"af704d1d-2fc9-4bcc-a2da-54eff7f9f6c1","geometry":{"type":"Point","coordinates":[-94.86659466679949,29.63687449979572]},"properties":{"substrate":"Mud","lease_number":null,"poll_year":2023}},{"type":"Feature","id":"af9e4711-1cd9-463b-9531-4e98f1cc88b2","geometry":{"type":"Point","coordinates":[-94.86623511431038,29.639498877953617]},"properties":{"substrate":"Solid Reef","lease_number":null,"poll_year":2025}},{"type":"Feature","id":"afb169a7-44b6-4bc0-9c0d-b2bd01fab5f8","geometry":{"type":"Point","coordinates":[-94.85769350499089,29.650620735364466]},"properties":{"substrate":"Mud","lease_number":null,"poll_year":2025}},{"type":"Feature","id":"afb1f792-47ce-4d2b-8a8e-3582d9ab002a","geometry":{"type":"Point","coordinates":[-94.86291284435241,29.637110857833125]},"properties":{"substrate":"Solid Reef","lease_number":null,"poll_year":2025}},{"type":"Feature","id":"afbe99f6-4469-42d0-9b66-5c8f030daa14","geometry":{"type":"Point","coordinates":[-94.86582999028691,29.637417342052192]},"properties":{"substrate":"Solid Reef","lease_number":null,"poll_year":2025}},{"type":"Feature","id":"afc807da-e00a-4690-9c44-36ff22ffcbb7","geometry":{"type":"Point","coordinates":[-94.85601788377963,29.64739073264299]},"properties":{"substrate":"Solid Reef","lease_number":null,"poll_year":2024}},{"type":"Feature","id":"afdd7cb8-d44c-46e3-a003-363472303f24","geometry":{"type":"Point","coordinates":[-94.85719651026332,29.649273529314375]},"properties":{"substrate":"Buried Shell","lease_number":null,"poll_year":2025}},{"type":"Feature","id":"afdfe449-a9c3-4202-9bab-e2e87eb31ab5","geometry":{"type":"Point","coordinates":[-94.8667515961914,29.63759409728374]},"properties":{"substrate":"Mud","lease_number":null,"poll_year":2025}},{"type":"Feature","id":"aff10b99-bfa5-41f2-b3e5-62b9a90be5ff","geometry":{"type":"Point","coordinates":[-94.85764436624653,29.64914758301667]},"properties":{"substrate":"Solid Reef","lease_number":null,"poll_year":2023}},{"type":"Feature","id":"aff32dec-48a6-45dc-a415-1ec8c5157a1e","geometry":{"type":"Point","coordinates":[-94.85853958324122,29.648047333035677]},"properties":{"substrate":"Solid Reef","lease_number":null,"poll_year":2024}},{"type":"Feature","id":"affca0b5-220f-4fe9-8cbc-a8c28a28e51f","geometry":{"type":"Point","coordinates":[-94.85686806643251,29.64860059991106]},"properties":{"substrate":"Solid Reef","lease_number":null,"poll_year":2024}},{"type":"Feature","id":"b0264d0e-034c-491a-a6c9-0307ebc0063f","geometry":{"type":"Point","coordinates":[-94.85724019982717,29.646008365621398]},"properties":{"substrate":"Buried Shell","lease_number":null,"poll_year":2024}},{"type":"Feature","id":"b03518fe-01fc-436a-8ad6-4a0dbe924618","geometry":{"type":"Point","coordinates":[-94.85774051742297,29.647295900133333]},"properties":{"substrate":"Solid Reef","lease_number":null,"poll_year":2024}},{"type":"Feature","id":"b042c9b3-cbda-4cd8-8967-af19b818c4f3","geometry":{"type":"Point","coordinates":[-94.87320225002465,29.612558532630885]},"properties":{"substrate":"Buried Shell","lease_number":null,"poll_year":2023}},{"type":"Feature","id":"b065af3f-3894-4f3b-a225-ce39f63ebeaf","geometry":{"type":"Point","coordinates":[-94.87269165660031,29.614044629823656]},"properties":{"substrate":"Mud","lease_number":null,"poll_year":2025}},{"type":"Feature","id":"b07d03a0-a34e-4dc8-beff-5f4cb0f04bc9","geometry":{"type":"Point","coordinates":[-94.86656828327958,29.63995376630457]},"properties":{"substrate":"Solid Reef","lease_number":null,"poll_year":2024}},{"type":"Feature","id":"b09f0742-bcb9-4fa0-99fc-6be73c0b7853","geometry":{"type":"Point","coordinates":[-94.87551858113757,29.612327127010914]},"properties":{"substrate":"Buried Shell","lease_number":null,"poll_year":2025}},{"type":"Feature","id":"b0ca00c2-5940-4803-a31b-043c2372ee8f","geometry":{"type":"Point","coordinates":[-94.8586148000783,29.64797794991105]},"properties":{"substrate":"Solid Reef","lease_number":null,"poll_year":2024}},{"type":"Feature","id":"b0d0daab-b6f2-4971-b92a-18aea4c8c357","geometry":{"type":"Point","coordinates":[-94.85632021089019,29.646332468627868]},"properties":{"substrate":"Buried Shell","lease_number":null,"poll_year":2025}},{"type":"Feature","id":"b0e99b8d-e741-4670-bc8e-fa649c949741","geometry":{"type":"Point","coordinates":[-94.85796258455446,29.647323108014117]},"properties":{"substrate":"Solid Reef","lease_number":null,"poll_year":2025}},{"type":"Feature","id":"b0ee8045-efce-4246-9ccb-fd725afc7b18","geometry":{"type":"Point","coordinates":[-94.85749227787566,29.64835346777984]},"properties":{"substrate":"Solid Reef","lease_number":null,"poll_year":2025}},{"type":"Feature","id":"b10120bd-0d24-4994-a892-4494cc5e9768","geometry":{"type":"Point","coordinates":[-94.86406423301834,29.640023983356706]},"properties":{"substrate":"Mud","lease_number":null,"poll_year":2024}},{"type":"Feature","id":"b10490c5-ac30-4afc-a3c7-e14758700846","geometry":{"type":"Point","coordinates":[-94.85815984111613,29.650397138972867]},"properties":{"substrate":"Mud","lease_number":null,"poll_year":2025}},{"type":"Feature","id":"b10b0d35-745f-438d-ac3f-72e82470123a","geometry":{"type":"Point","coordinates":[-94.86553975899166,29.638594601939136]},"properties":{"substrate":"Buried Shell","lease_number":null,"poll_year":2025}},{"type":"Feature","id":"b11b134c-6548-4358-bf65-312e739cf64f","geometry":{"type":"Point","coordinates":[-94.86647736658631,29.63583395332044]},"properties":{"substrate":"Mud","lease_number":null,"poll_year":2025}},{"type":"Feature","id":"b1533fbd-adf4-4257-a2cb-224cf110dd34","geometry":{"type":"Point","coordinates":[-94.86541132056728,29.639982884373335]},"properties":{"substrate":"Solid Reef","lease_number":null,"poll_year":2025}},{"type":"Feature","id":"b157841b-edea-45af-8eff-4e40e9b75936","geometry":{"type":"Point","coordinates":[-94.86734162404305,29.638896450060514]},"properties":{"substrate":"Mud","lease_number":null,"poll_year":2025}},{"type":"Feature","id":"b1643bd5-c9a4-4b10-bc09-f39f39e323d6","geometry":{"type":"Point","coordinates":[-94.8647427332474,29.63936043326497]},"properties":{"substrate":"Solid Reef","lease_number":null,"poll_year":2024}},{"type":"Feature","id":"b167057b-f304-4513-bd1b-6497d85f2954","geometry":{"type":"Point","coordinates":[-94.86415149985663,29.637698566834786]},"properties":{"substrate":"Buried Shell","lease_number":null,"poll_year":2024}},{"type":"Feature","id":"b1add817-b1a2-4abd-9eed-3a1c2792202b","geometry":{"type":"Point","coordinates":[-94.85705214920053,29.646976660189118]},"properties":{"substrate":"Solid Reef","lease_number":null,"poll_year":2025}},{"type":"Feature","id":"b1c8dfd7-1db4-4c22-b082-8abed9bdd8ef","geometry":{"type":"Point","coordinates":[-94.86363971436792,29.640907271323545]},"properties":{"substrate":"Mud","lease_number":null,"poll_year":2025}},{"type":"Feature","id":"b1d0859f-1709-4678-b6ec-0f2c8898a8db","geometry":{"type":"Point","coordinates":[-94.86470452340679,29.63633155467082]},"properties":{"substrate":"Mud","lease_number":null,"poll_year":2025}},{"type":"Feature","id":"b1d5e765-f8c9-49a2-bbf0-5ac128e9c8d8","geometry":{"type":"Point","coordinates":[-94.86340446625626,29.637644233312283]},"properties":{"substrate":"Mud","lease_number":null,"poll_year":2024}},{"type":"Feature","id":"b1e0abb3-7669-46bd-99e0-92457939bf8e","geometry":{"type":"Point","coordinates":[-94.85423850355978,29.6467902780001]},"properties":{"substrate":"Mud","lease_number":null,"poll_year":2025}},{"type":"Feature","id":"b1e6a6cd-b6ec-40f8-8766-132ff334c560","geometry":{"type":"Point","coordinates":[-94.85847529979951,29.647887316610134]},"properties":{"substrate":"Solid Reef","lease_number":null,"poll_year":2024}},{"type":"Feature","id":"b1eb90dc-3d6d-4bdb-9468-74fec2d44ca2","geometry":{"type":"Point","coordinates":[-94.86693157725183,29.637278821107444]},"properties":{"substrate":"Mud","lease_number":null,"poll_year":2025}},{"type":"Feature","id":"b20bfc83-6f79-4476-9390-dc9a79c19be4","geometry":{"type":"Point","coordinates":[-94.86698586693605,29.639686966356905]},"properties":{"substrate":"Buried Shell","lease_number":null,"poll_year":2024}},{"type":"Feature","id":"b20d07b9-4d40-4d0d-bcc5-f2e45ad725b6","geometry":{"type":"Point","coordinates":[-94.85899235031411,29.647176499998587]},"properties":{"substrate":"Buried Shell","lease_number":null,"poll_year":2024}},{"type":"Feature","id":"b213c635-b00e-4493-acfe-90d7322ebf4b","geometry":{"type":"Point","coordinates":[-94.85880486742273,29.649872683341535]},"properties":{"substrate":"Buried Shell","lease_number":null,"poll_year":2024}},{"type":"Feature","id":"b21a146f-fedb-4170-8ede-886df6f6fadf","geometry":{"type":"Point","coordinates":[-94.87356681690966,29.61186731629776]},"properties":{"substrate":"Solid Reef","lease_number":null,"poll_year":2023}},{"type":"Feature","id":"b228fc3d-a260-4599-a92a-4f2a77255d38","geometry":{"type":"Point","coordinates":[-94.85690269828335,29.647635546082817]},"properties":{"substrate":"Solid Reef","lease_number":null,"poll_year":2025}},{"type":"Feature","id":"b23dfd8f-1382-44f0-9a70-273be2537194","geometry":{"type":"Point","coordinates":[-94.87401996666485,29.61307086731337]},"properties":{"substrate":"Solid Reef","lease_number":null,"poll_year":2024}},{"type":"Feature","id":"b24bbb0f-4c87-4205-9b98-c7a057955a87","geometry":{"type":"Point","coordinates":[-94.8639729183714,29.635487109914294]},"properties":{"substrate":"Mud","lease_number":null,"poll_year":2025}},{"type":"Feature","id":"b26ef5be-91a5-4ff0-8220-f999c4d00abe","geometry":{"type":"Point","coordinates":[-94.86515255006991,29.63688641628608]},"properties":{"substrate":"Buried Shell","lease_number":null,"poll_year":2024}},{"type":"Feature","id":"b278ce26-ed00-4c5f-9ebf-5b4e15243848","geometry":{"type":"Point","coordinates":[-94.8592089502988,29.650612265677207]},"properties":{"substrate":"Mud","lease_number":null,"poll_year":2024}},{"type":"Feature","id":"b27c8969-e93c-4064-b88a-933f9a8ccda7","geometry":{"type":"Point","coordinates":[-94.86693010940466,29.638056630323547]},"properties":{"substrate":"Buried Shell","lease_number":null,"poll_year":2025}},{"type":"Feature","id":"b2883607-9676-4d39-8b04-523ddf1764b3","geometry":{"type":"Point","coordinates":[-94.86614631674286,29.637374816280598]},"properties":{"substrate":"Solid Reef","lease_number":null,"poll_year":2023}},{"type":"Feature","id":"b290265e-e3dc-4ce3-9bc2-3efad74575a5","geometry":{"type":"Point","coordinates":[-94.85869576703148,29.648104216981686]},"properties":{"substrate":"Buried Shell","lease_number":null,"poll_year":2024}},{"type":"Feature","id":"b29e7423-611b-4d5b-95e9-41f15ca0976d","geometry":{"type":"Point","coordinates":[-94.87485255042299,29.61175499991245]},"properties":{"substrate":"Solid Reef","lease_number":null,"poll_year":2024}},{"type":"Feature","id":"b2a4011d-bdcc-4e2f-a30b-55168585f94e","geometry":{"type":"Point","coordinates":[-94.85892863370933,29.64886346570255]},"properties":{"substrate":"Buried Shell","lease_number":null,"poll_year":2024}},{"type":"Feature","id":"b2a7b2c8-a142-4d12-880e-bc8a7364fb74","geometry":{"type":"Point","coordinates":[-94.8562054906385,29.6490632057402]},"properties":{"substrate":"Mud","lease_number":null,"poll_year":2025}},{"type":"Feature","id":"b2ac0eef-dd36-44ac-8d74-1db95332831a","geometry":{"type":"Point","coordinates":[-94.87607605583996,29.61319899314044]},"properties":{"substrate":"Mud","lease_number":null,"poll_year":2025}},{"type":"Feature","id":"b2dca0b4-2ac5-41c9-8f07-11761bbde3a1","geometry":{"type":"Point","coordinates":[-94.87378525035582,29.611862434337482]},"properties":{"substrate":"Solid Reef","lease_number":null,"poll_year":2023}},{"type":"Feature","id":"b2f4d3c2-49fc-40de-a29d-0e4949ff8ad8","geometry":{"type":"Point","coordinates":[-94.8581475674344,29.647264499809534]},"properties":{"substrate":"Solid Reef","lease_number":null,"poll_year":2024}},{"type":"Feature","id":"b2f71e8a-6377-4a80-a8e3-0f9b12ce9838","geometry":{"type":"Point","coordinates":[-94.87550354962792,29.612200466767543]},"properties":{"substrate":"Mud","lease_number":null,"poll_year":2024}},{"type":"Feature","id":"b2fafc39-3e11-4bd9-9c9b-247ff5eeff68","geometry":{"type":"Point","coordinates":[-94.85703955032868,29.646798382632966]},"properties":{"substrate":"Solid Reef","lease_number":null,"poll_year":2023}},{"type":"Feature","id":"b34fdebc-010b-4e29-b505-a649393a8da0","geometry":{"type":"Point","coordinates":[-94.87504621641845,29.612281817369063]},"properties":{"substrate":"Buried Shell","lease_number":null,"poll_year":2024}},{"type":"Feature","id":"b3548ff5-3d5d-40ea-a94b-a7a5aaeb09ca","geometry":{"type":"Point","coordinates":[-94.87448698371307,29.61331669978523]},"properties":{"substrate":"Scattered Shell","lease_number":null,"poll_year":2023}},{"type":"Feature","id":"b363824a-b101-4894-b7e5-2aa9809f9638","geometry":{"type":"Point","coordinates":[-94.85847130678808,29.648833668649228]},"properties":{"substrate":"Solid Reef","lease_number":null,"poll_year":2025}},{"type":"Feature","id":"b36cba86-7035-4c92-87d5-d9d404bc3452","geometry":{"type":"Point","coordinates":[-94.85636526679156,29.647297234373635]},"properties":{"substrate":"Solid Reef","lease_number":null,"poll_year":2024}},{"type":"Feature","id":"b3702a7b-9ca2-4d23-b083-a6fc4a31ac11","geometry":{"type":"Point","coordinates":[-94.85662296559882,29.64762451697208]},"properties":{"substrate":"Solid Reef","lease_number":null,"poll_year":2023}},{"type":"Feature","id":"b38a1724-0109-42e1-8325-15953561c956","geometry":{"type":"Point","coordinates":[-94.87279396213475,29.613470049273836]},"properties":{"substrate":"Mud","lease_number":null,"poll_year":2025}},{"type":"Feature","id":"b38a5874-5e8f-45ef-81a7-71d8847a7ab5","geometry":{"type":"Point","coordinates":[-94.85812518321416,29.648534000379154]},"properties":{"substrate":"Solid Reef","lease_number":null,"poll_year":2024}},{"type":"Feature","id":"b39b723f-df94-4c40-8085-7fbb11162224","geometry":{"type":"Point","coordinates":[-94.86364023359415,29.63717156681474]},"properties":{"substrate":"Mud","lease_number":null,"poll_year":2024}},{"type":"Feature","id":"b3c47f3c-65cc-4672-90ba-1a2ae0e434e8","geometry":{"type":"Point","coordinates":[-94.85744246629316,29.648101882665447]},"properties":{"substrate":"Solid Reef","lease_number":null,"poll_year":2024}},{"type":"Feature","id":"b3da9684-2865-4dd0-8c43-1cff91774f6a","geometry":{"type":"Point","coordinates":[-94.85687350034166,29.64561611661277]},"properties":{"substrate":"Buried Shell","lease_number":null,"poll_year":2024}},{"type":"Feature","id":"b3ea1445-e496-47f7-b446-3c99e5a7656c","geometry":{"type":"Point","coordinates":[-94.87581637804415,29.613371176070533]},"properties":{"substrate":"Mud","lease_number":null,"poll_year":2025}},{"type":"Feature","id":"b3eba5ce-947d-4144-bfd8-2063d430c990","geometry":{"type":"Point","coordinates":[-94.8638406872599,29.637768281070482]},"properties":{"substrate":"Solid Reef","lease_number":null,"poll_year":2025}},{"type":"Feature","id":"b40a6dfc-832e-400e-bb40-1a151f03e1a5","geometry":{"type":"Point","coordinates":[-94.86421144982543,29.638372900344212]},"properties":{"substrate":"Buried Shell","lease_number":null,"poll_year":2024}},{"type":"Feature","id":"b4168baf-f38b-4099-aacf-32241da44c16","geometry":{"type":"Point","coordinates":[-94.87475314375197,29.61387717761705]},"properties":{"substrate":"Mud","lease_number":null,"poll_year":2025}},{"type":"Feature","id":"b44dfe3b-fc66-431a-99df-02b8b730f81d","geometry":{"type":"Point","coordinates":[-94.86528766387515,29.63971934735236]},"properties":{"substrate":"Solid Reef","lease_number":null,"poll_year":2025}},{"type":"Feature","id":"b455c1fc-a058-4a47-b4c7-92436a8da579","geometry":{"type":"Point","coordinates":[-94.87348184975852,29.61280628366156]},"properties":{"substrate":"Buried Shell","lease_number":null,"poll_year":2023}},{"type":"Feature","id":"b49cb3e1-f15a-4e60-9676-e4e83d710f95","geometry":{"type":"Point","coordinates":[-94.87396551708052,29.6128023498582]},"properties":{"substrate":"Solid Reef","lease_number":null,"poll_year":2023}},{"type":"Feature","id":"b4cf9377-5d5d-4061-8fe7-b3f804a0d12f","geometry":{"type":"Point","coordinates":[-94.8658632441221,29.63626268816972]},"properties":{"substrate":"Mud","lease_number":null,"poll_year":2025}},{"type":"Feature","id":"b4d57691-a6fa-49bc-abf7-2aa2da096c5e","geometry":{"type":"Point","coordinates":[-94.8584565501629,29.649359067312584]},"properties":{"substrate":"Mud","lease_number":null,"poll_year":2023}},{"type":"Feature","id":"b5165fc9-b1be-4b68-a1c0-b2d4dbf22e56","geometry":{"type":"Point","coordinates":[-94.85960619699553,29.648184675131567]},"properties":{"substrate":"Buried Shell","lease_number":null,"poll_year":2025}},{"type":"Feature","id":"b5600611-e71b-4eac-b67c-45bd2a9349ee","geometry":{"type":"Point","coordinates":[-94.86340196624482,29.639390016847393]},"properties":{"substrate":"Buried Shell","lease_number":null,"poll_year":2024}},{"type":"Feature","id":"b571fe2c-842c-4ddd-97e9-ea4620b85c2d","geometry":{"type":"Point","coordinates":[-94.85834290968619,29.64952140319079]},"properties":{"substrate":"Buried Shell","lease_number":null,"poll_year":2025}},{"type":"Feature","id":"b581e6d9-3025-4a66-94a2-844cbc123416","geometry":{"type":"Point","coordinates":[-94.86460679568702,29.641464789635002]},"properties":{"substrate":"Mud","lease_number":null,"poll_year":2025}},{"type":"Feature","id":"b5ae291e-904c-4076-9321-aa22bcab34c5","geometry":{"type":"Point","coordinates":[-94.85703023390086,29.649348510713075]},"properties":{"substrate":"Mud","lease_number":null,"poll_year":2025}},{"type":"Feature","id":"b5b21b33-29d1-47e0-8855-b7c33e2e6d79","geometry":{"type":"Point","coordinates":[-94.8652322836362,29.638975050289016]},"properties":{"substrate":"Buried Shell","lease_number":null,"poll_year":2024}},{"type":"Feature","id":"b5ba3ba3-1e33-4845-9b1a-4acce61c8394","geometry":{"type":"Point","coordinates":[-94.87537334960727,29.61176073315645]},"properties":{"substrate":"Buried Shell","lease_number":null,"poll_year":2024}},{"type":"Feature","id":"b5e0b022-e076-4897-ba41-2896d9b3d863","geometry":{"type":"Point","coordinates":[-94.8547703250726,29.647222421642706]},"properties":{"substrate":"Mud","lease_number":null,"poll_year":2025}},{"type":"Feature","id":"b5f1db02-919d-42b5-a65d-632d59076d82","geometry":{"type":"Point","coordinates":[-94.85899325042602,29.650035615621363]},"properties":{"substrate":"Buried Shell","lease_number":null,"poll_year":2024}},{"type":"Feature","id":"b5f7d995-b96d-4904-bd6f-52ceab079bf4","geometry":{"type":"Point","coordinates":[-94.85736901644226,29.648738949920126]},"properties":{"substrate":"Solid Reef","lease_number":null,"poll_year":2023}},{"type":"Feature","id":"b60896fd-13c2-4036-8d42-8ab3aeddf9ea","geometry":{"type":"Point","coordinates":[-94.85831475019698,29.647418383162517]},"properties":{"substrate":"Buried Shell","lease_number":null,"poll_year":2024}},{"type":"Feature","id":"b6224e59-5653-43f1-a513-ffa5d9a225bf","geometry":{"type":"Point","coordinates":[-94.86504431924784,29.64093869705303]},"properties":{"substrate":"Buried Shell","lease_number":null,"poll_year":2025}},{"type":"Feature","id":"b623aa82-b301-4e22-92c3-3c6cecbc226b","geometry":{"type":"Point","coordinates":[-94.86484483306765,29.640026165610053]},"properties":{"substrate":"Solid Reef","lease_number":null,"poll_year":2024}},{"type":"Feature","id":"b6332236-3d40-42e8-93d6-998224c7c4a1","geometry":{"type":"Point","coordinates":[-94.86517963337741,29.640292699978513]},"properties":{"substrate":"Buried Shell","lease_number":null,"poll_year":2024}},{"type":"Feature","id":"b65badab-8231-48f2-8ef3-ada9aa79f1a5","geometry":{"type":"Point","coordinates":[-94.87472111072725,29.613599687342603]},"properties":{"substrate":"Mud","lease_number":null,"poll_year":2025}},{"type":"Feature","id":"b65ea72d-219e-495b-b1b4-d5bb1f475a55","geometry":{"type":"Point","coordinates":[-94.85637265004489,29.648245433647322]},"properties":{"substrate":"Solid Reef","lease_number":null,"poll_year":2024}},{"type":"Feature","id":"b6696c20-1a9b-4c57-a86f-348c09d2ed76","geometry":{"type":"Point","coordinates":[-94.86442060008146,29.63949233428224]},"properties":{"substrate":"Solid Reef","lease_number":null,"poll_year":2023}},{"type":"Feature","id":"b68b9f5c-031c-4c74-9d7c-2e4c463efa70","geometry":{"type":"Point","coordinates":[-94.8651677495645,29.6389021497484]},"properties":{"substrate":"Buried Shell","lease_number":null,"poll_year":2024}},{"type":"Feature","id":"b6bf0768-d922-47b3-960c-a7c7ff0817da","geometry":{"type":"Point","coordinates":[-94.87525908300482,29.61186316690489]},"properties":{"substrate":"Solid Reef","lease_number":null,"poll_year":2023}},{"type":"Feature","id":"b6cf6db5-e2c6-4af5-b726-a8db3e8125f3","geometry":{"type":"Point","coordinates":[-94.87412169997243,29.61296579976512]},"properties":{"substrate":"Buried Shell","lease_number":null,"poll_year":2024}},{"type":"Feature","id":"b6d1f91b-8ac0-426c-9736-e8fb9d953ec9","geometry":{"type":"Point","coordinates":[-94.86461543119185,29.641682846873124]},"properties":{"substrate":"Mud","lease_number":null,"poll_year":2025}},{"type":"Feature","id":"b6e6dc9f-dd09-43f7-a192-090a5a4289d2","geometry":{"type":"Point","coordinates":[-94.85748980032211,29.6498594497957]},"properties":{"substrate":"Buried Shell","lease_number":null,"poll_year":2024}},{"type":"Feature","id":"b6fae5ce-4289-4c04-9967-49545e8a1a42","geometry":{"type":"Point","coordinates":[-94.85701921696221,29.648102016947192]},"properties":{"substrate":"Solid Reef","lease_number":null,"poll_year":2024}},{"type":"Feature","id":"b6fe8dee-b0e3-42c8-b47b-8f2cc658f5ab","geometry":{"type":"Point","coordinates":[-94.85730804958058,29.650163782656847]},"properties":{"substrate":"Mud","lease_number":null,"poll_year":2023}},{"type":"Feature","id":"b710fb3c-6523-4ac5-a002-40f85e965f4b","geometry":{"type":"Point","coordinates":[-94.86669883364318,29.63598813367083]},"properties":{"substrate":"Mud","lease_number":null,"poll_year":2023}},{"type":"Feature","id":"b71cad93-c3fd-466e-816d-370b3e960f43","geometry":{"type":"Point","coordinates":[-94.85846636156244,29.650009124369248]},"properties":{"substrate":"Buried Shell","lease_number":null,"poll_year":2025}},{"type":"Feature","id":"b756f1d3-8f3e-46e4-8063-811af3bef9af","geometry":{"type":"Point","coordinates":[-94.87398101661243,29.612649982610964]},"properties":{"substrate":"Solid Reef","lease_number":null,"poll_year":2024}},{"type":"Feature","id":"b771130a-7616-471f-8cc3-3df7af4c68df","geometry":{"type":"Point","coordinates":[-94.85626594366387,29.64970448969204]},"properties":{"substrate":"Mud","lease_number":null,"poll_year":2025}},{"type":"Feature","id":"b77712a9-0814-4610-8f60-83db04418484","geometry":{"type":"Point","coordinates":[-94.85733251699398,29.65000954984693]},"properties":{"substrate":"Buried Shell","lease_number":null,"poll_year":2024}},{"type":"Feature","id":"b78e0209-c576-4301-a71b-261cd50982de","geometry":{"type":"Point","coordinates":[-94.85822018364871,29.648060833041253]},"properties":{"substrate":"Solid Reef","lease_number":null,"poll_year":2024}},{"type":"Feature","id":"b7a113c6-1dd2-4ea4-a3a2-13de70d18401","geometry":{"type":"Point","coordinates":[-94.85889328140962,29.64953178489605]},"properties":{"substrate":"Buried Shell","lease_number":null,"poll_year":2025}},{"type":"Feature","id":"b7ab4dba-87f6-47c0-be55-319337dd228f","geometry":{"type":"Point","coordinates":[-94.86513516677084,29.638365083142098]},"properties":{"substrate":"Buried Shell","lease_number":null,"poll_year":2024}},{"type":"Feature","id":"b7afb874-a9d5-49b9-9e50-ce106385348a","geometry":{"type":"Point","coordinates":[-94.86475219969387,29.64085595015832]},"properties":{"substrate":"Buried Shell","lease_number":null,"poll_year":2024}},{"type":"Feature","id":"b7ba0b60-4fc4-4e86-abf2-9abb1b13eb7d","geometry":{"type":"Point","coordinates":[-94.85739751639298,29.646196633141674]},"properties":{"substrate":"Buried Shell","lease_number":null,"poll_year":2024}},{"type":"Feature","id":"b7bc7f59-3d92-479d-80c1-a6a359fb6bac","geometry":{"type":"Point","coordinates":[-94.85757962556232,29.645259871780794]},"properties":{"substrate":"Mud","lease_number":null,"poll_year":2025}},{"type":"Feature","id":"b7c8964d-1f4b-4baa-97de-002dbe8f7340","geometry":{"type":"Point","coordinates":[-94.86525374977823,29.637175633182288]},"properties":{"substrate":"Solid Reef","lease_number":null,"poll_year":2024}},{"type":"Feature","id":"b7cd319f-1fe3-4238-a0c7-ba8381401809","geometry":{"type":"Point","coordinates":[-94.87235297467019,29.6131106792893]},"properties":{"substrate":"Mud","lease_number":null,"poll_year":2025}},{"type":"Feature","id":"b7fe6723-2a19-460d-8b55-9994918e937a","geometry":{"type":"Point","coordinates":[-94.86603028315423,29.63945086733685]},"properties":{"substrate":"Solid Reef","lease_number":null,"poll_year":2024}},{"type":"Feature","id":"b7ff919a-b26f-4df3-97b5-0c20d1c641f0","geometry":{"type":"Point","coordinates":[-94.8739250318073,29.61324075985376]},"properties":{"substrate":"Buried Shell","lease_number":null,"poll_year":2025}},{"type":"Feature","id":"b80b3583-1638-40d0-8579-3f7ae95e32d4","geometry":{"type":"Point","coordinates":[-94.87518689977847,29.613315133144507]},"properties":{"substrate":"Mud","lease_number":null,"poll_year":2024}},{"type":"Feature","id":"b81c373a-9783-4ff3-9ff8-b3f2bd04262f","geometry":{"type":"Point","coordinates":[-94.8560786961311,29.64927759519317]},"properties":{"substrate":"Mud","lease_number":null,"poll_year":2025}},{"type":"Feature","id":"b81e5780-d5a3-4c53-a814-334c6c274e52","geometry":{"type":"Point","coordinates":[-94.85706630036121,29.650071383055472]},"properties":{"substrate":"Buried Shell","lease_number":null,"poll_year":2024}},{"type":"Feature","id":"b81f91cb-cd7b-4c63-9cf1-1cdfc77b7b59","geometry":{"type":"Point","coordinates":[-94.85892461644336,29.64846316704015]},"properties":{"substrate":"Buried Shell","lease_number":null,"poll_year":2024}},{"type":"Feature","id":"b824feea-7fbc-4a36-8b14-6083b9c81b5b","geometry":{"type":"Point","coordinates":[-94.85696593518777,29.649900541624536]},"properties":{"substrate":"Mud","lease_number":null,"poll_year":2025}},{"type":"Feature","id":"b8399dc7-1da1-4231-8441-f941d2384fce","geometry":{"type":"Point","coordinates":[-94.86418188537111,29.64027818471303]},"properties":{"substrate":"Solid Reef","lease_number":null,"poll_year":2025}},{"type":"Feature","id":"b85d62a1-fed5-45e6-940b-44af833d0aa1","geometry":{"type":"Point","coordinates":[-94.85820696673592,29.647781217358144]},"properties":{"substrate":"Solid Reef","lease_number":null,"poll_year":2023}},{"type":"Feature","id":"b864d5a3-9d33-4d28-a848-9af4027d740d","geometry":{"type":"Point","coordinates":[-94.86519617764999,29.63715994237457]},"properties":{"substrate":"Solid Reef","lease_number":null,"poll_year":2025}},{"type":"Feature","id":"b86c6df4-c919-421e-8644-c3cbda40015a","geometry":{"type":"Point","coordinates":[-94.87351826656182,29.612154516659864]},"properties":{"substrate":"Solid Reef","lease_number":null,"poll_year":2023}},{"type":"Feature","id":"b87cd521-5a25-4bde-8809-ce456f7e8efd","geometry":{"type":"Point","coordinates":[-94.85509668301533,29.64730710025642]},"properties":{"substrate":"Buried Shell","lease_number":null,"poll_year":2024}},{"type":"Feature","id":"b8a572e0-03d2-4d89-b9d2-585d1cec9541","geometry":{"type":"Point","coordinates":[-94.87497905028297,29.612140783012443]},"properties":{"substrate":"Solid Reef","lease_number":null,"poll_year":2023}},{"type":"Feature","id":"b8bc2ed4-5240-4655-bb1a-21531fd201f5","geometry":{"type":"Point","coordinates":[-94.8632166150556,29.639053662167864]},"properties":{"substrate":"Buried Shell","lease_number":null,"poll_year":2025}},{"type":"Feature","id":"b8df8937-0f08-4280-9b7c-0b16afe422bf","geometry":{"type":"Point","coordinates":[-94.85685623023033,29.645720463074095]},"properties":{"substrate":"Mud","lease_number":null,"poll_year":2025}},{"type":"Feature","id":"b8f11364-fbe3-426e-9b0d-b73f0fc78caf","geometry":{"type":"Point","coordinates":[-94.86746483337417,29.63937161631302]},"properties":{"substrate":"Buried Shell","lease_number":null,"poll_year":2024}},{"type":"Feature","id":"b930f606-641e-4fcb-88ee-93aaf6893c81","geometry":{"type":"Point","coordinates":[-94.85515243156354,29.648395582167026]},"properties":{"substrate":"Mud","lease_number":null,"poll_year":2025}},{"type":"Feature","id":"b94410fe-64dc-493c-b571-a6e1fb948890","geometry":{"type":"Point","coordinates":[-94.86774412768084,29.639674629361185]},"properties":{"substrate":"Mud","lease_number":null,"poll_year":2025}},{"type":"Feature","id":"b95975a9-019c-4175-a447-a984a3695361","geometry":{"type":"Point","coordinates":[-94.85876385034686,29.650212932658615]},"properties":{"substrate":"Buried Shell","lease_number":null,"poll_year":2024}},{"type":"Feature","id":"b9b0e51b-938d-4465-aa3c-f5184ae1cf9b","geometry":{"type":"Point","coordinates":[-94.85708219964341,29.645901684310495]},"properties":{"substrate":"Mud","lease_number":null,"poll_year":2024}},{"type":"Feature","id":"b9d6eb44-c776-4155-922c-ff95e25f763a","geometry":{"type":"Point","coordinates":[-94.85848921560158,29.64790231637985]},"properties":{"substrate":"Solid Reef","lease_number":null,"poll_year":2024}},{"type":"Feature","id":"b9f4a80f-f03a-47cd-8517-7648579b35bd","geometry":{"type":"Point","coordinates":[-94.87492856676064,29.611720099827107]},"properties":{"substrate":"Solid Reef","lease_number":null,"poll_year":2023}},{"type":"Feature","id":"ba0ec4ab-cdf0-4479-b460-8f5ad3dcaaad","geometry":{"type":"Point","coordinates":[-94.85831614977221,29.6461138156188]},"properties":{"substrate":"Mud","lease_number":null,"poll_year":2024}},{"type":"Feature","id":"ba3933f3-2061-4f1c-8624-b51fbe80bc6c","geometry":{"type":"Point","coordinates":[-94.87460496664585,29.611832833299406]},"properties":{"substrate":"Solid Reef","lease_number":null,"poll_year":2023}},{"type":"Feature","id":"ba4c4b2a-1036-437c-b673-c25347628fbf","geometry":{"type":"Point","coordinates":[-94.8646361292743,29.636019716314962]},"properties":{"substrate":"Mud","lease_number":null,"poll_year":2025}},{"type":"Feature","id":"ba55600d-8d2b-48ce-a0b4-ec7d751a29cf","geometry":{"type":"Point","coordinates":[-94.85942193366611,29.64899916565178]},"properties":{"substrate":"Buried Shell","lease_number":null,"poll_year":2023}},{"type":"Feature","id":"ba5d2e43-3202-4e0d-ac66-e88a9b95e659","geometry":{"type":"Point","coordinates":[-94.87459133291478,29.612240949954014]},"properties":{"substrate":"Solid Reef","lease_number":null,"poll_year":2024}},{"type":"Feature","id":"ba72e87f-1179-46ae-8adb-acab8453f2f8","geometry":{"type":"Point","coordinates":[-94.87372149422517,29.612818955864757]},"properties":{"substrate":"Solid Reef","lease_number":null,"poll_year":2025}},{"type":"Feature","id":"ba89fc94-654e-4fc2-a5e3-fffe4dfbe3bd","geometry":{"type":"Point","coordinates":[-94.86596584969385,29.637973066700344]},"properties":{"substrate":"Solid Reef","lease_number":null,"poll_year":2024}},{"type":"Feature","id":"ba8a9fa9-6e10-4450-9321-0b80803d5ce3","geometry":{"type":"Point","coordinates":[-94.8726770499938,29.612553817053573]},"properties":{"substrate":"Mud","lease_number":null,"poll_year":2023}},{"type":"Feature","id":"ba96393b-a6eb-4be4-8d2f-ad551da31124","geometry":{"type":"Point","coordinates":[-94.85713916630716,29.649846433281077]},"properties":{"substrate":"Mud","lease_number":null,"poll_year":2024}},{"type":"Feature","id":"baa336b8-2588-4953-bc67-e1af7605361c","geometry":{"type":"Point","coordinates":[-94.86634544988513,29.637589333688293]},"properties":{"substrate":"Buried Shell","lease_number":null,"poll_year":2024}},{"type":"Feature","id":"bab9a8c6-4de3-4b33-a9bc-dfeeaf864d36","geometry":{"type":"Point","coordinates":[-94.87391139987287,29.612245584323478]},"properties":{"substrate":"Solid Reef","lease_number":null,"poll_year":2023}},{"type":"Feature","id":"bac4f4a6-4572-4190-9807-947edafb2b51","geometry":{"type":"Point","coordinates":[-94.85541344425586,29.64678925369812]},"properties":{"substrate":"Mud","lease_number":null,"poll_year":2025}},{"type":"Feature","id":"bacb345d-e8e1-41f6-8aca-ac571d808879","geometry":{"type":"Point","coordinates":[-94.86347644556501,29.638384936897868]},"properties":{"substrate":"Mud","lease_number":null,"poll_year":2025}},{"type":"Feature","id":"bace6a6f-53bf-4098-a9fd-9483e6cd3586","geometry":{"type":"Point","coordinates":[-94.85907039055611,29.650233420341458]},"properties":{"substrate":"Mud","lease_number":null,"poll_year":2025}},{"type":"Feature","id":"baef9573-0aac-4875-976b-dde980303c7a","geometry":{"type":"Point","coordinates":[-94.86376935473814,29.64137688703411]},"properties":{"substrate":"Buried Shell","lease_number":null,"poll_year":2025}},{"type":"Feature","id":"bb4309c3-1974-4208-8c30-d2f4630f8b14","geometry":{"type":"Point","coordinates":[-94.85739563442246,29.64672300038754]},"properties":{"substrate":"Solid Reef","lease_number":null,"poll_year":2024}},{"type":"Feature","id":"bb50ac5d-5038-4d09-a4a0-a1a73b8fc56c","geometry":{"type":"Point","coordinates":[-94.86229202494775,29.638539994845637]},"properties":{"substrate":"Mud","lease_number":null,"poll_year":2025}},{"type":"Feature","id":"bb5639ca-311c-4dfb-bbbe-f1f12ca5af66","geometry":{"type":"Point","coordinates":[-94.86693697163513,29.638937871168235]},"properties":{"substrate":"Mud","lease_number":null,"poll_year":2025}},{"type":"Feature","id":"bb5e2574-ad02-4ef8-80a7-b2e60aae4df4","geometry":{"type":"Point","coordinates":[-94.86607354961157,29.63723941688394]},"properties":{"substrate":"Mud","lease_number":null,"poll_year":2024}},{"type":"Feature","id":"bb7bd99e-6e31-4f81-8bec-9c14c0c6ca4a","geometry":{"type":"Point","coordinates":[-94.874220467043,29.61192948297624]},"properties":{"substrate":"Solid Reef","lease_number":null,"poll_year":2023}},{"type":"Feature","id":"bb809220-1c3b-4f16-91c4-1ed02cb579ac","geometry":{"type":"Point","coordinates":[-94.86303499636641,29.639132351282257]},"properties":{"substrate":"Buried Shell","lease_number":null,"poll_year":2025}},{"type":"Feature","id":"bb8f3fca-dee4-45f1-ba5d-c24663d88090","geometry":{"type":"Point","coordinates":[-94.86723038655974,29.637893083696852]},"properties":{"substrate":"Mud","lease_number":null,"poll_year":2025}},{"type":"Feature","id":"bbbb2917-18f7-4abc-9e7f-317d1e7e940a","geometry":{"type":"Point","coordinates":[-94.87321811517087,29.612544684233924]},"properties":{"substrate":"Buried Shell","lease_number":null,"poll_year":2025}},{"type":"Feature","id":"bbc5e55f-f6f8-4e69-a00e-fe676cfb1d07","geometry":{"type":"Point","coordinates":[-94.86562503336663,29.640000784322062]},"properties":{"substrate":"Solid Reef","lease_number":null,"poll_year":2024}},{"type":"Feature","id":"bc00b32d-1c2b-414c-9fad-28aad0001071","geometry":{"type":"Point","coordinates":[-94.85702589683467,29.64531581730375]},"properties":{"substrate":"Mud","lease_number":null,"poll_year":2025}},{"type":"Feature","id":"bc1d0610-3f27-45c8-a907-20f7d0bdbb06","geometry":{"type":"Point","coordinates":[-94.85982081439836,29.65002998292267]},"properties":{"substrate":"Mud","lease_number":null,"poll_year":2025}},{"type":"Feature","id":"bc5eeb9e-d437-4684-b066-dd464012417c","geometry":{"type":"Point","coordinates":[-94.85637864989268,29.648950449907872]},"properties":{"substrate":"Scattered Shell","lease_number":null,"poll_year":2023}},{"type":"Feature","id":"bca557b0-88b0-411b-aa97-767cf6c64cf5","geometry":{"type":"Point","coordinates":[-94.8730846048584,29.611679300130472]},"properties":{"substrate":"Buried Shell","lease_number":null,"poll_year":2025}},{"type":"Feature","id":"bcafe1d8-bfb3-4cac-b979-cc2bb76796bb","geometry":{"type":"Point","coordinates":[-94.8631683836097,29.638040465716056]},"properties":{"substrate":"Buried Shell","lease_number":null,"poll_year":2024}},{"type":"Feature","id":"bcc8118c-ae0f-411a-a04f-2c0797754d42","geometry":{"type":"Point","coordinates":[-94.87334578373907,29.613923466662566]},"properties":{"substrate":"Mud","lease_number":null,"poll_year":2024}},{"type":"Feature","id":"bcda9b94-f16f-4dd0-a335-f3992b79518c","geometry":{"type":"Point","coordinates":[-94.85604832498964,29.648748051353564]},"properties":{"substrate":"Buried Shell","lease_number":null,"poll_year":2025}},{"type":"Feature","id":"bcf003e6-75c9-4a32-88eb-f416be49cd42","geometry":{"type":"Point","coordinates":[-94.86608488724877,29.638515953785923]},"properties":{"substrate":"Solid Reef","lease_number":null,"poll_year":2025}},{"type":"Feature","id":"bd1006e0-288c-40c5-9ce2-daa32fe34cc2","geometry":{"type":"Point","coordinates":[-94.87573863514451,29.612204612241584]},"properties":{"substrate":"Buried Shell","lease_number":null,"poll_year":2025}},{"type":"Feature","id":"bd12cab9-2af2-4b9a-a883-45a8711dfbc7","geometry":{"type":"Point","coordinates":[-94.85580889072877,29.649912580703557]},"properties":{"substrate":"Mud","lease_number":null,"poll_year":2025}},{"type":"Feature","id":"bd278f4b-9928-43d3-b4a0-be6de85b541c","geometry":{"type":"Point","coordinates":[-94.8578057997913,29.646262500341233]},"properties":{"substrate":"Mud","lease_number":null,"poll_year":2023}},{"type":"Feature","id":"bd33d22c-e62b-46f0-b5f9-49828eeef8b4","geometry":{"type":"Point","coordinates":[-94.86712367658544,29.637723362331077]},"properties":{"substrate":"Mud","lease_number":null,"poll_year":2025}},{"type":"Feature","id":"bd344ead-ed4a-4f24-b2b1-672312d26508","geometry":{"type":"Point","coordinates":[-94.85723477040959,29.649600548638286]},"properties":{"substrate":"Buried Shell","lease_number":null,"poll_year":2025}},{"type":"Feature","id":"bd40b07b-cc17-42de-8d9f-3fb3458f02be","geometry":{"type":"Point","coordinates":[-94.8752601933225,29.613699252265185]},"properties":{"substrate":"Mud","lease_number":null,"poll_year":2025}},{"type":"Feature","id":"bd45da64-f4eb-4737-8cdd-34d9d8e213b5","geometry":{"type":"Point","coordinates":[-94.86317110640331,29.639719607349743]},"properties":{"substrate":"Mud","lease_number":null,"poll_year":2025}},{"type":"Feature","id":"bd948ec2-63ee-4ead-add8-a3fe6c9355ab","geometry":{"type":"Point","coordinates":[-94.87259893519162,29.613861769797698]},"properties":{"substrate":"Mud","lease_number":null,"poll_year":2025}},{"type":"Feature","id":"bdc368a6-cfa2-40f7-944e-757e4ca0288a","geometry":{"type":"Point","coordinates":[-94.86379960640365,29.639850285207874]},"properties":{"substrate":"Mud","lease_number":null,"poll_year":2025}},{"type":"Feature","id":"bdc4ebd8-d15e-4aaf-a3f8-2ce7c135baaf","geometry":{"type":"Point","coordinates":[-94.8576171167507,29.646038282961808]},"properties":{"substrate":"Mud","lease_number":null,"poll_year":2023}},{"type":"Feature","id":"be17fd9b-e028-4b36-8aaf-18de41b3431a","geometry":{"type":"Point","coordinates":[-94.85840463292936,29.647571249793312]},"properties":{"substrate":"Scattered Shell","lease_number":null,"poll_year":2024}},{"type":"Feature","id":"be1c9d20-21e3-4340-8f73-b6ee16ee8049","geometry":{"type":"Point","coordinates":[-94.85454381038214,29.64725189361516]},"properties":{"substrate":"Mud","lease_number":null,"poll_year":2025}},{"type":"Feature","id":"be32dec9-824a-465c-af5b-04a226c68d8a","geometry":{"type":"Point","coordinates":[-94.86572678374223,29.637823766968364]},"properties":{"substrate":"Mud","lease_number":null,"poll_year":2023}},{"type":"Feature","id":"be532a4b-65c7-48f4-b823-3615906b71de","geometry":{"type":"Point","coordinates":[-94.85998518363749,29.64936100032089]},"properties":{"substrate":"Buried Shell","lease_number":null,"poll_year":2023}},{"type":"Feature","id":"be56bf7d-9aad-4a98-b261-a3e3187aefdd","geometry":{"type":"Point","coordinates":[-94.85895276694943,29.649893382661716]},"properties":{"substrate":"Buried Shell","lease_number":null,"poll_year":2024}},{"type":"Feature","id":"be883138-cb21-4907-be88-3e7f3279dcb6","geometry":{"type":"Point","coordinates":[-94.86386923302469,29.63824636731385]},"properties":{"substrate":"Buried Shell","lease_number":null,"poll_year":2024}},{"type":"Feature","id":"be8cdca8-4057-4a33-b44e-4737d4703c92","geometry":{"type":"Point","coordinates":[-94.85612494230024,29.64959858831016]},"properties":{"substrate":"Mud","lease_number":null,"poll_year":2025}},{"type":"Feature","id":"beaf75f7-a0d0-436f-b6c1-91649a48d086","geometry":{"type":"Point","coordinates":[-94.85832619024212,29.64841338537404]},"properties":{"substrate":"Solid Reef","lease_number":null,"poll_year":2025}},{"type":"Feature","id":"beb1265b-2fc3-4af6-8830-0cb7ab303653","geometry":{"type":"Point","coordinates":[-94.86529562115194,29.636577416284435]},"properties":{"substrate":"Mud","lease_number":null,"poll_year":2025}},{"type":"Feature","id":"beba8e12-f54f-40a1-b809-e790a1a927d9","geometry":{"type":"Point","coordinates":[-94.85782140262945,29.64985278813215]},"properties":{"substrate":"Mud","lease_number":null,"poll_year":2025}},{"type":"Feature","id":"bec69a97-d1a4-45e2-b2b5-ca179d521378","geometry":{"type":"Point","coordinates":[-94.87426533339988,29.61349900005918]},"properties":{"substrate":"Mud","lease_number":null,"poll_year":2024}},{"type":"Feature","id":"bee0a5c4-5167-488b-a759-d757b91ae649","geometry":{"type":"Point","coordinates":[-94.85578505123777,29.64942481768033]},"properties":{"substrate":"Mud","lease_number":null,"poll_year":2025}},{"type":"Feature","id":"befb837f-37d7-4506-91a0-99e502c5dd9c","geometry":{"type":"Point","coordinates":[-94.8588445145678,29.649197950624874]},"properties":{"substrate":"Buried Shell","lease_number":null,"poll_year":2025}},{"type":"Feature","id":"bf01e9b5-6cf1-4d76-bc7a-95c676ad0e7c","geometry":{"type":"Point","coordinates":[-94.85688676666179,29.646590250051204]},"properties":{"substrate":"Solid Reef","lease_number":null,"poll_year":2024}},{"type":"Feature","id":"bf2903b8-c78b-497e-bf1e-e1478dc9c4c9","geometry":{"type":"Point","coordinates":[-94.87375265857901,29.61351548333772]},"properties":{"substrate":"Buried Shell","lease_number":null,"poll_year":2025}},{"type":"Feature","id":"bf827c38-c396-4af4-a934-7835b7d131c6","geometry":{"type":"Point","coordinates":[-94.85692730763056,29.64926671069168]},"properties":{"substrate":"Buried Shell","lease_number":null,"poll_year":2025}},{"type":"Feature","id":"bf912e61-53b5-4de8-b34b-bd0541c07baf","geometry":{"type":"Point","coordinates":[-94.85621698188763,29.645828930876874]},"properties":{"substrate":"Mud","lease_number":null,"poll_year":2025}},{"type":"Feature","id":"bf94143e-7b8e-44a7-a18c-5dafe6add0de","geometry":{"type":"Point","coordinates":[-94.86582850357512,29.63917988733847]},"properties":{"substrate":"Solid Reef","lease_number":null,"poll_year":2025}},{"type":"Feature","id":"bfa2c46b-ff82-4c3b-9b0c-df44ab02eea9","geometry":{"type":"Point","coordinates":[-94.85967993610394,29.649298948861105]},"properties":{"substrate":"Buried Shell","lease_number":null,"poll_year":2025}},{"type":"Feature","id":"bfa8168f-47b3-43f6-949e-db7df3a2bbc7","geometry":{"type":"Point","coordinates":[-94.85727918311723,29.64760728432574]},"properties":{"substrate":"Solid Reef","lease_number":null,"poll_year":2023}},{"type":"Feature","id":"bfb7ef41-676a-497f-bac7-d2900e1e6570","geometry":{"type":"Point","coordinates":[-94.86597926603261,29.639648955194577]},"properties":{"substrate":"Buried Shell","lease_number":null,"poll_year":2025}},{"type":"Feature","id":"bfc19a40-7fa8-40fe-ab29-48c19c84ccd2","geometry":{"type":"Point","coordinates":[-94.8638111237039,29.6387582426817]},"properties":{"substrate":"Buried Shell","lease_number":null,"poll_year":2025}},{"type":"Feature","id":"bfd5ba54-ee5f-4714-b5d7-7666bad5a597","geometry":{"type":"Point","coordinates":[-94.86572451459783,29.64063394435889]},"properties":{"substrate":"Buried Shell","lease_number":null,"poll_year":2025}},{"type":"Feature","id":"bfee9bc8-ea97-4768-96e9-4b3a59997130","geometry":{"type":"Point","coordinates":[-94.85575269931111,29.646788565885576]},"properties":{"substrate":"Buried Shell","lease_number":null,"poll_year":2025}},{"type":"Feature","id":"bff879d1-353c-4872-8179-a554d3fe1c15","geometry":{"type":"Point","coordinates":[-94.86595024505905,29.63678507688273]},"properties":{"substrate":"Mud","lease_number":null,"poll_year":2025}},{"type":"Feature","id":"bffb9e23-9c9b-4d22-bf8b-e0a0f2b520c8","geometry":{"type":"Point","coordinates":[-94.87489553301272,29.61274500003327]},"properties":{"substrate":"Buried Shell","lease_number":null,"poll_year":2024}},{"type":"Feature","id":"bffd173f-5328-4f73-bf27-9979248be7d5","geometry":{"type":"Point","coordinates":[-94.8651776112697,29.638468351830618]},"properties":{"substrate":"Solid Reef","lease_number":null,"poll_year":2025}},{"type":"Feature","id":"c002ddc2-4c9c-4850-ab68-ed1e0799d1a6","geometry":{"type":"Point","coordinates":[-94.85674143362185,29.64999743505227]},"properties":{"substrate":"Mud","lease_number":null,"poll_year":2025}},{"type":"Feature","id":"c0076ce8-e31e-4c12-b635-35d8af40105f","geometry":{"type":"Point","coordinates":[-94.87274734675802,29.613264381312288]},"properties":{"substrate":"Mud","lease_number":null,"poll_year":2025}},{"type":"Feature","id":"c019e3b2-f1e8-4518-acd5-02669e9bb566","geometry":{"type":"Point","coordinates":[-94.85767522966475,29.64992185924838]},"properties":{"substrate":"Mud","lease_number":null,"poll_year":2025}},{"type":"Feature","id":"c027eef6-c61f-4937-a775-276e64ffa3db","geometry":{"type":"Point","coordinates":[-94.85753388155142,29.64889760188681]},"properties":{"substrate":"Solid Reef","lease_number":null,"poll_year":2025}},{"type":"Feature","id":"c0405203-4147-4716-a55c-a4d587d261cb","geometry":{"type":"Point","coordinates":[-94.87297255619639,29.612643260693524]},"properties":{"substrate":"Buried Shell","lease_number":null,"poll_year":2025}},{"type":"Feature","id":"c063530f-d1d7-4a60-9584-f6abb6cdb49f","geometry":{"type":"Point","coordinates":[-94.87391995003773,29.612573865675063]},"properties":{"substrate":"Solid Reef","lease_number":null,"poll_year":2024}},{"type":"Feature","id":"c0877bca-7419-4b94-a24a-7cce9de69901","geometry":{"type":"Point","coordinates":[-94.86431145028287,29.63889571690891]},"properties":{"substrate":"Solid Reef","lease_number":null,"poll_year":2024}},{"type":"Feature","id":"c08ab815-bb66-4ea0-b4fe-4711513d76be","geometry":{"type":"Point","coordinates":[-94.85712402610136,29.646129626043336]},"properties":{"substrate":"Mud","lease_number":null,"poll_year":2025}},{"type":"Feature","id":"c0902d8e-b54f-4f6f-b057-d9279291f7e3","geometry":{"type":"Point","coordinates":[-94.86430206558309,29.636772416282103]},"properties":{"substrate":"Solid Reef","lease_number":null,"poll_year":2024}},{"type":"Feature","id":"c0927653-95db-497b-aecc-798549d923c8","geometry":{"type":"Point","coordinates":[-94.87580237420718,29.612504899368883]},"properties":{"substrate":"Mud","lease_number":null,"poll_year":2025}},{"type":"Feature","id":"c0931efc-e8d1-490e-b957-2ec18e959010","geometry":{"type":"Point","coordinates":[-94.87445431557946,29.611713516863833]},"properties":{"substrate":"Solid Reef","lease_number":null,"poll_year":2023}},{"type":"Feature","id":"c0960ccd-7097-467c-b260-7d23748ada17","geometry":{"type":"Point","coordinates":[-94.85730391643195,29.647893265616045]},"properties":{"substrate":"Solid Reef","lease_number":null,"poll_year":2024}},{"type":"Feature","id":"c0a4ead3-4bc2-47d4-8901-8108607fd019","geometry":{"type":"Point","coordinates":[-94.86610484961103,29.63608130591713]},"properties":{"substrate":"Mud","lease_number":null,"poll_year":2025}},{"type":"Feature","id":"c0a8ce9a-7fac-49e6-b89f-bff453d3dc94","geometry":{"type":"Point","coordinates":[-94.86663848302577,29.63794903331317]},"properties":{"substrate":"Mud","lease_number":null,"poll_year":2024}},{"type":"Feature","id":"c0f38434-8a2d-49eb-843d-637df7fb1363","geometry":{"type":"Point","coordinates":[-94.8582777764382,29.64651981038874]},"properties":{"substrate":"Mud","lease_number":null,"poll_year":2025}},{"type":"Feature","id":"c0f7894c-359f-41a7-bd28-7d34ac329458","geometry":{"type":"Point","coordinates":[-94.85726450015393,29.6470525832807]},"properties":{"substrate":"Solid Reef","lease_number":null,"poll_year":2024}},{"type":"Feature","id":"c103d716-1904-4791-a1dc-8ad3af68e628","geometry":{"type":"Point","coordinates":[-94.85685959801432,29.650248211317052]},"properties":{"substrate":"Mud","lease_number":null,"poll_year":2025}},{"type":"Feature","id":"c11dbe33-8b17-4e6e-a417-d5c25fa86375","geometry":{"type":"Point","coordinates":[-94.86001595991911,29.649935807120677]},"properties":{"substrate":"Mud","lease_number":null,"poll_year":2025}},{"type":"Feature","id":"c14bdda2-8ebc-49cb-adda-4e86eb7e973d","geometry":{"type":"Point","coordinates":[-94.85882536697751,29.649808816301633]},"properties":{"substrate":"Mud","lease_number":null,"poll_year":2023}},{"type":"Feature","id":"c1563387-d4e5-418e-a40c-39eb46fd43c8","geometry":{"type":"Point","coordinates":[-94.87259044611218,29.61332453064568]},"properties":{"substrate":"Mud","lease_number":null,"poll_year":2025}},{"type":"Feature","id":"c168699a-8ad4-44db-b1bc-9be7ad417178","geometry":{"type":"Point","coordinates":[-94.8661908830624,29.64085138268889]},"properties":{"substrate":"Mud","lease_number":null,"poll_year":2024}},{"type":"Feature","id":"c18c92d5-d351-4986-8993-33eced3485d1","geometry":{"type":"Point","coordinates":[-94.85616297427443,29.646611513725745]},"properties":{"substrate":"Buried Shell","lease_number":null,"poll_year":2025}},{"type":"Feature","id":"c1953044-f7e3-4dfe-b7ec-525567be7810","geometry":{"type":"Point","coordinates":[-94.87566598659086,29.612580768004264]},"properties":{"substrate":"Mud","lease_number":null,"poll_year":2025}},{"type":"Feature","id":"c19dfe26-0d7f-4d55-a9f6-cfd2bf3de1cb","geometry":{"type":"Point","coordinates":[-94.85947291665175,29.6494895000116]},"properties":{"substrate":"Buried Shell","lease_number":null,"poll_year":2024}},{"type":"Feature","id":"c1b030de-24b7-4ccd-999f-8c6563c53057","geometry":{"type":"Point","coordinates":[-94.85926723479105,29.648943714017626]},"properties":{"substrate":"Buried Shell","lease_number":null,"poll_year":2025}},{"type":"Feature","id":"c1c210e0-c5e0-4284-9fbf-fc9a88bfc66f","geometry":{"type":"Point","coordinates":[-94.85854764831585,29.64749530523294]},"properties":{"substrate":"Buried Shell","lease_number":null,"poll_year":2025}},{"type":"Feature","id":"c1d3e36c-e5f0-4121-9a15-65666a332035","geometry":{"type":"Point","coordinates":[-94.87324264995792,29.61367996687971]},"properties":{"substrate":"Mud","lease_number":null,"poll_year":2024}},{"type":"Feature","id":"c1e58ead-9f07-4da2-95a4-fb522e67e13a","geometry":{"type":"Point","coordinates":[-94.85963443373984,29.650750783111143]},"properties":{"substrate":"Mud","lease_number":null,"poll_year":2024}},{"type":"Feature","id":"c1f6ad6e-9136-4ceb-b34e-44e9d3efbe53","geometry":{"type":"Point","coordinates":[-94.8574745999292,29.64716271569415]},"properties":{"substrate":"Solid Reef","lease_number":null,"poll_year":2024}},{"type":"Feature","id":"c1fd7a88-0ffe-429e-8b14-65a271623a70","geometry":{"type":"Point","coordinates":[-94.8557301165632,29.647897049714512]},"properties":{"substrate":"Scattered Shell","lease_number":null,"poll_year":2023}},{"type":"Feature","id":"c2013faf-1c22-4324-9cae-fb26edfa6632","geometry":{"type":"Point","coordinates":[-94.85572134990434,29.647344767355698]},"properties":{"substrate":"Scattered Shell","lease_number":null,"poll_year":2023}},{"type":"Feature","id":"c229f76b-486c-4b7c-aeef-64ebad6b96b3","geometry":{"type":"Point","coordinates":[-94.87433358290356,29.61189026564704]},"properties":{"substrate":"Solid Reef","lease_number":null,"poll_year":2023}},{"type":"Feature","id":"c22a5929-b161-4511-aac9-dda52fbddded","geometry":{"type":"Point","coordinates":[-94.87427280199313,29.613028063388604]},"properties":{"substrate":"Buried Shell","lease_number":null,"poll_year":2025}},{"type":"Feature","id":"c25c656c-b625-4b6d-a92c-8d52ab37f0b4","geometry":{"type":"Point","coordinates":[-94.85592473297625,29.646005134985355]},"properties":{"substrate":"Mud","lease_number":null,"poll_year":2025}},{"type":"Feature","id":"c25e661a-eba0-4541-8027-61db7c67771c","geometry":{"type":"Point","coordinates":[-94.85762555282953,29.64663098798736]},"properties":{"substrate":"Solid Reef","lease_number":null,"poll_year":2025}},{"type":"Feature","id":"c25ebdfd-8900-44f4-b87c-dfd863c14c2b","geometry":{"type":"Point","coordinates":[-94.866217829826,29.63600309929642]},"properties":{"substrate":"Mud","lease_number":null,"poll_year":2025}},{"type":"Feature","id":"c26cc271-a3d0-4162-8c69-45b3afe89073","geometry":{"type":"Point","coordinates":[-94.86445915757007,29.639079727655897]},"properties":{"substrate":"Solid Reef","lease_number":null,"poll_year":2025}},{"type":"Feature","id":"c284e47e-38e8-49ce-8319-0a96756a0033","geometry":{"type":"Point","coordinates":[-94.87494621685934,29.61237084967134]},"properties":{"substrate":"Buried Shell","lease_number":null,"poll_year":2024}},{"type":"Feature","id":"c2a0e096-e69b-44a1-87cf-b875da812209","geometry":{"type":"Point","coordinates":[-94.87433371675255,29.612790634355225]},"properties":{"substrate":"Buried Shell","lease_number":null,"poll_year":2024}},{"type":"Feature","id":"c2a95d46-2c00-4a05-ae39-127beb05e003","geometry":{"type":"Point","coordinates":[-94.85778021667032,29.649275165658867]},"properties":{"substrate":"Solid Reef","lease_number":null,"poll_year":2024}},{"type":"Feature","id":"c2ba2f49-6c8a-40c8-a8d2-e03e8e5728a3","geometry":{"type":"Point","coordinates":[-94.87232072425319,29.613572500809756]},"properties":{"substrate":"Mud","lease_number":null,"poll_year":2025}},{"type":"Feature","id":"c31c7cc0-543d-4a3a-b01a-a6bb3bca54d8","geometry":{"type":"Point","coordinates":[-94.85823395033043,29.649070265613084]},"properties":{"substrate":"Solid Reef","lease_number":null,"poll_year":2023}},{"type":"Feature","id":"c31ee4b9-6d31-411a-aa00-fea838aba0f2","geometry":{"type":"Point","coordinates":[-94.85790623323668,29.64742573435671]},"properties":{"substrate":"Solid Reef","lease_number":null,"poll_year":2024}},{"type":"Feature","id":"c346e6e6-9817-4838-9f7d-a330d58551ae","geometry":{"type":"Point","coordinates":[-94.85719893391796,29.650341185344203]},"properties":{"substrate":"Mud","lease_number":null,"poll_year":2025}},{"type":"Feature","id":"c34d8501-776b-414a-87b4-fa2c1167d087","geometry":{"type":"Point","coordinates":[-94.85820557165229,29.64848461066191]},"properties":{"substrate":"Solid Reef","lease_number":null,"poll_year":2025}},{"type":"Feature","id":"c369b854-4a59-442f-94e5-4b6af4333a33","geometry":{"type":"Point","coordinates":[-94.85748803333594,29.649437144893657]},"properties":{"substrate":"Buried Shell","lease_number":null,"poll_year":2025}},{"type":"Feature","id":"c37b994c-6d21-43b6-b419-d83a92a082cb","geometry":{"type":"Point","coordinates":[-94.85920667396786,29.649361026864668]},"properties":{"substrate":"Buried Shell","lease_number":null,"poll_year":2025}},{"type":"Feature","id":"c384ef8d-0f57-44c8-8b7e-70091672c7a3","geometry":{"type":"Point","coordinates":[-94.86430436796516,29.637556642034376]},"properties":{"substrate":"Buried Shell","lease_number":null,"poll_year":2025}},{"type":"Feature","id":"c38e0441-9ae6-404e-828d-1c49ff022d68","geometry":{"type":"Point","coordinates":[-94.8566937169106,29.64713633298608]},"properties":{"substrate":"Solid Reef","lease_number":null,"poll_year":2024}},{"type":"Feature","id":"c3b151c6-2c62-4d85-804a-c7f3008b25b0","geometry":{"type":"Point","coordinates":[-94.85785136144419,29.647938791894397]},"properties":{"substrate":"Solid Reef","lease_number":null,"poll_year":2025}},{"type":"Feature","id":"c3c4f24f-d55b-4c8f-a41c-ad1e3f126af0","geometry":{"type":"Point","coordinates":[-94.87617295082144,29.612929278002603]},"properties":{"substrate":"Mud","lease_number":null,"poll_year":2025}},{"type":"Feature","id":"c3da5420-0e98-4292-b877-d0ca3bbb0687","geometry":{"type":"Point","coordinates":[-94.85561483306785,29.64722559993191]},"properties":{"substrate":"Buried Shell","lease_number":null,"poll_year":2023}},{"type":"Feature","id":"c3f3c748-ca58-4e41-8ef5-4b55d3806f70","geometry":{"type":"Point","coordinates":[-94.86354101556934,29.639676400154684]},"properties":{"substrate":"Mud","lease_number":null,"poll_year":2024}},{"type":"Feature","id":"c3fbf445-8d3e-4106-b927-36606f9b31f7","geometry":{"type":"Point","coordinates":[-94.85857739961976,29.649268799841533]},"properties":{"substrate":"Buried Shell","lease_number":null,"poll_year":2024}},{"type":"Feature","id":"c4021517-49e2-4018-914d-0cf54d27669c","geometry":{"type":"Point","coordinates":[-94.86512216635204,29.639971365661737]},"properties":{"substrate":"Solid Reef","lease_number":null,"poll_year":2023}},{"type":"Feature","id":"c40e353a-15fa-48f9-b109-eacef5a1c0f1","geometry":{"type":"Point","coordinates":[-94.87373253362169,29.612988199835367]},"properties":{"substrate":"Buried Shell","lease_number":null,"poll_year":2024}},{"type":"Feature","id":"c4225d84-fa63-4208-a36d-75f4b388b552","geometry":{"type":"Point","coordinates":[-94.8646111498212,29.63764070024256]},"properties":{"substrate":"Buried Shell","lease_number":null,"poll_year":2024}},{"type":"Feature","id":"c42f2147-03a2-4acb-9731-12385a008447","geometry":{"type":"Point","coordinates":[-94.86608961687874,29.637846566741484]},"properties":{"substrate":"Buried Shell","lease_number":null,"poll_year":2024}},{"type":"Feature","id":"c46b9825-b7e8-4b50-8c53-691ab7ee5f06","geometry":{"type":"Point","coordinates":[-94.86558768321375,29.637357599838094]},"properties":{"substrate":"Buried Shell","lease_number":null,"poll_year":2024}},{"type":"Feature","id":"c46c1f71-4690-4f57-9589-a224c8bd6033","geometry":{"type":"Point","coordinates":[-94.85851770028093,29.649385183220165]},"properties":{"substrate":"Buried Shell","lease_number":null,"poll_year":2024}},{"type":"Feature","id":"c4798edc-89af-47fa-94f5-ab8e8c993044","geometry":{"type":"Point","coordinates":[-94.86497665005581,29.640788283663266]},"properties":{"substrate":"Buried Shell","lease_number":null,"poll_year":2024}},{"type":"Feature","id":"c48b1134-5383-4814-b305-6cc2ed0f01bf","geometry":{"type":"Point","coordinates":[-94.87432176556601,29.613106700201016]},"properties":{"substrate":"Buried Shell","lease_number":null,"poll_year":2024}},{"type":"Feature","id":"c490019d-2ac2-471a-b5b9-fb8f7e863d68","geometry":{"type":"Point","coordinates":[-94.85841401673082,29.64595839614817]},"properties":{"substrate":"Mud","lease_number":null,"poll_year":2025}},{"type":"Feature","id":"c4aaf072-e3e5-412f-a31a-c5156faafdde","geometry":{"type":"Point","coordinates":[-94.8746605166664,29.612639817340906]},"properties":{"substrate":"Buried Shell","lease_number":null,"poll_year":2024}},{"type":"Feature","id":"c4b5a6c8-17d1-4d5a-9aa5-ad6a965493bb","geometry":{"type":"Point","coordinates":[-94.86455279526035,29.63688349689444]},"properties":{"substrate":"Mud","lease_number":null,"poll_year":2025}},{"type":"Feature","id":"c4e301cb-1baa-4760-a0b1-c0f79ed3639d","geometry":{"type":"Point","coordinates":[-94.8586173333274,29.64659861702192]},"properties":{"substrate":"Mud","lease_number":null,"poll_year":2023}},{"type":"Feature","id":"c4f1e436-d9e8-4a57-950a-a2d5594add50","geometry":{"type":"Point","coordinates":[-94.86389583303857,29.636594517302314]},"properties":{"substrate":"Buried Shell","lease_number":null,"poll_year":2024}},{"type":"Feature","id":"c4fc2e78-5b1d-4e1d-9f78-edca2f160bec","geometry":{"type":"Point","coordinates":[-94.85789888322103,29.647552116884725]},"properties":{"substrate":"Solid Reef","lease_number":null,"poll_year":2024}},{"type":"Feature","id":"c4fc8ef1-ecb4-4240-a3c9-45726791b2ad","geometry":{"type":"Point","coordinates":[-94.86490038308818,29.63936948323436]},"properties":{"substrate":"Buried Shell","lease_number":null,"poll_year":2024}},{"type":"Feature","id":"c507ada6-3ad7-402a-bb85-80e0e21f18eb","geometry":{"type":"Point","coordinates":[-94.85740663339479,29.646530899735932]},"properties":{"substrate":"Buried Shell","lease_number":null,"poll_year":2023}},{"type":"Feature","id":"c50a6a2e-fe76-47e5-8623-32cf91f4d2b1","geometry":{"type":"Point","coordinates":[-94.8754517985827,29.612909812063297]},"properties":{"substrate":"Mud","lease_number":null,"poll_year":2025}},{"type":"Feature","id":"c524f9b1-dd8b-45cf-b85c-1cd7fdacc66d","geometry":{"type":"Point","coordinates":[-94.8585634496817,29.646221833301677]},"properties":{"substrate":"Mud","lease_number":null,"poll_year":2023}},{"type":"Feature","id":"c52bb6c4-887f-4818-8416-51989e30cbb4","geometry":{"type":"Point","coordinates":[-94.8637615591581,29.637211549631868]},"properties":{"substrate":"Buried Shell","lease_number":null,"poll_year":2025}},{"type":"Feature","id":"c52ec24c-ec0d-4778-a7d5-8afeb248649d","geometry":{"type":"Point","coordinates":[-94.86432216808251,29.638994432334368]},"properties":{"substrate":"Buried Shell","lease_number":null,"poll_year":2025}},{"type":"Feature","id":"c53dd8be-6107-4d82-96f2-dfbea135cbe5","geometry":{"type":"Point","coordinates":[-94.85673719716698,29.647741750103528]},"properties":{"substrate":"Solid Reef","lease_number":null,"poll_year":2025}},{"type":"Feature","id":"c57a2b76-be4c-4b9a-9bb1-fc57e3d3a370","geometry":{"type":"Point","coordinates":[-94.86600060191893,29.63732547262118]},"properties":{"substrate":"Mud","lease_number":null,"poll_year":2025}},{"type":"Feature","id":"c5a1bcde-5b51-4881-af5f-c7c31cd8b0c1","geometry":{"type":"Point","coordinates":[-94.85681628484458,29.649438525166705]},"properties":{"substrate":"Mud","lease_number":null,"poll_year":2025}},{"type":"Feature","id":"c5b38d71-8420-4e98-9057-427e46d2690c","geometry":{"type":"Point","coordinates":[-94.86606260902973,29.640953020936337]},"properties":{"substrate":"Mud","lease_number":null,"poll_year":2025}},{"type":"Feature","id":"c5d80d78-a1d9-4724-b066-dc3a0a3ce85d","geometry":{"type":"Point","coordinates":[-94.87529729374374,29.611694916026714]},"properties":{"substrate":"Buried Shell","lease_number":null,"poll_year":2025}},{"type":"Feature","id":"c5de7fd7-189b-4b7d-bf7e-852da68423cd","geometry":{"type":"Point","coordinates":[-94.87635885537287,29.613020026326485]},"properties":{"substrate":"Mud","lease_number":null,"poll_year":2025}},{"type":"Feature","id":"c5ebcfa7-c90c-46dd-90c6-7fed27ec83d3","geometry":{"type":"Point","coordinates":[-94.85575316643506,29.647459683657434]},"properties":{"substrate":"Scattered Shell","lease_number":null,"poll_year":2023}},{"type":"Feature","id":"c5ed121f-f4da-4880-9ae9-5e0de2b56b1c","geometry":{"type":"Point","coordinates":[-94.86663616357569,29.635769684630528]},"properties":{"substrate":"Mud","lease_number":null,"poll_year":2025}},{"type":"Feature","id":"c6058133-5a1f-47ba-b3c7-b60c73e85be7","geometry":{"type":"Point","coordinates":[-94.85670548304418,29.64704786697567]},"properties":{"substrate":"Solid Reef","lease_number":null,"poll_year":2023}},{"type":"Feature","id":"c605e127-b183-459a-90a0-c60875db1bfd","geometry":{"type":"Point","coordinates":[-94.87353826665328,29.612586549622254]},"properties":{"substrate":"Solid Reef","lease_number":null,"poll_year":2023}},{"type":"Feature","id":"c60e7e8b-47b7-4ce4-ac47-c00ae8a6771f","geometry":{"type":"Point","coordinates":[-94.8632118369166,29.639151403028563]},"properties":{"substrate":"Mud","lease_number":null,"poll_year":2025}},{"type":"Feature","id":"c65080a7-0e86-4515-a57a-89f22d00fc95","geometry":{"type":"Point","coordinates":[-94.85678020041794,29.64902609982701]},"properties":{"substrate":"Buried Shell","lease_number":null,"poll_year":2024}},{"type":"Feature","id":"c6fb7430-652a-4a20-9980-dde2c98214d5","geometry":{"type":"Point","coordinates":[-94.86558152526247,29.63709655370391]},"properties":{"substrate":"Solid Reef","lease_number":null,"poll_year":2025}},{"type":"Feature","id":"c6fd99e3-276d-41db-bdb7-fc0881bfe9cb","geometry":{"type":"Point","coordinates":[-94.86497538343124,29.637449282630936]},"properties":{"substrate":"Buried Shell","lease_number":null,"poll_year":2024}},{"type":"Feature","id":"c72e77f4-91a3-496c-b20c-360151828344","geometry":{"type":"Point","coordinates":[-94.87394761635186,29.613423067293827]},"properties":{"substrate":"Buried Shell","lease_number":null,"poll_year":2023}},{"type":"Feature","id":"c757e5c0-fe95-41aa-932e-7ee584435602","geometry":{"type":"Point","coordinates":[-94.85920148440046,29.64794638428969]},"properties":{"substrate":"Buried Shell","lease_number":null,"poll_year":2024}},{"type":"Feature","id":"c76b70a3-9c38-4ec0-a155-ae117b40fe8c","geometry":{"type":"Point","coordinates":[-94.86232467062348,29.638870380621142]},"properties":{"substrate":"Mud","lease_number":null,"poll_year":2025}},{"type":"Feature","id":"c76dfc48-2726-4f22-a0d8-31fcfbd64edb","geometry":{"type":"Point","coordinates":[-94.85776550226596,29.650947478632716]},"properties":{"substrate":"Mud","lease_number":null,"poll_year":2025}},{"type":"Feature","id":"c76f4a77-8305-4187-8a4b-df36704dab61","geometry":{"type":"Point","coordinates":[-94.86718003958133,29.639535674287874]},"properties":{"substrate":"Mud","lease_number":null,"poll_year":2025}},{"type":"Feature","id":"c78db863-b36b-4741-9b71-1c6d36ea0500","geometry":{"type":"Point","coordinates":[-94.85870786644004,29.649633491669164]},"properties":{"substrate":"Buried Shell","lease_number":null,"poll_year":2025}},{"type":"Feature","id":"c79a6952-44bb-4719-b3b0-20610062e513","geometry":{"type":"Point","coordinates":[-94.87334685812414,29.614277321663444]},"properties":{"substrate":"Mud","lease_number":null,"poll_year":2025}},{"type":"Feature","id":"c7b84246-9c95-44ac-bace-fa4d7c20f35d","geometry":{"type":"Point","coordinates":[-94.86495537435663,29.63916384705485]},"properties":{"substrate":"Solid Reef","lease_number":null,"poll_year":2025}},{"type":"Feature","id":"c7fb7f0a-48f1-4bf8-99e5-a05245aed8ec","geometry":{"type":"Point","coordinates":[-94.8730974831063,29.613780033108196]},"properties":{"substrate":"Mud","lease_number":null,"poll_year":2023}},{"type":"Feature","id":"c81079a1-5463-41fb-b184-e3cb6b9e6760","geometry":{"type":"Point","coordinates":[-94.87507784969289,29.61167678299933]},"properties":{"substrate":"Solid Reef","lease_number":null,"poll_year":2023}},{"type":"Feature","id":"c81403f0-bf8e-43cd-97d3-992b97597191","geometry":{"type":"Point","coordinates":[-94.86470943359812,29.637733917026445]},"properties":{"substrate":"Buried Shell","lease_number":null,"poll_year":2024}},{"type":"Feature","id":"c82227fd-728a-4159-9e0e-20fd194ae2a6","geometry":{"type":"Point","coordinates":[-94.85725778973874,29.649077810300383]},"properties":{"substrate":"Buried Shell","lease_number":null,"poll_year":2025}},{"type":"Feature","id":"c8379489-8b90-49a5-b6d3-2aed41b3cf22","geometry":{"type":"Point","coordinates":[-94.85776546633335,29.647093499813685]},"properties":{"substrate":"Solid Reef","lease_number":null,"poll_year":2023}},{"type":"Feature","id":"c8508b97-a387-4920-b3f8-36e8001ffa71","geometry":{"type":"Point","coordinates":[-94.86505138359924,29.639606517031265]},"properties":{"substrate":"Solid Reef","lease_number":null,"poll_year":2024}},{"type":"Feature","id":"c8559e75-18e3-43ce-910b-5122ecd17048","geometry":{"type":"Point","coordinates":[-94.86420738315213,29.640066066874446]},"properties":{"substrate":"Buried Shell","lease_number":null,"poll_year":2024}},{"type":"Feature","id":"c86fe8aa-c2b4-483e-8e3d-cebc7ce59103","geometry":{"type":"Point","coordinates":[-94.85675989310263,29.645475594229694]},"properties":{"substrate":"Mud","lease_number":null,"poll_year":2025}},{"type":"Feature","id":"c887f98f-a585-434b-a713-611843d55522","geometry":{"type":"Point","coordinates":[-94.86443983211336,29.640149835664737]},"properties":{"substrate":"Solid Reef","lease_number":null,"poll_year":2025}},{"type":"Feature","id":"c89822fa-67ab-4d67-bb53-b98042a91d87","geometry":{"type":"Point","coordinates":[-94.8570435020176,29.647547684782293]},"properties":{"substrate":"Solid Reef","lease_number":null,"poll_year":2025}},{"type":"Feature","id":"c89acdca-38a0-47eb-943a-2c164db77e51","geometry":{"type":"Point","coordinates":[-94.85836309662727,29.65053181571331]},"properties":{"substrate":"Mud","lease_number":null,"poll_year":2025}},{"type":"Feature","id":"c8de6612-5ca8-4c38-913e-12dfa7181cd3","geometry":{"type":"Point","coordinates":[-94.8642639329976,29.638542349683902]},"properties":{"substrate":"Solid Reef","lease_number":null,"poll_year":2023}},{"type":"Feature","id":"c9279b35-a3f6-4035-aa7a-bcb15fdc11c9","geometry":{"type":"Point","coordinates":[-94.86561552110608,29.641025553814526]},"properties":{"substrate":"Mud","lease_number":null,"poll_year":2025}},{"type":"Feature","id":"c93415f2-8690-4b25-a206-eee90ebcb3b0","geometry":{"type":"Point","coordinates":[-94.86631108303732,29.639229632969965]},"properties":{"substrate":"Solid Reef","lease_number":null,"poll_year":2024}},{"type":"Feature","id":"c94c584b-fde3-4e56-8437-2779b15b6ae7","geometry":{"type":"Point","coordinates":[-94.86391728301093,29.6396397163032]},"properties":{"substrate":"Buried Shell","lease_number":null,"poll_year":2024}},{"type":"Feature","id":"c95278f0-16e8-4c13-b94c-b388cc996cbe","geometry":{"type":"Point","coordinates":[-94.86533621691795,29.637337883299033]},"properties":{"substrate":"Solid Reef","lease_number":null,"poll_year":2023}},{"type":"Feature","id":"c9675118-0945-4569-8e05-a9766b994496","geometry":{"type":"Point","coordinates":[-94.85804756697696,29.647129250336775]},"properties":{"substrate":"Solid Reef","lease_number":null,"poll_year":2024}},{"type":"Feature","id":"c97b33b3-c770-4eda-8fbb-177f99f79fed","geometry":{"type":"Point","coordinates":[-94.8627888831314,29.638498949911284]},"properties":{"substrate":"Buried Shell","lease_number":null,"poll_year":2024}},{"type":"Feature","id":"c97f46af-d455-4178-9f5e-ef24c09e75fe","geometry":{"type":"Point","coordinates":[-94.8560666829608,29.647149730059418]},"properties":{"substrate":"Buried Shell","lease_number":null,"poll_year":2025}},{"type":"Feature","id":"c9869149-e790-419e-96d4-d615c91d4027","geometry":{"type":"Point","coordinates":[-94.86568157692388,29.636932748636685]},"properties":{"substrate":"Solid Reef","lease_number":null,"poll_year":2025}},{"type":"Feature","id":"c994f54e-c348-4836-ae0a-51eba79a9401","geometry":{"type":"Point","coordinates":[-94.87351590039937,29.61324513333062]},"properties":{"substrate":"Buried Shell","lease_number":null,"poll_year":2024}},{"type":"Feature","id":"c9c9983b-0d7d-4d85-8216-cce37f9dc422","geometry":{"type":"Point","coordinates":[-94.87302789960441,29.612589900039648]},"properties":{"substrate":"Buried Shell","lease_number":null,"poll_year":2024}},{"type":"Feature","id":"c9dd7757-4d62-4f2a-a7f6-0d9b7b9e140d","geometry":{"type":"Point","coordinates":[-94.85755904336253,29.64500609288584]},"properties":{"substrate":"Mud","lease_number":null,"poll_year":2025}},{"type":"Feature","id":"c9fa260f-9537-4632-b626-99826cfc0623","geometry":{"type":"Point","coordinates":[-94.85735746680267,29.646889366675584]},"properties":{"substrate":"Solid Reef","lease_number":null,"poll_year":2024}},{"type":"Feature","id":"ca183f1b-a5bb-4d20-ad3f-63606aa11f8e","geometry":{"type":"Point","coordinates":[-94.86650881211281,29.640727666649962]},"properties":{"substrate":"Mud","lease_number":null,"poll_year":2025}},{"type":"Feature","id":"ca1caec5-8f8b-42f2-b686-da23589054ad","geometry":{"type":"Point","coordinates":[-94.87362003310709,29.612794767309307]},"properties":{"substrate":"Buried Shell","lease_number":null,"poll_year":2024}},{"type":"Feature","id":"ca1d4d47-5566-4355-b691-8b3b97684deb","geometry":{"type":"Point","coordinates":[-94.8587263429888,29.649268577342404]},"properties":{"substrate":"Buried Shell","lease_number":null,"poll_year":2025}},{"type":"Feature","id":"ca4166ef-ffea-4ab9-84f1-0cddf5d53731","geometry":{"type":"Point","coordinates":[-94.86421447355467,29.636277272724428]},"properties":{"substrate":"Solid Reef","lease_number":null,"poll_year":2025}},{"type":"Feature","id":"ca4b7758-9a72-476e-a3ac-1a9e435b0be4","geometry":{"type":"Point","coordinates":[-94.85826264970713,29.648161432696195]},"properties":{"substrate":"Solid Reef","lease_number":null,"poll_year":2024}},{"type":"Feature","id":"ca5e85cb-8068-4a74-b28a-f22cd9c71253","geometry":{"type":"Point","coordinates":[-94.85471191661284,29.646410866309953]},"properties":{"substrate":"Mud","lease_number":null,"poll_year":2023}},{"type":"Feature","id":"ca786c0d-5402-46e7-9b8f-e40f59699b5d","geometry":{"type":"Point","coordinates":[-94.86448088332523,29.640247382611573]},"properties":{"substrate":"Buried Shell","lease_number":null,"poll_year":2024}},{"type":"Feature","id":"caa5463a-400e-43c5-ac03-a5eb21f6f5d1","geometry":{"type":"Point","coordinates":[-94.87445072501325,29.61349769426721]},"properties":{"substrate":"Mud","lease_number":null,"poll_year":2025}},{"type":"Feature","id":"caa75576-8c47-4979-859c-f644df61b6e8","geometry":{"type":"Point","coordinates":[-94.87315423327607,29.612900349702063]},"properties":{"substrate":"Buried Shell","lease_number":null,"poll_year":2024}},{"type":"Feature","id":"cacd2fc3-c929-47f8-86cb-308c5b5620b7","geometry":{"type":"Point","coordinates":[-94.87373380024626,29.613751466642803]},"properties":{"substrate":"Mud","lease_number":null,"poll_year":2023}},{"type":"Feature","id":"cad8b5d1-d614-4a3e-8b49-7191b02411bc","geometry":{"type":"Point","coordinates":[-94.86540097556846,29.640576924242424]},"properties":{"substrate":"Buried Shell","lease_number":null,"poll_year":2025}},{"type":"Feature","id":"cade1485-3764-4328-a894-f144b1f23e70","geometry":{"type":"Point","coordinates":[-94.85572334955417,29.64853405034426]},"properties":{"substrate":"Buried Shell","lease_number":null,"poll_year":2024}},{"type":"Feature","id":"caf97f37-60c5-49a4-875c-377868f73fe1","geometry":{"type":"Point","coordinates":[-94.86452781760387,29.635746261305975]},"properties":{"substrate":"Buried Shell","lease_number":null,"poll_year":2025}},{"type":"Feature","id":"caff954b-bd44-4978-af6f-011509526be5","geometry":{"type":"Point","coordinates":[-94.85547321815488,29.646235665359004]},"properties":{"substrate":"Mud","lease_number":null,"poll_year":2025}},{"type":"Feature","id":"cb218681-246c-44cf-b5ba-fd65b461a1b3","geometry":{"type":"Point","coordinates":[-94.86384668441274,29.63676149997759]},"properties":{"substrate":"Mud","lease_number":null,"poll_year":2024}},{"type":"Feature","id":"cb502879-5e2c-4525-bd79-bf9ebf2a11cf","geometry":{"type":"Point","coordinates":[-94.86652095643716,29.639911433673884]},"properties":{"substrate":"Buried Shell","lease_number":null,"poll_year":2025}},{"type":"Feature","id":"cb503077-3e7f-4b50-bedb-70564475f303","geometry":{"type":"Point","coordinates":[-94.87444079862935,29.613738554797777]},"properties":{"substrate":"Mud","lease_number":null,"poll_year":2025}},{"type":"Feature","id":"cb5cec11-02db-45c4-9cf8-7f4782c5abb5","geometry":{"type":"Point","coordinates":[-94.87302288341186,29.614129316807627]},"properties":{"substrate":"Scattered Shell","lease_number":null,"poll_year":2023}},{"type":"Feature","id":"cba2c6fe-5ca3-428c-928f-94926222f5e2","geometry":{"type":"Point","coordinates":[-94.86456176943004,29.641038092862217]},"properties":{"substrate":"Mud","lease_number":null,"poll_year":2025}},{"type":"Feature","id":"cbc69807-54bb-408b-bf1d-57b4985836df","geometry":{"type":"Point","coordinates":[-94.86570680880358,29.63924927496485]},"properties":{"substrate":"Solid Reef","lease_number":null,"poll_year":2025}},{"type":"Feature","id":"cbd38d6b-ecc8-4df2-af77-7c96f85a468a","geometry":{"type":"Point","coordinates":[-94.86464284597768,29.6370759149969]},"properties":{"substrate":"Buried Shell","lease_number":null,"poll_year":2025}},{"type":"Feature","id":"cbec4a76-d111-4c85-b788-c35388f7bce6","geometry":{"type":"Point","coordinates":[-94.87362656655415,29.61179948428551]},"properties":{"substrate":"Solid Reef","lease_number":null,"poll_year":2024}},{"type":"Feature","id":"cbf50d9d-effd-4872-836c-9080c29541e1","geometry":{"type":"Point","coordinates":[-94.85842316158042,29.65026712511966]},"properties":{"substrate":"Mud","lease_number":null,"poll_year":2025}},{"type":"Feature","id":"cbf54ecd-3d25-4c48-896c-ab7902f34adf","geometry":{"type":"Point","coordinates":[-94.85805051704436,29.648230915624843]},"properties":{"substrate":"Solid Reef","lease_number":null,"poll_year":2023}},{"type":"Feature","id":"cc05b4c1-f7c0-4444-83ae-1f875df1a75c","geometry":{"type":"Point","coordinates":[-94.86518811706695,29.639871067008308]},"properties":{"substrate":"Solid Reef","lease_number":null,"poll_year":2023}},{"type":"Feature","id":"cc0ca16c-9a97-481e-8bb4-238485fb4601","geometry":{"type":"Point","coordinates":[-94.87353598313584,29.61264416663337]},"properties":{"substrate":"Solid Reef","lease_number":null,"poll_year":2024}},{"type":"Feature","id":"cc14c082-066f-4a5e-984b-97e44bf9b7cb","geometry":{"type":"Point","coordinates":[-94.86256958191265,29.637664918750186]},"properties":{"substrate":"Solid Reef","lease_number":null,"poll_year":2025}},{"type":"Feature","id":"cc18bbae-d853-45a3-9614-59f2de21f891","geometry":{"type":"Point","coordinates":[-94.87378411668195,29.61343474992226]},"properties":{"substrate":"Solid Reef","lease_number":null,"poll_year":2023}},{"type":"Feature","id":"cc27b0a0-f370-4e6f-aed9-4c79d46b7e02","geometry":{"type":"Point","coordinates":[-94.87338921728303,29.612637822711164]},"properties":{"substrate":"Buried Shell","lease_number":null,"poll_year":2025}},{"type":"Feature","id":"cc3151e0-43b8-4901-b788-4186c665ec9b","geometry":{"type":"Point","coordinates":[-94.86533405018149,29.640196649809923]},"properties":{"substrate":"Buried Shell","lease_number":null,"poll_year":2024}},{"type":"Feature","id":"cc4a4a45-5e75-4f6e-b21f-f7a887d45be0","geometry":{"type":"Point","coordinates":[-94.85811098444277,29.648294984307462]},"properties":{"substrate":"Solid Reef","lease_number":null,"poll_year":2024}},{"type":"Feature","id":"cc696a3e-ed72-4e95-a9ba-d78ec6aa7194","geometry":{"type":"Point","coordinates":[-94.87336033375172,29.612451916638086]},"properties":{"substrate":"Solid Reef","lease_number":null,"poll_year":2023}},{"type":"Feature","id":"cc6c2743-e816-4ad3-87df-7cbc57a7d97e","geometry":{"type":"Point","coordinates":[-94.86302281970275,29.64066148430391]},"properties":{"substrate":"Mud","lease_number":null,"poll_year":2025}},{"type":"Feature","id":"cc7d6e5c-181f-4fe7-a50e-440e5a743565","geometry":{"type":"Point","coordinates":[-94.85870458309769,29.649272984386695]},"properties":{"substrate":"Buried Shell","lease_number":null,"poll_year":2024}},{"type":"Feature","id":"cc96be58-308f-4d9a-8509-cea2d9db4521","geometry":{"type":"Point","coordinates":[-94.85796729981139,29.647414983156903]},"properties":{"substrate":"Solid Reef","lease_number":null,"poll_year":2023}},{"type":"Feature","id":"ccacc37d-4cf0-4220-a622-6e4eed259e23","geometry":{"type":"Point","coordinates":[-94.85549686630472,29.647645149613414]},"properties":{"substrate":"Buried Shell","lease_number":null,"poll_year":2024}},{"type":"Feature","id":"ccb3229d-5b63-40c0-99c9-89286529fd46","geometry":{"type":"Point","coordinates":[-94.8732071027238,29.612156537071808]},"properties":{"substrate":"Solid Reef","lease_number":null,"poll_year":2025}},{"type":"Feature","id":"ccbf05a7-af77-4472-b21c-022e1ccc0d42","geometry":{"type":"Point","coordinates":[-94.85714183340522,29.648418599705096]},"properties":{"substrate":"Solid Reef","lease_number":null,"poll_year":2024}},{"type":"Feature","id":"ccc0fb45-2fc2-43ac-bfac-7cd098f1829e","geometry":{"type":"Point","coordinates":[-94.85455426228047,29.646569246351806]},"properties":{"substrate":"Mud","lease_number":null,"poll_year":2025}},{"type":"Feature","id":"ccc80117-fe3f-4172-b4b6-20d758e79d91","geometry":{"type":"Point","coordinates":[-94.87421916628247,29.613670065682964]},"properties":{"substrate":"Mud","lease_number":null,"poll_year":2023}},{"type":"Feature","id":"cce50a18-72a0-46be-a5f2-d31a18e16b1d","geometry":{"type":"Point","coordinates":[-94.8747672167592,29.612642132954562]},"properties":{"substrate":"Buried Shell","lease_number":null,"poll_year":2024}},{"type":"Feature","id":"cd005faa-c6ee-4b9f-89ad-27a83023a913","geometry":{"type":"Point","coordinates":[-94.85763126701306,29.64941398315937]},"properties":{"substrate":"Buried Shell","lease_number":null,"poll_year":2024}},{"type":"Feature","id":"cd0b5df6-f1ab-40b2-99c2-0ee6e38c38eb","geometry":{"type":"Point","coordinates":[-94.87345712003706,29.612021667655153]},"properties":{"substrate":"Solid Reef","lease_number":null,"poll_year":2025}},{"type":"Feature","id":"cd19ecbf-be91-4995-9f16-0d503cabbef7","geometry":{"type":"Point","coordinates":[-94.86498588563524,29.636718477342782]},"properties":{"substrate":"Buried Shell","lease_number":null,"poll_year":2025}},{"type":"Feature","id":"cd321f15-60d1-4f4d-b48f-c9c081568209","geometry":{"type":"Point","coordinates":[-94.85623254969148,29.647870665637445]},"properties":{"substrate":"Solid Reef","lease_number":null,"poll_year":2024}},{"type":"Feature","id":"cd66f761-37a0-47d3-b607-c255871ac361","geometry":{"type":"Point","coordinates":[-94.85870174981127,29.649121983090133]},"properties":{"substrate":"Solid Reef","lease_number":null,"poll_year":2023}},{"type":"Feature","id":"cd67a50e-44ee-4411-b676-a5d370de0645","geometry":{"type":"Point","coordinates":[-94.8750122169816,29.613613866728112]},"properties":{"substrate":"Mud","lease_number":null,"poll_year":2023}},{"type":"Feature","id":"cd6a2469-bdd0-4053-9178-ef7702d2cc80","geometry":{"type":"Point","coordinates":[-94.85625718329321,29.648947766637775]},"properties":{"substrate":"Buried Shell","lease_number":null,"poll_year":2024}},{"type":"Feature","id":"cd6adde0-f545-4f4a-99df-ea4ffe6d9417","geometry":{"type":"Point","coordinates":[-94.87427033342273,29.612280866909728]},"properties":{"substrate":"Solid Reef","lease_number":null,"poll_year":2023}},{"type":"Feature","id":"cd6be7c5-2156-412d-9d47-7e871ad391f8","geometry":{"type":"Point","coordinates":[-94.86632526743566,29.638348899845337]},"properties":{"substrate":"Solid Reef","lease_number":null,"poll_year":2023}},{"type":"Feature","id":"cd869d94-f65b-46b6-a31c-4d858c2be861","geometry":{"type":"Point","coordinates":[-94.85714698344675,29.64691796668464]},"properties":{"substrate":"Solid Reef","lease_number":null,"poll_year":2024}},{"type":"Feature","id":"cd88732d-933f-4b71-bccb-f4ddb6a76813","geometry":{"type":"Point","coordinates":[-94.86359405030707,29.638862783637496]},"properties":{"substrate":"Buried Shell","lease_number":null,"poll_year":2024}},{"type":"Feature","id":"cd95d6e2-d7fb-494a-a629-e2fc445e0e74","geometry":{"type":"Point","coordinates":[-94.85671029981073,29.648223015652487]},"properties":{"substrate":"Solid Reef","lease_number":null,"poll_year":2024}},{"type":"Feature","id":"cdaee407-de93-49c9-a03d-7609b1e01984","geometry":{"type":"Point","coordinates":[-94.85656667177322,29.64519876872246]},"properties":{"substrate":"Mud","lease_number":null,"poll_year":2025}},{"type":"Feature","id":"cdb53b11-bf93-4138-9d8a-525a3a6624d9","geometry":{"type":"Point","coordinates":[-94.86301656742836,29.639511033050425]},"properties":{"substrate":"Mud","lease_number":null,"poll_year":2024}},{"type":"Feature","id":"cdb79112-372a-4011-83bc-6fe5618fbb7e","geometry":{"type":"Point","coordinates":[-94.86463716682847,29.63813721674398]},"properties":{"substrate":"Solid Reef","lease_number":null,"poll_year":2023}},{"type":"Feature","id":"cdd92a6e-b5cf-4135-8e30-a0537e0060e1","geometry":{"type":"Point","coordinates":[-94.87461234989918,29.61257959965349]},"properties":{"substrate":"Solid Reef","lease_number":null,"poll_year":2023}},{"type":"Feature","id":"ce17a790-5a1a-4914-a05b-c0096ed1b35d","geometry":{"type":"Point","coordinates":[-94.86699819990658,29.63618890023822]},"properties":{"substrate":"Mud","lease_number":null,"poll_year":2023}},{"type":"Feature","id":"ce21725b-b848-473e-b3a8-8375981d60f2","geometry":{"type":"Point","coordinates":[-94.86364276684324,29.637799200267622]},"properties":{"substrate":"Solid Reef","lease_number":null,"poll_year":2024}},{"type":"Feature","id":"ce37f734-b3d1-4d31-a147-4be2b1fc6ad9","geometry":{"type":"Point","coordinates":[-94.86461797162748,29.638225888122516]},"properties":{"substrate":"Solid Reef","lease_number":null,"poll_year":2025}},{"type":"Feature","id":"ce3ee611-861b-4022-87da-9608dce61975","geometry":{"type":"Point","coordinates":[-94.86593086121185,29.638968114632785]},"properties":{"substrate":"Solid Reef","lease_number":null,"poll_year":2025}},{"type":"Feature","id":"ce4b1d11-2872-40c2-8d84-468d7f0fff1d","geometry":{"type":"Point","coordinates":[-94.87646476584653,29.612383888211113]},"properties":{"substrate":"Mud","lease_number":null,"poll_year":2025}},{"type":"Feature","id":"ce6f82e0-a83b-432d-8c65-b5062c444a66","geometry":{"type":"Point","coordinates":[-94.87328355384606,29.613581739748938]},"properties":{"substrate":"Mud","lease_number":null,"poll_year":2025}},{"type":"Feature","id":"ceae5cd5-4ed2-4f2e-a85f-35f15109307a","geometry":{"type":"Point","coordinates":[-94.86556098438518,29.63933009232131]},"properties":{"substrate":"Solid Reef","lease_number":null,"poll_year":2025}},{"type":"Feature","id":"ceafbaa9-72e5-49ee-9ba2-139f56b8b7bf","geometry":{"type":"Point","coordinates":[-94.86379512560701,29.636739462796413]},"properties":{"substrate":"Mud","lease_number":null,"poll_year":2025}},{"type":"Feature","id":"cebe915e-bad7-4975-b9cf-b84bad13941b","geometry":{"type":"Point","coordinates":[-94.85638041687882,29.64529660120922]},"properties":{"substrate":"Mud","lease_number":null,"poll_year":2025}},{"type":"Feature","id":"cee58b82-1f20-43aa-8fc9-349aa93cb2b6","geometry":{"type":"Point","coordinates":[-94.86589943365163,29.639088883055475]},"properties":{"substrate":"Solid Reef","lease_number":null,"poll_year":2024}},{"type":"Feature","id":"ceef097b-19e8-4621-87bb-8d8ea7b3000a","geometry":{"type":"Point","coordinates":[-94.86695559191433,29.63638391894653]},"properties":{"substrate":"Mud","lease_number":null,"poll_year":2025}},{"type":"Feature","id":"cef05ff4-308c-47a9-8ba7-546c69e21181","geometry":{"type":"Point","coordinates":[-94.87571556640802,29.61261066637724]},"properties":{"substrate":"Mud","lease_number":null,"poll_year":2023}},{"type":"Feature","id":"cef14804-9c92-419d-9b3a-0666ad61c77e","geometry":{"type":"Point","coordinates":[-94.85733500263235,29.650775341186943]},"properties":{"substrate":"Mud","lease_number":null,"poll_year":2025}},{"type":"Feature","id":"cf1494fb-b0e1-47bd-8737-66e6f8532c4c","geometry":{"type":"Point","coordinates":[-94.87399599062991,29.612093819937567]},"properties":{"substrate":"Buried Shell","lease_number":null,"poll_year":2025}},{"type":"Feature","id":"cf359c9c-f272-4c2c-86a9-81135e3f8693","geometry":{"type":"Point","coordinates":[-94.87266659540049,29.6117176631389]},"properties":{"substrate":"Buried Shell","lease_number":null,"poll_year":2025}},{"type":"Feature","id":"cf373c71-4ee1-4133-b7b9-3ac4152c2aed","geometry":{"type":"Point","coordinates":[-94.86411296931746,29.638564561365666]},"properties":{"substrate":"Solid Reef","lease_number":null,"poll_year":2025}},{"type":"Feature","id":"cf4229db-b791-4dd4-a541-710e7168508b","geometry":{"type":"Point","coordinates":[-94.85820154180993,29.64987402535465]},"properties":{"substrate":"Buried Shell","lease_number":null,"poll_year":2025}},{"type":"Feature","id":"cf44d54b-7a27-4045-a43c-43e2622df2cb","geometry":{"type":"Point","coordinates":[-94.86286887810743,29.639881757332788]},"properties":{"substrate":"Mud","lease_number":null,"poll_year":2025}},{"type":"Feature","id":"cf4cf6d5-eae4-48b7-ab8a-6f0ac42270ad","geometry":{"type":"Point","coordinates":[-94.85833793481615,29.64981749528262]},"properties":{"substrate":"Buried Shell","lease_number":null,"poll_year":2025}},{"type":"Feature","id":"cf5eca9b-dda9-4fe0-9189-03bc713fe91c","geometry":{"type":"Point","coordinates":[-94.85812931636278,29.648705083024666]},"properties":{"substrate":"Solid Reef","lease_number":null,"poll_year":2023}},{"type":"Feature","id":"cf62edcd-f138-4465-b0da-1409b84e7238","geometry":{"type":"Point","coordinates":[-94.87569295042242,29.613580917381842]},"properties":{"substrate":"Mud","lease_number":null,"poll_year":2023}},{"type":"Feature","id":"cf6bc3f9-54ea-4e9a-9c06-4af8fc46e5e0","geometry":{"type":"Point","coordinates":[-94.85814055338865,29.650176539940755]},"properties":{"substrate":"Buried Shell","lease_number":null,"poll_year":2025}},{"type":"Feature","id":"cf8257d0-99ad-4e07-a6a7-1b4d7e1537a6","geometry":{"type":"Point","coordinates":[-94.87530318309875,29.612926784332018]},"properties":{"substrate":"Mud","lease_number":null,"poll_year":2023}},{"type":"Feature","id":"cf9fbac2-b9e2-4ab3-9b45-3c3663b59771","geometry":{"type":"Point","coordinates":[-94.8575061038462,29.64477298171421]},"properties":{"substrate":"Mud","lease_number":null,"poll_year":2025}},{"type":"Feature","id":"cfcb47f5-a759-4398-80dc-2600bfede29d","geometry":{"type":"Point","coordinates":[-94.86589222826476,29.64001274026181]},"properties":{"substrate":"Solid Reef","lease_number":null,"poll_year":2025}},{"type":"Feature","id":"cfd64bb3-fb9d-44a4-b189-92afb2fe82bb","geometry":{"type":"Point","coordinates":[-94.855432383437,29.64688275009714]},"properties":{"substrate":"Buried Shell","lease_number":null,"poll_year":2024}},{"type":"Feature","id":"cfdb4561-e5dd-4c01-bb1a-7daa74d69fe5","geometry":{"type":"Point","coordinates":[-94.86518903334853,29.641304733077853]},"properties":{"substrate":"Mud","lease_number":null,"poll_year":2024}},{"type":"Feature","id":"cfe18eb8-60e8-4d13-8201-d1799c53c6d7","geometry":{"type":"Point","coordinates":[-94.85962410041914,29.650591200361934]},"properties":{"substrate":"Buried Shell","lease_number":null,"poll_year":2024}},{"type":"Feature","id":"cff2cada-532a-43ad-88d3-0aa23005fb28","geometry":{"type":"Point","coordinates":[-94.86445913241725,29.640664531631558]},"properties":{"substrate":"Mud","lease_number":null,"poll_year":2025}},{"type":"Feature","id":"d000f344-badb-4954-bb10-e728ffd95a50","geometry":{"type":"Point","coordinates":[-94.87334413443217,29.611938066816993]},"properties":{"substrate":"Solid Reef","lease_number":null,"poll_year":2024}},{"type":"Feature","id":"d0160772-69d1-4791-be94-fabf45104c21","geometry":{"type":"Point","coordinates":[-94.86451386676752,29.63634961689403]},"properties":{"substrate":"Mud","lease_number":null,"poll_year":2024}},{"type":"Feature","id":"d034d556-87b5-49d2-8753-eb6629990d13","geometry":{"type":"Point","coordinates":[-94.85897892858546,29.649712491038542]},"properties":{"substrate":"Mud","lease_number":null,"poll_year":2025}},{"type":"Feature","id":"d0606c03-806b-4144-bdb3-e505c4e00794","geometry":{"type":"Point","coordinates":[-94.85667038317109,29.647016233140313]},"properties":{"substrate":"Solid Reef","lease_number":null,"poll_year":2024}},{"type":"Feature","id":"d0608f99-cbdd-4fcc-9ccf-b29a802aa067","geometry":{"type":"Point","coordinates":[-94.86496418323628,29.638664816815904]},"properties":{"substrate":"Mud","lease_number":null,"poll_year":2023}},{"type":"Feature","id":"d0642810-22dd-42d6-b452-864801f2952c","geometry":{"type":"Point","coordinates":[-94.86513203344713,29.639104333083157]},"properties":{"substrate":"Solid Reef","lease_number":null,"poll_year":2024}},{"type":"Feature","id":"d082ecb0-a637-4246-8936-0bb1974e5564","geometry":{"type":"Point","coordinates":[-94.85697389156624,29.646219548907943]},"properties":{"substrate":"Buried Shell","lease_number":null,"poll_year":2025}},{"type":"Feature","id":"d0aa05d2-0d58-4399-b0a2-93bc08c19209","geometry":{"type":"Point","coordinates":[-94.85547741418557,29.648287145235216]},"properties":{"substrate":"Mud","lease_number":null,"poll_year":2025}},{"type":"Feature","id":"d0db5357-f0ec-4967-9c0e-4d935dddf309","geometry":{"type":"Point","coordinates":[-94.87342069964048,29.61287774968119]},"properties":{"substrate":"Buried Shell","lease_number":null,"poll_year":2024}},{"type":"Feature","id":"d0f76de0-d572-427e-94b5-470bba61f354","geometry":{"type":"Point","coordinates":[-94.87546295026866,29.611902299897903]},"properties":{"substrate":"Mud","lease_number":null,"poll_year":2024}},{"type":"Feature","id":"d10ca19c-0dd3-4071-b0d8-c5ecfcf698a3","geometry":{"type":"Point","coordinates":[-94.86410713925127,29.63978177402217]},"properties":{"substrate":"Buried Shell","lease_number":null,"poll_year":2025}},{"type":"Feature","id":"d10ec2a7-307f-4811-9011-913cd44ef14f","geometry":{"type":"Point","coordinates":[-94.87437236676764,29.613051916847905]},"properties":{"substrate":"Solid Reef","lease_number":null,"poll_year":2023}},{"type":"Feature","id":"d146cf08-b14b-4831-87f3-a527812bcc0f","geometry":{"type":"Point","coordinates":[-94.86609257682761,29.64015416190822]},"properties":{"substrate":"Solid Reef","lease_number":null,"poll_year":2025}},{"type":"Feature","id":"d1565644-a16c-4590-a0a7-349d42da1f41","geometry":{"type":"Point","coordinates":[-94.86523578167592,29.63952047729724]},"properties":{"substrate":"Buried Shell","lease_number":null,"poll_year":2025}},{"type":"Feature","id":"d16ec64d-7810-4d05-8886-e57a9cff2971","geometry":{"type":"Point","coordinates":[-94.87481781706254,29.61175999980735]},"properties":{"substrate":"Solid Reef","lease_number":null,"poll_year":2023}},{"type":"Feature","id":"d17cd914-dad0-40be-b3ad-fbc0baa670c7","geometry":{"type":"Point","coordinates":[-94.86410165144319,29.63925912680152]},"properties":{"substrate":"Buried Shell","lease_number":null,"poll_year":2025}},{"type":"Feature","id":"d17f8b0f-eb19-4964-b863-ccffa6817ed7","geometry":{"type":"Point","coordinates":[-94.8646497701919,29.63935047837583]},"properties":{"substrate":"Buried Shell","lease_number":null,"poll_year":2025}},{"type":"Feature","id":"d19b7ded-3088-44de-a069-324701d91b43","geometry":{"type":"Point","coordinates":[-94.87629200005449,29.613074715198465]},"properties":{"substrate":"Mud","lease_number":null,"poll_year":2025}},{"type":"Feature","id":"d1c2d07b-cb1a-4213-85ab-dbaf0949e224","geometry":{"type":"Point","coordinates":[-94.86369661635295,29.638716449848534]},"properties":{"substrate":"Buried Shell","lease_number":null,"poll_year":2024}},{"type":"Feature","id":"d1d0bcdc-ac80-46c1-8be9-3af83fae38c9","geometry":{"type":"Point","coordinates":[-94.85544535960128,29.646912432962598]},"properties":{"substrate":"Mud","lease_number":null,"poll_year":2025}},{"type":"Feature","id":"d1f4032e-ebd7-4547-b559-cfea12fcd871","geometry":{"type":"Point","coordinates":[-94.85563026342946,29.649768116344173]},"properties":{"substrate":"Mud","lease_number":null,"poll_year":2025}},{"type":"Feature","id":"d203263a-7739-47dd-83ad-4aa97fddb300","geometry":{"type":"Point","coordinates":[-94.85958835106409,29.64995172077717]},"properties":{"substrate":"Mud","lease_number":null,"poll_year":2025}},{"type":"Feature","id":"d2344723-89b8-4dc2-be7e-8743851266a7","geometry":{"type":"Point","coordinates":[-94.86641118320775,29.638745216923912]},"properties":{"substrate":"Solid Reef","lease_number":null,"poll_year":2024}},{"type":"Feature","id":"d27cf2b8-6504-45ac-8dac-08564a1246a3","geometry":{"type":"Point","coordinates":[-94.86264061619376,29.637785274137467]},"properties":{"substrate":"Mud","lease_number":null,"poll_year":2025}},{"type":"Feature","id":"d28d4615-ba3b-4893-b6ba-95f30a7a1b29","geometry":{"type":"Point","coordinates":[-94.86305277582252,29.63746052601204]},"properties":{"substrate":"Mud","lease_number":null,"poll_year":2025}},{"type":"Feature","id":"d29302fd-9533-4c86-8a5e-68cd08ac96b8","geometry":{"type":"Point","coordinates":[-94.87472679526637,29.612231982674977]},"properties":{"substrate":"Solid Reef","lease_number":null,"poll_year":2025}},{"type":"Feature","id":"d2952819-5b6a-4470-978b-ab1a6341ca57","geometry":{"type":"Point","coordinates":[-94.85542824400018,29.647308083955966]},"properties":{"substrate":"Mud","lease_number":null,"poll_year":2025}},{"type":"Feature","id":"d29fd028-a656-407d-ac85-9547f39b0e9b","geometry":{"type":"Point","coordinates":[-94.87521876661485,29.61207191637633]},"properties":{"substrate":"Buried Shell","lease_number":null,"poll_year":2024}},{"type":"Feature","id":"d2b3f6fd-f7e6-4900-a50c-5d8548b899ba","geometry":{"type":"Point","coordinates":[-94.8757131849742,29.61343340820457]},"properties":{"substrate":"Mud","lease_number":null,"poll_year":2025}},{"type":"Feature","id":"d2c0781e-0fe0-44c2-9c12-1d9c035b209c","geometry":{"type":"Point","coordinates":[-94.87332443258138,29.61387086735422]},"properties":{"substrate":"Mud","lease_number":null,"poll_year":2023}},{"type":"Feature","id":"d31f5656-16e6-433f-bbeb-d01be8b616b5","geometry":{"type":"Point","coordinates":[-94.87522555967504,29.612812427641927]},"properties":{"substrate":"Mud","lease_number":null,"poll_year":2025}},{"type":"Feature","id":"d322c850-d7e3-4703-b740-e472a32351d6","geometry":{"type":"Point","coordinates":[-94.86695975021578,29.63835873303133]},"properties":{"substrate":"Buried Shell","lease_number":null,"poll_year":2024}},{"type":"Feature","id":"d3354285-039a-4134-971d-d5af4c6f8661","geometry":{"type":"Point","coordinates":[-94.85566561842411,29.649232451282153]},"properties":{"substrate":"Mud","lease_number":null,"poll_year":2025}},{"type":"Feature","id":"d354da5c-0e6b-44d8-b1c0-c43f2e96130f","geometry":{"type":"Point","coordinates":[-94.86320036093886,29.637389036825645]},"properties":{"substrate":"Mud","lease_number":null,"poll_year":2025}},{"type":"Feature","id":"d36a2965-9f68-4a61-9df7-eab78d4dad45","geometry":{"type":"Point","coordinates":[-94.8553828009249,29.649366904739928]},"properties":{"substrate":"Mud","lease_number":null,"poll_year":2025}},{"type":"Feature","id":"d39323b6-5bb8-4d62-b6ec-c003243f3e4b","geometry":{"type":"Point","coordinates":[-94.86595202731658,29.638018652119598]},"properties":{"substrate":"Solid Reef","lease_number":null,"poll_year":2025}},{"type":"Feature","id":"d39879ff-0286-4015-bbac-cfac3fa02d7a","geometry":{"type":"Point","coordinates":[-94.87536773603506,29.612740214957277]},"properties":{"substrate":"Mud","lease_number":null,"poll_year":2025}},{"type":"Feature","id":"d39c8ecf-6378-4905-860d-b57624d32e0a","geometry":{"type":"Point","coordinates":[-94.86619224041681,29.63831414638834]},"properties":{"substrate":"Buried Shell","lease_number":null,"poll_year":2025}},{"type":"Feature","id":"d3b6b36f-b50c-46b8-821d-ccb355ba19d4","geometry":{"type":"Point","coordinates":[-94.85763713301188,29.646464266825195]},"properties":{"substrate":"Buried Shell","lease_number":null,"poll_year":2024}},{"type":"Feature","id":"d3beeed3-658a-40cc-b3ef-8a9fa10c9d5e","geometry":{"type":"Point","coordinates":[-94.85671441678969,29.64724795022668]},"properties":{"substrate":"Solid Reef","lease_number":null,"poll_year":2024}},{"type":"Feature","id":"d3c1d885-5277-47fc-b2d6-661231ba9b23","geometry":{"type":"Point","coordinates":[-94.86367958339684,29.64094471673827]},"properties":{"substrate":"Buried Shell","lease_number":null,"poll_year":2024}},{"type":"Feature","id":"d3d6bd95-f295-43de-b787-a8cf24eb9581","geometry":{"type":"Point","coordinates":[-94.86675821677505,29.63958864980498]},"properties":{"substrate":"Mud","lease_number":null,"poll_year":2024}},{"type":"Feature","id":"d3f6af54-19f4-4ff9-87fb-2b447c17bf14","geometry":{"type":"Point","coordinates":[-94.85659761693812,29.647957899746796]},"properties":{"substrate":"Solid Reef","lease_number":null,"poll_year":2024}},{"type":"Feature","id":"d3f709bf-753d-4ab9-9545-bb3af57723ce","geometry":{"type":"Point","coordinates":[-94.8630152828375,29.638166539122825]},"properties":{"substrate":"Mud","lease_number":null,"poll_year":2025}},{"type":"Feature","id":"d4158559-2d28-4dcb-a09c-43e79b02dac5","geometry":{"type":"Point","coordinates":[-94.87460454982755,29.612344450039934]},"properties":{"substrate":"Buried Shell","lease_number":null,"poll_year":2023}},{"type":"Feature","id":"d418b813-2a41-4090-8540-855ae5718a17","geometry":{"type":"Point","coordinates":[-94.86648070023432,29.636875167375276]},"properties":{"substrate":"Mud","lease_number":null,"poll_year":2024}},{"type":"Feature","id":"d46464ff-f11d-49fb-8da2-d772ddedc972","geometry":{"type":"Point","coordinates":[-94.86332450900943,29.640181458384465]},"properties":{"substrate":"Mud","lease_number":null,"poll_year":2025}},{"type":"Feature","id":"d46a1276-880e-422c-bbc8-141fde6b3bfa","geometry":{"type":"Point","coordinates":[-94.8761222085843,29.612548964803956]},"properties":{"substrate":"Mud","lease_number":null,"poll_year":2025}},{"type":"Feature","id":"d47d5665-56ac-415d-aa66-d880a449fc0a","geometry":{"type":"Point","coordinates":[-94.86689446694912,29.640319549817836]},"properties":{"substrate":"Mud","lease_number":null,"poll_year":2024}},{"type":"Feature","id":"d482ef12-3a2b-4a51-a1db-45e677c09aa6","geometry":{"type":"Point","coordinates":[-94.86589499956739,29.637643500151555]},"properties":{"substrate":"Mud","lease_number":null,"poll_year":2023}},{"type":"Feature","id":"d4a0d4c9-ab12-4536-8aed-4226e5a35173","geometry":{"type":"Point","coordinates":[-94.86350765034304,29.637763892261447]},"properties":{"substrate":"Buried Shell","lease_number":null,"poll_year":2025}},{"type":"Feature","id":"d4dee803-9adf-4fbb-b980-1cf8cc552f77","geometry":{"type":"Point","coordinates":[-94.87416628336001,29.611770266694716]},"properties":{"substrate":"Solid Reef","lease_number":null,"poll_year":2023}},{"type":"Feature","id":"d4e08d57-78e4-4714-8060-d55d82cc8cec","geometry":{"type":"Point","coordinates":[-94.86614736687342,29.64018955027628]},"properties":{"substrate":"Solid Reef","lease_number":null,"poll_year":2024}},{"type":"Feature","id":"d4e42805-e1a8-4b41-9ff1-926138f1fb6a","geometry":{"type":"Point","coordinates":[-94.86692508333066,29.63968263618948]},"properties":{"substrate":"Mud","lease_number":null,"poll_year":2025}},{"type":"Feature","id":"d50fb56e-c8ff-4ec5-bf22-f9614adaaf50","geometry":{"type":"Point","coordinates":[-94.85789029981851,29.650358433136343]},"properties":{"substrate":"Mud","lease_number":null,"poll_year":2023}},{"type":"Feature","id":"d52fdb75-67cd-447d-80ba-cb1749352a11","geometry":{"type":"Point","coordinates":[-94.87503681644732,29.6123839499089]},"properties":{"substrate":"Solid Reef","lease_number":null,"poll_year":2023}},{"type":"Feature","id":"d54e3851-fed7-4b10-afe1-3f826fa76ded","geometry":{"type":"Point","coordinates":[-94.85753100065432,29.650705150369692]},"properties":{"substrate":"Mud","lease_number":null,"poll_year":2025}},{"type":"Feature","id":"d55f83ae-9758-4d72-b6e2-a22b7cd730d6","geometry":{"type":"Point","coordinates":[-94.85748677299961,29.64561386187295]},"properties":{"substrate":"Mud","lease_number":null,"poll_year":2025}},{"type":"Feature","id":"d561c1b6-f662-4a8a-b060-ceb416306acf","geometry":{"type":"Point","coordinates":[-94.86705538306428,29.640198133271184]},"properties":{"substrate":"Mud","lease_number":null,"poll_year":2024}},{"type":"Feature","id":"d568eaac-8f95-40d1-9826-144f08f9d934","geometry":{"type":"Point","coordinates":[-94.86283773531318,29.638793525354256]},"properties":{"substrate":"Mud","lease_number":null,"poll_year":2025}},{"type":"Feature","id":"d58497c2-778a-41cc-89b2-5052fe0ab669","geometry":{"type":"Point","coordinates":[-94.85825926665177,29.647432983277042]},"properties":{"substrate":"Solid Reef","lease_number":null,"poll_year":2024}},{"type":"Feature","id":"d59a0ad1-1b48-43d0-87ff-0d6ea18b561f","geometry":{"type":"Point","coordinates":[-94.86550512803913,29.64123492369531]},"properties":{"substrate":"Mud","lease_number":null,"poll_year":2025}},{"type":"Feature","id":"d5ad04fc-d133-437e-a3e3-90656def9462","geometry":{"type":"Point","coordinates":[-94.86710804769615,29.639421589836157]},"properties":{"substrate":"Mud","lease_number":null,"poll_year":2025}},{"type":"Feature","id":"d5ba4849-6428-4dd8-a2ea-229b9db9b4c0","geometry":{"type":"Point","coordinates":[-94.87473465013521,29.612569566362467]},"properties":{"substrate":"Solid Reef","lease_number":null,"poll_year":2023}},{"type":"Feature","id":"d6468e63-8079-473b-a81d-c2691e715d35","geometry":{"type":"Point","coordinates":[-94.86572817882588,29.637016844062856]},"properties":{"substrate":"Solid Reef","lease_number":null,"poll_year":2025}},{"type":"Feature","id":"d64f23b2-6d62-4526-aa7f-28da419c0cb1","geometry":{"type":"Point","coordinates":[-94.86724721559828,29.638245284366125]},"properties":{"substrate":"Mud","lease_number":null,"poll_year":2024}},{"type":"Feature","id":"d6772c4c-781e-455f-90fa-ad76f1b2939b","geometry":{"type":"Point","coordinates":[-94.87373034981724,29.61351923436489]},"properties":{"substrate":"Mud","lease_number":null,"poll_year":2024}},{"type":"Feature","id":"d677d7a5-667a-4b2f-95b8-4a2443667fbe","geometry":{"type":"Point","coordinates":[-94.86290863305034,29.638935449973]},"properties":{"substrate":"Mud","lease_number":null,"poll_year":2024}},{"type":"Feature","id":"d6942afc-a9a3-4ae2-a1fd-f737309a9861","geometry":{"type":"Point","coordinates":[-94.86697331118332,29.638561247727843]},"properties":{"substrate":"Mud","lease_number":null,"poll_year":2025}},{"type":"Feature","id":"d6ce94d1-de57-4dfb-a586-818a6717967d","geometry":{"type":"Point","coordinates":[-94.87444880531349,29.614176402327548]},"properties":{"substrate":"Mud","lease_number":null,"poll_year":2025}},{"type":"Feature","id":"d6eeb872-715f-493b-8638-ce6fbf497ac7","geometry":{"type":"Point","coordinates":[-94.85832155493524,29.64676235171458]},"properties":{"substrate":"Mud","lease_number":null,"poll_year":2025}},{"type":"Feature","id":"d6ef1111-43bd-4bcd-9687-df50ae97e5c5","geometry":{"type":"Point","coordinates":[-94.85816579964141,29.648078216286567]},"properties":{"substrate":"Solid Reef","lease_number":null,"poll_year":2023}},{"type":"Feature","id":"d6fe6ad6-41e8-4276-a470-f2866d009c33","geometry":{"type":"Point","coordinates":[-94.85849696626585,29.649567715674777]},"properties":{"substrate":"Mud","lease_number":null,"poll_year":2023}},{"type":"Feature","id":"d7269e83-67ca-47f1-8d35-dbf2763f028f","geometry":{"type":"Point","coordinates":[-94.87410545034729,29.61226815012271]},"properties":{"substrate":"Solid Reef","lease_number":null,"poll_year":2023}},{"type":"Feature","id":"d732a208-baeb-40c0-83e6-ed39c6228121","geometry":{"type":"Point","coordinates":[-94.87338503293043,29.612797315651868]},"properties":{"substrate":"Scattered Shell","lease_number":null,"poll_year":2023}},{"type":"Feature","id":"d74cdfee-9e18-44c1-8ac6-73751f53aa81","geometry":{"type":"Point","coordinates":[-94.86277130938949,29.637720610833178]},"properties":{"substrate":"Buried Shell","lease_number":null,"poll_year":2025}},{"type":"Feature","id":"d7a92897-aeec-48a5-b76b-a52360f0f3b2","geometry":{"type":"Point","coordinates":[-94.86237815541719,29.638341918860537]},"properties":{"substrate":"Buried Shell","lease_number":null,"poll_year":2025}},{"type":"Feature","id":"d7aad0b1-188f-4613-ba01-3fab269826b3","geometry":{"type":"Point","coordinates":[-94.8579411166158,29.648441949818363]},"properties":{"substrate":"Solid Reef","lease_number":null,"poll_year":2023}},{"type":"Feature","id":"d7aef538-f1d3-4bb0-bb8b-ac1591fab511","geometry":{"type":"Point","coordinates":[-94.86726441923427,29.63668965269028]},"properties":{"substrate":"Mud","lease_number":null,"poll_year":2025}},{"type":"Feature","id":"d7b1db35-3056-4d00-b004-3d4107df8314","geometry":{"type":"Point","coordinates":[-94.85719948368691,29.64699069981332]},"properties":{"substrate":"Solid Reef","lease_number":null,"poll_year":2024}},{"type":"Feature","id":"d7dac767-0c9e-4178-8fd1-359183afe6fc","geometry":{"type":"Point","coordinates":[-94.86338517673214,29.641009164823974]},"properties":{"substrate":"Mud","lease_number":null,"poll_year":2025}},{"type":"Feature","id":"d7e630da-c029-467a-87ee-62eaa953fc7e","geometry":{"type":"Point","coordinates":[-94.86266252969679,29.640316328368396]},"properties":{"substrate":"Mud","lease_number":null,"poll_year":2025}},{"type":"Feature","id":"d7e7c503-a59e-400f-ac2d-7d548b5f0827","geometry":{"type":"Point","coordinates":[-94.86362558297017,29.639127533105107]},"properties":{"substrate":"Buried Shell","lease_number":null,"poll_year":2024}},{"type":"Feature","id":"d7fb478f-7ad1-4ce3-80c4-53748df033de","geometry":{"type":"Point","coordinates":[-94.85977070367687,29.648667293083264]},"properties":{"substrate":"Buried Shell","lease_number":null,"poll_year":2025}},{"type":"Feature","id":"d81e4d64-c2f6-4b9f-8583-ae398891d5dc","geometry":{"type":"Point","coordinates":[-94.85691792921898,29.64976901414323]},"properties":{"substrate":"Buried Shell","lease_number":null,"poll_year":2025}},{"type":"Feature","id":"d83074fd-968e-47ed-9715-37537f4713a6","geometry":{"type":"Point","coordinates":[-94.86409598307377,29.638534750333186]},"properties":{"substrate":"Solid Reef","lease_number":null,"poll_year":2024}},{"type":"Feature","id":"d837bc9b-a308-412a-98c0-38b71e5504ba","geometry":{"type":"Point","coordinates":[-94.8737805997776,29.611675616981028]},"properties":{"substrate":"Solid Reef","lease_number":null,"poll_year":2024}},{"type":"Feature","id":"d84b4d3e-f784-463e-b489-e19ccf8dfe43","geometry":{"type":"Point","coordinates":[-94.87341390029209,29.613327200026294]},"properties":{"substrate":"Mud","lease_number":null,"poll_year":2024}},{"type":"Feature","id":"d84bd7fd-e86f-4706-82c5-033c2f684d74","geometry":{"type":"Point","coordinates":[-94.86720846676849,29.64006854972339]},"properties":{"substrate":"Mud","lease_number":null,"poll_year":2024}},{"type":"Feature","id":"d84f7ad8-0741-480e-9454-ca0ede885b65","geometry":{"type":"Point","coordinates":[-94.86339424342832,29.640034977384634]},"properties":{"substrate":"Mud","lease_number":null,"poll_year":2025}},{"type":"Feature","id":"d894bfef-5e5c-47b6-bcb8-abdb5d086fbc","geometry":{"type":"Point","coordinates":[-94.85937582224427,29.650858758345255]},"properties":{"substrate":"Mud","lease_number":null,"poll_year":2025}},{"type":"Feature","id":"d8e0218e-0c5b-43c6-864a-b50a29b55053","geometry":{"type":"Point","coordinates":[-94.87471408230846,29.612769020689615]},"properties":{"substrate":"Buried Shell","lease_number":null,"poll_year":2025}},{"type":"Feature","id":"d90361f5-ff6c-4af8-b137-bd56c6ecd648","geometry":{"type":"Point","coordinates":[-94.86581686679894,29.638463216623972]},"properties":{"substrate":"Solid Reef","lease_number":null,"poll_year":2024}},{"type":"Feature","id":"d907f6b2-7274-4323-b7ee-219b16776bac","geometry":{"type":"Point","coordinates":[-94.86393128325463,29.636037299962855]},"properties":{"substrate":"Buried Shell","lease_number":null,"poll_year":2024}},{"type":"Feature","id":"d9156b67-d7e7-46c5-b210-7756f972ef8f","geometry":{"type":"Point","coordinates":[-94.86397606516985,29.640259074622257]},"properties":{"substrate":"Buried Shell","lease_number":null,"poll_year":2025}},{"type":"Feature","id":"d91888c8-17e1-4803-8ca3-593b6924e6c7","geometry":{"type":"Point","coordinates":[-94.86609777627648,29.63782087571227]},"properties":{"substrate":"Solid Reef","lease_number":null,"poll_year":2025}},{"type":"Feature","id":"d91be22e-4845-479a-adfc-3e0542b21cea","geometry":{"type":"Point","coordinates":[-94.85761921701184,29.64723398324481]},"properties":{"substrate":"Solid Reef","lease_number":null,"poll_year":2024}},{"type":"Feature","id":"d91df4b3-d4de-499c-900a-4d07cbb3e13b","geometry":{"type":"Point","coordinates":[-94.85797313257252,29.648118816996742]},"properties":{"substrate":"Solid Reef","lease_number":null,"poll_year":2023}},{"type":"Feature","id":"d93f5638-dbc3-4bc5-8235-210cc02f08c4","geometry":{"type":"Point","coordinates":[-94.87316899978272,29.61198221684648]},"properties":{"substrate":"Solid Reef","lease_number":null,"poll_year":2023}},{"type":"Feature","id":"d9454a5e-2b6b-4dc7-b510-72a323d48744","geometry":{"type":"Point","coordinates":[-94.85770716656974,29.648780982952992]},"properties":{"substrate":"Solid Reef","lease_number":null,"poll_year":2024}},{"type":"Feature","id":"d9457b89-beae-4a62-92d7-439a81912bca","geometry":{"type":"Point","coordinates":[-94.8576774655715,29.64741011697189]},"properties":{"substrate":"Solid Reef","lease_number":null,"poll_year":2023}},{"type":"Feature","id":"d94d2ca8-77e1-496d-af81-afb0df402214","geometry":{"type":"Point","coordinates":[-94.859492149582,29.650484071108036]},"properties":{"substrate":"Scattered Shell","lease_number":null,"poll_year":2025}},{"type":"Feature","id":"d95400fa-87ed-4fef-991b-ed3af1f5fcde","geometry":{"type":"Point","coordinates":[-94.85836325023917,29.647628200368842]},"properties":{"substrate":"Solid Reef","lease_number":null,"poll_year":2024}},{"type":"Feature","id":"d9563b08-99fb-4f8a-9b37-2753cab5ac25","geometry":{"type":"Point","coordinates":[-94.86575196711291,29.6372029343699]},"properties":{"substrate":"Solid Reef","lease_number":null,"poll_year":2024}},{"type":"Feature","id":"d956c03e-b750-41be-bc61-0e0e85e37328","geometry":{"type":"Point","coordinates":[-94.87521885015819,29.612802134307344]},"properties":{"substrate":"Mud","lease_number":null,"poll_year":2024}},{"type":"Feature","id":"d9a17c07-19a3-4309-9186-9d552729c19a","geometry":{"type":"Point","coordinates":[-94.86349213464146,29.638928251191512]},"properties":{"substrate":"Buried Shell","lease_number":null,"poll_year":2025}},{"type":"Feature","id":"d9a439af-fefb-4191-b435-873a2b26e6db","geometry":{"type":"Point","coordinates":[-94.85798135036076,29.646873734373965]},"properties":{"substrate":"Buried Shell","lease_number":null,"poll_year":2024}},{"type":"Feature","id":"d9bfe4c2-98f8-4ba7-863b-b69b0408a939","geometry":{"type":"Point","coordinates":[-94.8747494669475,29.61331046680412]},"properties":{"substrate":"Mud","lease_number":null,"poll_year":2024}},{"type":"Feature","id":"d9c69ad2-4122-445c-a1c1-ff4df3e462ee","geometry":{"type":"Point","coordinates":[-94.87390568299439,29.611826116794322]},"properties":{"substrate":"Solid Reef","lease_number":null,"poll_year":2023}},{"type":"Feature","id":"d9d8a416-1034-4939-a583-59e86982961c","geometry":{"type":"Point","coordinates":[-94.86020535262878,29.65041314701986]},"properties":{"substrate":"Mud","lease_number":null,"poll_year":2025}},{"type":"Feature","id":"d9e5a3b1-efd5-4b75-b82b-699f18d748d4","geometry":{"type":"Point","coordinates":[-94.87514918311297,29.612934566801965]},"properties":{"substrate":"Mud","lease_number":null,"poll_year":2023}},{"type":"Feature","id":"d9ecce94-fd14-45b4-83b4-44a964ea6f3e","geometry":{"type":"Point","coordinates":[-94.87360319957696,29.614157964386845]},"properties":{"substrate":"Mud","lease_number":null,"poll_year":2025}},{"type":"Feature","id":"d9f5df90-6dcd-4f74-a4b2-9675c6cc4005","geometry":{"type":"Point","coordinates":[-94.8657919924487,29.637550470673457]},"properties":{"substrate":"Solid Reef","lease_number":null,"poll_year":2025}},{"type":"Feature","id":"da17b379-e390-4006-8aa3-17b9b9d1144e","geometry":{"type":"Point","coordinates":[-94.86474873309518,29.638328416770936]},"properties":{"substrate":"Buried Shell","lease_number":null,"poll_year":2024}},{"type":"Feature","id":"da1bba58-bb65-45a3-8fc3-5a008a58732a","geometry":{"type":"Point","coordinates":[-94.86406728279874,29.6414017753158]},"properties":{"substrate":"Mud","lease_number":null,"poll_year":2025}},{"type":"Feature","id":"da25d890-2492-4b33-939d-58c7127afe68","geometry":{"type":"Point","coordinates":[-94.86458501243972,29.638486837635366]},"properties":{"substrate":"Solid Reef","lease_number":null,"poll_year":2025}},{"type":"Feature","id":"da2d7ff9-a231-4174-b94f-8ed7d923884c","geometry":{"type":"Point","coordinates":[-94.8749512860525,29.612950566746036]},"properties":{"substrate":"Mud","lease_number":null,"poll_year":2025}},{"type":"Feature","id":"da80289b-6bd6-499a-81f4-7edf989e5f6d","geometry":{"type":"Point","coordinates":[-94.86587135411247,29.63694077520282]},"properties":{"substrate":"Mud","lease_number":null,"poll_year":2025}},{"type":"Feature","id":"daaa3ba5-8a28-4c82-88a7-504a3113e58e","geometry":{"type":"Point","coordinates":[-94.87585019691964,29.612140168376044]},"properties":{"substrate":"Mud","lease_number":null,"poll_year":2025}},{"type":"Feature","id":"dade5b23-e433-4999-ae82-48d02ec780ea","geometry":{"type":"Point","coordinates":[-94.86592796684,29.63667091670079]},"properties":{"substrate":"Mud","lease_number":null,"poll_year":2023}},{"type":"Feature","id":"dadfe642-f73d-4f0d-b1f3-7b64a167e3df","geometry":{"type":"Point","coordinates":[-94.85506800160495,29.647093851135676]},"properties":{"substrate":"Mud","lease_number":null,"poll_year":2025}},{"type":"Feature","id":"daf20a25-890d-4a9e-9c78-59f8133265e0","geometry":{"type":"Point","coordinates":[-94.85816419974188,29.647307217363522]},"properties":{"substrate":"Solid Reef","lease_number":null,"poll_year":2023}},{"type":"Feature","id":"daf49523-76a8-43e0-88ce-6952a9b8a690","geometry":{"type":"Point","coordinates":[-94.86708444176709,29.637977873220912]},"properties":{"substrate":"Buried Shell","lease_number":null,"poll_year":2025}},{"type":"Feature","id":"db011da4-9d49-4702-9a89-361558e4aa1e","geometry":{"type":"Point","coordinates":[-94.86334412641862,29.639547053290762]},"properties":{"substrate":"Mud","lease_number":null,"poll_year":2025}},{"type":"Feature","id":"db1079e3-31b2-4574-a62b-5d811cb295d6","geometry":{"type":"Point","coordinates":[-94.86605916668557,29.6378504168037]},"properties":{"substrate":"Mud","lease_number":null,"poll_year":2023}},{"type":"Feature","id":"db125a0c-0c40-4c3e-8a88-f357ef545120","geometry":{"type":"Point","coordinates":[-94.85709943292382,29.64738938435113]},"properties":{"substrate":"Solid Reef","lease_number":null,"poll_year":2023}},{"type":"Feature","id":"db1605ae-7b3a-4f26-82e8-d5e80f1e8faa","geometry":{"type":"Point","coordinates":[-94.86598563868125,29.638410695711293]},"properties":{"substrate":"Buried Shell","lease_number":null,"poll_year":2025}},{"type":"Feature","id":"db1881c8-c529-4ef0-819a-87524f1ba1b6","geometry":{"type":"Point","coordinates":[-94.85582991669632,29.64796888432056]},"properties":{"substrate":"Buried Shell","lease_number":null,"poll_year":2024}},{"type":"Feature","id":"db2e31ee-f7e2-4d7b-9aa9-aea2e8c27726","geometry":{"type":"Point","coordinates":[-94.87386349092212,29.612177729136178]},"properties":{"substrate":"Solid Reef","lease_number":null,"poll_year":2025}},{"type":"Feature","id":"db306f86-6738-405d-8893-a70733fe705f","geometry":{"type":"Point","coordinates":[-94.85537318356147,29.64625074969285]},"properties":{"substrate":"Buried Shell","lease_number":null,"poll_year":2024}},{"type":"Feature","id":"db32ce40-a14f-4c85-8ea2-06f28fd27251","geometry":{"type":"Point","coordinates":[-94.8597492932304,29.649014713307686]},"properties":{"substrate":"Buried Shell","lease_number":null,"poll_year":2025}},{"type":"Feature","id":"db6f9930-1220-41e0-8389-8a06d4b8469b","geometry":{"type":"Point","coordinates":[-94.86551574343086,29.640175940688238]},"properties":{"substrate":"Solid Reef","lease_number":null,"poll_year":2025}},{"type":"Feature","id":"db70b7a3-ae8c-4364-9416-326793af4c92","geometry":{"type":"Point","coordinates":[-94.85507976684022,29.648538182612764]},"properties":{"substrate":"Buried Shell","lease_number":null,"poll_year":2024}},{"type":"Feature","id":"db81cfff-0e23-4f76-a9d7-4667dd68b9b5","geometry":{"type":"Point","coordinates":[-94.85725698305161,29.647821716695834]},"properties":{"substrate":"Solid Reef","lease_number":null,"poll_year":2023}},{"type":"Feature","id":"dbb25bfb-1c63-4fdd-adc3-5fee2885b43b","geometry":{"type":"Point","coordinates":[-94.87455323356694,29.612248249827715]},"properties":{"substrate":"Buried Shell","lease_number":null,"poll_year":2024}},{"type":"Feature","id":"dbb31f38-80d1-42c6-8d36-022198327ca9","geometry":{"type":"Point","coordinates":[-94.86569881559419,29.641080167367768]},"properties":{"substrate":"Mud","lease_number":null,"poll_year":2024}},{"type":"Feature","id":"dbb52adc-6d3b-431e-8de8-461bf50b01fb","geometry":{"type":"Point","coordinates":[-94.85901902219321,29.646921355776993]},"properties":{"substrate":"Mud","lease_number":null,"poll_year":2025}},{"type":"Feature","id":"dbf2343b-a7ba-4eb5-978a-c7dab9c751e1","geometry":{"type":"Point","coordinates":[-94.856306633753,29.648810349854937]},"properties":{"substrate":"Scattered Shell","lease_number":null,"poll_year":2023}},{"type":"Feature","id":"dbf606c0-f606-4c15-af0d-095ceba6370e","geometry":{"type":"Point","coordinates":[-94.8642116663194,29.63991331689427]},"properties":{"substrate":"Mud","lease_number":null,"poll_year":2024}},{"type":"Feature","id":"dc3fb1cc-f54f-4a6b-b1ba-812a788af0a4","geometry":{"type":"Point","coordinates":[-94.86431958362944,29.63922953303056]},"properties":{"substrate":"Buried Shell","lease_number":null,"poll_year":2024}},{"type":"Feature","id":"dc426d67-aede-468c-9693-6fea761e796b","geometry":{"type":"Point","coordinates":[-94.87559960019306,29.61347408301605]},"properties":{"substrate":"Mud","lease_number":null,"poll_year":2023}},{"type":"Feature","id":"dc485f18-4494-4837-9b82-aad2151ab648","geometry":{"type":"Point","coordinates":[-94.86000456209479,29.64909453836272]},"properties":{"substrate":"Buried Shell","lease_number":null,"poll_year":2025}},{"type":"Feature","id":"dc55b0f3-aec3-4ce4-8a95-b523ec52db88","geometry":{"type":"Point","coordinates":[-94.87231985198905,29.611843424289685]},"properties":{"substrate":"Buried Shell","lease_number":null,"poll_year":2025}},{"type":"Feature","id":"dc812b97-34f3-47ce-93fb-77b701b80fed","geometry":{"type":"Point","coordinates":[-94.8640275062963,29.64089689887873]},"properties":{"substrate":"Mud","lease_number":null,"poll_year":2025}},{"type":"Feature","id":"dc89f2b5-3335-4031-b32d-72fc73e16a65","geometry":{"type":"Point","coordinates":[-94.86758655509516,29.638771892281106]},"properties":{"substrate":"Mud","lease_number":null,"poll_year":2025}},{"type":"Feature","id":"dc8c438c-cc42-4ae2-9ec8-153b18b0aff3","geometry":{"type":"Point","coordinates":[-94.85923371864779,29.64955996335897]},"properties":{"substrate":"Mud","lease_number":null,"poll_year":2025}},{"type":"Feature","id":"dca940fb-23bb-4407-90cc-4ac86820705d","geometry":{"type":"Point","coordinates":[-94.86491399975127,29.64145733338377]},"properties":{"substrate":"Mud","lease_number":null,"poll_year":2024}},{"type":"Feature","id":"dcb17e41-1a37-4b42-81ab-fc5f0d74e085","geometry":{"type":"Point","coordinates":[-94.85939966443024,29.64756994834656]},"properties":{"substrate":"Mud","lease_number":null,"poll_year":2025}},{"type":"Feature","id":"dcb6a473-3859-44fe-b550-14c40f1addc6","geometry":{"type":"Point","coordinates":[-94.87322891741216,29.612193933037773]},"properties":{"substrate":"Solid Reef","lease_number":null,"poll_year":2023}},{"type":"Feature","id":"dcd7d566-6793-437b-bf0d-90f2cbba6902","geometry":{"type":"Point","coordinates":[-94.85652789958723,29.64863523271196]},"properties":{"substrate":"Scattered Shell","lease_number":null,"poll_year":2023}},{"type":"Feature","id":"dcdf0c88-8a25-4431-aa72-11c9b0f337a5","geometry":{"type":"Point","coordinates":[-94.85860511623953,29.648176533136315]},"properties":{"substrate":"Solid Reef","lease_number":null,"poll_year":2024}},{"type":"Feature","id":"dce129ee-ea1e-4456-b6ed-2a552f1e0195","geometry":{"type":"Point","coordinates":[-94.8675686669429,29.63976803320924]},"properties":{"substrate":"Mud","lease_number":null,"poll_year":2024}},{"type":"Feature","id":"dd10b013-3497-4f6e-a35d-2942b8abdad9","geometry":{"type":"Point","coordinates":[-94.86445737980414,29.636123155280693]},"properties":{"substrate":"Buried Shell","lease_number":null,"poll_year":2025}},{"type":"Feature","id":"dd19eede-e74d-481b-8dc5-35b777dfe6bd","geometry":{"type":"Point","coordinates":[-94.86503695575745,29.639339663851608]},"properties":{"substrate":"Solid Reef","lease_number":null,"poll_year":2025}},{"type":"Feature","id":"dd22f5e6-d7bb-45e2-a3e7-67779eafd2bc","geometry":{"type":"Point","coordinates":[-94.86476653321253,29.636588016386078]},"properties":{"substrate":"Mud","lease_number":null,"poll_year":2024}},{"type":"Feature","id":"dd24b3e3-7f98-4d8c-a295-e7da0a9f0388","geometry":{"type":"Point","coordinates":[-94.86402493711456,29.637688704695197]},"properties":{"substrate":"Solid Reef","lease_number":null,"poll_year":2025}},{"type":"Feature","id":"dd3b5bde-3298-413d-b710-82089fc44320","geometry":{"type":"Point","coordinates":[-94.85833007994731,29.648926201325292]},"properties":{"substrate":"Solid Reef","lease_number":null,"poll_year":2025}},{"type":"Feature","id":"dd54c16c-a526-4836-bf5b-1c6b0c313f51","geometry":{"type":"Point","coordinates":[-94.8673610168734,29.638788900013566]},"properties":{"substrate":"Mud","lease_number":null,"poll_year":2024}},{"type":"Feature","id":"dd9a0ce4-b159-4b64-bb85-5bef07310d36","geometry":{"type":"Point","coordinates":[-94.8668960048649,29.637517306629146]},"properties":{"substrate":"Mud","lease_number":null,"poll_year":2025}},{"type":"Feature","id":"dda65273-db27-41a3-b39b-00c83a49e5be","geometry":{"type":"Point","coordinates":[-94.85488972914017,29.64663928469]},"properties":{"substrate":"Mud","lease_number":null,"poll_year":2025}},{"type":"Feature","id":"ddbd058a-1bff-46af-a3eb-40542a6175ac","geometry":{"type":"Point","coordinates":[-94.87350821710874,29.61246596732271]},"properties":{"substrate":"Buried Shell","lease_number":null,"poll_year":2023}},{"type":"Feature","id":"ddc965d2-ed78-49ba-8502-0ad25992ac0b","geometry":{"type":"Point","coordinates":[-94.85990378010305,29.64893990731814]},"properties":{"substrate":"Buried Shell","lease_number":null,"poll_year":2025}},{"type":"Feature","id":"dde76d6b-0dcf-426c-b05a-2d88e7ff7945","geometry":{"type":"Point","coordinates":[-94.86567572260317,29.637482495887443]},"properties":{"substrate":"Buried Shell","lease_number":null,"poll_year":2025}},{"type":"Feature","id":"de227c9e-4c73-4844-bcfa-9b01635dcb8e","geometry":{"type":"Point","coordinates":[-94.86320022978484,29.640247207719383]},"properties":{"substrate":"Mud","lease_number":null,"poll_year":2025}},{"type":"Feature","id":"de5b6712-5b1c-493c-8dd1-4ba685f7916c","geometry":{"type":"Point","coordinates":[-94.87423948258093,29.612342015709753]},"properties":{"substrate":"Solid Reef","lease_number":null,"poll_year":2024}},{"type":"Feature","id":"de6b666c-0136-4f54-84ad-391ade7f3aa0","geometry":{"type":"Point","coordinates":[-94.85625966982992,29.64811100913915]},"properties":{"substrate":"Buried Shell","lease_number":null,"poll_year":2025}},{"type":"Feature","id":"de9507fa-c839-4d55-b6b7-53e42d844c6d","geometry":{"type":"Point","coordinates":[-94.8555366428072,29.649279397826433]},"properties":{"substrate":"Mud","lease_number":null,"poll_year":2025}},{"type":"Feature","id":"de992aa9-2ca6-40e2-914f-fe842d4250f8","geometry":{"type":"Point","coordinates":[-94.86352688327328,29.6386008497526]},"properties":{"substrate":"Buried Shell","lease_number":null,"poll_year":2024}},{"type":"Feature","id":"dea25e27-ecbe-4e65-a6af-03fd0df1bd97","geometry":{"type":"Point","coordinates":[-94.85869800024327,29.648577049974342]},"properties":{"substrate":"Solid Reef","lease_number":null,"poll_year":2023}},{"type":"Feature","id":"deb876e9-94ca-4c04-a1a1-ff9a4ddec231","geometry":{"type":"Point","coordinates":[-94.85937056709987,29.649635783011693]},"properties":{"substrate":"Mud","lease_number":null,"poll_year":2023}},{"type":"Feature","id":"dec3c606-903e-42cc-a2b8-ebf40d9d8994","geometry":{"type":"Point","coordinates":[-94.85681656691558,29.648463333330326]},"properties":{"substrate":"Solid Reef","lease_number":null,"poll_year":2023}},{"type":"Feature","id":"decdc39b-4a20-44dc-99ed-8eddda09ad7b","geometry":{"type":"Point","coordinates":[-94.8643426505693,29.641683162299177]},"properties":{"substrate":"Mud","lease_number":null,"poll_year":2025}},{"type":"Feature","id":"dee7f8b8-077f-4f63-af29-70db3dc83fd5","geometry":{"type":"Point","coordinates":[-94.87595998182715,29.6136018748542]},"properties":{"substrate":"Mud","lease_number":null,"poll_year":2025}},{"type":"Feature","id":"dee95064-7330-46cd-8ef8-44f5c7a9d8c7","geometry":{"type":"Point","coordinates":[-94.87389416659245,29.612767216621926]},"properties":{"substrate":"Solid Reef","lease_number":null,"poll_year":2024}},{"type":"Feature","id":"deeba2a9-5c95-4dbc-b6fd-e6aaf1096451","geometry":{"type":"Point","coordinates":[-94.85984055936832,29.6491915332765]},"properties":{"substrate":"Buried Shell","lease_number":null,"poll_year":2025}},{"type":"Feature","id":"def5a716-965f-4664-997e-78f3782c2c4c","geometry":{"type":"Point","coordinates":[-94.86357748357659,29.638856000225495]},"properties":{"substrate":"Buried Shell","lease_number":null,"poll_year":2024}},{"type":"Feature","id":"df14ec83-865d-4a63-bacc-ed22b0874ce4","geometry":{"type":"Point","coordinates":[-94.85596807938366,29.649835783830053]},"properties":{"substrate":"Mud","lease_number":null,"poll_year":2025}},{"type":"Feature","id":"df1d6b86-8b2d-433b-93fb-c28ac6126199","geometry":{"type":"Point","coordinates":[-94.85562009539878,29.6494849743108]},"properties":{"substrate":"Mud","lease_number":null,"poll_year":2025}},{"type":"Feature","id":"df22318e-42a4-41b5-8164-ba1a78f40704","geometry":{"type":"Point","coordinates":[-94.8739557703597,29.613983371158362]},"properties":{"substrate":"Mud","lease_number":null,"poll_year":2025}},{"type":"Feature","id":"df30d99c-3a47-4573-aa7a-e5eff448252a","geometry":{"type":"Point","coordinates":[-94.86216958277788,29.63803570136093]},"properties":{"substrate":"Mud","lease_number":null,"poll_year":2025}},{"type":"Feature","id":"df330198-eace-488d-90da-08379f42054d","geometry":{"type":"Point","coordinates":[-94.86316619980524,29.639362799795713]},"properties":{"substrate":"Mud","lease_number":null,"poll_year":2024}},{"type":"Feature","id":"df501613-089f-46ce-8793-84ca828fc1bd","geometry":{"type":"Point","coordinates":[-94.85628293439916,29.64796568263362]},"properties":{"substrate":"Solid Reef","lease_number":null,"poll_year":2024}},{"type":"Feature","id":"df88c462-0ee0-4a94-a6c4-8ee5af661fea","geometry":{"type":"Point","coordinates":[-94.86678395260962,29.638137757828055]},"properties":{"substrate":"Solid Reef","lease_number":null,"poll_year":2025}},{"type":"Feature","id":"df949303-bd6f-4939-a186-cfb645489fef","geometry":{"type":"Point","coordinates":[-94.86392462943331,29.63583692974115]},"properties":{"substrate":"Mud","lease_number":null,"poll_year":2025}},{"type":"Feature","id":"dfa50ddd-d27e-4062-a2f4-a83365f900e8","geometry":{"type":"Point","coordinates":[-94.87455261732268,29.61343682263392]},"properties":{"substrate":"Mud","lease_number":null,"poll_year":2025}},{"type":"Feature","id":"dfae78e5-253f-4b37-88aa-4aca66688ab4","geometry":{"type":"Point","coordinates":[-94.86487485476442,29.63864952365778]},"properties":{"substrate":"Buried Shell","lease_number":null,"poll_year":2025}},{"type":"Feature","id":"dff53dd9-27c9-4541-b002-ae0dea0d4b85","geometry":{"type":"Point","coordinates":[-94.85594703365318,29.64774835023066]},"properties":{"substrate":"Solid Reef","lease_number":null,"poll_year":2023}},{"type":"Feature","id":"dff7a0a2-45a5-451b-ad99-3adf1be5c334","geometry":{"type":"Point","coordinates":[-94.86494153311472,29.63632466568046]},"properties":{"substrate":"Mud","lease_number":null,"poll_year":2024}},{"type":"Feature","id":"e016dfa6-c376-4117-a054-6f4e0c63d759","geometry":{"type":"Point","coordinates":[-94.85696975033278,29.649341916936493]},"properties":{"substrate":"Mud","lease_number":null,"poll_year":2023}},{"type":"Feature","id":"e023039b-5f5c-48c6-aabb-784355ea22d0","geometry":{"type":"Point","coordinates":[-94.8571952220792,29.645220761892872]},"properties":{"substrate":"Mud","lease_number":null,"poll_year":2025}},{"type":"Feature","id":"e0245312-2198-4713-ac9e-fb9ddcff2437","geometry":{"type":"Point","coordinates":[-94.8562356003702,29.647671383072286]},"properties":{"substrate":"Solid Reef","lease_number":null,"poll_year":2024}},{"type":"Feature","id":"e0374de9-7b7b-41b7-aaad-1225fbd7d5ce","geometry":{"type":"Point","coordinates":[-94.86357496559886,29.63995906617787]},"properties":{"substrate":"Mud","lease_number":null,"poll_year":2025}},{"type":"Feature","id":"e043b0cf-f668-41e4-99cd-977684d2162b","geometry":{"type":"Point","coordinates":[-94.85741445861923,29.647840299152747]},"properties":{"substrate":"Solid Reef","lease_number":null,"poll_year":2025}},{"type":"Feature","id":"e0481740-d47a-4e5c-a412-6425652dd8ea","geometry":{"type":"Point","coordinates":[-94.87565579969552,29.61235528308186]},"properties":{"substrate":"Mud","lease_number":null,"poll_year":2023}},{"type":"Feature","id":"e0627c46-abd6-448a-beb2-ce905cd910d0","geometry":{"type":"Point","coordinates":[-94.85680024632352,29.64983185693743]},"properties":{"substrate":"Mud","lease_number":null,"poll_year":2025}},{"type":"Feature","id":"e064de75-2975-4170-b57f-e195efb920a6","geometry":{"type":"Point","coordinates":[-94.87560496493192,29.61369299431652]},"properties":{"substrate":"Mud","lease_number":null,"poll_year":2025}},{"type":"Feature","id":"e0764afd-90bd-43be-91b7-01803c2a4df8","geometry":{"type":"Point","coordinates":[-94.85885656636566,29.648627649737058]},"properties":{"substrate":"Solid Reef","lease_number":null,"poll_year":2024}},{"type":"Feature","id":"e07c230a-f360-431f-9903-c619dc199bbb","geometry":{"type":"Point","coordinates":[-94.8647296331156,29.638876950098677]},"properties":{"substrate":"Solid Reef","lease_number":null,"poll_year":2023}},{"type":"Feature","id":"e09994d2-64cd-451d-a531-f97314247e48","geometry":{"type":"Point","coordinates":[-94.87397148369064,29.613719533389137]},"properties":{"substrate":"Mud","lease_number":null,"poll_year":2023}},{"type":"Feature","id":"e09f051a-9fe1-40b0-accc-30de267603ef","geometry":{"type":"Point","coordinates":[-94.87487075388391,29.612459504679684]},"properties":{"substrate":"Solid Reef","lease_number":null,"poll_year":2025}},{"type":"Feature","id":"e0bf69c8-d877-44cb-8d0b-046a2158eb45","geometry":{"type":"Point","coordinates":[-94.85598010872361,29.650145583948582]},"properties":{"substrate":"Mud","lease_number":null,"poll_year":2025}},{"type":"Feature","id":"e0d1e8a9-8d27-44ff-99fd-022180677600","geometry":{"type":"Point","coordinates":[-94.86717252068239,29.63823793718628]},"properties":{"substrate":"Mud","lease_number":null,"poll_year":2025}},{"type":"Feature","id":"e0deb9a4-cd4d-4f75-9b22-81675e36feb5","geometry":{"type":"Point","coordinates":[-94.85912520036484,29.648856800069623]},"properties":{"substrate":"Solid Reef","lease_number":null,"poll_year":2024}},{"type":"Feature","id":"e0e2b2ce-9348-4ac7-99df-3dd750695502","geometry":{"type":"Point","coordinates":[-94.87616933959401,29.613139039757822]},"properties":{"substrate":"Mud","lease_number":null,"poll_year":2025}},{"type":"Feature","id":"e11c4df5-dbdb-41a2-9b1a-27d120fc49e1","geometry":{"type":"Point","coordinates":[-94.85595202559121,29.65036813165135]},"properties":{"substrate":"Mud","lease_number":null,"poll_year":2025}},{"type":"Feature","id":"e13123e3-0251-4428-b784-fc684a9ee1ca","geometry":{"type":"Point","coordinates":[-94.86521293302667,29.638379183306693]},"properties":{"substrate":"Solid Reef","lease_number":null,"poll_year":2023}},{"type":"Feature","id":"e132669f-7452-494b-a8f5-fade426b9f25","geometry":{"type":"Point","coordinates":[-94.87270974956843,29.613262916978826]},"properties":{"substrate":"Scattered Shell","lease_number":null,"poll_year":2023}},{"type":"Feature","id":"e13e8c09-5b62-466e-ae42-d0e5e0dff9bc","geometry":{"type":"Point","coordinates":[-94.85562041519903,29.64669707506539]},"properties":{"substrate":"Buried Shell","lease_number":null,"poll_year":2025}},{"type":"Feature","id":"e16183a3-394d-48bd-b42b-3277e6794cce","geometry":{"type":"Point","coordinates":[-94.85796106640163,29.64956178316244]},"properties":{"substrate":"Buried Shell","lease_number":null,"poll_year":2024}},{"type":"Feature","id":"e18c1687-2684-4256-9f52-7bc7655ba401","geometry":{"type":"Point","coordinates":[-94.86709784283453,29.6366641971665]},"properties":{"substrate":"Mud","lease_number":null,"poll_year":2025}},{"type":"Feature","id":"e1929047-681b-4ac5-bfce-77f504640540","geometry":{"type":"Point","coordinates":[-94.85463701688109,29.646860199857567]},"properties":{"substrate":"Mud","lease_number":null,"poll_year":2023}},{"type":"Feature","id":"e1da3129-c4a8-4b22-9a48-39384c79444d","geometry":{"type":"Point","coordinates":[-94.86563354490394,29.64042776812838]},"properties":{"substrate":"Buried Shell","lease_number":null,"poll_year":2025}},{"type":"Feature","id":"e1e1677e-d96f-4655-866b-b94002badee3","geometry":{"type":"Point","coordinates":[-94.86289814791435,29.637648995343643]},"properties":{"substrate":"Buried Shell","lease_number":null,"poll_year":2025}},{"type":"Feature","id":"e1e93489-e5c6-4f4a-ada7-4371ccb7a63f","geometry":{"type":"Point","coordinates":[-94.86668215282667,29.63595827268512]},"properties":{"substrate":"Mud","lease_number":null,"poll_year":2025}},{"type":"Feature","id":"e1fbb0cd-55b7-4ba3-ba7d-08874e9080df","geometry":{"type":"Point","coordinates":[-94.8573450844248,29.64908831696344]},"properties":{"substrate":"Solid Reef","lease_number":null,"poll_year":2024}},{"type":"Feature","id":"e1fbc106-76f8-4193-a802-87bb2d8d8c12","geometry":{"type":"Point","coordinates":[-94.8562565832186,29.64777531674966]},"properties":{"substrate":"Solid Reef","lease_number":null,"poll_year":2023}},{"type":"Feature","id":"e2046439-d249-4789-9748-405f24a5cdce","geometry":{"type":"Point","coordinates":[-94.86331924218692,29.637325577247186]},"properties":{"substrate":"Buried Shell","lease_number":null,"poll_year":2025}},{"type":"Feature","id":"e2305ae3-2ea8-4163-8780-c85fc1708827","geometry":{"type":"Point","coordinates":[-94.87310244989152,29.61233628327981]},"properties":{"substrate":"Buried Shell","lease_number":null,"poll_year":2024}},{"type":"Feature","id":"e2384cb6-b9bb-41c4-b38e-8527ef10647c","geometry":{"type":"Point","coordinates":[-94.86632151427439,29.63984490881326]},"properties":{"substrate":"Solid Reef","lease_number":null,"poll_year":2025}},{"type":"Feature","id":"e253b7a8-8559-46e3-b5d6-0acf3864aa85","geometry":{"type":"Point","coordinates":[-94.86383416638925,29.640653532987827]},"properties":{"substrate":"Mud","lease_number":null,"poll_year":2024}},{"type":"Feature","id":"e26a408e-d667-43bd-b6d3-c6dbb8493da6","geometry":{"type":"Point","coordinates":[-94.86395537876548,29.636680123851928]},"properties":{"substrate":"Buried Shell","lease_number":null,"poll_year":2025}},{"type":"Feature","id":"e277dfa8-ea08-4e39-a284-9f440322699c","geometry":{"type":"Point","coordinates":[-94.85560011057865,29.64617372283523]},"properties":{"substrate":"Mud","lease_number":null,"poll_year":2025}},{"type":"Feature","id":"e2794579-3629-4ddf-a08b-154244853c40","geometry":{"type":"Point","coordinates":[-94.8569616996312,29.646256399778853]},"properties":{"substrate":"Buried Shell","lease_number":null,"poll_year":2024}},{"type":"Feature","id":"e288509b-f2f8-4ea0-a8f6-de1c8750833d","geometry":{"type":"Point","coordinates":[-94.87390979997335,29.613195766918807]},"properties":{"substrate":"Buried Shell","lease_number":null,"poll_year":2024}},{"type":"Feature","id":"e29bec7f-b2bc-46a4-813e-eb8fab23772d","geometry":{"type":"Point","coordinates":[-94.87509754974707,29.612204416995084]},"properties":{"substrate":"Buried Shell","lease_number":null,"poll_year":2024}},{"type":"Feature","id":"e2a0c2fd-9e2d-42ba-9f33-e6b4a1c9a62a","geometry":{"type":"Point","coordinates":[-94.86679816665236,29.640361483304588]},"properties":{"substrate":"Mud","lease_number":null,"poll_year":2024}},{"type":"Feature","id":"e2ed13aa-e7ed-4606-8c96-79cc8b360072","geometry":{"type":"Point","coordinates":[-94.85681624981031,29.650511766838473]},"properties":{"substrate":"Buried Shell","lease_number":null,"poll_year":2024}},{"type":"Feature","id":"e2fea991-6b73-4a78-b530-af07d055965d","geometry":{"type":"Point","coordinates":[-94.86285838308997,29.639676066764554]},"properties":{"substrate":"Mud","lease_number":null,"poll_year":2024}},{"type":"Feature","id":"e2feb971-b330-4810-a05f-2f6eb2c9fac3","geometry":{"type":"Point","coordinates":[-94.87472128320378,29.61305186686519]},"properties":{"substrate":"Mud","lease_number":null,"poll_year":2024}},{"type":"Feature","id":"e302941c-67d9-4fac-a4f7-28795ea02cc9","geometry":{"type":"Point","coordinates":[-94.87468749756594,29.612006578976168]},"properties":{"substrate":"Solid Reef","lease_number":null,"poll_year":2025}},{"type":"Feature","id":"e30a8990-af03-4b6e-8da1-6ddba5bb4b47","geometry":{"type":"Point","coordinates":[-94.86471473455663,29.6405408192669]},"properties":{"substrate":"Buried Shell","lease_number":null,"poll_year":2025}},{"type":"Feature","id":"e336d0b8-54ae-4c19-a275-9dff269eddda","geometry":{"type":"Point","coordinates":[-94.86570164259238,29.635717013179587]},"properties":{"substrate":"Mud","lease_number":null,"poll_year":2025}},{"type":"Feature","id":"e3629da3-e782-46d6-abd0-67e64952bf06","geometry":{"type":"Point","coordinates":[-94.87417585041777,29.612414483280578]},"properties":{"substrate":"Solid Reef","lease_number":null,"poll_year":2023}},{"type":"Feature","id":"e37209c4-6cec-4e49-9e2e-52cbbc39d74e","geometry":{"type":"Point","coordinates":[-94.8746409998685,29.61355528264247]},"properties":{"substrate":"Scattered Shell","lease_number":null,"poll_year":2023}},{"type":"Feature","id":"e375ff4d-0b7c-400a-a70a-6c3b8c55c501","geometry":{"type":"Point","coordinates":[-94.86529808882403,29.635952494750498]},"properties":{"substrate":"Mud","lease_number":null,"poll_year":2025}},{"type":"Feature","id":"e3968295-c101-4ffd-a7e7-1541c55d570e","geometry":{"type":"Point","coordinates":[-94.85784633626851,29.648131865743792]},"properties":{"substrate":"Solid Reef","lease_number":null,"poll_year":2025}},{"type":"Feature","id":"e3a2299b-589a-475d-b687-7d140ff7eb2e","geometry":{"type":"Point","coordinates":[-94.86525238164405,29.640667857692463]},"properties":{"substrate":"Buried Shell","lease_number":null,"poll_year":2025}},{"type":"Feature","id":"e3af20a3-b4a7-4ae4-a06a-8682c3988c99","geometry":{"type":"Point","coordinates":[-94.86504825656374,29.637960903610008]},"properties":{"substrate":"Solid Reef","lease_number":null,"poll_year":2025}},{"type":"Feature","id":"e3c540bd-733f-46b5-96b8-7f4b449201ab","geometry":{"type":"Point","coordinates":[-94.86414898367553,29.639084583312652]},"properties":{"substrate":"Solid Reef","lease_number":null,"poll_year":2024}},{"type":"Feature","id":"e3d01da4-d1a2-45b6-9595-be3f22682e0f","geometry":{"type":"Point","coordinates":[-94.85878966343654,29.650362567671998]},"properties":{"substrate":"Mud","lease_number":null,"poll_year":2025}},{"type":"Feature","id":"e3d2b2e1-8d21-483d-be14-728c476bd958","geometry":{"type":"Point","coordinates":[-94.86636731667578,29.64073890029586]},"properties":{"substrate":"Mud","lease_number":null,"poll_year":2024}},{"type":"Feature","id":"e3e3e395-7ed5-4ceb-a952-a62f8b507be1","geometry":{"type":"Point","coordinates":[-94.86514441133345,29.638759490368535]},"properties":{"substrate":"Buried Shell","lease_number":null,"poll_year":2025}},{"type":"Feature","id":"e401e18f-056a-4489-976b-46c622e33d22","geometry":{"type":"Point","coordinates":[-94.85560404969117,29.64671745025971]},"properties":{"substrate":"Buried Shell","lease_number":null,"poll_year":2024}},{"type":"Feature","id":"e4075f91-fdb2-4f8b-a5b2-2e86b3d2e924","geometry":{"type":"Point","coordinates":[-94.86510208361555,29.639901315657962]},"properties":{"substrate":"Solid Reef","lease_number":null,"poll_year":2024}},{"type":"Feature","id":"e40fdca3-1206-4132-afc2-fbc8f706b25c","geometry":{"type":"Point","coordinates":[-94.8567510168493,29.645941232701112]},"properties":{"substrate":"Mud","lease_number":null,"poll_year":2023}},{"type":"Feature","id":"e41894b6-69ef-490e-bf29-79c30eed8a47","geometry":{"type":"Point","coordinates":[-94.87374624999777,29.6122292343858]},"properties":{"substrate":"Solid Reef","lease_number":null,"poll_year":2023}},{"type":"Feature","id":"e42b058c-d60b-4b50-adcd-3eba164936f5","geometry":{"type":"Point","coordinates":[-94.87564281634474,29.61213291691563]},"properties":{"substrate":"Buried Shell","lease_number":null,"poll_year":2024}},{"type":"Feature","id":"e42b4f74-008e-46fc-8e69-a2313a742d35","geometry":{"type":"Point","coordinates":[-94.85808268301975,29.647856449695563]},"properties":{"substrate":"Solid Reef","lease_number":null,"poll_year":2024}},{"type":"Feature","id":"e4425db2-4fe3-4bfe-9e30-cd3a5535e0f1","geometry":{"type":"Point","coordinates":[-94.87381144972109,29.61281285015282]},"properties":{"substrate":"Solid Reef","lease_number":null,"poll_year":2023}},{"type":"Feature","id":"e45c4baf-a106-4189-bd8e-aa0a91508a06","geometry":{"type":"Point","coordinates":[-94.8582438578497,29.645712548070968]},"properties":{"substrate":"Mud","lease_number":null,"poll_year":2025}},{"type":"Feature","id":"e48a0827-bcbb-499f-a98f-eaf2bbad45f4","geometry":{"type":"Point","coordinates":[-94.86752217643199,29.63774178190557]},"properties":{"substrate":"Mud","lease_number":null,"poll_year":2025}},{"type":"Feature","id":"e491b7f8-1161-4da2-b6aa-bf1571b0f96d","geometry":{"type":"Point","coordinates":[-94.86459156744633,29.639547783314605]},"properties":{"substrate":"Buried Shell","lease_number":null,"poll_year":2025}},{"type":"Feature","id":"e4a79309-4928-4897-ab84-93160b1464fe","geometry":{"type":"Point","coordinates":[-94.86318186642379,29.64043084981688]},"properties":{"substrate":"Mud","lease_number":null,"poll_year":2024}},{"type":"Feature","id":"e4bd8894-5041-41b2-a63e-b9ec5f816874","geometry":{"type":"Point","coordinates":[-94.85826231643216,29.64916118436566]},"properties":{"substrate":"Solid Reef","lease_number":null,"poll_year":2024}},{"type":"Feature","id":"e4c82747-56b6-4a1b-a949-4099777e999a","geometry":{"type":"Point","coordinates":[-94.8592703169108,29.649626316292796]},"properties":{"substrate":"Scattered Shell","lease_number":null,"poll_year":2023}},{"type":"Feature","id":"e4dcbb88-fd79-403f-91c7-0cfaf5ed5a9a","geometry":{"type":"Point","coordinates":[-94.87458006983775,29.613666039758368]},"properties":{"substrate":"Mud","lease_number":null,"poll_year":2025}},{"type":"Feature","id":"e4df56f4-1c66-4683-ac55-42210674cb34","geometry":{"type":"Point","coordinates":[-94.85646640002459,29.647376550204047]},"properties":{"substrate":"Solid Reef","lease_number":null,"poll_year":2023}},{"type":"Feature","id":"e4ec61a4-9402-44e9-a2e3-29e8cd32bfa8","geometry":{"type":"Point","coordinates":[-94.85701846686895,29.649912249689454]},"properties":{"substrate":"Buried Shell","lease_number":null,"poll_year":2024}},{"type":"Feature","id":"e4f0d3cc-2312-464f-8ade-9916fd1b9279","geometry":{"type":"Point","coordinates":[-94.8564161671322,29.648988238962307]},"properties":{"substrate":"Mud","lease_number":null,"poll_year":2025}},{"type":"Feature","id":"e5294b21-f5bb-4d6f-b55c-076fd3e5a3c4","geometry":{"type":"Point","coordinates":[-94.87335390001766,29.613581350042207]},"properties":{"substrate":"Mud","lease_number":null,"poll_year":2024}},{"type":"Feature","id":"e53718ed-a7e7-44c1-8450-e5e46edbdcca","geometry":{"type":"Point","coordinates":[-94.87522407386156,29.612489353886634]},"properties":{"substrate":"Buried Shell","lease_number":null,"poll_year":2025}},{"type":"Feature","id":"e5619f62-3524-4996-a3c4-38a43a93832c","geometry":{"type":"Point","coordinates":[-94.87439003303602,29.612983184381804]},"properties":{"substrate":"Buried Shell","lease_number":null,"poll_year":2024}},{"type":"Feature","id":"e56ae833-0919-40bb-8752-1405ccbebedc","geometry":{"type":"Point","coordinates":[-94.86682905702004,29.638639706896573]},"properties":{"substrate":"Buried Shell","lease_number":null,"poll_year":2025}},{"type":"Feature","id":"e5be1764-5e8f-4fa2-968b-e37e99168d79","geometry":{"type":"Point","coordinates":[-94.86394282301275,29.639769528388417]},"properties":{"substrate":"Buried Shell","lease_number":null,"poll_year":2025}},{"type":"Feature","id":"e5dbb23c-61e1-4944-bd12-4527745b3026","geometry":{"type":"Point","coordinates":[-94.8565690568003,29.64783957231192]},"properties":{"substrate":"Solid Reef","lease_number":null,"poll_year":2025}},{"type":"Feature","id":"e60094eb-0a80-4551-b2fb-cf02e3c3f6d2","geometry":{"type":"Point","coordinates":[-94.8582488830254,29.648130249679113]},"properties":{"substrate":"Solid Reef","lease_number":null,"poll_year":2024}},{"type":"Feature","id":"e609ae6e-a7a3-4a9a-bd15-cc47f7d06238","geometry":{"type":"Point","coordinates":[-94.86287704109843,29.637538583931672]},"properties":{"substrate":"Mud","lease_number":null,"poll_year":2025}},{"type":"Feature","id":"e6379f8b-9017-4add-a2f4-04ac416a339b","geometry":{"type":"Point","coordinates":[-94.86504864463593,29.6377572071547]},"properties":{"substrate":"Solid Reef","lease_number":null,"poll_year":2025}},{"type":"Feature","id":"e64c68dc-f02a-49d3-bf07-1ecf64be8729","geometry":{"type":"Point","coordinates":[-94.86387699985863,29.637458567009123]},"properties":{"substrate":"Solid Reef","lease_number":null,"poll_year":2024}},{"type":"Feature","id":"e6604793-ef84-45e4-9269-2be8ec42263d","geometry":{"type":"Point","coordinates":[-94.8746248167187,29.612957216792868]},"properties":{"substrate":"Buried Shell","lease_number":null,"poll_year":2023}},{"type":"Feature","id":"e66995ce-f512-44b8-b5a5-285129aad568","geometry":{"type":"Point","coordinates":[-94.86567356664648,29.637601732621828]},"properties":{"substrate":"Solid Reef","lease_number":null,"poll_year":2024}},{"type":"Feature","id":"e678d70c-7810-4325-8e17-da800dd63707","geometry":{"type":"Point","coordinates":[-94.85815479707581,29.64885830604367]},"properties":{"substrate":"Solid Reef","lease_number":null,"poll_year":2025}},{"type":"Feature","id":"e6832ba5-6261-423b-ad0e-eac990b3a4bf","geometry":{"type":"Point","coordinates":[-94.8748646004242,29.61267196570681]},"properties":{"substrate":"Solid Reef","lease_number":null,"poll_year":2023}},{"type":"Feature","id":"e68ba942-91db-45ea-8d60-05e3a6e3f636","geometry":{"type":"Point","coordinates":[-94.86654171740167,29.638999650276432]},"properties":{"substrate":"Mud","lease_number":null,"poll_year":2024}},{"type":"Feature","id":"e69961e0-f83c-432d-9907-7e4a9ae8fef7","geometry":{"type":"Point","coordinates":[-94.86435831089965,29.635858136345668]},"properties":{"substrate":"Buried Shell","lease_number":null,"poll_year":2025}},{"type":"Feature","id":"e69e5340-6ae8-4f97-9fba-2cc8f41a985a","geometry":{"type":"Point","coordinates":[-94.85594620540648,29.64670330910394]},"properties":{"substrate":"Buried Shell","lease_number":null,"poll_year":2025}},{"type":"Feature","id":"e6c59226-88cb-4e96-bf59-7982f7cae918","geometry":{"type":"Point","coordinates":[-94.85454504556566,29.646795500222435]},"properties":{"substrate":"Mud","lease_number":null,"poll_year":2025}},{"type":"Feature","id":"e6d74e28-a88a-4097-95e5-27b605b41951","geometry":{"type":"Point","coordinates":[-94.86722850458922,29.64006619570154]},"properties":{"substrate":"Mud","lease_number":null,"poll_year":2025}},{"type":"Feature","id":"e6e1f1bd-e5c0-461f-b0af-bd0e4d7094cb","geometry":{"type":"Point","coordinates":[-94.85817316672504,29.647989833078324]},"properties":{"substrate":"Solid Reef","lease_number":null,"poll_year":2024}},{"type":"Feature","id":"e6f6d83b-3126-408f-aa8d-60c8537c3188","geometry":{"type":"Point","coordinates":[-94.8723745162707,29.611674166682313]},"properties":{"substrate":"Solid Reef","lease_number":null,"poll_year":2024}},{"type":"Feature","id":"e71aab16-d3b7-4a92-936e-6f1042bf0ec8","geometry":{"type":"Point","coordinates":[-94.85770153323459,29.64942823323198]},"properties":{"substrate":"Scattered Shell","lease_number":null,"poll_year":2023}},{"type":"Feature","id":"e7291630-8e68-4f43-bab9-401108ef3313","geometry":{"type":"Point","coordinates":[-94.8679263311733,29.6391388176801]},"properties":{"substrate":"Mud","lease_number":null,"poll_year":2025}},{"type":"Feature","id":"e73d5b02-1b09-4fe8-975c-6825436b63f7","geometry":{"type":"Point","coordinates":[-94.85669580010374,29.648214499701734]},"properties":{"substrate":"Solid Reef","lease_number":null,"poll_year":2023}},{"type":"Feature","id":"e75b3aae-d23e-4fce-8359-638b5c80f8f3","geometry":{"type":"Point","coordinates":[-94.85836903359298,29.6472973163486]},"properties":{"substrate":"Buried Shell","lease_number":null,"poll_year":2024}},{"type":"Feature","id":"e7654101-2706-432e-907e-bdec872c76c0","geometry":{"type":"Point","coordinates":[-94.86271990509398,29.63831852580401]},"properties":{"substrate":"Solid Reef","lease_number":null,"poll_year":2025}},{"type":"Feature","id":"e79c136d-ed35-478e-badf-682ca25443b8","geometry":{"type":"Point","coordinates":[-94.85740363302175,29.64721491663289]},"properties":{"substrate":"Solid Reef","lease_number":null,"poll_year":2023}},{"type":"Feature","id":"e7a02e53-d792-4fd7-b8fa-89f4cd44b475","geometry":{"type":"Point","coordinates":[-94.86771924704242,29.638707122643343]},"properties":{"substrate":"Mud","lease_number":null,"poll_year":2025}},{"type":"Feature","id":"e7bcc5af-bb41-486c-9cb5-858c73815b52","geometry":{"type":"Point","coordinates":[-94.8633368662345,29.640252516946447]},"properties":{"substrate":"Mud","lease_number":null,"poll_year":2024}},{"type":"Feature","id":"e7beb506-9887-4036-9296-4b9055adf914","geometry":{"type":"Point","coordinates":[-94.86534255812553,29.641311456206314]},"properties":{"substrate":"Mud","lease_number":null,"poll_year":2025}},{"type":"Feature","id":"e7c94a3e-aa79-4396-bd81-4600ad7ef57a","geometry":{"type":"Point","coordinates":[-94.87274349657872,29.61272662430932]},"properties":{"substrate":"Buried Shell","lease_number":null,"poll_year":2025}},{"type":"Feature","id":"e7f09a5a-7382-450e-9043-6208362cd5f8","geometry":{"type":"Point","coordinates":[-94.86567754977645,29.63830608323485]},"properties":{"substrate":"Solid Reef","lease_number":null,"poll_year":2024}},{"type":"Feature","id":"e7f6f5ec-6d72-492f-a30b-1a0e73553093","geometry":{"type":"Point","coordinates":[-94.85661247058134,29.65006567775437]},"properties":{"substrate":"Mud","lease_number":null,"poll_year":2025}},{"type":"Feature","id":"e82cef5a-5fb9-4ad1-bee3-7151a08328c6","geometry":{"type":"Point","coordinates":[-94.87493396743214,29.612962916386362]},"properties":{"substrate":"Buried Shell","lease_number":null,"poll_year":2023}},{"type":"Feature","id":"e8450715-71eb-4009-98d2-d165537d5db0","geometry":{"type":"Point","coordinates":[-94.85570471669854,29.647225267347448]},"properties":{"substrate":"Buried Shell","lease_number":null,"poll_year":2024}},{"type":"Feature","id":"e87cb039-d822-4306-a394-6accda2547c4","geometry":{"type":"Point","coordinates":[-94.858463662125,29.6469655880668]},"properties":{"substrate":"Mud","lease_number":null,"poll_year":2025}},{"type":"Feature","id":"e88282f7-554a-4872-b4ed-81bb272f9a33","geometry":{"type":"Point","coordinates":[-94.87465728362969,29.611701991014886]},"properties":{"substrate":"Solid Reef","lease_number":null,"poll_year":2025}},{"type":"Feature","id":"e898b5ae-6ea6-47d9-9cbf-f0c5bdf731ce","geometry":{"type":"Point","coordinates":[-94.85681029757322,29.64507797874098]},"properties":{"substrate":"Mud","lease_number":null,"poll_year":2025}},{"type":"Feature","id":"e8b015b2-d72f-4bde-bacc-a7f5e119d35f","geometry":{"type":"Point","coordinates":[-94.86372721656478,29.637031616679604]},"properties":{"substrate":"Mud","lease_number":null,"poll_year":2024}},{"type":"Feature","id":"e8e5031e-aac0-44a4-8459-baa5f467ad66","geometry":{"type":"Point","coordinates":[-94.85656013293627,29.645775049878182]},"properties":{"substrate":"Buried Shell","lease_number":null,"poll_year":2024}},{"type":"Feature","id":"e8f3f7a8-eafa-4f86-bf1a-0a6ebb9c2f64","geometry":{"type":"Point","coordinates":[-94.8561206663195,29.648672600304874]},"properties":{"substrate":"Buried Shell","lease_number":null,"poll_year":2024}},{"type":"Feature","id":"e8f7d2bc-99c6-48f9-a402-b10aee4a464c","geometry":{"type":"Point","coordinates":[-94.86335101559852,29.638803349908216]},"properties":{"substrate":"Buried Shell","lease_number":null,"poll_year":2024}},{"type":"Feature","id":"e9075e0e-143b-4b63-888d-fec032cff309","geometry":{"type":"Point","coordinates":[-94.86681133325948,29.63708081681704]},"properties":{"substrate":"Mud","lease_number":null,"poll_year":2024}},{"type":"Feature","id":"e917eada-cbc2-4c7d-a4e1-22e05a388124","geometry":{"type":"Point","coordinates":[-94.85642434988613,29.64747198300576]},"properties":{"substrate":"Solid Reef","lease_number":null,"poll_year":2024}},{"type":"Feature","id":"e91ab7eb-0ca5-47ef-85fa-b337544c2aad","geometry":{"type":"Point","coordinates":[-94.85781517640623,29.650048740627778]},"properties":{"substrate":"Mud","lease_number":null,"poll_year":2025}},{"type":"Feature","id":"e91fb0ad-e597-4d50-8e83-e9f6381b28d8","geometry":{"type":"Point","coordinates":[-94.86626438411727,29.637309670964406]},"properties":{"substrate":"Buried Shell","lease_number":null,"poll_year":2025}},{"type":"Feature","id":"e92fe03c-551c-408a-9618-ea262dc81f58","geometry":{"type":"Point","coordinates":[-94.86551629679307,29.639920486716775]},"properties":{"substrate":"Solid Reef","lease_number":null,"poll_year":2025}},{"type":"Feature","id":"e9511427-034d-4287-9266-ef3afe182545","geometry":{"type":"Point","coordinates":[-94.85672607782038,29.64936867224017]},"properties":{"substrate":"Mud","lease_number":null,"poll_year":2025}},{"type":"Feature","id":"e98268d8-fb7b-4a44-8321-ba65c4ce8bea","geometry":{"type":"Point","coordinates":[-94.85865793358498,29.650421294299]},"properties":{"substrate":"Mud","lease_number":null,"poll_year":2025}},{"type":"Feature","id":"e99b6d21-fc37-48aa-8003-17dd738510a5","geometry":{"type":"Point","coordinates":[-94.87373606669571,29.61243536680196]},"properties":{"substrate":"Solid Reef","lease_number":null,"poll_year":2023}},{"type":"Feature","id":"e9d45d52-9709-47d4-bfab-966ea8426cf3","geometry":{"type":"Point","coordinates":[-94.86573583337041,29.636336430760913]},"properties":{"substrate":"Mud","lease_number":null,"poll_year":2025}},{"type":"Feature","id":"e9ddecee-0b9e-4f9a-861d-0d281adab545","geometry":{"type":"Point","coordinates":[-94.87417328303269,29.612692066630576]},"properties":{"substrate":"Solid Reef","lease_number":null,"poll_year":2024}},{"type":"Feature","id":"e9fbf19a-acfc-4ff4-893b-a237ca13bd93","geometry":{"type":"Point","coordinates":[-94.85651656644161,29.64772839995166]},"properties":{"substrate":"Solid Reef","lease_number":null,"poll_year":2024}},{"type":"Feature","id":"e9fce13a-58d0-4714-a62d-d5cb9ad3c85d","geometry":{"type":"Point","coordinates":[-94.85821230003377,29.64950326682214]},"properties":{"substrate":"Buried Shell","lease_number":null,"poll_year":2023}},{"type":"Feature","id":"ea052f1d-2b67-435f-9717-1ddaff28d163","geometry":{"type":"Point","coordinates":[-94.86709059343018,29.64013908212637]},"properties":{"substrate":"Mud","lease_number":null,"poll_year":2025}},{"type":"Feature","id":"ea150c0f-aca0-4a06-ae37-eaad1b339959","geometry":{"type":"Point","coordinates":[-94.86483174641059,29.640480270031386]},"properties":{"substrate":"Buried Shell","lease_number":null,"poll_year":2025}},{"type":"Feature","id":"ea1e8efa-a6ac-4c3e-94db-051cb1ee5073","geometry":{"type":"Point","coordinates":[-94.85594233456592,29.64550980182829]},"properties":{"substrate":"Mud","lease_number":null,"poll_year":2025}},{"type":"Feature","id":"ea2b5e57-056b-47c7-b0af-a353db30a59c","geometry":{"type":"Point","coordinates":[-94.86544089490306,29.639400117737633]},"properties":{"substrate":"Buried Shell","lease_number":null,"poll_year":2025}},{"type":"Feature","id":"ea5d6084-bb43-46e2-9904-eb3d8c1cfafd","geometry":{"type":"Point","coordinates":[-94.87489943259935,29.612388817005186]},"properties":{"substrate":"Solid Reef","lease_number":null,"poll_year":2023}},{"type":"Feature","id":"ea6470b6-b1b6-4a70-bc16-8111fbbecd4e","geometry":{"type":"Point","coordinates":[-94.8566912663065,29.648870183642078]},"properties":{"substrate":"Buried Shell","lease_number":null,"poll_year":2024}},{"type":"Feature","id":"ea8148e5-81ff-4236-a6f1-1d313b94c67f","geometry":{"type":"Point","coordinates":[-94.87250366436416,29.61177864124389]},"properties":{"substrate":"Mud","lease_number":null,"poll_year":2025}},{"type":"Feature","id":"eac2d669-914a-45eb-8fdb-2c1b25c0f09b","geometry":{"type":"Point","coordinates":[-94.8658536168772,29.641015315673087]},"properties":{"substrate":"Solid Reef","lease_number":null,"poll_year":2024}},{"type":"Feature","id":"eac90978-5dd8-4f34-bf56-c638501165d4","geometry":{"type":"Point","coordinates":[-94.8583184835953,29.64886456571151]},"properties":{"substrate":"Solid Reef","lease_number":null,"poll_year":2023}},{"type":"Feature","id":"eae10d72-b346-419f-a83d-e80cf2d58da4","geometry":{"type":"Point","coordinates":[-94.86602976662294,29.638983200055428]},"properties":{"substrate":"Solid Reef","lease_number":null,"poll_year":2024}},{"type":"Feature","id":"eae33e62-b0d9-44f6-8bf4-b4c304c02d46","geometry":{"type":"Point","coordinates":[-94.8598433630103,29.65059623970603]},"properties":{"substrate":"Mud","lease_number":null,"poll_year":2025}},{"type":"Feature","id":"eafbe74b-86ed-42bd-bd4b-992feff0f8af","geometry":{"type":"Point","coordinates":[-94.85797238337759,29.64941606684131]},"properties":{"substrate":"Solid Reef","lease_number":null,"poll_year":2024}},{"type":"Feature","id":"eb08c115-0757-4ba5-88dd-b5b4e4c9e189","geometry":{"type":"Point","coordinates":[-94.86592680442003,29.64102680537709]},"properties":{"substrate":"Mud","lease_number":null,"poll_year":2025}},{"type":"Feature","id":"eb53a5d7-5734-4a79-af3a-fcd9514858b0","geometry":{"type":"Point","coordinates":[-94.87511598317667,29.61201619996176]},"properties":{"substrate":"Solid Reef","lease_number":null,"poll_year":2023}},{"type":"Feature","id":"eb5f2e22-dfe2-4359-bb49-9e6c654e08e0","geometry":{"type":"Point","coordinates":[-94.8565139325812,29.646947099915124]},"properties":{"substrate":"Solid Reef","lease_number":null,"poll_year":2024}},{"type":"Feature","id":"eb61de81-8119-4c05-8cb7-d288d7667aa7","geometry":{"type":"Point","coordinates":[-94.86548303487304,29.63828973362164]},"properties":{"substrate":"Solid Reef","lease_number":null,"poll_year":2025}},{"type":"Feature","id":"eb6846ec-054c-46e7-9579-39f1326fafa3","geometry":{"type":"Point","coordinates":[-94.86674021902834,29.64034837577362]},"properties":{"substrate":"Mud","lease_number":null,"poll_year":2025}},{"type":"Feature","id":"eb71cd53-fe52-4ac7-89d9-b73861028827","geometry":{"type":"Point","coordinates":[-94.86322985801954,29.636971326899996]},"properties":{"substrate":"Mud","lease_number":null,"poll_year":2025}},{"type":"Feature","id":"eb8600b7-fe3d-46a9-ae0b-d0cbc7dc62fe","geometry":{"type":"Point","coordinates":[-94.87607958711735,29.611798846998365]},"properties":{"substrate":"Mud","lease_number":null,"poll_year":2025}},{"type":"Feature","id":"eb8d90a2-1c79-4590-80e5-a2edae4db456","geometry":{"type":"Point","coordinates":[-94.86711294980265,29.639599183223872]},"properties":{"substrate":"Mud","lease_number":null,"poll_year":2024}},{"type":"Feature","id":"eb91a198-36ae-4721-ac62-54a63e3542ce","geometry":{"type":"Point","coordinates":[-94.86446181658332,29.63805878294964]},"properties":{"substrate":"Solid Reef","lease_number":null,"poll_year":2024}},{"type":"Feature","id":"eb97c06b-94e2-4a83-9949-2fc6eab70eba","geometry":{"type":"Point","coordinates":[-94.86608600026142,29.636937866743892]},"properties":{"substrate":"Mud","lease_number":null,"poll_year":2024}},{"type":"Feature","id":"ebbe2a07-f31b-4d8e-9417-d607632f546b","geometry":{"type":"Point","coordinates":[-94.864010515561,29.63587883308167]},"properties":{"substrate":"Mud","lease_number":null,"poll_year":2024}},{"type":"Feature","id":"ebc41683-9f35-4638-8c75-9f56799a9a30","geometry":{"type":"Point","coordinates":[-94.87532442556027,29.612973911805643]},"properties":{"substrate":"Mud","lease_number":null,"poll_year":2025}},{"type":"Feature","id":"ebe99137-1a9b-448b-8096-8191eaa3297b","geometry":{"type":"Point","coordinates":[-94.86434328298326,29.637950399689615]},"properties":{"substrate":"Buried Shell","lease_number":null,"poll_year":2024}},{"type":"Feature","id":"ebf97845-38fc-4e71-8bba-15a906fbf4f2","geometry":{"type":"Point","coordinates":[-94.86603567394425,29.636297707025705]},"properties":{"substrate":"Mud","lease_number":null,"poll_year":2025}},{"type":"Feature","id":"ec2d639f-ba81-4ed7-928f-23b6e434831d","geometry":{"type":"Point","coordinates":[-94.85858631629726,29.647267200300224]},"properties":{"substrate":"Buried Shell","lease_number":null,"poll_year":2024}},{"type":"Feature","id":"ec42ae31-1c58-49f1-94e3-e9ad9bb3eec2","geometry":{"type":"Point","coordinates":[-94.87197966717747,29.612026758912336]},"properties":{"substrate":"Buried Shell","lease_number":null,"poll_year":2025}},{"type":"Feature","id":"ec5180f4-6de5-4587-8a33-f53018d58736","geometry":{"type":"Point","coordinates":[-94.85620834997607,29.64694315026904]},"properties":{"substrate":"Solid Reef","lease_number":null,"poll_year":2023}},{"type":"Feature","id":"ec56857d-e4e7-4497-806d-c77fa0d670eb","geometry":{"type":"Point","coordinates":[-94.87419491356641,29.612760932843038]},"properties":{"substrate":"Solid Reef","lease_number":null,"poll_year":2025}},{"type":"Feature","id":"ec5e1fd3-2875-4e77-a4d8-1962b9d31629","geometry":{"type":"Point","coordinates":[-94.8634429833207,29.640478000341957]},"properties":{"substrate":"Mud","lease_number":null,"poll_year":2023}},{"type":"Feature","id":"ec63d204-3518-4459-8609-8cd503255635","geometry":{"type":"Point","coordinates":[-94.85767153040241,29.647136788923778]},"properties":{"substrate":"Solid Reef","lease_number":null,"poll_year":2025}},{"type":"Feature","id":"ec86f1e9-cdc7-469a-b7d9-558d9557512a","geometry":{"type":"Point","coordinates":[-94.86635894976725,29.64022308430581]},"properties":{"substrate":"Buried Shell","lease_number":null,"poll_year":2024}},{"type":"Feature","id":"ec95a87d-9084-4f1f-9cd0-769a15dc112f","geometry":{"type":"Point","coordinates":[-94.87474264514124,29.613051374067172]},"properties":{"substrate":"Buried Shell","lease_number":null,"poll_year":2025}},{"type":"Feature","id":"ecb3ea64-c4b4-4ba4-979d-70569ee5dfae","geometry":{"type":"Point","coordinates":[-94.86568627960439,29.63874984382819]},"properties":{"substrate":"Buried Shell","lease_number":null,"poll_year":2025}},{"type":"Feature","id":"ecb5bffe-f024-41cc-92a7-c3555e948741","geometry":{"type":"Point","coordinates":[-94.86563934173248,29.63908474337212]},"properties":{"substrate":"Solid Reef","lease_number":null,"poll_year":2025}},{"type":"Feature","id":"ecc11660-4feb-4e70-8e5c-a6a60866330d","geometry":{"type":"Point","coordinates":[-94.87473493310452,29.611866517346318]},"properties":{"substrate":"Solid Reef","lease_number":null,"poll_year":2024}},{"type":"Feature","id":"ecd1a6af-fe40-42be-b548-210fab8dc7cb","geometry":{"type":"Point","coordinates":[-94.87486192793624,29.613528250730855]},"properties":{"substrate":"Mud","lease_number":null,"poll_year":2025}},{"type":"Feature","id":"ecf5b108-29b3-4c61-afe8-848bcc248cce","geometry":{"type":"Point","coordinates":[-94.86406873896782,29.637412291898183]},"properties":{"substrate":"Solid Reef","lease_number":null,"poll_year":2025}},{"type":"Feature","id":"ecfa7fd7-d557-499d-811c-680b09935837","geometry":{"type":"Point","coordinates":[-94.87310304996613,29.613113216690145]},"properties":{"substrate":"Buried Shell","lease_number":null,"poll_year":2024}},{"type":"Feature","id":"ed00b6c2-5122-48bc-8e02-69c96e5b2eec","geometry":{"type":"Point","coordinates":[-94.8645402844234,29.640045133644872]},"properties":{"substrate":"Buried Shell","lease_number":null,"poll_year":2024}},{"type":"Feature","id":"ed1f54a7-8619-49bb-b66f-f1c76690d3de","geometry":{"type":"Point","coordinates":[-94.85612806664079,29.64889141638766]},"properties":{"substrate":"Mud","lease_number":null,"poll_year":2023}},{"type":"Feature","id":"ed1fcdf5-77d8-4e87-ac05-3a259dc88de6","geometry":{"type":"Point","coordinates":[-94.86468100012276,29.636714449996603]},"properties":{"substrate":"Mud","lease_number":null,"poll_year":2024}},{"type":"Feature","id":"ed2b3d38-d340-40d5-9c75-33f2ed4ec882","geometry":{"type":"Point","coordinates":[-94.8555715019318,29.645695935774835]},"properties":{"substrate":"Mud","lease_number":null,"poll_year":2025}},{"type":"Feature","id":"ed394487-f259-405b-b30d-7c4b5aa5dc38","geometry":{"type":"Point","coordinates":[-94.8579894711309,29.64804493782284]},"properties":{"substrate":"Solid Reef","lease_number":null,"poll_year":2025}},{"type":"Feature","id":"ed3c0d82-39fc-40ae-acc4-448b96e6f922","geometry":{"type":"Point","coordinates":[-94.85502865000561,29.6471689996696]},"properties":{"substrate":"Buried Shell","lease_number":null,"poll_year":2024}},{"type":"Feature","id":"ed5763dc-76b1-4f55-a8a3-4a426a66e2e6","geometry":{"type":"Point","coordinates":[-94.8643317180723,29.639142563068727]},"properties":{"substrate":"Buried Shell","lease_number":null,"poll_year":2025}},{"type":"Feature","id":"ed64d572-09cc-4791-a100-7bd6661fb824","geometry":{"type":"Point","coordinates":[-94.85576575003557,29.64761491734308]},"properties":{"substrate":"Buried Shell","lease_number":null,"poll_year":2024}},{"type":"Feature","id":"ed674fb0-3fc4-4a4f-b7fe-f3a35f6b7e13","geometry":{"type":"Point","coordinates":[-94.86487508293654,29.63992334121636]},"properties":{"substrate":"Solid Reef","lease_number":null,"poll_year":2025}},{"type":"Feature","id":"ed8b3e54-6bdd-4447-9c99-0ece3e43304d","geometry":{"type":"Point","coordinates":[-94.85625096695144,29.645909283105258]},"properties":{"substrate":"Mud","lease_number":null,"poll_year":2024}},{"type":"Feature","id":"ed8d4054-a21d-4192-bd18-7aacde76f339","geometry":{"type":"Point","coordinates":[-94.87352711676398,29.61170931670031]},"properties":{"substrate":"Solid Reef","lease_number":null,"poll_year":2023}},{"type":"Feature","id":"ed9a1e42-204d-4976-9c86-827a7ec05948","geometry":{"type":"Point","coordinates":[-94.85779590125517,29.646863460914197]},"properties":{"substrate":"Buried Shell","lease_number":null,"poll_year":2025}},{"type":"Feature","id":"eda394b8-c59b-4db3-b76b-acf397015e62","geometry":{"type":"Point","coordinates":[-94.86674826523831,29.637973475832386]},"properties":{"substrate":"Mud","lease_number":null,"poll_year":2025}},{"type":"Feature","id":"eda49cc6-eddd-478a-a9b4-adef2090752a","geometry":{"type":"Point","coordinates":[-94.8672171426975,29.637157408702397]},"properties":{"substrate":"Mud","lease_number":null,"poll_year":2025}},{"type":"Feature","id":"edaa6b61-7e14-4a82-a0cc-ce0e9d448cfa","geometry":{"type":"Point","coordinates":[-94.86581113375078,29.639886199922728]},"properties":{"substrate":"Solid Reef","lease_number":null,"poll_year":2024}},{"type":"Feature","id":"edc532d4-e707-4612-b7e3-9e46bdfed793","geometry":{"type":"Point","coordinates":[-94.86634956686409,29.637106319083195]},"properties":{"substrate":"Mud","lease_number":null,"poll_year":2025}},{"type":"Feature","id":"edc71332-59b0-4272-af07-b6d58c0e0bb8","geometry":{"type":"Point","coordinates":[-94.856844650048,29.646297049628615]},"properties":{"substrate":"Buried Shell","lease_number":null,"poll_year":2024}},{"type":"Feature","id":"edd366f3-5640-4fe5-a125-dcdc49ef26a2","geometry":{"type":"Point","coordinates":[-94.87475659957087,29.612400167054084]},"properties":{"substrate":"Solid Reef","lease_number":null,"poll_year":2023}},{"type":"Feature","id":"edebdf71-6ba4-4284-b470-ba7ad399ef52","geometry":{"type":"Point","coordinates":[-94.85542555534253,29.64782214686704]},"properties":{"substrate":"Mud","lease_number":null,"poll_year":2025}},{"type":"Feature","id":"edf4d2c6-ecd4-4053-a1bc-8f6c6e45b6cd","geometry":{"type":"Point","coordinates":[-94.85817741216307,29.647372728611774]},"properties":{"substrate":"Buried Shell","lease_number":null,"poll_year":2025}},{"type":"Feature","id":"ee11ab2f-d7e4-4a59-bb98-d36fa276c9d1","geometry":{"type":"Point","coordinates":[-94.8627954543077,29.639349635138096]},"properties":{"substrate":"Mud","lease_number":null,"poll_year":2025}},{"type":"Feature","id":"ee285fd3-ad21-42e6-9087-d5c3a390a9a1","geometry":{"type":"Point","coordinates":[-94.85647323440726,29.64653663334332]},"properties":{"substrate":"Buried Shell","lease_number":null,"poll_year":2024}},{"type":"Feature","id":"ee5b2e76-cd8c-40f6-b2fd-cbc1c176786b","geometry":{"type":"Point","coordinates":[-94.85678323043538,29.64684493370792]},"properties":{"substrate":"Buried Shell","lease_number":null,"poll_year":2025}},{"type":"Feature","id":"ee62c9c0-7e70-4eca-b1f7-afb9414c4961","geometry":{"type":"Point","coordinates":[-94.87477679998665,29.613426399720943]},"properties":{"substrate":"Mud","lease_number":null,"poll_year":2024}},{"type":"Feature","id":"ee62fe85-3e0f-4328-acd1-2943063dbd5d","geometry":{"type":"Point","coordinates":[-94.86363342166935,29.637275627669244]},"properties":{"substrate":"Buried Shell","lease_number":null,"poll_year":2025}},{"type":"Feature","id":"ee8cce0b-d434-4726-8546-b3ff5d5992c4","geometry":{"type":"Point","coordinates":[-94.87340909969524,29.612666916655282]},"properties":{"substrate":"Scattered Shell","lease_number":null,"poll_year":2023}},{"type":"Feature","id":"eea442d9-1fee-4b52-9573-c1fbcba0e66d","geometry":{"type":"Point","coordinates":[-94.87385633404426,29.612412116116776]},"properties":{"substrate":"Solid Reef","lease_number":null,"poll_year":2025}},{"type":"Feature","id":"eebb3507-d7ff-425d-b73d-2eabf988b79c","geometry":{"type":"Point","coordinates":[-94.87551711688367,29.612316633694505]},"properties":{"substrate":"Mud","lease_number":null,"poll_year":2024}},{"type":"Feature","id":"eec1d472-5b13-4ad7-806d-3668e337faa0","geometry":{"type":"Point","coordinates":[-94.8587103628582,29.648556960113524]},"properties":{"substrate":"Buried Shell","lease_number":null,"poll_year":2025}},{"type":"Feature","id":"eeeeae3d-4225-4ad1-85d6-f82fab9b39c8","geometry":{"type":"Point","coordinates":[-94.8652657503721,29.640703082700032]},"properties":{"substrate":"Mud","lease_number":null,"poll_year":2024}},{"type":"Feature","id":"ef14031c-5d2e-4cfa-b98a-d4808549b053","geometry":{"type":"Point","coordinates":[-94.86302605004451,29.638059844037407]},"properties":{"substrate":"Solid Reef","lease_number":null,"poll_year":2025}},{"type":"Feature","id":"ef1a30ba-6f7f-4af7-b099-4766392f2874","geometry":{"type":"Point","coordinates":[-94.86614789957439,29.63861649973519]},"properties":{"substrate":"Solid Reef","lease_number":null,"poll_year":2023}},{"type":"Feature","id":"ef26c64c-42e6-4b5c-85f9-32c376a5b7dd","geometry":{"type":"Point","coordinates":[-94.85676742188302,29.648808736924007]},"properties":{"substrate":"Buried Shell","lease_number":null,"poll_year":2025}},{"type":"Feature","id":"ef3598d7-e1a3-4d3e-8c61-fc560199fbfa","geometry":{"type":"Point","coordinates":[-94.85694824286824,29.64594610988728]},"properties":{"substrate":"Mud","lease_number":null,"poll_year":2025}},{"type":"Feature","id":"ef516b8a-0c32-4466-b29c-c7ffdffb1fd4","geometry":{"type":"Point","coordinates":[-94.87531566698625,29.612517516941125]},"properties":{"substrate":"Mud","lease_number":null,"poll_year":2024}},{"type":"Feature","id":"ef6bca98-ba7b-4313-981c-acf3593c32b8","geometry":{"type":"Point","coordinates":[-94.87409874981357,29.61279614964653]},"properties":{"substrate":"Solid Reef","lease_number":null,"poll_year":2023}},{"type":"Feature","id":"ef6fa337-1a80-4ba3-bdb4-9e6bec43d097","geometry":{"type":"Point","coordinates":[-94.86382246673098,29.637571669890107]},"properties":{"substrate":"Solid Reef","lease_number":null,"poll_year":2025}},{"type":"Feature","id":"ef82246c-e59c-4102-a5a3-1bdb98b67aff","geometry":{"type":"Point","coordinates":[-94.85768606065213,29.648016342037465]},"properties":{"substrate":"Solid Reef","lease_number":null,"poll_year":2025}},{"type":"Feature","id":"ef83d14e-5f16-4896-b62a-b8cb38eb271b","geometry":{"type":"Point","coordinates":[-94.87323885008425,29.613440767346205]},"properties":{"substrate":"Mud","lease_number":null,"poll_year":2024}},{"type":"Feature","id":"eff50050-fa89-4a63-833a-4ac0795ae577","geometry":{"type":"Point","coordinates":[-94.87452907337737,29.61315557776379]},"properties":{"substrate":"Buried Shell","lease_number":null,"poll_year":2025}},{"type":"Feature","id":"effd8622-68db-498d-ab28-d06a77288d63","geometry":{"type":"Point","coordinates":[-94.85930620011482,29.64921073301359]},"properties":{"substrate":"Buried Shell","lease_number":null,"poll_year":2024}},{"type":"Feature","id":"f037377e-8316-4115-b3c9-73f2d0102a2c","geometry":{"type":"Point","coordinates":[-94.87446926624071,29.611925983368128]},"properties":{"substrate":"Buried Shell","lease_number":null,"poll_year":2024}},{"type":"Feature","id":"f07a1127-2a45-4722-bd1f-192961130455","geometry":{"type":"Point","coordinates":[-94.85544086892318,29.648480063056173]},"properties":{"substrate":"Mud","lease_number":null,"poll_year":2025}},{"type":"Feature","id":"f07e4211-a7ab-4423-99d5-22accd073d58","geometry":{"type":"Point","coordinates":[-94.87517238300349,29.611928299779116]},"properties":{"substrate":"Solid Reef","lease_number":null,"poll_year":2023}},{"type":"Feature","id":"f08984ce-bbfb-4dc2-9ba5-d7efe7ee0fe8","geometry":{"type":"Point","coordinates":[-94.86385466684236,29.638551416904008]},"properties":{"substrate":"Buried Shell","lease_number":null,"poll_year":2024}},{"type":"Feature","id":"f089a651-63fa-4e13-8b8a-33194393b444","geometry":{"type":"Point","coordinates":[-94.86256779067199,29.639810669620573]},"properties":{"substrate":"Mud","lease_number":null,"poll_year":2025}},{"type":"Feature","id":"f09627ad-cb30-4b71-9030-af614707df02","geometry":{"type":"Point","coordinates":[-94.85717178323682,29.649687633697038]},"properties":{"substrate":"Mud","lease_number":null,"poll_year":2023}},{"type":"Feature","id":"f0a06ec1-e22d-471d-879d-645e0dbd9a1f","geometry":{"type":"Point","coordinates":[-94.85817710044769,29.64996101571287]},"properties":{"substrate":"Mud","lease_number":null,"poll_year":2023}},{"type":"Feature","id":"f0af8292-65d7-4d53-9576-c73ddb9edb83","geometry":{"type":"Point","coordinates":[-94.86245947989985,29.6388201741521]},"properties":{"substrate":"Mud","lease_number":null,"poll_year":2025}},{"type":"Feature","id":"f0b635b4-e07a-403f-bedf-6b7d512c6cd9","geometry":{"type":"Point","coordinates":[-94.87284221693686,29.612865233681532]},"properties":{"substrate":"Mud","lease_number":null,"poll_year":2023}},{"type":"Feature","id":"f0d7cda8-3529-441f-9774-992be8b99b96","geometry":{"type":"Point","coordinates":[-94.8639496259544,29.636120930779516]},"properties":{"substrate":"Mud","lease_number":null,"poll_year":2025}},{"type":"Feature","id":"f0e6b954-8db5-4d46-8295-70164386912e","geometry":{"type":"Point","coordinates":[-94.8642548887593,29.639596663667064]},"properties":{"substrate":"Solid Reef","lease_number":null,"poll_year":2025}},{"type":"Feature","id":"f0f749b5-c206-42dd-83b5-7414ac564205","geometry":{"type":"Point","coordinates":[-94.87416973289069,29.61188070009957]},"properties":{"substrate":"Solid Reef","lease_number":null,"poll_year":2024}},{"type":"Feature","id":"f125d889-d75c-4f5a-91e3-dd21a4ee5896","geometry":{"type":"Point","coordinates":[-94.85909870006397,29.64843979975635]},"properties":{"substrate":"Buried Shell","lease_number":null,"poll_year":2024}},{"type":"Feature","id":"f13cf9cf-4bc6-48af-a38f-229ee318fb84","geometry":{"type":"Point","coordinates":[-94.86491387758038,29.64154301387534]},"properties":{"substrate":"Mud","lease_number":null,"poll_year":2025}},{"type":"Feature","id":"f14243bb-c113-42be-a47c-d56f429b0df6","geometry":{"type":"Point","coordinates":[-94.85555925519952,29.64777713892756]},"properties":{"substrate":"Buried Shell","lease_number":null,"poll_year":2025}},{"type":"Feature","id":"f14e9448-712f-433e-ba4f-db27f1e095db","geometry":{"type":"Point","coordinates":[-94.87261141638417,29.613565230709003]},"properties":{"substrate":"Mud","lease_number":null,"poll_year":2025}},{"type":"Feature","id":"f16cc348-ae24-42c1-8537-63f2567f1d51","geometry":{"type":"Point","coordinates":[-94.8623536880038,29.639375721630465]},"properties":{"substrate":"Mud","lease_number":null,"poll_year":2025}},{"type":"Feature","id":"f1cf6d34-b4ed-4677-8605-cbdbcc9d953a","geometry":{"type":"Point","coordinates":[-94.86356823362412,29.63730828271714]},"properties":{"substrate":"Buried Shell","lease_number":null,"poll_year":2024}},{"type":"Feature","id":"f1fa6174-5824-41a6-ac82-63798c2c40e7","geometry":{"type":"Point","coordinates":[-94.86582822509737,29.63685207770732]},"properties":{"substrate":"Mud","lease_number":null,"poll_year":2025}},{"type":"Feature","id":"f1fa62ff-0f1a-4452-ab34-3d9230219c43","geometry":{"type":"Point","coordinates":[-94.8596079999143,29.650344683617945]},"properties":{"substrate":"Buried Shell","lease_number":null,"poll_year":2024}},{"type":"Feature","id":"f1fd35e6-4636-427b-b3af-61e134c101ed","geometry":{"type":"Point","coordinates":[-94.8562976667698,29.64680241738302]},"properties":{"substrate":"Buried Shell","lease_number":null,"poll_year":2023}},{"type":"Feature","id":"f1fdb53b-d20a-43e1-ad7d-75c8f2ef789f","geometry":{"type":"Point","coordinates":[-94.86576123323508,29.640410017382102]},"properties":{"substrate":"Solid Reef","lease_number":null,"poll_year":2024}},{"type":"Feature","id":"f2012ec9-0061-48f6-bc48-5f073cad746f","geometry":{"type":"Point","coordinates":[-94.87262638680839,29.612771487029693]},"properties":{"substrate":"Mud","lease_number":null,"poll_year":2025}},{"type":"Feature","id":"f218bd0c-db81-4f93-bb14-c968749a41e7","geometry":{"type":"Point","coordinates":[-94.855464850348,29.64837913270045]},"properties":{"substrate":"Buried Shell","lease_number":null,"poll_year":2024}},{"type":"Feature","id":"f21c764f-2791-48e6-aa21-82fb93d5eb8a","geometry":{"type":"Point","coordinates":[-94.85962036702081,29.6484101837012]},"properties":{"substrate":"Buried Shell","lease_number":null,"poll_year":2023}},{"type":"Feature","id":"f266c0c1-84c6-4c1f-9baa-6e50cc63b1cf","geometry":{"type":"Point","coordinates":[-94.85956897709836,29.6507585556331]},"properties":{"substrate":"Mud","lease_number":null,"poll_year":2025}},{"type":"Feature","id":"f269586e-d34e-481f-9db4-d2f3a5f73a1f","geometry":{"type":"Point","coordinates":[-94.87543251444852,29.613761526369288]},"properties":{"substrate":"Mud","lease_number":null,"poll_year":2025}},{"type":"Feature","id":"f26e16e2-2456-44f7-a8fb-684013e7df79","geometry":{"type":"Point","coordinates":[-94.86248448540411,29.639507165874658]},"properties":{"substrate":"Mud","lease_number":null,"poll_year":2025}},{"type":"Feature","id":"f285384e-bbcb-4913-afbb-93a5860c1830","geometry":{"type":"Point","coordinates":[-94.86546949995666,29.639726016713425]},"properties":{"substrate":"Solid Reef","lease_number":null,"poll_year":2024}},{"type":"Feature","id":"f2a5b45a-5601-451c-95db-fe99497b6694","geometry":{"type":"Point","coordinates":[-94.86485713369882,29.638648367320943]},"properties":{"substrate":"Buried Shell","lease_number":null,"poll_year":2024}},{"type":"Feature","id":"f2ac010c-5854-4414-87f4-17b599cb82c0","geometry":{"type":"Point","coordinates":[-94.86431053310295,29.639818632714825]},"properties":{"substrate":"Solid Reef","lease_number":null,"poll_year":2024}},{"type":"Feature","id":"f2bab7af-0db9-442e-b5cd-4a111af10c3f","geometry":{"type":"Point","coordinates":[-94.87306334982046,29.612408783656075]},"properties":{"substrate":"Buried Shell","lease_number":null,"poll_year":2024}},{"type":"Feature","id":"f2edb734-7cc8-4426-823a-6e183ad1248f","geometry":{"type":"Point","coordinates":[-94.85580763308738,29.64691136728386]},"properties":{"substrate":"Buried Shell","lease_number":null,"poll_year":2024}},{"type":"Feature","id":"f304b0bb-d212-4b94-8ddd-9356813d517b","geometry":{"type":"Point","coordinates":[-94.85896058229241,29.6491232493853]},"properties":{"substrate":"Buried Shell","lease_number":null,"poll_year":2025}},{"type":"Feature","id":"f3b4d089-2efa-43ca-b4a9-a242f23589d0","geometry":{"type":"Point","coordinates":[-94.86506296288326,29.640205603669568]},"properties":{"substrate":"Solid Reef","lease_number":null,"poll_year":2025}},{"type":"Feature","id":"f3e9aa8c-d351-4763-ab08-93fea8bc101b","geometry":{"type":"Point","coordinates":[-94.87499791670058,29.612082900178027]},"properties":{"substrate":"Buried Shell","lease_number":null,"poll_year":2024}},{"type":"Feature","id":"f3f2ad9a-41e1-470a-bff6-67c6b55cab60","geometry":{"type":"Point","coordinates":[-94.85518634476216,29.647538392746526]},"properties":{"substrate":"Mud","lease_number":null,"poll_year":2025}},{"type":"Feature","id":"f3f74862-04e0-4837-8279-40a80c58567a","geometry":{"type":"Point","coordinates":[-94.85571087195487,29.645628940834847]},"properties":{"substrate":"Mud","lease_number":null,"poll_year":2025}},{"type":"Feature","id":"f3f7c9a7-e19a-454e-8e3a-f3bc8a26449b","geometry":{"type":"Point","coordinates":[-94.86420690973998,29.636796987918117]},"properties":{"substrate":"Solid Reef","lease_number":null,"poll_year":2025}},{"type":"Feature","id":"f3fc69ac-e4a7-42f0-aafa-a3f81d341ecc","geometry":{"type":"Point","coordinates":[-94.87362144975029,29.61280316676474]},"properties":{"substrate":"Solid Reef","lease_number":null,"poll_year":2024}},{"type":"Feature","id":"f411153b-d0bd-4c61-af34-2eefba2c80d3","geometry":{"type":"Point","coordinates":[-94.86641772563796,29.638727337052277]},"properties":{"substrate":"Buried Shell","lease_number":null,"poll_year":2025}},{"type":"Feature","id":"f4114129-4ad0-4885-b93c-68663d4b1c98","geometry":{"type":"Point","coordinates":[-94.87638606893609,29.61186295291397]},"properties":{"substrate":"Mud","lease_number":null,"poll_year":2025}},{"type":"Feature","id":"f4220016-f742-473d-987d-dfc626864039","geometry":{"type":"Point","coordinates":[-94.85674554970248,29.65020084989675]},"properties":{"substrate":"Mud","lease_number":null,"poll_year":2024}},{"type":"Feature","id":"f44df69e-81da-46d4-af56-065dd64eae31","geometry":{"type":"Point","coordinates":[-94.87311620938674,29.612204806707087]},"properties":{"substrate":"Solid Reef","lease_number":null,"poll_year":2025}},{"type":"Feature","id":"f468357a-492a-4258-af05-b31d9843c337","geometry":{"type":"Point","coordinates":[-94.85705004983772,29.649146233186908]},"properties":{"substrate":"Solid Reef","lease_number":null,"poll_year":2024}},{"type":"Feature","id":"f490715c-e247-4312-a53d-3a4ca6f692e2","geometry":{"type":"Point","coordinates":[-94.85615198338692,29.648535250286997]},"properties":{"substrate":"Scattered Shell","lease_number":null,"poll_year":2023}},{"type":"Feature","id":"f49efec3-ed53-4646-add0-3ab151b202c5","geometry":{"type":"Point","coordinates":[-94.86458230042585,29.638941783651052]},"properties":{"substrate":"Solid Reef","lease_number":null,"poll_year":2024}},{"type":"Feature","id":"f4ad021a-b0a3-4a57-a98d-b1b00fd6dd57","geometry":{"type":"Point","coordinates":[-94.87413183835876,29.613337550318626]},"properties":{"substrate":"Buried Shell","lease_number":null,"poll_year":2025}},{"type":"Feature","id":"f4bfac29-8073-4570-be42-3f1513e7d87a","geometry":{"type":"Point","coordinates":[-94.85816483305416,29.64713546561137]},"properties":{"substrate":"Buried Shell","lease_number":null,"poll_year":2024}},{"type":"Feature","id":"f4f3183f-cd0e-4827-8bc3-f0e04f5ea1fe","geometry":{"type":"Point","coordinates":[-94.86519180015962,29.63949075009065]},"properties":{"substrate":"Buried Shell","lease_number":null,"poll_year":2024}},{"type":"Feature","id":"f503d042-8a6b-4066-b74c-88ba543b12b1","geometry":{"type":"Point","coordinates":[-94.87336190041357,29.612024583081336]},"properties":{"substrate":"Solid Reef","lease_number":null,"poll_year":2024}},{"type":"Feature","id":"f521ae12-4f8a-48a0-b7b2-b680c9657279","geometry":{"type":"Point","coordinates":[-94.8728277908917,29.613989554115612]},"properties":{"substrate":"Mud","lease_number":null,"poll_year":2025}},{"type":"Feature","id":"f5227304-b8ef-47c8-861b-8feba47641e0","geometry":{"type":"Point","coordinates":[-94.85649945623041,29.6459350056419]},"properties":{"substrate":"Mud","lease_number":null,"poll_year":2025}},{"type":"Feature","id":"f52c3852-7d50-4fae-8f05-788fc5d5b15d","geometry":{"type":"Point","coordinates":[-94.87268356008465,29.612215717862604]},"properties":{"substrate":"Mud","lease_number":null,"poll_year":2025}},{"type":"Feature","id":"f52e8e2c-4501-4874-9b75-a32c9540fec3","geometry":{"type":"Point","coordinates":[-94.87338926669038,29.61209880029095]},"properties":{"substrate":"Solid Reef","lease_number":null,"poll_year":2024}},{"type":"Feature","id":"f53c39d7-5050-49ee-8133-26601fb5298f","geometry":{"type":"Point","coordinates":[-94.85505553568375,29.64656778094093]},"properties":{"substrate":"Mud","lease_number":null,"poll_year":2025}},{"type":"Feature","id":"f5564b64-e744-4970-9ed8-7ccd65ab69eb","geometry":{"type":"Point","coordinates":[-94.87299390016753,29.61203739986547]},"properties":{"substrate":"Buried Shell","lease_number":null,"poll_year":2024}},{"type":"Feature","id":"f59cd254-1394-4269-84bd-8e7332a2dae3","geometry":{"type":"Point","coordinates":[-94.85620531097545,29.64709015835078]},"properties":{"substrate":"Buried Shell","lease_number":null,"poll_year":2025}},{"type":"Feature","id":"f5b5c739-3e4b-47be-8e8c-2cecbca21ca5","geometry":{"type":"Point","coordinates":[-94.87537020730042,29.612407296661654]},"properties":{"substrate":"Buried Shell","lease_number":null,"poll_year":2025}},{"type":"Feature","id":"f5d40d57-6c1f-4c04-9d65-8a34843a0330","geometry":{"type":"Point","coordinates":[-94.8645749333422,29.637908017027144]},"properties":{"substrate":"Solid Reef","lease_number":null,"poll_year":2024}},{"type":"Feature","id":"f5d5014e-b81c-43f8-8033-9d6366a89803","geometry":{"type":"Point","coordinates":[-94.85712830028548,29.64921586689136]},"properties":{"substrate":"Buried Shell","lease_number":null,"poll_year":2024}},{"type":"Feature","id":"f6204c79-be36-4afc-9056-7d4a30b973c2","geometry":{"type":"Point","coordinates":[-94.86420373329715,29.640485316908467]},"properties":{"substrate":"Buried Shell","lease_number":null,"poll_year":2024}},{"type":"Feature","id":"f6377aab-e314-4454-a26e-6784eadacaef","geometry":{"type":"Point","coordinates":[-94.857204173791,29.645789437092922]},"properties":{"substrate":"Mud","lease_number":null,"poll_year":2025}},{"type":"Feature","id":"f648f597-637c-4892-b23b-cd396e593d72","geometry":{"type":"Point","coordinates":[-94.87330861684248,29.613697883216904]},"properties":{"substrate":"Mud","lease_number":null,"poll_year":2024}},{"type":"Feature","id":"f6641640-7e40-4d64-9c48-ffc3e6913be9","geometry":{"type":"Point","coordinates":[-94.85655121625877,29.64750196705246]},"properties":{"substrate":"Solid Reef","lease_number":null,"poll_year":2023}},{"type":"Feature","id":"f66ad22a-3db0-4e50-b59b-5a9631f6c282","geometry":{"type":"Point","coordinates":[-94.85792507360314,29.645167366183056]},"properties":{"substrate":"Mud","lease_number":null,"poll_year":2025}},{"type":"Feature","id":"f68c040f-8053-4d4a-b233-b3113d2abf29","geometry":{"type":"Point","coordinates":[-94.85646019985248,29.64565026638985]},"properties":{"substrate":"Mud","lease_number":null,"poll_year":2024}},{"type":"Feature","id":"f6a6f8da-b799-4145-b31e-b5202e680e70","geometry":{"type":"Point","coordinates":[-94.86319893441419,29.63965601728923]},"properties":{"substrate":"Buried Shell","lease_number":null,"poll_year":2024}},{"type":"Feature","id":"f6ac9e52-2fe8-44ad-b930-7987018d8be3","geometry":{"type":"Point","coordinates":[-94.87563871643377,29.61173831563167]},"properties":{"substrate":"Mud","lease_number":null,"poll_year":2023}},{"type":"Feature","id":"f6e98d2c-0b52-4517-8248-69983e57a4e9","geometry":{"type":"Point","coordinates":[-94.86467302667629,29.636521526027472]},"properties":{"substrate":"Buried Shell","lease_number":null,"poll_year":2025}},{"type":"Feature","id":"f6eddc91-68b6-4310-88ad-226834b42ccd","geometry":{"type":"Point","coordinates":[-94.86521963625532,29.63926247867443]},"properties":{"substrate":"Buried Shell","lease_number":null,"poll_year":2025}},{"type":"Feature","id":"f6f6c09e-9784-4823-bcb9-540a8d1112cc","geometry":{"type":"Point","coordinates":[-94.85881430602143,29.64792387566602]},"properties":{"substrate":"Buried Shell","lease_number":null,"poll_year":2025}},{"type":"Feature","id":"f705420c-1c3d-431c-bd4d-1c5e69a94177","geometry":{"type":"Point","coordinates":[-94.86710070666362,29.640400012627563]},"properties":{"substrate":"Mud","lease_number":null,"poll_year":2025}},{"type":"Feature","id":"f72b4037-1221-4768-a715-5a446e99e5dd","geometry":{"type":"Point","coordinates":[-94.86723516020716,29.639337568249502]},"properties":{"substrate":"Mud","lease_number":null,"poll_year":2025}},{"type":"Feature","id":"f74f2b62-0031-4321-8ff2-9b7c162b4d91","geometry":{"type":"Point","coordinates":[-94.85904543356088,29.64876388322407]},"properties":{"substrate":"Solid Reef","lease_number":null,"poll_year":2024}},{"type":"Feature","id":"f770653c-a55c-47da-8073-298cf96d7339","geometry":{"type":"Point","coordinates":[-94.86501891668823,29.636213916291755]},"properties":{"substrate":"Mud","lease_number":null,"poll_year":2024}},{"type":"Feature","id":"f7753b2f-e8b9-4ffd-98be-38d4d3887564","geometry":{"type":"Point","coordinates":[-94.85761077644143,29.648279083661045]},"properties":{"substrate":"Solid Reef","lease_number":null,"poll_year":2025}},{"type":"Feature","id":"f79c13c5-d7d4-4a33-91f8-5a6b4b4af5f5","geometry":{"type":"Point","coordinates":[-94.87377099139731,29.61387125471694]},"properties":{"substrate":"Mud","lease_number":null,"poll_year":2025}},{"type":"Feature","id":"f7b10cf7-9312-4b2c-a171-fc7286ba3d63","geometry":{"type":"Point","coordinates":[-94.87255051779444,29.613057702343784]},"properties":{"substrate":"Mud","lease_number":null,"poll_year":2025}},{"type":"Feature","id":"f7c8802c-dc1e-45f5-943c-05402f987610","geometry":{"type":"Point","coordinates":[-94.85658298338215,29.64628858270044]},"properties":{"substrate":"Buried Shell","lease_number":null,"poll_year":2024}},{"type":"Feature","id":"f7cd8af4-3aa8-46cc-9927-a57ba5d09f46","geometry":{"type":"Point","coordinates":[-94.85761858190294,29.64696993431604]},"properties":{"substrate":"Solid Reef","lease_number":null,"poll_year":2025}},{"type":"Feature","id":"f7f558fe-3051-48eb-a3f1-580addb0a96a","geometry":{"type":"Point","coordinates":[-94.86483893742444,29.640914313810878]},"properties":{"substrate":"Mud","lease_number":null,"poll_year":2025}},{"type":"Feature","id":"f7f684fb-be9d-42d3-a534-1054b2adabdc","geometry":{"type":"Point","coordinates":[-94.85454435026963,29.64672800010861]},"properties":{"substrate":"Mud","lease_number":null,"poll_year":2023}},{"type":"Feature","id":"f7fc3ce4-0bdb-423a-8eae-4a84c6889912","geometry":{"type":"Point","coordinates":[-94.86315643781305,29.63961704732526]},"properties":{"substrate":"Mud","lease_number":null,"poll_year":2025}},{"type":"Feature","id":"f84caf77-79ec-4960-af31-0d318e9ffbdf","geometry":{"type":"Point","coordinates":[-94.85712193302675,29.645890499645564]},"properties":{"substrate":"Mud","lease_number":null,"poll_year":2024}},{"type":"Feature","id":"f882b094-7636-4c59-afad-d42906750ff3","geometry":{"type":"Point","coordinates":[-94.86746634074721,29.63992914078483]},"properties":{"substrate":"Mud","lease_number":null,"poll_year":2025}},{"type":"Feature","id":"f88f7b81-c8b8-4467-a852-46f9c4321469","geometry":{"type":"Point","coordinates":[-94.86549829455477,29.64072385105147]},"properties":{"substrate":"Buried Shell","lease_number":null,"poll_year":2025}},{"type":"Feature","id":"f892e337-5f4b-4f71-8411-71a5d0c4af0c","geometry":{"type":"Point","coordinates":[-94.8666964252599,29.640187433611086]},"properties":{"substrate":"Mud","lease_number":null,"poll_year":2025}},{"type":"Feature","id":"f8a09e6b-b218-4cf6-99d4-936e356aee74","geometry":{"type":"Point","coordinates":[-94.85681549432714,29.647242775651392]},"properties":{"substrate":"Solid Reef","lease_number":null,"poll_year":2025}},{"type":"Feature","id":"f8f4e9e0-04a0-443d-aaf3-4c942a7afad8","geometry":{"type":"Point","coordinates":[-94.86620108343247,29.636849583067175]},"properties":{"substrate":"Mud","lease_number":null,"poll_year":2024}},{"type":"Feature","id":"f921e48d-1f79-42c4-9a08-bcda08c9cd66","geometry":{"type":"Point","coordinates":[-94.85924285541256,29.650870932368427]},"properties":{"substrate":"Mud","lease_number":null,"poll_year":2025}},{"type":"Feature","id":"f931d7f4-3388-4144-8f4c-b99a3de30e74","geometry":{"type":"Point","coordinates":[-94.8581139300186,29.649666270743243]},"properties":{"substrate":"Mud","lease_number":null,"poll_year":2025}},{"type":"Feature","id":"f958980c-b6f3-482a-84c2-a2e62224a2d0","geometry":{"type":"Point","coordinates":[-94.85698966688095,29.645964549817833]},"properties":{"substrate":"Mud","lease_number":null,"poll_year":2023}},{"type":"Feature","id":"f95a897d-e383-4233-afbb-2df057a979d8","geometry":{"type":"Point","coordinates":[-94.86562725490035,29.63955961906887]},"properties":{"substrate":"Buried Shell","lease_number":null,"poll_year":2025}},{"type":"Feature","id":"f96de798-ccdd-44ae-a75d-af950387ed88","geometry":{"type":"Point","coordinates":[-94.8735185998368,29.612252165690006]},"properties":{"substrate":"Solid Reef","lease_number":null,"poll_year":2024}},{"type":"Feature","id":"f97c8757-e87e-402a-8da8-0ac50d8ff3a9","geometry":{"type":"Point","coordinates":[-94.87508529582827,29.61287795507913]},"properties":{"substrate":"Mud","lease_number":null,"poll_year":2025}},{"type":"Feature","id":"f98b0ce9-03ac-40ed-92f0-0955ddbe5145","geometry":{"type":"Point","coordinates":[-94.86271241314451,29.638218908690728]},"properties":{"substrate":"Solid Reef","lease_number":null,"poll_year":2025}},{"type":"Feature","id":"f98b1acc-d1ea-4847-a2b6-05ba477e2ef0","geometry":{"type":"Point","coordinates":[-94.8643642550519,29.638396675971766]},"properties":{"substrate":"Solid Reef","lease_number":null,"poll_year":2025}},{"type":"Feature","id":"f9a26d21-0c6f-4223-83d7-2cd4fafd076a","geometry":{"type":"Point","coordinates":[-94.85786260026671,29.64672900020895]},"properties":{"substrate":"Buried Shell","lease_number":null,"poll_year":2024}},{"type":"Feature","id":"f9b8c602-f997-4045-b496-67755e3e7858","geometry":{"type":"Point","coordinates":[-94.85663374987381,29.646085717386466]},"properties":{"substrate":"Buried Shell","lease_number":null,"poll_year":2024}},{"type":"Feature","id":"f9eeaa9e-4d99-4478-b8ca-192c1bfd02a9","geometry":{"type":"Point","coordinates":[-94.86347167371424,29.639491490264902]},"properties":{"substrate":"Mud","lease_number":null,"poll_year":2025}},{"type":"Feature","id":"fa163020-7f21-4b8d-8095-401b267cc7a1","geometry":{"type":"Point","coordinates":[-94.86392211684546,29.64014313432022]},"properties":{"substrate":"Mud","lease_number":null,"poll_year":2024}},{"type":"Feature","id":"fa21b1db-f05e-45da-a2f3-ef9297ea7694","geometry":{"type":"Point","coordinates":[-94.85792826711398,29.647693067321693]},"properties":{"substrate":"Solid Reef","lease_number":null,"poll_year":2023}},{"type":"Feature","id":"fa2ff84a-f715-4380-99be-a666d96d7be4","geometry":{"type":"Point","coordinates":[-94.86620813610577,29.64088664432819]},"properties":{"substrate":"Mud","lease_number":null,"poll_year":2025}},{"type":"Feature","id":"fa46b468-f02d-490a-928f-36b0a4dfefab","geometry":{"type":"Point","coordinates":[-94.86534066627355,29.63837336178707]},"properties":{"substrate":"Solid Reef","lease_number":null,"poll_year":2025}},{"type":"Feature","id":"fa4cefad-b93a-4cf2-a5a3-c3075ee27e5f","geometry":{"type":"Point","coordinates":[-94.87373982255191,29.61189031484928]},"properties":{"substrate":"Solid Reef","lease_number":null,"poll_year":2025}},{"type":"Feature","id":"fa5b9c60-f0f6-4120-8864-9a805a809040","geometry":{"type":"Point","coordinates":[-94.85706549996227,29.647157166371226]},"properties":{"substrate":"Solid Reef","lease_number":null,"poll_year":2024}},{"type":"Feature","id":"fa90b3d2-e317-44c2-97be-ce682f82cfd9","geometry":{"type":"Point","coordinates":[-94.85709379958867,29.64950690018553]},"properties":{"substrate":"Mud","lease_number":null,"poll_year":2023}},{"type":"Feature","id":"fa95946d-c523-4969-b209-3c9bdfc0fdb1","geometry":{"type":"Point","coordinates":[-94.85648489992954,29.648444349705954]},"properties":{"substrate":"Solid Reef","lease_number":null,"poll_year":2023}},{"type":"Feature","id":"fadb3c1d-ce2d-40e5-8c2e-a95a600e24cc","geometry":{"type":"Point","coordinates":[-94.85756778307193,29.648979583330842]},"properties":{"substrate":"Solid Reef","lease_number":null,"poll_year":2023}},{"type":"Feature","id":"faf9ba53-efa5-4427-8c7f-5ed967732f99","geometry":{"type":"Point","coordinates":[-94.86683803298635,29.639786882615265]},"properties":{"substrate":"Mud","lease_number":null,"poll_year":2024}},{"type":"Feature","id":"fafd2a04-6956-42d6-b61d-b3aad698665c","geometry":{"type":"Point","coordinates":[-94.87522496768527,29.61303464314214]},"properties":{"substrate":"Mud","lease_number":null,"poll_year":2025}},{"type":"Feature","id":"fb1317f1-5692-4c40-9d3a-d374049cf54c","geometry":{"type":"Point","coordinates":[-94.8587184962048,29.648701907905043]},"properties":{"substrate":"Solid Reef","lease_number":null,"poll_year":2025}},{"type":"Feature","id":"fb17eb2d-6d69-44a8-9626-3a7b45078f3f","geometry":{"type":"Point","coordinates":[-94.85951246408382,29.649388505870128]},"properties":{"substrate":"Mud","lease_number":null,"poll_year":2025}},{"type":"Feature","id":"fb17f81d-1408-4fe5-8131-de4fcc151f7d","geometry":{"type":"Point","coordinates":[-94.87249733842795,29.614034607612066]},"properties":{"substrate":"Mud","lease_number":null,"poll_year":2025}},{"type":"Feature","id":"fb25f2dc-87dc-4336-8b6a-86d900afa2d4","geometry":{"type":"Point","coordinates":[-94.8571398499251,29.648983917001935]},"properties":{"substrate":"Solid Reef","lease_number":null,"poll_year":2023}},{"type":"Feature","id":"fb2ddcc2-1889-491d-b8a2-7d69cd5d621a","geometry":{"type":"Point","coordinates":[-94.86608787055383,29.636694778617816]},"properties":{"substrate":"Mud","lease_number":null,"poll_year":2025}},{"type":"Feature","id":"fb4d943f-df8c-45fa-af46-ade006e5f88a","geometry":{"type":"Point","coordinates":[-94.858679416795,29.649046767312537]},"properties":{"substrate":"Buried Shell","lease_number":null,"poll_year":2024}},{"type":"Feature","id":"fb943896-6d4b-4e70-b8e6-003ec2f47c86","geometry":{"type":"Point","coordinates":[-94.8570659832559,29.647040982622002]},"properties":{"substrate":"Solid Reef","lease_number":null,"poll_year":2024}},{"type":"Feature","id":"fba99dff-011b-4ae2-bf8a-732d842ad04e","geometry":{"type":"Point","coordinates":[-94.85908580744301,29.646750645625417]},"properties":{"substrate":"Mud","lease_number":null,"poll_year":2025}},{"type":"Feature","id":"fbcd40fb-3313-411b-93d6-ef8f3381788e","geometry":{"type":"Point","coordinates":[-94.87288389966437,29.614027566369447]},"properties":{"substrate":"Mud","lease_number":null,"poll_year":2023}},{"type":"Feature","id":"fbe1cb89-c34d-4189-854a-9ccdf85a8bb1","geometry":{"type":"Point","coordinates":[-94.8569135337623,29.64781595037185]},"properties":{"substrate":"Solid Reef","lease_number":null,"poll_year":2024}},{"type":"Feature","id":"fbe68456-4e53-49fd-bc0a-df3df9513a52","geometry":{"type":"Point","coordinates":[-94.8583167785929,29.648774830236153]},"properties":{"substrate":"Solid Reef","lease_number":null,"poll_year":2025}},{"type":"Feature","id":"fbf9103f-5005-475f-baaf-32c7bcc6778e","geometry":{"type":"Point","coordinates":[-94.85684963300288,29.64915421662169]},"properties":{"substrate":"Buried Shell","lease_number":null,"poll_year":2024}},{"type":"Feature","id":"fc0b3d03-3376-434e-9f13-c6c899dd4e76","geometry":{"type":"Point","coordinates":[-94.87290795025946,29.61232428266311]},"properties":{"substrate":"Buried Shell","lease_number":null,"poll_year":2024}},{"type":"Feature","id":"fc22fde3-8325-494c-9b5c-7ae3e963454f","geometry":{"type":"Point","coordinates":[-94.86442312075414,29.6364727706716]},"properties":{"substrate":"Buried Shell","lease_number":null,"poll_year":2025}},{"type":"Feature","id":"fc2d2694-52ec-41f2-b47c-43cfbc2c4527","geometry":{"type":"Point","coordinates":[-94.8740902167167,29.613699349886954]},"properties":{"substrate":"Mud","lease_number":null,"poll_year":2023}},{"type":"Feature","id":"fc2ded60-ae9a-47d2-8613-3580d0eb0817","geometry":{"type":"Point","coordinates":[-94.85968291671404,29.649747800319474]},"properties":{"substrate":"Mud","lease_number":null,"poll_year":2024}},{"type":"Feature","id":"fc407f84-3d89-42ea-9b10-ce4689d89844","geometry":{"type":"Point","coordinates":[-94.85658795016735,29.648317716910817]},"properties":{"substrate":"Solid Reef","lease_number":null,"poll_year":2023}},{"type":"Feature","id":"fc4708e9-e5b0-4423-83b7-9afa355aea1f","geometry":{"type":"Point","coordinates":[-94.87342238308332,29.612315366936556]},"properties":{"substrate":"Solid Reef","lease_number":null,"poll_year":2024}},{"type":"Feature","id":"fc4e5a71-5382-42d5-b0b1-672199676bd6","geometry":{"type":"Point","coordinates":[-94.87337822370058,29.61299315515326]},"properties":{"substrate":"Buried Shell","lease_number":null,"poll_year":2025}},{"type":"Feature","id":"fc59d651-ec38-4db1-b599-66fa1251cb7c","geometry":{"type":"Point","coordinates":[-94.86680538371735,29.63846489999116]},"properties":{"substrate":"Buried Shell","lease_number":null,"poll_year":2024}},{"type":"Feature","id":"fc646ea8-d9db-46d7-be15-5f5b6a4306e0","geometry":{"type":"Point","coordinates":[-94.86635581644353,29.639524032943562]},"properties":{"substrate":"Solid Reef","lease_number":null,"poll_year":2024}},{"type":"Feature","id":"fc98f9a6-beee-49cd-b935-0e91c32d62dd","geometry":{"type":"Point","coordinates":[-94.85961163359961,29.64802679962673]},"properties":{"substrate":"Buried Shell","lease_number":null,"poll_year":2024}},{"type":"Feature","id":"fcb45c00-2a2d-48ce-9e10-3d7b6781425d","geometry":{"type":"Point","coordinates":[-94.85743925212108,29.649686211269852]},"properties":{"substrate":"Buried Shell","lease_number":null,"poll_year":2025}},{"type":"Feature","id":"fcb5c9ef-2b48-4cff-b098-cb08429fd090","geometry":{"type":"Point","coordinates":[-94.86417823102455,29.637617247683156]},"properties":{"substrate":"Buried Shell","lease_number":null,"poll_year":2025}},{"type":"Feature","id":"fcb88b13-a193-47fe-a9bc-494bce696a06","geometry":{"type":"Point","coordinates":[-94.85793639956225,29.646438167335713]},"properties":{"substrate":"Scattered Shell","lease_number":null,"poll_year":2023}},{"type":"Feature","id":"fcc646a6-c2b5-4eff-a752-5e1bc931bcfe","geometry":{"type":"Point","coordinates":[-94.85577567013125,29.648875906186387]},"properties":{"substrate":"Buried Shell","lease_number":null,"poll_year":2025}},{"type":"Feature","id":"fcc97145-a0e9-413b-ad67-6c556b524c69","geometry":{"type":"Point","coordinates":[-94.86394456933768,29.639334357699518]},"properties":{"substrate":"Buried Shell","lease_number":null,"poll_year":2025}},{"type":"Feature","id":"fcf0366f-4c83-4f96-8653-64dcbafd8ab7","geometry":{"type":"Point","coordinates":[-94.8652390425604,29.640844180140547]},"properties":{"substrate":"Mud","lease_number":null,"poll_year":2025}},{"type":"Feature","id":"fd182346-06ef-4f30-ace3-113d566b2f88","geometry":{"type":"Point","coordinates":[-94.86380330207272,29.637051105286908]},"properties":{"substrate":"Mud","lease_number":null,"poll_year":2025}},{"type":"Feature","id":"fd1f3265-e91b-4305-a989-4d424a42669b","geometry":{"type":"Point","coordinates":[-94.8557735572937,29.646085466774245]},"properties":{"substrate":"Mud","lease_number":null,"poll_year":2025}},{"type":"Feature","id":"fd214326-57ad-464b-8b06-c4dfc168a6fa","geometry":{"type":"Point","coordinates":[-94.85745162731243,29.64649702507111]},"properties":{"substrate":"Buried Shell","lease_number":null,"poll_year":2025}},{"type":"Feature","id":"fd25536e-a567-484b-9262-8bd1420df0a1","geometry":{"type":"Point","coordinates":[-94.85866935925708,29.646556032670322]},"properties":{"substrate":"Mud","lease_number":null,"poll_year":2025}},{"type":"Feature","id":"fd34a1f6-8843-45dd-841d-f01966ea10c1","geometry":{"type":"Point","coordinates":[-94.86554366486651,29.638827600148222]},"properties":{"substrate":"Buried Shell","lease_number":null,"poll_year":2025}},{"type":"Feature","id":"fd39a736-a69f-4f9b-9c00-bd730a14f05e","geometry":{"type":"Point","coordinates":[-94.87603778311728,29.611762983187177]},"properties":{"substrate":"Mud","lease_number":null,"poll_year":2023}},{"type":"Feature","id":"fd432db4-6436-4408-a40c-f828c76474ea","geometry":{"type":"Point","coordinates":[-94.85626855057482,29.648647980040458]},"properties":{"substrate":"Buried Shell","lease_number":null,"poll_year":2025}},{"type":"Feature","id":"fd695cb6-92f1-457e-85bb-f758085e9a2d","geometry":{"type":"Point","coordinates":[-94.86557499810361,29.635774450654495]},"properties":{"substrate":"Mud","lease_number":null,"poll_year":2025}},{"type":"Feature","id":"fd8d74b8-9bf4-45e7-a209-bc61c5ab38c8","geometry":{"type":"Point","coordinates":[-94.85684113314366,29.6476589666417]},"properties":{"substrate":"Solid Reef","lease_number":null,"poll_year":2024}},{"type":"Feature","id":"fda23ba9-4424-4a76-a0ef-b363ebded1d5","geometry":{"type":"Point","coordinates":[-94.85560571696433,29.648684649679907]},"properties":{"substrate":"Buried Shell","lease_number":null,"poll_year":2024}},{"type":"Feature","id":"fda3fe44-2512-4812-b7bc-f81097df9650","geometry":{"type":"Point","coordinates":[-94.87320591155772,29.614097793683598]},"properties":{"substrate":"Mud","lease_number":null,"poll_year":2025}},{"type":"Feature","id":"fdb78221-d1fb-4d42-a440-a2e8db70cbfa","geometry":{"type":"Point","coordinates":[-94.85792830035165,29.647646433102814]},"properties":{"substrate":"Solid Reef","lease_number":null,"poll_year":2024}},{"type":"Feature","id":"fdb8d06d-203b-46e4-9fff-44655aa66b5b","geometry":{"type":"Point","coordinates":[-94.86451353259423,29.63698383365921]},"properties":{"substrate":"Buried Shell","lease_number":null,"poll_year":2024}},{"type":"Feature","id":"fdc4ee2c-2031-45ce-bf6e-bb4d5bf2d5ed","geometry":{"type":"Point","coordinates":[-94.87473055022426,29.613198650290965]},"properties":{"substrate":"Mud","lease_number":null,"poll_year":2024}},{"type":"Feature","id":"fdd700c7-e304-4df1-962c-4c80f08aa8e3","geometry":{"type":"Point","coordinates":[-94.86693576699432,29.6367145491577]},"properties":{"substrate":"Mud","lease_number":null,"poll_year":2025}},{"type":"Feature","id":"fe135b83-4cab-4a8a-ba1e-24e6682a2c62","geometry":{"type":"Point","coordinates":[-94.85733945019133,29.647808150297816]},"properties":{"substrate":"Solid Reef","lease_number":null,"poll_year":2024}},{"type":"Feature","id":"fe22d88b-4d2d-4635-869d-cd258722d03a","geometry":{"type":"Point","coordinates":[-94.86002188341008,29.648390108640506]},"properties":{"substrate":"Buried Shell","lease_number":null,"poll_year":2025}},{"type":"Feature","id":"fe3de207-0898-43a5-8d23-6247aa9edde5","geometry":{"type":"Point","coordinates":[-94.86516417337137,29.63604641269494]},"properties":{"substrate":"Mud","lease_number":null,"poll_year":2025}},{"type":"Feature","id":"fe67b1ae-8275-43e5-b995-4b605df8c6fe","geometry":{"type":"Point","coordinates":[-94.85628428366871,29.645727216356068]},"properties":{"substrate":"Mud","lease_number":null,"poll_year":2024}},{"type":"Feature","id":"fe8cd84d-611f-45c4-9f4a-8766c47f6f5f","geometry":{"type":"Point","coordinates":[-94.87403778295187,29.61241501669295]},"properties":{"substrate":"Solid Reef","lease_number":null,"poll_year":2023}},{"type":"Feature","id":"fea8be87-c312-4347-94d8-d09d2f3d28ba","geometry":{"type":"Point","coordinates":[-94.85531173340614,29.64641945033598]},"properties":{"substrate":"Mud","lease_number":null,"poll_year":2024}},{"type":"Feature","id":"fead6d9b-ee0d-4af6-80e9-f861898df343","geometry":{"type":"Point","coordinates":[-94.8744823663725,29.61256180026504]},"properties":{"substrate":"Solid Reef","lease_number":null,"poll_year":2023}},{"type":"Feature","id":"fee1e207-248c-4200-ad74-bf595c0bcaee","geometry":{"type":"Point","coordinates":[-94.85585866637868,29.64762163302381]},"properties":{"substrate":"Buried Shell","lease_number":null,"poll_year":2023}},{"type":"Feature","id":"feed3627-560f-44b7-905d-275133e0dc4f","geometry":{"type":"Point","coordinates":[-94.86433557184488,29.64061789025316]},"properties":{"substrate":"Mud","lease_number":null,"poll_year":2025}},{"type":"Feature","id":"ff1634b8-7275-4ff3-8e57-ccd4e5650a82","geometry":{"type":"Point","coordinates":[-94.86380716932001,29.639939841253153]},"properties":{"substrate":"Buried Shell","lease_number":null,"poll_year":2025}},{"type":"Feature","id":"ff16fe78-5753-45e2-a193-a75cd1ff002c","geometry":{"type":"Point","coordinates":[-94.8575168997993,29.64638101700298]},"properties":{"substrate":"Buried Shell","lease_number":null,"poll_year":2024}},{"type":"Feature","id":"ff1e746c-4140-4101-a394-77722446eb59","geometry":{"type":"Point","coordinates":[-94.86556148295016,29.640548149882648]},"properties":{"substrate":"Buried Shell","lease_number":null,"poll_year":2024}},{"type":"Feature","id":"ff2d607b-d530-4265-ba98-18487988efc4","geometry":{"type":"Point","coordinates":[-94.86667707015879,29.638567947616085]},"properties":{"substrate":"Mud","lease_number":null,"poll_year":2025}},{"type":"Feature","id":"ff451d04-8cac-4db3-bb33-d6f29476542b","geometry":{"type":"Point","coordinates":[-94.85744388293637,29.647809350249208]},"properties":{"substrate":"Solid Reef","lease_number":null,"poll_year":2023}},{"type":"Feature","id":"ff6b8a3c-a461-452f-b11c-1e2104c56045","geometry":{"type":"Point","coordinates":[-94.86522994082995,29.6381967796959]},"properties":{"substrate":"Solid Reef","lease_number":null,"poll_year":2025}},{"type":"Feature","id":"ff7a4dff-8ff8-4492-8763-f57fa72c9eba","geometry":{"type":"Point","coordinates":[-94.87614666162465,29.611981317148583]},"properties":{"substrate":"Mud","lease_number":null,"poll_year":2025}},{"type":"Feature","id":"ff885280-2dd9-4f28-bc80-3feb817dad2a","geometry":{"type":"Point","coordinates":[-94.87511963303169,29.61268128438873]},"properties":{"substrate":"Mud","lease_number":null,"poll_year":2024}},{"type":"Feature","id":"ffb9a962-346e-4b64-87b9-8abb786eca79","geometry":{"type":"Point","coordinates":[-94.86603612040695,29.639957525716774]},"properties":{"substrate":"Solid Reef","lease_number":null,"poll_year":2025}},{"type":"Feature","id":"ffb9ecbf-1e0f-45fc-a047-de2687278e96","geometry":{"type":"Point","coordinates":[-94.85477237412978,29.647513626992186]},"properties":{"substrate":"Mud","lease_number":null,"poll_year":2025}}]}