{"type": "FeatureCollection", "features": [{"id": "0", "type": "Feature", "properties": {"name": "CL940006", "source": "Coastal_Lease_Polygon_C_TCMS", "category": "restoration-area", "acres": 10.1}, "geometry": {"type": "Polygon", "coordinates": [[[-94.09366, 30.130723], [-94.093379, 30.130454], [-94.093204, 30.130335], [-94.092943, 30.130246], [-94.092977, 30.130126], [-94.093098, 30.130079], [-94.093568, 30.130287], [-94.094055, 30.130433], [-94.094665, 30.130654], [-94.094839, 30.130698], [-94.096191, 30.130687], [-94.097092, 30.132111], [-94.096678, 30.132326], [-94.096092, 30.132662], [-94.095952, 30.132558], [-94.095813, 30.132544], [-94.095463, 30.132261], [-94.095444, 30.13214], [-94.094568, 30.131333], [-94.09366, 30.130723]]]}}, {"id": "1", "type": "Feature", "properties": {"name": "LC20030010", "source": "Coastal_Lease_Polygon_C_TCMS", "category": "restoration-area", "acres": 12.38}, "geometry": {"type": "Polygon", "coordinates": [[[-94.094895, 30.086926], [-94.095114, 30.086647], [-94.096959, 30.088041], [-94.099073, 30.090013], [-94.099511, 30.090716], [-94.099526, 30.090994], [-94.099299, 30.091595], [-94.099033, 30.091961], [-94.098292, 30.092834], [-94.097573, 30.093461], [-94.096912, 30.093809], [-94.096571, 30.094143], [-94.096391, 30.094487], [-94.096395, 30.094883], [-94.096717, 30.095409], [-94.097663, 30.096134], [-94.097185, 30.096271], [-94.096327, 30.095617], [-94.096142, 30.095356], [-94.095952, 30.094919], [-94.095946, 30.094352], [-94.096298, 30.093867], [-94.096821, 30.093381], [-94.097397, 30.093173], [-94.097922, 30.092741], [-94.099039, 30.091447], [-94.099208, 30.091146], [-94.099141, 30.090655], [-94.098816, 30.090197], [-94.098009, 30.089487], [-94.097299, 30.088766], [-94.096182, 30.087887], [-94.094895, 30.086926]]]}}, {"id": "2", "type": "Feature", "properties": {"name": "CE20010078", "source": "Coastal_Lease_Polygon_C_TCMS", "category": "restoration-area", "acres": 3.28}, "geometry": {"type": "Polygon", "coordinates": [[[-94.832641, 29.738966], [-94.833113, 29.73861], [-94.833382, 29.738834], [-94.833534, 29.738788], [-94.834224, 29.739426], [-94.833474, 29.740028], [-94.832526, 29.739175], [-94.832641, 29.738966]]]}}, {"id": "3", "type": "Feature", "properties": {"name": "CL900007", "source": "Coastal_Lease_Polygon_C_TCMS", "category": "restoration-area", "acres": 355.71}, "geometry": {"type": "Polygon", "coordinates": [[[-95.089566, 29.604052], [-95.089671, 29.603699], [-95.089677, 29.603405], [-95.089661, 29.603245], [-95.089612, 29.60309], [-95.089557, 29.602976], [-95.089513, 29.602788], [-95.089583, 29.602471], [-95.089554, 29.602232], [-95.089632, 29.602145], [-95.089729, 29.601735], [-95.08975, 29.601505], [-95.089728, 29.601402], [-95.089765, 29.601275], [-95.089841, 29.60112], [-95.08981, 29.600884], [-95.089609, 29.601054], [-95.089505, 29.601073], [-95.08939, 29.600965], [-95.089362, 29.600857], [-95.089446, 29.600768], [-95.089595, 29.60068], [-95.089651, 29.600512], [-95.089648, 29.600397], [-95.089561, 29.600306], [-95.089421, 29.600218], [-95.089115, 29.600089], [-95.089421, 29.599419], [-95.089554, 29.599165], [-95.08972, 29.598921], [-95.089698, 29.598795], [-95.089762, 29.59873], [-95.0899, 29.598717], [-95.090097, 29.598673], [-95.090345, 29.598599], [-95.090485, 29.598656], [-95.090622, 29.598631], [-95.090838, 29.598553], [-95.091327, 29.598519], [-95.091359, 29.598455], [-95.09122, 29.598405], [-95.090865, 29.598384], [-95.090683, 29.598206], [-95.090628, 29.598088], [-95.090733, 29.597793], [-95.090711, 29.597642], [-95.090678, 29.597642], [-95.09082, 29.597543], [-95.090891, 29.59745], [-95.090888, 29.597335], [-95.090847, 29.597243], [-95.090832, 29.597135], [-95.090693, 29.596972], [-95.090652, 29.596865], [-95.090564, 29.596751], [-95.090486, 29.596511], [-95.090343, 29.595961], [-95.090224, 29.595606], [-95.090143, 29.595495], [-95.089954, 29.59561], [-95.089795, 29.595538], [-95.089716, 29.59554], [-95.089343, 29.595703], [-95.089309, 29.595641], [-95.089432, 29.595474], [-95.089526, 29.595276], [-95.089595, 29.595068], [-95.089677, 29.594913], [-95.08971, 29.594753], [-95.089661, 29.594523], [-95.089565, 29.594459], [-95.089348, 29.59446], [-95.089256, 29.594439], [-95.089069, 29.594303], [-95.088689, 29.594078], [-95.088543, 29.594036], [-95.088398, 29.594038], [-95.088228, 29.594011], [-95.087909, 29.593931], [-95.087732, 29.593933], [-95.087501, 29.593912], [-95.087216, 29.593804], [-95.086845, 29.593695], [-95.086719, 29.593645], [-95.086571, 29.593514], [-95.086239, 29.593375], [-95.085966, 29.593226], [-95.085913, 29.593179], [-95.085858, 29.593083], [-95.085778, 29.593003], [-95.085572, 29.592932], [-95.085434, 29.592934], [-95.085177, 29.593065], [-95.085201, 29.593116], [-95.085257, 29.593095], [-95.085249, 29.593154], [-95.085348, 29.593206], [-95.085402, 29.593259], [-95.085364, 29.593353], [-95.085366, 29.593488], [-95.085395, 29.593602], [-95.085355, 29.593901], [-95.085227, 29.594047], [-95.085227, 29.594169], [-95.085157, 29.594199], [-95.085092, 29.594121], [-95.085018, 29.594132], [-95.084913, 29.594156], [-95.084854, 29.594242], [-95.08479, 29.594262], [-95.084599, 29.594258], [-95.084519, 29.594232], [-95.084373, 29.594146], [-95.083941, 29.593948], [-95.083775, 29.593899], [-95.083518, 29.593864], [-95.083269, 29.593674], [-95.082939, 29.593537], [-95.082848, 29.593453], [-95.082562, 29.593469], [-95.082411, 29.59346], [-95.082234, 29.59349], [-95.082085, 29.593573], [-95.081806, 29.593659], [-95.081627, 29.59365], [-95.081426, 29.593602], [-95.081294, 29.593552], [-95.081077, 29.593384], [-95.080967, 29.593343], [-95.080907, 29.593204], [-95.080897, 29.593118], [-95.080582, 29.59285], [-95.080461, 29.592771], [-95.080419, 29.592848], [-95.080339, 29.592804], [-95.080284, 29.592724], [-95.080184, 29.592717], [-95.080077, 29.592644], [-95.079865, 29.592543], [-95.079449, 29.592072], [-95.079378, 29.59189], [-95.07932, 29.591643], [-95.079334, 29.591034], [-95.079526, 29.590641], [-95.07954, 29.590525], [-95.079524, 29.590314], [-95.079583, 29.590006], [-95.079642, 29.589872], [-95.079739, 29.589746], [-95.079926, 29.58964], [-95.080365, 29.589628], [-95.080464, 29.589681], [-95.08079, 29.589534], [-95.081058, 29.589441], [-95.081182, 29.589372], [-95.081238, 29.589256], [-95.081188, 29.589214], [-95.081155, 29.58905], [-95.081022, 29.588797], [-95.080946, 29.588708], [-95.080821, 29.588638], [-95.080632, 29.58849], [-95.080474, 29.588291], [-95.080381, 29.588029], [-95.080198, 29.587797], [-95.080111, 29.587724], [-95.079963, 29.587553], [-95.079917, 29.587574], [-95.07989, 29.587653], [-95.079724, 29.587951], [-95.07964, 29.588056], [-95.079536, 29.588132], [-95.078985, 29.588339], [-95.078797, 29.588392], [-95.078696, 29.588486], [-95.078135, 29.588599], [-95.077876, 29.588623], [-95.077723, 29.588697], [-95.077481, 29.588776], [-95.077277, 29.588804], [-95.076749, 29.589195], [-95.076619, 29.589342], [-95.076449, 29.58943], [-95.076322, 29.589558], [-95.07621, 29.589547], [-95.076123, 29.589469], [-95.07614, 29.589336], [-95.076297, 29.588999], [-95.07632, 29.588841], [-95.076157, 29.588571], [-95.075785, 29.588076], [-95.075553, 29.587701], [-95.075332, 29.587145], [-95.075209, 29.586968], [-95.075077, 29.586738], [-95.074835, 29.586516], [-95.074593, 29.586446], [-95.074395, 29.586449], [-95.074103, 29.58642], [-95.07331, 29.586306], [-95.07303, 29.586418], [-95.072545, 29.586518], [-95.072347, 29.586528], [-95.072255, 29.586494], [-95.071912, 29.586476], [-95.07172, 29.586439], [-95.071658, 29.586467], [-95.071653, 29.58653], [-95.071549, 29.586588], [-95.071392, 29.586642], [-95.071209, 29.586675], [-95.071066, 29.586763], [-95.070874, 29.586725], [-95.070741, 29.586648], [-95.070632, 29.586465], [-95.070602, 29.58631], [-95.070485, 29.586048], [-95.070315, 29.585757], [-95.070215, 29.585384], [-95.070105, 29.585126], [-95.070076, 29.584978], [-95.070086, 29.584818], [-95.070071, 29.584708], [-95.069982, 29.584565], [-95.069792, 29.584344], [-95.069531, 29.5841], [-95.069355, 29.583839], [-95.069305, 29.583691], [-95.069223, 29.583519], [-95.069181, 29.583526], [-95.069068, 29.583372], [-95.068978, 29.583148], [-95.068858, 29.583064], [-95.068406, 29.58253], [-95.0681, 29.582352], [-95.068004, 29.582186], [-95.067975, 29.582025], [-95.067848, 29.581948], [-95.067694, 29.581812], [-95.067616, 29.581667], [-95.067602, 29.581561], [-95.067485, 29.581558], [-95.067397, 29.581488], [-95.067195, 29.581204], [-95.067035, 29.581096], [-95.067096, 29.581034], [-95.067008, 29.580916], [-95.067005, 29.580767], [-95.06717, 29.580465], [-95.06735, 29.580261], [-95.067564, 29.580125], [-95.068233, 29.579339], [-95.06827, 29.579223], [-95.068141, 29.579187], [-95.068064, 29.578976], [-95.068012, 29.578808], [-95.068021, 29.578494], [-95.068047, 29.578329], [-95.068237, 29.577764], [-95.068423, 29.577538], [-95.068446, 29.577393], [-95.068431, 29.577279], [-95.068337, 29.577206], [-95.068164, 29.577123], [-95.068004, 29.576938], [-95.06789, 29.57671], [-95.067892, 29.576646], [-95.067811, 29.576623], [-95.067649, 29.576361], [-95.067572, 29.576033], [-95.067586, 29.57592], [-95.067643, 29.575865], [-95.067518, 29.575854], [-95.067482, 29.575784], [-95.067499, 29.575698], [-95.067565, 29.575652], [-95.067627, 29.57571], [-95.067664, 29.575824], [-95.067741, 29.575704], [-95.068267, 29.574475], [-95.068266, 29.574279], [-95.06818, 29.57426], [-95.068103, 29.574196], [-95.068086, 29.57391], [-95.067849, 29.573537], [-95.067854, 29.573374], [-95.068279, 29.572499], [-95.068538, 29.572121], [-95.068704, 29.572073], [-95.068807, 29.572198], [-95.068892, 29.572474], [-95.069066, 29.573888], [-95.06919, 29.574328], [-95.069293, 29.574421], [-95.069475, 29.574456], [-95.069625, 29.574377], [-95.069761, 29.573611], [-95.069896, 29.57316], [-95.070206, 29.572372], [-95.07036, 29.572117], [-95.07048, 29.572027], [-95.070661, 29.571997], [-95.070893, 29.572046], [-95.071046, 29.572106], [-95.071105, 29.572484], [-95.071139, 29.572912], [-95.071053, 29.574637], [-95.071534, 29.574749], [-95.07162, 29.574899], [-95.071591, 29.575129], [-95.071708, 29.575676], [-95.071712, 29.575881], [-95.071907, 29.576408], [-95.071918, 29.576615], [-95.071997, 29.576794], [-95.07204, 29.576943], [-95.072115, 29.577086], [-95.07223, 29.577228], [-95.07241, 29.577334], [-95.072649, 29.577445], [-95.07273, 29.577525], [-95.072653, 29.577648], [-95.072397, 29.577979], [-95.072139, 29.578231], [-95.071956, 29.578331], [-95.07159, 29.578445], [-95.07146, 29.578506], [-95.071351, 29.578679], [-95.071229, 29.578814], [-95.071301, 29.579095], [-95.071264, 29.579251], [-95.071201, 29.579374], [-95.071177, 29.579489], [-95.071027, 29.579859], [-95.070978, 29.580031], [-95.070715, 29.580369], [-95.07069, 29.580755], [-95.070713, 29.58091], [-95.070703, 29.5811], [-95.070828, 29.581391], [-95.070968, 29.581482], [-95.071288, 29.581666], [-95.071717, 29.581729], [-95.071849, 29.581766], [-95.072015, 29.581844], [-95.072202, 29.581979], [-95.072467, 29.582214], [-95.072697, 29.582515], [-95.072912, 29.582737], [-95.073099, 29.582901], [-95.073188, 29.583055], [-95.073336, 29.583202], [-95.073516, 29.583307], [-95.073743, 29.583511], [-95.073839, 29.583683], [-95.073909, 29.58386], [-95.073966, 29.583947], [-95.074192, 29.584054], [-95.074647, 29.584099], [-95.074918, 29.584158], [-95.075431, 29.584161], [-95.075551, 29.584189], [-95.075821, 29.584196], [-95.075966, 29.584239], [-95.076473, 29.58422], [-95.076652, 29.58432], [-95.076813, 29.584438], [-95.077005, 29.584493], [-95.07713, 29.58448], [-95.07745, 29.584378], [-95.077557, 29.584293], [-95.077947, 29.584057], [-95.078097, 29.584029], [-95.078092, 29.584059], [-95.077915, 29.584125], [-95.077864, 29.584173], [-95.077957, 29.584228], [-95.077893, 29.584326], [-95.077591, 29.584682], [-95.077437, 29.584892], [-95.077413, 29.585008], [-95.077515, 29.585166], [-95.077564, 29.585276], [-95.07754, 29.585385], [-95.077468, 29.585438], [-95.077409, 29.585439], [-95.077404, 29.585513], [-95.077569, 29.585544], [-95.078228, 29.585575], [-95.078608, 29.58549], [-95.07915, 29.585314], [-95.079315, 29.585339], [-95.079522, 29.585457], [-95.079721, 29.585524], [-95.080113, 29.585723], [-95.080312, 29.58579], [-95.080469, 29.585765], [-95.080566, 29.585682], [-95.080672, 29.58571], [-95.080799, 29.585789], [-95.080962, 29.586044], [-95.081393, 29.586515], [-95.081501, 29.586674], [-95.081577, 29.586857], [-95.081699, 29.587022], [-95.081872, 29.587101], [-95.082327, 29.587128], [-95.082428, 29.586914], [-95.08255, 29.586808], [-95.082869, 29.58663], [-95.083066, 29.586615], [-95.083858, 29.586729], [-95.084115, 29.586748], [-95.084365, 29.586744], [-95.084608, 29.586717], [-95.084897, 29.586656], [-95.085106, 29.58659], [-95.085308, 29.586499], [-95.085449, 29.586307], [-95.085537, 29.586083], [-95.085619, 29.585944], [-95.085767, 29.58575], [-95.086007, 29.585592], [-95.086268, 29.5855], [-95.086484, 29.585456], [-95.086794, 29.58547], [-95.087026, 29.585552], [-95.087216, 29.585661], [-95.0877, 29.585821], [-95.088046, 29.586023], [-95.088201, 29.586187], [-95.088275, 29.586312], [-95.088372, 29.586541], [-95.088471, 29.586533], [-95.088829, 29.586356], [-95.088959, 29.58625], [-95.089028, 29.586127], [-95.08899, 29.585875], [-95.089278, 29.585444], [-95.089478, 29.585263], [-95.089913, 29.584974], [-95.089983, 29.584853], [-95.089961, 29.584739], [-95.090018, 29.584645], [-95.090148, 29.584587], [-95.090294, 29.58463], [-95.090344, 29.584502], [-95.090377, 29.584367], [-95.090368, 29.584218], [-95.090302, 29.583908], [-95.090219, 29.58372], [-95.090137, 29.583554], [-95.089968, 29.58336], [-95.089601, 29.58308], [-95.089532, 29.582959], [-95.089523, 29.582792], [-95.089534, 29.5827], [-95.089703, 29.582769], [-95.089686, 29.582907], [-95.089788, 29.58305], [-95.089956, 29.583243], [-95.090121, 29.583252], [-95.090202, 29.583336], [-95.090331, 29.583531], [-95.090544, 29.583958], [-95.090572, 29.584091], [-95.090553, 29.584436], [-95.090436, 29.584824], [-95.090436, 29.58497], [-95.090499, 29.585477], [-95.090383, 29.585677], [-95.089963, 29.586074], [-95.089805, 29.586167], [-95.089506, 29.586298], [-95.089356, 29.586381], [-95.089011, 29.586957], [-95.088866, 29.587113], [-95.088745, 29.587205], [-95.088794, 29.587218], [-95.0889, 29.587175], [-95.088966, 29.587251], [-95.089025, 29.587232], [-95.08899, 29.587163], [-95.089, 29.587129], [-95.089099, 29.587107], [-95.089254, 29.587147], [-95.089322, 29.587273], [-95.089353, 29.587371], [-95.089551, 29.58747], [-95.089794, 29.587497], [-95.089844, 29.58749], [-95.089846, 29.587445], [-95.089899, 29.587424], [-95.090189, 29.587848], [-95.090405, 29.588097], [-95.090388, 29.588235], [-95.090409, 29.588309], [-95.090398, 29.58839], [-95.090313, 29.588437], [-95.090248, 29.588444], [-95.090089, 29.588395], [-95.090016, 29.588401], [-95.089968, 29.58844], [-95.089924, 29.588425], [-95.089779, 29.588325], [-95.089739, 29.588249], [-95.089467, 29.58822], [-95.089412, 29.588252], [-95.089348, 29.588253], [-95.08933, 29.588197], [-95.089236, 29.588151], [-95.089102, 29.588111], [-95.088904, 29.588098], [-95.088652, 29.587978], [-95.088573, 29.587959], [-95.088538, 29.587986], [-95.088445, 29.587938], [-95.0883, 29.587812], [-95.088234, 29.587788], [-95.088166, 29.587724], [-95.088023, 29.587501], [-95.087625, 29.587306], [-95.087478, 29.587211], [-95.087203, 29.586974], [-95.087028, 29.586752], [-95.086961, 29.586696], [-95.086912, 29.586711], [-95.086835, 29.586804], [-95.086772, 29.586954], [-95.086574, 29.587273], [-95.086557, 29.587372], [-95.086554, 29.587562], [-95.086498, 29.587712], [-95.086408, 29.587817], [-95.086401, 29.588038], [-95.086419, 29.588074], [-95.086457, 29.58808], [-95.086444, 29.588148], [-95.086365, 29.588187], [-95.086339, 29.58847], [-95.086308, 29.588558], [-95.086303, 29.588655], [-95.08639, 29.588728], [-95.086445, 29.588813], [-95.086401, 29.588913], [-95.08642, 29.588969], [-95.086493, 29.589011], [-95.086549, 29.589003], [-95.086614, 29.589054], [-95.086636, 29.589133], [-95.086827, 29.589249], [-95.086896, 29.589336], [-95.086939, 29.589496], [-95.086929, 29.589651], [-95.086988, 29.589761], [-95.086937, 29.589805], [-95.086979, 29.589881], [-95.086921, 29.589974], [-95.086988, 29.590111], [-95.086933, 29.59031], [-95.086875, 29.590358], [-95.086715, 29.590386], [-95.086646, 29.590421], [-95.086582, 29.590379], [-95.086448, 29.59041], [-95.086237, 29.590368], [-95.086189, 29.590288], [-95.086143, 29.5903], [-95.086063, 29.590249], [-95.086028, 29.590169], [-95.085958, 29.590163], [-95.085876, 29.590103], [-95.085555, 29.589849], [-95.085347, 29.589656], [-95.084932, 29.589331], [-95.084752, 29.589223], [-95.084238, 29.588857], [-95.084023, 29.58866], [-95.083809, 29.588492], [-95.083731, 29.588391], [-95.083658, 29.588363], [-95.083634, 29.588406], [-95.083335, 29.5883], [-95.083197, 29.588305], [-95.083101, 29.588347], [-95.083009, 29.588459], [-95.082981, 29.588622], [-95.082923, 29.588749], [-95.082918, 29.588846], [-95.082845, 29.588951], [-95.08277, 29.589331], [-95.082655, 29.589518], [-95.082645, 29.589656], [-95.082559, 29.589946], [-95.082363, 29.590276], [-95.082107, 29.590519], [-95.081957, 29.590625], [-95.081612, 29.590791], [-95.081457, 29.590897], [-95.081354, 29.591061], [-95.081369, 29.591158], [-95.08141, 29.591209], [-95.081837, 29.591421], [-95.081949, 29.591464], [-95.082107, 29.591462], [-95.082416, 29.591497], [-95.082523, 29.591559], [-95.082763, 29.591733], [-95.08288, 29.591939], [-95.083081, 29.592155], [-95.083228, 29.592261], [-95.08337, 29.59231], [-95.083503, 29.592319], [-95.083718, 29.592289], [-95.083803, 29.592319], [-95.084091, 29.592317], [-95.084398, 29.592425], [-95.084527, 29.592454], [-95.084756, 29.592442], [-95.084919, 29.592358], [-95.085074, 29.592225], [-95.085254, 29.592037], [-95.08574, 29.591666], [-95.08623, 29.591519], [-95.086547, 29.591527], [-95.086666, 29.591566], [-95.086955, 29.591701], [-95.087048, 29.591725], [-95.087122, 29.591809], [-95.087375, 29.591972], [-95.087647, 29.59206], [-95.087807, 29.592177], [-95.087915, 29.592286], [-95.087976, 29.592378], [-95.088069, 29.592415], [-95.088648, 29.592442], [-95.089033, 29.592566], [-95.089158, 29.592589], [-95.089324, 29.592713], [-95.089272, 29.592881], [-95.089408, 29.592903], [-95.089485, 29.592886], [-95.089724, 29.592919], [-95.08992, 29.592999], [-95.090226, 29.593048], [-95.090311, 29.593126], [-95.090536, 29.593179], [-95.090676, 29.593551], [-95.09097, 29.594433], [-95.090966, 29.594559], [-95.090926, 29.594718], [-95.090942, 29.594837], [-95.090913, 29.595], [-95.090881, 29.595068], [-95.090797, 29.595117], [-95.090788, 29.595173], [-95.090811, 29.595222], [-95.090789, 29.595387], [-95.090802, 29.595489], [-95.090963, 29.595811], [-95.091078, 29.595974], [-95.09118, 29.596162], [-95.0914, 29.596614], [-95.091756, 29.596983], [-95.091899, 29.597181], [-95.092349, 29.597641], [-95.092452, 29.59784], [-95.092529, 29.598051], [-95.092534, 29.598303], [-95.0925, 29.598552], [-95.092497, 29.598741], [-95.092435, 29.598905], [-95.092098, 29.599179], [-95.091997, 29.599557], [-95.091921, 29.599673], [-95.091822, 29.59967], [-95.091751, 29.599615], [-95.091565, 29.599663], [-95.09155, 29.59972], [-95.091433, 29.599805], [-95.091188, 29.599865], [-95.09068, 29.599821], [-95.090587, 29.599782], [-95.090576, 29.599879], [-95.090597, 29.599935], [-95.090592, 29.600089], [-95.090671, 29.600191], [-95.09075, 29.600355], [-95.090893, 29.600571], [-95.091121, 29.600773], [-95.091176, 29.600901], [-95.091109, 29.601184], [-95.09112, 29.601366], [-95.091029, 29.601419], [-95.090932, 29.601513], [-95.091, 29.601645], [-95.091122, 29.601781], [-95.091178, 29.601947], [-95.091135, 29.602108], [-95.09102, 29.60227], [-95.090884, 29.602382], [-95.090721, 29.602455], [-95.09057, 29.602491], [-95.090399, 29.602487], [-95.090276, 29.602588], [-95.090193, 29.602709], [-95.090188, 29.602808], [-95.090296, 29.602897], [-95.091, 29.603231], [-95.091153, 29.60328], [-95.091337, 29.603262], [-95.091529, 29.603344], [-95.091558, 29.603448], [-95.091691, 29.603543], [-95.091288, 29.604061], [-95.091078, 29.603952], [-95.090906, 29.603902], [-95.09078, 29.603893], [-95.090532, 29.60396], [-95.090341, 29.603988], [-95.089984, 29.603924], [-95.089788, 29.603961], [-95.089638, 29.604055], [-95.089566, 29.604052]]]}}, {"id": "4", "type": "Feature", "properties": {"name": "SL20010017", "source": "Coastal_Lease_Polygon_C_TCMS", "category": "restoration-area", "acres": 1.92}, "geometry": {"type": "Polygon", "coordinates": [[[-94.774262, 29.382425], [-94.774499, 29.382285], [-94.775439, 29.383101], [-94.774945, 29.383435], [-94.774067, 29.382689], [-94.774108, 29.382583], [-94.774262, 29.382425]]]}}, {"id": "5", "type": "Feature", "properties": {"name": "SL810690", "source": "Coastal_Lease_Polygon_C_TCMS", "category": "restoration-area", "acres": 6.53}, "geometry": {"type": "Polygon", "coordinates": [[[-94.774897, 29.381725], [-94.775727, 29.381044], [-94.776823, 29.382081], [-94.775459, 29.383086], [-94.774506, 29.382257], [-94.774562, 29.382108], [-94.774673, 29.381939], [-94.774897, 29.381725]]]}}, {"id": "6", "type": "Feature", "properties": {"name": "SL830006", "source": "Coastal_Lease_Polygon_C_TCMS", "category": "restoration-area", "acres": 4.14}, "geometry": {"type": "Polygon", "coordinates": [[[-94.775746, 29.381026], [-94.776571, 29.380383], [-94.777652, 29.381403], [-94.776842, 29.382068], [-94.775746, 29.381026]]]}}, {"id": "7", "type": "Feature", "properties": {"name": "SL20010017", "source": "Coastal_Lease_Polygon_C_TCMS", "category": "restoration-area", "acres": 6.34}, "geometry": {"type": "Polygon", "coordinates": [[[-94.777463, 29.37989], [-94.778356, 29.379465], [-94.779096, 29.380184], [-94.777675, 29.381383], [-94.776598, 29.380362], [-94.777012, 29.380087], [-94.777463, 29.37989]]]}}, {"id": "8", "type": "Feature", "properties": {"name": "LC20030022", "source": "Coastal_Lease_Polygon_C_TCMS", "category": "restoration-area", "acres": 54.69}, "geometry": {"type": "Polygon", "coordinates": [[[-94.983093, 29.293994], [-94.985603, 29.29098], [-94.990116, 29.293805], [-94.987664, 29.296769], [-94.983093, 29.293994]]]}}, {"id": "9", "type": "Feature", "properties": {"name": "SL20160012", "source": "Coastal_Lease_Polygon_C_TCMS", "category": "restoration-area", "acres": 562.16}, "geometry": {"type": "Polygon", "coordinates": [[[-94.864494, 29.368282], [-94.883573, 29.359412], [-94.883619, 29.365371], [-94.87789, 29.365405], [-94.878001, 29.37977], [-94.8621, 29.375977], [-94.864494, 29.368282]]]}}, {"id": "10", "type": "Feature", "properties": {"name": "SL20160012", "source": "Coastal_Lease_Polygon_C_TCMS", "category": "restoration-area", "acres": 49.25}, "geometry": {"type": "Polygon", "coordinates": [[[-94.886088, 29.359855], [-94.890923, 29.359826], [-94.891175, 29.360909], [-94.891375, 29.361999], [-94.890719, 29.362185], [-94.890085, 29.362423], [-94.889479, 29.36271], [-94.889093, 29.362929], [-94.888723, 29.363168], [-94.888202, 29.363562], [-94.887879, 29.363847], [-94.887576, 29.364149], [-94.887295, 29.364467], [-94.887038, 29.3648], [-94.886697, 29.365323], [-94.886133, 29.365643], [-94.886088, 29.359855]]]}}, {"id": "11", "type": "Feature", "properties": {"name": "SL20160012", "source": "Coastal_Lease_Polygon_C_TCMS", "category": "restoration-area", "acres": 8.15}, "geometry": {"type": "Polygon", "coordinates": [[[-94.885571, 29.358483], [-94.888965, 29.356668], [-94.88898, 29.358463], [-94.885571, 29.358483]]]}}, {"id": "12", "type": "Feature", "properties": {"name": "SL20160012", "source": "Coastal_Lease_Polygon_C_TCMS", "category": "restoration-area", "acres": 5.16}, "geometry": {"type": "Polygon", "coordinates": [[[-94.890841, 29.355664], [-94.896128, 29.355666], [-94.896067, 29.355757], [-94.896581, 29.356024], [-94.890844, 29.356022], [-94.890841, 29.355664]]]}}, {"id": "13", "type": "Feature", "properties": {"name": "SL20160012", "source": "Coastal_Lease_Polygon_C_TCMS", "category": "restoration-area", "acres": 9.17}, "geometry": {"type": "Polygon", "coordinates": [[[-94.897387, 29.355667], [-94.906857, 29.35567], [-94.906856, 29.356027], [-94.897061, 29.356024], [-94.897387, 29.355667]]]}}, {"id": "14", "type": "Feature", "properties": {"name": "SL20110042", "source": "Coastal_Lease_Polygon_C_TCMS", "category": "restoration-area", "acres": 36.73}, "geometry": {"type": "Polygon", "coordinates": [[[-94.799803, 29.308378], [-94.802454, 29.308262], [-94.806061, 29.308194], [-94.808836, 29.308282], [-94.817417, 29.308771], [-94.817392, 29.309114], [-94.808816, 29.308625], [-94.806058, 29.308538], [-94.802468, 29.308605], [-94.799842, 29.308721], [-94.796859, 29.309111], [-94.79402, 29.310004], [-94.792576, 29.310604], [-94.791107, 29.31128], [-94.789706, 29.312058], [-94.78551, 29.314601], [-94.783824, 29.315793], [-94.782355, 29.317189], [-94.781136, 29.318535], [-94.780828, 29.318322], [-94.782057, 29.316965], [-94.783555, 29.315542], [-94.785275, 29.314326], [-94.789489, 29.311771], [-94.790911, 29.310982], [-94.792401, 29.310296], [-94.793869, 29.309686], [-94.796763, 29.308776], [-94.799803, 29.308378]]]}}, {"id": "15", "type": "Feature", "properties": {"name": "SL20120044", "source": "Coastal_Lease_Polygon_C_TCMS", "category": "restoration-area", "acres": 3.0}, "geometry": {"type": "Polygon", "coordinates": [[[-97.387971, 27.836976], [-97.388589, 27.836746], [-97.389432, 27.837301], [-97.388941, 27.837972], [-97.387745, 27.837309], [-97.387971, 27.836976]]]}}, {"id": "16", "type": "Feature", "properties": {"name": "SL20100036", "source": "Coastal_Lease_Polygon_C_TCMS", "category": "restoration-area", "acres": 4.37}, "geometry": {"type": "Polygon", "coordinates": [[[-95.074313, 29.132246], [-95.07466, 29.132134], [-95.075214, 29.132832], [-95.075233, 29.132935], [-95.075209, 29.133018], [-95.07517, 29.133088], [-95.075002, 29.133263], [-95.074775, 29.133431], [-95.074417, 29.133502], [-95.074223, 29.133511], [-95.074066, 29.133488], [-95.073784, 29.133318], [-95.073608, 29.133143], [-95.07359, 29.133018], [-95.073646, 29.132747], [-95.073625, 29.132622], [-95.073628, 29.132519], [-95.073685, 29.132421], [-95.073744, 29.132393], [-95.074074, 29.132284], [-95.074313, 29.132246]]]}}, {"id": "17", "type": "Feature", "properties": {"name": "SL20070047", "source": "Coastal_Lease_Polygon_C_TCMS", "category": "restoration-area", "acres": 2238.46}, "geometry": {"type": "Polygon", "coordinates": [[[-95.231957, 28.847915], [-95.262926, 28.823118], [-95.278162, 28.837912], [-95.247286, 28.862708], [-95.231957, 28.847915]]]}}, {"id": "18", "type": "Feature", "properties": {"name": "SL20070047", "source": "Coastal_Lease_Polygon_C_TCMS", "category": "restoration-area", "acres": 884.86}, "geometry": {"type": "Polygon", "coordinates": [[[-95.236844, 28.847506], [-95.253, 28.834477], [-95.26458, 28.845651], [-95.248426, 28.858626], [-95.236844, 28.847506]]]}}, {"id": "19", "type": "Feature", "properties": {"name": "SL20070047", "source": "Coastal_Lease_Polygon_C_TCMS", "category": "restoration-area", "acres": 1292.96}, "geometry": {"type": "Polygon", "coordinates": [[[-95.254561, 28.891187], [-95.283379, 28.867977], [-95.292873, 28.877108], [-95.264054, 28.900309], [-95.254561, 28.891187]]]}}, {"id": "20", "type": "Feature", "properties": {"name": "LC20140008", "source": "Coastal_Lease_Polygon_C_TCMS", "category": "restoration-area", "acres": 17.42}, "geometry": {"type": "Polygon", "coordinates": [[[-94.03325, 30.038627], [-94.03375, 30.038244], [-94.034926, 30.040118], [-94.035123, 30.041118], [-94.035118, 30.041939], [-94.03497, 30.042946], [-94.034523, 30.044068], [-94.033857, 30.044913], [-94.033184, 30.045614], [-94.030086, 30.047613], [-94.029729, 30.047142], [-94.030514, 30.046628], [-94.031399, 30.046085], [-94.032884, 30.045129], [-94.033498, 30.044472], [-94.034169, 30.043387], [-94.034555, 30.042416], [-94.034612, 30.041174], [-94.034283, 30.040075], [-94.03325, 30.038627]]]}}, {"id": "21", "type": "Feature", "properties": {"name": "SL20150018", "source": "Coastal_Lease_Polygon_C_TCMS", "category": "restoration-area", "acres": 1523.22}, "geometry": {"type": "Polygon", "coordinates": [[[-95.257279, 28.88299], [-95.291859, 28.867867], [-95.299267, 28.88083], [-95.266881, 28.896273], [-95.257279, 28.88299]]]}}, {"id": "22", "type": "Feature", "properties": {"name": "SL20150018", "source": "Coastal_Lease_Polygon_C_TCMS", "category": "restoration-area", "acres": 2418.1}, "geometry": {"type": "Polygon", "coordinates": [[[-95.241534, 28.843894], [-95.275456, 28.822388], [-95.291038, 28.838315], [-95.256268, 28.861053], [-95.241534, 28.843894]]]}}, {"id": "23", "type": "Feature", "properties": {"name": "SL950009", "source": "Coastal_Lease_Polygon_C_TCMS", "category": "restoration-area", "acres": 165.39}, "geometry": {"type": "Polygon", "coordinates": [[[-95.344047, 28.790521], [-95.352239, 28.790747], [-95.352019, 28.79828], [-95.343801, 28.798031], [-95.344047, 28.790521]]]}}, {"id": "24", "type": "Feature", "properties": {"name": "ME890075", "source": "Coastal_Lease_Polygon_C_TCMS", "category": "restoration-area", "acres": 10.06}, "geometry": {"type": "Polygon", "coordinates": [[[-95.628143, 28.765004], [-95.629998, 28.764444], [-95.630182, 28.764833], [-95.628351, 28.765371], [-95.62731, 28.765827], [-95.625931, 28.766629], [-95.62381, 28.767946], [-95.622809, 28.7685], [-95.622515, 28.768157], [-95.625661, 28.766241], [-95.627054, 28.765483], [-95.628143, 28.765004]]]}}, {"id": "25", "type": "Feature", "properties": {"name": "SL980011", "source": "Coastal_Lease_Polygon_C_TCMS", "category": "restoration-area", "acres": 1.66}, "geometry": {"type": "Polygon", "coordinates": [[[-96.270601, 28.689242], [-96.270807, 28.689163], [-96.270995, 28.689188], [-96.271597, 28.688972], [-96.271771, 28.688934], [-96.271896, 28.688929], [-96.272721, 28.688614], [-96.273288, 28.688251], [-96.273271, 28.687683], [-96.274253, 28.687336], [-96.27429, 28.687427], [-96.27334, 28.687754], [-96.273349, 28.688294], [-96.272727, 28.68869], [-96.271894, 28.689005], [-96.271705, 28.689022], [-96.271334, 28.689126], [-96.271009, 28.689258], [-96.270875, 28.689262], [-96.270766, 28.689246], [-96.270606, 28.689332], [-96.27026, 28.689367], [-96.270189, 28.6894], [-96.269971, 28.689617], [-96.269709, 28.68973], [-96.269535, 28.689768], [-96.269144, 28.69003], [-96.268494, 28.690259], [-96.268289, 28.690309], [-96.268271, 28.690378], [-96.268033, 28.690506], [-96.267521, 28.690854], [-96.267487, 28.690951], [-96.267501, 28.69102], [-96.267346, 28.691259], [-96.267252, 28.691223], [-96.267408, 28.690977], [-96.267475, 28.690812], [-96.267922, 28.690509], [-96.268225, 28.690329], [-96.268227, 28.69026], [-96.268496, 28.690182], [-96.269162, 28.689954], [-96.269553, 28.689685], [-96.269687, 28.68966], [-96.269909, 28.689568], [-96.270183, 28.68931], [-96.270238, 28.68929], [-96.270601, 28.689242]]]}}, {"id": "26", "type": "Feature", "properties": {"name": "SL980014", "source": "Coastal_Lease_Polygon_C_TCMS", "category": "restoration-area", "acres": 20.76}, "geometry": {"type": "Polygon", "coordinates": [[[-96.304868, 28.650866], [-96.305826, 28.650891], [-96.305935, 28.651035], [-96.306019, 28.651199], [-96.306173, 28.651725], [-96.306245, 28.65208], [-96.306375, 28.653927], [-96.306347, 28.654069], [-96.306358, 28.65472], [-96.306387, 28.655011], [-96.306278, 28.655701], [-96.306155, 28.656115], [-96.305948, 28.656671], [-96.306083, 28.656754], [-96.306095, 28.65701], [-96.306076, 28.657413], [-96.305987, 28.657552], [-96.305875, 28.657627], [-96.305798, 28.657763], [-96.305729, 28.657842], [-96.305825, 28.658135], [-96.30616, 28.658642], [-96.305062, 28.658617], [-96.304958, 28.658484], [-96.304836, 28.658213], [-96.304779, 28.657964], [-96.304779, 28.657653], [-96.304885, 28.657237], [-96.304975, 28.656654], [-96.305066, 28.656298], [-96.305185, 28.656017], [-96.305325, 28.655553], [-96.305354, 28.655369], [-96.305388, 28.654684], [-96.305361, 28.654464], [-96.305337, 28.653854], [-96.30541, 28.653488], [-96.305403, 28.653155], [-96.305339, 28.65222], [-96.30529, 28.651907], [-96.305233, 28.651673], [-96.30509, 28.651252], [-96.305008, 28.65106], [-96.304868, 28.650866]]]}}, {"id": "27", "type": "Feature", "properties": {"name": "CL880011", "source": "Coastal_Lease_Polygon_C_TCMS", "category": "restoration-area", "acres": 1.39}, "geometry": {"type": "Polygon", "coordinates": [[[-96.61167, 28.637153], [-96.611529, 28.637046], [-96.611571, 28.637005], [-96.611726, 28.637135], [-96.611863, 28.637128], [-96.612019, 28.63722], [-96.612074, 28.637301], [-96.612155, 28.637473], [-96.612164, 28.637588], [-96.612133, 28.637798], [-96.6121, 28.637906], [-96.612047, 28.637985], [-96.611955, 28.638044], [-96.611791, 28.638026], [-96.611577, 28.637967], [-96.611483, 28.6379], [-96.61145, 28.637845], [-96.611446, 28.637655], [-96.611471, 28.637544], [-96.611552, 28.637337], [-96.611656, 28.637224], [-96.611674, 28.637189], [-96.61167, 28.637153]]]}}, {"id": "28", "type": "Feature", "properties": {"name": "CL820014", "source": "Coastal_Lease_Polygon_C_TCMS", "category": "restoration-area", "acres": 589.73}, "geometry": {"type": "Polygon", "coordinates": [[[-96.41046, 28.401519], [-96.407413, 28.400965], [-96.406602, 28.401376], [-96.406067, 28.39951], [-96.411687, 28.399804], [-96.418222, 28.399267], [-96.418152, 28.40386], [-96.419258, 28.40583], [-96.415748, 28.413772], [-96.410412, 28.417102], [-96.409496, 28.41979], [-96.409881, 28.421124], [-96.408951, 28.423165], [-96.407234, 28.42283], [-96.40202, 28.417838], [-96.401354, 28.416152], [-96.40229, 28.409355], [-96.410686, 28.409161], [-96.41046, 28.401519]]]}}, {"id": "29", "type": "Feature", "properties": {"name": "CL820014", "source": "Coastal_Lease_Polygon_C_TCMS", "category": "restoration-area", "acres": 2844.44}, "geometry": {"type": "Polygon", "coordinates": [[[-96.421476, 28.397024], [-96.421435, 28.396391], [-96.415281, 28.396663], [-96.414471, 28.384248], [-96.406789, 28.384588], [-96.407793, 28.374433], [-96.409851, 28.374195], [-96.407399, 28.358355], [-96.408717, 28.358202], [-96.412408, 28.362815], [-96.419017, 28.358585], [-96.416169, 28.355112], [-96.425495, 28.349141], [-96.426493, 28.350388], [-96.445202, 28.338407], [-96.446335, 28.339822], [-96.439151, 28.344004], [-96.441312, 28.35207], [-96.435587, 28.361253], [-96.433257, 28.37123], [-96.437363, 28.370443], [-96.438557, 28.369746], [-96.441292, 28.36998], [-96.441115, 28.370565], [-96.439578, 28.371782], [-96.44229, 28.37243], [-96.445051, 28.370536], [-96.4457, 28.370789], [-96.445731, 28.371475], [-96.445284, 28.372466], [-96.444353, 28.373121], [-96.43888, 28.374168], [-96.434088, 28.37791], [-96.429791, 28.382599], [-96.429053, 28.387141], [-96.427301, 28.388766], [-96.421264, 28.392572], [-96.422202, 28.393828], [-96.426289, 28.393105], [-96.426772, 28.393425], [-96.427091, 28.393988], [-96.426851, 28.394225], [-96.423137, 28.395763], [-96.421476, 28.397024]]]}}, {"id": "30", "type": "Feature", "properties": {"name": "CL880008", "source": "Coastal_Lease_Polygon_C_TCMS", "category": "restoration-area", "acres": 266.25}, "geometry": {"type": "Polygon", "coordinates": [[[-96.637076, 28.345849], [-96.637031, 28.345772], [-96.636898, 28.345696], [-96.635894, 28.345331], [-96.635541, 28.345229], [-96.635343, 28.345212], [-96.634435, 28.34535], [-96.634117, 28.345335], [-96.633501, 28.345217], [-96.633214, 28.345124], [-96.632709, 28.345092], [-96.631822, 28.345172], [-96.631078, 28.345269], [-96.629947, 28.345246], [-96.629695, 28.34522], [-96.629485, 28.345135], [-96.628704, 28.34501], [-96.628363, 28.344937], [-96.627723, 28.344741], [-96.627524, 28.344618], [-96.627323, 28.344426], [-96.627254, 28.344233], [-96.62724, 28.344077], [-96.627097, 28.344002], [-96.626796, 28.343734], [-96.626673, 28.343599], [-96.626529, 28.343504], [-96.626408, 28.343467], [-96.62632, 28.343497], [-96.626202, 28.343606], [-96.626037, 28.343618], [-96.625831, 28.343737], [-96.625604, 28.343944], [-96.625346, 28.344268], [-96.625315, 28.344346], [-96.625185, 28.344464], [-96.625033, 28.344871], [-96.624828, 28.345154], [-96.624523, 28.345418], [-96.624229, 28.345575], [-96.623944, 28.345674], [-96.623604, 28.345629], [-96.623384, 28.345621], [-96.623221, 28.345719], [-96.62298, 28.345769], [-96.62242, 28.345754], [-96.622168, 28.345814], [-96.622149, 28.346095], [-96.621984, 28.346019], [-96.621673, 28.345672], [-96.621463, 28.345471], [-96.621254, 28.345404], [-96.621102, 28.345532], [-96.620937, 28.345533], [-96.620585, 28.345448], [-96.620375, 28.345305], [-96.620286, 28.345141], [-96.620218, 28.344899], [-96.620017, 28.3446], [-96.620093, 28.344551], [-96.620365, 28.344278], [-96.620572, 28.344102], [-96.621107, 28.343846], [-96.621982, 28.343597], [-96.622287, 28.343439], [-96.622646, 28.343155], [-96.622797, 28.342902], [-96.622947, 28.342514], [-96.623169, 28.341698], [-96.623134, 28.341446], [-96.625201, 28.34021], [-96.642681, 28.330916], [-96.642723, 28.330989], [-96.642921, 28.331025], [-96.64431, 28.330802], [-96.645164, 28.330723], [-96.645874, 28.330568], [-96.646366, 28.330435], [-96.646746, 28.330255], [-96.647169, 28.329977], [-96.647342, 28.32979], [-96.64746, 28.329633], [-96.647598, 28.329379], [-96.647641, 28.329349], [-96.647681, 28.329106], [-96.64775, 28.329318], [-96.647733, 28.329571], [-96.647616, 28.329825], [-96.647198, 28.330355], [-96.646851, 28.330603], [-96.646733, 28.33075], [-96.646713, 28.330877], [-96.646661, 28.331052], [-96.646513, 28.331326], [-96.645778, 28.331977], [-96.645528, 28.332107], [-96.645465, 28.332254], [-96.645134, 28.332783], [-96.644432, 28.333443], [-96.643598, 28.334066], [-96.642547, 28.33477], [-96.642329, 28.334851], [-96.641694, 28.334927], [-96.641398, 28.334941], [-96.64109, 28.334916], [-96.64086, 28.334919], [-96.640434, 28.335022], [-96.639899, 28.335126], [-96.639604, 28.335208], [-96.639209, 28.335194], [-96.638968, 28.335217], [-96.638531, 28.33529], [-96.63839, 28.335399], [-96.638317, 28.335614], [-96.638252, 28.335702], [-96.637507, 28.335732], [-96.63731, 28.335763], [-96.63705, 28.335961], [-96.636463, 28.336261], [-96.636113, 28.336314], [-96.635699, 28.336485], [-96.635438, 28.336614], [-96.635187, 28.336676], [-96.634616, 28.336625], [-96.63409, 28.336652], [-96.633173, 28.336888], [-96.632954, 28.3369], [-96.632768, 28.336942], [-96.632592, 28.336925], [-96.632053, 28.336806], [-96.631967, 28.336904], [-96.63208, 28.337106], [-96.632161, 28.337367], [-96.632176, 28.33761], [-96.632072, 28.337961], [-96.631945, 28.338196], [-96.631633, 28.33856], [-96.631298, 28.338856], [-96.630691, 28.339291], [-96.630517, 28.339391], [-96.630081, 28.339532], [-96.629776, 28.339575], [-96.629547, 28.339666], [-96.628746, 28.340337], [-96.628312, 28.340644], [-96.628107, 28.340841], [-96.627774, 28.341224], [-96.627679, 28.341459], [-96.627727, 28.341691], [-96.627883, 28.341854], [-96.62815, 28.342084], [-96.628416, 28.342236], [-96.628836, 28.342463], [-96.629079, 28.342518], [-96.629319, 28.342457], [-96.629665, 28.34219], [-96.63047, 28.341732], [-96.630689, 28.341671], [-96.630962, 28.341638], [-96.631223, 28.341586], [-96.631563, 28.341572], [-96.631981, 28.341634], [-96.632201, 28.341641], [-96.632498, 28.341705], [-96.632937, 28.341747], [-96.633278, 28.341801], [-96.633411, 28.341848], [-96.633489, 28.341934], [-96.633469, 28.342051], [-96.632994, 28.342514], [-96.632017, 28.34311], [-96.631843, 28.3432], [-96.631671, 28.343319], [-96.631586, 28.343563], [-96.631601, 28.343718], [-96.631668, 28.343785], [-96.631843, 28.343851], [-96.632193, 28.343758], [-96.632444, 28.343736], [-96.632665, 28.343781], [-96.632885, 28.343856], [-96.633556, 28.343954], [-96.633731, 28.343932], [-96.634037, 28.34385], [-96.634298, 28.34375], [-96.63467, 28.343667], [-96.635031, 28.343623], [-96.636028, 28.343551], [-96.636611, 28.343641], [-96.636886, 28.343705], [-96.637281, 28.343738], [-96.637949, 28.343652], [-96.638818, 28.343795], [-96.639279, 28.343828], [-96.639631, 28.343872], [-96.639906, 28.343956], [-96.640916, 28.344], [-96.641398, 28.343955], [-96.641575, 28.34405], [-96.641621, 28.344156], [-96.641409, 28.344615], [-96.641403, 28.344887], [-96.641353, 28.345179], [-96.641202, 28.345308], [-96.640919, 28.345438], [-96.640591, 28.3455], [-96.640387, 28.345766], [-96.639977, 28.34616], [-96.639725, 28.346192], [-96.638889, 28.346058], [-96.638669, 28.346002], [-96.638427, 28.345977], [-96.638067, 28.346049], [-96.637714, 28.345967], [-96.637603, 28.34591], [-96.637515, 28.345843], [-96.637393, 28.345806], [-96.637328, 28.345846], [-96.637221, 28.345993], [-96.637168, 28.34611], [-96.63717, 28.346197], [-96.637204, 28.346284], [-96.637304, 28.346351], [-96.637469, 28.346359], [-96.637645, 28.346405], [-96.637788, 28.346461], [-96.637888, 28.346528], [-96.637889, 28.346567], [-96.637769, 28.346597], [-96.637647, 28.346521], [-96.637317, 28.346487], [-96.63714, 28.346412], [-96.63704, 28.346306], [-96.636994, 28.3462], [-96.637078, 28.345956], [-96.637076, 28.345849]]]}}, {"id": "31", "type": "Feature", "properties": {"name": "CL880008", "source": "Coastal_Lease_Polygon_C_TCMS", "category": "restoration-area", "acres": 1116.85}, "geometry": {"type": "Polygon", "coordinates": [[[-96.654963, 28.345743], [-96.654117, 28.345638], [-96.653909, 28.345679], [-96.652902, 28.345761], [-96.652529, 28.345756], [-96.652262, 28.345537], [-96.652289, 28.345225], [-96.652459, 28.344903], [-96.652617, 28.344531], [-96.652578, 28.344153], [-96.652462, 28.343805], [-96.652316, 28.343583], [-96.652345, 28.343379], [-96.652474, 28.343232], [-96.652789, 28.343023], [-96.653148, 28.342882], [-96.65391, 28.342532], [-96.654378, 28.342351], [-96.654922, 28.342052], [-96.655159, 28.341796], [-96.655427, 28.341472], [-96.655607, 28.341062], [-96.655919, 28.340756], [-96.656212, 28.340558], [-96.656363, 28.340381], [-96.656392, 28.340157], [-96.656201, 28.339898], [-96.655937, 28.339833], [-96.655377, 28.339841], [-96.655014, 28.339768], [-96.654691, 28.339501], [-96.654327, 28.33935], [-96.653842, 28.339211], [-96.652607, 28.339442], [-96.651553, 28.339369], [-96.650853, 28.339495], [-96.650643, 28.339391], [-96.650489, 28.339373], [-96.650076, 28.339593], [-96.64955, 28.339648], [-96.649233, 28.339711], [-96.648863, 28.339862], [-96.648579, 28.339904], [-96.648326, 28.339908], [-96.648106, 28.339862], [-96.64769, 28.339916], [-96.647219, 28.339952], [-96.647006, 28.339673], [-96.64697, 28.33946], [-96.646804, 28.339365], [-96.646724, 28.33922], [-96.646579, 28.339067], [-96.646327, 28.339099], [-96.646232, 28.339266], [-96.645981, 28.339357], [-96.645917, 28.339445], [-96.646038, 28.339502], [-96.646149, 28.339588], [-96.645968, 28.339872], [-96.645772, 28.340001], [-96.645293, 28.340201], [-96.645121, 28.340369], [-96.644983, 28.340021], [-96.644808, 28.339382], [-96.64488, 28.3391], [-96.645017, 28.338768], [-96.645221, 28.338551], [-96.645615, 28.338497], [-96.646456, 28.338292], [-96.647102, 28.338234], [-96.648106, 28.337919], [-96.648933, 28.337549], [-96.649293, 28.337447], [-96.649762, 28.337275], [-96.650418, 28.337179], [-96.65078, 28.337155], [-96.650734, 28.337039], [-96.650742, 28.336844], [-96.650629, 28.336661], [-96.650615, 28.336526], [-96.650724, 28.336466], [-96.650835, 28.336561], [-96.650949, 28.336774], [-96.650962, 28.336919], [-96.651019, 28.337045], [-96.651119, 28.337102], [-96.651514, 28.337125], [-96.652653, 28.337003], [-96.65276, 28.336846], [-96.652081, 28.336904], [-96.651676, 28.336968], [-96.651422, 28.336893], [-96.651542, 28.336814], [-96.651815, 28.336791], [-96.652132, 28.336699], [-96.652403, 28.33653], [-96.652502, 28.336558], [-96.652688, 28.336488], [-96.652808, 28.336476], [-96.652963, 28.336542], [-96.653282, 28.336596], [-96.653653, 28.336533], [-96.653939, 28.336577], [-96.654138, 28.336643], [-96.654839, 28.336624], [-96.655081, 28.33664], [-96.655226, 28.336803], [-96.655953, 28.336987], [-96.65602, 28.337054], [-96.656014, 28.337297], [-96.656125, 28.337383], [-96.656049, 28.337472], [-96.655929, 28.337473], [-96.655812, 28.337718], [-96.655726, 28.337777], [-96.655594, 28.337769], [-96.655472, 28.337683], [-96.65533, 28.337705], [-96.655353, 28.337811], [-96.655607, 28.337905], [-96.655686, 28.33802], [-96.655733, 28.338175], [-96.655911, 28.338348], [-96.656079, 28.338559], [-96.656267, 28.338615], [-96.656353, 28.338546], [-96.656421, 28.338671], [-96.656369, 28.338837], [-96.656283, 28.338945], [-96.65644, 28.339127], [-96.656583, 28.339183], [-96.656739, 28.339327], [-96.656866, 28.339656], [-96.657032, 28.339741], [-96.657152, 28.339729], [-96.657281, 28.339592], [-96.657311, 28.339407], [-96.657386, 28.339299], [-96.657517, 28.339239], [-96.657824, 28.339235], [-96.657932, 28.339185], [-96.658196, 28.338559], [-96.658205, 28.338443], [-96.658061, 28.338377], [-96.657863, 28.33834], [-96.657709, 28.338284], [-96.657575, 28.33816], [-96.657661, 28.338081], [-96.657944, 28.337941], [-96.658174, 28.337909], [-96.658447, 28.337847], [-96.658677, 28.337863], [-96.6588, 28.337978], [-96.65899, 28.338199], [-96.659222, 28.338273], [-96.659463, 28.338289], [-96.659549, 28.338152], [-96.659525, 28.338017], [-96.659447, 28.33795], [-96.659315, 28.337942], [-96.659202, 28.337768], [-96.659255, 28.337661], [-96.659231, 28.337554], [-96.659143, 28.337526], [-96.658608, 28.337641], [-96.658067, 28.337425], [-96.6579, 28.337301], [-96.657737, 28.3374], [-96.657648, 28.337323], [-96.657511, 28.337014], [-96.657411, 28.336899], [-96.657112, 28.336767], [-96.656847, 28.336625], [-96.656658, 28.336482], [-96.656654, 28.336278], [-96.656739, 28.336122], [-96.656848, 28.336081], [-96.656868, 28.335955], [-96.656864, 28.335722], [-96.656927, 28.335546], [-96.657066, 28.335379], [-96.657875, 28.335203], [-96.657942, 28.33528], [-96.658075, 28.335346], [-96.658261, 28.335353], [-96.658436, 28.335331], [-96.658678, 28.335328], [-96.658941, 28.335353], [-96.659028, 28.335323], [-96.659125, 28.335205], [-96.659035, 28.33509], [-96.65886, 28.335073], [-96.658891, 28.334975], [-96.659055, 28.334954], [-96.659198, 28.334961], [-96.659408, 28.335085], [-96.659461, 28.335609], [-96.65953, 28.335773], [-96.659443, 28.335813], [-96.659267, 28.335815], [-96.659158, 28.335846], [-96.658926, 28.335752], [-96.658761, 28.335715], [-96.658597, 28.335718], [-96.658609, 28.335776], [-96.658708, 28.335833], [-96.658787, 28.335919], [-96.658866, 28.336083], [-96.658987, 28.33611], [-96.659063, 28.33608], [-96.659118, 28.336089], [-96.659175, 28.336166], [-96.659273, 28.336175], [-96.65936, 28.336086], [-96.659448, 28.336114], [-96.659526, 28.33619], [-96.659613, 28.33615], [-96.659732, 28.336032], [-96.659896, 28.33604], [-96.659985, 28.336087], [-96.660052, 28.336164], [-96.66014, 28.336172], [-96.660192, 28.336026], [-96.660102, 28.335901], [-96.660198, 28.335705], [-96.66036, 28.335577], [-96.660621, 28.335476], [-96.661103, 28.335431], [-96.661696, 28.335471], [-96.663585, 28.335649], [-96.664619, 28.33581], [-96.665004, 28.335844], [-96.665466, 28.335944], [-96.665919, 28.336084], [-96.666206, 28.336216], [-96.666384, 28.336378], [-96.666829, 28.336722], [-96.667051, 28.336865], [-96.66715, 28.336854], [-96.667236, 28.336823], [-96.667268, 28.336765], [-96.66721, 28.336571], [-96.66712, 28.336436], [-96.666887, 28.336226], [-96.666664, 28.336064], [-96.666251, 28.335652], [-96.666064, 28.335606], [-96.665262, 28.33549], [-96.664854, 28.335457], [-96.664655, 28.335343], [-96.664576, 28.335199], [-96.664475, 28.335064], [-96.664265, 28.335009], [-96.66398, 28.334974], [-96.663803, 28.334918], [-96.663725, 28.334832], [-96.66369, 28.334735], [-96.663676, 28.33456], [-96.663595, 28.334318], [-96.663648, 28.334211], [-96.664019, 28.33406], [-96.664326, 28.334075], [-96.664435, 28.334045], [-96.664611, 28.334042], [-96.664755, 28.334089], [-96.665042, 28.33424], [-96.665274, 28.334276], [-96.665493, 28.334283], [-96.665549, 28.334321], [-96.66556, 28.334428], [-96.665497, 28.334584], [-96.665457, 28.33474], [-96.665527, 28.33503], [-96.665628, 28.335184], [-96.665882, 28.33522], [-96.66596, 28.335316], [-96.666092, 28.335372], [-96.666169, 28.335323], [-96.666122, 28.335178], [-96.666186, 28.33507], [-96.666217, 28.334933], [-96.666225, 28.334807], [-96.666201, 28.334632], [-96.666296, 28.334456], [-96.666337, 28.334329], [-96.666532, 28.334201], [-96.666572, 28.333957], [-96.666679, 28.3338], [-96.666798, 28.333721], [-96.667017, 28.333689], [-96.667346, 28.333684], [-96.667687, 28.333757], [-96.66784, 28.333736], [-96.667862, 28.333706], [-96.66785, 28.333658], [-96.667805, 28.3336], [-96.667651, 28.333544], [-96.667473, 28.33344], [-96.667337, 28.333131], [-96.667214, 28.332996], [-96.667177, 28.332774], [-96.667074, 28.332522], [-96.666961, 28.332349], [-96.666806, 28.332244], [-96.666487, 28.332229], [-96.666159, 28.332282], [-96.665276, 28.332518], [-96.664926, 28.332649], [-96.664767, 28.332894], [-96.664542, 28.333179], [-96.664229, 28.333533], [-96.663925, 28.333731], [-96.663577, 28.333891], [-96.663249, 28.333944], [-96.662755, 28.333912], [-96.662439, 28.334033], [-96.661762, 28.334208], [-96.661302, 28.334253], [-96.660746, 28.334435], [-96.660091, 28.334609], [-96.659763, 28.334672], [-96.659489, 28.334656], [-96.659278, 28.334543], [-96.65896, 28.334508], [-96.658762, 28.334521], [-96.658359, 28.334672], [-96.657987, 28.334706], [-96.657712, 28.334651], [-96.657471, 28.334674], [-96.65722, 28.334765], [-96.656772, 28.334858], [-96.656401, 28.334961], [-96.655733, 28.335038], [-96.654662, 28.335227], [-96.654531, 28.335278], [-96.654479, 28.335434], [-96.654526, 28.335637], [-96.654463, 28.335774], [-96.654322, 28.335844], [-96.654004, 28.335887], [-96.653806, 28.33586], [-96.653672, 28.335687], [-96.653768, 28.33556], [-96.654127, 28.33537], [-96.654126, 28.335322], [-96.654005, 28.335314], [-96.653526, 28.335515], [-96.653221, 28.335606], [-96.652676, 28.335827], [-96.652238, 28.335872], [-96.651843, 28.335858], [-96.651209, 28.335944], [-96.650619, 28.336079], [-96.650469, 28.336304], [-96.650327, 28.336345], [-96.650445, 28.336159], [-96.650443, 28.336042], [-96.650298, 28.335928], [-96.650207, 28.335715], [-96.650236, 28.335511], [-96.650365, 28.335354], [-96.650339, 28.335131], [-96.650149, 28.33489], [-96.649917, 28.334806], [-96.649977, 28.335097], [-96.649991, 28.335291], [-96.649916, 28.335389], [-96.649967, 28.335786], [-96.64995, 28.336068], [-96.649875, 28.336215], [-96.649723, 28.336275], [-96.649165, 28.336361], [-96.648901, 28.336335], [-96.648714, 28.336299], [-96.648472, 28.336215], [-96.648283, 28.336072], [-96.648182, 28.335937], [-96.64809, 28.335734], [-96.648159, 28.335267], [-96.648418, 28.335011], [-96.648972, 28.334683], [-96.649134, 28.334535], [-96.649239, 28.3343], [-96.649365, 28.333939], [-96.649446, 28.333569], [-96.649583, 28.333227], [-96.649765, 28.332963], [-96.649937, 28.332756], [-96.650133, 28.332666], [-96.650161, 28.332433], [-96.650493, 28.332584], [-96.650602, 28.332553], [-96.650788, 28.332531], [-96.651533, 28.332482], [-96.651949, 28.332408], [-96.652474, 28.332362], [-96.653713, 28.332336], [-96.654053, 28.33236], [-96.654403, 28.332307], [-96.654787, 28.332311], [-96.654975, 28.332358], [-96.655074, 28.332414], [-96.655125, 28.332822], [-96.655096, 28.333055], [-96.655024, 28.333328], [-96.655006, 28.333562], [-96.655021, 28.333785], [-96.655112, 28.333987], [-96.655289, 28.334082], [-96.655507, 28.334002], [-96.655593, 28.333884], [-96.65573, 28.333561], [-96.655717, 28.333445], [-96.655672, 28.333368], [-96.655572, 28.333301], [-96.655418, 28.333255], [-96.65534, 28.333178], [-96.655379, 28.332906], [-96.655403, 28.332381], [-96.655467, 28.332302], [-96.655621, 28.3323], [-96.655763, 28.332318], [-96.656402, 28.332474], [-96.656646, 28.332597], [-96.656999, 28.332728], [-96.657375, 28.332898], [-96.657826, 28.333018], [-96.658045, 28.333005], [-96.658775, 28.332685], [-96.658929, 28.332731], [-96.659234, 28.332591], [-96.659539, 28.332509], [-96.659856, 28.332456], [-96.660272, 28.332412], [-96.661988, 28.332077], [-96.662361, 28.332043], [-96.662929, 28.331938], [-96.663356, 28.331884], [-96.664754, 28.331554], [-96.665588, 28.331591], [-96.666104, 28.331632], [-96.666805, 28.331594], [-96.66816, 28.331313], [-96.668741, 28.331256], [-96.669503, 28.330954], [-96.669808, 28.330805], [-96.670223, 28.330702], [-96.670551, 28.330687], [-96.671023, 28.3307], [-96.671647, 28.330604], [-96.67257, 28.330708], [-96.672921, 28.330733], [-96.674001, 28.331019], [-96.674363, 28.331072], [-96.674659, 28.331068], [-96.674998, 28.330976], [-96.675128, 28.330896], [-96.675181, 28.330789], [-96.675124, 28.330673], [-96.675024, 28.330577], [-96.67476, 28.330523], [-96.674462, 28.33043], [-96.673518, 28.330394], [-96.673155, 28.330321], [-96.672813, 28.33021], [-96.67255, 28.330203], [-96.671991, 28.33024], [-96.671793, 28.330175], [-96.671614, 28.330012], [-96.671533, 28.329761], [-96.671697, 28.329098], [-96.671834, 28.328756], [-96.672103, 28.328451], [-96.672429, 28.328292], [-96.672633, 28.328036], [-96.672781, 28.327704], [-96.67303, 28.326885], [-96.673162, 28.326271], [-96.67325, 28.325686], [-96.67368, 28.324524], [-96.673859, 28.324144], [-96.67415, 28.323838], [-96.674454, 28.32365], [-96.674683, 28.323579], [-96.674935, 28.323594], [-96.675134, 28.323641], [-96.675266, 28.323715], [-96.675433, 28.32384], [-96.675621, 28.323945], [-96.675942, 28.324095], [-96.676174, 28.324179], [-96.676623, 28.324154], [-96.677158, 28.32405], [-96.677673, 28.324004], [-96.678101, 28.324017], [-96.678353, 28.323985], [-96.678782, 28.324075], [-96.679066, 28.324023], [-96.679229, 28.323933], [-96.679368, 28.323757], [-96.679453, 28.323591], [-96.679473, 28.323454], [-96.679427, 28.323318], [-96.679315, 28.323194], [-96.679028, 28.323072], [-96.678684, 28.322873], [-96.678298, 28.322713], [-96.677855, 28.322505], [-96.677481, 28.322443], [-96.677085, 28.322351], [-96.67683, 28.322218], [-96.676697, 28.322094], [-96.675991, 28.32189], [-96.675221, 28.321716], [-96.674792, 28.321654], [-96.674397, 28.321621], [-96.673937, 28.321666], [-96.672747, 28.321954], [-96.672233, 28.322058], [-96.671601, 28.32231], [-96.671001, 28.322464], [-96.669616, 28.32292], [-96.669116, 28.32315], [-96.668161, 28.323756], [-96.667913, 28.323953], [-96.667621, 28.324238], [-96.66733, 28.324485], [-96.66706, 28.324741], [-96.666518, 28.32574], [-96.666392, 28.326072], [-96.666284, 28.326181], [-96.666073, 28.326038], [-96.66587, 28.32571], [-96.665781, 28.325594], [-96.665735, 28.325468], [-96.665634, 28.325373], [-96.665458, 28.325356], [-96.665327, 28.325387], [-96.665195, 28.325359], [-96.665085, 28.325293], [-96.664829, 28.325092], [-96.663878, 28.324659], [-96.663438, 28.324577], [-96.663164, 28.324552], [-96.662714, 28.324538], [-96.662109, 28.324382], [-96.661824, 28.324405], [-96.661585, 28.324535], [-96.661399, 28.324615], [-96.661272, 28.324782], [-96.661295, 28.324908], [-96.661387, 28.32511], [-96.661532, 28.325322], [-96.661659, 28.32571], [-96.661991, 28.326424], [-96.662139, 28.326811], [-96.662168, 28.32716], [-96.662072, 28.327385], [-96.661867, 28.327552], [-96.661736, 28.327622], [-96.661463, 28.327704], [-96.661015, 28.327797], [-96.660468, 28.327863], [-96.66003, 28.327859], [-96.659557, 28.327807], [-96.65904, 28.327688], [-96.658555, 28.327549], [-96.657948, 28.327324], [-96.657475, 28.327243], [-96.657201, 28.327276], [-96.656895, 28.327339], [-96.656437, 28.327461], [-96.65611, 28.327592], [-96.655814, 28.327596], [-96.655265, 28.327565], [-96.65475, 28.327591], [-96.654421, 28.327567], [-96.653457, 28.327619], [-96.65305, 28.327595], [-96.652501, 28.327535], [-96.651987, 28.327609], [-96.651493, 28.327587], [-96.651163, 28.327524], [-96.650351, 28.327505], [-96.64976, 28.327552], [-96.648655, 28.327713], [-96.670287, 28.315936], [-96.671692, 28.315544], [-96.672426, 28.315403], [-96.673314, 28.315319], [-96.674028, 28.315353], [-96.674785, 28.315348], [-96.675896, 28.315516], [-96.676809, 28.315772], [-96.677535, 28.316029], [-96.678296, 28.316393], [-96.678969, 28.316806], [-96.679941, 28.31749], [-96.680882, 28.318445], [-96.681392, 28.319092], [-96.688712, 28.328091], [-96.688701, 28.328164], [-96.688782, 28.328425], [-96.688842, 28.328696], [-96.688811, 28.328823], [-96.688657, 28.328815], [-96.688492, 28.328769], [-96.688346, 28.328587], [-96.688168, 28.328424], [-96.688065, 28.328192], [-96.687831, 28.327962], [-96.687543, 28.32783], [-96.687324, 28.327824], [-96.687071, 28.327769], [-96.6867, 28.327871], [-96.686238, 28.32779], [-96.68593, 28.327756], [-96.685698, 28.327662], [-96.685184, 28.327717], [-96.68466, 28.327841], [-96.684432, 28.32798], [-96.684422, 28.328058], [-96.68447, 28.328291], [-96.684818, 28.328742], [-96.684931, 28.328935], [-96.685046, 28.329254], [-96.684974, 28.329507], [-96.684279, 28.329896], [-96.684016, 28.329919], [-96.683816, 28.329805], [-96.684006, 28.329346], [-96.683987, 28.328919], [-96.684028, 28.328705], [-96.684164, 28.328373], [-96.684216, 28.328178], [-96.68406, 28.328034], [-96.683785, 28.327989], [-96.683131, 28.328222], [-96.682326, 28.328592], [-96.682086, 28.328683], [-96.681704, 28.328766], [-96.681385, 28.328741], [-96.681087, 28.328638], [-96.680802, 28.328633], [-96.680386, 28.328687], [-96.680013, 28.328663], [-96.679707, 28.328716], [-96.679501, 28.328845], [-96.678895, 28.32931], [-96.678615, 28.329586], [-96.678431, 28.329744], [-96.677679, 28.330036], [-96.677277, 28.330255], [-96.677106, 28.330481], [-96.67674, 28.330903], [-96.676648, 28.331293], [-96.676445, 28.331607], [-96.67608, 28.33203], [-96.675408, 28.332486], [-96.674373, 28.332869], [-96.673826, 28.332944], [-96.673075, 28.333266], [-96.672693, 28.333397], [-96.671684, 28.334004], [-96.671294, 28.3343], [-96.670934, 28.334432], [-96.670607, 28.334523], [-96.670325, 28.334731], [-96.669963, 28.334727], [-96.66982, 28.334699], [-96.669533, 28.334596], [-96.669144, 28.334281], [-96.668778, 28.334043], [-96.668535, 28.33393], [-96.668404, 28.333971], [-96.668629, 28.334317], [-96.668841, 28.334499], [-96.668866, 28.334703], [-96.668749, 28.334899], [-96.668122, 28.335403], [-96.668006, 28.335676], [-96.668054, 28.335938], [-96.668188, 28.336101], [-96.668389, 28.336283], [-96.668391, 28.336399], [-96.668316, 28.336517], [-96.668219, 28.336596], [-96.667616, 28.337216], [-96.667214, 28.337416], [-96.66683, 28.337421], [-96.666558, 28.337512], [-96.666276, 28.337681], [-96.665958, 28.337754], [-96.664481, 28.337968], [-96.663933, 28.337966], [-96.663097, 28.337822], [-96.662435, 28.337598], [-96.662005, 28.337487], [-96.66153, 28.337309], [-96.661175, 28.337071], [-96.660823, 28.336979], [-96.660252, 28.336948], [-96.660056, 28.337057], [-96.660039, 28.337349], [-96.660185, 28.337503], [-96.660454, 28.337839], [-96.660789, 28.338194], [-96.661708, 28.338706], [-96.662314, 28.338853], [-96.662593, 28.33916], [-96.662805, 28.339361], [-96.66283, 28.339535], [-96.662733, 28.339643], [-96.662484, 28.339812], [-96.662201, 28.339971], [-96.662029, 28.340148], [-96.66164, 28.340484], [-96.661363, 28.340964], [-96.661268, 28.341188], [-96.660846, 28.341486], [-96.660585, 28.341645], [-96.660425, 28.341899], [-96.660277, 28.342232], [-96.660217, 28.342534], [-96.660123, 28.342826], [-96.659769, 28.343307], [-96.659435, 28.343642], [-96.658902, 28.343921], [-96.658456, 28.344121], [-96.657936, 28.344517], [-96.65769, 28.344851], [-96.657377, 28.345137], [-96.656124, 28.34563], [-96.655699, 28.345781], [-96.655294, 28.345845], [-96.654963, 28.345743]]]}}, {"id": "32", "type": "Feature", "properties": {"name": "CL820014", "source": "Coastal_Lease_Polygon_C_TCMS", "category": "restoration-area", "acres": 13186.98}, "geometry": {"type": "Polygon", "coordinates": [[[-96.456134, 28.335179], [-96.475242, 28.323063], [-96.476755, 28.324925], [-96.486172, 28.318951], [-96.496746, 28.314406], [-96.509882, 28.306071], [-96.526756, 28.299329], [-96.542489, 28.290742], [-96.543195, 28.29161], [-96.558179, 28.282091], [-96.55878, 28.282828], [-96.564393, 28.279261], [-96.563563, 28.278238], [-96.571771, 28.273023], [-96.57278, 28.274263], [-96.580398, 28.26942], [-96.57889, 28.26756], [-96.585197, 28.263571], [-96.586956, 28.265747], [-96.589627, 28.264057], [-96.59223, 28.262759], [-96.594843, 28.26599], [-96.654386, 28.228306], [-96.662103, 28.226427], [-96.657115, 28.220246], [-96.66655, 28.21427], [-96.669351, 28.21773], [-96.683573, 28.208717], [-96.690587, 28.204049], [-96.692492, 28.2064], [-96.698377, 28.206007], [-96.69825, 28.204088], [-96.701119, 28.208337], [-96.703698, 28.217414], [-96.690387, 28.218363], [-96.677349, 28.224476], [-96.673492, 28.224834], [-96.663416, 28.238395], [-96.657988, 28.247684], [-96.652232, 28.252505], [-96.641357, 28.258893], [-96.630113, 28.262496], [-96.626905, 28.268145], [-96.633085, 28.268724], [-96.627, 28.27343], [-96.618534, 28.278046], [-96.605215, 28.287082], [-96.598352, 28.293836], [-96.586167, 28.299908], [-96.577345, 28.302575], [-96.552649, 28.302363], [-96.547807, 28.305812], [-96.543788, 28.312649], [-96.540074, 28.316353], [-96.532836, 28.321109], [-96.515725, 28.326127], [-96.48853, 28.328659], [-96.475502, 28.331296], [-96.468739, 28.332188], [-96.46281, 28.336638], [-96.451716, 28.337002], [-96.456134, 28.335179]]]}}, {"id": "33", "type": "Feature", "properties": {"name": "SL930059", "source": "Coastal_Lease_Polygon_C_TCMS", "category": "restoration-area", "acres": 1.16}, "geometry": {"type": "Polygon", "coordinates": [[[-96.621595, 28.295848], [-96.622186, 28.295763], [-96.622242, 28.295801], [-96.622325, 28.295798], [-96.622403, 28.295882], [-96.622207, 28.295977], [-96.622057, 28.295984], [-96.621924, 28.296026], [-96.621312, 28.296263], [-96.621184, 28.296329], [-96.621148, 28.29647], [-96.621009, 28.296521], [-96.620956, 28.29654], [-96.620733, 28.296562], [-96.620685, 28.296504], [-96.62068, 28.296445], [-96.620938, 28.296287], [-96.621097, 28.296074], [-96.621233, 28.295981], [-96.621595, 28.295848]]]}}, {"id": "34", "type": "Feature", "properties": {"name": "CL820014", "source": "Coastal_Lease_Polygon_C_TCMS", "category": "restoration-area", "acres": 1367.84}, "geometry": {"type": "Polygon", "coordinates": [[[-96.697131, 28.199246], [-96.710456, 28.190785], [-96.710149, 28.190406], [-96.72347, 28.181943], [-96.723124, 28.181516], [-96.736443, 28.173052], [-96.73598, 28.172478], [-96.73792, 28.171247], [-96.750547, 28.186843], [-96.750029, 28.188667], [-96.748691, 28.189338], [-96.747404, 28.189517], [-96.746238, 28.189313], [-96.745024, 28.18916], [-96.743684, 28.189745], [-96.740282, 28.190268], [-96.736917, 28.190334], [-96.735532, 28.19086], [-96.733108, 28.190682], [-96.731563, 28.191347], [-96.724728, 28.192492], [-96.716121, 28.194385], [-96.714798, 28.195056], [-96.710962, 28.196153], [-96.709005, 28.197021], [-96.704554, 28.197986], [-96.703532, 28.198018], [-96.702684, 28.197571], [-96.701782, 28.197723], [-96.703238, 28.198341], [-96.702864, 28.198903], [-96.702143, 28.198906], [-96.698139, 28.202035], [-96.697664, 28.202528], [-96.695971, 28.200433], [-96.697373, 28.199543], [-96.697131, 28.199246]]]}}, {"id": "35", "type": "Feature", "properties": {"name": "SL20150044", "source": "Coastal_Lease_Polygon_C_TCMS", "category": "restoration-area", "acres": 207.34}, "geometry": {"type": "Polygon", "coordinates": [[[-94.711766, 29.339317], [-94.708996, 29.334957], [-94.716475, 29.335385], [-94.716653, 29.332269], [-94.721415, 29.333072], [-94.724517, 29.335656], [-94.728194, 29.337717], [-94.727666, 29.338925], [-94.71992, 29.338575], [-94.714902, 29.339806], [-94.711766, 29.339317]]]}}, {"id": "36", "type": "Feature", "properties": {"name": "SL20150044", "source": "Coastal_Lease_Polygon_C_TCMS", "category": "restoration-area", "acres": 317.93}, "geometry": {"type": "Polygon", "coordinates": [[[-94.749053, 29.345824], [-94.754211, 29.345136], [-94.759051, 29.345078], [-94.762871, 29.345513], [-94.764749, 29.344623], [-94.768409, 29.345837], [-94.766103, 29.35146], [-94.748504, 29.351484], [-94.747284, 29.348925], [-94.749053, 29.345824]]]}}, {"id": "37", "type": "Feature", "properties": {"name": "CL20110091", "source": "Coastal_Lease_Polygon_C_TCMS", "category": "restoration-area", "acres": 7.48}, "geometry": {"type": "Polygon", "coordinates": [[[-94.917861, 29.50047], [-94.918604, 29.497605], [-94.919005, 29.497691], [-94.919187, 29.497548], [-94.92015, 29.497798], [-94.91815, 29.500538], [-94.917861, 29.50047]]]}}, {"id": "38", "type": "Feature", "properties": {"name": "SL20080010", "source": "Coastal_Lease_Polygon_C_TCMS", "category": "restoration-area", "acres": 38.63}, "geometry": {"type": "Polygon", "coordinates": [[[-97.1194, 26.441596], [-97.124421, 26.432783], [-97.125509, 26.433286], [-97.122717, 26.438181], [-97.123128, 26.438369], [-97.120895, 26.442287], [-97.1194, 26.441596]]]}}, {"id": "39", "type": "Feature", "properties": {"name": "CL820014", "source": "Coastal_Lease_Polygon_C_TCMS", "category": "restoration-area", "acres": 3577.6}, "geometry": {"type": "Polygon", "coordinates": [[[-96.764555, 28.188995], [-96.763806, 28.188807], [-96.763064, 28.188854], [-96.762206, 28.188583], [-96.761706, 28.188703], [-96.75905, 28.188226], [-96.758609, 28.187621], [-96.757828, 28.187174], [-96.757125, 28.186946], [-96.757363, 28.185647], [-96.756866, 28.18611], [-96.756426, 28.185465], [-96.756099, 28.186245], [-96.756326, 28.187062], [-96.756353, 28.187808], [-96.755715, 28.18816], [-96.754252, 28.188251], [-96.753458, 28.188159], [-96.752859, 28.187983], [-96.752213, 28.187687], [-96.751831, 28.187405], [-96.751801, 28.18679], [-96.751129, 28.186744], [-96.764026, 28.183458], [-96.765679, 28.182749], [-96.766503, 28.182244], [-96.768464, 28.177891], [-96.769002, 28.177067], [-96.771286, 28.174914], [-96.77443, 28.168096], [-96.774609, 28.167531], [-96.776169, 28.163606], [-96.777206, 28.163769], [-96.777567, 28.164443], [-96.778722, 28.165294], [-96.780407, 28.166176], [-96.78101, 28.166148], [-96.781768, 28.165905], [-96.782347, 28.166228], [-96.782964, 28.167357], [-96.784228, 28.16828], [-96.785241, 28.169287], [-96.785952, 28.170151], [-96.786381, 28.170796], [-96.786876, 28.17197], [-96.791825, 28.169418], [-96.793373, 28.168423], [-96.793417, 28.167923], [-96.793045, 28.167222], [-96.79363, 28.16678], [-96.794196, 28.166663], [-96.79509, 28.166001], [-96.795599, 28.16549], [-96.796227, 28.16453], [-96.797037, 28.163916], [-96.796837, 28.162108], [-96.797049, 28.161534], [-96.797149, 28.160722], [-96.796588, 28.158526], [-96.796467, 28.157446], [-96.797314, 28.1545], [-96.79946, 28.152938], [-96.799794, 28.15258], [-96.800219, 28.152361], [-96.80095, 28.151795], [-96.801357, 28.1514], [-96.801677, 28.150887], [-96.802186, 28.150376], [-96.801618, 28.149004], [-96.800958, 28.146237], [-96.800794, 28.145077], [-96.800828, 28.143187], [-96.801586, 28.140044], [-96.802009, 28.139394], [-96.802044, 28.140913], [-96.802383, 28.142096], [-96.803185, 28.143433], [-96.803083, 28.144029], [-96.803588, 28.144242], [-96.804073, 28.144279], [-96.804586, 28.144082], [-96.805193, 28.144142], [-96.808985, 28.143979], [-96.809739, 28.143894], [-96.81028, 28.143952], [-96.811355, 28.143588], [-96.811923, 28.14288], [-96.812984, 28.142378], [-96.813755, 28.14196], [-96.814231, 28.141949], [-96.814855, 28.141772], [-96.815996, 28.141664], [-96.816667, 28.142577], [-96.817539, 28.1432], [-96.818181, 28.143729], [-96.818993, 28.143498], [-96.819063, 28.143871], [-96.819659, 28.14442], [-96.819204, 28.144796], [-96.818474, 28.145292], [-96.818178, 28.145691], [-96.817882, 28.146645], [-96.817416, 28.14851], [-96.817055, 28.148877], [-96.816899, 28.149434], [-96.817038, 28.150201], [-96.817535, 28.150727], [-96.817268, 28.151341], [-96.817464, 28.15203], [-96.817542, 28.152541], [-96.817521, 28.153003], [-96.816724, 28.153568], [-96.816117, 28.155047], [-96.816043, 28.155459], [-96.81653, 28.157798], [-96.816965, 28.15863], [-96.817419, 28.158628], [-96.817168, 28.15928], [-96.816971, 28.15967], [-96.817478, 28.159745], [-96.817927, 28.160019], [-96.818593, 28.160393], [-96.81926, 28.161804], [-96.819147, 28.162461], [-96.819226, 28.162911], [-96.820126, 28.163781], [-96.820217, 28.164193], [-96.820335, 28.16539], [-96.820594, 28.165719], [-96.82126, 28.165583], [-96.821813, 28.166151], [-96.822154, 28.166754], [-96.822656, 28.167087], [-96.822423, 28.167916], [-96.821643, 28.168158], [-96.82148, 28.168537], [-96.820873, 28.167939], [-96.82009, 28.167818], [-96.819463, 28.167679], [-96.818703, 28.16857], [-96.818018, 28.169078], [-96.817759, 28.169829], [-96.817182, 28.170388], [-96.81702, 28.170767], [-96.817129, 28.173446], [-96.816867, 28.174058], [-96.816585, 28.174868], [-96.816138, 28.175057], [-96.815318, 28.175121], [-96.814823, 28.174966], [-96.814611, 28.174579], [-96.814039, 28.174385], [-96.813407, 28.174452], [-96.812934, 28.174347], [-96.812469, 28.174358], [-96.811327, 28.175016], [-96.810646, 28.17529], [-96.810351, 28.175646], [-96.808674, 28.176472], [-96.806622, 28.177251], [-96.806053, 28.177986], [-96.80563, 28.178117], [-96.804937, 28.178695], [-96.804254, 28.179074], [-96.803195, 28.179989], [-96.802388, 28.180993], [-96.800671, 28.182632], [-96.799584, 28.183829], [-96.799225, 28.184078], [-96.798985, 28.184417], [-96.798306, 28.185112], [-96.797902, 28.185381], [-96.796291, 28.186217], [-96.795831, 28.186561], [-96.794668, 28.187149], [-96.792853, 28.188178], [-96.792286, 28.188277], [-96.791126, 28.188198], [-96.79009, 28.188562], [-96.789013, 28.188741], [-96.788316, 28.18923], [-96.787575, 28.189207], [-96.787147, 28.189072], [-96.786404, 28.189139], [-96.784968, 28.189054], [-96.784428, 28.188899], [-96.783093, 28.188749], [-96.782466, 28.189093], [-96.782022, 28.189162], [-96.780698, 28.188983], [-96.780265, 28.189064], [-96.779525, 28.188984], [-96.779189, 28.188674], [-96.778407, 28.189013], [-96.777728, 28.18919], [-96.776801, 28.189105], [-96.77561, 28.188898], [-96.774859, 28.188347], [-96.774135, 28.188531], [-96.772507, 28.18859], [-96.772102, 28.188408], [-96.770823, 28.188701], [-96.770081, 28.187746], [-96.770094, 28.187089], [-96.769848, 28.186742], [-96.769809, 28.187507], [-96.76945, 28.188283], [-96.768525, 28.188553], [-96.767719, 28.188472], [-96.766095, 28.188865], [-96.765565, 28.188856], [-96.765108, 28.188986], [-96.764555, 28.188995]]]}}, {"id": "40", "type": "Feature", "properties": {"name": "CL20010014", "source": "Coastal_Lease_Polygon_C_TCMS", "category": "restoration-area", "acres": 359.56}, "geometry": {"type": "Polygon", "coordinates": [[[-97.054459, 27.903153], [-97.054124, 27.903009], [-97.054057, 27.903008], [-97.053687, 27.902587], [-97.053686, 27.902372], [-97.05358, 27.902063], [-97.053246, 27.901778], [-97.052996, 27.901349], [-97.052968, 27.898999], [-97.053111, 27.89849], [-97.053094, 27.897239], [-97.052933, 27.896543], [-97.052548, 27.895336], [-97.052638, 27.894886], [-97.052575, 27.894243], [-97.052433, 27.893898], [-97.052288, 27.893728], [-97.052482, 27.893015], [-97.052446, 27.892866], [-97.052529, 27.892583], [-97.052533, 27.892353], [-97.052388, 27.892197], [-97.052385, 27.892121], [-97.052514, 27.892057], [-97.052573, 27.89197], [-97.052236, 27.891472], [-97.052223, 27.891049], [-97.052062, 27.890648], [-97.052099, 27.89043], [-97.051969, 27.890125], [-97.051829, 27.889882], [-97.05176, 27.889596], [-97.051815, 27.88952], [-97.051855, 27.889338], [-97.051778, 27.889093], [-97.051948, 27.888734], [-97.051747, 27.888764], [-97.051525, 27.888728], [-97.051476, 27.888603], [-97.051468, 27.888464], [-97.051591, 27.888268], [-97.051598, 27.888141], [-97.051252, 27.887935], [-97.051357, 27.887553], [-97.051166, 27.887236], [-97.051156, 27.887112], [-97.051219, 27.88704], [-97.051175, 27.886974], [-97.051072, 27.886961], [-97.05096, 27.886817], [-97.050859, 27.886476], [-97.050733, 27.88615], [-97.050735, 27.88604], [-97.050775, 27.885895], [-97.050706, 27.885594], [-97.050489, 27.885321], [-97.050266, 27.884741], [-97.050113, 27.883848], [-97.049929, 27.883327], [-97.04972, 27.883098], [-97.049772, 27.882923], [-97.049804, 27.882518], [-97.049721, 27.882137], [-97.049715, 27.881093], [-97.049722, 27.880472], [-97.049765, 27.880367], [-97.049876, 27.880365], [-97.049973, 27.87995], [-97.05003, 27.879783], [-97.05024, 27.879545], [-97.050471, 27.879439], [-97.050515, 27.877942], [-97.050357, 27.877115], [-97.0504, 27.876568], [-97.05083, 27.874085], [-97.050957, 27.873882], [-97.051052, 27.873205], [-97.051246, 27.872908], [-97.051435, 27.872443], [-97.051543, 27.87235], [-97.051644, 27.872235], [-97.051624, 27.871993], [-97.051999, 27.871254], [-97.052167, 27.871037], [-97.052443, 27.870756], [-97.052521, 27.870093], [-97.052594, 27.869218], [-97.052741, 27.868811], [-97.052705, 27.868525], [-97.053056, 27.867698], [-97.053431, 27.866951], [-97.053446, 27.866586], [-97.053904, 27.86576], [-97.054206, 27.864976], [-97.05447, 27.864488], [-97.057109, 27.865448], [-97.055589, 27.867702], [-97.05472, 27.869624], [-97.053624, 27.872492], [-97.052754, 27.874334], [-97.052437, 27.87677], [-97.052361, 27.879209], [-97.052399, 27.88068], [-97.052713, 27.882897], [-97.053569, 27.885351], [-97.054652, 27.888549], [-97.055326, 27.89134], [-97.05563, 27.894944], [-97.055956, 27.899937], [-97.056488, 27.9013], [-97.057654, 27.902871], [-97.059318, 27.904721], [-97.060415, 27.905655], [-97.062868, 27.907563], [-97.064967, 27.909045], [-97.065958, 27.909792], [-97.064146, 27.911659], [-97.06391, 27.91142], [-97.062979, 27.910818], [-97.06234, 27.910471], [-97.061776, 27.910128], [-97.061113, 27.909577], [-97.06063, 27.909273], [-97.060268, 27.908946], [-97.059888, 27.908528], [-97.059359, 27.908045], [-97.059188, 27.907816], [-97.058711, 27.907288], [-97.058367, 27.907042], [-97.057487, 27.906255], [-97.057222, 27.906095], [-97.056518, 27.905468], [-97.056443, 27.905349], [-97.05626, 27.905162], [-97.055982, 27.90467], [-97.055828, 27.904462], [-97.05565, 27.904351], [-97.055424, 27.904017], [-97.055183, 27.903702], [-97.054672, 27.90329], [-97.054459, 27.903153]]]}}, {"id": "41", "type": "Feature", "properties": {"name": "SL20040001", "source": "Coastal_Lease_Polygon_C_TCMS", "category": "restoration-area", "acres": 1.74}, "geometry": {"type": "Polygon", "coordinates": [[[-97.101877, 27.898622], [-97.102882, 27.89789], [-97.103236, 27.898272], [-97.10223, 27.899005], [-97.101877, 27.898622]]]}}, {"id": "42", "type": "Feature", "properties": {"name": "SL20030028", "source": "Coastal_Lease_Polygon_C_TCMS", "category": "restoration-area", "acres": 1.74}, "geometry": {"type": "Polygon", "coordinates": [[[-97.103057, 27.897872], [-97.104062, 27.897141], [-97.104416, 27.897522], [-97.10341, 27.898255], [-97.103057, 27.897872]]]}}, {"id": "43", "type": "Feature", "properties": {"name": "SL20040003", "source": "Coastal_Lease_Polygon_C_TCMS", "category": "restoration-area", "acres": 3.68}, "geometry": {"type": "Polygon", "coordinates": [[[-97.10488, 27.895075], [-97.105511, 27.894128], [-97.106576, 27.894689], [-97.105945, 27.895636], [-97.10488, 27.895075]]]}}, {"id": "44", "type": "Feature", "properties": {"name": "CL20010014", "source": "Coastal_Lease_Polygon_C_TCMS", "category": "restoration-area", "acres": 141.26}, "geometry": {"type": "Polygon", "coordinates": [[[-97.042696, 27.88059], [-97.042878, 27.880319], [-97.04309, 27.880372], [-97.043196, 27.880643], [-97.043318, 27.881068], [-97.04337, 27.881575], [-97.043529, 27.882331], [-97.043763, 27.883272], [-97.044137, 27.88413], [-97.044407, 27.884971], [-97.045513, 27.887438], [-97.045657, 27.888086], [-97.045847, 27.888542], [-97.04584, 27.888934], [-97.045896, 27.889665], [-97.045873, 27.890463], [-97.045607, 27.890859], [-97.044502, 27.891712], [-97.04388, 27.892141], [-97.043564, 27.892382], [-97.043354, 27.892525], [-97.043058, 27.892629], [-97.042885, 27.892626], [-97.042698, 27.892493], [-97.042283, 27.891957], [-97.042034, 27.891854], [-97.041883, 27.891673], [-97.041533, 27.890909], [-97.041335, 27.890647], [-97.040864, 27.890241], [-97.040679, 27.889798], [-97.040403, 27.889302], [-97.039946, 27.888704], [-97.039005, 27.88816], [-97.038999, 27.886696], [-97.039117, 27.885756], [-97.039202, 27.884907], [-97.039567, 27.884005], [-97.040607, 27.881955], [-97.041436, 27.881371], [-97.042321, 27.881245], [-97.04256, 27.880934], [-97.042696, 27.88059]]]}}, {"id": "45", "type": "Feature", "properties": {"name": "SL940010", "source": "Coastal_Lease_Polygon_C_TCMS", "category": "restoration-area", "acres": 31.25}, "geometry": {"type": "Polygon", "coordinates": [[[-96.970556, 27.772132], [-96.970912, 27.772105], [-96.971267, 27.772132], [-96.971611, 27.772214], [-96.971934, 27.772347], [-96.972226, 27.772528], [-96.972478, 27.772751], [-96.972683, 27.773009], [-96.972833, 27.773295], [-96.972925, 27.773599], [-96.972957, 27.773914], [-96.972925, 27.774228], [-96.972833, 27.774532], [-96.972683, 27.774818], [-96.972478, 27.775076], [-96.972226, 27.775299], [-96.971934, 27.77548], [-96.971611, 27.775613], [-96.971267, 27.775695], [-96.970912, 27.775723], [-96.970556, 27.775695], [-96.970212, 27.775613], [-96.969889, 27.77548], [-96.969597, 27.775299], [-96.969345, 27.775076], [-96.96914, 27.774818], [-96.96899, 27.774532], [-96.968898, 27.774228], [-96.968867, 27.773914], [-96.968898, 27.773599], [-96.96899, 27.773295], [-96.96914, 27.773009], [-96.969345, 27.772751], [-96.969597, 27.772528], [-96.969889, 27.772347], [-96.970212, 27.772214], [-96.970556, 27.772132]]]}}, {"id": "46", "type": "Feature", "properties": {"name": "SL950008", "source": "Coastal_Lease_Polygon_C_TCMS", "category": "restoration-area", "acres": 40.07}, "geometry": {"type": "Polygon", "coordinates": [[[-96.973249, 27.69014], [-96.977327, 27.690184], [-96.977278, 27.693815], [-96.973199, 27.693771], [-96.973249, 27.69014]]]}}, {"id": "47", "type": "Feature", "properties": {"name": "SL20120038", "source": "Coastal_Lease_Polygon_C_TCMS", "category": "restoration-area", "acres": 3006.58}, "geometry": {"type": "Polygon", "coordinates": [[[-94.961466, 29.327454], [-94.961385, 29.327218], [-94.96132, 29.327164], [-94.961265, 29.327074], [-94.961174, 29.326987], [-94.961062, 29.326823], [-94.961011, 29.326715], [-94.960992, 29.326627], [-94.960918, 29.326493], [-94.960922, 29.326316], [-94.960851, 29.326249], [-94.960841, 29.326211], [-94.960806, 29.326195], [-94.960775, 29.326206], [-94.9608, 29.326309], [-94.960793, 29.326438], [-94.96082, 29.326521], [-94.960791, 29.326726], [-94.960808, 29.326807], [-94.960876, 29.326933], [-94.960958, 29.327026], [-94.961009, 29.327058], [-94.961062, 29.327173], [-94.961048, 29.327252], [-94.96102, 29.327309], [-94.960964, 29.327349], [-94.96089, 29.32736], [-94.960636, 29.327345], [-94.960108, 29.327255], [-94.959947, 29.32719], [-94.959567, 29.327111], [-94.959444, 29.327053], [-94.959388, 29.32705], [-94.959345, 29.327075], [-94.959268, 29.327068], [-94.95924, 29.327039], [-94.959221, 29.326972], [-94.959062, 29.326872], [-94.958817, 29.326805], [-94.958451, 29.326668], [-94.958331, 29.326652], [-94.958189, 29.326588], [-94.958123, 29.326584], [-94.95789, 29.326477], [-94.95773, 29.326442], [-94.957276, 29.326283], [-94.957065, 29.326226], [-94.956908, 29.32614], [-94.956647, 29.326068], [-94.956344, 29.325941], [-94.956281, 29.32593], [-94.956102, 29.325823], [-94.955501, 29.325602], [-94.95546, 29.325561], [-94.955469, 29.325527], [-94.955508, 29.325511], [-94.955557, 29.325455], [-94.955557, 29.325318], [-94.95558, 29.325191], [-94.955666, 29.325111], [-94.95567, 29.325073], [-94.955671, 29.324932], [-94.95565, 29.324855], [-94.955596, 29.324843], [-94.955577, 29.324811], [-94.955629, 29.324462], [-94.95567, 29.324331], [-94.955621, 29.324269], [-94.955513, 29.324213], [-94.954993, 29.324045], [-94.954802, 29.323955], [-94.954705, 29.323941], [-94.954657, 29.323945], [-94.954567, 29.324008], [-94.954551, 29.324098], [-94.954471, 29.324276], [-94.954466, 29.32432], [-94.954447, 29.324337], [-94.954309, 29.324238], [-94.954244, 29.324267], [-94.954172, 29.324241], [-94.95415, 29.324222], [-94.95416, 29.324176], [-94.954028, 29.324173], [-94.953855, 29.324216], [-94.953748, 29.324262], [-94.953672, 29.324259], [-94.95365, 29.324268], [-94.953644, 29.324317], [-94.953625, 29.324333], [-94.953549, 29.324344], [-94.953528, 29.324375], [-94.953506, 29.324344], [-94.953454, 29.32434], [-94.953401, 29.324386], [-94.953375, 29.324383], [-94.953353, 29.324358], [-94.953347, 29.324372], [-94.953278, 29.324381], [-94.953265, 29.324404], [-94.953236, 29.324403], [-94.953225, 29.324343], [-94.953247, 29.32431], [-94.953165, 29.3243], [-94.953173, 29.324269], [-94.953298, 29.324257], [-94.953357, 29.324208], [-94.953381, 29.32417], [-94.953362, 29.324071], [-94.953446, 29.32396], [-94.953462, 29.323804], [-94.953572, 29.323759], [-94.953643, 29.323671], [-94.953726, 29.32367], [-94.953824, 29.323696], [-94.9539, 29.323777], [-94.953944, 29.323786], [-94.954024, 29.323784], [-94.954098, 29.323753], [-94.954129, 29.323756], [-94.954155, 29.323784], [-94.954157, 29.323818], [-94.954067, 29.323854], [-94.954066, 29.323876], [-94.954089, 29.323897], [-94.954319, 29.323859], [-94.954493, 29.323781], [-94.954719, 29.323638], [-94.954784, 29.323572], [-94.954919, 29.32331], [-94.954967, 29.32326], [-94.954985, 29.323188], [-94.95502, 29.323133], [-94.955008, 29.323011], [-94.955024, 29.322992], [-94.955027, 29.322897], [-94.954991, 29.322833], [-94.954907, 29.322785], [-94.954858, 29.322776], [-94.954829, 29.322732], [-94.954749, 29.322741], [-94.95475, 29.322793], [-94.954774, 29.322796], [-94.954775, 29.322812], [-94.954714, 29.322831], [-94.95468, 29.322871], [-94.954657, 29.322875], [-94.954626, 29.322828], [-94.954581, 29.322821], [-94.954565, 29.322878], [-94.954493, 29.322844], [-94.954424, 29.322841], [-94.954385, 29.322859], [-94.954364, 29.322908], [-94.954279, 29.322909], [-94.954288, 29.322869], [-94.954428, 29.322785], [-94.954514, 29.322805], [-94.954545, 29.322788], [-94.954554, 29.322762], [-94.954534, 29.322717], [-94.954508, 29.322706], [-94.954482, 29.322707], [-94.954436, 29.322749], [-94.954385, 29.322719], [-94.95432, 29.322738], [-94.954255, 29.322653], [-94.954264, 29.322588], [-94.954315, 29.322511], [-94.954308, 29.322456], [-94.954258, 29.322375], [-94.954256, 29.322342], [-94.954327, 29.322284], [-94.954376, 29.322207], [-94.954395, 29.322101], [-94.954499, 29.322008], [-94.954598, 29.321999], [-94.954764, 29.321946], [-94.954959, 29.321863], [-94.955058, 29.321805], [-94.955102, 29.321752], [-94.955147, 29.321621], [-94.955143, 29.321413], [-94.955165, 29.321203], [-94.955196, 29.321124], [-94.955172, 29.320917], [-94.955188, 29.320773], [-94.955243, 29.32065], [-94.955245, 29.320469], [-94.955269, 29.320437], [-94.955345, 29.3204], [-94.955382, 29.320306], [-94.955362, 29.320222], [-94.955275, 29.320151], [-94.955253, 29.320105], [-94.955256, 29.320072], [-94.955331, 29.320044], [-94.955351, 29.32002], [-94.955402, 29.319849], [-94.955533, 29.319699], [-94.955507, 29.319609], [-94.95549, 29.319385], [-94.955514, 29.319254], [-94.955628, 29.31894], [-94.955657, 29.318798], [-94.955619, 29.318712], [-94.955512, 29.318655], [-94.955043, 29.318557], [-94.954936, 29.318517], [-94.954857, 29.31846], [-94.954786, 29.318326], [-94.954769, 29.318248], [-94.954772, 29.318067], [-94.954752, 29.318], [-94.954691, 29.317948], [-94.954374, 29.317801], [-94.95426, 29.317715], [-94.954181, 29.317625], [-94.954112, 29.317489], [-94.953927, 29.317213], [-94.953848, 29.317111], [-94.953782, 29.317073], [-94.953636, 29.317042], [-94.953508, 29.317046], [-94.95347, 29.317092], [-94.953294, 29.317163], [-94.95323, 29.317213], [-94.953249, 29.317268], [-94.953318, 29.317341], [-94.953341, 29.317422], [-94.953301, 29.317468], [-94.953249, 29.317482], [-94.952973, 29.317418], [-94.952899, 29.317451], [-94.952847, 29.317506], [-94.952823, 29.31756], [-94.952813, 29.317627], [-94.95277, 29.317722], [-94.952763, 29.317813], [-94.952737, 29.317896], [-94.952618, 29.317984], [-94.952575, 29.318072], [-94.95244, 29.318219], [-94.952273, 29.318288], [-94.952235, 29.318334], [-94.952214, 29.31841], [-94.952178, 29.318462], [-94.952012, 29.318566], [-94.951958, 29.318698], [-94.951901, 29.318741], [-94.951876, 29.318801], [-94.95179, 29.318862], [-94.951733, 29.318898], [-94.951551, 29.318891], [-94.951212, 29.31893], [-94.951084, 29.319037], [-94.950934, 29.31908], [-94.950852, 29.31903], [-94.950798, 29.319048], [-94.950848, 29.31928], [-94.950823, 29.319454], [-94.950713, 29.31949], [-94.950627, 29.31954], [-94.950588, 29.319651], [-94.950506, 29.319747], [-94.950391, 29.319811], [-94.950352, 29.319865], [-94.950224, 29.319861], [-94.950174, 29.319915], [-94.950174, 29.320051], [-94.950124, 29.320129], [-94.95002, 29.320183], [-94.949838, 29.320175], [-94.949792, 29.320225], [-94.949788, 29.320279], [-94.949842, 29.320333], [-94.949852, 29.320493], [-94.949877, 29.320568], [-94.950006, 29.320625], [-94.950006, 29.320714], [-94.949956, 29.320786], [-94.949917, 29.320804], [-94.94971, 29.320818], [-94.949642, 29.320954], [-94.949592, 29.320929], [-94.949542, 29.32085], [-94.949478, 29.320804], [-94.949371, 29.320639], [-94.949363, 29.320593], [-94.949392, 29.3204], [-94.949356, 29.320343], [-94.949163, 29.320275], [-94.949096, 29.320233], [-94.948996, 29.320243], [-94.948917, 29.32029], [-94.948764, 29.3203], [-94.948439, 29.320275], [-94.948193, 29.320229], [-94.947868, 29.320079], [-94.9477, 29.32004], [-94.947536, 29.320076], [-94.947147, 29.3202], [-94.947033, 29.320222], [-94.946915, 29.320208], [-94.946622, 29.320275], [-94.94614, 29.320168], [-94.945983, 29.320093], [-94.945891, 29.320076], [-94.945798, 29.320036], [-94.945748, 29.319993], [-94.945776, 29.319403], [-94.946042, 29.31965], [-94.946171, 29.319803], [-94.946271, 29.319874], [-94.946399, 29.31996], [-94.946542, 29.320017], [-94.946718, 29.320036], [-94.94688, 29.320041], [-94.946965, 29.320017], [-94.947151, 29.319826], [-94.947299, 29.319746], [-94.947465, 29.319722], [-94.947779, 29.319774], [-94.948288, 29.319998], [-94.948579, 29.320031], [-94.948888, 29.320012], [-94.94925, 29.319912], [-94.949297, 29.319779], [-94.949297, 29.319688], [-94.949331, 29.319498], [-94.949321, 29.319355], [-94.949293, 29.319241], [-94.949221, 29.319117], [-94.949202, 29.319055], [-94.949231, 29.31896], [-94.949269, 29.318703], [-94.949269, 29.318589], [-94.94925, 29.318494], [-94.949169, 29.318346], [-94.948955, 29.318237], [-94.948874, 29.318142], [-94.948902, 29.318042], [-94.949036, 29.317785], [-94.949164, 29.317647], [-94.949216, 29.317533], [-94.949216, 29.317328], [-94.949183, 29.317204], [-94.94914, 29.317128], [-94.949002, 29.316976], [-94.948926, 29.316771], [-94.948907, 29.316562], [-94.948879, 29.316481], [-94.94884, 29.316], [-94.948788, 29.315934], [-94.94875, 29.315829], [-94.948736, 29.315629], [-94.948698, 29.315434], [-94.948745, 29.315229], [-94.948641, 29.31512], [-94.948626, 29.315039], [-94.948693, 29.314853], [-94.948769, 29.314772], [-94.948864, 29.31472], [-94.948902, 29.314634], [-94.948878, 29.314525], [-94.948821, 29.314416], [-94.948745, 29.314363], [-94.948602, 29.314178], [-94.948531, 29.31403], [-94.948412, 29.313911], [-94.948317, 29.313764], [-94.948241, 29.313597], [-94.948188, 29.313549], [-94.948131, 29.313454], [-94.948165, 29.313326], [-94.948279, 29.313154], [-94.948298, 29.313059], [-94.948293, 29.312997], [-94.948246, 29.31294], [-94.948136, 29.312874], [-94.948093, 29.312802], [-94.948055, 29.312659], [-94.948074, 29.312579], [-94.948212, 29.312345], [-94.948274, 29.312184], [-94.948341, 29.312131], [-94.948517, 29.312126], [-94.948593, 29.312169], [-94.948764, 29.312355], [-94.948779, 29.31246], [-94.948888, 29.312541], [-94.949026, 29.312583], [-94.949135, 29.312645], [-94.949216, 29.312721], [-94.949292, 29.31294], [-94.949292, 29.313045], [-94.949193, 29.31325], [-94.949121, 29.313297], [-94.949112, 29.313335], [-94.949221, 29.313416], [-94.949231, 29.313473], [-94.949274, 29.31353], [-94.949278, 29.31363], [-94.949335, 29.313767], [-94.949335, 29.313853], [-94.949404, 29.313963], [-94.949395, 29.314094], [-94.949475, 29.314132], [-94.949552, 29.314228], [-94.949603, 29.314338], [-94.949666, 29.31437], [-94.949761, 29.314367], [-94.949942, 29.314296], [-94.949981, 29.314269], [-94.94999, 29.314207], [-94.950016, 29.314156], [-94.950022, 29.314115], [-94.949963, 29.313984], [-94.9501, 29.313796], [-94.950103, 29.313746], [-94.950073, 29.313698], [-94.949936, 29.313609], [-94.949895, 29.313552], [-94.949859, 29.31338], [-94.949859, 29.313294], [-94.949892, 29.313127], [-94.949978, 29.313035], [-94.950002, 29.31299], [-94.950011, 29.312925], [-94.949981, 29.312853], [-94.949903, 29.312773], [-94.949903, 29.312672], [-94.94988, 29.312645], [-94.949752, 29.312693], [-94.949654, 29.312708], [-94.949445, 29.312717], [-94.949383, 29.312705], [-94.949404, 29.31263], [-94.949451, 29.312583], [-94.949493, 29.312491], [-94.949511, 29.312357], [-94.949469, 29.312273], [-94.949389, 29.312172], [-94.949347, 29.312134], [-94.949276, 29.312101], [-94.949252, 29.312053], [-94.949261, 29.31189], [-94.94905, 29.311759], [-94.948919, 29.311759], [-94.948907, 29.311717], [-94.948916, 29.31167], [-94.948889, 29.31161], [-94.948812, 29.311557], [-94.948812, 29.311491], [-94.948853, 29.311369], [-94.948975, 29.31125], [-94.949053, 29.311048], [-94.949103, 29.311006], [-94.949151, 29.310938], [-94.94916, 29.310861], [-94.949139, 29.310768], [-94.949064, 29.310661], [-94.949038, 29.31064], [-94.948885, 29.310687], [-94.948847, 29.310673], [-94.948774, 29.310716], [-94.948712, 29.310718], [-94.94864, 29.310754], [-94.948333, 29.310823], [-94.948172, 29.310832], [-94.948069, 29.310911], [-94.948017, 29.310913], [-94.947979, 29.310885], [-94.94801, 29.310809], [-94.947996, 29.310737], [-94.947848, 29.310606], [-94.947641, 29.310297], [-94.947584, 29.310188], [-94.947558, 29.310097], [-94.947646, 29.309947], [-94.947665, 29.309888], [-94.947665, 29.309766], [-94.947693, 29.309719], [-94.947815, 29.309643], [-94.947841, 29.309583], [-94.94785, 29.309474], [-94.947881, 29.309428], [-94.947957, 29.309393], [-94.947988, 29.309409], [-94.947996, 29.309452], [-94.948026, 29.309495], [-94.948107, 29.309512], [-94.948212, 29.309497], [-94.948267, 29.309471], [-94.948379, 29.309467], [-94.948393, 29.309398], [-94.948474, 29.309367], [-94.948609, 29.30935], [-94.948648, 29.309319], [-94.948733, 29.309312], [-94.948959, 29.309528], [-94.949033, 29.309545], [-94.949092, 29.30949], [-94.949133, 29.309414], [-94.949121, 29.309145], [-94.949183, 29.309031], [-94.949335, 29.308917], [-94.949485, 29.308834], [-94.94969, 29.308641], [-94.949747, 29.308619], [-94.949811, 29.308627], [-94.949904, 29.308717], [-94.949928, 29.308762], [-94.949956, 29.308869], [-94.949942, 29.308919], [-94.949949, 29.308955], [-94.949975, 29.308988], [-94.950023, 29.308979], [-94.950051, 29.308938], [-94.950099, 29.308912], [-94.950158, 29.308929], [-94.950194, 29.308976], [-94.950242, 29.309138], [-94.950344, 29.309362], [-94.950475, 29.309509], [-94.950661, 29.309835], [-94.950734, 29.309912], [-94.950834, 29.310088], [-94.950858, 29.310335], [-94.95097, 29.310502], [-94.951022, 29.310735], [-94.951046, 29.310785], [-94.951103, 29.310813], [-94.951167, 29.310809], [-94.951232, 29.310775], [-94.951517, 29.310542], [-94.95156, 29.310499], [-94.951615, 29.310387], [-94.951543, 29.31017], [-94.951415, 29.310113], [-94.951319, 29.309918], [-94.951324, 29.309799], [-94.951391, 29.309551], [-94.951434, 29.308856], [-94.951494, 29.308653], [-94.951492, 29.308602], [-94.951449, 29.308492], [-94.951446, 29.308433], [-94.951478, 29.308391], [-94.951604, 29.308345], [-94.951767, 29.308313], [-94.951797, 29.308278], [-94.951834, 29.308083], [-94.951896, 29.307959], [-94.951936, 29.307769], [-94.952008, 29.307697], [-94.952137, 29.307737], [-94.952217, 29.307823], [-94.952263, 29.307807], [-94.952247, 29.307751], [-94.952196, 29.307689], [-94.952209, 29.307622], [-94.952287, 29.307587], [-94.952386, 29.307627], [-94.95249, 29.307727], [-94.95256, 29.307718], [-94.952592, 29.307652], [-94.952608, 29.307566], [-94.952646, 29.307499], [-94.952696, 29.307491], [-94.952785, 29.307536], [-94.95282, 29.307528], [-94.952846, 29.307456], [-94.952884, 29.307464], [-94.9529, 29.307445], [-94.952868, 29.307274], [-94.952889, 29.307223], [-94.95294, 29.307202], [-94.953098, 29.307231], [-94.953133, 29.307271], [-94.953178, 29.307282], [-94.953256, 29.307274], [-94.953339, 29.307223], [-94.953403, 29.307204], [-94.953494, 29.307202], [-94.953647, 29.307362], [-94.953786, 29.307459], [-94.954099, 29.307528], [-94.95415, 29.307478], [-94.95418, 29.307421], [-94.954182, 29.307362], [-94.954252, 29.307322], [-94.954442, 29.30729], [-94.954525, 29.307349], [-94.954549, 29.3074], [-94.9546, 29.307419], [-94.954755, 29.307424], [-94.954803, 29.307378], [-94.954809, 29.307317], [-94.954793, 29.307271], [-94.954742, 29.307218], [-94.954737, 29.307159], [-94.954758, 29.307038], [-94.954801, 29.306963], [-94.954782, 29.30688], [-94.95483, 29.306838], [-94.954905, 29.306819], [-94.954967, 29.306771], [-94.955135, 29.306701], [-94.955224, 29.306789], [-94.955232, 29.306859], [-94.955133, 29.306894], [-94.955119, 29.306955], [-94.955063, 29.30703], [-94.955012, 29.307033], [-94.954986, 29.307055], [-94.954975, 29.307108], [-94.954994, 29.307151], [-94.955015, 29.307162], [-94.955186, 29.30714], [-94.955259, 29.307105], [-94.955336, 29.307036], [-94.955417, 29.307022], [-94.9555, 29.307087], [-94.955633, 29.307151], [-94.955631, 29.307293], [-94.955698, 29.307317], [-94.955786, 29.307295], [-94.955848, 29.30718], [-94.955869, 29.307063], [-94.955848, 29.306998], [-94.955706, 29.306931], [-94.955708, 29.306878], [-94.955824, 29.30672], [-94.955861, 29.306637], [-94.95592, 29.306602], [-94.955984, 29.306645], [-94.956161, 29.30688], [-94.956255, 29.306915], [-94.956378, 29.306929], [-94.956458, 29.306897], [-94.956541, 29.306897], [-94.956616, 29.306958], [-94.956699, 29.307081], [-94.956849, 29.307135], [-94.957146, 29.307156], [-94.957417, 29.307212], [-94.957537, 29.307191], [-94.957759, 29.307263], [-94.957882, 29.307237], [-94.957992, 29.30718], [-94.958066, 29.307091], [-94.958063, 29.306951], [-94.95798, 29.306735], [-94.957918, 29.306669], [-94.957908, 29.306585], [-94.95788, 29.306584], [-94.957856, 29.306559], [-94.957832, 29.306499], [-94.957842, 29.306405], [-94.95777, 29.306297], [-94.957762, 29.306259], [-94.957642, 29.306153], [-94.957578, 29.305979], [-94.957619, 29.305961], [-94.957721, 29.306025], [-94.957887, 29.306022], [-94.957899, 29.30604], [-94.957961, 29.306041], [-94.957985, 29.306066], [-94.9581, 29.306071], [-94.958173, 29.306034], [-94.958233, 29.306034], [-94.958254, 29.306009], [-94.958285, 29.306003], [-94.95836, 29.306044], [-94.958397, 29.306046], [-94.958499, 29.306007], [-94.958522, 29.305915], [-94.958587, 29.305863], [-94.958925, 29.305708], [-94.959012, 29.305706], [-94.959061, 29.305736], [-94.959057, 29.305812], [-94.959086, 29.30584], [-94.959148, 29.305853], [-94.959241, 29.305862], [-94.959322, 29.305849], [-94.95935, 29.305791], [-94.959349, 29.305693], [-94.959316, 29.305615], [-94.959259, 29.305515], [-94.959176, 29.305435], [-94.959069, 29.305458], [-94.958928, 29.305545], [-94.958739, 29.305695], [-94.958565, 29.305808], [-94.958406, 29.305889], [-94.958113, 29.305888], [-94.957967, 29.305828], [-94.95748, 29.305569], [-94.957281, 29.305491], [-94.957217, 29.305423], [-94.957029, 29.3053], [-94.956956, 29.305311], [-94.956919, 29.305348], [-94.956872, 29.305322], [-94.956863, 29.305273], [-94.956824, 29.30525], [-94.956651, 29.305219], [-94.956561, 29.30518], [-94.956466, 29.3051], [-94.956328, 29.305063], [-94.956328, 29.305004], [-94.956224, 29.304777], [-94.956218, 29.304662], [-94.956241, 29.304457], [-94.956295, 29.304257], [-94.95629, 29.304195], [-94.956202, 29.304055], [-94.955781, 29.303669], [-94.955678, 29.303508], [-94.955655, 29.303333], [-94.955682, 29.303188], [-94.955731, 29.3031], [-94.955811, 29.303005], [-94.956096, 29.302815], [-94.956172, 29.302731], [-94.956226, 29.302611], [-94.956232, 29.30251], [-94.956189, 29.302415], [-94.956111, 29.302314], [-94.956008, 29.302219], [-94.955898, 29.302187], [-94.955807, 29.302183], [-94.955317, 29.302334], [-94.955125, 29.302354], [-94.954956, 29.302302], [-94.954865, 29.302233], [-94.954786, 29.302132], [-94.95476, 29.30203], [-94.954785, 29.301933], [-94.954829, 29.301845], [-94.955264, 29.301371], [-94.955529, 29.301173], [-94.955795, 29.301044], [-94.955898, 29.300972], [-94.955976, 29.300867], [-94.956016, 29.300694], [-94.955951, 29.30057], [-94.955758, 29.300454], [-94.955598, 29.300392], [-94.955448, 29.300383], [-94.95522, 29.300394], [-94.955027, 29.300428], [-94.954867, 29.300436], [-94.954745, 29.300424], [-94.954639, 29.300381], [-94.954544, 29.300311], [-94.954487, 29.300177], [-94.954496, 29.300073], [-94.954554, 29.299964], [-94.954766, 29.299798], [-94.954868, 29.299739], [-94.955111, 29.299519], [-94.955475, 29.299259], [-94.955539, 29.299174], [-94.955562, 29.299113], [-94.955556, 29.299067], [-94.955472, 29.299012], [-94.955061, 29.29887], [-94.95496, 29.298893], [-94.954895, 29.298922], [-94.954759, 29.299084], [-94.954384, 29.299414], [-94.954199, 29.299528], [-94.95406, 29.299585], [-94.95384, 29.299534], [-94.95374, 29.299464], [-94.953685, 29.299375], [-94.953663, 29.299263], [-94.953656, 29.299095], [-94.953664, 29.298719], [-94.953635, 29.298586], [-94.95348, 29.298173], [-94.953391, 29.297748], [-94.953362, 29.297695], [-94.953331, 29.297703], [-94.953174, 29.297935], [-94.953023, 29.298082], [-94.952884, 29.298142], [-94.952783, 29.298149], [-94.952628, 29.298114], [-94.95254, 29.298063], [-94.952459, 29.297986], [-94.952403, 29.297906], [-94.952312, 29.297487], [-94.95221, 29.297349], [-94.952178, 29.297267], [-94.952147, 29.29705], [-94.952151, 29.296976], [-94.952192, 29.296895], [-94.95235, 29.29672], [-94.952567, 29.296543], [-94.952773, 29.296266], [-94.952852, 29.296191], [-94.952945, 29.296144], [-94.953055, 29.296129], [-94.953202, 29.296135], [-94.95338, 29.296204], [-94.953697, 29.296412], [-94.953849, 29.296415], [-94.953884, 29.29639], [-94.953883, 29.296305], [-94.953841, 29.296261], [-94.953692, 29.296167], [-94.953567, 29.296135], [-94.95333, 29.296121], [-94.952974, 29.29606], [-94.952383, 29.295821], [-94.952217, 29.295797], [-94.951994, 29.295827], [-94.951899, 29.29586], [-94.951839, 29.295921], [-94.951819, 29.296131], [-94.951875, 29.296279], [-94.951874, 29.296461], [-94.951806, 29.297017], [-94.951762, 29.297197], [-94.951689, 29.297332], [-94.951537, 29.297416], [-94.951405, 29.297428], [-94.951299, 29.297411], [-94.951194, 29.297372], [-94.951105, 29.297301], [-94.951032, 29.297181], [-94.950981, 29.296871], [-94.950954, 29.296797], [-94.950822, 29.296749], [-94.950719, 29.296766], [-94.950628, 29.296862], [-94.950553, 29.296854], [-94.950393, 29.296972], [-94.950248, 29.297028], [-94.950144, 29.297099], [-94.94994, 29.297142], [-94.949882, 29.297225], [-94.949733, 29.297252], [-94.949713, 29.297326], [-94.949803, 29.2974], [-94.949843, 29.297461], [-94.949704, 29.297547], [-94.9496, 29.297837], [-94.949604, 29.297915], [-94.949639, 29.297954], [-94.949708, 29.297978], [-94.949726, 29.298044], [-94.949723, 29.29811], [-94.949746, 29.298179], [-94.949741, 29.298226], [-94.949712, 29.29826], [-94.949614, 29.29828], [-94.949585, 29.298314], [-94.949576, 29.298391], [-94.949598, 29.298437], [-94.949587, 29.298491], [-94.94949, 29.298543], [-94.949512, 29.298641], [-94.949495, 29.298704], [-94.949453, 29.29874], [-94.949246, 29.298825], [-94.949178, 29.298891], [-94.94904, 29.298902], [-94.948845, 29.298981], [-94.948792, 29.299031], [-94.948779, 29.299108], [-94.948701, 29.299269], [-94.948642, 29.299465], [-94.948581, 29.299509], [-94.948463, 29.299491], [-94.948435, 29.299525], [-94.948439, 29.299584], [-94.948478, 29.299625], [-94.948471, 29.299693], [-94.948434, 29.299736], [-94.948346, 29.299726], [-94.948364, 29.299896], [-94.948342, 29.299945], [-94.948257, 29.300035], [-94.94837, 29.300042], [-94.9485, 29.30013], [-94.948465, 29.300324], [-94.948212, 29.300575], [-94.948094, 29.300671], [-94.947967, 29.300746], [-94.947871, 29.300778], [-94.947762, 29.300745], [-94.947746, 29.300791], [-94.947773, 29.300851], [-94.947707, 29.301077], [-94.947646, 29.301164], [-94.947566, 29.301351], [-94.9474, 29.301592], [-94.947151, 29.301867], [-94.947024, 29.301934], [-94.946951, 29.302002], [-94.946926, 29.302161], [-94.946871, 29.302241], [-94.946695, 29.302411], [-94.946508, 29.302634], [-94.946297, 29.302962], [-94.946047, 29.303173], [-94.945979, 29.303189], [-94.945868, 29.303169], [-94.945811, 29.303193], [-94.945798, 29.303242], [-94.945812, 29.303342], [-94.945848, 29.303394], [-94.94583, 29.303439], [-94.945674, 29.303466], [-94.945527, 29.303432], [-94.945484, 29.303436], [-94.945356, 29.303491], [-94.945244, 29.303581], [-94.945318, 29.303691], [-94.945369, 29.303729], [-94.945378, 29.303761], [-94.945349, 29.303794], [-94.945333, 29.303854], [-94.94529, 29.303886], [-94.945232, 29.303976], [-94.945107, 29.304057], [-94.945057, 29.304134], [-94.94502, 29.304146], [-94.945012, 29.30418], [-94.94495, 29.30426], [-94.944856, 29.304275], [-94.944835, 29.304303], [-94.944826, 29.304357], [-94.944769, 29.304385], [-94.944782, 29.304415], [-94.944841, 29.304436], [-94.944848, 29.304467], [-94.944779, 29.304553], [-94.944685, 29.304539], [-94.944658, 29.304559], [-94.944748, 29.304694], [-94.944721, 29.304725], [-94.944675, 29.304729], [-94.944574, 29.304691], [-94.944549, 29.304707], [-94.944553, 29.304762], [-94.944594, 29.304789], [-94.944644, 29.304908], [-94.944585, 29.304955], [-94.944536, 29.305076], [-94.944434, 29.305146], [-94.944172, 29.305172], [-94.944105, 29.305243], [-94.943979, 29.305497], [-94.943904, 29.30558], [-94.943798, 29.305853], [-94.943612, 29.306031], [-94.943607, 29.306135], [-94.943673, 29.306218], [-94.943775, 29.306284], [-94.943779, 29.306346], [-94.943672, 29.30636], [-94.943468, 29.306352], [-94.943458, 29.306419], [-94.943665, 29.306501], [-94.943804, 29.306538], [-94.94387, 29.306627], [-94.943884, 29.306757], [-94.943836, 29.306859], [-94.943776, 29.306943], [-94.94375, 29.307164], [-94.94368, 29.30742], [-94.943565, 29.307588], [-94.943552, 29.307717], [-94.943458, 29.307898], [-94.943461, 29.307966], [-94.943401, 29.308167], [-94.94323, 29.308339], [-94.943161, 29.308453], [-94.943176, 29.308564], [-94.943113, 29.308685], [-94.94301, 29.308767], [-94.942901, 29.308824], [-94.942707, 29.309032], [-94.942411, 29.309439], [-94.94234, 29.309591], [-94.942337, 29.309911], [-94.94225, 29.310086], [-94.942135, 29.310266], [-94.942099, 29.310398], [-94.941999, 29.310994], [-94.941882, 29.311133], [-94.941665, 29.311329], [-94.941134, 29.311764], [-94.940379, 29.312298], [-94.939306, 29.312855], [-94.937404, 29.31391], [-94.937317, 29.313894], [-94.937103, 29.313814], [-94.937067, 29.313822], [-94.937068, 29.313841], [-94.937043, 29.313856], [-94.936891, 29.313802], [-94.936751, 29.31379], [-94.936676, 29.313718], [-94.936673, 29.313653], [-94.936644, 29.313625], [-94.936587, 29.313636], [-94.93655, 29.313662], [-94.936533, 29.313743], [-94.936415, 29.313654], [-94.93644, 29.313596], [-94.936419, 29.313572], [-94.936322, 29.313509], [-94.936283, 29.3135], [-94.936221, 29.313509], [-94.936088, 29.313472], [-94.935872, 29.31348], [-94.935795, 29.313464], [-94.9357, 29.31341], [-94.935483, 29.313416], [-94.935177, 29.313463], [-94.935085, 29.313438], [-94.935003, 29.313377], [-94.93491, 29.313417], [-94.934911, 29.31345], [-94.934933, 29.313469], [-94.93501, 29.313428], [-94.93506, 29.313489], [-94.935063, 29.313527], [-94.935006, 29.313597], [-94.934955, 29.313577], [-94.934879, 29.313577], [-94.934833, 29.313493], [-94.934793, 29.313459], [-94.934774, 29.31348], [-94.934773, 29.313542], [-94.934738, 29.313584], [-94.934605, 29.313634], [-94.934608, 29.313671], [-94.934662, 29.313746], [-94.934653, 29.313776], [-94.934536, 29.313789], [-94.934403, 29.313753], [-94.934409, 29.313722], [-94.934397, 29.313709], [-94.93437, 29.313714], [-94.934261, 29.313677], [-94.934233, 29.31363], [-94.934272, 29.3136], [-94.934237, 29.313454], [-94.934127, 29.31345], [-94.934094, 29.313402], [-94.933918, 29.313316], [-94.933858, 29.313307], [-94.933552, 29.313354], [-94.932971, 29.313403], [-94.932569, 29.3134], [-94.932477, 29.313346], [-94.932396, 29.313358], [-94.932308, 29.313348], [-94.932253, 29.31331], [-94.932163, 29.313346], [-94.932074, 29.313307], [-94.932069, 29.313351], [-94.932023, 29.313369], [-94.931976, 29.313358], [-94.931859, 29.313382], [-94.931833, 29.313407], [-94.931838, 29.313504], [-94.931858, 29.313549], [-94.931852, 29.313608], [-94.931752, 29.313648], [-94.931737, 29.313753], [-94.931664, 29.31375], [-94.931592, 29.31373], [-94.931564, 29.3137], [-94.931558, 29.31366], [-94.931579, 29.313606], [-94.931573, 29.313571], [-94.931551, 29.31355], [-94.931512, 29.313542], [-94.931465, 29.313562], [-94.931411, 29.313544], [-94.931407, 29.313518], [-94.931321, 29.313481], [-94.931269, 29.313435], [-94.931162, 29.313411], [-94.931098, 29.31342], [-94.931018, 29.313364], [-94.93093, 29.313331], [-94.93074, 29.313329], [-94.93069, 29.313294], [-94.930623, 29.313277], [-94.930447, 29.313284], [-94.930398, 29.313247], [-94.93035, 29.313233], [-94.929957, 29.313264], [-94.929728, 29.313208], [-94.929611, 29.313219], [-94.929413, 29.313178], [-94.929364, 29.313193], [-94.929175, 29.313181], [-94.929086, 29.313194], [-94.92893, 29.313279], [-94.928853, 29.313295], [-94.928544, 29.313226], [-94.928225, 29.31323], [-94.927837, 29.313157], [-94.9276, 29.313048], [-94.927467, 29.312946], [-94.927357, 29.312928], [-94.927123, 29.312762], [-94.926568, 29.312636], [-94.926462, 29.31254], [-94.926415, 29.312523], [-94.926198, 29.312321], [-94.92585, 29.312217], [-94.925793, 29.312168], [-94.925445, 29.312059], [-94.925348, 29.311998], [-94.92516, 29.311944], [-94.925123, 29.31198], [-94.925063, 29.311982], [-94.924856, 29.311922], [-94.924499, 29.311865], [-94.924209, 29.311797], [-94.923924, 29.311714], [-94.923345, 29.311674], [-94.923091, 29.311673], [-94.92292, 29.311655], [-94.922744, 29.311612], [-94.922545, 29.311595], [-94.922363, 29.311549], [-94.921697, 29.311487], [-94.921515, 29.311494], [-94.921283, 29.311447], [-94.921134, 29.31146], [-94.920917, 29.31143], [-94.920779, 29.311474], [-94.920612, 29.311412], [-94.920552, 29.311375], [-94.920357, 29.311334], [-94.920225, 29.311328], [-94.920143, 29.311304], [-94.919894, 29.311315], [-94.919759, 29.3113], [-94.919517, 29.311229], [-94.919139, 29.31119], [-94.918858, 29.311181], [-94.918618, 29.311133], [-94.918418, 29.311128], [-94.9181, 29.311063], [-94.917877, 29.311044], [-94.917768, 29.311054], [-94.917126, 29.310882], [-94.917015, 29.310901], [-94.916943, 29.310936], [-94.916797, 29.310925], [-94.916742, 29.310944], [-94.916697, 29.310928], [-94.916578, 29.310836], [-94.9165, 29.310821], [-94.916435, 29.310839], [-94.916099, 29.310854], [-94.916068, 29.310877], [-94.916081, 29.310946], [-94.916071, 29.310969], [-94.916028, 29.31097], [-94.915941, 29.310919], [-94.91585, 29.31092], [-94.915771, 29.310872], [-94.915474, 29.310869], [-94.915112, 29.310814], [-94.914489, 29.310855], [-94.914094, 29.310825], [-94.91378, 29.310782], [-94.913338, 29.310766], [-94.913145, 29.310732], [-94.912835, 29.31072], [-94.912637, 29.310688], [-94.912435, 29.310569], [-94.912319, 29.310526], [-94.91219, 29.310512], [-94.911794, 29.310387], [-94.911668, 29.310318], [-94.911072, 29.310055], [-94.910828, 29.30997], [-94.910635, 29.309837], [-94.909697, 29.309341], [-94.909375, 29.309205], [-94.909129, 29.309041], [-94.908701, 29.308814], [-94.908361, 29.308606], [-94.908017, 29.308432], [-94.907931, 29.308371], [-94.907717, 29.308171], [-94.907535, 29.308046], [-94.907422, 29.307921], [-94.907288, 29.307849], [-94.906987, 29.307426], [-94.906928, 29.307266], [-94.906905, 29.307132], [-94.906846, 29.307031], [-94.906802, 29.306887], [-94.906769, 29.306843], [-94.906657, 29.306777], [-94.906638, 29.306722], [-94.906654, 29.30668], [-94.906774, 29.306603], [-94.906805, 29.306526], [-94.906769, 29.306484], [-94.906706, 29.306465], [-94.906476, 29.306427], [-94.906373, 29.306321], [-94.90634, 29.306257], [-94.906269, 29.306177], [-94.906219, 29.305901], [-94.906217, 29.305806], [-94.906187, 29.30569], [-94.906199, 29.305463], [-94.906147, 29.305221], [-94.906132, 29.304965], [-94.906105, 29.304811], [-94.905893, 29.304574], [-94.905822, 29.304412], [-94.905591, 29.30404], [-94.905586, 29.303934], [-94.905618, 29.303882], [-94.905656, 29.303859], [-94.905674, 29.303814], [-94.905654, 29.303748], [-94.905581, 29.303714], [-94.905524, 29.303722], [-94.90545, 29.303778], [-94.905412, 29.303779], [-94.905333, 29.303747], [-94.905322, 29.303715], [-94.905335, 29.303688], [-94.905556, 29.303558], [-94.905798, 29.303374], [-94.9058, 29.303334], [-94.90577, 29.303237], [-94.905787, 29.303197], [-94.90585, 29.30313], [-94.905846, 29.30308], [-94.905825, 29.303038], [-94.905751, 29.302976], [-94.90574, 29.302921], [-94.905704, 29.302876], [-94.905651, 29.302866], [-94.905612, 29.30288], [-94.905554, 29.302973], [-94.905479, 29.302993], [-94.905383, 29.302971], [-94.905265, 29.302971], [-94.905248, 29.30295], [-94.905273, 29.302915], [-94.90544, 29.302799], [-94.932067, 29.303617], [-94.932644, 29.289104], [-94.949197, 29.289608], [-94.949484, 29.282352], [-94.966036, 29.282907], [-94.965926, 29.285692], [-94.965668, 29.285614], [-94.965625, 29.285559], [-94.965457, 29.285558], [-94.965226, 29.285596], [-94.964963, 29.285665], [-94.96444, 29.285745], [-94.963713, 29.285929], [-94.963501, 29.285995], [-94.963357, 29.286087], [-94.963242, 29.286136], [-94.962853, 29.286271], [-94.962643, 29.286271], [-94.96228, 29.28635], [-94.962144, 29.286357], [-94.96205, 29.286386], [-94.9619, 29.2864], [-94.961816, 29.286478], [-94.961784, 29.286567], [-94.961675, 29.286693], [-94.961516, 29.286784], [-94.96127, 29.287035], [-94.961138, 29.287148], [-94.960955, 29.287263], [-94.960907, 29.287367], [-94.960616, 29.287682], [-94.96024, 29.288262], [-94.960157, 29.288332], [-94.960047, 29.288491], [-94.959835, 29.288707], [-94.959536, 29.288976], [-94.959411, 29.289061], [-94.959181, 29.289162], [-94.959127, 29.289392], [-94.959073, 29.289541], [-94.95897, 29.289724], [-94.958792, 29.289917], [-94.958661, 29.290018], [-94.958123, 29.290314], [-94.957731, 29.290498], [-94.957294, 29.29066], [-94.956663, 29.290965], [-94.9563, 29.291122], [-94.95613, 29.291249], [-94.956012, 29.291371], [-94.955848, 29.291907], [-94.955799, 29.29197], [-94.955714, 29.291987], [-94.955602, 29.291979], [-94.955531, 29.292012], [-94.955417, 29.292126], [-94.955355, 29.292242], [-94.955143, 29.292384], [-94.95481, 29.292514], [-94.954731, 29.292588], [-94.954614, 29.29286], [-94.954463, 29.292899], [-94.954428, 29.292939], [-94.954415, 29.293005], [-94.954445, 29.293091], [-94.954438, 29.293185], [-94.954317, 29.293274], [-94.954135, 29.293329], [-94.953988, 29.293409], [-94.953843, 29.293614], [-94.95268, 29.294633], [-94.952441, 29.294666], [-94.952393, 29.294701], [-94.952263, 29.294717], [-94.952152, 29.294791], [-94.952115, 29.294777], [-94.952094, 29.294718], [-94.952049, 29.294697], [-94.952, 29.294709], [-94.951996, 29.294742], [-94.951936, 29.294798], [-94.951873, 29.294829], [-94.951831, 29.294905], [-94.951783, 29.294948], [-94.951684, 29.294991], [-94.95165, 29.295083], [-94.951525, 29.295196], [-94.951487, 29.295315], [-94.951384, 29.295433], [-94.95133, 29.295525], [-94.951321, 29.295604], [-94.951393, 29.295716], [-94.951374, 29.295774], [-94.951334, 29.295819], [-94.951326, 29.295965], [-94.951248, 29.29602], [-94.951199, 29.296136], [-94.951214, 29.296203], [-94.951202, 29.296275], [-94.951092, 29.296424], [-94.951082, 29.296517], [-94.951112, 29.296617], [-94.951113, 29.296821], [-94.951141, 29.297009], [-94.951189, 29.297152], [-94.951249, 29.29723], [-94.951316, 29.29727], [-94.951473, 29.297276], [-94.95154, 29.297226], [-94.951619, 29.296856], [-94.951641, 29.296592], [-94.951594, 29.29628], [-94.951592, 29.296146], [-94.951612, 29.296009], [-94.951648, 29.295905], [-94.951731, 29.295789], [-94.951824, 29.295715], [-94.952025, 29.295633], [-94.95215, 29.295612], [-94.952265, 29.295617], [-94.952467, 29.295658], [-94.952805, 29.295814], [-94.952994, 29.295877], [-94.953605, 29.295894], [-94.953694, 29.295927], [-94.953854, 29.296003], [-94.954007, 29.296115], [-94.954079, 29.296196], [-94.954115, 29.296271], [-94.954106, 29.296396], [-94.95406, 29.296538], [-94.953946, 29.296654], [-94.953853, 29.296688], [-94.953786, 29.296691], [-94.953656, 29.296681], [-94.953576, 29.296651], [-94.953455, 29.296595], [-94.953243, 29.296449], [-94.953082, 29.296289], [-94.953006, 29.29629], [-94.952926, 29.296364], [-94.952787, 29.296603], [-94.952662, 29.296762], [-94.952379, 29.296981], [-94.952347, 29.297024], [-94.952347, 29.297089], [-94.952372, 29.297176], [-94.952553, 29.297489], [-94.95258, 29.297574], [-94.952584, 29.297712], [-94.952614, 29.297889], [-94.952665, 29.29793], [-94.952755, 29.297918], [-94.953026, 29.297576], [-94.953275, 29.297428], [-94.953438, 29.297433], [-94.953506, 29.297454], [-94.953616, 29.297548], [-94.953652, 29.297603], [-94.953696, 29.29773], [-94.953718, 29.298018], [-94.95382, 29.298307], [-94.953904, 29.298643], [-94.953932, 29.298971], [-94.953903, 29.29909], [-94.9539, 29.299192], [-94.953926, 29.299257], [-94.953975, 29.299308], [-94.954005, 29.299307], [-94.954185, 29.299215], [-94.954235, 29.299175], [-94.954343, 29.299028], [-94.954417, 29.298963], [-94.954717, 29.298738], [-94.954823, 29.298703], [-94.954933, 29.298689], [-94.955065, 29.298698], [-94.955475, 29.298817], [-94.955608, 29.298869], [-94.95575, 29.298953], [-94.955808, 29.299024], [-94.955842, 29.299147], [-94.955839, 29.299243], [-94.955728, 29.299414], [-94.955665, 29.299475], [-94.955338, 29.299648], [-94.955106, 29.299893], [-94.954828, 29.300089], [-94.954745, 29.30012], [-94.954777, 29.300139], [-94.955264, 29.300105], [-94.955477, 29.30012], [-94.95581, 29.300248], [-94.956028, 29.300385], [-94.956171, 29.300556], [-94.956207, 29.300628], [-94.956226, 29.300721], [-94.956209, 29.300836], [-94.956152, 29.300965], [-94.956012, 29.301176], [-94.955497, 29.301506], [-94.955346, 29.301649], [-94.954989, 29.302049], [-94.95504, 29.302105], [-94.955071, 29.302106], [-94.955436, 29.301963], [-94.955664, 29.301943], [-94.955847, 29.301951], [-94.955933, 29.301974], [-94.956069, 29.302044], [-94.956287, 29.302246], [-94.956368, 29.30237], [-94.956417, 29.302562], [-94.956411, 29.302679], [-94.956363, 29.302805], [-94.956199, 29.303041], [-94.955896, 29.303284], [-94.955868, 29.30333], [-94.955862, 29.303409], [-94.956062, 29.303557], [-94.956216, 29.303695], [-94.956433, 29.303955], [-94.956516, 29.304111], [-94.956558, 29.304235], [-94.95657, 29.304357], [-94.956521, 29.304648], [-94.95653, 29.304803], [-94.956651, 29.304941], [-94.956818, 29.305047], [-94.956926, 29.305072], [-94.95705, 29.305131], [-94.957129, 29.305144], [-94.957176, 29.305098], [-94.957205, 29.305103], [-94.957209, 29.305144], [-94.957223, 29.305154], [-94.957269, 29.305101], [-94.957267, 29.305029], [-94.957236, 29.304945], [-94.957254, 29.304882], [-94.957329, 29.304845], [-94.957304, 29.304783], [-94.957327, 29.30476], [-94.957349, 29.304696], [-94.95743, 29.304686], [-94.95746, 29.304645], [-94.957464, 29.304567], [-94.957499, 29.304538], [-94.957608, 29.304523], [-94.957672, 29.304532], [-94.957739, 29.304606], [-94.957788, 29.304627], [-94.957833, 29.304624], [-94.957874, 29.30465], [-94.957933, 29.304633], [-94.957987, 29.304653], [-94.957995, 29.304689], [-94.958263, 29.304749], [-94.958421, 29.304819], [-94.958505, 29.304811], [-94.958532, 29.304753], [-94.958566, 29.304742], [-94.958646, 29.304745], [-94.958658, 29.304794], [-94.958693, 29.304795], [-94.958692, 29.304847], [-94.958771, 29.304943], [-94.958799, 29.304947], [-94.958886, 29.305026], [-94.959015, 29.305046], [-94.959012, 29.305133], [-94.958986, 29.305194], [-94.959007, 29.305221], [-94.959116, 29.305235], [-94.959198, 29.305264], [-94.95933, 29.305335], [-94.95948, 29.305456], [-94.95951, 29.305444], [-94.959517, 29.305417], [-94.959566, 29.305406], [-94.95962, 29.30541], [-94.959653, 29.305445], [-94.959696, 29.305456], [-94.959832, 29.305442], [-94.959893, 29.305417], [-94.959997, 29.305421], [-94.960142, 29.30534], [-94.960313, 29.305348], [-94.960552, 29.305427], [-94.960591, 29.305419], [-94.960654, 29.305345], [-94.960802, 29.305244], [-94.960913, 29.305218], [-94.961154, 29.305224], [-94.961254, 29.305207], [-94.961345, 29.305239], [-94.961385, 29.305285], [-94.961418, 29.305348], [-94.961432, 29.305436], [-94.961453, 29.305431], [-94.961455, 29.305396], [-94.961484, 29.305356], [-94.961652, 29.30539], [-94.961701, 29.305371], [-94.961767, 29.305372], [-94.961843, 29.305424], [-94.961916, 29.305521], [-94.961938, 29.305631], [-94.961971, 29.305639], [-94.961982, 29.305515], [-94.962016, 29.305498], [-94.962064, 29.3055], [-94.962115, 29.30552], [-94.962153, 29.305644], [-94.962174, 29.305661], [-94.962275, 29.30568], [-94.962341, 29.30577], [-94.962417, 29.305771], [-94.96245, 29.305643], [-94.962565, 29.305559], [-94.962581, 29.305493], [-94.962564, 29.305352], [-94.962547, 29.305318], [-94.962516, 29.305319], [-94.962484, 29.305342], [-94.96246, 29.305391], [-94.962397, 29.305386], [-94.962367, 29.3054], [-94.962344, 29.305478], [-94.962311, 29.305487], [-94.96228, 29.305537], [-94.962254, 29.305526], [-94.962237, 29.305496], [-94.962233, 29.305434], [-94.962277, 29.305398], [-94.962382, 29.305249], [-94.962389, 29.30521], [-94.962377, 29.305125], [-94.962406, 29.30508], [-94.962336, 29.305015], [-94.962318, 29.304979], [-94.96233, 29.304944], [-94.962366, 29.304927], [-94.962375, 29.304894], [-94.962365, 29.304776], [-94.962335, 29.304762], [-94.962308, 29.304767], [-94.96229, 29.304794], [-94.962264, 29.304795], [-94.962191, 29.304683], [-94.962128, 29.304515], [-94.962027, 29.304446], [-94.962, 29.304404], [-94.962158, 29.304152], [-94.962238, 29.304072], [-94.962271, 29.304009], [-94.962321, 29.303958], [-94.962375, 29.303926], [-94.962481, 29.30391], [-94.962561, 29.303848], [-94.962617, 29.303839], [-94.962655, 29.303854], [-94.962678, 29.303931], [-94.962624, 29.304058], [-94.962631, 29.304109], [-94.962756, 29.304188], [-94.962801, 29.304233], [-94.962901, 29.304244], [-94.96298, 29.304284], [-94.963061, 29.30426], [-94.963114, 29.304151], [-94.963167, 29.30413], [-94.963191, 29.304088], [-94.963235, 29.304055], [-94.963321, 29.304104], [-94.963387, 29.304112], [-94.963449, 29.304232], [-94.963625, 29.304234], [-94.963621, 29.304273], [-94.963531, 29.304279], [-94.963506, 29.304307], [-94.963504, 29.304344], [-94.963543, 29.304394], [-94.963559, 29.304452], [-94.963508, 29.304517], [-94.963505, 29.304563], [-94.963401, 29.304596], [-94.963394, 29.304628], [-94.963437, 29.304671], [-94.963437, 29.304719], [-94.963493, 29.304698], [-94.963506, 29.304653], [-94.963586, 29.304633], [-94.963625, 29.304639], [-94.963637, 29.304667], [-94.963622, 29.304694], [-94.963587, 29.304707], [-94.963531, 29.304776], [-94.963544, 29.304878], [-94.963596, 29.304903], [-94.963594, 29.304935], [-94.963533, 29.304937], [-94.963467, 29.304888], [-94.963387, 29.304855], [-94.963363, 29.304871], [-94.963358, 29.304907], [-94.963329, 29.304911], [-94.963208, 29.304816], [-94.963208, 29.304768], [-94.963175, 29.304741], [-94.963122, 29.304739], [-94.963084, 29.304816], [-94.963055, 29.304812], [-94.963033, 29.304779], [-94.96296, 29.304728], [-94.962933, 29.304685], [-94.962893, 29.304697], [-94.962875, 29.30474], [-94.962904, 29.304778], [-94.962964, 29.304792], [-94.962993, 29.30489], [-94.963115, 29.30493], [-94.963122, 29.304999], [-94.963156, 29.305051], [-94.963195, 29.305059], [-94.963234, 29.305015], [-94.963293, 29.304999], [-94.963372, 29.305002], [-94.96342, 29.305029], [-94.963468, 29.305029], [-94.963509, 29.305001], [-94.963553, 29.305007], [-94.963584, 29.305119], [-94.963653, 29.305255], [-94.963632, 29.305266], [-94.963521, 29.305225], [-94.963456, 29.305245], [-94.963453, 29.305309], [-94.963493, 29.305352], [-94.963496, 29.305392], [-94.963535, 29.305412], [-94.96359, 29.305414], [-94.963625, 29.305394], [-94.963679, 29.305316], [-94.963717, 29.305341], [-94.963696, 29.305439], [-94.963898, 29.305562], [-94.964016, 29.305571], [-94.963988, 29.305655], [-94.964024, 29.305666], [-94.964046, 29.305708], [-94.964106, 29.305759], [-94.964102, 29.305794], [-94.963978, 29.305789], [-94.963823, 29.305683], [-94.963738, 29.305645], [-94.963661, 29.305555], [-94.963579, 29.305526], [-94.963565, 29.305486], [-94.963484, 29.305467], [-94.963436, 29.305477], [-94.963382, 29.305452], [-94.963352, 29.305333], [-94.963306, 29.30531], [-94.963258, 29.30532], [-94.963234, 29.305275], [-94.963203, 29.305315], [-94.963207, 29.305336], [-94.963252, 29.305373], [-94.963245, 29.305414], [-94.963217, 29.305443], [-94.96322, 29.305482], [-94.963257, 29.305527], [-94.963299, 29.305543], [-94.963313, 29.305571], [-94.96328, 29.305645], [-94.963242, 29.305676], [-94.963199, 29.305681], [-94.963121, 29.305618], [-94.962995, 29.305613], [-94.962962, 29.305628], [-94.962969, 29.305654], [-94.96306, 29.305671], [-94.963076, 29.305727], [-94.963101, 29.305744], [-94.96311, 29.305777], [-94.963076, 29.305821], [-94.963074, 29.305854], [-94.963115, 29.305936], [-94.963114, 29.306099], [-94.963241, 29.306183], [-94.96318, 29.306206], [-94.963213, 29.306419], [-94.963408, 29.306426], [-94.96352, 29.30639], [-94.963594, 29.306429], [-94.963779, 29.306421], [-94.96394, 29.306319], [-94.963984, 29.306187], [-94.964016, 29.306165], [-94.96404, 29.306021], [-94.964251, 29.305951], [-94.964317, 29.305956], [-94.964375, 29.306053], [-94.964438, 29.306104], [-94.964449, 29.306091], [-94.964438, 29.306051], [-94.964406, 29.30602], [-94.964385, 29.305966], [-94.9645, 29.305826], [-94.964499, 29.305644], [-94.964529, 29.305629], [-94.96456, 29.305683], [-94.964598, 29.30571], [-94.964653, 29.305719], [-94.964767, 29.3057], [-94.964795, 29.305674], [-94.964795, 29.305626], [-94.964755, 29.305532], [-94.964773, 29.305496], [-94.964832, 29.305466], [-94.964945, 29.305468], [-94.965019, 29.305416], [-94.965027, 29.305372], [-94.965074, 29.305333], [-94.965075, 29.305301], [-94.965034, 29.305228], [-94.965042, 29.305136], [-94.965113, 29.305042], [-94.965115, 29.304989], [-94.965229, 29.304932], [-94.965354, 29.304955], [-94.965392, 29.305032], [-94.965419, 29.305015], [-94.96539, 29.30488], [-94.965387, 29.304786], [-94.965396, 29.304717], [-94.965448, 29.304664], [-94.96552, 29.304646], [-94.965578, 29.304653], [-94.965652, 29.304744], [-94.965702, 29.304755], [-94.965785, 29.304721], [-94.965802, 29.304641], [-94.965841, 29.304611], [-94.965853, 29.304528], [-94.965786, 29.304392], [-94.965802, 29.304291], [-94.965873, 29.304147], [-94.965922, 29.304121], [-94.965964, 29.304125], [-94.966, 29.304189], [-94.966056, 29.304177], [-94.966073, 29.304141], [-94.96593, 29.30382], [-94.965868, 29.303486], [-94.965771, 29.303224], [-94.965778, 29.303098], [-94.965824, 29.303067], [-94.965982, 29.303071], [-94.966036, 29.303053], [-94.966325, 29.302899], [-94.966635, 29.302925], [-94.966801, 29.30292], [-94.966914, 29.302968], [-94.967161, 29.303027], [-94.967257, 29.303111], [-94.96735, 29.303248], [-94.967395, 29.30328], [-94.967453, 29.303285], [-94.967542, 29.303346], [-94.967615, 29.303358], [-94.96765, 29.303401], [-94.967696, 29.303423], [-94.967737, 29.303487], [-94.967864, 29.303577], [-94.967873, 29.30361], [-94.967774, 29.303691], [-94.967751, 29.303725], [-94.96774, 29.303793], [-94.967702, 29.303852], [-94.967622, 29.303883], [-94.967645, 29.303939], [-94.967618, 29.304014], [-94.967547, 29.304099], [-94.967606, 29.30414], [-94.967607, 29.304173], [-94.967632, 29.304192], [-94.967752, 29.304215], [-94.967731, 29.304263], [-94.967667, 29.304267], [-94.967643, 29.304292], [-94.967638, 29.304381], [-94.96762, 29.304422], [-94.967467, 29.304482], [-94.967371, 29.304541], [-94.967365, 29.304663], [-94.967336, 29.304717], [-94.96733, 29.304772], [-94.967369, 29.304934], [-94.967358, 29.305098], [-94.967395, 29.305147], [-94.967474, 29.305199], [-94.967629, 29.305157], [-94.96763, 29.305129], [-94.967716, 29.305052], [-94.967745, 29.305007], [-94.967747, 29.304963], [-94.967775, 29.304937], [-94.967854, 29.304938], [-94.967948, 29.304898], [-94.968082, 29.304804], [-94.96816, 29.304689], [-94.968209, 29.304405], [-94.968275, 29.304275], [-94.968407, 29.304209], [-94.968667, 29.304191], [-94.968963, 29.304217], [-94.969051, 29.304293], [-94.969093, 29.304394], [-94.969112, 29.304515], [-94.969092, 29.304597], [-94.968968, 29.304728], [-94.96894, 29.304781], [-94.968938, 29.304825], [-94.969009, 29.304864], [-94.969332, 29.30487], [-94.969547, 29.304911], [-94.969682, 29.304911], [-94.96971, 29.304865], [-94.969733, 29.30472], [-94.969821, 29.304466], [-94.96994, 29.304338], [-94.970052, 29.304329], [-94.970173, 29.304354], [-94.970263, 29.304392], [-94.970454, 29.304596], [-94.970654, 29.30473], [-94.970774, 29.304774], [-94.971246, 29.304743], [-94.971288, 29.30471], [-94.971316, 29.304657], [-94.971322, 29.304541], [-94.97138, 29.304437], [-94.971435, 29.304372], [-94.971539, 29.304299], [-94.97163, 29.304279], [-94.971751, 29.304286], [-94.971889, 29.304359], [-94.972217, 29.304346], [-94.972379, 29.304383], [-94.97247, 29.304454], [-94.972547, 29.304558], [-94.972579, 29.304664], [-94.972573, 29.304775], [-94.972639, 29.305126], [-94.97272, 29.305297], [-94.972771, 29.305321], [-94.973086, 29.305244], [-94.973413, 29.305107], [-94.973465, 29.30505], [-94.973455, 29.304919], [-94.973395, 29.304731], [-94.973393, 29.304616], [-94.973445, 29.304531], [-94.973704, 29.304338], [-94.973799, 29.304285], [-94.973907, 29.304277], [-94.974089, 29.304284], [-94.974393, 29.304329], [-94.974491, 29.304354], [-94.97469, 29.304511], [-94.974803, 29.304539], [-94.974888, 29.304584], [-94.974929, 29.304644], [-94.974915, 29.304735], [-94.974865, 29.304827], [-94.974859, 29.305073], [-94.97489, 29.305166], [-94.975039, 29.305222], [-94.975312, 29.305244], [-94.975682, 29.305348], [-94.976239, 29.305464], [-94.976913, 29.305589], [-94.977283, 29.305617], [-94.977438, 29.305739], [-94.977545, 29.305789], [-94.977688, 29.305932], [-94.977696, 29.306017], [-94.977666, 29.306066], [-94.977586, 29.306117], [-94.977554, 29.306203], [-94.977578, 29.3064], [-94.977766, 29.306806], [-94.977905, 29.306971], [-94.978062, 29.307115], [-94.978209, 29.307214], [-94.978686, 29.30745], [-94.978817, 29.30754], [-94.978996, 29.307777], [-94.979, 29.307855], [-94.978848, 29.307934], [-94.978865, 29.308013], [-94.978937, 29.308097], [-94.979093, 29.308185], [-94.979397, 29.308283], [-94.97997, 29.308354], [-94.980272, 29.308344], [-94.98074, 29.308299], [-94.981196, 29.308184], [-94.981443, 29.308157], [-94.9817, 29.308186], [-94.981825, 29.308317], [-94.981876, 29.308393], [-94.982332, 29.308667], [-94.982483, 29.308703], [-94.982617, 29.308656], [-94.982906, 29.308393], [-94.983158, 29.308274], [-94.983897, 29.308014], [-94.98409, 29.307966], [-94.984367, 29.307929], [-94.984579, 29.307934], [-94.984926, 29.307862], [-94.985335, 29.307823], [-94.985432, 29.307834], [-94.985534, 29.30782], [-94.985843, 29.307673], [-94.98594, 29.307677], [-94.985981, 29.307715], [-94.985943, 29.307795], [-94.985833, 29.307872], [-94.985801, 29.308001], [-94.985696, 29.308056], [-94.985633, 29.308124], [-94.985482, 29.308185], [-94.985418, 29.308264], [-94.985357, 29.30838], [-94.985332, 29.308442], [-94.985334, 29.308494], [-94.985378, 29.30854], [-94.985566, 29.308588], [-94.985959, 29.308619], [-94.9861, 29.308673], [-94.986323, 29.308789], [-94.986648, 29.308817], [-94.986951, 29.308781], [-94.987044, 29.308785], [-94.987154, 29.308878], [-94.987228, 29.308996], [-94.987295, 29.309177], [-94.987338, 29.309238], [-94.987599, 29.30937], [-94.987697, 29.309437], [-94.98773, 29.309524], [-94.987757, 29.309662], [-94.98776, 29.309773], [-94.987669, 29.309977], [-94.987741, 29.310062], [-94.988062, 29.310327], [-94.988158, 29.310434], [-94.988216, 29.310544], [-94.988292, 29.310621], [-94.988456, 29.310732], [-94.988683, 29.310848], [-94.988911, 29.311024], [-94.989041, 29.311048], [-94.98911, 29.31111], [-94.989262, 29.311294], [-94.989314, 29.311519], [-94.98945, 29.31158], [-94.989573, 29.311673], [-94.989677, 29.311785], [-94.989704, 29.31192], [-94.989745, 29.312018], [-94.989828, 29.312136], [-94.990139, 29.312349], [-94.990319, 29.312571], [-94.990725, 29.31258], [-94.991098, 29.312665], [-94.991255, 29.312667], [-94.991529, 29.312764], [-94.991711, 29.312786], [-94.991951, 29.312729], [-94.992046, 29.312766], [-94.992094, 29.312838], [-94.992161, 29.312852], [-94.992252, 29.312811], [-94.99241, 29.312788], [-94.992519, 29.312807], [-94.992654, 29.312909], [-94.992722, 29.312985], [-94.992709, 29.313066], [-94.992646, 29.313134], [-94.992622, 29.3132], [-94.992695, 29.313251], [-94.992809, 29.313267], [-94.992905, 29.313137], [-94.992921, 29.313064], [-94.993001, 29.313004], [-94.993076, 29.312851], [-94.9932, 29.31283], [-94.993361, 29.312837], [-94.993543, 29.312937], [-94.993641, 29.313078], [-94.993647, 29.313219], [-94.993596, 29.313372], [-94.99351, 29.313473], [-94.993507, 29.313539], [-94.993583, 29.31355], [-94.993771, 29.313509], [-94.993899, 29.313507], [-94.994103, 29.313649], [-94.994443, 29.313714], [-94.994728, 29.313788], [-94.994935, 29.313882], [-94.995056, 29.313913], [-94.995234, 29.313905], [-94.995345, 29.313976], [-94.995388, 29.314052], [-94.995515, 29.314127], [-94.995531, 29.314232], [-94.995511, 29.314298], [-94.995541, 29.314362], [-94.995617, 29.314447], [-94.995729, 29.314662], [-94.995834, 29.314759], [-94.995955, 29.314805], [-94.996094, 29.314907], [-94.996293, 29.314985], [-94.996553, 29.315051], [-94.996667, 29.315059], [-94.996762, 29.315097], [-94.99686, 29.315171], [-94.997083, 29.315276], [-94.997121, 29.315367], [-94.997303, 29.315548], [-94.997478, 29.31567], [-94.997688, 29.315886], [-94.997861, 29.315967], [-94.998013, 29.315995], [-94.998522, 29.315823], [-94.998666, 29.315743], [-94.998827, 29.315746], [-94.999063, 29.315778], [-94.999363, 29.315786], [-94.999821, 29.31547], [-94.999985, 29.315318], [-95.000333, 29.31515], [-95.000498, 29.315153], [-95.00105, 29.315219], [-95.001212, 29.315289], [-95.001848, 29.316018], [-95.001987, 29.316198], [-95.002232, 29.316716], [-95.002393, 29.317204], [-95.002647, 29.317863], [-95.002757, 29.31803], [-95.002859, 29.318094], [-95.002986, 29.318106], [-95.003164, 29.31818], [-95.003287, 29.318278], [-95.003386, 29.318326], [-95.003937, 29.318734], [-95.004001, 29.318814], [-95.003988, 29.318973], [-95.004002, 29.319111], [-95.004089, 29.319233], [-95.004267, 29.319407], [-95.004653, 29.319637], [-95.004787, 29.319668], [-95.004982, 29.319665], [-95.005137, 29.319708], [-95.005289, 29.3198], [-95.005418, 29.319923], [-95.005587, 29.320015], [-95.006088, 29.320095], [-95.006653, 29.320402], [-95.00722, 29.32074], [-95.007523, 29.320949], [-95.00752, 29.321], [-95.007463, 29.321039], [-95.006096, 29.320262], [-95.005962, 29.320234], [-95.005733, 29.320221], [-95.005337, 29.320091], [-95.005138, 29.319927], [-95.005043, 29.319875], [-95.004676, 29.319849], [-95.004509, 29.319802], [-95.003973, 29.319421], [-95.003835, 29.319234], [-95.003791, 29.319095], [-95.003798, 29.318965], [-95.003752, 29.318867], [-95.003472, 29.318622], [-95.00327, 29.318522], [-95.003028, 29.31836], [-95.002721, 29.318303], [-95.00246, 29.318034], [-95.002045, 29.316879], [-95.001909, 29.316558], [-95.001762, 29.316286], [-95.001652, 29.316114], [-95.001387, 29.315837], [-95.001224, 29.315638], [-95.001133, 29.315501], [-95.001011, 29.31541], [-95.000699, 29.315368], [-95.00039, 29.315367], [-95.000232, 29.315387], [-95.000044, 29.31549], [-94.99952, 29.315948], [-94.999358, 29.315967], [-94.998736, 29.315935], [-94.998483, 29.315996], [-94.998089, 29.316158], [-94.997881, 29.316161], [-94.997625, 29.316035], [-94.997422, 29.315853], [-94.99719, 29.315677], [-94.997024, 29.315522], [-94.996644, 29.315251], [-94.996273, 29.315125], [-94.99583, 29.315004], [-94.99565, 29.314882], [-94.995379, 29.314474], [-94.995223, 29.314286], [-94.99488, 29.314039], [-94.994393, 29.313868], [-94.993719, 29.313774], [-94.993459, 29.313723], [-94.993039, 29.313576], [-94.992809, 29.313515], [-94.992697, 29.313537], [-94.992474, 29.313521], [-94.992377, 29.313413], [-94.992242, 29.313326], [-94.992041, 29.313277], [-94.99193, 29.313288], [-94.991896, 29.313219], [-94.991741, 29.313172], [-94.991552, 29.31315], [-94.990893, 29.313013], [-94.990806, 29.313054], [-94.990598, 29.313064], [-94.990252, 29.313031], [-94.990097, 29.312996], [-94.990064, 29.312905], [-94.9899, 29.312784], [-94.989814, 29.312577], [-94.989749, 29.312518], [-94.989615, 29.31248], [-94.989546, 29.312418], [-94.989463, 29.312385], [-94.989341, 29.312369], [-94.989257, 29.312284], [-94.98925, 29.312172], [-94.989298, 29.311974], [-94.989252, 29.311894], [-94.989148, 29.311846], [-94.989034, 29.311763], [-94.988968, 29.311642], [-94.98889, 29.311439], [-94.988768, 29.31133], [-94.988643, 29.31128], [-94.988509, 29.311171], [-94.988364, 29.311121], [-94.988194, 29.311033], [-94.98802, 29.310881], [-94.987934, 29.310748], [-94.987789, 29.310601], [-94.987524, 29.310402], [-94.987412, 29.310271], [-94.987371, 29.310158], [-94.987365, 29.310036], [-94.987324, 29.309912], [-94.987343, 29.309809], [-94.987385, 29.309718], [-94.987334, 29.309645], [-94.987127, 29.309552], [-94.987072, 29.309479], [-94.986994, 29.309424], [-94.986894, 29.309298], [-94.986804, 29.309235], [-94.986649, 29.30921], [-94.986378, 29.309203], [-94.986271, 29.309143], [-94.986246, 29.309053], [-94.986184, 29.308939], [-94.986095, 29.308851], [-94.985958, 29.308801], [-94.985827, 29.308788], [-94.985668, 29.308922], [-94.985514, 29.308942], [-94.985346, 29.30891], [-94.98526, 29.308851], [-94.985073, 29.308791], [-94.984967, 29.308702], [-94.984815, 29.308525], [-94.984713, 29.308373], [-94.984606, 29.308305], [-94.984506, 29.308357], [-94.98439, 29.308389], [-94.984283, 29.308411], [-94.984122, 29.308405], [-94.983907, 29.308467], [-94.983667, 29.308509], [-94.983563, 29.308564], [-94.983448, 29.308574], [-94.983415, 29.308632], [-94.983476, 29.308679], [-94.983523, 29.308755], [-94.983469, 29.308898], [-94.983358, 29.308986], [-94.983206, 29.309069], [-94.982982, 29.309123], [-94.982747, 29.309158], [-94.982493, 29.309311], [-94.982322, 29.309341], [-94.982137, 29.309312], [-94.981812, 29.309132], [-94.981719, 29.309117], [-94.98173, 29.30924], [-94.981692, 29.309323], [-94.981584, 29.30936], [-94.981483, 29.309348], [-94.98146, 29.309288], [-94.981447, 29.30898], [-94.981516, 29.308953], [-94.981474, 29.308862], [-94.981334, 29.308701], [-94.981272, 29.308669], [-94.981219, 29.308715], [-94.981155, 29.30872], [-94.981119, 29.308759], [-94.981204, 29.30884], [-94.98121, 29.308889], [-94.981135, 29.308938], [-94.981062, 29.308957], [-94.980997, 29.308995], [-94.980979, 29.309084], [-94.980896, 29.309143], [-94.980803, 29.309132], [-94.980745, 29.3091], [-94.980713, 29.308984], [-94.9807, 29.308831], [-94.980571, 29.308867], [-94.980497, 29.308905], [-94.980208, 29.308916], [-94.98001, 29.308889], [-94.979642, 29.308871], [-94.979126, 29.308765], [-94.979034, 29.308591], [-94.978708, 29.3085], [-94.97864, 29.308508], [-94.978404, 29.308408], [-94.978269, 29.308219], [-94.97823, 29.307983], [-94.978163, 29.307745], [-94.977923, 29.307482], [-94.977636, 29.307426], [-94.977611, 29.307343], [-94.977453, 29.307184], [-94.977031, 29.306654], [-94.976918, 29.306332], [-94.976876, 29.30616], [-94.976867, 29.306045], [-94.976512, 29.305904], [-94.97626, 29.305881], [-94.975974, 29.3058], [-94.975793, 29.305787], [-94.975364, 29.305674], [-94.974972, 29.305544], [-94.974677, 29.305368], [-94.974401, 29.305243], [-94.974235, 29.30509], [-94.974191, 29.304968], [-94.974109, 29.304876], [-94.97404, 29.304943], [-94.974027, 29.30519], [-94.973929, 29.305395], [-94.973882, 29.305426], [-94.973867, 29.305516], [-94.973878, 29.305625], [-94.973862, 29.306023], [-94.973956, 29.306174], [-94.974046, 29.306206], [-94.974238, 29.306223], [-94.974269, 29.306238], [-94.974295, 29.306307], [-94.974292, 29.306368], [-94.974267, 29.306383], [-94.974274, 29.3064], [-94.974344, 29.30645], [-94.974497, 29.306493], [-94.974593, 29.306495], [-94.97497, 29.306299], [-94.975041, 29.306285], [-94.975456, 29.306283], [-94.975627, 29.306232], [-94.975697, 29.306227], [-94.975747, 29.306248], [-94.975743, 29.306281], [-94.975428, 29.306355], [-94.975318, 29.30636], [-94.975183, 29.306331], [-94.975103, 29.30633], [-94.975064, 29.306354], [-94.975054, 29.306391], [-94.975065, 29.306546], [-94.975035, 29.306599], [-94.974935, 29.306626], [-94.974876, 29.306696], [-94.974843, 29.306829], [-94.974771, 29.306829], [-94.974731, 29.306767], [-94.97466, 29.30675], [-94.974507, 29.306795], [-94.974356, 29.306861], [-94.974311, 29.306899], [-94.97432, 29.306977], [-94.974402, 29.307046], [-94.97447, 29.307061], [-94.974546, 29.307055], [-94.97462, 29.307021], [-94.974709, 29.30701], [-94.974763, 29.307032], [-94.974866, 29.307142], [-94.97491, 29.307227], [-94.974936, 29.307357], [-94.974914, 29.307408], [-94.974915, 29.307514], [-94.9749, 29.307559], [-94.974802, 29.307604], [-94.974774, 29.307635], [-94.974787, 29.307707], [-94.974824, 29.307757], [-94.974815, 29.307805], [-94.974719, 29.307887], [-94.974668, 29.307971], [-94.974585, 29.308051], [-94.974562, 29.308122], [-94.974553, 29.308231], [-94.974367, 29.308335], [-94.974333, 29.30842], [-94.974227, 29.308455], [-94.974198, 29.308497], [-94.974194, 29.30858], [-94.97417, 29.308608], [-94.974169, 29.308674], [-94.974127, 29.308732], [-94.974111, 29.308789], [-94.974087, 29.308802], [-94.973888, 29.308726], [-94.973574, 29.308653], [-94.973332, 29.308646], [-94.973294, 29.30867], [-94.973299, 29.308702], [-94.973353, 29.308796], [-94.973381, 29.308889], [-94.973383, 29.308981], [-94.973449, 29.309098], [-94.973443, 29.309212], [-94.97323, 29.309393], [-94.973209, 29.309432], [-94.973149, 29.309436], [-94.973091, 29.309419], [-94.972952, 29.309319], [-94.972865, 29.309304], [-94.972818, 29.309319], [-94.972797, 29.309344], [-94.972738, 29.309348], [-94.972595, 29.309313], [-94.972499, 29.309335], [-94.972439, 29.30941], [-94.972197, 29.309406], [-94.97209, 29.309448], [-94.972082, 29.309476], [-94.972137, 29.309556], [-94.972348, 29.30971], [-94.972391, 29.309715], [-94.972421, 29.309768], [-94.972417, 29.309845], [-94.972453, 29.309904], [-94.97244, 29.310084], [-94.972417, 29.310146], [-94.972455, 29.310297], [-94.972529, 29.310328], [-94.972532, 29.310397], [-94.972323, 29.310389], [-94.972249, 29.310412], [-94.97208, 29.310399], [-94.971895, 29.310478], [-94.971996, 29.31055], [-94.972043, 29.310713], [-94.97211, 29.310819], [-94.972257, 29.310885], [-94.972424, 29.310897], [-94.972461, 29.31093], [-94.972639, 29.310983], [-94.972651, 29.311012], [-94.972636, 29.311035], [-94.972603, 29.311045], [-94.972573, 29.311121], [-94.972535, 29.311157], [-94.972448, 29.311182], [-94.972392, 29.31126], [-94.972283, 29.311273], [-94.972188, 29.311332], [-94.972185, 29.311455], [-94.972155, 29.31152], [-94.972153, 29.311569], [-94.97219, 29.311673], [-94.972257, 29.311773], [-94.972447, 29.311901], [-94.972472, 29.311983], [-94.972466, 29.312037], [-94.972427, 29.312084], [-94.972213, 29.312228], [-94.972202, 29.312256], [-94.972235, 29.312306], [-94.972367, 29.312426], [-94.972479, 29.312482], [-94.97273, 29.312561], [-94.972828, 29.312573], [-94.972898, 29.312616], [-94.972868, 29.312862], [-94.972825, 29.312949], [-94.972752, 29.31302], [-94.972626, 29.313052], [-94.972456, 29.313046], [-94.972444, 29.313077], [-94.972456, 29.313106], [-94.97262, 29.313158], [-94.972661, 29.313252], [-94.972734, 29.3133], [-94.972807, 29.313593], [-94.97285, 29.313706], [-94.973004, 29.31385], [-94.973061, 29.313938], [-94.973059, 29.313981], [-94.973029, 29.314043], [-94.973096, 29.314158], [-94.973097, 29.314264], [-94.97313, 29.314374], [-94.973038, 29.314499], [-94.972972, 29.314758], [-94.972919, 29.314841], [-94.972633, 29.3151], [-94.972468, 29.31519], [-94.972386, 29.315319], [-94.972255, 29.315382], [-94.972216, 29.315421], [-94.972183, 29.3155], [-94.972136, 29.315527], [-94.97202, 29.315545], [-94.971985, 29.315584], [-94.971986, 29.315635], [-94.971931, 29.315673], [-94.971875, 29.315674], [-94.971802, 29.315637], [-94.971375, 29.315278], [-94.971276, 29.315229], [-94.971178, 29.315222], [-94.971128, 29.315243], [-94.971124, 29.315311], [-94.971152, 29.315396], [-94.971217, 29.315481], [-94.971296, 29.315542], [-94.971473, 29.315603], [-94.971546, 29.315646], [-94.971542, 29.315712], [-94.971476, 29.315793], [-94.971499, 29.315848], [-94.971565, 29.315908], [-94.971552, 29.315962], [-94.97153, 29.316001], [-94.971389, 29.316004], [-94.971322, 29.316093], [-94.971329, 29.316159], [-94.971393, 29.316176], [-94.971437, 29.316224], [-94.971428, 29.31627], [-94.971277, 29.316393], [-94.971198, 29.316409], [-94.970901, 29.316383], [-94.970847, 29.31641], [-94.970821, 29.316457], [-94.970697, 29.316521], [-94.970691, 29.316633], [-94.970742, 29.31679], [-94.970793, 29.316875], [-94.97081, 29.316936], [-94.970874, 29.31695], [-94.970914, 29.316997], [-94.970899, 29.317105], [-94.97091, 29.317143], [-94.971, 29.317239], [-94.97093, 29.317385], [-94.970821, 29.317466], [-94.970652, 29.317689], [-94.970448, 29.317775], [-94.970426, 29.317809], [-94.970476, 29.317799], [-94.970487, 29.317831], [-94.970424, 29.317921], [-94.970433, 29.317996], [-94.970412, 29.318086], [-94.970422, 29.318136], [-94.970485, 29.31819], [-94.970588, 29.318228], [-94.970755, 29.318235], [-94.97092, 29.318279], [-94.97117, 29.318315], [-94.971235, 29.318386], [-94.971345, 29.318408], [-94.971523, 29.31834], [-94.971617, 29.318347], [-94.9717, 29.318333], [-94.971798, 29.318348], [-94.971902, 29.318301], [-94.972045, 29.318266], [-94.972207, 29.318178], [-94.972337, 29.318184], [-94.972506, 29.318096], [-94.972588, 29.31809], [-94.972697, 29.318146], [-94.972982, 29.318146], [-94.973047, 29.318152], [-94.973095, 29.318174], [-94.973077, 29.318268], [-94.973042, 29.318309], [-94.973009, 29.318322], [-94.972997, 29.318362], [-94.973017, 29.318417], [-94.973127, 29.318445], [-94.973261, 29.318447], [-94.973342, 29.318404], [-94.973365, 29.318288], [-94.973427, 29.318279], [-94.973631, 29.318327], [-94.973784, 29.318287], [-94.973904, 29.318318], [-94.974024, 29.31828], [-94.974059, 29.318244], [-94.974119, 29.318223], [-94.974299, 29.318219], [-94.974483, 29.318161], [-94.974556, 29.318206], [-94.974696, 29.318224], [-94.974798, 29.318271], [-94.974822, 29.318306], [-94.974806, 29.318366], [-94.974824, 29.318409], [-94.974935, 29.318465], [-94.974953, 29.318512], [-94.975043, 29.318547], [-94.975167, 29.318552], [-94.975215, 29.318577], [-94.975283, 29.318646], [-94.975323, 29.318644], [-94.975351, 29.318663], [-94.975365, 29.318718], [-94.975429, 29.318737], [-94.975457, 29.318779], [-94.975463, 29.318848], [-94.97565, 29.318973], [-94.975648, 29.319016], [-94.975576, 29.319073], [-94.975584, 29.31911], [-94.975617, 29.319158], [-94.975732, 29.319222], [-94.975738, 29.319292], [-94.975707, 29.319316], [-94.975705, 29.319359], [-94.975829, 29.319628], [-94.975829, 29.319751], [-94.975696, 29.319834], [-94.975675, 29.319871], [-94.975679, 29.319923], [-94.975581, 29.319982], [-94.975435, 29.320188], [-94.975378, 29.320226], [-94.975376, 29.32026], [-94.975321, 29.320304], [-94.975221, 29.320343], [-94.97521, 29.32042], [-94.975163, 29.320441], [-94.975105, 29.320424], [-94.975084, 29.320441], [-94.975138, 29.320486], [-94.975152, 29.320524], [-94.975131, 29.32056], [-94.974927, 29.320561], [-94.974845, 29.320577], [-94.974761, 29.320663], [-94.974759, 29.320703], [-94.974799, 29.32075], [-94.974794, 29.320796], [-94.974613, 29.320812], [-94.974605, 29.320889], [-94.974587, 29.320917], [-94.974487, 29.320961], [-94.974462, 29.320992], [-94.974329, 29.321032], [-94.974266, 29.321104], [-94.974256, 29.321173], [-94.974225, 29.321206], [-94.974105, 29.321247], [-94.973926, 29.321208], [-94.973839, 29.321245], [-94.973586, 29.321203], [-94.973432, 29.321203], [-94.973332, 29.321162], [-94.973208, 29.321154], [-94.973155, 29.321166], [-94.973084, 29.321264], [-94.973005, 29.321329], [-94.972778, 29.321475], [-94.972676, 29.321491], [-94.972379, 29.321462], [-94.972074, 29.321455], [-94.972017, 29.32149], [-94.971964, 29.321563], [-94.971887, 29.32158], [-94.971603, 29.321571], [-94.971504, 29.321639], [-94.971375, 29.32166], [-94.971318, 29.321692], [-94.971288, 29.321762], [-94.971243, 29.3218], [-94.97112, 29.321833], [-94.971091, 29.321883], [-94.971088, 29.32194], [-94.971042, 29.322007], [-94.970914, 29.322082], [-94.970681, 29.322271], [-94.970552, 29.322418], [-94.970395, 29.322538], [-94.9703, 29.322654], [-94.970255, 29.322758], [-94.970166, 29.322844], [-94.970014, 29.322861], [-94.969963, 29.322959], [-94.969883, 29.322979], [-94.969707, 29.322957], [-94.969612, 29.322908], [-94.969549, 29.32285], [-94.969425, 29.322648], [-94.96919, 29.322438], [-94.9691, 29.322405], [-94.968915, 29.322378], [-94.9688, 29.322322], [-94.968738, 29.322313], [-94.968651, 29.322336], [-94.968514, 29.322514], [-94.968424, 29.322542], [-94.96832, 29.322538], [-94.968096, 29.322486], [-94.968003, 29.322387], [-94.96789, 29.322108], [-94.967828, 29.322031], [-94.967752, 29.321987], [-94.967457, 29.321976], [-94.967389, 29.321956], [-94.967031, 29.321657], [-94.96697, 29.321646], [-94.966999, 29.321716], [-94.966997, 29.321759], [-94.966975, 29.32179], [-94.96705, 29.32187], [-94.96705, 29.321919], [-94.967088, 29.321958], [-94.967093, 29.322047], [-94.96713, 29.322089], [-94.967098, 29.322199], [-94.967186, 29.322326], [-94.967252, 29.322458], [-94.967328, 29.322558], [-94.967339, 29.322676], [-94.967373, 29.322709], [-94.967386, 29.322767], [-94.967474, 29.322905], [-94.967494, 29.322972], [-94.967551, 29.323069], [-94.967547, 29.323134], [-94.967604, 29.323297], [-94.967643, 29.323373], [-94.967735, 29.32344], [-94.967746, 29.323535], [-94.96783, 29.323624], [-94.967859, 29.323689], [-94.967856, 29.323749], [-94.967879, 29.32381], [-94.967961, 29.323939], [-94.967979, 29.324035], [-94.967965, 29.324109], [-94.967834, 29.324298], [-94.967764, 29.324327], [-94.967656, 29.324449], [-94.967168, 29.324739], [-94.967095, 29.324813], [-94.966891, 29.324894], [-94.966572, 29.325099], [-94.966191, 29.325299], [-94.966022, 29.325407], [-94.96544, 29.325555], [-94.964987, 29.325944], [-94.9649, 29.326098], [-94.964842, 29.326148], [-94.964805, 29.326221], [-94.96476, 29.326268], [-94.964486, 29.326445], [-94.964329, 29.326629], [-94.963928, 29.326974], [-94.963524, 29.327242], [-94.963297, 29.327331], [-94.963117, 29.327461], [-94.962993, 29.32748], [-94.962777, 29.327601], [-94.962623, 29.327632], [-94.962439, 29.327613], [-94.962351, 29.327568], [-94.962306, 29.327508], [-94.962228, 29.327465], [-94.962095, 29.32744], [-94.961975, 29.327479], [-94.961925, 29.32756], [-94.961887, 29.327595], [-94.961841, 29.327603], [-94.961711, 29.327594], [-94.961466, 29.327454]], [[-94.958238, 29.322373], [-94.95828, 29.322146], [-94.958356, 29.322117], [-94.958445, 29.32212], [-94.95848, 29.322174], [-94.958611, 29.322231], [-94.958872, 29.322229], [-94.958926, 29.322198], [-94.959092, 29.322016], [-94.959104, 29.321938], [-94.959051, 29.321812], [-94.958922, 29.321709], [-94.958786, 29.321742], [-94.958705, 29.321707], [-94.958613, 29.321488], [-94.95852, 29.321406], [-94.958403, 29.321349], [-94.958178, 29.321372], [-94.958075, 29.321499], [-94.958021, 29.321529], [-94.957954, 29.32152], [-94.957927, 29.321466], [-94.957933, 29.321356], [-94.957986, 29.321195], [-94.958008, 29.321065], [-94.958077, 29.321029], [-94.958111, 29.320945], [-94.958047, 29.320741], [-94.958079, 29.320559], [-94.95815, 29.320497], [-94.95823, 29.320539], [-94.958319, 29.320549], [-94.95838, 29.320513], [-94.958391, 29.320448], [-94.958463, 29.320364], [-94.958648, 29.320244], [-94.958933, 29.319961], [-94.959017, 29.319825], [-94.959047, 29.319708], [-94.959056, 29.319532], [-94.959206, 29.319167], [-94.959279, 29.319047], [-94.959614, 29.318643], [-94.959633, 29.318552], [-94.959736, 29.318341], [-94.95974, 29.318269], [-94.959699, 29.318208], [-94.959494, 29.318179], [-94.959218, 29.318206], [-94.959077, 29.31831], [-94.958908, 29.318307], [-94.958848, 29.318364], [-94.958828, 29.31846], [-94.958706, 29.318674], [-94.958627, 29.318705], [-94.958537, 29.318685], [-94.95846, 29.318686], [-94.95841, 29.318717], [-94.958376, 29.318708], [-94.958337, 29.318533], [-94.958312, 29.318275], [-94.958252, 29.318222], [-94.958256, 29.318155], [-94.958095, 29.317908], [-94.958077, 29.317705], [-94.958147, 29.31748], [-94.958153, 29.317371], [-94.958125, 29.317167], [-94.958071, 29.317081], [-94.958007, 29.317019], [-94.957978, 29.317031], [-94.957941, 29.317084], [-94.957782, 29.317166], [-94.957528, 29.317148], [-94.957332, 29.31703], [-94.95716, 29.316901], [-94.957086, 29.316835], [-94.957052, 29.316757], [-94.957015, 29.316722], [-94.956758, 29.316569], [-94.956628, 29.316391], [-94.956364, 29.316262], [-94.956295, 29.316204], [-94.956216, 29.316062], [-94.956129, 29.315978], [-94.956114, 29.315885], [-94.95612, 29.315772], [-94.956074, 29.315736], [-94.955937, 29.315688], [-94.955917, 29.315595], [-94.955866, 29.315563], [-94.955863, 29.315525], [-94.955909, 29.315489], [-94.95592, 29.315452], [-94.955883, 29.315328], [-94.955839, 29.31525], [-94.955805, 29.315076], [-94.955909, 29.314844], [-94.955939, 29.314719], [-94.956078, 29.314552], [-94.956152, 29.314521], [-94.956392, 29.314273], [-94.956603, 29.314109], [-94.956672, 29.314074], [-94.956793, 29.314066], [-94.956862, 29.314035], [-94.956889, 29.313977], [-94.956832, 29.313869], [-94.956875, 29.31361], [-94.957171, 29.313381], [-94.957238, 29.313312], [-94.957261, 29.313233], [-94.957352, 29.313153], [-94.957474, 29.31312], [-94.957541, 29.313051], [-94.957578, 29.312976], [-94.957571, 29.312921], [-94.957508, 29.312839], [-94.957483, 29.31277], [-94.957492, 29.312686], [-94.957575, 29.312584], [-94.957587, 29.312538], [-94.957576, 29.31247], [-94.957628, 29.312392], [-94.957725, 29.312379], [-94.957771, 29.312339], [-94.957762, 29.312229], [-94.957795, 29.312163], [-94.957846, 29.312106], [-94.957869, 29.312035], [-94.957934, 29.311983], [-94.958012, 29.311877], [-94.958039, 29.311814], [-94.95818, 29.311715], [-94.958326, 29.311687], [-94.958395, 29.311652], [-94.958658, 29.311409], [-94.958813, 29.311306], [-94.958859, 29.311169], [-94.9589, 29.311124], [-94.958902, 29.310998], [-94.958928, 29.310952], [-94.959019, 29.310872], [-94.959099, 29.310828], [-94.959264, 29.310806], [-94.959389, 29.310811], [-94.959523, 29.310917], [-94.959692, 29.311008], [-94.959755, 29.310998], [-94.959835, 29.310951], [-94.959858, 29.310876], [-94.959858, 29.310775], [-94.959834, 29.310677], [-94.959839, 29.310593], [-94.959897, 29.310502], [-94.959905, 29.310427], [-94.959891, 29.310338], [-94.959859, 29.310298], [-94.959857, 29.310256], [-94.959917, 29.310124], [-94.959968, 29.310062], [-94.959932, 29.309821], [-94.959934, 29.309703], [-94.959884, 29.309633], [-94.959872, 29.30951], [-94.959797, 29.309465], [-94.959757, 29.309396], [-94.959839, 29.309311], [-94.959842, 29.309248], [-94.959874, 29.309194], [-94.959935, 29.309222], [-94.959955, 29.30929], [-94.960019, 29.309365], [-94.960096, 29.309372], [-94.960098, 29.309427], [-94.960149, 29.309467], [-94.960197, 29.309469], [-94.960257, 29.309425], [-94.960343, 29.309521], [-94.960331, 29.309567], [-94.960343, 29.309626], [-94.960379, 29.309662], [-94.960332, 29.309744], [-94.960329, 29.309799], [-94.96038, 29.309843], [-94.960375, 29.309931], [-94.960432, 29.309955], [-94.960509, 29.309941], [-94.960576, 29.309956], [-94.960655, 29.31001], [-94.960721, 29.310135], [-94.960739, 29.310258], [-94.96082, 29.310354], [-94.96089, 29.310407], [-94.961099, 29.310453], [-94.961235, 29.310623], [-94.96126, 29.310696], [-94.961233, 29.310851], [-94.96126, 29.310978], [-94.961305, 29.311035], [-94.961507, 29.311047], [-94.961581, 29.311105], [-94.961606, 29.311178], [-94.961657, 29.311226], [-94.96173, 29.311216], [-94.961768, 29.311134], [-94.961771, 29.311062], [-94.961736, 29.311006], [-94.961661, 29.310952], [-94.961664, 29.310902], [-94.961786, 29.310789], [-94.961853, 29.310703], [-94.961846, 29.310648], [-94.961799, 29.310532], [-94.961822, 29.310466], [-94.96192, 29.310427], [-94.961928, 29.310377], [-94.961866, 29.310362], [-94.961815, 29.310318], [-94.96178, 29.310249], [-94.961595, 29.310279], [-94.961552, 29.31037], [-94.961489, 29.310385], [-94.961442, 29.310353], [-94.961402, 29.310196], [-94.961494, 29.310014], [-94.961521, 29.309855], [-94.961582, 29.309803], [-94.96159, 29.30974], [-94.961573, 29.309701], [-94.961449, 29.309679], [-94.961378, 29.309647], [-94.961259, 29.309524], [-94.961234, 29.309443], [-94.961263, 29.309259], [-94.961247, 29.309207], [-94.961055, 29.309267], [-94.960946, 29.309347], [-94.960814, 29.309365], [-94.960757, 29.309286], [-94.960728, 29.309178], [-94.960735, 29.309048], [-94.960712, 29.308978], [-94.960727, 29.308864], [-94.960947, 29.308835], [-94.960977, 29.308767], [-94.960932, 29.308628], [-94.96084, 29.308548], [-94.960721, 29.308482], [-94.960649, 29.308341], [-94.960734, 29.30823], [-94.960847, 29.308242], [-94.961164, 29.30853], [-94.961248, 29.308587], [-94.961311, 29.308559], [-94.961323, 29.308506], [-94.961293, 29.308405], [-94.961227, 29.308334], [-94.961196, 29.308249], [-94.961215, 29.308066], [-94.961296, 29.308016], [-94.96141, 29.308173], [-94.961491, 29.308123], [-94.961496, 29.308031], [-94.961544, 29.307949], [-94.961763, 29.30795], [-94.961734, 29.307827], [-94.961766, 29.307714], [-94.961744, 29.307644], [-94.961679, 29.307534], [-94.961463, 29.307495], [-94.961292, 29.307427], [-94.961191, 29.307354], [-94.961097, 29.307312], [-94.961039, 29.307241], [-94.961009, 29.307148], [-94.96077, 29.307047], [-94.960467, 29.306989], [-94.959954, 29.306937], [-94.959873, 29.30698], [-94.959628, 29.306993], [-94.959572, 29.30706], [-94.95969, 29.307141], [-94.95969, 29.307294], [-94.959782, 29.307382], [-94.959759, 29.307495], [-94.959652, 29.307522], [-94.959513, 29.307516], [-94.9595, 29.3076], [-94.959392, 29.307641], [-94.959253, 29.307628], [-94.959163, 29.307525], [-94.95909, 29.3074], [-94.959005, 29.307358], [-94.958769, 29.307364], [-94.958706, 29.3074], [-94.958488, 29.307383], [-94.958365, 29.307345], [-94.958291, 29.307384], [-94.958106, 29.30754], [-94.958085, 29.307595], [-94.958184, 29.307728], [-94.95819, 29.30777], [-94.958236, 29.307844], [-94.958239, 29.3079], [-94.95807, 29.308136], [-94.957963, 29.308162], [-94.957893, 29.308122], [-94.957851, 29.308137], [-94.957807, 29.308204], [-94.957731, 29.308238], [-94.957684, 29.308452], [-94.957535, 29.308503], [-94.957461, 29.308486], [-94.957455, 29.308621], [-94.957425, 29.308663], [-94.957223, 29.308701], [-94.95716, 29.308644], [-94.957111, 29.308621], [-94.957074, 29.308619], [-94.957036, 29.30864], [-94.957025, 29.308672], [-94.957042, 29.308787], [-94.957021, 29.308918], [-94.956998, 29.308948], [-94.956865, 29.308941], [-94.956717, 29.308971], [-94.956572, 29.30904], [-94.956538, 29.309068], [-94.956505, 29.309209], [-94.956465, 29.309242], [-94.956418, 29.309255], [-94.956383, 29.309234], [-94.956374, 29.309164], [-94.956334, 29.309139], [-94.956284, 29.309143], [-94.956155, 29.309323], [-94.95618, 29.309514], [-94.95617, 29.309542], [-94.956187, 29.309573], [-94.956383, 29.309727], [-94.956421, 29.309835], [-94.956414, 29.309906], [-94.95638, 29.309904], [-94.95637, 29.309881], [-94.956345, 29.309872], [-94.956288, 29.309931], [-94.956246, 29.309936], [-94.956208, 29.309967], [-94.956098, 29.310163], [-94.955993, 29.310283], [-94.955898, 29.31034], [-94.955805, 29.310486], [-94.955715, 29.310544], [-94.955668, 29.310544], [-94.955632, 29.310523], [-94.955597, 29.310536], [-94.955588, 29.310605], [-94.955512, 29.310721], [-94.955277, 29.310922], [-94.955186, 29.310964], [-94.955125, 29.311059], [-94.955038, 29.311048], [-94.954952, 29.31108], [-94.954891, 29.311088], [-94.954834, 29.311065], [-94.954807, 29.311084], [-94.954779, 29.311141], [-94.954859, 29.311288], [-94.954857, 29.311324], [-94.954518, 29.311423], [-94.954482, 29.311455], [-94.954446, 29.311541], [-94.954352, 29.311493], [-94.954234, 29.311511], [-94.954025, 29.311492], [-94.953956, 29.311499], [-94.953802, 29.311602], [-94.953774, 29.311659], [-94.953633, 29.311716], [-94.953621, 29.311789], [-94.953583, 29.311832], [-94.95342, 29.311813], [-94.953361, 29.311834], [-94.953334, 29.311929], [-94.953288, 29.311952], [-94.953231, 29.311931], [-94.953145, 29.311853], [-94.953102, 29.311876], [-94.95306, 29.311948], [-94.953026, 29.311962], [-94.953008, 29.311937], [-94.953016, 29.311741], [-94.952997, 29.311602], [-94.952976, 29.311558], [-94.952913, 29.311505], [-94.952852, 29.311522], [-94.952816, 29.311572], [-94.952778, 29.311693], [-94.952742, 29.311714], [-94.9527, 29.311684], [-94.952588, 29.311648], [-94.95258, 29.311556], [-94.952546, 29.311532], [-94.952477, 29.311528], [-94.95242, 29.311493], [-94.952357, 29.311305], [-94.952201, 29.311265], [-94.952123, 29.311335], [-94.952034, 29.311362], [-94.952034, 29.311318], [-94.952066, 29.31128], [-94.952148, 29.311088], [-94.952156, 29.311035], [-94.952081, 29.310892], [-94.952019, 29.310856], [-94.951946, 29.310844], [-94.951701, 29.310905], [-94.951341, 29.311021], [-94.951255, 29.311084], [-94.951232, 29.311164], [-94.951249, 29.311267], [-94.951223, 29.311372], [-94.95124, 29.311551], [-94.951227, 29.311728], [-94.951276, 29.311992], [-94.951328, 29.312127], [-94.951423, 29.312238], [-94.951463, 29.312344], [-94.9517, 29.312544], [-94.951757, 29.312573], [-94.951807, 29.312663], [-94.951864, 29.312887], [-94.951897, 29.313106], [-94.951937, 29.313173], [-94.951947, 29.313353], [-94.952033, 29.31348], [-94.952104, 29.313627], [-94.952145, 29.313665], [-94.952175, 29.313775], [-94.952206, 29.313827], [-94.952352, 29.314024], [-94.952406, 29.314172], [-94.952409, 29.314229], [-94.952549, 29.31441], [-94.95257, 29.314503], [-94.952509, 29.314707], [-94.952616, 29.314864], [-94.952747, 29.314979], [-94.952789, 29.315057], [-94.952808, 29.315226], [-94.952794, 29.31534], [-94.952825, 29.315464], [-94.95287, 29.315523], [-94.95298, 29.315573], [-94.953015, 29.315631], [-94.953146, 29.315719], [-94.953215, 29.315849], [-94.953177, 29.315964], [-94.953175, 29.316175], [-94.95318, 29.316218], [-94.953215, 29.316278], [-94.953218, 29.316347], [-94.953253, 29.316466], [-94.953289, 29.316532], [-94.953615, 29.316885], [-94.953751, 29.316906], [-94.953991, 29.317015], [-94.954055, 29.317063], [-94.954234, 29.317368], [-94.954365, 29.317634], [-94.954776, 29.317832], [-94.954864, 29.317912], [-94.954921, 29.318022], [-94.95494, 29.318146], [-94.954926, 29.318284], [-94.95496, 29.318365], [-94.955076, 29.318422], [-94.955404, 29.318479], [-94.955557, 29.318522], [-94.955683, 29.318602], [-94.955771, 29.318721], [-94.955828, 29.318857], [-94.955773, 29.319088], [-94.955642, 29.319416], [-94.955631, 29.319476], [-94.95564, 29.319587], [-94.95569, 29.319553], [-94.956018, 29.319543], [-94.956153, 29.319608], [-94.956291, 29.319763], [-94.956366, 29.319816], [-94.956371, 29.319864], [-94.95649, 29.319931], [-94.956491, 29.319969], [-94.956595, 29.320067], [-94.956625, 29.320114], [-94.956671, 29.320249], [-94.956802, 29.320441], [-94.956841, 29.320523], [-94.956854, 29.320584], [-94.956946, 29.320776], [-94.956964, 29.320943], [-94.957004, 29.320994], [-94.957035, 29.321153], [-94.957075, 29.321196], [-94.957084, 29.321274], [-94.957128, 29.321356], [-94.957126, 29.321404], [-94.957158, 29.321466], [-94.957313, 29.321606], [-94.95743, 29.321773], [-94.957451, 29.321815], [-94.957467, 29.322007], [-94.957633, 29.322249], [-94.957642, 29.322338], [-94.957663, 29.32236], [-94.957721, 29.322364], [-94.957752, 29.322392], [-94.957762, 29.32249], [-94.957779, 29.32252], [-94.957853, 29.32261], [-94.957976, 29.322719], [-94.957985, 29.322825], [-94.958013, 29.32286], [-94.958119, 29.322932], [-94.958386, 29.323229], [-94.95847, 29.32327], [-94.958512, 29.323371], [-94.958673, 29.323496], [-94.958782, 29.323604], [-94.958796, 29.323654], [-94.958847, 29.323702], [-94.958954, 29.323909], [-94.959111, 29.324077], [-94.959312, 29.324198], [-94.959434, 29.324381], [-94.959547, 29.324496], [-94.959558, 29.324541], [-94.959644, 29.324654], [-94.959803, 29.324789], [-94.960077, 29.325077], [-94.96023, 29.325284], [-94.960294, 29.325407], [-94.960358, 29.325617], [-94.960427, 29.325672], [-94.96051, 29.325689], [-94.960585, 29.325659], [-94.960618, 29.325619], [-94.960617, 29.325553], [-94.960441, 29.325366], [-94.960338, 29.325161], [-94.960268, 29.325076], [-94.959904, 29.324731], [-94.959739, 29.324604], [-94.959634, 29.324491], [-94.959566, 29.32434], [-94.959456, 29.324219], [-94.95917, 29.324038], [-94.95881, 29.32358], [-94.958737, 29.323459], [-94.958567, 29.323258], [-94.958379, 29.323096], [-94.958346, 29.323016], [-94.958184, 29.322821], [-94.958145, 29.322721], [-94.958166, 29.322598], [-94.958238, 29.322373]], [[-94.962002, 29.311936], [-94.962083, 29.311939], [-94.962199, 29.311874], [-94.962169, 29.31172], [-94.96213, 29.311656], [-94.962125, 29.311611], [-94.962021, 29.311535], [-94.961871, 29.311505], [-94.961825, 29.311435], [-94.961788, 29.31141], [-94.961711, 29.311407], [-94.961638, 29.311429], [-94.961602, 29.311463], [-94.961574, 29.31155], [-94.961655, 29.311607], [-94.961743, 29.311621], [-94.961789, 29.311645], [-94.961814, 29.31168], [-94.961843, 29.311784], [-94.961899, 29.31186], [-94.962002, 29.311936]], [[-94.962427, 29.312187], [-94.962568, 29.312209], [-94.962649, 29.312258], [-94.962665, 29.312327], [-94.962748, 29.312321], [-94.962863, 29.312362], [-94.962916, 29.312363], [-94.963004, 29.312335], [-94.963098, 29.312345], [-94.963166, 29.312329], [-94.963195, 29.312317], [-94.963254, 29.31224], [-94.963237, 29.312191], [-94.963196, 29.312174], [-94.963049, 29.312045], [-94.96288, 29.312061], [-94.962661, 29.312138], [-94.962396, 29.312164], [-94.962427, 29.312187]], [[-94.958449, 29.31248], [-94.958335, 29.312516], [-94.95831, 29.312541], [-94.958202, 29.312566], [-94.958086, 29.312541], [-94.958044, 29.312477], [-94.95799, 29.312466], [-94.957965, 29.312487], [-94.957953, 29.312516], [-94.957993, 29.312568], [-94.958003, 29.312684], [-94.958134, 29.312915], [-94.958227, 29.312984], [-94.958277, 29.312976], [-94.958286, 29.312902], [-94.958387, 29.312762], [-94.958489, 29.312722], [-94.95854, 29.31266], [-94.958644, 29.312604], [-94.958641, 29.312577], [-94.958676, 29.312526], [-94.958714, 29.312506], [-94.958737, 29.312439], [-94.958723, 29.31241], [-94.95863, 29.312329], [-94.958579, 29.312354], [-94.958525, 29.312429], [-94.958449, 29.31248]], [[-94.961007, 29.306617], [-94.961001, 29.306423], [-94.961034, 29.306366], [-94.961037, 29.306328], [-94.961019, 29.306294], [-94.961027, 29.306263], [-94.961062, 29.306249], [-94.961076, 29.306225], [-94.961055, 29.306155], [-94.96109, 29.306072], [-94.961179, 29.306017], [-94.961238, 29.30594], [-94.961297, 29.305822], [-94.961273, 29.305701], [-94.961285, 29.305592], [-94.961322, 29.30549], [-94.961316, 29.305381], [-94.961283, 29.305329], [-94.96087, 29.305335], [-94.960828, 29.305359], [-94.960727, 29.305506], [-94.960726, 29.305528], [-94.960787, 29.305565], [-94.960968, 29.305595], [-94.961027, 29.305632], [-94.961141, 29.305748], [-94.961159, 29.305829], [-94.961107, 29.305933], [-94.960827, 29.306241], [-94.960601, 29.306374], [-94.960468, 29.306477], [-94.960467, 29.306504], [-94.960495, 29.30653], [-94.960462, 29.306577], [-94.960505, 29.306623], [-94.960548, 29.306632], [-94.960621, 29.306692], [-94.96065, 29.306792], [-94.960747, 29.306849], [-94.960873, 29.306875], [-94.960945, 29.306795], [-94.960967, 29.30675], [-94.961007, 29.306617]], [[-94.960044, 29.306529], [-94.960175, 29.306528], [-94.9602, 29.306514], [-94.960207, 29.306488], [-94.960181, 29.30645], [-94.960176, 29.306399], [-94.960227, 29.306387], [-94.960253, 29.306316], [-94.960255, 29.306274], [-94.960242, 29.30626], [-94.960112, 29.306289], [-94.960113, 29.306244], [-94.96008, 29.306215], [-94.960121, 29.306151], [-94.960143, 29.30615], [-94.960146, 29.306128], [-94.960101, 29.306116], [-94.960102, 29.306098], [-94.960186, 29.305974], [-94.960337, 29.305993], [-94.9604, 29.306049], [-94.960424, 29.306149], [-94.960385, 29.306246], [-94.960418, 29.306305], [-94.960457, 29.306309], [-94.960471, 29.306292], [-94.960563, 29.30628], [-94.960602, 29.306231], [-94.960666, 29.30623], [-94.960777, 29.306127], [-94.960817, 29.305963], [-94.960794, 29.305946], [-94.960747, 29.30599], [-94.960726, 29.305991], [-94.960714, 29.30597], [-94.960758, 29.305914], [-94.96077, 29.305842], [-94.960746, 29.305826], [-94.960747, 29.305784], [-94.960722, 29.30575], [-94.960671, 29.30574], [-94.960578, 29.305674], [-94.960489, 29.305673], [-94.96036, 29.305628], [-94.960353, 29.305609], [-94.960251, 29.305611], [-94.960174, 29.305648], [-94.960078, 29.305836], [-94.959985, 29.30593], [-94.959911, 29.305974], [-94.959704, 29.305983], [-94.959654, 29.305965], [-94.959583, 29.305909], [-94.959549, 29.30591], [-94.959536, 29.30593], [-94.959662, 29.306016], [-94.959906, 29.306096], [-94.959924, 29.306157], [-94.959993, 29.306275], [-94.960024, 29.306379], [-94.96003, 29.306511], [-94.960044, 29.306529]], [[-94.962756, 29.305929], [-94.962787, 29.305932], [-94.962876, 29.305762], [-94.962871, 29.305556], [-94.962897, 29.305498], [-94.962899, 29.305458], [-94.962872, 29.305382], [-94.9628, 29.305345], [-94.962755, 29.305368], [-94.962703, 29.305548], [-94.962714, 29.305616], [-94.962774, 29.305658], [-94.962785, 29.305682], [-94.962749, 29.305905], [-94.962756, 29.305929]], [[-94.972028, 29.306472], [-94.972117, 29.306397], [-94.972373, 29.306403], [-94.972477, 29.306392], [-94.972547, 29.306351], [-94.972559, 29.306285], [-94.972524, 29.306016], [-94.972548, 29.305982], [-94.972594, 29.305976], [-94.972631, 29.305938], [-94.97273, 29.305938], [-94.972808, 29.305917], [-94.972841, 29.305883], [-94.972858, 29.305817], [-94.972897, 29.305756], [-94.972891, 29.305697], [-94.972833, 29.305698], [-94.972651, 29.305742], [-94.972517, 29.305804], [-94.972416, 29.30576], [-94.972373, 29.305719], [-94.972423, 29.305709], [-94.972521, 29.305733], [-94.97274, 29.305584], [-94.972968, 29.305527], [-94.973006, 29.305481], [-94.973265, 29.30535], [-94.97365, 29.305299], [-94.973684, 29.305239], [-94.973695, 29.305134], [-94.973671, 29.305117], [-94.973171, 29.305362], [-94.972982, 29.305412], [-94.972868, 29.305462], [-94.972736, 29.305483], [-94.972526, 29.305449], [-94.972458, 29.30535], [-94.972397, 29.30512], [-94.972401, 29.304708], [-94.972394, 29.304623], [-94.972358, 29.304575], [-94.972265, 29.304538], [-94.971987, 29.304532], [-94.971704, 29.30447], [-94.97163, 29.304489], [-94.971502, 29.304632], [-94.97143, 29.304773], [-94.971318, 29.304863], [-94.971189, 29.3049], [-94.971017, 29.304895], [-94.970743, 29.304937], [-94.970614, 29.304883], [-94.970322, 29.304704], [-94.970169, 29.304569], [-94.970108, 29.304535], [-94.970062, 29.304564], [-94.970038, 29.304628], [-94.969918, 29.304791], [-94.969838, 29.304963], [-94.969773, 29.305009], [-94.969698, 29.30504], [-94.969574, 29.30505], [-94.969417, 29.305032], [-94.969347, 29.305008], [-94.969125, 29.305028], [-94.96895, 29.30501], [-94.968832, 29.304944], [-94.968776, 29.30488], [-94.968731, 29.304788], [-94.968757, 29.304645], [-94.968891, 29.304465], [-94.968873, 29.304386], [-94.968783, 29.304357], [-94.968563, 29.304346], [-94.968421, 29.304368], [-94.968384, 29.304433], [-94.968342, 29.304601], [-94.968323, 29.304768], [-94.968427, 29.3048], [-94.968478, 29.30478], [-94.96855, 29.304704], [-94.968606, 29.304696], [-94.968767, 29.304998], [-94.968943, 29.305071], [-94.969044, 29.305086], [-94.969198, 29.305061], [-94.969381, 29.305121], [-94.969469, 29.305124], [-94.969679, 29.305231], [-94.969773, 29.305306], [-94.969908, 29.305367], [-94.970104, 29.305382], [-94.970246, 29.305311], [-94.970291, 29.305245], [-94.970313, 29.305167], [-94.970293, 29.305099], [-94.970293, 29.305059], [-94.970309, 29.305049], [-94.970409, 29.305062], [-94.970563, 29.30514], [-94.970697, 29.305135], [-94.970782, 29.305166], [-94.971057, 29.305181], [-94.971138, 29.305207], [-94.971193, 29.305254], [-94.971204, 29.305286], [-94.971195, 29.305487], [-94.971289, 29.305535], [-94.971417, 29.305542], [-94.971555, 29.305574], [-94.971584, 29.305599], [-94.971261, 29.305614], [-94.971133, 29.305648], [-94.971004, 29.305783], [-94.970981, 29.305831], [-94.970983, 29.30588], [-94.971026, 29.305894], [-94.97115, 29.305855], [-94.971293, 29.305908], [-94.971331, 29.30595], [-94.971332, 29.306004], [-94.971385, 29.306104], [-94.971413, 29.306142], [-94.97152, 29.306211], [-94.971531, 29.306269], [-94.971638, 29.306358], [-94.971648, 29.30643], [-94.971689, 29.306451], [-94.971802, 29.306473], [-94.971847, 29.3065], [-94.971936, 29.306511], [-94.972028, 29.306472]], [[-94.968343, 29.305115], [-94.968349, 29.304981], [-94.968329, 29.304938], [-94.968354, 29.304893], [-94.968332, 29.304857], [-94.968254, 29.304819], [-94.968054, 29.304966], [-94.967954, 29.305151], [-94.968005, 29.305168], [-94.968069, 29.305143], [-94.968111, 29.305159], [-94.968154, 29.305214], [-94.968223, 29.305219], [-94.968343, 29.305115]], [[-94.973142, 29.305701], [-94.973252, 29.305855], [-94.973348, 29.305954], [-94.973375, 29.305964], [-94.973436, 29.305953], [-94.973487, 29.305929], [-94.97368, 29.305757], [-94.973696, 29.30571], [-94.973688, 29.305569], [-94.973623, 29.30553], [-94.973336, 29.305541], [-94.97318, 29.305598], [-94.97315, 29.305641], [-94.973142, 29.305701]]]}}, {"id": "48", "type": "Feature", "properties": {"name": "CL900008", "source": "Coastal_Lease_Polygon_C_TCMS", "category": "restoration-area", "acres": 5661.82}, "geometry": {"type": "Polygon", "coordinates": [[[-95.16513, 29.077591], [-95.164988, 29.077284], [-95.164989, 29.077173], [-95.164968, 29.077083], [-95.164901, 29.07701], [-95.164816, 29.077003], [-95.164787, 29.076896], [-95.16475, 29.076861], [-95.164726, 29.076766], [-95.16465, 29.076637], [-95.164655, 29.076576], [-95.164604, 29.076465], [-95.164605, 29.076438], [-95.164642, 29.076407], [-95.164693, 29.076391], [-95.164647, 29.076164], [-95.16462, 29.076095], [-95.16454, 29.075991], [-95.164464, 29.075844], [-95.164314, 29.07563], [-95.164287, 29.075542], [-95.164294, 29.07546], [-95.16423, 29.075429], [-95.164096, 29.075297], [-95.164021, 29.075281], [-95.163973, 29.075241], [-95.16397, 29.075201], [-95.16399, 29.07515], [-95.163979, 29.07512], [-95.163886, 29.075046], [-95.163871, 29.075005], [-95.163768, 29.074879], [-95.163726, 29.074793], [-95.163628, 29.074697], [-95.163191, 29.074442], [-95.163116, 29.074415], [-95.162855, 29.074349], [-95.162664, 29.074366], [-95.162507, 29.074427], [-95.162334, 29.074455], [-95.162063, 29.074575], [-95.161843, 29.074727], [-95.161426, 29.074958], [-95.161249, 29.075098], [-95.160915, 29.075309], [-95.160819, 29.07539], [-95.155576, 29.070042], [-95.155801, 29.070113], [-95.155937, 29.070133], [-95.156023, 29.070191], [-95.156132, 29.070228], [-95.156327, 29.070337], [-95.156422, 29.070327], [-95.156508, 29.070303], [-95.156971, 29.070055], [-95.157155, 29.069896], [-95.157261, 29.069742], [-95.157336, 29.069578], [-95.157382, 29.069376], [-95.157255, 29.068725], [-95.157211, 29.068688], [-95.15715, 29.068667], [-95.157074, 29.068538], [-95.157079, 29.068448], [-95.157054, 29.068329], [-95.156951, 29.068212], [-95.156919, 29.06813], [-95.156828, 29.068], [-95.156827, 29.067923], [-95.156801, 29.067827], [-95.156706, 29.067566], [-95.156667, 29.067108], [-95.156628, 29.066867], [-95.156619, 29.066533], [-95.156663, 29.066264], [-95.156764, 29.065992], [-95.156895, 29.065753], [-95.157309, 29.065092], [-95.157571, 29.064813], [-95.15771, 29.064597], [-95.157862, 29.064232], [-95.157977, 29.063902], [-95.158078, 29.063423], [-95.158134, 29.062924], [-95.158132, 29.062562], [-95.158149, 29.062315], [-95.158204, 29.06215], [-95.15847, 29.061668], [-95.15927, 29.060827], [-95.160141, 29.060513], [-95.160543, 29.060402], [-95.1611, 29.060288], [-95.161608, 29.060222], [-95.162291, 29.060158], [-95.162521, 29.060185], [-95.162838, 29.060229], [-95.163174, 29.060309], [-95.163493, 29.060416], [-95.163804, 29.060577], [-95.164272, 29.060903], [-95.165037, 29.061569], [-95.165198, 29.061652], [-95.165337, 29.061648], [-95.165341, 29.061558], [-95.165298, 29.061399], [-95.165299, 29.061268], [-95.165232, 29.061075], [-95.165141, 29.060927], [-95.164805, 29.060553], [-95.164721, 29.060378], [-95.164682, 29.060227], [-95.164662, 29.060014], [-95.164603, 29.059854], [-95.164516, 29.059733], [-95.164226, 29.059157], [-95.164039, 29.058464], [-95.163928, 29.058216], [-95.163656, 29.057785], [-95.163219, 29.057253], [-95.16306, 29.057148], [-95.162796, 29.057079], [-95.162657, 29.057078], [-95.162643, 29.057136], [-95.162752, 29.057334], [-95.162842, 29.057586], [-95.162928, 29.05773], [-95.163068, 29.057907], [-95.163121, 29.058076], [-95.163085, 29.058287], [-95.162925, 29.058398], [-95.162763, 29.058437], [-95.162516, 29.05845], [-95.162352, 29.058426], [-95.162195, 29.05837], [-95.161821, 29.058125], [-95.161227, 29.057953], [-95.160912, 29.057769], [-95.16084, 29.057658], [-95.160662, 29.05752], [-95.160496, 29.057333], [-95.160456, 29.057219], [-95.160424, 29.057032], [-95.160354, 29.056786], [-95.160241, 29.056461], [-95.160242, 29.05614], [-95.160291, 29.055984], [-95.160396, 29.055744], [-95.160943, 29.054902], [-95.16104, 29.054707], [-95.161201, 29.054573], [-95.16155, 29.054393], [-95.16169, 29.054281], [-95.161799, 29.054163], [-95.161868, 29.054026], [-95.161894, 29.053905], [-95.161868, 29.053804], [-95.161774, 29.053625], [-95.161721, 29.053451], [-95.161714, 29.053292], [-95.161735, 29.053171], [-95.161839, 29.052855], [-95.16212, 29.052486], [-95.162229, 29.052359], [-95.162315, 29.052286], [-95.162606, 29.05194], [-95.162684, 29.051826], [-95.162917, 29.05169], [-95.163067, 29.051565], [-95.163343, 29.05121], [-95.163453, 29.050975], [-95.163546, 29.050852], [-95.163917, 29.050541], [-95.16407, 29.05047], [-95.164436, 29.050353], [-95.164676, 29.0502], [-95.164772, 29.050037], [-95.164782, 29.049924], [-95.164894, 29.049761], [-95.164876, 29.049693], [-95.164897, 29.04959], [-95.164958, 29.049506], [-95.165082, 29.049389], [-95.165157, 29.049139], [-95.165287, 29.049099], [-95.1654, 29.049112], [-95.16541, 29.049042], [-95.165379, 29.048918], [-95.165369, 29.048791], [-95.165488, 29.048637], [-95.165959, 29.048359], [-95.166069, 29.048309], [-95.166211, 29.048271], [-95.166334, 29.048272], [-95.16656, 29.048368], [-95.166639, 29.048349], [-95.166742, 29.048266], [-95.166763, 29.048177], [-95.166754, 29.048115], [-95.166803, 29.048034], [-95.167034, 29.047862], [-95.167228, 29.047544], [-95.167358, 29.047401], [-95.1674, 29.04732], [-95.167462, 29.047055], [-95.167533, 29.046949], [-95.167673, 29.046799], [-95.167573, 29.046744], [-95.167596, 29.04668], [-95.167723, 29.046544], [-95.167782, 29.046518], [-95.167834, 29.046538], [-95.167873, 29.046507], [-95.167838, 29.04639], [-95.167832, 29.046256], [-95.167856, 29.046195], [-95.167902, 29.046165], [-95.167839, 29.046036], [-95.167847, 29.045881], [-95.168027, 29.045566], [-95.168141, 29.04552], [-95.168339, 29.045517], [-95.16847, 29.045442], [-95.168575, 29.045406], [-95.168673, 29.045428], [-95.168794, 29.045386], [-95.168951, 29.045305], [-95.169203, 29.045279], [-95.169347, 29.045216], [-95.169503, 29.045063], [-95.169634, 29.044988], [-95.169853, 29.044813], [-95.169931, 29.044808], [-95.170045, 29.044838], [-95.170301, 29.04483], [-95.17042, 29.044845], [-95.17055, 29.044793], [-95.17057, 29.044728], [-95.170511, 29.044665], [-95.170514, 29.044618], [-95.170754, 29.044515], [-95.170778, 29.044447], [-95.170743, 29.044312], [-95.170771, 29.044255], [-95.170846, 29.044237], [-95.170974, 29.044303], [-95.171065, 29.044303], [-95.171134, 29.044324], [-95.171226, 29.044305], [-95.171315, 29.044237], [-95.171335, 29.044169], [-95.171269, 29.044101], [-95.171263, 29.044054], [-95.17127, 29.043996], [-95.171365, 29.043819], [-95.171428, 29.0438], [-95.171648, 29.043928], [-95.171706, 29.043926], [-95.171708, 29.043894], [-95.171684, 29.043864], [-95.171719, 29.043833], [-95.17196, 29.043709], [-95.172076, 29.043608], [-95.17207, 29.043565], [-95.172097, 29.043436], [-95.172156, 29.043405], [-95.172312, 29.043426], [-95.172376, 29.043454], [-95.17233, 29.04355], [-95.172416, 29.043567], [-95.172487, 29.043548], [-95.172577, 29.04348], [-95.172743, 29.043464], [-95.172872, 29.043426], [-95.172923, 29.043392], [-95.172943, 29.043335], [-95.172899, 29.043221], [-95.172997, 29.043145], [-95.173179, 29.043141], [-95.173235, 29.043093], [-95.173347, 29.043083], [-95.17344, 29.043108], [-95.173544, 29.043166], [-95.17356, 29.043257], [-95.173605, 29.043357], [-95.173747, 29.043554], [-95.173918, 29.043611], [-95.17408, 29.043584], [-95.174141, 29.043504], [-95.174171, 29.043411], [-95.17424, 29.043341], [-95.174265, 29.043263], [-95.174286, 29.043079], [-95.174263, 29.042887], [-95.174335, 29.042684], [-95.174398, 29.042408], [-95.174438, 29.042352], [-95.174602, 29.042206], [-95.174767, 29.042115], [-95.174901, 29.04208], [-95.174937, 29.042013], [-95.174949, 29.041941], [-95.17494, 29.041869], [-95.174924, 29.04185], [-95.174918, 29.041731], [-95.174951, 29.041641], [-95.175049, 29.04158], [-95.175136, 29.04158], [-95.175265, 29.041632], [-95.175315, 29.041695], [-95.175376, 29.041727], [-95.175633, 29.041769], [-95.175695, 29.041753], [-95.175787, 29.041652], [-95.175928, 29.041549], [-95.176233, 29.04147], [-95.176357, 29.041457], [-95.176464, 29.041371], [-95.176589, 29.041347], [-95.176728, 29.041381], [-95.176853, 29.04135], [-95.177062, 29.041199], [-95.17733, 29.041112], [-95.177671, 29.040969], [-95.177922, 29.040896], [-95.178179, 29.040852], [-95.178382, 29.040928], [-95.178449, 29.040978], [-95.178646, 29.040989], [-95.178814, 29.041017], [-95.179037, 29.04108], [-95.179239, 29.04108], [-95.17934, 29.041113], [-95.1794, 29.041162], [-95.179487, 29.041151], [-95.179722, 29.040983], [-95.17975, 29.040912], [-95.179621, 29.04086], [-95.179604, 29.040777], [-95.179641, 29.040612], [-95.179715, 29.040459], [-95.179945, 29.04023], [-95.18012, 29.040099], [-95.180269, 29.039834], [-95.180342, 29.039775], [-95.180422, 29.039659], [-95.180487, 29.039611], [-95.18061, 29.039608], [-95.180704, 29.039634], [-95.180796, 29.039688], [-95.180797, 29.039753], [-95.180903, 29.039764], [-95.181098, 29.03975], [-95.181202, 29.039718], [-95.181316, 29.03974], [-95.181534, 29.039662], [-95.181693, 29.039697], [-95.18182, 29.039792], [-95.181945, 29.039848], [-95.182089, 29.039947], [-95.182222, 29.04001], [-95.182329, 29.040003], [-95.182388, 29.03997], [-95.182429, 29.039906], [-95.182448, 29.039849], [-95.182403, 29.039685], [-95.182469, 29.039597], [-95.182533, 29.039466], [-95.182703, 29.039353], [-95.182816, 29.039249], [-95.182913, 29.039112], [-95.182998, 29.039061], [-95.18313, 29.039055], [-95.183197, 29.039029], [-95.183305, 29.039018], [-95.183374, 29.039043], [-95.183505, 29.039059], [-95.183819, 29.038955], [-95.18434, 29.038827], [-95.184748, 29.038994], [-95.18491, 29.039138], [-95.185047, 29.039197], [-95.185221, 29.039179], [-95.185294, 29.039203], [-95.185372, 29.039203], [-95.185468, 29.039177], [-95.185537, 29.039119], [-95.185559, 29.039011], [-95.185521, 29.038941], [-95.185473, 29.03891], [-95.185451, 29.038855], [-95.185483, 29.038636], [-95.185519, 29.03858], [-95.185705, 29.038395], [-95.185899, 29.038305], [-95.186075, 29.038247], [-95.186274, 29.038135], [-95.186419, 29.038032], [-95.18673, 29.037918], [-95.186996, 29.037874], [-95.18726, 29.037855], [-95.187543, 29.037884], [-95.187615, 29.03784], [-95.187739, 29.037845], [-95.187784, 29.037926], [-95.187863, 29.037998], [-95.188062, 29.038056], [-95.188154, 29.038023], [-95.18821, 29.037899], [-95.188196, 29.037848], [-95.18812, 29.037791], [-95.188059, 29.037535], [-95.188067, 29.03738], [-95.188166, 29.037294], [-95.188289, 29.037223], [-95.188481, 29.037158], [-95.188978, 29.036938], [-95.189177, 29.036928], [-95.189529, 29.03688], [-95.189667, 29.036925], [-95.189813, 29.036898], [-95.189931, 29.036834], [-95.189977, 29.036742], [-95.18996, 29.036586], [-95.190001, 29.036515], [-95.189984, 29.036431], [-95.190026, 29.036332], [-95.190125, 29.036242], [-95.190185, 29.036128], [-95.190317, 29.036029], [-95.190679, 29.035807], [-95.1908, 29.035757], [-95.190932, 29.035672], [-95.191109, 29.03563], [-95.191414, 29.035592], [-95.191503, 29.035599], [-95.191641, 29.035673], [-95.191725, 29.035697], [-95.192021, 29.03572], [-95.192119, 29.035674], [-95.192174, 29.035622], [-95.192162, 29.035534], [-95.192101, 29.035442], [-95.19205, 29.035403], [-95.191982, 29.035377], [-95.191939, 29.035315], [-95.1919, 29.035166], [-95.191891, 29.035027], [-95.191903, 29.0349], [-95.191993, 29.034756], [-95.192076, 29.034681], [-95.192382, 29.034494], [-95.19256, 29.034417], [-95.192656, 29.034409], [-95.193161, 29.034067], [-95.193812, 29.03391], [-95.194156, 29.033877], [-95.194449, 29.033888], [-95.19448, 29.033846], [-95.194461, 29.033778], [-95.194464, 29.033712], [-95.194533, 29.033515], [-95.194588, 29.033471], [-95.194648, 29.03339], [-95.194726, 29.033358], [-95.194848, 29.033339], [-95.194913, 29.033296], [-95.194922, 29.033256], [-95.194816, 29.033194], [-95.194767, 29.033186], [-95.19476, 29.033264], [-95.194709, 29.033294], [-95.194656, 29.033242], [-95.194632, 29.033189], [-95.194655, 29.033057], [-95.19475, 29.032928], [-95.194826, 29.03287], [-95.19492, 29.032833], [-95.195249, 29.032771], [-95.195554, 29.032736], [-95.195687, 29.032652], [-95.195737, 29.032564], [-95.195731, 29.0325], [-95.195663, 29.032475], [-95.195573, 29.032486], [-95.195467, 29.032557], [-95.195402, 29.032548], [-95.195335, 29.032505], [-95.195209, 29.032457], [-95.195175, 29.03241], [-95.195188, 29.032344], [-95.195176, 29.032262], [-95.195227, 29.032224], [-95.195272, 29.032254], [-95.195354, 29.032385], [-95.195402, 29.032413], [-95.195442, 29.032397], [-95.195547, 29.032288], [-95.195646, 29.032222], [-95.195677, 29.032177], [-95.195729, 29.032061], [-95.195673, 29.032004], [-95.195653, 29.031951], [-95.195666, 29.031888], [-95.195781, 29.031754], [-95.195911, 29.031721], [-95.19597, 29.031671], [-95.196131, 29.031666], [-95.196189, 29.031628], [-95.196263, 29.031547], [-95.196347, 29.031512], [-95.196648, 29.031475], [-95.196879, 29.031414], [-95.196942, 29.031474], [-95.197233, 29.031439], [-95.197315, 29.031382], [-95.197461, 29.031176], [-95.197545, 29.031145], [-95.197666, 29.031149], [-95.197707, 29.031056], [-95.197856, 29.030923], [-95.198101, 29.030626], [-95.19809, 29.030515], [-95.198023, 29.0304], [-95.198011, 29.030324], [-95.198015, 29.030111], [-95.198043, 29.030038], [-95.198236, 29.029922], [-95.198272, 29.029878], [-95.198232, 29.029791], [-95.198216, 29.029688], [-95.198246, 29.029666], [-95.198354, 29.029726], [-95.198459, 29.029718], [-95.198602, 29.029652], [-95.198612, 29.029613], [-95.198588, 29.02958], [-95.19859, 29.029522], [-95.198635, 29.029417], [-95.198562, 29.029348], [-95.198548, 29.029308], [-95.198535, 29.029148], [-95.198572, 29.029091], [-95.198632, 29.029052], [-95.198826, 29.02902], [-95.199132, 29.02903], [-95.199207, 29.029012], [-95.199272, 29.028955], [-95.199384, 29.028817], [-95.199445, 29.02879], [-95.199608, 29.028303], [-95.199668, 29.028252], [-95.199737, 29.028237], [-95.199856, 29.028255], [-95.200036, 29.028381], [-95.200166, 29.028551], [-95.200254, 29.02894], [-95.200332, 29.029106], [-95.20036, 29.029215], [-95.200483, 29.02939], [-95.200535, 29.029433], [-95.200938, 29.029485], [-95.201207, 29.029596], [-95.201342, 29.02962], [-95.201449, 29.02958], [-95.201596, 29.029455], [-95.201536, 29.029391], [-95.201426, 29.029403], [-95.201319, 29.029442], [-95.201189, 29.029444], [-95.200896, 29.029387], [-95.20062, 29.029301], [-95.200551, 29.029229], [-95.200485, 29.029139], [-95.200456, 29.029035], [-95.200385, 29.028881], [-95.200344, 29.028544], [-95.200235, 29.02837], [-95.199868, 29.027935], [-95.19964, 29.02772], [-95.199596, 29.027643], [-95.199562, 29.027525], [-95.199491, 29.02748], [-95.199466, 29.027435], [-95.199408, 29.027201], [-95.199413, 29.027152], [-95.199449, 29.0271], [-95.19955, 29.027045], [-95.199624, 29.027037], [-95.199713, 29.027055], [-95.199735, 29.027023], [-95.199715, 29.026925], [-95.199624, 29.026787], [-95.199558, 29.026753], [-95.199509, 29.026618], [-95.199477, 29.02658], [-95.199395, 29.026542], [-95.199262, 29.026533], [-95.199248, 29.02651], [-95.199452, 29.026452], [-95.199506, 29.02646], [-95.199603, 29.026522], [-95.199729, 29.026564], [-95.199862, 29.026662], [-95.199969, 29.026696], [-95.200074, 29.026819], [-95.200165, 29.026843], [-95.200254, 29.026822], [-95.200323, 29.026766], [-95.200423, 29.026621], [-95.200467, 29.026485], [-95.20041, 29.026375], [-95.200321, 29.02632], [-95.200056, 29.026426], [-95.199793, 29.026452], [-95.19971, 29.026444], [-95.199644, 29.026415], [-95.199556, 29.026333], [-95.19941, 29.026243], [-95.199246, 29.026095], [-95.199167, 29.026002], [-95.198925, 29.025861], [-95.198868, 29.025787], [-95.198864, 29.025701], [-95.198905, 29.025631], [-95.198994, 29.025603], [-95.199086, 29.025605], [-95.199504, 29.025738], [-95.199796, 29.025795], [-95.200043, 29.025762], [-95.200372, 29.025621], [-95.200519, 29.025489], [-95.200815, 29.025379], [-95.200925, 29.025308], [-95.201013, 29.025234], [-95.201038, 29.025145], [-95.200999, 29.025047], [-95.200941, 29.024956], [-95.200867, 29.024961], [-95.200767, 29.025047], [-95.200696, 29.02505], [-95.200584, 29.025113], [-95.200307, 29.025165], [-95.200222, 29.025266], [-95.200156, 29.025427], [-95.200102, 29.025467], [-95.200046, 29.025454], [-95.200034, 29.025389], [-95.19981, 29.025317], [-95.199807, 29.025285], [-95.199866, 29.025236], [-95.199921, 29.025235], [-95.199966, 29.025203], [-95.200027, 29.02507], [-95.200136, 29.02499], [-95.200196, 29.024959], [-95.200345, 29.024941], [-95.200461, 29.024765], [-95.200466, 29.024707], [-95.200561, 29.0246], [-95.20056, 29.02445], [-95.200497, 29.024201], [-95.200443, 29.02408], [-95.20038, 29.023995], [-95.200256, 29.023924], [-95.200208, 29.023911], [-95.200134, 29.023925], [-95.200133, 29.023947], [-95.200154, 29.023957], [-95.200192, 29.023951], [-95.200231, 29.023967], [-95.200277, 29.024067], [-95.200469, 29.02435], [-95.200463, 29.024394], [-95.200386, 29.02441], [-95.20026, 29.024339], [-95.200185, 29.024321], [-95.200074, 29.024357], [-95.19996, 29.024364], [-95.199753, 29.024319], [-95.199687, 29.024291], [-95.19955, 29.024182], [-95.199394, 29.024118], [-95.198754, 29.024075], [-95.198696, 29.024047], [-95.19872, 29.024], [-95.1989, 29.024007], [-95.199507, 29.023949], [-95.199766, 29.023896], [-95.199844, 29.023844], [-95.199962, 29.023576], [-95.200072, 29.023473], [-95.200122, 29.023405], [-95.200138, 29.023336], [-95.200183, 29.023275], [-95.200347, 29.023259], [-95.200404, 29.02321], [-95.200421, 29.023038], [-95.200631, 29.022865], [-95.200655, 29.022807], [-95.200646, 29.022741], [-95.200691, 29.022665], [-95.200682, 29.022602], [-95.200714, 29.022474], [-95.200812, 29.022265], [-95.200825, 29.022085], [-95.200895, 29.022036], [-95.201105, 29.022029], [-95.201207, 29.022004], [-95.201385, 29.021885], [-95.201572, 29.021841], [-95.201612, 29.021787], [-95.201614, 29.021747], [-95.201689, 29.021599], [-95.201766, 29.021558], [-95.201914, 29.021534], [-95.202091, 29.021529], [-95.202155, 29.021425], [-95.202207, 29.021379], [-95.202295, 29.021351], [-95.202404, 29.021241], [-95.20247, 29.021079], [-95.202538, 29.021021], [-95.202645, 29.020844], [-95.202651, 29.020677], [-95.202675, 29.020606], [-95.202724, 29.020556], [-95.20281, 29.020548], [-95.202876, 29.020574], [-95.202941, 29.020565], [-95.203003, 29.020528], [-95.203142, 29.020307], [-95.203174, 29.020152], [-95.203231, 29.020087], [-95.203358, 29.020064], [-95.203429, 29.020024], [-95.203481, 29.019877], [-95.203526, 29.019818], [-95.203586, 29.01979], [-95.203661, 29.019727], [-95.203697, 29.019589], [-95.203756, 29.019514], [-95.203788, 29.019366], [-95.203852, 29.018996], [-95.203849, 29.018833], [-95.204069, 29.01858], [-95.204271, 29.018221], [-95.204311, 29.018038], [-95.204407, 29.017951], [-95.204662, 29.017916], [-95.204703, 29.017895], [-95.204812, 29.017699], [-95.205028, 29.017609], [-95.205182, 29.01752], [-95.205312, 29.01742], [-95.205435, 29.017355], [-95.205577, 29.017255], [-95.205895, 29.016954], [-95.206073, 29.016881], [-95.206567, 29.016776], [-95.206911, 29.016793], [-95.207293, 29.016877], [-95.207443, 29.016944], [-95.207623, 29.016984], [-95.207761, 29.016967], [-95.207992, 29.01682], [-95.208142, 29.016815], [-95.208823, 29.016972], [-95.20901, 29.016953], [-95.209146, 29.016893], [-95.209334, 29.016867], [-95.209463, 29.016869], [-95.209635, 29.016908], [-95.210303, 29.017176], [-95.21042, 29.017321], [-95.210497, 29.017465], [-95.210518, 29.017592], [-95.210596, 29.017802], [-95.210685, 29.017863], [-95.21078, 29.017921], [-95.211125, 29.01793], [-95.211327, 29.017992], [-95.211578, 29.018159], [-95.211963, 29.018358], [-95.212071, 29.01845], [-95.212146, 29.018597], [-95.212503, 29.018752], [-95.212667, 29.018857], [-95.212773, 29.018945], [-95.212842, 29.019033], [-95.212789, 29.019076], [-95.212797, 29.01913], [-95.212857, 29.01915], [-95.212938, 29.01923], [-95.212966, 29.019341], [-95.21297, 29.019454], [-95.212945, 29.019556], [-95.212968, 29.019609], [-95.213213, 29.019684], [-95.213368, 29.019804], [-95.213414, 29.019871], [-95.213607, 29.019957], [-95.213686, 29.020023], [-95.213786, 29.020068], [-95.213838, 29.020045], [-95.21379, 29.019881], [-95.213818, 29.01968], [-95.21378, 29.019615], [-95.213649, 29.019572], [-95.213407, 29.019536], [-95.213274, 29.019479], [-95.213231, 29.019421], [-95.213214, 29.019299], [-95.213228, 29.019173], [-95.213259, 29.01906], [-95.213369, 29.01892], [-95.213313, 29.018911], [-95.213265, 29.018939], [-95.213211, 29.018939], [-95.213142, 29.018896], [-95.213072, 29.018808], [-95.212992, 29.018705], [-95.212923, 29.018543], [-95.212852, 29.018266], [-95.212917, 29.017695], [-95.212982, 29.017517], [-95.213035, 29.017434], [-95.213165, 29.017394], [-95.213241, 29.017415], [-95.21334, 29.017493], [-95.213421, 29.017615], [-95.213462, 29.01765], [-95.21352, 29.017675], [-95.213547, 29.01766], [-95.213578, 29.017484], [-95.213581, 29.017331], [-95.213576, 29.017173], [-95.213553, 29.017019], [-95.21353, 29.016969], [-95.213593, 29.01678], [-95.213721, 29.016877], [-95.213757, 29.016935], [-95.213806, 29.016977], [-95.213887, 29.016996], [-95.213934, 29.016982], [-95.214061, 29.016856], [-95.214394, 29.016802], [-95.214493, 29.016734], [-95.214655, 29.016715], [-95.214865, 29.016732], [-95.215, 29.016793], [-95.215035, 29.016856], [-95.215042, 29.016932], [-95.215111, 29.016989], [-95.215229, 29.017041], [-95.215323, 29.017105], [-95.215501, 29.017337], [-95.215548, 29.017422], [-95.215522, 29.01759], [-95.21555, 29.017656], [-95.215545, 29.017703], [-95.215511, 29.017756], [-95.215452, 29.017803], [-95.215385, 29.017823], [-95.215242, 29.017813], [-95.215207, 29.017843], [-95.215144, 29.018169], [-95.215111, 29.018217], [-95.215047, 29.018276], [-95.214821, 29.018323], [-95.214769, 29.018355], [-95.214623, 29.018491], [-95.214642, 29.018521], [-95.214668, 29.018529], [-95.214777, 29.018492], [-95.214928, 29.018505], [-95.215091, 29.018475], [-95.215296, 29.018373], [-95.215664, 29.018241], [-95.216315, 29.017946], [-95.216457, 29.017916], [-95.21681, 29.017727], [-95.216488, 29.026397], [-95.216328, 29.026338], [-95.216249, 29.026214], [-95.216123, 29.026125], [-95.215932, 29.025912], [-95.215911, 29.025803], [-95.215922, 29.025709], [-95.215968, 29.025663], [-95.216002, 29.025586], [-95.216075, 29.025531], [-95.216091, 29.025471], [-95.216067, 29.025431], [-95.216025, 29.025401], [-95.215971, 29.025404], [-95.21596, 29.025416], [-95.215969, 29.025461], [-95.215947, 29.025492], [-95.215893, 29.025514], [-95.215722, 29.02549], [-95.215562, 29.025396], [-95.215472, 29.02529], [-95.215222, 29.025062], [-95.215199, 29.025056], [-95.215178, 29.025106], [-95.215134, 29.025145], [-95.215195, 29.025224], [-95.215276, 29.02525], [-95.215201, 29.025253], [-95.215175, 29.025291], [-95.215119, 29.025316], [-95.215082, 29.025358], [-95.215066, 29.025421], [-95.215019, 29.025455], [-95.214996, 29.025623], [-95.215003, 29.025718], [-95.214965, 29.02584], [-95.214807, 29.026099], [-95.214546, 29.026193], [-95.214485, 29.026202], [-95.213469, 29.026118], [-95.213215, 29.026293], [-95.213141, 29.026366], [-95.212852, 29.026796], [-95.212837, 29.026843], [-95.212849, 29.026975], [-95.212805, 29.027211], [-95.212862, 29.027233], [-95.212895, 29.027201], [-95.212963, 29.027189], [-95.213, 29.027216], [-95.213059, 29.027302], [-95.213125, 29.02733], [-95.213296, 29.027339], [-95.213362, 29.027361], [-95.213479, 29.02745], [-95.213531, 29.027555], [-95.213687, 29.027572], [-95.213753, 29.027645], [-95.213922, 29.027713], [-95.213971, 29.02781], [-95.213908, 29.027866], [-95.213822, 29.027997], [-95.213776, 29.02802], [-95.213642, 29.028021], [-95.213475, 29.028045], [-95.213356, 29.028125], [-95.213308, 29.028137], [-95.213185, 29.028099], [-95.213, 29.028167], [-95.212914, 29.02818], [-95.212787, 29.02815], [-95.212754, 29.028121], [-95.212741, 29.028065], [-95.212759, 29.027962], [-95.212752, 29.0279], [-95.212684, 29.027724], [-95.212711, 29.027574], [-95.212748, 29.027469], [-95.212715, 29.027367], [-95.212553, 29.027423], [-95.212443, 29.027511], [-95.212299, 29.027552], [-95.212172, 29.02761], [-95.212072, 29.027697], [-95.211958, 29.027913], [-95.211972, 29.028116], [-95.211937, 29.028251], [-95.211837, 29.028503], [-95.211765, 29.028594], [-95.211672, 29.028615], [-95.211583, 29.02857], [-95.211542, 29.028512], [-95.211469, 29.028453], [-95.211285, 29.028457], [-95.211155, 29.028361], [-95.211092, 29.028257], [-95.211015, 29.028051], [-95.211003, 29.027957], [-95.210897, 29.027935], [-95.210806, 29.028002], [-95.210665, 29.028028], [-95.210583, 29.02808], [-95.21054, 29.028135], [-95.210861, 29.028409], [-95.210973, 29.02848], [-95.211274, 29.028596], [-95.211374, 29.028688], [-95.211459, 29.028803], [-95.211572, 29.028863], [-95.211707, 29.028875], [-95.211828, 29.028838], [-95.212249, 29.028955], [-95.212329, 29.029025], [-95.212372, 29.02904], [-95.212505, 29.029011], [-95.21262, 29.028945], [-95.212692, 29.028871], [-95.212912, 29.028932], [-95.212991, 29.028938], [-95.213129, 29.029035], [-95.213314, 29.029133], [-95.213403, 29.029218], [-95.213458, 29.029308], [-95.21378, 29.029497], [-95.21411, 29.029441], [-95.214273, 29.029385], [-95.214566, 29.02925], [-95.214723, 29.029236], [-95.214984, 29.029301], [-95.215083, 29.029341], [-95.215155, 29.029393], [-95.215387, 29.029434], [-95.21561, 29.029443], [-95.215724, 29.029467], [-95.215901, 29.029581], [-95.216119, 29.029688], [-95.216608, 29.03003], [-95.216884, 29.030246], [-95.217031, 29.030421], [-95.217136, 29.030497], [-95.217332, 29.030733], [-95.21743, 29.031093], [-95.217419, 29.031393], [-95.217449, 29.031606], [-95.217427, 29.031684], [-95.217512, 29.031762], [-95.217517, 29.031893], [-95.21756, 29.032074], [-95.217616, 29.03221], [-95.217777, 29.032425], [-95.217819, 29.032701], [-95.217857, 29.03284], [-95.217929, 29.032966], [-95.218059, 29.03304], [-95.218174, 29.033054], [-95.218294, 29.033098], [-95.218365, 29.033166], [-95.21841, 29.033233], [-95.218439, 29.033322], [-95.218492, 29.033386], [-95.218672, 29.03345], [-95.218805, 29.033475], [-95.218946, 29.033558], [-95.219123, 29.033782], [-95.219172, 29.033817], [-95.219354, 29.033826], [-95.219664, 29.03408], [-95.220038, 29.034302], [-95.221302, 29.034838], [-95.221632, 29.035028], [-95.222615, 29.035718], [-95.22274, 29.03584], [-95.22297, 29.036027], [-95.223075, 29.036146], [-95.223451, 29.036665], [-95.22358, 29.036883], [-95.223714, 29.037036], [-95.224012, 29.037587], [-95.22425, 29.038182], [-95.224301, 29.0385], [-95.224292, 29.039031], [-95.224303, 29.039438], [-95.224328, 29.039665], [-95.224306, 29.039828], [-95.224253, 29.039924], [-95.224209, 29.040079], [-95.22421, 29.040161], [-95.224133, 29.040455], [-95.224107, 29.040606], [-95.224122, 29.040755], [-95.224085, 29.041051], [-95.223887, 29.041727], [-95.223372, 29.04275], [-95.223237, 29.042887], [-95.222976, 29.043321], [-95.22289, 29.043494], [-95.222837, 29.043667], [-95.222704, 29.043867], [-95.222688, 29.04396], [-95.222576, 29.044097], [-95.222436, 29.044223], [-95.222335, 29.044356], [-95.222297, 29.044448], [-95.222208, 29.044547], [-95.222112, 29.044788], [-95.221897, 29.044946], [-95.221812, 29.045054], [-95.221759, 29.045192], [-95.221546, 29.04548], [-95.221315, 29.045896], [-95.221179, 29.04608], [-95.221149, 29.046267], [-95.221013, 29.046454], [-95.220638, 29.046876], [-95.220267, 29.047391], [-95.220075, 29.047705], [-95.21994, 29.047873], [-95.219888, 29.048075], [-95.219808, 29.048238], [-95.219525, 29.048593], [-95.21947, 29.048765], [-95.219409, 29.048874], [-95.219255, 29.049012], [-95.219125, 29.049096], [-95.218938, 29.049284], [-95.218865, 29.049322], [-95.218756, 29.049311], [-95.218656, 29.04944], [-95.218557, 29.049488], [-95.218423, 29.049638], [-95.218265, 29.049761], [-95.218126, 29.049934], [-95.217887, 29.050161], [-95.217775, 29.050209], [-95.217684, 29.050268], [-95.21736, 29.050503], [-95.217139, 29.050624], [-95.217051, 29.050706], [-95.216956, 29.050754], [-95.216811, 29.050863], [-95.216622, 29.050937], [-95.216143, 29.051255], [-95.215504, 29.051637], [-95.215363, 29.05175], [-95.215225, 29.051819], [-95.214692, 29.052191], [-95.214306, 29.052412], [-95.213925, 29.052705], [-95.213765, 29.052876], [-95.213403, 29.053199], [-95.213313, 29.053313], [-95.212964, 29.053551], [-95.212888, 29.053637], [-95.21284, 29.05375], [-95.212831, 29.05385], [-95.212905, 29.053978], [-95.212892, 29.054059], [-95.212842, 29.054138], [-95.212732, 29.054241], [-95.212559, 29.054327], [-95.212344, 29.054319], [-95.212242, 29.054334], [-95.211985, 29.054497], [-95.211896, 29.054524], [-95.211727, 29.05461], [-95.211673, 29.054685], [-95.211629, 29.054717], [-95.211555, 29.054854], [-95.211506, 29.054901], [-95.211167, 29.055106], [-95.211047, 29.055316], [-95.210703, 29.055458], [-95.210653, 29.055526], [-95.210571, 29.055563], [-95.210514, 29.055613], [-95.210245, 29.055762], [-95.209982, 29.055877], [-95.209933, 29.055931], [-95.209913, 29.056], [-95.209857, 29.056094], [-95.209658, 29.056298], [-95.209416, 29.056403], [-95.209285, 29.056494], [-95.20911, 29.056546], [-95.209057, 29.056596], [-95.20893, 29.056776], [-95.208722, 29.056975], [-95.208282, 29.057173], [-95.208173, 29.057246], [-95.208093, 29.057317], [-95.207963, 29.057475], [-95.207912, 29.057569], [-95.207841, 29.057637], [-95.207767, 29.057685], [-95.207635, 29.057717], [-95.207566, 29.057759], [-95.207575, 29.05783], [-95.207548, 29.057947], [-95.207558, 29.057992], [-95.207515, 29.058101], [-95.207424, 29.058157], [-95.207279, 29.058181], [-95.207125, 29.05823], [-95.206916, 29.058352], [-95.206789, 29.058447], [-95.206704, 29.058547], [-95.20648, 29.058912], [-95.206465, 29.058959], [-95.206526, 29.059072], [-95.20653, 29.059165], [-95.206497, 29.059234], [-95.206439, 29.059302], [-95.206364, 29.059369], [-95.206232, 29.059394], [-95.205935, 29.059512], [-95.205835, 29.059586], [-95.205779, 29.059683], [-95.205696, 29.059758], [-95.205601, 29.059787], [-95.205462, 29.059886], [-95.205179, 29.060141], [-95.205101, 29.060193], [-95.20508, 29.060274], [-95.204902, 29.060371], [-95.204801, 29.060448], [-95.204752, 29.060509], [-95.20467, 29.060798], [-95.204638, 29.060852], [-95.204501, 29.060891], [-95.204412, 29.060892], [-95.204173, 29.060949], [-95.204116, 29.061002], [-95.204066, 29.061074], [-95.204049, 29.061166], [-95.203969, 29.061329], [-95.203906, 29.061405], [-95.203796, 29.061496], [-95.203656, 29.061691], [-95.203536, 29.061734], [-95.203497, 29.061833], [-95.203453, 29.061872], [-95.20334, 29.0622], [-95.203262, 29.06233], [-95.203163, 29.062607], [-95.202956, 29.062958], [-95.202803, 29.063155], [-95.202764, 29.063187], [-95.202592, 29.063243], [-95.202373, 29.063494], [-95.202287, 29.063535], [-95.202165, 29.063526], [-95.202031, 29.063495], [-95.201912, 29.063531], [-95.201827, 29.063621], [-95.201664, 29.063847], [-95.201619, 29.063997], [-95.201358, 29.064412], [-95.201136, 29.064707], [-95.20104, 29.064862], [-95.200853, 29.065066], [-95.200553, 29.065328], [-95.200349, 29.065457], [-95.200247, 29.06546], [-95.200173, 29.065502], [-95.200123, 29.065592], [-95.200033, 29.065618], [-95.199928, 29.065692], [-95.199816, 29.065825], [-95.199776, 29.065941], [-95.199713, 29.066024], [-95.199363, 29.066454], [-95.199095, 29.066751], [-95.198781, 29.067057], [-95.198069, 29.067632], [-95.197848, 29.067756], [-95.197606, 29.067777], [-95.197529, 29.067811], [-95.197341, 29.067951], [-95.19725, 29.067985], [-95.197209, 29.068046], [-95.197239, 29.068118], [-95.197247, 29.06821], [-95.197198, 29.068264], [-95.197101, 29.068279], [-95.19703, 29.068254], [-95.196991, 29.06819], [-95.196941, 29.068176], [-95.196799, 29.068245], [-95.196646, 29.068361], [-95.196425, 29.068467], [-95.196216, 29.068681], [-95.19604, 29.068759], [-95.195942, 29.068866], [-95.195862, 29.068852], [-95.19578, 29.068901], [-95.19576, 29.068948], [-95.195652, 29.069011], [-95.195423, 29.069198], [-95.195294, 29.069263], [-95.194909, 29.069533], [-95.19475, 29.069682], [-95.194456, 29.069826], [-95.194379, 29.069845], [-95.194209, 29.069957], [-95.194112, 29.070049], [-95.194036, 29.070058], [-95.193949, 29.070091], [-95.193847, 29.070195], [-95.193709, 29.070263], [-95.19361, 29.070389], [-95.193121, 29.070644], [-95.19304, 29.070663], [-95.19294, 29.070725], [-95.192859, 29.070818], [-95.192631, 29.07092], [-95.192576, 29.071011], [-95.192426, 29.071053], [-95.192235, 29.071168], [-95.191991, 29.071232], [-95.191811, 29.07137], [-95.191747, 29.071389], [-95.191663, 29.07139], [-95.191564, 29.07143], [-95.191449, 29.071448], [-95.191285, 29.071516], [-95.191103, 29.07162], [-95.19108, 29.07167], [-95.191089, 29.071726], [-95.191041, 29.071773], [-95.190964, 29.071781], [-95.190945, 29.071739], [-95.190883, 29.071726], [-95.1908, 29.071774], [-95.190756, 29.071817], [-95.190735, 29.071898], [-95.190695, 29.071937], [-95.190614, 29.071956], [-95.190377, 29.072058], [-95.190281, 29.072039], [-95.190066, 29.072123], [-95.189875, 29.07216], [-95.189719, 29.072243], [-95.189428, 29.072483], [-95.189356, 29.072492], [-95.18923, 29.072564], [-95.189155, 29.072635], [-95.189101, 29.07263], [-95.189049, 29.072646], [-95.188913, 29.072767], [-95.188867, 29.072927], [-95.188761, 29.073008], [-95.18836, 29.073193], [-95.188316, 29.073228], [-95.188209, 29.073272], [-95.188134, 29.073336], [-95.188092, 29.073327], [-95.187944, 29.073421], [-95.187824, 29.073457], [-95.187723, 29.073542], [-95.18748, 29.073676], [-95.187236, 29.073837], [-95.187208, 29.073884], [-95.18717, 29.073897], [-95.187134, 29.073937], [-95.187015, 29.073954], [-95.186957, 29.074026], [-95.186879, 29.074053], [-95.186791, 29.074134], [-95.186794, 29.074238], [-95.186721, 29.074276], [-95.186313, 29.074323], [-95.186219, 29.074367], [-95.186096, 29.07437], [-95.185857, 29.074431], [-95.185753, 29.07449], [-95.185646, 29.074515], [-95.185594, 29.074554], [-95.185504, 29.07458], [-95.185433, 29.07464], [-95.185387, 29.074638], [-95.185255, 29.074674], [-95.185138, 29.074721], [-95.185004, 29.07472], [-95.18488, 29.074741], [-95.18478, 29.074796], [-95.184762, 29.074836], [-95.184518, 29.074901], [-95.18444, 29.074942], [-95.184325, 29.074964], [-95.184279, 29.074954], [-95.184257, 29.074983], [-95.184188, 29.075006], [-95.183984, 29.075039], [-95.183918, 29.075088], [-95.183883, 29.075046], [-95.183823, 29.075051], [-95.183633, 29.075137], [-95.183468, 29.075156], [-95.183134, 29.075258], [-95.183078, 29.075282], [-95.183051, 29.075325], [-95.183065, 29.07537], [-95.183029, 29.075424], [-95.182806, 29.075497], [-95.182577, 29.075634], [-95.182507, 29.075647], [-95.18251, 29.075598], [-95.18243, 29.075562], [-95.182288, 29.075617], [-95.182107, 29.075731], [-95.181955, 29.075869], [-95.181776, 29.075939], [-95.181653, 29.076006], [-95.1816, 29.076053], [-95.181536, 29.076084], [-95.181496, 29.076132], [-95.181355, 29.076182], [-95.181244, 29.076266], [-95.181077, 29.076325], [-95.180903, 29.076412], [-95.180707, 29.076576], [-95.180679, 29.076619], [-95.180596, 29.076654], [-95.18051, 29.076734], [-95.18042, 29.076785], [-95.180404, 29.076845], [-95.180311, 29.076935], [-95.180247, 29.07696], [-95.180219, 29.077026], [-95.180186, 29.077057], [-95.180143, 29.077045], [-95.180067, 29.077053], [-95.180079, 29.07718], [-95.179953, 29.077181], [-95.179824, 29.077137], [-95.179544, 29.077077], [-95.179343, 29.077058], [-95.178975, 29.077264], [-95.178711, 29.077381], [-95.17859, 29.077409], [-95.178312, 29.077437], [-95.178255, 29.077457], [-95.178189, 29.077515], [-95.177825, 29.077628], [-95.17767, 29.077716], [-95.17751, 29.077759], [-95.177028, 29.077856], [-95.176433, 29.077927], [-95.17613, 29.077838], [-95.176066, 29.077847], [-95.176005, 29.077933], [-95.175911, 29.077945], [-95.175762, 29.078017], [-95.175638, 29.078122], [-95.175393, 29.078234], [-95.175338, 29.078331], [-95.175194, 29.078453], [-95.1743, 29.078848], [-95.173793, 29.07917], [-95.173689, 29.079254], [-95.173556, 29.079393], [-95.172828, 29.079861], [-95.172576, 29.080005], [-95.172195, 29.080165], [-95.165752, 29.078822], [-95.165594, 29.078655], [-95.165488, 29.078501], [-95.165458, 29.07841], [-95.165401, 29.078328], [-95.16538, 29.078225], [-95.165342, 29.078146], [-95.165243, 29.07806], [-95.165189, 29.077974], [-95.165165, 29.077911], [-95.16513, 29.077591]]]}}, {"id": "49", "type": "Feature", "properties": {"name": "SL20080010", "source": "Coastal_Lease_Polygon_C_TCMS", "category": "restoration-area", "acres": 36.83}, "geometry": {"type": "Polygon", "coordinates": [[[-97.115734, 26.434381], [-97.123578, 26.42594], [-97.124517, 26.426646], [-97.116673, 26.435086], [-97.115734, 26.434381]]]}}, {"id": "50", "type": "Feature", "properties": {"name": "SL20080010", "source": "Coastal_Lease_Polygon_C_TCMS", "category": "restoration-area", "acres": 116.58}, "geometry": {"type": "Polygon", "coordinates": [[[-97.114432, 26.423368], [-97.120324, 26.415336], [-97.122872, 26.416849], [-97.121188, 26.419147], [-97.121828, 26.419523], [-97.114588, 26.429398], [-97.11325, 26.428601], [-97.11628, 26.424468], [-97.114432, 26.423368]]]}}, {"id": "51", "type": "Feature", "properties": {"name": "SL20080010", "source": "Coastal_Lease_Polygon_C_TCMS", "category": "restoration-area", "acres": 197.3}, "geometry": {"type": "Polygon", "coordinates": [[[-97.118284, 26.413695], [-97.11929, 26.394046], [-97.122951, 26.394198], [-97.121946, 26.413847], [-97.118284, 26.413695]]]}}, {"id": "52", "type": "Feature", "properties": {"name": "SL20080010", "source": "Coastal_Lease_Polygon_C_TCMS", "category": "restoration-area", "acres": 28.36}, "geometry": {"type": "Polygon", "coordinates": [[[-97.160333, 26.065583], [-97.161021, 26.065576], [-97.161033, 26.066677], [-97.148849, 26.06679], [-97.148841, 26.065965], [-97.159726, 26.065863], [-97.160333, 26.065583]]]}}, {"id": "53", "type": "Feature", "properties": {"name": "SL20160013", "source": "Coastal_Lease_Polygon_C_TCMS", "category": "restoration-area", "acres": 1648.92}, "geometry": {"type": "Polygon", "coordinates": [[[-97.034297, 26.269049], [-97.06614, 26.269527], [-97.065793, 26.288422], [-97.033944, 26.287944], [-97.034297, 26.269049]]]}}, {"id": "54", "type": "Feature", "properties": {"name": "SL20150013", "source": "Coastal_Lease_Polygon_C_TCMS", "category": "restoration-area", "acres": 11.5}, "geometry": {"type": "Polygon", "coordinates": [[[-97.174018, 27.752154], [-97.174659, 27.749811], [-97.175788, 27.749843], [-97.176545, 27.751446], [-97.174599, 27.752521], [-97.174421, 27.752269], [-97.174018, 27.752154]]]}}, {"id": "55", "type": "Feature", "properties": {"name": "SL20150013", "source": "Coastal_Lease_Polygon_C_TCMS", "category": "restoration-area", "acres": 10.1}, "geometry": {"type": "Polygon", "coordinates": [[[-97.17134, 27.752392], [-97.170727, 27.751747], [-97.173976, 27.749791], [-97.174022, 27.749792], [-97.173425, 27.751985], [-97.173154, 27.751908], [-97.17134, 27.752392]]]}}, {"id": "56", "type": "Feature", "properties": {"name": "SL20150013", "source": "Coastal_Lease_Polygon_C_TCMS", "category": "restoration-area", "acres": 26.51}, "geometry": {"type": "Polygon", "coordinates": [[[-97.158525, 27.766655], [-97.161184, 27.76616], [-97.161705, 27.767997], [-97.157897, 27.769554], [-97.156595, 27.76854], [-97.158525, 27.766655]]]}}, {"id": "57", "type": "Feature", "properties": {"name": "SL20150013", "source": "Coastal_Lease_Polygon_C_TCMS", "category": "restoration-area", "acres": 3.58}, "geometry": {"type": "Polygon", "coordinates": [[[-97.175888, 27.756803], [-97.175909, 27.756349], [-97.176359, 27.75642], [-97.176367, 27.756836], [-97.176344, 27.757383], [-97.176189, 27.758625], [-97.175919, 27.759351], [-97.175565, 27.759327], [-97.17589, 27.757667], [-97.175888, 27.756803]]]}}, {"id": "58", "type": "Feature", "properties": {"name": "SL20150035", "source": "Coastal_Lease_Polygon_C_TCMS", "category": "restoration-area", "acres": 160.24}, "geometry": {"type": "Polygon", "coordinates": [[[-93.911245, 29.535484], [-93.91954, 29.535799], [-93.919179, 29.543053], [-93.910884, 29.542737], [-93.911245, 29.535484]]]}}, {"id": "59", "type": "Feature", "properties": {"name": "SL20150034", "source": "Coastal_Lease_Polygon_C_TCMS", "category": "restoration-area", "acres": 160.25}, "geometry": {"type": "Polygon", "coordinates": [[[-94.885166, 29.094786], [-94.893427, 29.095042], [-94.893138, 29.102298], [-94.884874, 29.102042], [-94.885166, 29.094786]]]}}, {"id": "60", "type": "Feature", "properties": {"name": "CL880007", "source": "Coastal_Lease_Polygon_C_TCMS", "category": "restoration-area", "acres": 2928.14}, "geometry": {"type": "Polygon", "coordinates": [[[-97.166469, 26.047578], [-97.168061, 26.04387], [-97.168541, 26.041358], [-97.168409, 26.039084], [-97.168386, 26.03605], [-97.168168, 26.034946], [-97.168211, 26.034445], [-97.16842, 26.03385], [-97.16862, 26.033112], [-97.169049, 26.032634], [-97.169214, 26.032095], [-97.169515, 26.031672], [-97.169742, 26.031248], [-97.169976, 26.03109], [-97.17042, 26.030877], [-97.1707, 26.030406], [-97.17133, 26.029472], [-97.171281, 26.02882], [-97.171349, 26.026515], [-97.171012, 26.025866], [-97.17054, 26.02586], [-97.16913, 26.025302], [-97.16872, 26.025306], [-97.167617, 26.024685], [-97.167168, 26.024565], [-97.166964, 26.024596], [-97.166734, 26.0245], [-97.166647, 26.024354], [-97.166334, 26.024286], [-97.166102, 26.024376], [-97.165782, 26.02432], [-97.165639, 26.024149], [-97.165727, 26.023722], [-97.165704, 26.023566], [-97.165893, 26.022548], [-97.16588, 26.022114], [-97.165758, 26.021718], [-97.165442, 26.021419], [-97.165232, 26.020822], [-97.165898, 26.020237], [-97.166334, 26.020369], [-97.167116, 26.020337], [-97.167964, 26.020136], [-97.168923, 26.01978], [-97.169951, 26.019101], [-97.17029, 26.018441], [-97.170501, 26.017949], [-97.170368, 26.017439], [-97.169091, 26.017013], [-97.167722, 26.016529], [-97.16695, 26.015926], [-97.166729, 26.015075], [-97.166652, 26.013958], [-97.16648, 26.012939], [-97.166024, 26.012099], [-97.165608, 26.011698], [-97.166067, 26.011393], [-97.166564, 26.011833], [-97.166956, 26.012493], [-97.167228, 26.013132], [-97.170325, 26.015163], [-97.171279, 26.015161], [-97.172172, 26.015045], [-97.17252, 26.014753], [-97.173174, 26.013942], [-97.173801, 26.012819], [-97.174328, 26.012134], [-97.174523, 26.011627], [-97.175803, 26.011827], [-97.175965, 26.012423], [-97.17633, 26.01312], [-97.178045, 26.014455], [-97.178338, 26.014714], [-97.179799, 26.015269], [-97.18231, 26.015724], [-97.182837, 26.016042], [-97.188304, 26.01808], [-97.189803, 26.016598], [-97.188782, 26.012699], [-97.190063, 26.011711], [-97.192202, 26.011973], [-97.194372, 26.013358], [-97.196673, 26.013707], [-97.198443, 26.012057], [-97.201099, 26.011804], [-97.201883, 26.014517], [-97.206704, 26.01894], [-97.20822, 26.020004], [-97.209036, 26.019817], [-97.209496, 26.020416], [-97.20889, 26.02067], [-97.208197, 26.021], [-97.20745, 26.020779], [-97.20695, 26.020759], [-97.20632, 26.021005], [-97.206033, 26.021397], [-97.2062, 26.021724], [-97.207055, 26.022046], [-97.2079, 26.022042], [-97.208437, 26.022699], [-97.209106, 26.022947], [-97.209589, 26.02301], [-97.209994, 26.023156], [-97.210397, 26.023416], [-97.210461, 26.024292], [-97.210269, 26.024629], [-97.209891, 26.024752], [-97.209183, 26.02504], [-97.208781, 26.025054], [-97.208427, 26.025412], [-97.207641, 26.025656], [-97.20715, 26.026074], [-97.206471, 26.026504], [-97.206116, 26.02722], [-97.206188, 26.027645], [-97.205192, 26.028325], [-97.205037, 26.028621], [-97.204747, 26.028828], [-97.204513, 26.028797], [-97.204378, 26.029459], [-97.204172, 26.029626], [-97.203987, 26.029455], [-97.203798, 26.029495], [-97.203749, 26.029635], [-97.203948, 26.029934], [-97.203742, 26.030087], [-97.203031, 26.029527], [-97.202844, 26.029483], [-97.202729, 26.029759], [-97.202542, 26.02986], [-97.202265, 26.02956], [-97.201983, 26.029599], [-97.202254, 26.030238], [-97.20211, 26.030449], [-97.201829, 26.030445], [-97.201546, 26.030555], [-97.201198, 26.030805], [-97.201675, 26.031319], [-97.201532, 26.031487], [-97.20134, 26.031753], [-97.200978, 26.031876], [-97.20085, 26.032058], [-97.200568, 26.032125], [-97.200256, 26.032079], [-97.199987, 26.032259], [-97.199708, 26.032072], [-97.199485, 26.032366], [-97.199248, 26.032504], [-97.198919, 26.032571], [-97.198727, 26.032823], [-97.198444, 26.032933], [-97.19844, 26.033172], [-97.198189, 26.033254], [-97.197925, 26.033109], [-97.197358, 26.033357], [-97.196839, 26.033921], [-97.195823, 26.034581], [-97.195711, 26.034707], [-97.195629, 26.034946], [-97.194985, 26.035122], [-97.194528, 26.035384], [-97.194432, 26.03551], [-97.19476, 26.035571], [-97.194111, 26.036015], [-97.193904, 26.036309], [-97.193845, 26.036987], [-97.192414, 26.038537], [-97.192456, 26.038835], [-97.192594, 26.039062], [-97.192455, 26.039374], [-97.191975, 26.03962], [-97.191752, 26.039857], [-97.191872, 26.04024], [-97.1916, 26.040574], [-97.191596, 26.040887], [-97.191437, 26.041083], [-97.191148, 26.041128], [-97.188798, 26.041813], [-97.187333, 26.042473], [-97.1866, 26.043368], [-97.186482, 26.043903], [-97.18518, 26.04513], [-97.184853, 26.047062], [-97.185404, 26.047874], [-97.18637, 26.049116], [-97.186507, 26.049414], [-97.181842, 26.051659], [-97.181945, 26.051038], [-97.181815, 26.050387], [-97.181491, 26.049768], [-97.181491, 26.049055], [-97.181349, 26.048148], [-97.181381, 26.047089], [-97.18105, 26.046237], [-97.181141, 26.04539], [-97.180993, 26.044823], [-97.180701, 26.044537], [-97.180028, 26.044557], [-97.17967, 26.044397], [-97.17954, 26.043717], [-97.178855, 26.043539], [-97.178225, 26.043785], [-97.177576, 26.044286], [-97.177058, 26.045424], [-97.176711, 26.045631], [-97.176364, 26.045811], [-97.176278, 26.046332], [-97.175599, 26.046748], [-97.175128, 26.046841], [-97.174792, 26.047331], [-97.174573, 26.047328], [-97.174373, 26.047071], [-97.173807, 26.047262], [-97.173425, 26.047709], [-97.172937, 26.047929], [-97.169909, 26.049964], [-97.168784, 26.050636], [-97.168095, 26.05118], [-97.168036, 26.051753], [-97.172398, 26.055506], [-97.164196, 26.055395], [-97.163952, 26.054536], [-97.164024, 26.049203], [-97.166469, 26.047578]]]}}, {"id": "61", "type": "Feature", "properties": {"name": "SL930061", "source": "Coastal_Lease_Polygon_C_TCMS", "category": "restoration-area", "acres": 381.47}, "geometry": {"type": "Polygon", "coordinates": [[[-97.058578, 25.964247], [-97.075244, 25.964247], [-97.075245, 25.97258], [-97.058578, 25.97258], [-97.058578, 25.964247]]]}}, {"id": "62", "type": "Feature", "properties": {"name": "CE20050093", "source": "Coastal_Lease_Polygon_C_TCMS", "category": "restoration-area", "acres": 0.61}, "geometry": {"type": "Polygon", "coordinates": [[[-97.293377, 27.619861], [-97.293458, 27.619859], [-97.294233, 27.620286], [-97.294059, 27.620504], [-97.293881, 27.620364], [-97.293791, 27.620343], [-97.2937, 27.620262], [-97.29324, 27.619943], [-97.293239, 27.619904], [-97.293377, 27.619861]]]}}, {"id": "63", "type": "Feature", "properties": {"name": "CL20070007", "source": "Coastal_Lease_Polygon_C_TCMS", "category": "restoration-area", "acres": 45.88}, "geometry": {"type": "Polygon", "coordinates": [[[-95.079646, 29.525649], [-95.0828, 29.52329], [-95.086943, 29.526117], [-95.079764, 29.527825], [-95.079646, 29.525649]]]}}, {"id": "64", "type": "Feature", "properties": {"name": "CL20060003", "source": "Coastal_Lease_Polygon_C_TCMS", "category": "restoration-area", "acres": 38.94}, "geometry": {"type": "Polygon", "coordinates": [[[-94.939216, 29.320087], [-94.940815, 29.317871], [-94.940896, 29.317874], [-94.940997, 29.317918], [-94.941078, 29.317916], [-94.941154, 29.317889], [-94.941454, 29.317871], [-94.941755, 29.317944], [-94.941946, 29.317911], [-94.94232, 29.317911], [-94.942586, 29.317882], [-94.942771, 29.31796], [-94.942914, 29.317985], [-94.943074, 29.317992], [-94.943193, 29.318032], [-94.943285, 29.318151], [-94.943341, 29.318284], [-94.94341, 29.318387], [-94.943486, 29.318471], [-94.943575, 29.318525], [-94.943701, 29.318641], [-94.943754, 29.318733], [-94.944038, 29.319016], [-94.944095, 29.319245], [-94.94409, 29.319335], [-94.944146, 29.319473], [-94.944142, 29.319553], [-94.94417, 29.319791], [-94.944206, 29.319878], [-94.944181, 29.320123], [-94.944246, 29.320301], [-94.944242, 29.320392], [-94.944306, 29.320485], [-94.944353, 29.320673], [-94.944455, 29.320823], [-94.944589, 29.320999], [-94.944687, 29.321098], [-94.944855, 29.321186], [-94.944943, 29.321265], [-94.945204, 29.32133], [-94.945276, 29.321384], [-94.945447, 29.321421], [-94.945684, 29.321601], [-94.945819, 29.321672], [-94.945971, 29.321834], [-94.946099, 29.321909], [-94.946326, 29.32219], [-94.946605, 29.322704], [-94.939216, 29.320087]]]}}, {"id": "65", "type": "Feature", "properties": {"name": "CL20060006", "source": "Coastal_Lease_Polygon_C_TCMS", "category": "restoration-area", "acres": 11.15}, "geometry": {"type": "MultiPolygon", "coordinates": [[[[-94.943875, 29.334709], [-94.943902, 29.334237], [-94.94433, 29.334277], [-94.944457, 29.334457], [-94.944468, 29.334689], [-94.944398, 29.334879], [-94.944118, 29.334886], [-94.943913, 29.334826], [-94.943875, 29.334709]]], [[[-94.94448, 29.337473], [-94.944831, 29.337452], [-94.945123, 29.337533], [-94.945464, 29.337552], [-94.946083, 29.338686], [-94.9461, 29.338953], [-94.94602, 29.339259], [-94.945596, 29.33968], [-94.945289, 29.33943], [-94.944719, 29.339004], [-94.944466, 29.338789], [-94.944257, 29.338562], [-94.944222, 29.338492], [-94.94425, 29.33824], [-94.944244, 29.338172], [-94.944203, 29.33811], [-94.944218, 29.338028], [-94.944179, 29.337919], [-94.944182, 29.33787], [-94.944293, 29.337541], [-94.94448, 29.337473]]], [[[-94.946375, 29.339204], [-94.946754, 29.339136], [-94.947246, 29.339598], [-94.947178, 29.339929], [-94.946681, 29.340434], [-94.94586, 29.339856], [-94.946375, 29.339204]]]]}}, {"id": "66", "type": "Feature", "properties": {"name": "CL940001", "source": "Coastal_Lease_Polygon_C_TCMS", "category": "restoration-area", "acres": 410.7}, "geometry": {"type": "MultiPolygon", "coordinates": [[[[-94.900801, 29.302153], [-94.901118, 29.302046], [-94.901134, 29.302018], [-94.901315, 29.301908], [-94.901409, 29.301803], [-94.901638, 29.301621], [-94.902413, 29.301103], [-94.90338, 29.300419], [-94.904783, 29.299081], [-94.904982, 29.298915], [-94.905507, 29.298786], [-94.905776, 29.298696], [-94.905897, 29.298607], [-94.906042, 29.29839], [-94.906155, 29.298273], [-94.906196, 29.298295], [-94.906245, 29.298492], [-94.906304, 29.298514], [-94.906411, 29.298519], [-94.906509, 29.29849], [-94.90667, 29.298351], [-94.906735, 29.298252], [-94.906717, 29.29815], [-94.906652, 29.298083], [-94.906654, 29.298034], [-94.906705, 29.298028], [-94.906764, 29.298063], [-94.906944, 29.29807], [-94.907015, 29.298122], [-94.907093, 29.298141], [-94.907169, 29.298104], [-94.907215, 29.298021], [-94.907284, 29.297951], [-94.907356, 29.297905], [-94.907407, 29.297814], [-94.907496, 29.297785], [-94.907541, 29.297734], [-94.907563, 29.297666], [-94.907653, 29.297617], [-94.907872, 29.297606], [-94.908036, 29.297653], [-94.908069, 29.297638], [-94.90817, 29.297492], [-94.908322, 29.297324], [-94.90837, 29.297112], [-94.908304, 29.296975], [-94.908184, 29.296792], [-94.908162, 29.296666], [-94.908235, 29.296519], [-94.908363, 29.296374], [-94.908488, 29.296298], [-94.909513, 29.296081], [-94.909579, 29.296044], [-94.909747, 29.29604], [-94.909785, 29.295981], [-94.909732, 29.295883], [-94.909665, 29.29552], [-94.90967, 29.295318], [-94.909709, 29.295117], [-94.909852, 29.29493], [-94.909961, 29.294844], [-94.910115, 29.294668], [-94.910934, 29.294068], [-94.911257, 29.293762], [-94.911609, 29.293574], [-94.912086, 29.293411], [-94.912403, 29.293343], [-94.912933, 29.293172], [-94.913819, 29.292949], [-94.915194, 29.292772], [-94.91566, 29.292831], [-94.91614, 29.292851], [-94.9165, 29.29283], [-94.91702, 29.292942], [-94.917434, 29.293005], [-94.918358, 29.293052], [-94.919462, 29.293299], [-94.919976, 29.293437], [-94.920472, 29.29368], [-94.920889, 29.293909], [-94.921773, 29.294477], [-94.922061, 29.29462], [-94.922545, 29.294994], [-94.922718, 29.295112], [-94.922893, 29.29519], [-94.92318, 29.295237], [-94.923964, 29.295426], [-94.924584, 29.295618], [-94.925814, 29.296119], [-94.926384, 29.296293], [-94.926841, 29.296408], [-94.927501, 29.296627], [-94.928597, 29.297365], [-94.929063, 29.297754], [-94.929281, 29.298011], [-94.929293, 29.298214], [-94.929256, 29.298369], [-94.928971, 29.298616], [-94.92858, 29.299005], [-94.928234, 29.299295], [-94.927396, 29.299818], [-94.927003, 29.300025], [-94.926793, 29.300169], [-94.926533, 29.300487], [-94.92637, 29.300607], [-94.92618, 29.300706], [-94.925567, 29.300803], [-94.925175, 29.300883], [-94.925052, 29.30089], [-94.924723, 29.300849], [-94.922445, 29.30128], [-94.922392, 29.301314], [-94.922201, 29.301317], [-94.921989, 29.301245], [-94.921154, 29.300897], [-94.921006, 29.300905], [-94.920601, 29.301015], [-94.920415, 29.30114], [-94.920218, 29.30124], [-94.919935, 29.301326], [-94.919298, 29.301604], [-94.919124, 29.301646], [-94.91884, 29.301658], [-94.91857, 29.301637], [-94.91816, 29.301477], [-94.917914, 29.301443], [-94.917222, 29.301499], [-94.916866, 29.301432], [-94.916389, 29.301259], [-94.916147, 29.301068], [-94.916067, 29.300939], [-94.915947, 29.300791], [-94.91571, 29.30059], [-94.915279, 29.30045], [-94.915132, 29.300357], [-94.915056, 29.300288], [-94.915021, 29.300196], [-94.914695, 29.300026], [-94.914376, 29.29995], [-94.914186, 29.299928], [-94.914012, 29.299966], [-94.913672, 29.300131], [-94.913392, 29.300381], [-94.913253, 29.300438], [-94.913178, 29.300498], [-94.913171, 29.30056], [-94.913117, 29.300683], [-94.912871, 29.30087], [-94.910368, 29.302194], [-94.910272, 29.302264], [-94.909298, 29.302364], [-94.908976, 29.302367], [-94.908654, 29.302345], [-94.90833, 29.302295], [-94.908121, 29.302241], [-94.907799, 29.302212], [-94.907549, 29.302149], [-94.907313, 29.302117], [-94.906503, 29.301771], [-94.906293, 29.301751], [-94.906188, 29.301761], [-94.905987, 29.30171], [-94.905477, 29.302], [-94.905218, 29.302176], [-94.900801, 29.302153]]], [[[-94.900801, 29.302153], [-94.900798, 29.302154], [-94.900718, 29.302153], [-94.900801, 29.302153]]], [[[-94.900718, 29.302153], [-94.900664, 29.302152], [-94.900636, 29.302134], [-94.900718, 29.302153]]]]}}, {"id": "67", "type": "Feature", "properties": {"name": "CL20040007", "source": "Coastal_Lease_Polygon_C_TCMS", "category": "restoration-area", "acres": 20.5}, "geometry": {"type": "Polygon", "coordinates": [[[-96.706753, 28.39112], [-96.707133, 28.388111], [-96.708372, 28.388439], [-96.709171, 28.388632], [-96.710008, 28.388948], [-96.71087, 28.389315], [-96.711359, 28.390039], [-96.710846, 28.390431], [-96.710222, 28.389997], [-96.709132, 28.390189], [-96.70756, 28.391092], [-96.706753, 28.39112]]]}}, {"id": "68", "type": "Feature", "properties": {"name": "CL20010008", "source": "Coastal_Lease_Polygon_C_TCMS", "category": "restoration-area", "acres": 0.11}, "geometry": {"type": "Polygon", "coordinates": [[[-97.628675, 27.895482], [-97.628664, 27.895439], [-97.628527, 27.895424], [-97.628522, 27.895415], [-97.628657, 27.895429], [-97.628636, 27.895369], [-97.628599, 27.895375], [-97.628536, 27.895166], [-97.628656, 27.895138], [-97.628767, 27.895462], [-97.628803, 27.895454], [-97.628808, 27.895467], [-97.628675, 27.895482]]]}}, {"id": "69", "type": "Feature", "properties": {"name": "CL20010008", "source": "Coastal_Lease_Polygon_C_TCMS", "category": "restoration-area", "acres": 0.09}, "geometry": {"type": "Polygon", "coordinates": [[[-97.38103, 27.837517], [-97.380978, 27.837487], [-97.380969, 27.837505], [-97.380948, 27.837492], [-97.381029, 27.837379], [-97.380996, 27.837354], [-97.380993, 27.837208], [-97.381128, 27.83729], [-97.381115, 27.837305], [-97.381168, 27.837334], [-97.381043, 27.837525], [-97.381088, 27.837555], [-97.381081, 27.837564], [-97.38102, 27.837528], [-97.38103, 27.837517]]]}}, {"id": "70", "type": "Feature", "properties": {"name": "CL20010008", "source": "Coastal_Lease_Polygon_C_TCMS", "category": "restoration-area", "acres": 0.12}, "geometry": {"type": "Polygon", "coordinates": [[[-97.237982, 27.635058], [-97.238219, 27.634657], [-97.238304, 27.634695], [-97.238072, 27.635104], [-97.237982, 27.635058]]]}}, {"id": "71", "type": "Feature", "properties": {"name": "CL20010008", "source": "Coastal_Lease_Polygon_C_TCMS", "category": "restoration-area", "acres": 0.16}, "geometry": {"type": "Polygon", "coordinates": [[[-97.236173, 27.634259], [-97.236067, 27.634207], [-97.23605, 27.634214], [-97.236254, 27.633872], [-97.236409, 27.633908], [-97.236169, 27.634274], [-97.236173, 27.634259]]]}}, {"id": "72", "type": "Feature", "properties": {"name": "CL20010008", "source": "Coastal_Lease_Polygon_C_TCMS", "category": "restoration-area", "acres": 0.01}, "geometry": {"type": "Polygon", "coordinates": [[[-97.308882, 27.710369], [-97.308964, 27.710389], [-97.308956, 27.710443], [-97.308876, 27.710424], [-97.308882, 27.710369]]]}}, {"id": "73", "type": "Feature", "properties": {"name": "CL20010005", "source": "Coastal_Lease_Polygon_C_TCMS", "category": "restoration-area", "acres": 10.64}, "geometry": {"type": "Polygon", "coordinates": [[[-96.985691, 28.127895], [-96.985544, 28.127479], [-96.985427, 28.127297], [-96.985109, 28.127088], [-96.984305, 28.12677], [-96.984016, 28.126606], [-96.983867, 28.126472], [-96.983788, 28.126264], [-96.983737, 28.125932], [-96.983649, 28.125609], [-96.983466, 28.125399], [-96.983261, 28.125285], [-96.98315, 28.125293], [-96.98297, 28.125387], [-96.981967, 28.125357], [-96.981796, 28.125331], [-96.981733, 28.125194], [-96.9816, 28.125152], [-96.981326, 28.125102], [-96.980984, 28.125067], [-96.980589, 28.12516], [-96.980439, 28.12526], [-96.980241, 28.125336], [-96.979891, 28.125371], [-96.979705, 28.125437], [-96.979564, 28.125434], [-96.979516, 28.125389], [-96.979476, 28.125318], [-96.979521, 28.125254], [-96.979614, 28.125202], [-96.979738, 28.125161], [-96.979921, 28.125166], [-96.980416, 28.125015], [-96.981019, 28.12491], [-96.983172, 28.124805], [-96.983476, 28.124862], [-96.983631, 28.12499], [-96.983879, 28.125295], [-96.984007, 28.125499], [-96.983979, 28.125634], [-96.983901, 28.125773], [-96.98393, 28.126109], [-96.98429, 28.126506], [-96.985084, 28.12702], [-96.986519, 28.127443], [-96.98727, 28.127638], [-96.988104, 28.127729], [-96.988979, 28.127762], [-96.98943, 28.127797], [-96.989623, 28.12799], [-96.989788, 28.128065], [-96.989787, 28.128293], [-96.989562, 28.128249], [-96.98929, 28.128335], [-96.989175, 28.128278], [-96.989007, 28.12816], [-96.988832, 28.128101], [-96.988556, 28.128106], [-96.98825, 28.128087], [-96.987616, 28.128012], [-96.987196, 28.127915], [-96.98693, 28.127816], [-96.986746, 28.127812], [-96.986537, 28.12785], [-96.985975, 28.12801], [-96.985874, 28.128095], [-96.985877, 28.128589], [-96.985687, 28.128595], [-96.985691, 28.127895]]]}}, {"id": "74", "type": "Feature", "properties": {"name": "SL20250062", "source": "Coastal_Lease_Polygon_C_TCMS", "category": "restoration-area", "acres": 0.09}, "geometry": {"type": "Polygon", "coordinates": [[[-94.933076, 29.481303], [-94.933047, 29.481287], [-94.932956, 29.481297], [-94.932825, 29.481287], [-94.932811, 29.481261], [-94.932817, 29.481184], [-94.93288, 29.481141], [-94.932961, 29.481116], [-94.933088, 29.481111], [-94.933193, 29.481121], [-94.933507, 29.481239], [-94.933954, 29.481344], [-94.934136, 29.481365], [-94.934332, 29.481343], [-94.934437, 29.481348], [-94.934441, 29.481361], [-94.934339, 29.481356], [-94.934204, 29.481376], [-94.933956, 29.481355], [-94.933524, 29.481257], [-94.933192, 29.481129], [-94.933105, 29.481118], [-94.932973, 29.481127], [-94.932892, 29.481148], [-94.932839, 29.481183], [-94.932827, 29.481235], [-94.932838, 29.481274], [-94.932891, 29.481287], [-94.933074, 29.481281], [-94.933147, 29.481401], [-94.933059, 29.481473], [-94.93332, 29.481662], [-94.93321, 29.481723], [-94.933275, 29.481861], [-94.933305, 29.481984], [-94.933298, 29.482154], [-94.933235, 29.482272], [-94.933291, 29.482141], [-94.933296, 29.482014], [-94.933241, 29.481803], [-94.933198, 29.481714], [-94.933305, 29.48166], [-94.933044, 29.481475], [-94.933133, 29.481398], [-94.933076, 29.481303]]]}}, {"id": "75", "type": "Feature", "properties": {"name": "LC20040012", "source": "Coastal_Lease_Polygon_C_TCMS", "category": "restoration-area", "acres": 7.54}, "geometry": {"type": "Polygon", "coordinates": [[[-93.95947, 29.831076], [-93.960224, 29.826751], [-93.960561, 29.826767], [-93.959782, 29.831215], [-93.958495, 29.832437], [-93.955637, 29.834384], [-93.955749, 29.834503], [-93.955448, 29.83468], [-93.955273, 29.834432], [-93.958199, 29.83233], [-93.95947, 29.831076]]]}}, {"id": "76", "type": "Feature", "properties": {"name": "LC20070008", "source": "Coastal_Lease_Polygon_C_TCMS", "category": "restoration-area", "acres": 0.52}, "geometry": {"type": "Polygon", "coordinates": [[[-97.292996, 27.620225], [-97.293011, 27.62011], [-97.293043, 27.62011], [-97.293122, 27.620166], [-97.293409, 27.620435], [-97.293608, 27.620568], [-97.293705, 27.620611], [-97.293727, 27.620651], [-97.293711, 27.620699], [-97.293623, 27.620759], [-97.293548, 27.62086], [-97.293546, 27.620917], [-97.293574, 27.620972], [-97.293616, 27.620989], [-97.293583, 27.621051], [-97.293426, 27.620986], [-97.293385, 27.620895], [-97.293375, 27.620625], [-97.293244, 27.620449], [-97.29312, 27.620357], [-97.292996, 27.620225]]]}}, {"id": "77", "type": "Feature", "properties": {"name": "SL20050043", "source": "Coastal_Lease_Polygon_C_TCMS", "category": "restoration-area", "acres": 0.97}, "geometry": {"type": "Polygon", "coordinates": [[[-97.238746, 27.635338], [-97.238528, 27.635248], [-97.23855, 27.635215], [-97.238742, 27.635291], [-97.238852, 27.635096], [-97.238618, 27.634999], [-97.238494, 27.63521], [-97.238473, 27.6352], [-97.238532, 27.635097], [-97.238484, 27.635077], [-97.23844, 27.63514], [-97.238426, 27.635134], [-97.238433, 27.635124], [-97.238403, 27.635108], [-97.238426, 27.635076], [-97.238449, 27.635084], [-97.23846, 27.635066], [-97.238435, 27.635053], [-97.238408, 27.635071], [-97.238426, 27.635038], [-97.238376, 27.635015], [-97.23828, 27.635169], [-97.238263, 27.635158], [-97.23835, 27.635016], [-97.238278, 27.634992], [-97.238229, 27.634994], [-97.238153, 27.634963], [-97.238459, 27.634419], [-97.23906, 27.634676], [-97.238985, 27.634815], [-97.238936, 27.634797], [-97.238904, 27.634837], [-97.238854, 27.634812], [-97.238774, 27.634853], [-97.238809, 27.634865], [-97.238755, 27.634969], [-97.238687, 27.634947], [-97.238665, 27.634986], [-97.238865, 27.635052], [-97.23893, 27.634933], [-97.238954, 27.634943], [-97.238746, 27.635338]]]}}, {"id": "78", "type": "Feature", "properties": {"name": "SL20150037", "source": "Coastal_Lease_Polygon_C_TCMS", "category": "restoration-area", "acres": 381.29}, "geometry": {"type": "Polygon", "coordinates": [[[-96.377078, 28.228108], [-96.394078, 28.228444], [-96.393867, 28.236772], [-96.376867, 28.236436], [-96.377078, 28.228108]]]}}, {"id": "79", "type": "Feature", "properties": {"name": "SL20050045", "source": "Coastal_Lease_Polygon_C_TCMS", "category": "restoration-area", "acres": 0.81}, "geometry": {"type": "Polygon", "coordinates": [[[-97.237394, 27.6348], [-97.23763, 27.6344], [-97.238222, 27.634655], [-97.237981, 27.635059], [-97.237394, 27.6348]]]}}, {"id": "80", "type": "Feature", "properties": {"name": "SL20050046", "source": "Coastal_Lease_Polygon_C_TCMS", "category": "restoration-area", "acres": 0.56}, "geometry": {"type": "Polygon", "coordinates": [[[-97.236653, 27.634349], [-97.236626, 27.634336], [-97.236589, 27.634399], [-97.236568, 27.634385], [-97.236598, 27.634344], [-97.236555, 27.634322], [-97.236557, 27.634352], [-97.236518, 27.63441], [-97.236506, 27.634405], [-97.236545, 27.634346], [-97.236428, 27.634285], [-97.236384, 27.634349], [-97.236415, 27.634368], [-97.236402, 27.634386], [-97.236421, 27.634395], [-97.236457, 27.634336], [-97.236483, 27.634347], [-97.236432, 27.634427], [-97.236315, 27.634363], [-97.236336, 27.634331], [-97.23636, 27.634344], [-97.236409, 27.634281], [-97.236344, 27.634251], [-97.236287, 27.634336], [-97.23626, 27.634321], [-97.236309, 27.634241], [-97.236287, 27.634226], [-97.236233, 27.634308], [-97.236209, 27.634293], [-97.236255, 27.634209], [-97.236243, 27.634203], [-97.236219, 27.634241], [-97.236198, 27.634233], [-97.236409, 27.633908], [-97.236606, 27.633954], [-97.23689, 27.634078], [-97.23674, 27.63435], [-97.236711, 27.634336], [-97.236643, 27.634445], [-97.236608, 27.634427], [-97.236653, 27.634349]]]}}, {"id": "81", "type": "Feature", "properties": {"name": "SL20060008", "source": "Coastal_Lease_Polygon_C_TCMS", "category": "restoration-area", "acres": 0.73}, "geometry": {"type": "Polygon", "coordinates": [[[-97.237467, 27.634629], [-97.237373, 27.634586], [-97.237336, 27.634651], [-97.237363, 27.634587], [-97.237331, 27.634568], [-97.237296, 27.634628], [-97.237322, 27.634567], [-97.237306, 27.634559], [-97.237276, 27.634615], [-97.2373, 27.634555], [-97.237264, 27.634539], [-97.237232, 27.634596], [-97.237253, 27.634533], [-97.237235, 27.634528], [-97.237201, 27.634584], [-97.237187, 27.634578], [-97.23722, 27.634519], [-97.237199, 27.634509], [-97.237165, 27.634572], [-97.237149, 27.634565], [-97.237188, 27.634507], [-97.237164, 27.634497], [-97.23713, 27.634558], [-97.237115, 27.634551], [-97.237153, 27.634488], [-97.237127, 27.634477], [-97.237045, 27.634631], [-97.236833, 27.634531], [-97.236908, 27.63439], [-97.236885, 27.634379], [-97.23683, 27.634462], [-97.236818, 27.634455], [-97.236868, 27.634377], [-97.236831, 27.63436], [-97.236786, 27.634438], [-97.236773, 27.634434], [-97.236822, 27.634354], [-97.236813, 27.634348], [-97.236764, 27.634428], [-97.236754, 27.634423], [-97.236802, 27.634341], [-97.23677, 27.634324], [-97.236719, 27.634414], [-97.23671, 27.634407], [-97.236891, 27.634077], [-97.23763, 27.6344], [-97.237456, 27.634695], [-97.237434, 27.634687], [-97.237467, 27.634629]]]}}, {"id": "82", "type": "Feature", "properties": {"name": "SL20050004", "source": "Coastal_Lease_Polygon_C_TCMS", "category": "restoration-area", "acres": 0.01}, "geometry": {"type": "Polygon", "coordinates": [[[-95.965449, 28.672787], [-95.965473, 28.672776], [-95.96551, 28.672852], [-95.96549, 28.672864], [-95.965449, 28.672787]]]}}, {"id": "83", "type": "Feature", "properties": {"name": "SL20050044", "source": "Coastal_Lease_Polygon_C_TCMS", "category": "restoration-area", "acres": 1.84}, "geometry": {"type": "Polygon", "coordinates": [[[-97.262166, 27.657524], [-97.262008, 27.657331], [-97.261734, 27.657524], [-97.261685, 27.657463], [-97.261794, 27.657388], [-97.261835, 27.657421], [-97.262404, 27.657051], [-97.262623, 27.657286], [-97.262646, 27.657259], [-97.262825, 27.657352], [-97.262792, 27.657416], [-97.262666, 27.657364], [-97.262536, 27.657534], [-97.262622, 27.657621], [-97.262627, 27.657704], [-97.262597, 27.657739], [-97.262577, 27.657898], [-97.262527, 27.657957], [-97.262477, 27.658087], [-97.262483, 27.658137], [-97.262386, 27.658321], [-97.261741, 27.658036], [-97.261787, 27.657998], [-97.261834, 27.657859], [-97.261918, 27.657772], [-97.261927, 27.657718], [-97.26197, 27.657655], [-97.262131, 27.657526], [-97.262166, 27.657524]]]}}, {"id": "84", "type": "Feature", "properties": {"name": "SL20040005", "source": "Coastal_Lease_Polygon_C_TCMS", "category": "restoration-area", "acres": 0.84}, "geometry": {"type": "Polygon", "coordinates": [[[-97.437012, 27.132592], [-97.437102, 27.13248], [-97.438725, 27.133792], [-97.4386, 27.133891], [-97.437012, 27.132592]]]}}, {"id": "85", "type": "Feature", "properties": {"name": "SL20060013", "source": "Coastal_Lease_Polygon_C_TCMS", "category": "restoration-area", "acres": 40.06}, "geometry": {"type": "Polygon", "coordinates": [[[-96.18418, 28.373751], [-96.188284, 28.373838], [-96.188185, 28.377467], [-96.184081, 28.37738], [-96.18418, 28.373751]]]}}, {"id": "86", "type": "Feature", "properties": {"name": "SL20060020", "source": "Coastal_Lease_Polygon_C_TCMS", "category": "restoration-area", "acres": 160.32}, "geometry": {"type": "Polygon", "coordinates": [[[-97.149596, 26.521913], [-97.157669, 26.52199], [-97.157583, 26.529253], [-97.149509, 26.529176], [-97.149596, 26.521913]]]}}, {"id": "87", "type": "Feature", "properties": {"name": "SL20080003", "source": "Coastal_Lease_Polygon_C_TCMS", "category": "restoration-area", "acres": 5.37}, "geometry": {"type": "Polygon", "coordinates": [[[-93.871706, 29.737307], [-93.872164, 29.735912], [-93.874035, 29.738345], [-93.873198, 29.738079], [-93.872229, 29.737629], [-93.871706, 29.737307]]]}}, {"id": "88", "type": "Feature", "properties": {"name": "SL980027", "source": "Coastal_Lease_Polygon_C_TCMS", "category": "restoration-area", "acres": 34.12}, "geometry": {"type": "Polygon", "coordinates": [[[-96.304868, 28.650866], [-96.304859, 28.650434], [-96.304832, 28.650124], [-96.304697, 28.649572], [-96.304599, 28.649089], [-96.304352, 28.64843], [-96.303989, 28.647733], [-96.303505, 28.64717], [-96.303448, 28.64662], [-96.303891, 28.646222], [-96.304687, 28.645766], [-96.305944, 28.64546], [-96.307157, 28.64529], [-96.308376, 28.644949], [-96.309589, 28.644779], [-96.310922, 28.64451], [-96.312416, 28.644109], [-96.315635, 28.643381], [-96.317125, 28.643082], [-96.319716, 28.642473], [-96.321417, 28.641735], [-96.322677, 28.641361], [-96.322701, 28.642], [-96.322608, 28.642041], [-96.32251, 28.642051], [-96.322457, 28.642036], [-96.321415, 28.642375], [-96.321257, 28.642444], [-96.320966, 28.642534], [-96.320327, 28.64279], [-96.320204, 28.642825], [-96.319629, 28.642932], [-96.316904, 28.643698], [-96.316313, 28.643853], [-96.31621, 28.643867], [-96.315544, 28.644049], [-96.315172, 28.644103], [-96.31488, 28.64409], [-96.314678, 28.644127], [-96.314156, 28.644261], [-96.310129, 28.645148], [-96.30901, 28.645351], [-96.308633, 28.645503], [-96.308269, 28.645604], [-96.307587, 28.645712], [-96.307329, 28.645705], [-96.306985, 28.645768], [-96.306565, 28.645914], [-96.306104, 28.645991], [-96.305852, 28.646061], [-96.305421, 28.646233], [-96.304768, 28.646372], [-96.304452, 28.646462], [-96.304318, 28.646526], [-96.304151, 28.646689], [-96.304036, 28.646883], [-96.303966, 28.647053], [-96.303996, 28.647174], [-96.304045, 28.647296], [-96.304214, 28.647468], [-96.304358, 28.647645], [-96.304521, 28.64786], [-96.304749, 28.648253], [-96.304978, 28.648526], [-96.305075, 28.648779], [-96.305118, 28.649173], [-96.305152, 28.649224], [-96.305207, 28.649403], [-96.305236, 28.649582], [-96.305313, 28.649842], [-96.305339, 28.649914], [-96.305487, 28.650174], [-96.305499, 28.650249], [-96.305417, 28.650441], [-96.305497, 28.650551], [-96.305652, 28.650639], [-96.305753, 28.650875], [-96.304868, 28.650866]]]}}, {"id": "89", "type": "Feature", "properties": {"name": "SL20090051", "source": "Coastal_Lease_Polygon_C_TCMS", "category": "restoration-area", "acres": 239.44}, "geometry": {"type": "Polygon", "coordinates": [[[-97.089041, 27.813566], [-97.082625, 27.809054], [-97.079188, 27.812918], [-97.077832, 27.811964], [-97.077832, 27.811887], [-97.078106, 27.811504], [-97.078425, 27.811096], [-97.079122, 27.810268], [-97.081054, 27.808079], [-97.082046, 27.806989], [-97.082517, 27.806495], [-97.092051, 27.812494], [-97.092928, 27.811274], [-97.102303, 27.817172], [-97.103605, 27.822728], [-97.089041, 27.813566]]]}}, {"id": "90", "type": "Feature", "properties": {"name": "SL20110003", "source": "Coastal_Lease_Polygon_C_TCMS", "category": "restoration-area", "acres": 49.93}, "geometry": {"type": "Polygon", "coordinates": [[[-94.933289, 29.234698], [-94.935217, 29.232779], [-94.941296, 29.236284], [-94.939318, 29.238269], [-94.933289, 29.234698]]]}}, {"id": "91", "type": "Feature", "properties": {"name": "SL20180008", "source": "Coastal_Lease_Polygon_C_TCMS", "category": "restoration-area", "acres": 68.54}, "geometry": {"type": "Polygon", "coordinates": [[[-97.240764, 27.631944], [-97.240098, 27.631647], [-97.239949, 27.631904], [-97.237951, 27.631009], [-97.23786, 27.63118], [-97.237018, 27.630828], [-97.236948, 27.630948], [-97.234046, 27.629767], [-97.235076, 27.627726], [-97.235389, 27.627607], [-97.238592, 27.6271], [-97.242278, 27.628698], [-97.241723, 27.630121], [-97.240764, 27.631944]]]}}, {"id": "92", "type": "Feature", "properties": {"name": "SL20110014", "source": "Coastal_Lease_Polygon_C_TCMS", "category": "restoration-area", "acres": 2.2}, "geometry": {"type": "Polygon", "coordinates": [[[-97.236609, 27.633954], [-97.236412, 27.633908], [-97.236176, 27.634259], [-97.236071, 27.634207], [-97.236153, 27.634066], [-97.236091, 27.633848], [-97.235954, 27.633744], [-97.236002, 27.63363], [-97.236388, 27.633646], [-97.236556, 27.633668], [-97.236863, 27.633775], [-97.238463, 27.634419], [-97.238075, 27.635104], [-97.237984, 27.635059], [-97.238223, 27.634657], [-97.236609, 27.633954]]]}}, {"id": "93", "type": "Feature", "properties": {"name": "SL20160043", "source": "Coastal_Lease_Polygon_C_TCMS", "category": "restoration-area", "acres": 26.38}, "geometry": {"type": "Polygon", "coordinates": [[[-93.982366, 30.022641], [-93.980225, 30.021118], [-93.979968, 30.019805], [-93.980958, 30.017073], [-93.981824, 30.017416], [-93.980863, 30.020357], [-93.982728, 30.021566], [-93.986497, 30.021452], [-93.986507, 30.022413], [-93.982366, 30.022641]]]}}, {"id": "94", "type": "Feature", "properties": {"name": "SL20160044", "source": "Coastal_Lease_Polygon_C_TCMS", "category": "restoration-area", "acres": 623.61}, "geometry": {"type": "Polygon", "coordinates": [[[-94.859882, 29.388564], [-94.859233, 29.38165], [-94.881863, 29.389156], [-94.879619, 29.398816], [-94.867614, 29.397812], [-94.859882, 29.388564]]]}}, {"id": "95", "type": "Feature", "properties": {"name": "SL20160031", "source": "Coastal_Lease_Polygon_C_TCMS", "category": "restoration-area", "acres": 11.64}, "geometry": {"type": "Polygon", "coordinates": [[[-94.890704, 29.497469], [-94.892874, 29.497474], [-94.892874, 29.499494], [-94.890714, 29.499494], [-94.890704, 29.497469]]]}}, {"id": "96", "type": "Feature", "properties": {"name": "SL20170010", "source": "Coastal_Lease_Polygon_C_TCMS", "category": "restoration-area", "acres": 6.8}, "geometry": {"type": "Polygon", "coordinates": [[[-93.916578, 29.996067], [-93.918712, 29.995822], [-93.918714, 29.997034], [-93.916548, 29.997247], [-93.916578, 29.996067]]]}}, {"id": "97", "type": "Feature", "properties": {"name": "LC20030012", "source": "Coastal_Lease_Polygon_C_TCMS", "category": "restoration-area", "acres": 0.09}, "geometry": {"type": "Polygon", "coordinates": [[[-97.441709, 26.331715], [-97.441832, 26.331578], [-97.441863, 26.331603], [-97.441948, 26.331502], [-97.442018, 26.331557], [-97.441799, 26.331788], [-97.441709, 26.331715]]]}}, {"id": "98", "type": "Feature", "properties": {"name": "SL20040025", "source": "Coastal_Lease_Polygon_C_TCMS", "category": "restoration-area", "acres": 85.99}, "geometry": {"type": "Polygon", "coordinates": [[[-96.518771, 28.503869], [-96.51836, 28.50379], [-96.517272, 28.504], [-96.51617, 28.504459], [-96.514646, 28.505389], [-96.514045, 28.505377], [-96.513827, 28.504461], [-96.513866, 28.504205], [-96.513988, 28.503996], [-96.515599, 28.503025], [-96.516171, 28.50245], [-96.516797, 28.501695], [-96.517165, 28.500993], [-96.517464, 28.500159], [-96.518847, 28.497779], [-96.519659, 28.496959], [-96.520712, 28.496276], [-96.521371, 28.496316], [-96.521723, 28.496736], [-96.52166, 28.497123], [-96.521177, 28.497628], [-96.520917, 28.498053], [-96.520712, 28.498306], [-96.520343, 28.498361], [-96.520037, 28.498698], [-96.520439, 28.499162], [-96.520525, 28.49967], [-96.520495, 28.500497], [-96.520434, 28.5011], [-96.520417, 28.502375], [-96.520314, 28.504477], [-96.520069, 28.505704], [-96.519765, 28.506859], [-96.519213, 28.508086], [-96.51864, 28.507898], [-96.518597, 28.506666], [-96.518491, 28.505597], [-96.518503, 28.505051], [-96.519054, 28.504175], [-96.518771, 28.503869]]]}}, {"id": "99", "type": "Feature", "properties": {"name": "SL20070005", "source": "Coastal_Lease_Polygon_C_TCMS", "category": "restoration-area", "acres": 6.72}, "geometry": {"type": "Polygon", "coordinates": [[[-97.167557, 26.077681], [-97.16782, 26.077749], [-97.168066, 26.077978], [-97.168188, 26.078241], [-97.168284, 26.078616], [-97.166326, 26.07929], [-97.166234, 26.078978], [-97.166087, 26.078683], [-97.165961, 26.078501], [-97.165581, 26.078062], [-97.166632, 26.077994], [-97.167557, 26.077681]]]}}, {"id": "100", "type": "Feature", "properties": {"name": "SL20070005", "source": "Coastal_Lease_Polygon_C_TCMS", "category": "restoration-area", "acres": 2.06}, "geometry": {"type": "Polygon", "coordinates": [[[-97.168066, 26.077978], [-97.16782, 26.077749], [-97.167557, 26.077681], [-97.167817, 26.077593], [-97.167916, 26.077624], [-97.167934, 26.077285], [-97.1683, 26.077347], [-97.168673, 26.077773], [-97.168594, 26.07777], [-97.168838, 26.078425], [-97.168284, 26.078616], [-97.168188, 26.078241], [-97.168066, 26.077978]]]}}, {"id": "101", "type": "Feature", "properties": {"name": "SL20070006", "source": "Coastal_Lease_Polygon_C_TCMS", "category": "restoration-area", "acres": 2.15}, "geometry": {"type": "MultiPolygon", "coordinates": [[[[-97.168838, 26.078425], [-97.168838, 26.078425], [-97.168838, 26.078425], [-97.168838, 26.078425]]], [[[-97.168838, 26.078425], [-97.168594, 26.07777], [-97.168673, 26.077773], [-97.168889, 26.077909], [-97.169075, 26.077978], [-97.169286, 26.077977], [-97.169888, 26.077784], [-97.169974, 26.077812], [-97.170148, 26.077802], [-97.170253, 26.077829], [-97.170317, 26.077908], [-97.170351, 26.077987], [-97.170356, 26.078081], [-97.170296, 26.078162], [-97.170163, 26.078256], [-97.16973, 26.078448], [-97.169531, 26.078437], [-97.169552, 26.078488], [-97.169418, 26.078534], [-97.169304, 26.078264], [-97.168838, 26.078425]]]]}}, {"id": "102", "type": "Feature", "properties": {"name": "LC20070034", "source": "Coastal_Lease_Polygon_C_TCMS", "category": "restoration-area", "acres": 21.8}, "geometry": {"type": "Polygon", "coordinates": [[[-97.111305, 27.786253], [-97.113275, 27.783571], [-97.115065, 27.784584], [-97.118495, 27.784029], [-97.118254, 27.784897], [-97.111305, 27.786253]]]}}, {"id": "103", "type": "Feature", "properties": {"name": "LC20070015", "source": "Coastal_Lease_Polygon_C_TCMS", "category": "restoration-area", "acres": 2.68}, "geometry": {"type": "MultiPolygon", "coordinates": [[[[-94.927855, 29.669671], [-94.927779, 29.669557], [-94.928083, 29.669659], [-94.928002, 29.669772], [-94.927855, 29.669671]]], [[[-94.928948, 29.670493], [-94.92913, 29.670436], [-94.92923, 29.670779], [-94.929049, 29.670831], [-94.928948, 29.670493]]], [[[-94.929302, 29.671698], [-94.929499, 29.671642], [-94.929694, 29.67225], [-94.929235, 29.67239], [-94.929154, 29.672153], [-94.929251, 29.672113], [-94.929322, 29.672023], [-94.929346, 29.671875], [-94.929302, 29.671698]]], [[[-94.926716, 29.672481], [-94.926769, 29.672352], [-94.926816, 29.672387], [-94.926872, 29.672352], [-94.926922, 29.672246], [-94.926966, 29.672232], [-94.927014, 29.672179], [-94.927214, 29.672156], [-94.927277, 29.672094], [-94.927401, 29.67205], [-94.927396, 29.672003], [-94.927447, 29.672039], [-94.926723, 29.672532], [-94.926716, 29.672481]]], [[[-94.929538, 29.67284], [-94.928026, 29.672137], [-94.927998, 29.672092], [-94.927992, 29.672013], [-94.928252, 29.672178], [-94.928367, 29.672215], [-94.928511, 29.672202], [-94.92864, 29.672285], [-94.928675, 29.672286], [-94.928774, 29.672335], [-94.928802, 29.672374], [-94.928866, 29.672378], [-94.928902, 29.6724], [-94.928916, 29.67245], [-94.929012, 29.672524], [-94.92942, 29.672633], [-94.929647, 29.672579], [-94.929538, 29.67284]]], [[[-94.941431, 29.721871], [-94.941747, 29.720657], [-94.942093, 29.720751], [-94.941799, 29.721891], [-94.941431, 29.721871]]]]}}, {"id": "104", "type": "Feature", "properties": {"name": "LC20150019", "source": "Coastal_Lease_Polygon_C_TCMS", "category": "restoration-area", "acres": 14.16}, "geometry": {"type": "Polygon", "coordinates": [[[-95.346957, 28.952367], [-95.346096, 28.951777], [-95.345904, 28.95206], [-95.344254, 28.950949], [-95.342448, 28.9499], [-95.34251, 28.949679], [-95.342811, 28.949757], [-95.342971, 28.949607], [-95.344225, 28.949966], [-95.344217, 28.950144], [-95.34434, 28.950216], [-95.344427, 28.949996], [-95.347438, 28.950845], [-95.346957, 28.952367]]]}}, {"id": "105", "type": "Feature", "properties": {"name": "SL20080020", "source": "Coastal_Lease_Polygon_C_TCMS", "category": "restoration-area", "acres": 0.14}, "geometry": {"type": "Polygon", "coordinates": [[[-97.081816, 27.910195], [-97.082046, 27.910114], [-97.082128, 27.91031], [-97.081897, 27.91039], [-97.081816, 27.910195]]]}}, {"id": "106", "type": "Feature", "properties": {"name": "SL20080018", "source": "Coastal_Lease_Polygon_C_TCMS", "category": "restoration-area", "acres": 49.0}, "geometry": {"type": "MultiPolygon", "coordinates": [[[[-97.183066, 27.848537], [-97.183066, 27.848532], [-97.183067, 27.848537], [-97.183066, 27.848537]]], [[[-97.183066, 27.848537], [-97.182941, 27.851549], [-97.183417, 27.851965], [-97.182748, 27.851977], [-97.182816, 27.851826], [-97.172515, 27.85198], [-97.172512, 27.8517], [-97.173399, 27.851689], [-97.173738, 27.851662], [-97.173819, 27.851609], [-97.173875, 27.851472], [-97.173865, 27.851275], [-97.173893, 27.851188], [-97.174025, 27.851164], [-97.173911, 27.851121], [-97.173826, 27.85117], [-97.173786, 27.85127], [-97.173408, 27.851271], [-97.173219, 27.851198], [-97.173261, 27.851017], [-97.173244, 27.850886], [-97.173266, 27.850736], [-97.173185, 27.850848], [-97.173221, 27.851046], [-97.173174, 27.851149], [-97.173173, 27.851227], [-97.173319, 27.851291], [-97.173245, 27.851345], [-97.17308, 27.851308], [-97.173018, 27.851087], [-97.173043, 27.850725], [-97.173157, 27.850489], [-97.173248, 27.850374], [-97.173363, 27.850139], [-97.173863, 27.849479], [-97.174376, 27.849151], [-97.174565, 27.849276], [-97.17456, 27.849346], [-97.174496, 27.849429], [-97.174354, 27.849425], [-97.174147, 27.849783], [-97.173914, 27.84973], [-97.173742, 27.84993], [-97.173965, 27.849867], [-97.174135, 27.849892], [-97.174319, 27.849875], [-97.174496, 27.84992], [-97.174678, 27.849798], [-97.174878, 27.849782], [-97.17498, 27.84981], [-97.17488, 27.849941], [-97.174869, 27.850218], [-97.17507, 27.850299], [-97.174961, 27.850495], [-97.175015, 27.85059], [-97.175164, 27.850707], [-97.175233, 27.850819], [-97.175437, 27.850783], [-97.175604, 27.850865], [-97.175765, 27.850827], [-97.175921, 27.850896], [-97.176069, 27.850881], [-97.176171, 27.85083], [-97.176275, 27.850615], [-97.176293, 27.850494], [-97.176425, 27.850305], [-97.176639, 27.850292], [-97.176831, 27.850418], [-97.176927, 27.850608], [-97.177073, 27.85045], [-97.177541, 27.85045], [-97.177722, 27.850528], [-97.177952, 27.850466], [-97.178511, 27.850438], [-97.17866, 27.850526], [-97.178776, 27.850544], [-97.179418, 27.850255], [-97.179486, 27.850216], [-97.179598, 27.850116], [-97.179619, 27.850029], [-97.179528, 27.849901], [-97.179499, 27.849809], [-97.179644, 27.849726], [-97.179754, 27.849761], [-97.179886, 27.849841], [-97.180137, 27.849906], [-97.180566, 27.849919], [-97.180683, 27.849776], [-97.180745, 27.849803], [-97.180723, 27.849954], [-97.180853, 27.849894], [-97.180979, 27.849786], [-97.181095, 27.849804], [-97.181151, 27.849867], [-97.18125, 27.850179], [-97.181097, 27.850347], [-97.181043, 27.850601], [-97.180874, 27.85079], [-97.180745, 27.850708], [-97.180528, 27.850286], [-97.1804, 27.850341], [-97.180429, 27.850578], [-97.180575, 27.850789], [-97.180552, 27.850935], [-97.180416, 27.851059], [-97.180361, 27.851283], [-97.180478, 27.851354], [-97.180624, 27.851215], [-97.1808, 27.851084], [-97.18112, 27.850984], [-97.181233, 27.850867], [-97.181254, 27.850557], [-97.181369, 27.850326], [-97.181191, 27.849832], [-97.181093, 27.849735], [-97.181154, 27.849564], [-97.181281, 27.849475], [-97.18143, 27.849293], [-97.181522, 27.849089], [-97.181641, 27.848986], [-97.181828, 27.848951], [-97.182005, 27.849045], [-97.182079, 27.849233], [-97.18204, 27.849509], [-97.182171, 27.849514], [-97.182253, 27.849707], [-97.182346, 27.849576], [-97.18234, 27.849481], [-97.182378, 27.849245], [-97.1826, 27.848606], [-97.182415, 27.848593], [-97.182415, 27.848547], [-97.183066, 27.848537]]]]}}, {"id": "107", "type": "Feature", "properties": {"name": "SL20080019", "source": "Coastal_Lease_Polygon_C_TCMS", "category": "restoration-area", "acres": 109.61}, "geometry": {"type": "Polygon", "coordinates": [[[-95.332733, 28.946733], [-95.332244, 28.946702], [-95.32799, 28.94707], [-95.328024, 28.946972], [-95.327967, 28.946845], [-95.327838, 28.946724], [-95.32779, 28.946585], [-95.327812, 28.946526], [-95.327866, 28.946454], [-95.327892, 28.946274], [-95.327907, 28.945985], [-95.327893, 28.945811], [-95.327838, 28.945698], [-95.327751, 28.945574], [-95.327734, 28.9455], [-95.327765, 28.945414], [-95.327928, 28.945168], [-95.327931, 28.945074], [-95.327974, 28.944985], [-95.32795, 28.944894], [-95.327893, 28.944808], [-95.327896, 28.944742], [-95.328032, 28.944572], [-95.32833, 28.943992], [-95.328546, 28.943699], [-95.328735, 28.943509], [-95.328882, 28.943384], [-95.329162, 28.943207], [-95.329311, 28.943131], [-95.329654, 28.942821], [-95.329814, 28.942776], [-95.330271, 28.942503], [-95.330547, 28.942306], [-95.330866, 28.942025], [-95.331072, 28.941801], [-95.331196, 28.941533], [-95.331232, 28.941416], [-95.331204, 28.941321], [-95.33133, 28.94121], [-95.331415, 28.94117], [-95.331477, 28.941102], [-95.331498, 28.941051], [-95.331552, 28.941108], [-95.331642, 28.941138], [-95.33176, 28.941152], [-95.331959, 28.941119], [-95.332136, 28.941023], [-95.33247, 28.940879], [-95.33254, 28.940798], [-95.332609, 28.940768], [-95.332735, 28.940772], [-95.333123, 28.940646], [-95.334398, 28.942745], [-95.334422, 28.942821], [-95.334407, 28.942943], [-95.334289, 28.943407], [-95.334321, 28.943554], [-95.33445, 28.943684], [-95.334624, 28.943774], [-95.338079, 28.944699], [-95.337622, 28.946095], [-95.337492, 28.946266], [-95.337381, 28.94639], [-95.336964, 28.946666], [-95.336817, 28.946733], [-95.336483, 28.946766], [-95.336407, 28.946806], [-95.336371, 28.946909], [-95.336405, 28.947], [-95.3365, 28.947049], [-95.33667, 28.947096], [-95.336415, 28.947791], [-95.332733, 28.946733]]]}}, {"id": "108", "type": "Feature", "properties": {"name": "CE880001", "source": "Coastal_Lease_Polygon_C_TCMS", "category": "restoration-area", "acres": 0.2}, "geometry": {"type": "Polygon", "coordinates": [[[-97.171041, 26.106023], [-97.17113, 26.105995], [-97.171429, 26.106698], [-97.171339, 26.106728], [-97.171041, 26.106023]]]}}, {"id": "109", "type": "Feature", "properties": {"name": "CL20090001", "source": "Coastal_Lease_Polygon_C_TCMS", "category": "restoration-area", "acres": 359.21}, "geometry": {"type": "Polygon", "coordinates": [[[-94.663132, 29.507262], [-94.667987, 29.503244], [-94.674415, 29.511094], [-94.664097, 29.521053], [-94.658568, 29.513852], [-94.664418, 29.508677], [-94.663132, 29.507262]]]}}, {"id": "110", "type": "Feature", "properties": {"name": "SL20170010", "source": "Coastal_Lease_Polygon_C_TCMS", "category": "restoration-area", "acres": 24.14}, "geometry": {"type": "Polygon", "coordinates": [[[-93.913456, 29.996803], [-93.911014, 29.995945], [-93.908845, 29.993711], [-93.909984, 29.993042], [-93.911313, 29.994421], [-93.913792, 29.995856], [-93.914689, 29.996184], [-93.916087, 29.996086], [-93.916114, 29.997253], [-93.914629, 29.997081], [-93.913456, 29.996803]]]}}, {"id": "111", "type": "Feature", "properties": {"name": "SL20080010", "source": "Coastal_Lease_Polygon_C_TCMS", "category": "restoration-area", "acres": 483.56}, "geometry": {"type": "Polygon", "coordinates": [[[-97.156625, 26.079], [-97.153219, 26.067079], [-97.155773, 26.067809], [-97.157841, 26.075229], [-97.162464, 26.095179], [-97.164289, 26.105762], [-97.166722, 26.122062], [-97.169398, 26.142011], [-97.170858, 26.153811], [-97.168912, 26.154175], [-97.166965, 26.141646], [-97.165992, 26.133131], [-97.164897, 26.121697], [-97.162707, 26.107221], [-97.160153, 26.093232], [-97.156625, 26.079]]]}}, {"id": "112", "type": "Feature", "properties": {"name": "SL20110003", "source": "Coastal_Lease_Polygon_C_TCMS", "category": "restoration-area", "acres": 23.11}, "geometry": {"type": "Polygon", "coordinates": [[[-94.931048, 29.233955], [-94.930941, 29.233877], [-94.930732, 29.233892], [-94.930551, 29.233811], [-94.930444, 29.233722], [-94.930401, 29.23358], [-94.930383, 29.233408], [-94.930475, 29.23326], [-94.930628, 29.233114], [-94.930721, 29.232934], [-94.930778, 29.232731], [-94.930714, 29.232492], [-94.930459, 29.23242], [-94.929699, 29.232418], [-94.929468, 29.232368], [-94.929252, 29.232222], [-94.929051, 29.232043], [-94.928812, 29.231866], [-94.92886, 29.231607], [-94.929112, 29.231443], [-94.92945, 29.231561], [-94.929581, 29.231683], [-94.929744, 29.231591], [-94.929859, 29.231466], [-94.930042, 29.231503], [-94.930202, 29.231476], [-94.930445, 29.231537], [-94.930765, 29.231525], [-94.931036, 29.23148], [-94.931666, 29.231682], [-94.931968, 29.23181], [-94.932406, 29.231888], [-94.932621, 29.231733], [-94.933044, 29.231595], [-94.93361, 29.231537], [-94.933838, 29.231684], [-94.933989, 29.231893], [-94.934328, 29.232011], [-94.934803, 29.232402], [-94.931216, 29.234359], [-94.931145, 29.234313], [-94.931056, 29.234085], [-94.931048, 29.233955]]]}}, {"id": "113", "type": "Feature", "properties": {"name": "SL20110003", "source": "Coastal_Lease_Polygon_C_TCMS", "category": "restoration-area", "acres": 19.66}, "geometry": {"type": "Polygon", "coordinates": [[[-94.944438, 29.222826], [-94.949138, 29.222969], [-94.949077, 29.224535], [-94.944376, 29.224392], [-94.944438, 29.222826]]]}}, {"id": "114", "type": "Feature", "properties": {"name": "SL20110003", "source": "Coastal_Lease_Polygon_C_TCMS", "category": "restoration-area", "acres": 17.07}, "geometry": {"type": "Polygon", "coordinates": [[[-94.941334, 29.222239], [-94.941148, 29.222047], [-94.940839, 29.222037], [-94.940594, 29.221877], [-94.940302, 29.221936], [-94.940035, 29.221843], [-94.940004, 29.221639], [-94.939994, 29.221401], [-94.940311, 29.221224], [-94.94062, 29.221233], [-94.940947, 29.221277], [-94.941225, 29.221099], [-94.941369, 29.220883], [-94.941435, 29.220664], [-94.941713, 29.220486], [-94.942061, 29.220497], [-94.942381, 29.22071], [-94.942546, 29.220936], [-94.942904, 29.221676], [-94.943042, 29.222087], [-94.94297, 29.222442], [-94.942802, 29.222776], [-94.94242, 29.223137], [-94.941945, 29.223411], [-94.941526, 29.223738], [-94.941152, 29.223913], [-94.940446, 29.224163], [-94.940084, 29.224016], [-94.940038, 29.22371], [-94.94046, 29.223315], [-94.940632, 29.222879], [-94.94115, 29.222505], [-94.941334, 29.222239]]]}}, {"id": "115", "type": "Feature", "properties": {"name": "SL20060032", "source": "Coastal_Lease_Polygon_C_TCMS", "category": "restoration-area", "acres": 2.77}, "geometry": {"type": "Polygon", "coordinates": [[[-94.779336, 29.379347], [-94.779174, 29.379197], [-94.779402, 29.379008], [-94.779694, 29.379278], [-94.77999, 29.379032], [-94.779861, 29.378912], [-94.780454, 29.37842], [-94.780713, 29.37866], [-94.780371, 29.378944], [-94.780479, 29.379043], [-94.779098, 29.380189], [-94.778731, 29.379849], [-94.779336, 29.379347]]]}}, {"id": "116", "type": "Feature", "properties": {"name": "SL20180022", "source": "Coastal_Lease_Polygon_C_TCMS", "category": "restoration-area", "acres": 207.67}, "geometry": {"type": "Polygon", "coordinates": [[[-96.996163, 28.105535], [-97.003353, 28.098615], [-97.009413, 28.103795], [-97.001993, 28.110425], [-96.996163, 28.105535]]]}}, {"id": "117", "type": "Feature", "properties": {"name": "SL20180021", "source": "Coastal_Lease_Polygon_C_TCMS", "category": "restoration-area", "acres": 100.01}, "geometry": {"type": "Polygon", "coordinates": [[[-96.593753, 28.308655], [-96.599233, 28.304825], [-96.602953, 28.309035], [-96.597483, 28.312835], [-96.593753, 28.308655]]]}}, {"id": "118", "type": "Feature", "properties": {"name": "SL20170003", "source": "Coastal_Lease_Polygon_C_TCMS", "category": "restoration-area", "acres": 44.04}, "geometry": {"type": "MultiPolygon", "coordinates": [[[[-97.160598, 27.844266], [-97.160579, 27.844137], [-97.160593, 27.844007], [-97.160642, 27.843877], [-97.160718, 27.843765], [-97.160785, 27.843698], [-97.161169, 27.843433], [-97.161446, 27.843187], [-97.162146, 27.842443], [-97.162803, 27.841664], [-97.163349, 27.841109], [-97.164759, 27.840089], [-97.16514, 27.839878], [-97.165561, 27.839705], [-97.165847, 27.839396], [-97.166129, 27.83912], [-97.16623, 27.839043], [-97.166377, 27.838972], [-97.16653, 27.838934], [-97.166685, 27.838928], [-97.166757, 27.838966], [-97.166785, 27.839037], [-97.166755, 27.839107], [-97.166702, 27.839139], [-97.16648, 27.839173], [-97.166342, 27.839244], [-97.16598, 27.839595], [-97.165714, 27.839885], [-97.165257, 27.840071], [-97.164864, 27.840293], [-97.163524, 27.841265], [-97.163327, 27.841457], [-97.162864, 27.841949], [-97.162263, 27.842665], [-97.161686, 27.843278], [-97.161373, 27.843566], [-97.160944, 27.843868], [-97.160888, 27.843933], [-97.16083, 27.844083], [-97.160847, 27.844243], [-97.16098, 27.844269], [-97.161183, 27.844267], [-97.161244, 27.844285], [-97.161275, 27.844311], [-97.161299, 27.844363], [-97.161297, 27.844401], [-97.161268, 27.844451], [-97.161214, 27.844482], [-97.161072, 27.844494], [-97.160785, 27.844457], [-97.16066, 27.844403], [-97.160598, 27.844266]]], [[[-97.157205, 27.845555], [-97.157424, 27.845565], [-97.157566, 27.845598], [-97.1577, 27.84565], [-97.157787, 27.845908], [-97.157816, 27.846085], [-97.15782, 27.846265], [-97.157771, 27.846384], [-97.157755, 27.846531], [-97.157716, 27.846623], [-97.157655, 27.846706], [-97.157576, 27.846775], [-97.157482, 27.846828], [-97.152176, 27.849081], [-97.149602, 27.850156], [-97.14922, 27.850224], [-97.148961, 27.85024], [-97.148701, 27.850233], [-97.148525, 27.850093], [-97.148397, 27.849917], [-97.148343, 27.849785], [-97.14831, 27.849622], [-97.148341, 27.849482], [-97.148429, 27.849362], [-97.148637, 27.849224], [-97.148816, 27.849137], [-97.149006, 27.849068], [-97.149322, 27.848994], [-97.149482, 27.848916], [-97.149609, 27.8488], [-97.149692, 27.848656], [-97.149863, 27.848448], [-97.150156, 27.848161], [-97.150632, 27.848049], [-97.151356, 27.847919], [-97.151831, 27.847689], [-97.152468, 27.847353], [-97.152801, 27.847161], [-97.153278, 27.846846], [-97.153626, 27.846693], [-97.153985, 27.846562], [-97.154354, 27.846454], [-97.154735, 27.8464], [-97.15511, 27.846325], [-97.156088, 27.84583], [-97.156315, 27.845739], [-97.156553, 27.845672], [-97.157205, 27.845555]]]]}}, {"id": "119", "type": "Feature", "properties": {"name": "SL20140030", "source": "Coastal_Lease_Polygon_C_TCMS", "category": "restoration-area", "acres": 623.97}, "geometry": {"type": "Polygon", "coordinates": [[[-97.041536, 28.128567], [-97.057915, 28.128587], [-97.057925, 28.142812], [-97.041542, 28.142618], [-97.041536, 28.128567]]]}}, {"id": "120", "type": "Feature", "properties": {"name": "SL20200003", "source": "Coastal_Lease_Polygon_C_TCMS", "category": "restoration-area", "acres": 2.6}, "geometry": {"type": "Polygon", "coordinates": [[[-97.239793, 27.631953], [-97.238582, 27.63147], [-97.23867, 27.631339], [-97.239945, 27.631912], [-97.240094, 27.631654], [-97.240808, 27.631975], [-97.240402, 27.632788], [-97.239558, 27.6324], [-97.239793, 27.631953]]]}}, {"id": "121", "type": "Feature", "properties": {"name": "SL20200006", "source": "Coastal_Lease_Polygon_C_TCMS", "category": "restoration-area", "acres": 0.98}, "geometry": {"type": "Polygon", "coordinates": [[[-97.187963, 26.203166], [-97.189313, 26.203166], [-97.189313, 26.203436], [-97.188023, 26.203436], [-97.187963, 26.203166]]]}}, {"id": "122", "type": "Feature", "properties": {"name": "SL20190002", "source": "Coastal_Lease_Polygon_C_TCMS", "category": "restoration-area", "acres": 9.62}, "geometry": {"type": "Polygon", "coordinates": [[[-96.317861, 28.641086], [-96.322244, 28.639892], [-96.322442, 28.640633], [-96.318114, 28.641867], [-96.317861, 28.641086]]]}}, {"id": "123", "type": "Feature", "properties": {"name": "SL20130015", "source": "Coastal_Lease_Polygon_C_TCMS", "category": "restoration-area", "acres": 18.13}, "geometry": {"type": "Polygon", "coordinates": [[[-97.206388, 26.044426], [-97.207103, 26.04424], [-97.207278, 26.044297], [-97.207342, 26.044497], [-97.20731, 26.044911], [-97.207135, 26.045383], [-97.206976, 26.047139], [-97.206928, 26.047239], [-97.206595, 26.047325], [-97.206054, 26.047225], [-97.205546, 26.046982], [-97.204481, 26.046739], [-97.204242, 26.046625], [-97.204179, 26.046496], [-97.204179, 26.046339], [-97.204306, 26.045625], [-97.204417, 26.045454], [-97.204608, 26.045225], [-97.205371, 26.04484], [-97.206388, 26.044426]]]}}, {"id": "124", "type": "Feature", "properties": {"name": "SL20130015", "source": "Coastal_Lease_Polygon_C_TCMS", "category": "restoration-area", "acres": 138.9}, "geometry": {"type": "Polygon", "coordinates": [[[-97.210715, 26.098127], [-97.211317, 26.097951], [-97.211978, 26.098045], [-97.215652, 26.101997], [-97.22546, 26.120272], [-97.226976, 26.123324], [-97.227002, 26.123802], [-97.226615, 26.124021], [-97.22588, 26.124169], [-97.225399, 26.123715], [-97.224824, 26.122521], [-97.21401, 26.102679], [-97.2108, 26.099221], [-97.210569, 26.098679], [-97.210715, 26.098127]]]}}, {"id": "125", "type": "Feature", "properties": {"name": "SL20130015", "source": "Coastal_Lease_Polygon_C_TCMS", "category": "restoration-area", "acres": 33.01}, "geometry": {"type": "Polygon", "coordinates": [[[-97.277428, 26.142676], [-97.277879, 26.142282], [-97.279394, 26.141364], [-97.28042, 26.141553], [-97.281744, 26.141984], [-97.283453, 26.142513], [-97.285583, 26.143079], [-97.285708, 26.143094], [-97.285805, 26.143174], [-97.285859, 26.143301], [-97.285703, 26.143456], [-97.285383, 26.14342], [-97.281292, 26.142778], [-97.280262, 26.142439], [-97.27965, 26.143054], [-97.27836, 26.144036], [-97.277859, 26.1443], [-97.275204, 26.144996], [-97.27485, 26.144949], [-97.274753, 26.144697], [-97.274795, 26.144429], [-97.274941, 26.144168], [-97.275381, 26.143832], [-97.277031, 26.14314], [-97.277428, 26.142676]]]}}, {"id": "126", "type": "Feature", "properties": {"name": "SL20130015", "source": "Coastal_Lease_Polygon_C_TCMS", "category": "restoration-area", "acres": 229.97}, "geometry": {"type": "Polygon", "coordinates": [[[-97.264558, 26.201922], [-97.264949, 26.201845], [-97.265286, 26.202191], [-97.268866, 26.208901], [-97.270947, 26.213359], [-97.274938, 26.226685], [-97.276158, 26.231574], [-97.276206, 26.232098], [-97.275996, 26.232459], [-97.275606, 26.232818], [-97.275182, 26.232968], [-97.274541, 26.23291], [-97.274117, 26.232605], [-97.272923, 26.229095], [-97.267774, 26.214225], [-97.265424, 26.206805], [-97.264558, 26.201922]]]}}, {"id": "127", "type": "Feature", "properties": {"name": "SL20130015", "source": "Coastal_Lease_Polygon_C_TCMS", "category": "restoration-area", "acres": 3784.79}, "geometry": {"type": "Polygon", "coordinates": [[[-97.300452, 26.302815], [-97.296433, 26.295006], [-97.291316, 26.294448], [-97.289615, 26.293371], [-97.284603, 26.282005], [-97.28032, 26.28088], [-97.279317, 26.271587], [-97.280016, 26.270026], [-97.285562, 26.26732], [-97.283335, 26.261087], [-97.284463, 26.259907], [-97.286914, 26.260499], [-97.28907, 26.263773], [-97.291896, 26.2714], [-97.296196, 26.275426], [-97.306632, 26.281581], [-97.314903, 26.278926], [-97.322788, 26.275793], [-97.326349, 26.274878], [-97.328129, 26.274536], [-97.330163, 26.275106], [-97.331911, 26.277131], [-97.332199, 26.280866], [-97.331691, 26.288334], [-97.329147, 26.294718], [-97.323805, 26.302468], [-97.320752, 26.304293], [-97.318212, 26.303837], [-97.313378, 26.302926], [-97.311345, 26.302468], [-97.30931, 26.303382], [-97.30931, 26.304748], [-97.306692, 26.306889], [-97.3252, 26.348341], [-97.325612, 26.350749], [-97.325662, 26.351987], [-97.324617, 26.352554], [-97.323251, 26.35208], [-97.32224, 26.350286], [-97.301844, 26.305602], [-97.300452, 26.302815]]]}}, {"id": "128", "type": "Feature", "properties": {"name": "SL20130015", "source": "Coastal_Lease_Polygon_C_TCMS", "category": "restoration-area", "acres": 72.1}, "geometry": {"type": "Polygon", "coordinates": [[[-97.320744, 26.358741], [-97.32114, 26.358673], [-97.321558, 26.35888], [-97.322152, 26.359603], [-97.322853, 26.360928], [-97.324064, 26.364477], [-97.324259, 26.365601], [-97.324027, 26.366114], [-97.323616, 26.366331], [-97.322917, 26.366454], [-97.32206, 26.366263], [-97.321171, 26.365459], [-97.320407, 26.365062], [-97.319922, 26.364522], [-97.319543, 26.363668], [-97.319141, 26.362701], [-97.319092, 26.362188], [-97.319232, 26.361007], [-97.31937, 26.360079], [-97.319444, 26.359471], [-97.320019, 26.359021], [-97.320744, 26.358741]]]}}, {"id": "129", "type": "Feature", "properties": {"name": "SL20130015", "source": "Coastal_Lease_Polygon_C_TCMS", "category": "restoration-area", "acres": 233.93}, "geometry": {"type": "Polygon", "coordinates": [[[-97.319958, 26.385097], [-97.322056, 26.384556], [-97.323169, 26.385012], [-97.324313, 26.385724], [-97.326888, 26.387945], [-97.328096, 26.388942], [-97.328796, 26.390565], [-97.328605, 26.392102], [-97.328414, 26.395235], [-97.328128, 26.396288], [-97.327206, 26.397314], [-97.32603, 26.397769], [-97.325076, 26.397826], [-97.324154, 26.397484], [-97.323455, 26.3972], [-97.321643, 26.395064], [-97.319608, 26.387916], [-97.319418, 26.386578], [-97.319577, 26.385866], [-97.319958, 26.385097]]]}}, {"id": "130", "type": "Feature", "properties": {"name": "SL20130015", "source": "Coastal_Lease_Polygon_C_TCMS", "category": "restoration-area", "acres": 883.8}, "geometry": {"type": "Polygon", "coordinates": [[[-97.30311, 26.40782], [-97.326062, 26.407365], [-97.339476, 26.40913], [-97.343037, 26.409415], [-97.345199, 26.409984], [-97.346184, 26.410839], [-97.346152, 26.412148], [-97.345326, 26.412946], [-97.340112, 26.413686], [-97.32727, 26.414142], [-97.315571, 26.414084], [-97.305208, 26.414996], [-97.29974, 26.415679], [-97.295417, 26.41602], [-97.294273, 26.415679], [-97.293637, 26.414881], [-97.293255, 26.413743], [-97.293255, 26.412547], [-97.293827, 26.411181], [-97.296053, 26.40913], [-97.299104, 26.408276], [-97.30311, 26.40782]]]}}, {"id": "131", "type": "Feature", "properties": {"name": "SL20130015", "source": "Coastal_Lease_Polygon_C_TCMS", "category": "restoration-area", "acres": 1224.27}, "geometry": {"type": "Polygon", "coordinates": [[[-97.354609, 26.417784], [-97.356135, 26.417784], [-97.357884, 26.418667], [-97.35995, 26.421429], [-97.361095, 26.424731], [-97.364528, 26.433954], [-97.371902, 26.451828], [-97.377624, 26.465034], [-97.379785, 26.468905], [-97.383091, 26.473229], [-97.385635, 26.477668], [-97.38627, 26.482448], [-97.387034, 26.484498], [-97.388687, 26.487457], [-97.390212, 26.49053], [-97.391484, 26.493033], [-97.391611, 26.494853], [-97.390468, 26.496105], [-97.389196, 26.495992], [-97.387796, 26.49565], [-97.38627, 26.494626], [-97.384617, 26.492805], [-97.382456, 26.484612], [-97.37915, 26.480173], [-97.358169, 26.432587], [-97.353337, 26.420631], [-97.352956, 26.419492], [-97.353336, 26.418354], [-97.354609, 26.417784]]]}}, {"id": "132", "type": "Feature", "properties": {"name": "SL20130014", "source": "Coastal_Lease_Polygon_C_TCMS", "category": "restoration-area", "acres": 99.93}, "geometry": {"type": "Polygon", "coordinates": [[[-97.400318, 26.560336], [-97.401622, 26.559853], [-97.402925, 26.560222], [-97.40372, 26.561246], [-97.403752, 26.563037], [-97.403274, 26.565824], [-97.40302, 26.566506], [-97.402257, 26.566705], [-97.39822, 26.566762], [-97.397489, 26.566449], [-97.397171, 26.565824], [-97.397203, 26.564402], [-97.397775, 26.562213], [-97.400318, 26.560336]]]}}, {"id": "133", "type": "Feature", "properties": {"name": "SL20130014", "source": "Coastal_Lease_Polygon_C_TCMS", "category": "restoration-area", "acres": 57.19}, "geometry": {"type": "Polygon", "coordinates": [[[-97.385254, 26.633895], [-97.386971, 26.633724], [-97.38802, 26.63398], [-97.388338, 26.634691], [-97.388242, 26.635571], [-97.387924, 26.636481], [-97.387161, 26.637106], [-97.384428, 26.638129], [-97.383792, 26.638072], [-97.382997, 26.637901], [-97.382393, 26.637447], [-97.381789, 26.63685], [-97.381662, 26.636339], [-97.381694, 26.635685], [-97.382838, 26.634861], [-97.385254, 26.633895]]]}}, {"id": "134", "type": "Feature", "properties": {"name": "SL20130014", "source": "Coastal_Lease_Polygon_C_TCMS", "category": "restoration-area", "acres": 266.35}, "geometry": {"type": "Polygon", "coordinates": [[[-97.459216, 26.768174], [-97.459915, 26.76789], [-97.460678, 26.768174], [-97.461187, 26.768856], [-97.461823, 26.770217], [-97.462585, 26.775383], [-97.463857, 26.778959], [-97.464365, 26.782534], [-97.465765, 26.78628], [-97.466464, 26.79014], [-97.466845, 26.791785], [-97.466655, 26.79207], [-97.466082, 26.792467], [-97.465065, 26.792694], [-97.463857, 26.792751], [-97.462268, 26.792694], [-97.461695, 26.792126], [-97.461378, 26.791332], [-97.460805, 26.783216], [-97.45858, 26.771126], [-97.457881, 26.769423], [-97.457817, 26.768856], [-97.45839, 26.768458], [-97.459216, 26.768174]]]}}, {"id": "135", "type": "Feature", "properties": {"name": "SL20130014", "source": "Coastal_Lease_Polygon_C_TCMS", "category": "restoration-area", "acres": 218.98}, "geometry": {"type": "Polygon", "coordinates": [[[-97.430478, 26.716506], [-97.432639, 26.716166], [-97.434865, 26.717017], [-97.435563, 26.718266], [-97.435246, 26.719971], [-97.43372, 26.721731], [-97.431304, 26.723889], [-97.429651, 26.724967], [-97.427172, 26.725251], [-97.424692, 26.725138], [-97.423166, 26.724059], [-97.422848, 26.723207], [-97.422785, 26.721787], [-97.423166, 26.720197], [-97.42431, 26.718891], [-97.426726, 26.718039], [-97.430478, 26.716506]]]}}, {"id": "136", "type": "Feature", "properties": {"name": "SL20060058", "source": "Coastal_Lease_Polygon_C_TCMS", "category": "restoration-area", "acres": 722.34}, "geometry": {"type": "Polygon", "coordinates": [[[-97.39322, 27.248955], [-97.396017, 27.248164], [-97.403266, 27.248164], [-97.409623, 27.248729], [-97.410895, 27.248277], [-97.41204, 27.246582], [-97.413183, 27.24206], [-97.420049, 27.214246], [-97.421448, 27.210061], [-97.42094, 27.207573], [-97.421067, 27.206556], [-97.421956, 27.203954], [-97.424532, 27.19205], [-97.425167, 27.191712], [-97.426312, 27.191344], [-97.427361, 27.192023], [-97.427043, 27.194794], [-97.42539, 27.202597], [-97.424882, 27.206215], [-97.42361, 27.210965], [-97.415727, 27.247485], [-97.414709, 27.250537], [-97.413183, 27.25212], [-97.409496, 27.252234], [-97.39996, 27.25212], [-97.395509, 27.251894], [-97.393474, 27.251668], [-97.392838, 27.25065], [-97.392647, 27.249634], [-97.39322, 27.248955]]]}}, {"id": "137", "type": "Feature", "properties": {"name": "SL20060045", "source": "Coastal_Lease_Polygon_C_TCMS", "category": "restoration-area", "acres": 11.57}, "geometry": {"type": "Polygon", "coordinates": [[[-97.243611, 27.63307], [-97.243797, 27.632897], [-97.244544, 27.633038], [-97.246897, 27.634235], [-97.248741, 27.635094], [-97.249424, 27.635291], [-97.249567, 27.63553], [-97.249513, 27.635759], [-97.249309, 27.635874], [-97.248927, 27.635837], [-97.248418, 27.635666], [-97.247703, 27.635343], [-97.246005, 27.634499], [-97.244379, 27.633836], [-97.243693, 27.633462], [-97.243516, 27.633318], [-97.243611, 27.63307]]]}}, {"id": "138", "type": "Feature", "properties": {"name": "SL20060045", "source": "Coastal_Lease_Polygon_C_TCMS", "category": "restoration-area", "acres": 826.7}, "geometry": {"type": "Polygon", "coordinates": [[[-97.272511, 27.621474], [-97.273226, 27.621446], [-97.274482, 27.622585], [-97.27531, 27.623477], [-97.276618, 27.624797], [-97.277242, 27.625222], [-97.279087, 27.629614], [-97.281332, 27.630692], [-97.280501, 27.632528], [-97.280841, 27.633089], [-97.28069, 27.633568], [-97.279988, 27.633993], [-97.278022, 27.635418], [-97.272538, 27.636769], [-97.27171, 27.637522], [-97.267704, 27.6429], [-97.267067, 27.643363], [-97.26498, 27.644797], [-97.264297, 27.645205], [-97.263748, 27.64566], [-97.262251, 27.646376], [-97.259969, 27.647326], [-97.258492, 27.647155], [-97.255839, 27.645212], [-97.253681, 27.643867], [-97.252552, 27.643055], [-97.252082, 27.642683], [-97.252019, 27.642119], [-97.252781, 27.641501], [-97.258376, 27.637896], [-97.261173, 27.636881], [-97.261555, 27.636375], [-97.261682, 27.635812], [-97.261936, 27.631193], [-97.26399, 27.629918], [-97.26661, 27.62888], [-97.268719, 27.627986], [-97.270054, 27.625848], [-97.271794, 27.624484], [-97.271456, 27.622091], [-97.271974, 27.62171], [-97.272511, 27.621474]]]}}, {"id": "139", "type": "Feature", "properties": {"name": "SL20060045", "source": "Coastal_Lease_Polygon_C_TCMS", "category": "restoration-area", "acres": 322.37}, "geometry": {"type": "Polygon", "coordinates": [[[-97.270811, 27.602024], [-97.273182, 27.597309], [-97.27016, 27.595441], [-97.267633, 27.59384], [-97.267347, 27.593724], [-97.26481, 27.59292], [-97.264464, 27.593017], [-97.263995, 27.592926], [-97.263872, 27.592783], [-97.26422, 27.5923], [-97.264462, 27.592162], [-97.265049, 27.592144], [-97.267197, 27.592924], [-97.270874, 27.594856], [-97.277519, 27.597185], [-97.282958, 27.599326], [-97.286978, 27.601215], [-97.288255, 27.601591], [-97.288927, 27.601904], [-97.289583, 27.601915], [-97.290133, 27.601801], [-97.291092, 27.600892], [-97.291925, 27.600263], [-97.292142, 27.600422], [-97.291602, 27.601257], [-97.289972, 27.602573], [-97.288263, 27.604024], [-97.285891, 27.604377], [-97.281945, 27.604703], [-97.27703, 27.605184], [-97.273078, 27.6055], [-97.272749, 27.605773], [-97.272439, 27.605805], [-97.272218, 27.605575], [-97.270811, 27.602024]]]}}, {"id": "140", "type": "Feature", "properties": {"name": "SL20060045", "source": "Coastal_Lease_Polygon_C_TCMS", "category": "restoration-area", "acres": 6.67}, "geometry": {"type": "Polygon", "coordinates": [[[-97.285276, 27.553479], [-97.285639, 27.553288], [-97.286223, 27.553286], [-97.286911, 27.553328], [-97.287387, 27.553097], [-97.287103, 27.554009], [-97.286903, 27.554297], [-97.286418, 27.554674], [-97.286001, 27.554797], [-97.285696, 27.554762], [-97.285403, 27.554634], [-97.285212, 27.554099], [-97.285276, 27.553479]]]}}, {"id": "141", "type": "Feature", "properties": {"name": "SL20060045", "source": "Coastal_Lease_Polygon_C_TCMS", "category": "restoration-area", "acres": 1.84}, "geometry": {"type": "Polygon", "coordinates": [[[-97.277695, 27.566318], [-97.277671, 27.566156], [-97.277999, 27.566192], [-97.27833, 27.566326], [-97.27881, 27.566397], [-97.279101, 27.566574], [-97.278663, 27.566861], [-97.278275, 27.567013], [-97.277984, 27.566845], [-97.27777, 27.566548], [-97.277695, 27.566318]]]}}, {"id": "142", "type": "Feature", "properties": {"name": "SL20060045", "source": "Coastal_Lease_Polygon_C_TCMS", "category": "restoration-area", "acres": 1055.8}, "geometry": {"type": "Polygon", "coordinates": [[[-97.244912, 27.641642], [-97.245435, 27.641557], [-97.245888, 27.641661], [-97.246242, 27.641893], [-97.246821, 27.6428], [-97.247343, 27.643791], [-97.247216, 27.645819], [-97.248227, 27.647265], [-97.24866, 27.652958], [-97.254022, 27.65448], [-97.254673, 27.655187], [-97.254323, 27.656284], [-97.255036, 27.657139], [-97.259105, 27.658828], [-97.260865, 27.659721], [-97.26364, 27.660676], [-97.264903, 27.661313], [-97.265179, 27.662026], [-97.26507, 27.662867], [-97.2636, 27.666235], [-97.26172, 27.669401], [-97.2588, 27.672412], [-97.255044, 27.675511], [-97.254045, 27.67618], [-97.253133, 27.676326], [-97.252125, 27.676043], [-97.250558, 27.67478], [-97.249496, 27.673022], [-97.247492, 27.670742], [-97.241008, 27.65356], [-97.240334, 27.652596], [-97.241902, 27.648848], [-97.243032, 27.64533], [-97.243475, 27.644347], [-97.243778, 27.643447], [-97.244272, 27.642177], [-97.244564, 27.641846], [-97.244912, 27.641642]]]}}, {"id": "143", "type": "Feature", "properties": {"name": "SL20060047", "source": "Coastal_Lease_Polygon_C_TCMS", "category": "restoration-area", "acres": 7.08}, "geometry": {"type": "Polygon", "coordinates": [[[-97.304581, 27.682775], [-97.304962, 27.682775], [-97.305359, 27.683295], [-97.305455, 27.683718], [-97.305487, 27.684393], [-97.305407, 27.684633], [-97.304899, 27.684844], [-97.304342, 27.684844], [-97.30412, 27.684604], [-97.303977, 27.684027], [-97.303945, 27.683492], [-97.30404, 27.683112], [-97.304581, 27.682775]]]}}, {"id": "144", "type": "Feature", "properties": {"name": "SL20060047", "source": "Coastal_Lease_Polygon_C_TCMS", "category": "restoration-area", "acres": 9.64}, "geometry": {"type": "Polygon", "coordinates": [[[-97.312051, 27.681818], [-97.312576, 27.681705], [-97.312973, 27.68186], [-97.313132, 27.682212], [-97.3131, 27.684238], [-97.312957, 27.684506], [-97.312592, 27.684562], [-97.311797, 27.68407], [-97.311701, 27.683774], [-97.311654, 27.683211], [-97.311654, 27.682535], [-97.311844, 27.682057], [-97.312051, 27.681818]]]}}, {"id": "145", "type": "Feature", "properties": {"name": "SL20140002", "source": "Coastal_Lease_Polygon_C_TCMS", "category": "restoration-area", "acres": 10.56}, "geometry": {"type": "Polygon", "coordinates": [[[-97.308014, 27.678876], [-97.308109, 27.678651], [-97.307839, 27.678369], [-97.307489, 27.678172], [-97.307537, 27.678046], [-97.30803, 27.678285], [-97.308396, 27.678623], [-97.308793, 27.678608], [-97.309778, 27.679129], [-97.309842, 27.679214], [-97.309762, 27.679298], [-97.309603, 27.679256], [-97.309063, 27.679003], [-97.308697, 27.67889], [-97.30857, 27.678974], [-97.308491, 27.679157], [-97.308459, 27.679368], [-97.308459, 27.679537], [-97.308411, 27.679664], [-97.308221, 27.679777], [-97.307776, 27.679988], [-97.307219, 27.680734], [-97.306615, 27.681367], [-97.305066, 27.683197], [-97.304958, 27.683348], [-97.304944, 27.683512], [-97.30501, 27.683619], [-97.305113, 27.683718], [-97.305155, 27.683816], [-97.305109, 27.683901], [-97.305133, 27.68407], [-97.305082, 27.684225], [-97.30499, 27.68426], [-97.304919, 27.684327], [-97.304819, 27.684534], [-97.304529, 27.684538], [-97.304507, 27.684437], [-97.304576, 27.684296], [-97.304594, 27.684126], [-97.304533, 27.683943], [-97.304533, 27.683633], [-97.304597, 27.683493], [-97.304692, 27.683183], [-97.307251, 27.679805], [-97.307442, 27.679439], [-97.308014, 27.678876]]]}}, {"id": "146", "type": "Feature", "properties": {"name": "SL20060046", "source": "Coastal_Lease_Polygon_C_TCMS", "category": "restoration-area", "acres": 369.99}, "geometry": {"type": "Polygon", "coordinates": [[[-97.488312, 27.860779], [-97.487384, 27.857807], [-97.482122, 27.85534], [-97.476258, 27.852244], [-97.474651, 27.850992], [-97.473688, 27.849734], [-97.473853, 27.849354], [-97.474204, 27.849011], [-97.475319, 27.848054], [-97.476865, 27.847031], [-97.47811, 27.846926], [-97.478961, 27.847325], [-97.478925, 27.848202], [-97.479761, 27.849736], [-97.479972, 27.850802], [-97.483017, 27.852717], [-97.488419, 27.856202], [-97.491662, 27.857789], [-97.497924, 27.858609], [-97.50654, 27.859452], [-97.510477, 27.859764], [-97.51162, 27.86016], [-97.511893, 27.860496], [-97.511569, 27.860753], [-97.509932, 27.860739], [-97.507317, 27.860554], [-97.501371, 27.862461], [-97.492232, 27.863679], [-97.490389, 27.863961], [-97.489651, 27.863695], [-97.489233, 27.86321], [-97.48887, 27.862426], [-97.488312, 27.860779]]]}}, {"id": "147", "type": "Feature", "properties": {"name": "SL20100022", "source": "Coastal_Lease_Polygon_C_TCMS", "category": "restoration-area", "acres": 205.76}, "geometry": {"type": "Polygon", "coordinates": [[[-97.345252, 27.863251], [-97.346397, 27.863223], [-97.346969, 27.863251], [-97.349099, 27.861874], [-97.352214, 27.860188], [-97.352882, 27.860272], [-97.354026, 27.860721], [-97.355011, 27.861368], [-97.354884, 27.861958], [-97.353899, 27.863223], [-97.350847, 27.866454], [-97.349735, 27.867354], [-97.346969, 27.869715], [-97.344712, 27.871035], [-97.343122, 27.871794], [-97.341819, 27.871653], [-97.341024, 27.871401], [-97.341024, 27.870024], [-97.341533, 27.868478], [-97.341247, 27.867888], [-97.341279, 27.867691], [-97.341597, 27.866848], [-97.342709, 27.865696], [-97.343377, 27.864881], [-97.343853, 27.86415], [-97.344553, 27.86356], [-97.345252, 27.863251]]]}}, {"id": "148", "type": "Feature", "properties": {"name": "SL20170050", "source": "Coastal_Lease_Polygon_C_TCMS", "category": "restoration-area", "acres": 3.69}, "geometry": {"type": "Polygon", "coordinates": [[[-97.482169, 27.853052], [-97.482833, 27.852922], [-97.483135, 27.85301], [-97.483254, 27.853144], [-97.483663, 27.853934], [-97.483532, 27.854121], [-97.483131, 27.854229], [-97.482265, 27.853748], [-97.482058, 27.853527], [-97.48205, 27.853302], [-97.482118, 27.853119], [-97.482169, 27.853052]]]}}, {"id": "149", "type": "Feature", "properties": {"name": "SL20140029", "source": "Coastal_Lease_Polygon_C_TCMS", "category": "restoration-area", "acres": 5.87}, "geometry": {"type": "Polygon", "coordinates": [[[-97.477966, 27.85183], [-97.478848, 27.851057], [-97.479031, 27.850997], [-97.479257, 27.850955], [-97.479909, 27.851001], [-97.480465, 27.85138], [-97.480533, 27.85171], [-97.4806, 27.851949], [-97.480612, 27.852153], [-97.480461, 27.852294], [-97.480318, 27.852308], [-97.480187, 27.852251], [-97.480088, 27.852149], [-97.480044, 27.851868], [-97.479988, 27.851672], [-97.479333, 27.851514], [-97.479297, 27.851647], [-97.479015, 27.85184], [-97.478768, 27.851907], [-97.478558, 27.851904], [-97.478415, 27.85184], [-97.478331, 27.851693], [-97.478184, 27.851672], [-97.477946, 27.851897], [-97.477882, 27.852079], [-97.477397, 27.852571], [-97.477191, 27.852564], [-97.476956, 27.852494], [-97.476821, 27.852399], [-97.476793, 27.852315], [-97.476825, 27.852199], [-97.476972, 27.852055], [-97.477139, 27.851946], [-97.477966, 27.85183]]]}}, {"id": "150", "type": "Feature", "properties": {"name": "SL20140029", "source": "Coastal_Lease_Polygon_C_TCMS", "category": "restoration-area", "acres": 7.96}, "geometry": {"type": "Polygon", "coordinates": [[[-97.491782, 27.858589], [-97.491218, 27.858322], [-97.490884, 27.858358], [-97.490288, 27.858519], [-97.489954, 27.858484], [-97.489652, 27.858287], [-97.489692, 27.857922], [-97.490018, 27.857535], [-97.493069, 27.858329], [-97.493363, 27.858639], [-97.493403, 27.858856], [-97.493379, 27.859187], [-97.493157, 27.859334], [-97.492593, 27.859433], [-97.492267, 27.859116], [-97.491782, 27.858589]]]}}, {"id": "151", "type": "Feature", "properties": {"name": "SL20060046", "source": "Coastal_Lease_Polygon_C_TCMS", "category": "restoration-area", "acres": 17.06}, "geometry": {"type": "Polygon", "coordinates": [[[-97.377036, 27.840385], [-97.377703, 27.840371], [-97.377783, 27.840694], [-97.377815, 27.84113], [-97.377576, 27.841242], [-97.377083, 27.841242], [-97.376718, 27.84151], [-97.376543, 27.841819], [-97.376543, 27.842114], [-97.376495, 27.842704], [-97.376241, 27.843533], [-97.375971, 27.843632], [-97.375399, 27.843618], [-97.37489, 27.843351], [-97.374525, 27.842929], [-97.374429, 27.842535], [-97.374397, 27.842184], [-97.374477, 27.84158], [-97.375399, 27.840919], [-97.375971, 27.840596], [-97.377036, 27.840385]]]}}, {"id": "152", "type": "Feature", "properties": {"name": "SL20150041", "source": "Coastal_Lease_Polygon_C_TCMS", "category": "restoration-area", "acres": 41.24}, "geometry": {"type": "Polygon", "coordinates": [[[-97.137889, 27.84655], [-97.139955, 27.845903], [-97.140464, 27.846465], [-97.13932, 27.847224], [-97.13719, 27.848461], [-97.136045, 27.849754], [-97.135918, 27.850597], [-97.135982, 27.851946], [-97.136268, 27.853155], [-97.136649, 27.85456], [-97.136172, 27.855712], [-97.135855, 27.855909], [-97.135537, 27.855909], [-97.135155, 27.854954], [-97.13471, 27.848995], [-97.134869, 27.848517], [-97.136045, 27.847589], [-97.137889, 27.84655]]]}}, {"id": "153", "type": "Feature", "properties": {"name": "SL940017", "source": "Coastal_Lease_Polygon_C_TCMS", "category": "restoration-area", "acres": 13.52}, "geometry": {"type": "Polygon", "coordinates": [[[-97.137103, 27.772069], [-97.137747, 27.771858], [-97.138065, 27.772231], [-97.138343, 27.772358], [-97.138725, 27.772744], [-97.138955, 27.773173], [-97.138462, 27.773476], [-97.137723, 27.773898], [-97.137461, 27.773996], [-97.137588, 27.774411], [-97.13758, 27.774425], [-97.138359, 27.777308], [-97.137596, 27.777448], [-97.136833, 27.774242], [-97.136976, 27.773307], [-97.137437, 27.773173], [-97.137397, 27.772751], [-97.137207, 27.772526], [-97.137286, 27.772224], [-97.137103, 27.772069]]]}}, {"id": "154", "type": "Feature", "properties": {"name": "SL20190048", "source": "Coastal_Lease_Polygon_C_TCMS", "category": "restoration-area", "acres": 0.14}, "geometry": {"type": "Polygon", "coordinates": [[[-97.067368, 27.813924], [-97.067553, 27.813737], [-97.067707, 27.813862], [-97.067506, 27.814043], [-97.067368, 27.813924]]]}}, {"id": "155", "type": "Feature", "properties": {"name": "SL20190048", "source": "Coastal_Lease_Polygon_C_TCMS", "category": "restoration-area", "acres": 0.06}, "geometry": {"type": "Polygon", "coordinates": [[[-97.066949, 27.814288], [-97.067025, 27.814191], [-97.06715, 27.814292], [-97.067114, 27.814403], [-97.066949, 27.814288]]]}}, {"id": "156", "type": "Feature", "properties": {"name": "SL20190048", "source": "Coastal_Lease_Polygon_C_TCMS", "category": "restoration-area", "acres": 0.13}, "geometry": {"type": "Polygon", "coordinates": [[[-97.067096, 27.81413], [-97.067277, 27.813962], [-97.067435, 27.814084], [-97.067226, 27.814244], [-97.067096, 27.81413]]]}}, {"id": "157", "type": "Feature", "properties": {"name": "SL20190048", "source": "Coastal_Lease_Polygon_C_TCMS", "category": "restoration-area", "acres": 0.06}, "geometry": {"type": "Polygon", "coordinates": [[[-97.067261, 27.814284], [-97.067416, 27.814214], [-97.067492, 27.814283], [-97.067465, 27.814347], [-97.067405, 27.814386], [-97.067261, 27.814284]]]}}, {"id": "158", "type": "Feature", "properties": {"name": "SL20190048", "source": "Coastal_Lease_Polygon_C_TCMS", "category": "restoration-area", "acres": 0.0}, "geometry": {"type": "Polygon", "coordinates": [[[-97.067467, 27.814384], [-97.067495, 27.814371], [-97.067461, 27.814408], [-97.067467, 27.814384]]]}}, {"id": "159", "type": "Feature", "properties": {"name": "CL890001", "source": "Coastal_Lease_Polygon_C_TCMS", "category": "restoration-area", "acres": 4.09}, "geometry": {"type": "Polygon", "coordinates": [[[-97.385803, 27.768631], [-97.385754, 27.768614], [-97.385704, 27.768617], [-97.385647, 27.768654], [-97.385599, 27.768712], [-97.385489, 27.768752], [-97.385354, 27.768754], [-97.385245, 27.768694], [-97.385066, 27.768522], [-97.384951, 27.768564], [-97.384911, 27.768459], [-97.385011, 27.768424], [-97.384701, 27.767858], [-97.384132, 27.767186], [-97.383981, 27.767112], [-97.383735, 27.767144], [-97.383711, 27.767119], [-97.383803, 27.766929], [-97.383703, 27.766669], [-97.383374, 27.766254], [-97.382726, 27.765741], [-97.382527, 27.765692], [-97.382432, 27.765604], [-97.382344, 27.76546], [-97.382249, 27.765344], [-97.381911, 27.765105], [-97.381595, 27.764923], [-97.381685, 27.764837], [-97.382108, 27.765129], [-97.382408, 27.765294], [-97.382553, 27.765505], [-97.382688, 27.765606], [-97.382887, 27.765679], [-97.383377, 27.766047], [-97.383654, 27.766358], [-97.383898, 27.766701], [-97.383962, 27.766929], [-97.384007, 27.76697], [-97.384085, 27.766984], [-97.384285, 27.767089], [-97.384766, 27.767594], [-97.385207, 27.768396], [-97.385224, 27.768476], [-97.385337, 27.768601], [-97.385396, 27.768638], [-97.385468, 27.768621], [-97.385722, 27.76851], [-97.385819, 27.768508], [-97.385958, 27.768538], [-97.386062, 27.768585], [-97.386337, 27.768846], [-97.386531, 27.769123], [-97.386606, 27.769281], [-97.386779, 27.769473], [-97.387067, 27.769748], [-97.388247, 27.77069], [-97.388315, 27.770767], [-97.388349, 27.770878], [-97.388449, 27.771446], [-97.388462, 27.771602], [-97.388434, 27.771746], [-97.388386, 27.771868], [-97.388255, 27.772114], [-97.388194, 27.772351], [-97.388184, 27.772599], [-97.388203, 27.772761], [-97.388247, 27.772922], [-97.388329, 27.773116], [-97.388442, 27.773307], [-97.38837, 27.773348], [-97.388239, 27.773142], [-97.38816, 27.772945], [-97.388108, 27.772704], [-97.388096, 27.772472], [-97.388114, 27.77227], [-97.388213, 27.772001], [-97.388347, 27.77178], [-97.388382, 27.771629], [-97.388376, 27.771477], [-97.388275, 27.770903], [-97.388231, 27.770797], [-97.388039, 27.770623], [-97.387025, 27.769823], [-97.386521, 27.769338], [-97.38635, 27.769141], [-97.386235, 27.768948], [-97.386111, 27.768835], [-97.385803, 27.768631]]]}}, {"id": "160", "type": "Feature", "properties": {"name": "SL20170051", "source": "Coastal_Lease_Polygon_C_TCMS", "category": "restoration-area", "acres": 27.85}, "geometry": {"type": "Polygon", "coordinates": [[[-96.607082, 28.658341], [-96.61015, 28.658303], [-96.6103, 28.661617], [-96.607082, 28.661636], [-96.607082, 28.658341]]]}}, {"id": "161", "type": "Feature", "properties": {"name": "SL20170026", "source": "Coastal_Lease_Polygon_C_TCMS", "category": "restoration-area", "acres": 26.5}, "geometry": {"type": "Polygon", "coordinates": [[[-96.971796, 28.151702], [-96.973749, 28.151721], [-96.973867, 28.152515], [-96.973749, 28.15279], [-96.973899, 28.153168], [-96.973888, 28.153575], [-96.973523, 28.154114], [-96.973523, 28.154511], [-96.973223, 28.154757], [-96.973008, 28.155013], [-96.973201, 28.155155], [-96.973244, 28.155457], [-96.973148, 28.155684], [-96.972944, 28.155892], [-96.972697, 28.156091], [-96.969554, 28.156072], [-96.971002, 28.154871], [-96.971646, 28.154114], [-96.971839, 28.153111], [-96.971828, 28.152326], [-96.971796, 28.151702]]]}}, {"id": "162", "type": "Feature", "properties": {"name": "SL20180012", "source": "Coastal_Lease_Polygon_C_TCMS", "category": "restoration-area", "acres": 0.16}, "geometry": {"type": "Polygon", "coordinates": [[[-96.397333, 28.629141], [-96.397792, 28.628129], [-96.397837, 28.628147], [-96.397389, 28.629162], [-96.397333, 28.629141]]]}}, {"id": "163", "type": "Feature", "properties": {"name": "CE20200017", "source": "Coastal_Lease_Polygon_C_TCMS", "category": "restoration-area", "acres": 3.83}, "geometry": {"type": "Polygon", "coordinates": [[[-97.039107, 28.120112], [-97.03897, 28.119567], [-97.037992, 28.119507], [-97.037562, 28.11959], [-97.036412, 28.118848], [-97.036635, 28.118712], [-97.037734, 28.119189], [-97.038996, 28.119226], [-97.039451, 28.119643], [-97.040215, 28.11959], [-97.040275, 28.119885], [-97.039107, 28.120112]]]}}, {"id": "164", "type": "Feature", "properties": {"name": "CE20200017", "source": "Coastal_Lease_Polygon_C_TCMS", "category": "restoration-area", "acres": 4.04}, "geometry": {"type": "Polygon", "coordinates": [[[-97.036738, 28.118288], [-97.03697, 28.117932], [-97.037399, 28.118136], [-97.037571, 28.117856], [-97.037734, 28.117932], [-97.03782, 28.117591], [-97.037597, 28.117228], [-97.037279, 28.117031], [-97.037442, 28.116902], [-97.037777, 28.117122], [-97.037923, 28.11741], [-97.038266, 28.117599], [-97.03921, 28.117697], [-97.039957, 28.117849], [-97.040961, 28.117977], [-97.04097, 28.118129], [-97.040464, 28.118091], [-97.039116, 28.117871], [-97.038378, 28.117841], [-97.038069, 28.117947], [-97.037983, 28.11803], [-97.038112, 28.118152], [-97.037717, 28.118719], [-97.036738, 28.118288]]]}}, {"id": "165", "type": "Feature", "properties": {"name": "CE20000239", "source": "Coastal_Lease_Polygon_C_TCMS", "category": "restoration-area", "acres": 2.57}, "geometry": {"type": "Polygon", "coordinates": [[[-97.086338, 28.078845], [-97.086666, 28.07885], [-97.087615, 28.079079], [-97.08769, 28.079144], [-97.085302, 28.079449], [-97.085222, 28.078871], [-97.086338, 28.078845]]]}}, {"id": "166", "type": "Feature", "properties": {"name": "SL20200036", "source": "Coastal_Lease_Polygon_C_TCMS", "category": "restoration-area", "acres": 0.11}, "geometry": {"type": "Polygon", "coordinates": [[[-97.067303, 27.814592], [-97.067238, 27.814551], [-97.067163, 27.814543], [-97.066908, 27.814391], [-97.066951, 27.814306], [-97.067351, 27.814538], [-97.067303, 27.814592]]]}}, {"id": "167", "type": "Feature", "properties": {"name": "SL20150040", "source": "Coastal_Lease_Polygon_C_TCMS", "category": "restoration-area", "acres": 0.03}, "geometry": {"type": "Polygon", "coordinates": [[[-96.977934, 28.13044], [-96.978215, 28.130328], [-96.97816, 28.130441], [-96.977934, 28.13044]]]}}, {"id": "168", "type": "Feature", "properties": {"name": "SL20150040", "source": "Coastal_Lease_Polygon_C_TCMS", "category": "restoration-area", "acres": 0.24}, "geometry": {"type": "Polygon", "coordinates": [[[-96.977159, 28.130884], [-96.977686, 28.130577], [-96.977674, 28.130716], [-96.977771, 28.130745], [-96.977464, 28.13094], [-96.977159, 28.130884]]]}}, {"id": "169", "type": "Feature", "properties": {"name": "SL20150040", "source": "Coastal_Lease_Polygon_C_TCMS", "category": "restoration-area", "acres": 6.25}, "geometry": {"type": "Polygon", "coordinates": [[[-96.978592, 28.128219], [-96.978691, 28.12819], [-96.980158, 28.128263], [-96.980276, 28.128301], [-96.980657, 28.128536], [-96.980692, 28.128614], [-96.980711, 28.128871], [-96.980654, 28.129023], [-96.980188, 28.129257], [-96.978412, 28.12925], [-96.978216, 28.129115], [-96.978179, 28.129006], [-96.978149, 28.128793], [-96.978498, 28.128275], [-96.978592, 28.128219]]]}}, {"id": "170", "type": "Feature", "properties": {"name": "SL20200014", "source": "Coastal_Lease_Polygon_C_TCMS", "category": "restoration-area", "acres": 4.0}, "geometry": {"type": "Polygon", "coordinates": [[[-96.237556, 28.691188], [-96.239989, 28.690723], [-96.240107, 28.69132], [-96.237669, 28.691774], [-96.237556, 28.691188]]]}}, {"id": "171", "type": "Feature", "properties": {"name": "SL20200029", "source": "Coastal_Lease_Polygon_C_TCMS", "category": "restoration-area", "acres": 320.39}, "geometry": {"type": "Polygon", "coordinates": [[[-96.472143, 28.597124], [-96.486348, 28.597068], [-96.481928, 28.609539], [-96.475941, 28.608277], [-96.472143, 28.597124]]]}}, {"id": "172", "type": "Feature", "properties": {"name": "SL20100057", "source": "Coastal_Lease_Polygon_C_TCMS", "category": "restoration-area", "acres": 3.89}, "geometry": {"type": "Polygon", "coordinates": [[[-97.052648, 28.135332], [-97.053273, 28.134092], [-97.054231, 28.134459], [-97.053622, 28.135727], [-97.052648, 28.135332]]]}}, {"id": "173", "type": "Feature", "properties": {"name": "SL20100057", "source": "Coastal_Lease_Polygon_C_TCMS", "category": "restoration-area", "acres": 10.15}, "geometry": {"type": "Polygon", "coordinates": [[[-97.052536, 28.137065], [-97.054451, 28.136436], [-97.05517, 28.138172], [-97.053249, 28.138792], [-97.052536, 28.137065]]]}}, {"id": "174", "type": "Feature", "properties": {"name": "CE19990530", "source": "Coastal_Lease_Polygon_C_TCMS", "category": "restoration-area", "acres": 2.61}, "geometry": {"type": "Polygon", "coordinates": [[[-97.28887, 27.626277], [-97.289214, 27.625865], [-97.291002, 27.62679], [-97.290773, 27.627145], [-97.28887, 27.626277]]]}}, {"id": "175", "type": "Feature", "properties": {"name": "LC20200014", "source": "Coastal_Lease_Polygon_C_TCMS", "category": "restoration-area", "acres": 1.44}, "geometry": {"type": "Polygon", "coordinates": [[[-97.169121, 26.102723], [-97.169336, 26.10261], [-97.170373, 26.104142], [-97.170284, 26.104264], [-97.17011, 26.104312], [-97.169121, 26.102723]]]}}, {"id": "176", "type": "Feature", "properties": {"name": "SL20200046", "source": "Coastal_Lease_Polygon_C_TCMS", "category": "restoration-area", "acres": 186.9}, "geometry": {"type": "Polygon", "coordinates": [[[-96.947292, 28.1089], [-96.955403, 28.099606], [-96.96008, 28.102843], [-96.951926, 28.112098], [-96.947292, 28.1089]]]}}, {"id": "177", "type": "Feature", "properties": {"name": "CL20210004", "source": "Coastal_Lease_Polygon_C_TCMS", "category": "restoration-area", "acres": 201.65}, "geometry": {"type": "Polygon", "coordinates": [[[-96.462919, 28.3336], [-96.463949, 28.333373], [-96.46515, 28.341608], [-96.489011, 28.358906], [-96.479913, 28.408442], [-96.479227, 28.408744], [-96.480477, 28.400362], [-96.487981, 28.359132], [-96.464121, 28.341608], [-96.462919, 28.3336]]]}}, {"id": "178", "type": "Feature", "properties": {"name": "SL20200034", "source": "Coastal_Lease_Polygon_C_TCMS", "category": "restoration-area", "acres": 3.41}, "geometry": {"type": "Polygon", "coordinates": [[[-96.606824, 28.686269], [-96.608645, 28.685104], [-96.609021, 28.685561], [-96.607202, 28.686728], [-96.606824, 28.686269]]]}}, {"id": "179", "type": "Feature", "properties": {"name": "SL20210012", "source": "Coastal_Lease_Polygon_C_TCMS", "category": "restoration-area", "acres": 0.01}, "geometry": {"type": "Polygon", "coordinates": [[[-97.277161, 27.659785], [-97.277045, 27.659424], [-97.277057, 27.65942], [-97.27709, 27.659436], [-97.277086, 27.65951], [-97.277161, 27.659785]]]}}, {"id": "180", "type": "Feature", "properties": {"name": "SL20210012", "source": "Coastal_Lease_Polygon_C_TCMS", "category": "restoration-area", "acres": 0.05}, "geometry": {"type": "Polygon", "coordinates": [[[-97.277159, 27.657712], [-97.277345, 27.657098], [-97.27734, 27.6572], [-97.27724, 27.657594], [-97.277197, 27.657695], [-97.277159, 27.657712]]]}}, {"id": "181", "type": "Feature", "properties": {"name": "SL20210012", "source": "Coastal_Lease_Polygon_C_TCMS", "category": "restoration-area", "acres": 0.01}, "geometry": {"type": "Polygon", "coordinates": [[[-97.285425, 27.642189], [-97.285559, 27.641975], [-97.28556, 27.641975], [-97.285466, 27.642162], [-97.285425, 27.642189]]]}}, {"id": "182", "type": "Feature", "properties": {"name": "SL20210014", "source": "Coastal_Lease_Polygon_C_TCMS", "category": "restoration-area", "acres": 0.3}, "geometry": {"type": "Polygon", "coordinates": [[[-97.323123, 27.716567], [-97.323465, 27.716242], [-97.323658, 27.716378], [-97.323316, 27.716713], [-97.323123, 27.716567]]]}}, {"id": "183", "type": "Feature", "properties": {"name": "SL20110035", "source": "Coastal_Lease_Polygon_C_TCMS", "category": "restoration-area", "acres": 1.16}, "geometry": {"type": "Polygon", "coordinates": [[[-96.97929, 28.126064], [-96.979599, 28.125799], [-96.980398, 28.126658], [-96.980089, 28.126838], [-96.97929, 28.126064]]]}}, {"id": "184", "type": "Feature", "properties": {"name": "SL20110035", "source": "Coastal_Lease_Polygon_C_TCMS", "category": "restoration-area", "acres": 10.97}, "geometry": {"type": "Polygon", "coordinates": [[[-96.985493, 28.123653], [-96.986587, 28.1229], [-96.988701, 28.125228], [-96.987692, 28.12598], [-96.985493, 28.123653]]]}}, {"id": "185", "type": "Feature", "properties": {"name": "SL20120017", "source": "Coastal_Lease_Polygon_C_TCMS", "category": "restoration-area", "acres": 1.65}, "geometry": {"type": "Polygon", "coordinates": [[[-97.175389, 27.759448], [-97.175485, 27.75942], [-97.175603, 27.759458], [-97.1757, 27.759591], [-97.174724, 27.760891], [-97.174627, 27.760986], [-97.174487, 27.760977], [-97.174391, 27.760939], [-97.174337, 27.760853], [-97.175389, 27.759448]]]}}, {"id": "186", "type": "Feature", "properties": {"name": "SL20050023", "source": "Coastal_Lease_Polygon_C_TCMS", "category": "restoration-area", "acres": 1.31}, "geometry": {"type": "Polygon", "coordinates": [[[-97.173436, 27.761727], [-97.174176, 27.76091], [-97.174273, 27.76092], [-97.174369, 27.760967], [-97.174455, 27.761034], [-97.174455, 27.761186], [-97.174155, 27.761508], [-97.173694, 27.761964], [-97.173608, 27.762002], [-97.173479, 27.761993], [-97.173382, 27.761936], [-97.173382, 27.761831], [-97.173436, 27.761727]]]}}, {"id": "187", "type": "Feature", "properties": {"name": "SL20120037", "source": "Coastal_Lease_Polygon_C_TCMS", "category": "restoration-area", "acres": 2.37}, "geometry": {"type": "Polygon", "coordinates": [[[-97.171988, 27.762951], [-97.173136, 27.761879], [-97.173361, 27.761936], [-97.173425, 27.762059], [-97.173404, 27.762182], [-97.172181, 27.763398], [-97.171934, 27.763493], [-97.171859, 27.763464], [-97.171741, 27.763322], [-97.171752, 27.763227], [-97.171988, 27.762951]]]}}, {"id": "188", "type": "Feature", "properties": {"name": "SL20050023", "source": "Coastal_Lease_Polygon_C_TCMS", "category": "restoration-area", "acres": 8.22}, "geometry": {"type": "Polygon", "coordinates": [[[-97.16584, 27.76597], [-97.165926, 27.765913], [-97.166977, 27.765961], [-97.167707, 27.765942], [-97.168737, 27.765648], [-97.169338, 27.765325], [-97.170003, 27.764841], [-97.170561, 27.76429], [-97.171526, 27.763284], [-97.171719, 27.763341], [-97.171784, 27.763483], [-97.171784, 27.76355], [-97.171612, 27.763701], [-97.171054, 27.764338], [-97.170325, 27.765116], [-97.169692, 27.765667], [-97.169209, 27.765999], [-97.168512, 27.766265], [-97.167793, 27.766388], [-97.167042, 27.766417], [-97.166473, 27.766417], [-97.166076, 27.766341], [-97.165894, 27.766265], [-97.165808, 27.766179], [-97.165808, 27.766075], [-97.16584, 27.76597]]]}}, {"id": "189", "type": "Feature", "properties": {"name": "SL20120017", "source": "Coastal_Lease_Polygon_C_TCMS", "category": "restoration-area", "acres": 13.93}, "geometry": {"type": "Polygon", "coordinates": [[[-97.162814, 27.767328], [-97.162664, 27.767015], [-97.162042, 27.764784], [-97.161988, 27.764432], [-97.161945, 27.763825], [-97.161967, 27.763312], [-97.162063, 27.762743], [-97.162171, 27.762439], [-97.1623, 27.762287], [-97.1629, 27.76223], [-97.163061, 27.762059], [-97.163254, 27.761888], [-97.163394, 27.761822], [-97.163566, 27.761793], [-97.163684, 27.761879], [-97.163759, 27.762021], [-97.163737, 27.762144], [-97.163126, 27.762705], [-97.162654, 27.762885], [-97.162578, 27.763815], [-97.162664, 27.764565], [-97.163051, 27.766094], [-97.163265, 27.76672], [-97.163437, 27.76692], [-97.163587, 27.767005], [-97.163802, 27.767072], [-97.164338, 27.766996], [-97.164756, 27.766891], [-97.165529, 27.766635], [-97.165937, 27.766436], [-97.166044, 27.766417], [-97.166173, 27.766436], [-97.166344, 27.766512], [-97.166344, 27.766606], [-97.166162, 27.766815], [-97.165271, 27.767129], [-97.164338, 27.767394], [-97.16348, 27.767508], [-97.163158, 27.767489], [-97.162814, 27.767328]]]}}, {"id": "190", "type": "Feature", "properties": {"name": "SL20220003", "source": "Coastal_Lease_Polygon_C_TCMS", "category": "restoration-area", "acres": 15.27}, "geometry": {"type": "Polygon", "coordinates": [[[-97.0997, 27.813237], [-97.100043, 27.813232], [-97.100742, 27.813595], [-97.100984, 27.813757], [-97.101292, 27.813867], [-97.101527, 27.813995], [-97.102054, 27.814381], [-97.102376, 27.814593], [-97.102539, 27.814825], [-97.101734, 27.815281], [-97.101186, 27.815522], [-97.1009, 27.81563], [-97.100588, 27.815458], [-97.100271, 27.815318], [-97.098962, 27.814478], [-97.098453, 27.814132], [-97.098093, 27.813836], [-97.098374, 27.813559], [-97.099166, 27.813351], [-97.099465, 27.813332], [-97.0997, 27.813237]]]}}, {"id": "191", "type": "Feature", "properties": {"name": "SL201200119", "source": "Coastal_Lease_Polygon_C_TCMS", "category": "restoration-area", "acres": 1.03}, "geometry": {"type": "Polygon", "coordinates": [[[-97.047502, 27.835374], [-97.047639, 27.835352], [-97.047717, 27.835378], [-97.048403, 27.835736], [-97.048162, 27.836052], [-97.047486, 27.835739], [-97.047424, 27.835691], [-97.047387, 27.835625], [-97.047395, 27.835487], [-97.047427, 27.83543], [-97.047502, 27.835374]]]}}, {"id": "192", "type": "Feature", "properties": {"name": "SL20120019", "source": "Coastal_Lease_Polygon_C_TCMS", "category": "restoration-area", "acres": 1.65}, "geometry": {"type": "Polygon", "coordinates": [[[-97.058733, 27.822978], [-97.058803, 27.822954], [-97.05883, 27.822963], [-97.058831, 27.823004], [-97.058796, 27.82306], [-97.058464, 27.82332], [-97.057711, 27.82423], [-97.056606, 27.825198], [-97.055091, 27.826705], [-97.055027, 27.826738], [-97.054984, 27.826713], [-97.054986, 27.826647], [-97.055901, 27.82572], [-97.056512, 27.825132], [-97.057612, 27.824169], [-97.058336, 27.823301], [-97.058733, 27.822978]]]}}, {"id": "193", "type": "Feature", "properties": {"name": "SL20120019", "source": "Coastal_Lease_Polygon_C_TCMS", "category": "restoration-area", "acres": 1.05}, "geometry": {"type": "Polygon", "coordinates": [[[-97.061669, 27.820016], [-97.061733, 27.819982], [-97.061782, 27.819992], [-97.061798, 27.820011], [-97.061798, 27.820049], [-97.061546, 27.820329], [-97.061165, 27.820637], [-97.05992, 27.821894], [-97.059427, 27.822502], [-97.059346, 27.822506], [-97.059319, 27.822483], [-97.059341, 27.822416], [-97.059394, 27.822345], [-97.059807, 27.821856], [-97.061106, 27.820547], [-97.061444, 27.820248], [-97.061669, 27.820016]]]}}, {"id": "194", "type": "Feature", "properties": {"name": "SL20120019", "source": "Coastal_Lease_Polygon_C_TCMS", "category": "restoration-area", "acres": 0.51}, "geometry": {"type": "Polygon", "coordinates": [[[-97.070302, 27.810648], [-97.070354, 27.810641], [-97.070385, 27.810671], [-97.07039, 27.810729], [-97.069382, 27.811811], [-97.069334, 27.81183], [-97.069301, 27.811823], [-97.06928, 27.811799], [-97.069283, 27.811733], [-97.070302, 27.810648]]]}}, {"id": "195", "type": "Feature", "properties": {"name": "SL20120019", "source": "Coastal_Lease_Polygon_C_TCMS", "category": "restoration-area", "acres": 1.06}, "geometry": {"type": "Polygon", "coordinates": [[[-97.072177, 27.808572], [-97.072273, 27.808577], [-97.072295, 27.8086], [-97.072284, 27.808653], [-97.072257, 27.808686], [-97.070643, 27.81046], [-97.070584, 27.810498], [-97.070525, 27.810508], [-97.070498, 27.810494], [-97.070498, 27.81038], [-97.072139, 27.808596], [-97.072177, 27.808572]]]}}, {"id": "196", "type": "Feature", "properties": {"name": "SL20120019", "source": "Coastal_Lease_Polygon_C_TCMS", "category": "restoration-area", "acres": 0.65}, "geometry": {"type": "Polygon", "coordinates": [[[-97.073631, 27.806954], [-97.073695, 27.806935], [-97.073749, 27.806978], [-97.073716, 27.807044], [-97.07245, 27.808425], [-97.072413, 27.808463], [-97.072343, 27.808453], [-97.072349, 27.808363], [-97.073631, 27.806954]]]}}, {"id": "197", "type": "Feature", "properties": {"name": "CL19990014", "source": "Coastal_Lease_Polygon_C_TCMS", "category": "restoration-area", "acres": 5.85}, "geometry": {"type": "Polygon", "coordinates": [[[-96.208711, 28.703635], [-96.208529, 28.703643], [-96.208481, 28.703606], [-96.2085, 28.703534], [-96.208586, 28.703498], [-96.208619, 28.703399], [-96.208623, 28.703298], [-96.208562, 28.703026], [-96.208498, 28.702974], [-96.208395, 28.702999], [-96.208315, 28.702987], [-96.208299, 28.702945], [-96.208304, 28.702893], [-96.208438, 28.702843], [-96.208483, 28.702777], [-96.208479, 28.702688], [-96.208428, 28.702608], [-96.208361, 28.702567], [-96.208239, 28.702547], [-96.208205, 28.702507], [-96.208192, 28.702455], [-96.208225, 28.702414], [-96.208307, 28.702397], [-96.208356, 28.702357], [-96.208379, 28.702286], [-96.208377, 28.702154], [-96.208329, 28.701983], [-96.208109, 28.700532], [-96.207914, 28.699009], [-96.207755, 28.698945], [-96.207735, 28.698889], [-96.207758, 28.698824], [-96.207862, 28.698804], [-96.207859, 28.6987], [-96.207901, 28.698546], [-96.207819, 28.698327], [-96.207601, 28.698388], [-96.207499, 28.698462], [-96.207374, 28.69843], [-96.207383, 28.698309], [-96.20751, 28.698207], [-96.207723, 28.698162], [-96.207722, 28.697966], [-96.207901, 28.697764], [-96.208303, 28.697608], [-96.208801, 28.69749], [-96.20973, 28.697584], [-96.21312, 28.69805], [-96.213173, 28.698014], [-96.213254, 28.697875], [-96.213356, 28.697852], [-96.213424, 28.697892], [-96.213437, 28.69807], [-96.213963, 28.698175], [-96.214051, 28.698112], [-96.214161, 28.69797], [-96.214302, 28.698001], [-96.214309, 28.698163], [-96.214464, 28.698201], [-96.215137, 28.698215], [-96.215549, 28.698364], [-96.215745, 28.698373], [-96.215825, 28.698345], [-96.215862, 28.698288], [-96.21588, 28.698203], [-96.216005, 28.698156], [-96.216096, 28.698214], [-96.21612, 28.698318], [-96.216203, 28.698375], [-96.216301, 28.698395], [-96.216395, 28.698358], [-96.216477, 28.698265], [-96.216558, 28.698229], [-96.21666, 28.698295], [-96.216719, 28.698431], [-96.217073, 28.698497], [-96.217476, 28.698469], [-96.217894, 28.698403], [-96.218356, 28.698215], [-96.218377, 28.698299], [-96.218329, 28.698633], [-96.218173, 28.698737], [-96.217953, 28.69877], [-96.217712, 28.698775], [-96.216848, 28.698676], [-96.214246, 28.698304], [-96.213328, 28.698164], [-96.213021, 28.698082], [-96.209844, 28.697632], [-96.209126, 28.697563], [-96.208709, 28.69757], [-96.208096, 28.697722], [-96.207912, 28.697849], [-96.207809, 28.69795], [-96.207839, 28.698188], [-96.207921, 28.698434], [-96.207957, 28.698972], [-96.208086, 28.699844], [-96.208178, 28.700665], [-96.208296, 28.701499], [-96.208552, 28.702817], [-96.208872, 28.703997], [-96.209212, 28.704628], [-96.208835, 28.704769], [-96.208761, 28.704618], [-96.208836, 28.70439], [-96.208936, 28.704212], [-96.208844, 28.704029], [-96.208711, 28.703635]]]}}, {"id": "198", "type": "Feature", "properties": {"name": "SL20220002", "source": "Coastal_Lease_Polygon_C_TCMS", "category": "restoration-area", "acres": 4.72}, "geometry": {"type": "Polygon", "coordinates": [[[-97.107623, 27.830338], [-97.107548, 27.8302], [-97.10758, 27.830129], [-97.10765, 27.830091], [-97.107773, 27.830129], [-97.107816, 27.830167], [-97.107816, 27.830238], [-97.107886, 27.830295], [-97.107982, 27.830281], [-97.107961, 27.830177], [-97.107891, 27.830001], [-97.107886, 27.829906], [-97.107956, 27.829774], [-97.108379, 27.829522], [-97.108449, 27.829437], [-97.1089, 27.829181], [-97.109232, 27.829266], [-97.109747, 27.829309], [-97.109801, 27.82974], [-97.109404, 27.829873], [-97.108782, 27.830352], [-97.108535, 27.830476], [-97.108589, 27.830756], [-97.108315, 27.830803], [-97.108031, 27.830504], [-97.107709, 27.83039], [-97.107623, 27.830338]]]}}, {"id": "199", "type": "Feature", "properties": {"name": "SL20220002", "source": "Coastal_Lease_Polygon_C_TCMS", "category": "restoration-area", "acres": 2.38}, "geometry": {"type": "Polygon", "coordinates": [[[-97.097248, 27.816753], [-97.096908, 27.816478], [-97.096808, 27.816316], [-97.096827, 27.816276], [-97.096865, 27.816269], [-97.097026, 27.816433], [-97.097066, 27.816518], [-97.09716, 27.816558], [-97.097184, 27.816499], [-97.097211, 27.816506], [-97.097256, 27.816461], [-97.097256, 27.816411], [-97.097179, 27.81634], [-97.097246, 27.816307], [-97.097294, 27.816324], [-97.097318, 27.8163], [-97.097315, 27.816252], [-97.097345, 27.816233], [-97.097412, 27.816259], [-97.097449, 27.816312], [-97.097551, 27.816347], [-97.097685, 27.81634], [-97.097932, 27.816369], [-97.098308, 27.816319], [-97.098418, 27.816278], [-97.098536, 27.816259], [-97.098616, 27.816222], [-97.098705, 27.81621], [-97.098815, 27.81615], [-97.099088, 27.816077], [-97.099311, 27.816065], [-97.099362, 27.816025], [-97.099375, 27.815965], [-97.099407, 27.815961], [-97.099708, 27.816153], [-97.098002, 27.816753], [-97.097506, 27.816796], [-97.097248, 27.816753]]]}}, {"id": "200", "type": "Feature", "properties": {"name": "SL20220003", "source": "Coastal_Lease_Polygon_C_TCMS", "category": "restoration-area", "acres": 21.85}, "geometry": {"type": "MultiPolygon", "coordinates": [[[[-97.106469, 27.833389], [-97.106472, 27.833388], [-97.106472, 27.833403], [-97.106469, 27.833389]]], [[[-97.106469, 27.833389], [-97.106151, 27.833455], [-97.105308, 27.830177], [-97.104767, 27.827957], [-97.104198, 27.825461], [-97.103726, 27.823336], [-97.103382, 27.821552], [-97.103136, 27.82065], [-97.102696, 27.818497], [-97.102546, 27.818051], [-97.102095, 27.817263], [-97.101612, 27.81677], [-97.100539, 27.816039], [-97.093887, 27.811864], [-97.094059, 27.811626], [-97.097299, 27.813657], [-97.101505, 27.816324], [-97.102342, 27.817149], [-97.102717, 27.817728], [-97.102953, 27.818364], [-97.104241, 27.824237], [-97.10556, 27.829826], [-97.106469, 27.833389]]]]}}, {"id": "201", "type": "Feature", "properties": {"name": "SL20210007", "source": "Coastal_Lease_Polygon_C_TCMS", "category": "restoration-area", "acres": 0.23}, "geometry": {"type": "Polygon", "coordinates": [[[-97.277418, 27.656644], [-97.277375, 27.656549], [-97.277504, 27.656602], [-97.27715, 27.657861], [-97.276968, 27.657903], [-97.276989, 27.657823], [-97.277102, 27.657709], [-97.277193, 27.657528], [-97.277397, 27.656872], [-97.277418, 27.656644]]]}}, {"id": "202", "type": "Feature", "properties": {"name": "CL20080005", "source": "Coastal_Lease_Polygon_C_TCMS", "category": "restoration-area", "acres": 1.57}, "geometry": {"type": "Polygon", "coordinates": [[[-97.202623, 27.640861], [-97.2028, 27.640481], [-97.203326, 27.640604], [-97.203396, 27.640538], [-97.203455, 27.640554], [-97.203495, 27.64059], [-97.203527, 27.640946], [-97.203455, 27.641129], [-97.203232, 27.641374], [-97.202945, 27.641541], [-97.202849, 27.641526], [-97.202763, 27.641488], [-97.20301, 27.641051], [-97.202623, 27.640861]]]}}, {"id": "203", "type": "Feature", "properties": {"name": "SD20010003", "source": "Coastal_Lease_Polygon_C_TCMS", "category": "restoration-area", "acres": 12.86}, "geometry": {"type": "Polygon", "coordinates": [[[-97.319318, 27.714807], [-97.319533, 27.714123], [-97.323234, 27.715719], [-97.322719, 27.716375], [-97.322086, 27.716488], [-97.321335, 27.716327], [-97.320123, 27.715928], [-97.319372, 27.715339], [-97.319318, 27.714807]]]}}, {"id": "204", "type": "Feature", "properties": {"name": "SL20100041", "source": "Coastal_Lease_Polygon_C_TCMS", "category": "restoration-area", "acres": 18.34}, "geometry": {"type": "Polygon", "coordinates": [[[-96.848233, 28.172893], [-96.852685, 28.171588], [-96.853168, 28.172987], [-96.848844, 28.174274], [-96.848233, 28.172893]]]}}, {"id": "205", "type": "Feature", "properties": {"name": "SL20160038", "source": "Coastal_Lease_Polygon_C_TCMS", "category": "restoration-area", "acres": 44.15}, "geometry": {"type": "Polygon", "coordinates": [[[-96.354925, 28.628149], [-96.359474, 28.626454], [-96.360268, 28.626266], [-96.361019, 28.626228], [-96.361534, 28.626266], [-96.363851, 28.627057], [-96.363529, 28.627622], [-96.3631, 28.627452], [-96.362435, 28.627094], [-96.361534, 28.626981], [-96.359924, 28.627132], [-96.358658, 28.627546], [-96.356598, 28.628432], [-96.346535, 28.63314], [-96.345848, 28.632368], [-96.354925, 28.628149]]]}}, {"id": "206", "type": "Feature", "properties": {"name": "CL20010003", "source": "Coastal_Lease_Polygon_C_TCMS", "category": "restoration-area", "acres": 0.75}, "geometry": {"type": "Polygon", "coordinates": [[[-96.400987, 28.736423], [-96.401698, 28.736362], [-96.401561, 28.736799], [-96.401196, 28.736778], [-96.400891, 28.736707], [-96.400789, 28.736644], [-96.400987, 28.736423]]]}}, {"id": "207", "type": "Feature", "properties": {"name": "SL980021", "source": "Coastal_Lease_Polygon_C_TCMS", "category": "restoration-area", "acres": 13.78}, "geometry": {"type": "Polygon", "coordinates": [[[-96.196334, 28.735065], [-96.196505, 28.734895], [-96.196613, 28.734952], [-96.196591, 28.736306], [-96.196634, 28.737021], [-96.19642, 28.738677], [-96.195561, 28.740013], [-96.194596, 28.741763], [-96.194274, 28.742026], [-96.193845, 28.74197], [-96.195154, 28.740107], [-96.195218, 28.739862], [-96.195218, 28.739561], [-96.195475, 28.738188], [-96.195475, 28.737341], [-96.19569, 28.73672], [-96.195669, 28.736382], [-96.195969, 28.735648], [-96.196334, 28.735065]]]}}, {"id": "208", "type": "Feature", "properties": {"name": "SL980020", "source": "Coastal_Lease_Polygon_C_TCMS", "category": "restoration-area", "acres": 31.04}, "geometry": {"type": "Polygon", "coordinates": [[[-96.206773, 28.71079], [-96.207889, 28.710113], [-96.208189, 28.710828], [-96.200808, 28.714403], [-96.200078, 28.714516], [-96.199735, 28.714215], [-96.199241, 28.713124], [-96.19922, 28.712672], [-96.199327, 28.712371], [-96.199692, 28.712164], [-96.200014, 28.712013], [-96.200336, 28.711995], [-96.202996, 28.711995], [-96.204069, 28.711901], [-96.204692, 28.71175], [-96.205786, 28.711355], [-96.206773, 28.71079]]]}}, {"id": "209", "type": "Feature", "properties": {"name": "SL20180020", "source": "Coastal_Lease_Polygon_C_TCMS", "category": "restoration-area", "acres": 0.04}, "geometry": {"type": "Polygon", "coordinates": [[[-96.219338, 28.697558], [-96.21936, 28.697487], [-96.219386, 28.697492], [-96.219365, 28.697567], [-96.219094, 28.697885], [-96.219035, 28.697899], [-96.219338, 28.697558]]]}}, {"id": "210", "type": "Feature", "properties": {"name": "SL20110051", "source": "Coastal_Lease_Polygon_C_TCMS", "category": "restoration-area", "acres": 54.67}, "geometry": {"type": "Polygon", "coordinates": [[[-95.886649, 28.712258], [-95.894717, 28.70712], [-95.896433, 28.708645], [-95.888172, 28.713707], [-95.886649, 28.712258]]]}}, {"id": "211", "type": "Feature", "properties": {"name": "SL20130042", "source": "Coastal_Lease_Polygon_C_TCMS", "category": "restoration-area", "acres": 52.45}, "geometry": {"type": "Polygon", "coordinates": [[[-95.523671, 28.864236], [-95.522469, 28.863973], [-95.521632, 28.863954], [-95.521332, 28.863709], [-95.521289, 28.863428], [-95.521289, 28.863202], [-95.524851, 28.862319], [-95.526203, 28.862018], [-95.526396, 28.861605], [-95.526847, 28.861323], [-95.529357, 28.860853], [-95.529615, 28.860684], [-95.530065, 28.860064], [-95.530838, 28.859162], [-95.531031, 28.859086], [-95.531202, 28.859124], [-95.53131, 28.85935], [-95.531396, 28.859895], [-95.531267, 28.860853], [-95.53116, 28.861436], [-95.530709, 28.861905], [-95.528155, 28.863334], [-95.525731, 28.864348], [-95.525023, 28.864574], [-95.524315, 28.864611], [-95.523671, 28.864236]]]}}, {"id": "212", "type": "Feature", "properties": {"name": "SL20120046", "source": "Coastal_Lease_Polygon_C_TCMS", "category": "restoration-area", "acres": 44.16}, "geometry": {"type": "Polygon", "coordinates": [[[-95.1659, 29.123249], [-95.166587, 29.120175], [-95.166587, 29.115226], [-95.166243, 29.113426], [-95.16693, 29.113501], [-95.167659, 29.1174], [-95.167574, 29.11935], [-95.167659, 29.120587], [-95.167917, 29.120625], [-95.167531, 29.122124], [-95.167187, 29.121974], [-95.166672, 29.123549], [-95.166115, 29.126735], [-95.165471, 29.127823], [-95.164612, 29.128497], [-95.163411, 29.127748], [-95.164226, 29.127185], [-95.1659, 29.123249]]]}}, {"id": "213", "type": "Feature", "properties": {"name": "SL20100061", "source": "Coastal_Lease_Polygon_C_TCMS", "category": "restoration-area", "acres": 0.73}, "geometry": {"type": "Polygon", "coordinates": [[[-95.972048, 28.676314], [-95.972141, 28.676227], [-95.972471, 28.676314], [-95.973348, 28.676798], [-95.973139, 28.676798], [-95.972981, 28.676909], [-95.972048, 28.676314]]]}}, {"id": "214", "type": "Feature", "properties": {"name": "SL20210033", "source": "Coastal_Lease_Polygon_C_TCMS", "category": "restoration-area", "acres": 7.6}, "geometry": {"type": "Polygon", "coordinates": [[[-97.16304, 28.058066], [-97.163496, 28.056954], [-97.165717, 28.057697], [-97.165234, 28.058819], [-97.16304, 28.058066]]]}}, {"id": "215", "type": "Feature", "properties": {"name": "SL20140017", "source": "Coastal_Lease_Polygon_C_TCMS", "category": "restoration-area", "acres": 0.04}, "geometry": {"type": "Polygon", "coordinates": [[[-97.212506, 28.091467], [-97.212553, 28.091448], [-97.212553, 28.091487], [-97.212632, 28.091508], [-97.212537, 28.09162], [-97.212451, 28.091557], [-97.212506, 28.091467]]]}}, {"id": "216", "type": "Feature", "properties": {"name": "SL20140017", "source": "Coastal_Lease_Polygon_C_TCMS", "category": "restoration-area", "acres": 0.0}, "geometry": {"type": "Polygon", "coordinates": [[[-97.212873, 28.09104], [-97.212941, 28.090968], [-97.212928, 28.091021], [-97.212873, 28.09104]]]}}, {"id": "217", "type": "Feature", "properties": {"name": "SL20140017", "source": "Coastal_Lease_Polygon_C_TCMS", "category": "restoration-area", "acres": 0.0}, "geometry": {"type": "Polygon", "coordinates": [[[-97.212923, 28.091136], [-97.213031, 28.090985], [-97.213038, 28.090989], [-97.212923, 28.091136]]]}}, {"id": "218", "type": "Feature", "properties": {"name": "SL20220041", "source": "Coastal_Lease_Polygon_C_TCMS", "category": "restoration-area", "acres": 5.07}, "geometry": {"type": "Polygon", "coordinates": [[[-96.264178, 28.674067], [-96.265041, 28.673549], [-96.266077, 28.67513], [-96.265218, 28.675639], [-96.264178, 28.674067]]]}}, {"id": "219", "type": "Feature", "properties": {"name": "SL20140032", "source": "Coastal_Lease_Polygon_C_TCMS", "category": "restoration-area", "acres": 51.16}, "geometry": {"type": "Polygon", "coordinates": [[[-97.046701, 27.864918], [-97.047431, 27.863477], [-97.04816, 27.863856], [-97.046573, 27.867195], [-97.045414, 27.869888], [-97.04477, 27.872354], [-97.044126, 27.874099], [-97.044212, 27.877969], [-97.0455, 27.884911], [-97.044598, 27.885138], [-97.044384, 27.884038], [-97.044212, 27.882673], [-97.043783, 27.880548], [-97.043611, 27.879297], [-97.043483, 27.878538], [-97.043483, 27.877703], [-97.043311, 27.876603], [-97.043311, 27.875882], [-97.043354, 27.875086], [-97.043354, 27.873948], [-97.043654, 27.872696], [-97.044083, 27.87152], [-97.044427, 27.87042], [-97.044727, 27.86913], [-97.045371, 27.868029], [-97.0461, 27.86617], [-97.046701, 27.864918]]]}}, {"id": "220", "type": "Feature", "properties": {"name": "SL20240083", "source": "Coastal_Lease_Polygon_C_TCMS", "category": "restoration-area", "acres": 9.79}, "geometry": {"type": "Polygon", "coordinates": [[[-94.700131, 29.450847], [-94.700511, 29.450062], [-94.704497, 29.451416], [-94.704132, 29.45222], [-94.700131, 29.450847]]]}}, {"id": "221", "type": "Feature", "properties": {"name": "SL20220042", "source": "Coastal_Lease_Polygon_C_TCMS", "category": "restoration-area", "acres": 1.74}, "geometry": {"type": "Polygon", "coordinates": [[[-97.517829, 27.866951], [-97.517994, 27.866656], [-97.518096, 27.866716], [-97.517947, 27.866991], [-97.51785, 27.867295], [-97.517378, 27.867686], [-97.516809, 27.868326], [-97.516758, 27.868651], [-97.516536, 27.868897], [-97.516305, 27.868988], [-97.515946, 27.869459], [-97.515653, 27.86967], [-97.515425, 27.870266], [-97.515415, 27.870422], [-97.515275, 27.870413], [-97.515297, 27.870225], [-97.515503, 27.86967], [-97.5156, 27.869526], [-97.515852, 27.869376], [-97.516214, 27.86889], [-97.516385, 27.868836], [-97.516659, 27.868513], [-97.516681, 27.868264], [-97.517169, 27.867682], [-97.517747, 27.867223], [-97.517829, 27.866951]]]}}, {"id": "222", "type": "Feature", "properties": {"name": "SL20220042", "source": "Coastal_Lease_Polygon_C_TCMS", "category": "restoration-area", "acres": 1.93}, "geometry": {"type": "Polygon", "coordinates": [[[-97.512145, 27.872543], [-97.513577, 27.872099], [-97.513618, 27.872218], [-97.512191, 27.872654], [-97.511354, 27.873306], [-97.510887, 27.873527], [-97.510426, 27.873655], [-97.508926, 27.8747], [-97.508779, 27.874899], [-97.508669, 27.874854], [-97.508798, 27.874634], [-97.510348, 27.873541], [-97.510823, 27.873425], [-97.511281, 27.873204], [-97.512145, 27.872543]]]}}, {"id": "223", "type": "Feature", "properties": {"name": "SL20220075", "source": "Coastal_Lease_Polygon_C_TCMS", "category": "restoration-area", "acres": 3.88}, "geometry": {"type": "Polygon", "coordinates": [[[-96.232738, 28.651782], [-96.234371, 28.650654], [-96.23487, 28.651191], [-96.233234, 28.652328], [-96.232738, 28.651782]]]}}, {"id": "224", "type": "Feature", "properties": {"name": "SL20230032", "source": "Coastal_Lease_Polygon_C_TCMS", "category": "restoration-area", "acres": 322.34}, "geometry": {"type": "Polygon", "coordinates": [[[-97.012008, 26.152147], [-97.023445, 26.152282], [-97.023273, 26.162586], [-97.011879, 26.162432], [-97.012008, 26.152147]]]}}, {"id": "225", "type": "Feature", "properties": {"name": "CE20030065", "source": "Coastal_Lease_Polygon_C_TCMS", "category": "restoration-area", "acres": 1.81}, "geometry": {"type": "Polygon", "coordinates": [[[-97.12882, 28.050896], [-97.129094, 28.05081], [-97.130467, 28.052837], [-97.130183, 28.052908], [-97.12882, 28.050896]]]}}, {"id": "226", "type": "Feature", "properties": {"name": "CL20140006", "source": "Coastal_Lease_Polygon_C_TCMS", "category": "restoration-area", "acres": 15.21}, "geometry": {"type": "Polygon", "coordinates": [[[-96.719132, 28.395518], [-96.720162, 28.394933], [-96.71278, 28.40471], [-96.712201, 28.404672], [-96.719132, 28.395518]]]}}, {"id": "227", "type": "Feature", "properties": {"name": "SL20210034", "source": "Coastal_Lease_Polygon_C_TCMS", "category": "restoration-area", "acres": 0.35}, "geometry": {"type": "Polygon", "coordinates": [[[-96.455141, 28.637005], [-96.455176, 28.636456], [-96.455442, 28.636487], [-96.455399, 28.636944], [-96.455141, 28.637005]]]}}, {"id": "228", "type": "Feature", "properties": {"name": "SL20210034", "source": "Coastal_Lease_Polygon_C_TCMS", "category": "restoration-area", "acres": 0.81}, "geometry": {"type": "Polygon", "coordinates": [[[-96.508242, 28.522874], [-96.508714, 28.522862], [-96.509188, 28.522935], [-96.507002, 28.523246], [-96.50734, 28.523065], [-96.507791, 28.522931], [-96.508242, 28.522874]]]}}, {"id": "229", "type": "Feature", "properties": {"name": "LC20230011", "source": "Coastal_Lease_Polygon_C_TCMS", "category": "restoration-area", "acres": 4.25}, "geometry": {"type": "Polygon", "coordinates": [[[-97.272767, 27.660554], [-97.271104, 27.659704], [-97.270895, 27.659647], [-97.270708, 27.659652], [-97.270316, 27.659533], [-97.270241, 27.659461], [-97.270203, 27.659338], [-97.270252, 27.659148], [-97.270541, 27.658868], [-97.270632, 27.658815], [-97.270831, 27.658858], [-97.271346, 27.659238], [-97.271255, 27.659324], [-97.27118, 27.659533], [-97.271244, 27.65968], [-97.272644, 27.660393], [-97.272891, 27.660402], [-97.273132, 27.660236], [-97.273588, 27.659642], [-97.274109, 27.658739], [-97.274307, 27.658212], [-97.274302, 27.657984], [-97.274345, 27.657851], [-97.27464, 27.657494], [-97.27486, 27.657333], [-97.275133, 27.657376], [-97.274994, 27.657404], [-97.274806, 27.657494], [-97.274666, 27.657656], [-97.274581, 27.657827], [-97.274597, 27.657917], [-97.27612, 27.658701], [-97.276083, 27.658787], [-97.274565, 27.65806], [-97.274468, 27.65816], [-97.274388, 27.658454], [-97.274157, 27.658915], [-97.273712, 27.65968], [-97.273127, 27.660378], [-97.272966, 27.660526], [-97.272859, 27.660569], [-97.272767, 27.660554]]]}}, {"id": "230", "type": "Feature", "properties": {"name": "LC20230011", "source": "Coastal_Lease_Polygon_C_TCMS", "category": "restoration-area", "acres": 2.3}, "geometry": {"type": "Polygon", "coordinates": [[[-97.277306, 27.655285], [-97.275316, 27.654905], [-97.275096, 27.655009], [-97.27486, 27.655076], [-97.274227, 27.654943], [-97.274168, 27.654876], [-97.274259, 27.654686], [-97.274253, 27.654458], [-97.274398, 27.654292], [-97.274479, 27.654249], [-97.274811, 27.654273], [-97.275053, 27.654325], [-97.27523, 27.654434], [-97.275181, 27.654539], [-97.275171, 27.654672], [-97.27523, 27.654786], [-97.275321, 27.654824], [-97.277322, 27.655218], [-97.277306, 27.655285]]]}}, {"id": "231", "type": "Feature", "properties": {"name": "SL20230054", "source": "Coastal_Lease_Polygon_C_TCMS", "category": "restoration-area", "acres": 4.02}, "geometry": {"type": "Polygon", "coordinates": [[[-96.367297, 28.625566], [-96.367608, 28.624406], [-96.368751, 28.624519], [-96.368582, 28.625764], [-96.367297, 28.625566]]]}}, {"id": "232", "type": "Feature", "properties": {"name": "SL20230054", "source": "Coastal_Lease_Polygon_C_TCMS", "category": "restoration-area", "acres": 3.89}, "geometry": {"type": "Polygon", "coordinates": [[[-96.371996, 28.62225], [-96.372261, 28.621016], [-96.373307, 28.621169], [-96.373195, 28.622457], [-96.371996, 28.62225]]]}}, {"id": "233", "type": "Feature", "properties": {"name": "SL20230054", "source": "Coastal_Lease_Polygon_C_TCMS", "category": "restoration-area", "acres": 2.62}, "geometry": {"type": "Polygon", "coordinates": [[[-96.368442, 28.621906], [-96.367967, 28.621798], [-96.367825, 28.621831], [-96.367514, 28.621353], [-96.367672, 28.621245], [-96.367801, 28.62083], [-96.36808, 28.620706], [-96.368294, 28.620795], [-96.368793, 28.621508], [-96.368729, 28.621775], [-96.368442, 28.621906]]]}}, {"id": "234", "type": "Feature", "properties": {"name": "SL20120034", "source": "Coastal_Lease_Polygon_C_TCMS", "category": "restoration-area", "acres": 1.1}, "geometry": {"type": "Polygon", "coordinates": [[[-97.168429, 27.762716], [-97.169947, 27.761738], [-97.170086, 27.76189], [-97.168429, 27.762986], [-97.168429, 27.762716]]]}}, {"id": "235", "type": "Feature", "properties": {"name": "SL20230055", "source": "Coastal_Lease_Polygon_C_TCMS", "category": "restoration-area", "acres": 2.08}, "geometry": {"type": "Polygon", "coordinates": [[[-97.040933, 27.942107], [-97.041965, 27.941375], [-97.042349, 27.94188], [-97.041292, 27.942569], [-97.040933, 27.942107]]]}}, {"id": "236", "type": "Feature", "properties": {"name": "SL20240006", "source": "Coastal_Lease_Polygon_C_TCMS", "category": "restoration-area", "acres": 30.72}, "geometry": {"type": "Polygon", "coordinates": [[[-96.959289, 28.044228], [-96.96093, 28.043574], [-96.963838, 28.049388], [-96.962207, 28.050032], [-96.959289, 28.044228]]]}}, {"id": "237", "type": "Feature", "properties": {"name": "SL20240014", "source": "Coastal_Lease_Polygon_C_TCMS", "category": "restoration-area", "acres": 13.0}, "geometry": {"type": "Polygon", "coordinates": [[[-96.223187, 28.61013], [-96.225178, 28.609004], [-96.226465, 28.610676], [-96.224561, 28.611858], [-96.223187, 28.61013]]]}}, {"id": "238", "type": "Feature", "properties": {"name": "SL20240015", "source": "Coastal_Lease_Polygon_C_TCMS", "category": "restoration-area", "acres": 12.21}, "geometry": {"type": "Polygon", "coordinates": [[[-96.226111, 28.608896], [-96.229324, 28.607629], [-96.230027, 28.608788], [-96.226878, 28.610022], [-96.226111, 28.608896]]]}}, {"id": "239", "type": "Feature", "properties": {"name": "SL20120020", "source": "Coastal_Lease_Polygon_C_TCMS", "category": "restoration-area", "acres": 90.83}, "geometry": {"type": "Polygon", "coordinates": [[[-96.229542, 28.572833], [-96.234606, 28.568518], [-96.238683, 28.571655], [-96.233662, 28.576046], [-96.229542, 28.572833]]]}}, {"id": "240", "type": "Feature", "properties": {"name": "SL20110004", "source": "Coastal_Lease_Polygon_C_TCMS", "category": "restoration-area", "acres": 202.93}, "geometry": {"type": "Polygon", "coordinates": [[[-96.233544, 28.567802], [-96.244509, 28.556871], [-96.249015, 28.559792], [-96.236891, 28.570591], [-96.233544, 28.567802]]]}}, {"id": "241", "type": "Feature", "properties": {"name": "SL20230030", "source": "Coastal_Lease_Polygon_C_TCMS", "category": "restoration-area", "acres": 5.03}, "geometry": {"type": "Polygon", "coordinates": [[[-97.172567, 28.103109], [-97.17401, 28.103128], [-97.173994, 28.10441], [-97.172535, 28.104396], [-97.172567, 28.103109]]]}}, {"id": "242", "type": "Feature", "properties": {"name": "SL20230048", "source": "Coastal_Lease_Polygon_C_TCMS", "category": "restoration-area", "acres": 5.07}, "geometry": {"type": "Polygon", "coordinates": [[[-97.020045, 28.157321], [-97.020377, 28.156361], [-97.022158, 28.156839], [-97.021836, 28.157808], [-97.020045, 28.157321]]]}}, {"id": "243", "type": "Feature", "properties": {"name": "SL20230042", "source": "Coastal_Lease_Polygon_C_TCMS", "category": "restoration-area", "acres": 2.04}, "geometry": {"type": "Polygon", "coordinates": [[[-97.051669, 28.105665], [-97.052463, 28.105481], [-97.052774, 28.106375], [-97.051999, 28.10655], [-97.051669, 28.105665]]]}}, {"id": "244", "type": "Feature", "properties": {"name": "SL20230004", "source": "Coastal_Lease_Polygon_C_TCMS", "category": "restoration-area", "acres": 4.07}, "geometry": {"type": "Polygon", "coordinates": [[[-96.944894, 28.113948], [-96.945768, 28.113504], [-96.946632, 28.114781], [-96.945779, 28.115245], [-96.944894, 28.113948]]]}}, {"id": "245", "type": "Feature", "properties": {"name": "SL20230053", "source": "Coastal_Lease_Polygon_C_TCMS", "category": "restoration-area", "acres": 2.09}, "geometry": {"type": "Polygon", "coordinates": [[[-95.154917, 29.134103], [-95.15555, 29.133906], [-95.156, 29.134993], [-95.155362, 29.135195], [-95.154917, 29.134103]]]}}, {"id": "246", "type": "Feature", "properties": {"name": "SL20240042", "source": "Coastal_Lease_Polygon_C_TCMS", "category": "restoration-area", "acres": 20.4}, "geometry": {"type": "Polygon", "coordinates": [[[-94.688998, 29.467834], [-94.690876, 29.465835], [-94.693193, 29.467441], [-94.691316, 29.46945], [-94.688998, 29.467834]]]}}, {"id": "247", "type": "Feature", "properties": {"name": "SL20240055", "source": "Coastal_Lease_Polygon_C_TCMS", "category": "restoration-area", "acres": 4.98}, "geometry": {"type": "Polygon", "coordinates": [[[-94.648, 29.480981], [-94.648172, 29.479725], [-94.649626, 29.479863], [-94.649457, 29.481145], [-94.648, 29.480981]]]}}, {"id": "248", "type": "Feature", "properties": {"name": "SL20240057", "source": "Coastal_Lease_Polygon_C_TCMS", "category": "restoration-area", "acres": 10.06}, "geometry": {"type": "Polygon", "coordinates": [[[-97.134861, 28.142217], [-97.139077, 28.141238], [-97.139324, 28.142057], [-97.135108, 28.143055], [-97.134861, 28.142217]]]}}, {"id": "249", "type": "Feature", "properties": {"name": "SL20240058", "source": "Coastal_Lease_Polygon_C_TCMS", "category": "restoration-area", "acres": 1.91}, "geometry": {"type": "Polygon", "coordinates": [[[-96.219007, 28.617664], [-96.219463, 28.617278], [-96.220364, 28.618069], [-96.219914, 28.61846], [-96.219007, 28.617664]]]}}, {"id": "250", "type": "Feature", "properties": {"name": "SL20240064", "source": "Coastal_Lease_Polygon_C_TCMS", "category": "restoration-area", "acres": 55.3}, "geometry": {"type": "Polygon", "coordinates": [[[-97.163465, 27.733701], [-97.163508, 27.733606], [-97.166084, 27.734385], [-97.164105, 27.73957], [-97.162343, 27.742342], [-97.160762, 27.742418], [-97.163465, 27.733701]]]}}, {"id": "251", "type": "Feature", "properties": {"name": "SL20240065", "source": "Coastal_Lease_Polygon_C_TCMS", "category": "restoration-area", "acres": 18.46}, "geometry": {"type": "MultiPolygon", "coordinates": [[[[-96.251657, 28.644362], [-96.245133, 28.643461], [-96.238546, 28.643254], [-96.238481, 28.64284], [-96.244983, 28.642953], [-96.251892, 28.643725], [-96.251657, 28.644362]]], [[[-96.251657, 28.644362], [-96.251678, 28.644365], [-96.251656, 28.644365], [-96.251657, 28.644362]]]]}}, {"id": "252", "type": "Feature", "properties": {"name": "SL20240065", "source": "Coastal_Lease_Polygon_C_TCMS", "category": "restoration-area", "acres": 35.82}, "geometry": {"type": "Polygon", "coordinates": [[[-96.224828, 28.635995], [-96.225643, 28.635769], [-96.237767, 28.64285], [-96.238003, 28.644281], [-96.237938, 28.645562], [-96.23723, 28.647181], [-96.233196, 28.646936], [-96.233368, 28.646541], [-96.236789, 28.646597], [-96.237261, 28.645204], [-96.237133, 28.643132], [-96.233056, 28.640835], [-96.224828, 28.635995]]]}}, {"id": "253", "type": "Feature", "properties": {"name": "SL20240063", "source": "Coastal_Lease_Polygon_C_TCMS", "category": "restoration-area", "acres": 1426.08}, "geometry": {"type": "Polygon", "coordinates": [[[-96.989384, 27.788248], [-97.006636, 27.762656], [-97.021828, 27.771086], [-97.004233, 27.796449], [-96.989384, 27.788248]]]}}, {"id": "254", "type": "Feature", "properties": {"name": "SL20200039", "source": "Coastal_Lease_Polygon_C_TCMS", "category": "restoration-area", "acres": 126.17}, "geometry": {"type": "Polygon", "coordinates": [[[-94.914259, 29.55629], [-94.916899, 29.553685], [-94.926404, 29.563659], [-94.923763, 29.565668], [-94.914259, 29.55629]]]}}, {"id": "255", "type": "Feature", "properties": {"name": "SL20200039", "source": "Coastal_Lease_Polygon_C_TCMS", "category": "restoration-area", "acres": 28.15}, "geometry": {"type": "Polygon", "coordinates": [[[-94.871574, 29.479828], [-94.874321, 29.477549], [-94.876509, 29.480313], [-94.873248, 29.481733], [-94.871574, 29.479828]]]}}, {"id": "256", "type": "Feature", "properties": {"name": "SL20200039", "source": "Coastal_Lease_Polygon_C_TCMS", "category": "restoration-area", "acres": 71.36}, "geometry": {"type": "Polygon", "coordinates": [[[-94.868141, 29.460586], [-94.874106, 29.457821], [-94.876295, 29.461408], [-94.870372, 29.464024], [-94.868141, 29.460586]]]}}, {"id": "257", "type": "Feature", "properties": {"name": "SL20200039", "source": "Coastal_Lease_Polygon_C_TCMS", "category": "restoration-area", "acres": 51.93}, "geometry": {"type": "Polygon", "coordinates": [[[-94.868956, 29.439659], [-94.872561, 29.432894], [-94.875007, 29.434688], [-94.871359, 29.440331], [-94.868956, 29.439659]]]}}, {"id": "258", "type": "Feature", "properties": {"name": "SL20200039", "source": "Coastal_Lease_Polygon_C_TCMS", "category": "restoration-area", "acres": 141.48}, "geometry": {"type": "Polygon", "coordinates": [[[-94.81667, 29.468929], [-94.823322, 29.462427], [-94.827785, 29.466164], [-94.821391, 29.472478], [-94.81667, 29.468929]]]}}, {"id": "259", "type": "Feature", "properties": {"name": "SL20200039", "source": "Coastal_Lease_Polygon_C_TCMS", "category": "restoration-area", "acres": 53.96}, "geometry": {"type": "Polygon", "coordinates": [[[-94.819316, 29.503227], [-94.822921, 29.499473], [-94.824788, 29.503096], [-94.816033, 29.507055], [-94.819316, 29.503227]]]}}, {"id": "260", "type": "Feature", "properties": {"name": "SL20200039", "source": "Coastal_Lease_Polygon_C_TCMS", "category": "restoration-area", "acres": 242.12}, "geometry": {"type": "Polygon", "coordinates": [[[-94.700477, 29.483929], [-94.70288, 29.477802], [-94.715068, 29.483742], [-94.711677, 29.490168], [-94.700477, 29.483929]]]}}, {"id": "261", "type": "Feature", "properties": {"name": "SL20080010", "source": "Coastal_Lease_Polygon_C_TCMS", "category": "restoration-area", "acres": 624.85}, "geometry": {"type": "Polygon", "coordinates": [[[-97.144304, 26.124116], [-97.159754, 26.122305], [-97.161943, 26.136754], [-97.14645, 26.138603], [-97.144304, 26.124116]]]}}, {"id": "262", "type": "Feature", "properties": {"name": "SL20220073", "source": "Coastal_Lease_Polygon_C_TCMS", "category": "restoration-area", "acres": 0.38}, "geometry": {"type": "Polygon", "coordinates": [[[-97.37354, 27.74849], [-97.373607, 27.748472], [-97.37465, 27.75028], [-97.374587, 27.750305], [-97.37354, 27.74849]]]}}, {"id": "263", "type": "Feature", "properties": {"name": "SL20240078", "source": "Coastal_Lease_Polygon_C_TCMS", "category": "restoration-area", "acres": 0.14}, "geometry": {"type": "Polygon", "coordinates": [[[-97.055176, 27.826891], [-97.055257, 27.826837], [-97.055316, 27.826847], [-97.05533, 27.826867], [-97.055019, 27.827212], [-97.055049, 27.827291], [-97.055039, 27.827315], [-97.054955, 27.827239], [-97.054953, 27.827161], [-97.054979, 27.827095], [-97.055176, 27.826891]]]}}, {"id": "264", "type": "Feature", "properties": {"name": "SL20250029", "source": "Coastal_Lease_Polygon_C_TCMS", "category": "restoration-area", "acres": 1.01}, "geometry": {"type": "Polygon", "coordinates": [[[-97.269456, 26.093618], [-97.270041, 26.093396], [-97.270282, 26.09394], [-97.269687, 26.094147], [-97.269456, 26.093618]]]}}, {"id": "265", "type": "Feature", "properties": {"name": "SL20250032", "source": "Coastal_Lease_Polygon_C_TCMS", "category": "restoration-area", "acres": 5.13}, "geometry": {"type": "Polygon", "coordinates": [[[-96.921918, 28.097019], [-96.922926, 28.096923], [-96.923106, 28.098757], [-96.922056, 28.098852], [-96.921918, 28.097019]]]}}, {"id": "266", "type": "Feature", "properties": {"name": "SL20250026", "source": "Coastal_Lease_Polygon_C_TCMS", "category": "restoration-area", "acres": 5.09}, "geometry": {"type": "Polygon", "coordinates": [[[-96.219791, 28.612031], [-96.220499, 28.611579], [-96.221936, 28.613397], [-96.221239, 28.61382], [-96.219791, 28.612031]]]}}, {"id": "267", "type": "Feature", "properties": {"name": "SL20250030", "source": "Coastal_Lease_Polygon_C_TCMS", "category": "restoration-area", "acres": 5.23}, "geometry": {"type": "Polygon", "coordinates": [[[-96.221142, 28.611174], [-96.221872, 28.610731], [-96.22332, 28.612558], [-96.222612, 28.612992], [-96.221142, 28.611174]]]}}, {"id": "268", "type": "Feature", "properties": {"name": "CL20050011", "source": "Coastal_Lease_Polygon_C_TCMS", "category": "restoration-area", "acres": 26.62}, "geometry": {"type": "Polygon", "coordinates": [[[-96.099416, 28.627316], [-96.101004, 28.626525], [-96.101155, 28.626769], [-96.099374, 28.627843], [-96.097378, 28.629237], [-96.095061, 28.630574], [-96.093194, 28.631742], [-96.09049, 28.633154], [-96.087078, 28.634661], [-96.082615, 28.636111], [-96.079847, 28.636864], [-96.077208, 28.637467], [-96.074998, 28.637731], [-96.074955, 28.637505], [-96.077487, 28.637034], [-96.080598, 28.636318], [-96.083516, 28.635527], [-96.086542, 28.634473], [-96.089374, 28.633343], [-96.090855, 28.632608], [-96.09328, 28.631196], [-96.095061, 28.630103], [-96.097399, 28.628822], [-96.099416, 28.627316]]]}}, {"id": "269", "type": "Feature", "properties": {"name": "SL20250023", "source": "Coastal_Lease_Polygon_C_TCMS", "category": "restoration-area", "acres": 0.99}, "geometry": {"type": "Polygon", "coordinates": [[[-97.37025, 27.744745], [-97.370315, 27.744698], [-97.373608, 27.748467], [-97.373544, 27.748496], [-97.37025, 27.744745]]]}}, {"id": "270", "type": "Feature", "properties": {"name": "LC20150009", "source": "Coastal_Lease_Polygon_C_TCMS", "category": "restoration-area", "acres": 0.38}, "geometry": {"type": "Polygon", "coordinates": [[[-97.295135, 27.61612], [-97.295188, 27.616025], [-97.296366, 27.616583], [-97.296309, 27.616676], [-97.295135, 27.61612]]]}}, {"id": "271", "type": "Feature", "properties": {"name": "LC20150009", "source": "Coastal_Lease_Polygon_C_TCMS", "category": "restoration-area", "acres": 0.37}, "geometry": {"type": "Polygon", "coordinates": [[[-97.295786, 27.616714], [-97.295896, 27.616586], [-97.296063, 27.616619], [-97.296143, 27.616648], [-97.296272, 27.616747], [-97.296103, 27.617078], [-97.295961, 27.616973], [-97.295824, 27.616804], [-97.295832, 27.616776], [-97.295786, 27.616714]]]}}, {"id": "272", "type": "Feature", "properties": {"name": "LC20240016", "source": "Coastal_Lease_Polygon_C_TCMS", "category": "restoration-area", "acres": 6.18}, "geometry": {"type": "Polygon", "coordinates": [[[-97.296415, 27.611258], [-97.296463, 27.61113], [-97.296672, 27.611125], [-97.29701, 27.611144], [-97.297225, 27.611201], [-97.295481, 27.610169], [-97.295583, 27.610041], [-97.297391, 27.611101], [-97.297418, 27.611068], [-97.297353, 27.610949], [-97.297343, 27.610821], [-97.297375, 27.610702], [-97.297477, 27.610592], [-97.297616, 27.610569], [-97.297718, 27.610588], [-97.297788, 27.610654], [-97.297766, 27.610825], [-97.297917, 27.610925], [-97.297852, 27.611168], [-97.297884, 27.611267], [-97.297509, 27.61247], [-97.29731, 27.612836], [-97.297219, 27.613202], [-97.297053, 27.613159], [-97.296903, 27.613064], [-97.296796, 27.612898], [-97.296758, 27.612655], [-97.296838, 27.612456], [-97.296844, 27.612289], [-97.296817, 27.612142], [-97.296844, 27.611857], [-97.296581, 27.611467], [-97.296415, 27.611258]]]}}, {"id": "273", "type": "Feature", "properties": {"name": "CE20000246", "source": "Coastal_Lease_Polygon_C_TCMS", "category": "restoration-area", "acres": 0.55}, "geometry": {"type": "Polygon", "coordinates": [[[-97.296924, 27.610312], [-97.296951, 27.61016], [-97.298244, 27.610417], [-97.29819, 27.610569], [-97.296924, 27.610312]]]}}, {"id": "274", "type": "Feature", "properties": {"name": "SL20130058", "source": "Coastal_Lease_Polygon_C_TCMS", "category": "restoration-area", "acres": 146.66}, "geometry": {"type": "Polygon", "coordinates": [[[-94.661546, 29.483258], [-94.667726, 29.483183], [-94.667984, 29.491028], [-94.65777, 29.491177], [-94.657684, 29.489496], [-94.661804, 29.489459], [-94.661546, 29.483258]]]}}, {"id": "275", "type": "Feature", "properties": {"name": "SL20250064", "source": "Coastal_Lease_Polygon_C_TCMS", "category": "restoration-area", "acres": 273.74}, "geometry": {"type": "Polygon", "coordinates": [[[-94.709821, 29.364675], [-94.690488, 29.354024], [-94.690445, 29.354024], [-94.690423, 29.353978], [-94.690166, 29.348797], [-94.694329, 29.350087], [-94.695959, 29.350966], [-94.696689, 29.352799], [-94.698448, 29.352051], [-94.69892, 29.353735], [-94.701238, 29.355062], [-94.704714, 29.356203], [-94.705165, 29.357101], [-94.705057, 29.358055], [-94.705787, 29.35826], [-94.70613, 29.359383], [-94.707225, 29.359009], [-94.707804, 29.360374], [-94.708705, 29.361178], [-94.709134, 29.359532], [-94.710808, 29.359027], [-94.711859, 29.359682], [-94.7101, 29.360262], [-94.710937, 29.361926], [-94.709821, 29.364675]]]}}, {"id": "276", "type": "Feature", "properties": {"name": "SL20250027", "source": "Coastal_Lease_Polygon_C_TCMS", "category": "restoration-area", "acres": 4.01}, "geometry": {"type": "Polygon", "coordinates": [[[-96.963197, 28.066942], [-96.961601, 28.066431], [-96.961685, 28.066266], [-96.96158, 28.066218], [-96.961499, 28.066133], [-96.961486, 28.065951], [-96.961529, 28.065842], [-96.961591, 28.06579], [-96.961725, 28.065745], [-96.961851, 28.065764], [-96.963656, 28.066377], [-96.963728, 28.066412], [-96.963774, 28.066457], [-96.963806, 28.06658], [-96.963801, 28.066639], [-96.963712, 28.066772], [-96.963602, 28.066838], [-96.963533, 28.066851], [-96.96344, 28.066848], [-96.963255, 28.066806], [-96.963197, 28.066942]]]}}, {"id": "277", "type": "Feature", "properties": {"name": "SL950008", "source": "Coastal_Lease_Polygon_C_TCMS", "category": "restoration-area", "acres": 161.86}, "geometry": {"type": "Polygon", "coordinates": [[[-97.003388, 27.642689], [-97.011617, 27.642794], [-97.011413, 27.650112], [-97.003292, 27.649998], [-97.003388, 27.642689]]]}}, {"id": "278", "type": "Feature", "properties": {"name": "SL20250046", "source": "Coastal_Lease_Polygon_C_TCMS", "category": "restoration-area", "acres": 2.28}, "geometry": {"type": "Polygon", "coordinates": [[[-97.251206, 27.657417], [-97.251784, 27.657303], [-97.251916, 27.65734], [-97.251942, 27.657526], [-97.251701, 27.657939], [-97.251481, 27.658148], [-97.251024, 27.658381], [-97.250769, 27.658273], [-97.250665, 27.657892], [-97.250852, 27.657645], [-97.251206, 27.657417]]]}}, {"id": "279", "type": "Feature", "properties": {"name": "SL20250061", "source": "Coastal_Lease_Polygon_C_TCMS", "category": "restoration-area", "acres": 61.3}, "geometry": {"type": "Polygon", "coordinates": [[[-96.457896, 28.600689], [-96.464033, 28.593869], [-96.46605, 28.595377], [-96.459914, 28.602159], [-96.457896, 28.600689]]]}}, {"id": "280", "type": "Feature", "properties": {"name": "SL20250063", "source": "Coastal_Lease_Polygon_C_TCMS", "category": "restoration-area", "acres": 5.22}, "geometry": {"type": "Polygon", "coordinates": [[[-96.257235, 28.593562], [-96.259413, 28.592469], [-96.259842, 28.593128], [-96.257675, 28.594249], [-96.257235, 28.593562]]]}}, {"id": "281", "type": "Feature", "properties": {"name": "SL20250067", "source": "Coastal_Lease_Polygon_C_TCMS", "category": "restoration-area", "acres": 8.05}, "geometry": {"type": "Polygon", "coordinates": [[[-96.490271, 28.601076], [-96.49129, 28.599927], [-96.493039, 28.600954], [-96.491966, 28.602065], [-96.490271, 28.601076]]]}}, {"id": "282", "type": "Feature", "properties": {"name": "SL20250068", "source": "Coastal_Lease_Polygon_C_TCMS", "category": "restoration-area", "acres": 2.13}, "geometry": {"type": "Polygon", "coordinates": [[[-95.92645, 28.692095], [-95.927019, 28.691761], [-95.92777, 28.692712], [-95.927212, 28.693055], [-95.92645, 28.692095]]]}}, {"id": "283", "type": "Feature", "properties": {"name": "SL20250047", "source": "Coastal_Lease_Polygon_C_TCMS", "category": "restoration-area", "acres": 139.73}, "geometry": {"type": "Polygon", "coordinates": [[[-97.389715, 26.488141], [-97.394222, 26.487104], [-97.397397, 26.497763], [-97.392891, 26.498742], [-97.389715, 26.488141]]]}}, {"id": "284", "type": "Feature", "properties": {"name": "SL20250047", "source": "Coastal_Lease_Polygon_C_TCMS", "category": "restoration-area", "acres": 2.56}, "geometry": {"type": "Polygon", "coordinates": [[[-97.387339, 26.490701], [-97.387108, 26.490633], [-97.386749, 26.490091], [-97.387124, 26.490614], [-97.387366, 26.490681], [-97.387661, 26.490662], [-97.3878, 26.490542], [-97.387924, 26.489639], [-97.387822, 26.490677], [-97.387784, 26.490806], [-97.38765, 26.490965], [-97.387688, 26.491137], [-97.387795, 26.49119], [-97.387924, 26.491349], [-97.387999, 26.491526], [-97.387993, 26.491747], [-97.387806, 26.491968], [-97.387505, 26.492016], [-97.387248, 26.491968], [-97.387044, 26.4918], [-97.38698, 26.491546], [-97.387087, 26.491296], [-97.387339, 26.491099], [-97.387339, 26.490701]]]}}, {"id": "285", "type": "Feature", "properties": {"name": "SL20250054", "source": "Coastal_Lease_Polygon_C_TCMS", "category": "restoration-area", "acres": 43.93}, "geometry": {"type": "Polygon", "coordinates": [[[-96.382747, 28.618362], [-96.395321, 28.611317], [-96.395707, 28.611656], [-96.383047, 28.618776], [-96.376438, 28.625783], [-96.37588, 28.626763], [-96.375966, 28.627139], [-96.384635, 28.631283], [-96.384335, 28.631622], [-96.375537, 28.627365], [-96.375365, 28.626763], [-96.376095, 28.625557], [-96.382747, 28.618362]]]}}, {"id": "286", "type": "Feature", "properties": {"name": "CL870002", "source": "Coastal_Lease_Polygon_C_TCMS", "category": "restoration-area", "acres": 6.23}, "geometry": {"type": "Polygon", "coordinates": [[[-96.406569, 28.426219], [-96.407062, 28.426144], [-96.407674, 28.427361], [-96.407942, 28.427691], [-96.40821, 28.427936], [-96.408715, 28.428144], [-96.409315, 28.428333], [-96.411332, 28.428785], [-96.410935, 28.429135], [-96.408757, 28.428578], [-96.4082, 28.42837], [-96.40777, 28.428097], [-96.407416, 28.427776], [-96.407148, 28.427361], [-96.406569, 28.426219]]]}}, {"id": "287", "type": "Feature", "properties": {"name": "CL870002", "source": "Coastal_Lease_Polygon_C_TCMS", "category": "restoration-area", "acres": 6.55}, "geometry": {"type": "Polygon", "coordinates": [[[-96.418188, 28.401562], [-96.418885, 28.401279], [-96.419744, 28.404129], [-96.418907, 28.40445], [-96.418188, 28.401562]]]}}, {"id": "288", "type": "Feature", "properties": {"name": "CL20250005", "source": "Coastal_Lease_Polygon_C_TCMS", "category": "restoration-area", "acres": 1.52}, "geometry": {"type": "Polygon", "coordinates": [[[-97.317174, 27.691685], [-97.317507, 27.69116], [-97.3177, 27.691267], [-97.318113, 27.691417], [-97.31829, 27.691597], [-97.317976, 27.692086], [-97.317174, 27.691685]]]}}, {"id": "289", "type": "Feature", "properties": {"name": "CL20250009", "source": "Coastal_Lease_Polygon_C_TCMS", "category": "restoration-area", "acres": 3.88}, "geometry": {"type": "Polygon", "coordinates": [[[-96.618553, 28.618322], [-96.61749, 28.616947], [-96.616954, 28.616062], [-96.616761, 28.615356], [-96.616686, 28.614852], [-96.61668, 28.614484], [-96.616793, 28.613915], [-96.617206, 28.613397], [-96.617324, 28.613411], [-96.617346, 28.613519], [-96.616981, 28.613971], [-96.616916, 28.614522], [-96.616932, 28.615214], [-96.617126, 28.615855], [-96.617426, 28.616448], [-96.617941, 28.61723], [-96.618638, 28.618115], [-96.618778, 28.618068], [-96.618992, 28.618247], [-96.618467, 28.618944], [-96.618231, 28.618991], [-96.618156, 28.61885], [-96.618198, 28.618765], [-96.618553, 28.618322]]]}}, {"id": "290", "type": "Feature", "properties": {"name": "CL20250009", "source": "Coastal_Lease_Polygon_C_TCMS", "category": "restoration-area", "acres": 6.3}, "geometry": {"type": "Polygon", "coordinates": [[[-96.621616, 28.620376], [-96.621873, 28.62031], [-96.622238, 28.620328], [-96.622485, 28.620394], [-96.622817, 28.620545], [-96.623096, 28.620715], [-96.623085, 28.620818], [-96.622989, 28.621054], [-96.62301, 28.621298], [-96.623085, 28.621468], [-96.623203, 28.621581], [-96.623322, 28.621628], [-96.623332, 28.621826], [-96.623139, 28.622165], [-96.622485, 28.621892], [-96.621541, 28.621346], [-96.621283, 28.621101], [-96.621251, 28.62078], [-96.621401, 28.620507], [-96.621616, 28.620376]]]}}, {"id": "291", "type": "Feature", "properties": {"name": "SL20100031", "source": "Coastal_Lease_Polygon_C_TCMS", "category": "restoration-area", "acres": 0.34}, "geometry": {"type": "Polygon", "coordinates": [[[-97.170223, 26.104499], [-97.170339, 26.104478], [-97.170551, 26.104808], [-97.170502, 26.104829], [-97.170918, 26.105593], [-97.170838, 26.105619], [-97.170223, 26.104499]]]}}, {"id": "292", "type": "Feature", "properties": {"name": "LC20080001", "source": "Coastal_Lease_Polygon_C_TCMS", "category": "restoration-area", "acres": 0.12}, "geometry": {"type": "Polygon", "coordinates": [[[-97.174727, 26.126991], [-97.174842, 26.126322], [-97.174901, 26.126329], [-97.174794, 26.126994], [-97.174727, 26.126991]]]}}, {"id": "0", "type": "Feature", "properties": {"name": "Hannas Reef Permit Area", "source": "Hannas Reef Permit Area", "category": "restoration-area", "acres": 100.01}, "geometry": {"type": "Polygon", "coordinates": [[[-94.737738, 29.499152], [-94.735203, 29.500879], [-94.729192, 29.493202], [-94.733579, 29.490948], [-94.737738, 29.499152]]]}}]}